date,state,positive,probableCases,negative,pending,totalTestResultsSource,totalTestResults,hospitalizedCurrently,hospitalizedCumulative,inIcuCurrently,inIcuCumulative,onVentilatorCurrently,onVentilatorCumulative,recovered,lastUpdateEt,dateModified,checkTimeEt,death,hospitalized,dateChecked,totalTestsViral,positiveTestsViral,negativeTestsViral,positiveCasesViral,deathConfirmed,deathProbable,totalTestEncountersViral,totalTestsPeopleViral,totalTestsAntibody,positiveTestsAntibody,negativeTestsAntibody,totalTestsPeopleAntibody,positiveTestsPeopleAntibody,negativeTestsPeopleAntibody,totalTestsPeopleAntigen,positiveTestsPeopleAntigen,totalTestsAntigen,positiveTestsAntigen,fips,positiveIncrease,negativeIncrease,total,totalTestResultsIncrease,posNeg,dataQualityGrade,deathIncrease,hospitalizedIncrease,hash,commercialScore,negativeRegularScore,negativeScore,positiveScore,score,grade
20210214,MO,471241,,1820443,,totalTestsViral,4331743,1438,,305,,207,,,2/14/2021 00:59,2021-02-14T00:59:00Z,02/13 19:59,7455,,2021-02-14T00:59:00Z,4331743,520075,3802479,471241,,,,2291684,144711,22266,122257,130372,,,317603,,753372,77161,29,489,2829,2291684,10569,2291684,,2,0,98cb177385523ab1334c887ef9ef94f222a510b2,0,0,0,0,0,
20210213,MO,470752,,1817614,,totalTestsViral,4321174,1490,,327,,211,,,2/13/2021 00:59,2021-02-13T00:59:00Z,02/12 19:59,7453,,2021-02-13T00:59:00Z,4321174,519546,3792467,470752,,,,2288366,144507,22193,122126,130204,,,315781,,748734,76962,29,645,2745,2288366,10112,2288366,,11,0,4ee86c3655d77b5d1c4309b14c9beb4392598046,0,0,0,0,0,
20210212,MO,470107,,1814869,,totalTestsViral,4311062,1466,,328,,208,,,2/12/2021 00:59,2021-02-12T00:59:00Z,02/11 19:59,7442,,2021-02-12T00:59:00Z,4311062,518852,3783070,470107,,,,2284976,144038,22059,121792,129834,,,313694,,738701,76741,29,884,3684,2284976,16417,2284976,,11,0,bb9eedbc65f443ec6bbb1aeca702103869d07308,0,0,0,0,0,
20210211,MO,469223,,1811185,,totalTestsViral,4294645,1488,,319,,200,,,2/11/2021 00:59,2021-02-11T00:59:00Z,02/10 19:59,7431,,2021-02-11T00:59:00Z,4294645,517881,3767653,469223,,,,2280408,143609,21906,121516,129496,,,311278,,731148,76365,29,1034,4089,2280408,18087,2280408,,270,0,42bca5b06585eea9429613edaa41d0ad9448e891,0,0,0,0,0,
20210210,MO,468189,,1807096,,totalTestsViral,4276558,1502,,323,,199,,,2/10/2021 00:59,2021-02-10T00:59:00Z,02/09 19:59,7161,,2021-02-10T00:59:00Z,4276558,516745,3750732,468189,,,,2275285,143104,21734,121183,129124,,,308002,,720611,75894,29,876,3334,2275285,11473,2275285,,12,0,8057a7f4a8b16b46f8de717bf4770aec1c5c225a,0,0,0,0,0,
20210209,MO,467313,,1803762,,totalTestsViral,4265085,1538,,327,,188,,,2/9/2021 00:59,2021-02-09T00:59:00Z,02/08 19:59,7149,,2021-02-09T00:59:00Z,4265085,515809,3740205,467313,,,,2271075,142369,21568,120614,128583,,,303767,,708780,75308,29,649,2182,2271075,8247,2271075,,6,0,17ba8ffb7833883602c7662ee419fb00ba39e805,0,0,0,0,0,
20210208,MO,466664,,1801580,,totalTestsViral,4256838,1587,,329,,194,,,2/8/2021 00:59,2021-02-08T00:59:00Z,02/07 19:59,7143,,2021-02-08T00:59:00Z,4256838,515102,3732692,466664,,,,2268244,141790,21420,120183,128151,,,301641,,703232,74997,29,447,2428,2268244,7307,2268244,,0,0,f5ee75597c90379f7a9eebc5c9104cc08f571b00,0,0,0,0,0,
20210207,MO,466217,,1799152,,totalTestsViral,4249531,1637,,348,,210,,,2/7/2021 00:59,2021-02-07T00:59:00Z,02/06 19:59,7143,,2021-02-07T00:59:00Z,4249531,514614,3725886,466217,,,,2265369,141657,21351,120119,128051,,,300966,,701782,74876,29,769,3234,2265369,11676,2265369,,1,0,3abab92d46bb45af4b4b1ed09b5ce92e951599bf,0,0,0,0,0,
20210206,MO,465448,,1795918,,totalTestsViral,4237855,1666,,353,,220,,,2/6/2021 00:59,2021-02-06T00:59:00Z,02/05 19:59,7142,,2021-02-06T00:59:00Z,4237855,513798,3715054,465448,,,,2261366,141259,21197,119875,127745,,,298947,,697891,74535,29,1004,3606,2261366,14508,2261366,,12,0,b60bd6af827461098bd94b39e086fcbac61a965f,0,0,0,0,0,
20210205,MO,464444,,1792312,,totalTestsViral,4223347,1682,,364,,224,,,2/5/2021 00:59,2021-02-05T00:59:00Z,02/04 19:59,7130,,2021-02-05T00:59:00Z,4223347,512724,3701664,464444,,,,2256756,140060,20915,118958,126852,,,294156,,685880,73638,29,1325,4803,2256756,20146,2256756,,13,0,5c1e66b02740d22b3a7ba592051f12091cd0e715,0,0,0,0,0,
20210204,MO,463119,,1787509,,totalTestsViral,4203201,1675,,381,,229,,,2/4/2021 00:59,2021-02-04T00:59:00Z,02/03 19:59,7117,,2021-02-04T00:59:00Z,4203201,511341,3682943,463119,,,,2250628,139265,20662,118416,126251,,,289886,,676537,72867,29,1399,3690,2250628,17560,2250628,,19,0,26e3f9625d6155127056117ab6ba5512953cd71d,0,0,0,0,0,
20210203,MO,461720,,1783819,,totalTestsViral,4185641,1680,,386,,232,,,2/3/2021 00:59,2021-02-03T00:59:00Z,02/02 19:59,7098,,2021-02-03T00:59:00Z,4185641,509816,3666943,461720,,,,2245539,138749,20444,118118,125831,,,286721,,662502,72355,29,1233,3747,2245539,12358,2245539,,10,0,97430058b62eb49c8a78e78e89a0c222ed6b4359,0,0,0,0,0,
20210202,MO,460487,,1780072,,totalTestsViral,4173283,1746,,398,,236,,,2/2/2021 00:59,2021-02-02T00:59:00Z,02/01 19:59,7088,,2021-02-02T00:59:00Z,4173283,508482,3655928,460487,,,,2240559,138167,20281,117699,125388,,,282015,,648239,71453,29,890,2022,2240559,7771,2240559,,340,0,246f538c03f76a2b101eaa20b0ab56640931cec9,0,0,0,0,0,
20210201,MO,459597,,1778050,,totalTestsViral,4165512,1778,,401,,244,,,2/1/2021 00:59,2021-02-01T00:59:00Z,01/31 19:59,6748,,2021-02-01T00:59:00Z,4165512,507534,3649122,459597,,,,2237647,136941,20061,116694,124439,,,278896,,640880,70855,29,778,2661,2237647,8720,2237647,,0,0,43386a08149f5f757556d80fee2416e879059d61,0,0,0,0,0,
20210131,MO,458819,,1775389,,totalTestsViral,4156792,1908,,427,,273,,,1/31/2021 00:59,2021-01-31T00:59:00Z,01/30 19:59,6748,,2021-01-31T00:59:00Z,4156792,506692,3641261,458819,,,,2234208,136758,19994,116579,124288,,,277822,,638827,70617,29,1040,3757,2234208,13317,2234208,,0,0,5fb0caaf9d996df0f6e639ddebff8a48e4b91867,0,0,0,0,0,
20210130,MO,457779,,1771632,,totalTestsViral,4143475,1908,,427,,273,,,1/30/2021 00:59,2021-01-30T00:59:00Z,01/29 19:59,6748,,2021-01-30T00:59:00Z,4143475,505565,3629100,457779,,,,2229411,136472,19889,116398,124066,,,275570,,633450,70177,29,1249,3537,2229411,14487,2229411,,9,0,501f72ebb08b5f82adfbc0371e1e47037619da01,0,0,0,0,0,
20210129,MO,456530,,1768095,,totalTestsViral,4128988,1908,,427,,273,,,1/29/2021 00:59,2021-01-29T00:59:00Z,01/28 19:59,6739,,2021-01-29T00:59:00Z,4128988,504220,3616485,456530,,,,2224625,135949,19673,116092,123679,,,272716,,616786,69638,29,1957,6879,2224625,22159,2224625,,14,0,6f9c6efad5b6c9b80126e42d6ec64260a8850f02,0,0,0,0,0,
20210128,MO,454573,,1761216,,totalTestsViral,4106829,1908,,427,,273,,,1/28/2021 00:59,2021-01-28T00:59:00Z,01/27 19:59,6725,,2021-01-28T00:59:00Z,4106829,502139,3596440,454573,,,,2215789,134890,19379,115325,122850,,,268802,,606339,69051,29,1636,4687,2215789,20683,2215789,,16,0,554021f6a2f2b594c5b71a04e00ad8d9e4d36401,0,0,0,0,0,
20210127,MO,452937,,1756529,,totalTestsViral,4086146,1900,,444,,287,,,1/27/2021 00:59,2021-01-27T00:59:00Z,01/26 19:59,6709,,2021-01-27T00:59:00Z,4086146,500337,3577622,452937,,,,2209466,133627,19105,114336,121846,,,264211,,595892,68189,29,1444,3997,2209466,14885,2209466,,23,0,d9eaa50978761832ac03e64e18b75217d8f23892,0,0,0,0,0,
20210126,MO,451493,,1752532,,totalTestsViral,4071261,1953,,443,,288,,,1/26/2021 00:59,2021-01-26T00:59:00Z,01/25 19:59,6686,,2021-01-26T00:59:00Z,4071261,498809,3564302,451493,,,,2204025,132940,18879,113874,121345,,,258191,,583703,67033,29,1079,2567,2204025,10826,2204025,,133,0,1c7d3c49df20eedf715d9e671ef08fb7f9066d81,0,0,0,0,0,
20210125,MO,450414,,1749965,,totalTestsViral,4060435,2067,,462,,284,,,1/25/2021 00:59,2021-01-25T00:59:00Z,01/24 19:59,6553,,2021-01-25T00:59:00Z,4060435,497694,3554582,450414,,,,2200379,132661,18767,113704,121134,,,255918,,577076,66461,29,879,2431,2200379,9047,2200379,,5,0,dc150a1e72cde24c72144bde4db8b3ab8e1c59a6,0,0,0,0,0,
20210124,MO,449535,,1747534,,totalTestsViral,4051388,2158,,495,,301,,,1/24/2021 00:59,2021-01-24T00:59:00Z,01/23 19:59,6548,,2021-01-24T00:59:00Z,4051388,496737,3546433,449535,,,,2197069,132456,18636,113605,121001,,,254584,,574753,66185,29,2137,5735,2197069,19830,2197069,,7,0,c7113a935addd606984943a390df71089471feac,0,0,0,0,0,
20210123,MO,447398,,1741799,,totalTestsViral,4031558,2264,,520,,309,,,1/23/2021 00:59,2021-01-23T00:59:00Z,01/22 19:59,6541,,2021-01-23T00:59:00Z,4031558,494281,3529052,447398,,,,2189197,131452,18337,112896,120199,,,250700,,565976,65451,29,1777,4116,2189197,18527,2189197,,14,0,8ff4f0bebd84738161831e899f71b3d679c09dbb,0,0,0,0,0,
20210122,MO,445621,,1737683,,totalTestsViral,4013031,2328,,532,,308,,,1/22/2021 00:59,2021-01-22T00:59:00Z,01/21 19:59,6527,,2021-01-22T00:59:00Z,4013031,492296,3512558,445621,,,,2183304,130801,18124,112458,119679,,,246883,,556227,64685,29,1783,4290,2183304,19591,2183304,,42,0,24d0a3df7b0de6935cff97e95be6526840041539,0,0,0,0,0,
20210121,MO,443838,,1733393,,totalTestsViral,3993440,2367,,509,,284,,,1/21/2021 00:59,2021-01-21T00:59:00Z,01/20 19:59,6485,,2021-01-21T00:59:00Z,3993440,490367,3494929,443838,,,,2177231,129010,17725,111066,118300,,,242612,,543507,63730,29,2049,4399,2177231,20651,2177231,,24,0,e597a5a21464f27a04dc745b87f523c7b716bce7,0,0,0,0,0,
20210120,MO,441789,,1728994,,totalTestsViral,3972789,2397,,538,,287,,,1/20/2021 00:59,2021-01-20T00:59:00Z,01/19 19:59,6461,,2021-01-20T00:59:00Z,3972789,488100,3476604,441789,,,,2170783,128322,17480,110623,117792,,,237668,,532197,62694,29,1592,3237,2170783,13702,2170783,,198,0,9504878ceb196319da14c1ef9d2b9d628f3b6d94,0,0,0,0,0,
20210119,MO,440197,,1725757,,totalTestsViral,3959087,2392,,551,,299,,,1/19/2021 00:59,2021-01-19T00:59:00Z,01/18 19:59,6263,,2021-01-19T00:59:00Z,3959087,486335,3464699,440197,,,,2165954,126674,17195,109261,116513,,,232884,,521384,61608,29,1357,2890,2165954,11890,2165954,,7,0,316db9c6869e20ada3d9f04dbe9406807a789eb0,0,0,0,0,0,
20210118,MO,438840,,1722867,,totalTestsViral,3947197,2509,,585,,312,,,1/18/2021 00:59,2021-01-18T00:59:00Z,01/17 19:59,6256,,2021-01-18T00:59:00Z,3947197,484853,3454314,438840,,,,2161707,126323,17043,109062,116227,,,231402,,517503,61145,29,1291,3869,2161707,13741,2161707,,2,0,a56cc2225e3540f435dea2028af6df2e29db47d5,0,0,0,0,0,
20210117,MO,437549,,1718998,,totalTestsViral,3933456,2522,,593,,319,,,1/17/2021 00:59,2021-01-17T00:59:00Z,01/16 19:59,6254,,2021-01-17T00:59:00Z,3933456,483427,3442020,437549,,,,2156547,124657,16859,107580,114791,,,228851,,513057,60555,29,1350,3275,2156547,12711,2156547,,1,0,1aad32131403b06da5a90a372558531da95e0e5b,0,0,0,0,0,
20210116,MO,436199,,1715723,,totalTestsViral,3920745,2597,,576,,321,,,1/16/2021 00:59,2021-01-16T00:59:00Z,01/15 19:59,6253,,2021-01-16T00:59:00Z,3920745,481959,3430814,436199,,,,2151922,123923,16625,107080,114221,,,219122,,498569,58343,29,2011,4613,2151922,17629,2151922,,24,0,e8b5031e3ba5dd7517fe25da75509d2507b8d07c,0,0,0,0,0,
20210115,MO,434188,,1711110,,totalTestsViral,3903116,2611,,592,,334,,,1/15/2021 00:59,2021-01-15T00:59:00Z,01/14 19:59,6229,,2021-01-15T00:59:00Z,3903116,479752,3415431,434188,,,,2145298,123203,16367,106618,113657,,,216208,,489920,57599,29,2231,4543,2145298,21019,2145298,,28,0,2fb6592eb46975a2e281dac4ff3d99eefd1adbad,0,0,0,0,0,
20210114,MO,431957,,1706567,,totalTestsViral,3882097,2614,,588,,332,,,1/14/2021 00:59,2021-01-14T00:59:00Z,01/13 19:59,6201,,2021-01-14T00:59:00Z,3882097,477311,3396908,431957,,,,2138524,122638,16113,106287,113252,,,213236,,480010,56849,29,2780,4738,2138524,23074,2138524,,30,0,bd4a45140d2d979692a33cfa6fd0d3288f762c99,0,0,0,0,0,
20210113,MO,429177,,1701829,,totalTestsViral,3859023,2545,,602,,327,,,1/13/2021 00:59,2021-01-13T00:59:00Z,01/12 19:59,6171,,2021-01-13T00:59:00Z,3859023,474343,3376838,429177,,,,2131006,122113,15943,105952,112815,,,209438,,469612,56007,29,2060,3807,2131006,14785,2131006,,16,0,3bde03704412f35883cce6c4c3ca0b36ebc7f3d9,0,0,0,0,0,
20210112,MO,427117,,1698022,,totalTestsViral,3844238,2605,,588,,341,,,1/12/2021 00:59,2021-01-12T00:59:00Z,01/11 19:59,6155,,2021-01-12T00:59:00Z,3844238,472050,3364375,427117,,,,2125139,121735,15781,105738,112498,,,205487,,454080,54910,29,2131,3358,2125139,13957,2125139,,204,0,83e796b056f6c24138578100dca2a15e7d007937,0,0,0,0,0,
20210111,MO,424986,,1694664,,totalTestsViral,3830281,2608,,586,,326,,,1/11/2021 00:59,2021-01-11T00:59:00Z,01/10 19:59,5951,,2021-01-11T00:59:00Z,3830281,469691,3352795,424986,,,,2119650,121301,15537,105548,112174,,,202285,,444665,54083,29,1659,3240,2119650,11128,2119650,,3,0,07e36cdc7ee75c0605980754a63f2eb2d65258a6,0,0,0,0,0,
20210110,MO,423327,,1691424,,totalTestsViral,3819153,2700,,597,,322,,,1/10/2021 00:59,2021-01-10T00:59:00Z,01/09 19:59,5948,,2021-01-10T00:59:00Z,3819153,467917,3343465,423327,,,,2114751,119485,15005,104264,110527,,,200843,,442011,53772,29,2744,6463,2114751,20717,2114751,,4,0,e2367721ee80846828ecabcf63727341e969348d,0,0,0,0,0,
20210109,MO,420583,,1684961,,totalTestsViral,3798436,2831,,602,,339,,,1/9/2021 00:59,2021-01-09T00:59:00Z,01/08 19:59,5944,,2021-01-09T00:59:00Z,3798436,465003,3325701,420583,,,,2105544,118320,14642,103462,109517,,,197196,,435035,52902,29,3825,6134,2105544,24853,2105544,,32,0,3c6c779b030132da647112488b208afeb9d7246e,0,0,0,0,0,
20210108,MO,416758,,1678827,,totalTestsViral,3773583,2841,,634,,358,,,1/8/2021 00:59,2021-01-08T00:59:00Z,01/07 19:59,5912,,2021-01-08T00:59:00Z,3773583,460925,3304977,416758,,,,2095585,117710,14409,103085,109025,,,192711,,423353,51742,29,4332,5086,2095585,26193,2095585,,30,0,6c637a5fb8fb70dc1e6295a404f1fc81bc39c6d3,0,0,0,0,0,
20210107,MO,412426,,1673741,,totalTestsViral,3747390,2784,,636,,355,,,1/7/2021 00:59,2021-01-07T00:59:00Z,01/06 19:59,5882,,2021-01-07T00:59:00Z,3747390,456311,3283467,412426,,,,2086167,117184,14204,102764,108619,,,186902,,412706,50217,29,3983,3708,2086167,22787,2086167,,24,0,338db5d7aa6d43afb8db26c43734c8e0840d9672,0,0,0,0,0,
20210106,MO,408443,,1670033,,totalTestsViral,3724603,2738,,624,,344,,,1/6/2021 00:59,2021-01-06T00:59:00Z,01/05 19:59,5858,,2021-01-06T00:59:00Z,3724603,452047,3265005,408443,,,,2078476,115701,13931,101554,107373,,,181514,,400398,48588,29,2854,2759,2078476,13275,2078476,,33,0,e57a2047ce8956ec9934f4c5a17a03c104b7c555,0,0,0,0,0,
20210105,MO,405589,,1667274,,totalTestsViral,3711328,2657,,612,,345,,,1/5/2021 00:59,2021-01-05T00:59:00Z,01/04 19:59,5825,,2021-01-05T00:59:00Z,3711328,449019,3254779,405589,,,,2072863,115418,13818,101384,107153,,,177319,,390860,47199,29,2632,2837,2072863,13972,2072863,,263,0,c96f951f60fcf0fa0f7859f20f188fd2b7b570bb,0,0,0,0,0,
20210104,MO,402957,,1664437,,totalTestsViral,3697356,2448,,590,,324,,,1/4/2021 00:59,2021-01-04T00:59:00Z,01/03 19:59,5562,,2021-01-04T00:59:00Z,3697356,446232,3243629,402957,,,,2067394,115074,13697,101162,106883,,,174459,,385815,46369,29,1196,1246,2067394,6125,2067394,,0,0,6438b63c1e689915f6743b5701a3f9a5d643259a,0,0,0,0,0,
20210103,MO,401761,,1663191,,totalTestsViral,3691231,2701,,627,,350,,,1/3/2021 00:59,2021-01-03T00:59:00Z,01/02 19:59,5562,,2021-01-03T00:59:00Z,3691231,444942,3238815,401761,,,,2064952,112730,13529,98986,104791,,,171763,,381993,45684,29,2305,2519,2064952,11566,2064952,,19,0,c95a2c1c4f0085dca9fbc5e3fe0b04cf129d6ef3,0,0,0,0,0,
20210102,MO,399456,,1660672,,totalTestsViral,3679665,2804,,653,,357,,,1/2/2021 00:59,2021-01-02T00:59:00Z,01/01 19:59,5543,,2021-01-02T00:59:00Z,3679665,442478,3229749,399456,,,,2060128,111581,13399,97967,103769,,,169374,,378140,44988,29,2157,3291,2060128,13685,2060128,,3,0,3f21c335d35667704cc2fc9ba0a645fd53c17dfb,0,0,0,0,0,
20210101,MO,397299,,1657381,,totalTestsViral,3665980,2779,,648,,364,,,1/1/2021 00:59,2021-01-01T00:59:00Z,12/31 19:59,5540,,2021-01-01T00:59:00Z,3665980,440219,3218368,397299,,,,2054680,111194,13267,97712,103463,,,166516,,372178,44239,29,4729,5079,2054680,27742,2054680,,21,0,4cb084fbee397c28d33e8b2d96e3e06c41f91d4a,0,0,0,0,0,
20201231,MO,392570,,1652302,,totalTestsViral,3638238,2777,,640,,359,,,12/31/2020 00:59,2020-12-31T00:59:00Z,12/30 19:59,5519,,2020-12-31T00:59:00Z,3638238,435168,3195736,392570,,,,2044872,110698,13063,97420,103066,,,160425,,360428,42507,29,3714,3333,2044872,19899,2044872,,28,0,28bcbe65eca54c58b3cacc11804fa9678cf8c4e2,0,0,0,0,0,
20201230,MO,388856,,1648969,,totalTestsViral,3618339,2540,,623,,356,,,12/30/2020 00:59,2020-12-30T00:59:00Z,12/29 19:59,5491,,2020-12-30T00:59:00Z,3618339,431221,3179838,388856,,,,2037825,110099,12843,97042,102576,,,156795,,351864,41349,29,2761,3080,2037825,18470,2037825,,58,0,31284f1c15b86420c61e568495d5d884f6bfa3e0,0,0,0,0,0,
20201229,MO,386095,,1645889,,totalTestsViral,3599869,2540,,623,,356,,,12/29/2020 00:59,2020-12-29T00:59:00Z,12/28 19:59,5433,,2020-12-29T00:59:00Z,3599869,426499,3166148,386095,,,,2031984,109747,12726,96807,102326,,,150233,,333677,39564,29,2479,3275,2031984,16082,2031984,,117,0,a0f328f2f9f068bf58d88ba617f8e035f4a8658f,0,0,0,0,0,
20201228,MO,383616,,1642614,,totalTestsViral,3583787,2429,,627,,334,,,12/28/2020 00:59,2020-12-28T00:59:00Z,12/27 19:59,5316,,2020-12-28T00:59:00Z,3583787,423343,3153264,383616,,,,2026230,109540,12631,96696,102147,,,148778,,330575,38898,29,1522,1120,2026230,7149,2026230,,4,0,7987346553669c2fbb93970949598d4bb1d8e57c,0,0,0,0,0,
20201227,MO,382094,,1641494,,totalTestsViral,3576638,2696,,659,,349,,,12/27/2020 00:59,2020-12-27T00:59:00Z,12/26 19:59,5312,,2020-12-27T00:59:00Z,3576638,421654,3147819,382094,,,,2023588,109390,12557,96620,102024,,,147939,,329341,38496,29,1451,1835,2023588,8089,2023588,,3,0,67b2fcb5ec440c5f70f8270bd33118e56e4bd4a2,0,0,0,0,0,
20201226,MO,380643,,1639659,,totalTestsViral,3568549,2821,,685,,377,,,12/26/2020 00:59,2020-12-26T00:59:00Z,12/25 19:59,5309,,2020-12-26T00:59:00Z,3568549,420090,3141306,380643,,,,2020302,109240,12510,96517,101902,,,147493,,328173,38275,29,1756,3290,2020302,13518,2020302,,1,0,7bb68eed1335a2f29bfa88e38593458ab2ed397f,0,0,0,0,0,
20201225,MO,378887,,1636369,,totalTestsViral,3555031,2862,,685,,366,,,12/25/2020 00:59,2020-12-25T00:59:00Z,12/24 19:59,5308,,2020-12-25T00:59:00Z,3555031,418233,3129681,378887,,,,2015256,108934,12392,96329,101662,,,146717,,326217,38095,29,2076,3844,2015256,19095,2015256,,14,0,f8e473b856f22d18725fa4b04fb54b2e389a7d97,0,0,0,0,0,
20201224,MO,376811,,1632525,,totalTestsViral,3535936,2749,,667,,349,,,12/24/2020 00:59,2020-12-24T00:59:00Z,12/23 19:59,5294,,2020-12-24T00:59:00Z,3535936,415974,3112868,376811,,,,2009336,108399,12229,95957,101217,,,144738,,319585,37694,29,3231,5259,2009336,22323,2009336,,39,0,9ab19d5eb6f48addc6d28eae188ec7030d573f5a,0,0,0,0,0,
20201223,MO,373580,,1627266,,totalTestsViral,3513613,2716,,652,,353,,,12/23/2020 00:59,2020-12-23T00:59:00Z,12/22 19:59,5255,,2020-12-23T00:59:00Z,3513613,412435,3094141,373580,,,,2000846,107403,11958,95232,100368,,,140885,,307084,36785,29,3141,3857,2000846,17442,2000846,,97,0,a6f411d66ddf04c102ad3f89397d64618e99634e,0,0,0,0,0,
20201222,MO,370439,,1623409,,totalTestsViral,3496171,2703,,640,,354,,,12/22/2020 00:59,2020-12-22T00:59:00Z,12/21 19:59,5158,,2020-12-22T00:59:00Z,3496171,409021,3080143,370439,,,,1993848,106793,11781,94799,99861,,,137179,,298022,35707,29,2123,3274,1993848,13339,1993848,,211,0,cc9615c8595e307e18477109652b55fe75b44f91,0,0,0,0,0,
20201221,MO,368316,,1620135,,totalTestsViral,3482832,2729,,653,,351,,,12/21/2020 00:59,2020-12-21T00:59:00Z,12/20 19:59,4947,,2020-12-21T00:59:00Z,3482832,406663,3069194,368316,,,,1988451,105836,11577,94046,99037,,,134641,,292195,35140,29,3130,5355,1988451,18385,1988451,,10,0,4b18157c816dcdeecdb498951286f8486fa71ff7,0,0,0,0,0,
20201220,MO,365186,,1614780,,totalTestsViral,3464447,2757,,635,,355,,,12/20/2020 00:59,2020-12-20T00:59:00Z,12/19 19:59,4937,,2020-12-20T00:59:00Z,3464447,403291,3054237,365186,,,,1979966,105075,11368,93494,98410,,,133373,,286187,34730,29,2072,3387,1979966,13217,1979966,,33,0,714ed7623d650da6170135ed259a1fad172eeb7a,0,0,0,0,0,
20201219,MO,363114,,1611393,,totalTestsViral,3451230,2721,,598,,329,,,12/19/2020 00:59,2020-12-19T00:59:00Z,12/18 19:59,4904,,2020-12-19T00:59:00Z,3451230,401073,3043259,363114,,,,1974507,104406,11227,92966,97848,,,131236,,280079,34211,29,2784,4027,1974507,19439,1974507,,51,0,1f562b10710454309d4d08d80b0c90a24ce3a931,0,0,0,0,0,
20201218,MO,360330,,1607366,,totalTestsViral,3431791,2616,,606,,321,,,12/18/2020 00:59,2020-12-18T00:59:00Z,12/17 19:59,4853,,2020-12-18T00:59:00Z,3431791,398032,3026898,360330,,,,1967696,103648,10992,92443,97201,,,128665,,273849,33478,29,3723,6779,1967696,24631,1967696,,19,0,e45f0ff700ced89c69337da5ae9e7f3c1678172e,0,0,0,0,0,
20201217,MO,356607,,1600587,,totalTestsViral,3407160,2536,,584,,316,,,12/17/2020 00:59,2020-12-17T00:59:00Z,12/16 19:59,4834,,2020-12-17T00:59:00Z,3407160,394017,3006347,356607,,,,1957194,102913,10742,91958,96593,,,124012,,258424,32320,29,3569,6928,1957194,25516,1957194,,35,0,b4d34c0d0dd315716fcd2c6685c3b8a65eafd80c,0,0,0,0,0,
20201216,MO,353038,,1593659,,totalTestsViral,3381644,2529,,604,,324,,,12/16/2020 00:59,2020-12-16T00:59:00Z,12/15 19:59,4799,,2020-12-16T00:59:00Z,3381644,389956,2984963,353038,,,,1946697,102338,10549,91576,96130,,,121748,,251604,31551,29,2673,4017,1946697,15675,1946697,,45,0,ea9f487ce110a37f725392f838c253abcd10654e,0,0,0,0,0,
20201215,MO,350365,,1589642,,totalTestsViral,3365969,2543,,593,,325,,,12/15/2020 00:59,2020-12-15T00:59:00Z,12/14 19:59,4754,,2020-12-15T00:59:00Z,3365969,386982,2972303,350365,,,,1940007,101857,10381,91267,95728,,,117580,,240934,30270,29,2762,4002,1940007,15716,1940007,,240,0,254eeccee9a5feb94c315cbeebe242946ef9cd24,0,0,0,0,0,
20201214,MO,347603,,1585640,,totalTestsViral,3350253,2624,,603,,335,,,12/14/2020 00:59,2020-12-14T00:59:00Z,12/13 19:59,4514,,2020-12-14T00:59:00Z,3350253,383863,2959747,347603,,,,1933243,101516,10240,91067,95451,,,115890,,237347,29623,29,2562,4869,1933243,16596,1933243,,3,0,d0afaa6c6b80c79b1905024a37109e97a3e174b2,0,0,0,0,0,
20201213,MO,345041,,1580771,,totalTestsViral,3333657,2637,,604,,332,,,12/13/2020 00:59,2020-12-13T00:59:00Z,12/12 19:59,4511,,2020-12-13T00:59:00Z,3333657,381112,2945949,345041,,,,1925812,101176,10135,90832,95172,,,114454,,229949,29101,29,2694,5332,1925812,19369,1925812,,8,0,1d0443be22e6f67053e24258d3f49182535cbe03,0,0,0,0,0,
20201212,MO,342347,,1575439,,totalTestsViral,3314288,2710,,644,,330,,,12/12/2020 00:59,2020-12-12T00:59:00Z,12/11 19:59,4503,,2020-12-12T00:59:00Z,3314288,378092,2929631,342347,,,,1917786,100473,9870,90394,94566,,,110425,,208423,27908,29,3743,5832,1917786,21713,1917786,,22,0,c3e7dbe6ca41db3406c432207c0d156afaf0d67d,0,0,0,0,0,
20201211,MO,338604,,1569607,,totalTestsViral,3292575,2795,,650,,350,,,12/11/2020 00:59,2020-12-11T00:59:00Z,12/10 19:59,4481,,2020-12-11T00:59:00Z,3292575,374017,2912045,338604,,,,1908211,99882,9671,90002,94078,,,104178,,183575,26250,29,3900,5558,1908211,22893,1908211,,31,0,f056d430527accbb1975b2b5f2c69aff1de97310,0,0,0,0,0,
20201210,MO,334704,,1564049,,totalTestsViral,3269682,2641,,650,,343,,,12/10/2020 00:59,2020-12-10T00:59:00Z,12/09 19:59,4450,,2020-12-10T00:59:00Z,3269682,369810,2893395,334704,,,,1898753,99311,9486,89616,93599,,,100197,,172550,25485,29,3858,7361,1898753,25284,1898753,,67,0,3420be996c58819489777c6bccd8e191b382ac10,0,0,0,0,0,
20201209,MO,330846,,1556688,,totalTestsViral,3244398,2579,,638,,334,,,12/9/2020 00:59,2020-12-09T00:59:00Z,12/08 19:59,4383,,2020-12-09T00:59:00Z,3244398,365582,2872385,330846,,,,1887534,98720,9323,89188,93086,,,95240,,163672,24491,29,2640,3393,1887534,14268,1887534,,28,0,f2d20501a76f7ed8a6c9bb7511f191d901e89c66,0,0,0,0,0,
20201208,MO,328206,,1553295,,totalTestsViral,3230130,2628,,623,,344,,,12/8/2020 00:59,2020-12-08T00:59:00Z,12/07 19:59,4355,,2020-12-08T00:59:00Z,3230130,362735,2861000,328206,,,,1881501,98448,9229,89011,92852,,,91310,,157166,23670,29,3250,4241,1881501,18701,1881501,,161,0,d76e1359f1478ac0cd8a9fb70718399993d06cd0,0,0,0,0,0,
20201207,MO,324956,,1549054,,totalTestsViral,3211429,2550,,599,,355,,,12/7/2020 00:59,2020-12-07T00:59:00Z,12/06 19:59,4194,,2020-12-07T00:59:00Z,3211429,359229,2845841,324956,,,,1874010,97946,9090,88648,92439,,,88854,,153153,22970,29,2658,4828,1874010,15244,1874010,,2,0,272f3f4aac54aacc8578ab372ad0e4de240965a8,0,0,0,0,0,
20201206,MO,322298,,1544226,,totalTestsViral,3196185,2708,,625,,368,,,12/6/2020 00:59,2020-12-06T00:59:00Z,12/05 19:59,4192,,2020-12-06T00:59:00Z,3196185,356389,2833491,322298,,,,1866524,97721,9013,88500,92247,,,87216,,150185,22691,29,3876,6658,1866524,22196,1866524,,11,0,3c92debe605784f3c0228ef66f929bc19df4aff3,0,0,0,0,0,
20201205,MO,318422,,1537568,,totalTestsViral,3173989,2735,,631,,361,,,12/5/2020 00:59,2020-12-05T00:59:00Z,12/04 19:59,4181,,2020-12-05T00:59:00Z,3173989,352226,2815510,318422,,,,1855990,97146,8817,88121,91754,,,85007,,146641,22076,29,5001,6927,1855990,26435,1855990,,59,0,5037408fd8e7441efd54e3fabe7193cd9549645f,0,0,0,0,0,
20201204,MO,313421,,1530641,,totalTestsViral,3147554,2803,,659,,368,,,12/4/2020 00:59,2020-12-04T00:59:00Z,12/03 19:59,4122,,2020-12-04T00:59:00Z,3147554,346857,2794542,313421,,,,1844062,96691,8676,87810,91371,,,82317,,141709,21352,29,4053,5605,1844062,22857,1844062,,20,0,001985eaf759f26af5ac06aade1f29dd210ee0bd,0,0,0,0,0,
20201203,MO,309368,,1525036,,totalTestsViral,3124697,2758,,659,,376,,,12/3/2020 00:59,2020-12-03T00:59:00Z,12/02 19:59,4102,,2020-12-03T00:59:00Z,3124697,342557,2776013,309368,,,,1834404,96185,8493,87487,90953,,,80020,,136257,20436,29,3998,5031,1834404,20958,1834404,,59,0,f08bd9eb1dd4a6d4de23496dbd859e1de947ea1a,0,0,0,0,0,
20201202,MO,305370,,1520005,,totalTestsViral,3103739,2651,,670,,354,,,12/2/2020 00:59,2020-12-02T00:59:00Z,12/01 19:59,4043,,2020-12-02T00:59:00Z,3103739,338277,2759392,305370,,,,1825375,95670,8325,87140,90517,,,76621,,130416,19631,29,2679,3109,1825375,14639,1825375,,37,0,027405c4f3728d6f85ae4f1db95171f41f707979,0,0,0,0,0,
20201201,MO,302691,,1516896,,totalTestsViral,3089100,2599,,656,,344,,,12/1/2020 00:59,2020-12-01T00:59:00Z,11/30 19:59,4006,,2020-12-01T00:59:00Z,3089100,335364,2747704,302691,,,,1819587,95387,8218,86964,90280,,,73469,,123814,18677,29,2929,2965,1819587,12723,1819587,,177,0,2bf040063739090f2b86c1426921643c95c20a36,0,0,0,0,0,
20201130,MO,299762,,1513931,,totalTestsViral,3076377,2498,,636,,339,,,11/30/2020 00:59,2020-11-30T00:59:00Z,11/29 19:59,3829,,2020-11-30T00:59:00Z,3076377,332130,2738248,299762,,,,1813693,95212,8156,86851,90142,,,71946,,120954,18231,29,3829,4828,1813693,17868,1813693,,6,0,fa6fd51da096c0b5be3732c3db8e534320e795d3,0,0,0,0,0,
20201129,MO,295933,,1509103,,totalTestsViral,3058509,2654,,657,,369,,,11/29/2020 00:59,2020-11-29T00:59:00Z,11/28 19:59,3823,,2020-11-29T00:59:00Z,3058509,328018,2724531,295933,,,,1805036,95039,8090,86744,89994,,,71433,,120293,18015,29,3193,4310,1805036,16361,1805036,,6,0,9474daf5fe19b5cb2391e6a7c106a2a1341cd4d4,0,0,0,0,0,
20201128,MO,292740,,1504793,,totalTestsViral,3042148,2813,,665,,367,,,11/28/2020 00:59,2020-11-28T00:59:00Z,11/27 19:59,3817,,2020-11-28T00:59:00Z,3042148,324613,2711607,292740,,,,1797533,94751,7993,86553,89751,,,70512,,119243,17598,29,2204,3916,1797533,14329,1797533,,8,0,1be8a2db73f8e6aa9487a5d6c3716720780cfe3e,0,0,0,0,0,
20201127,MO,290536,,1500877,,totalTestsViral,3027819,2743,,648,,353,,,11/27/2020 00:59,2020-11-27T00:59:00Z,11/26 19:59,3809,,2020-11-27T00:59:00Z,3027819,322264,2699643,290536,,,,1791413,94551,7931,86415,89578,,,68967,,116480,17293,29,3273,5423,1791413,18205,1791413,,1,0,8d35efe7a4fe009b9849ef819270517e8da50033,0,0,0,0,0,
20201126,MO,287263,,1495454,,totalTestsViral,3009614,2749,,653,,325,,,11/26/2020 00:59,2020-11-26T00:59:00Z,11/25 19:59,3808,,2020-11-26T00:59:00Z,3009614,318769,2684972,287263,,,,1782717,94104,7800,86099,89199,,,66846,,111038,16887,29,4471,7941,1782717,26203,1782717,,32,0,084079cee0c31b4474955d56052898e94868e091,0,0,0,0,0,
20201125,MO,282792,,1487513,,totalTestsViral,2983411,2698,,653,,320,,,11/25/2020 00:59,2020-11-25T00:59:00Z,11/24 19:59,3776,,2020-11-25T00:59:00Z,2983411,313937,2663642,282792,,,,1770305,93500,7628,85668,88680,,,63997,,106155,16229,29,4131,6971,1770305,22895,1770305,,26,0,6af498e6a9dce7fa4d2b1da81dee61836e24672d,0,0,0,0,0,
20201124,MO,278661,,1480542,,totalTestsViral,2960516,2680,,664,,307,,,11/24/2020 00:59,2020-11-24T00:59:00Z,11/23 19:59,3750,,2020-11-24T00:59:00Z,2960516,309518,2645225,278661,,,,1759203,93054,7498,85352,88296,,,62038,,103265,15670,29,3764,5343,1759203,18315,1759203,,189,0,f84a6ac3d8661678de702d9f2f13b69669d229ca,0,0,0,0,0,
20201123,MO,274897,,1475199,,totalTestsViral,2942201,2805,,647,,314,,,11/23/2020 00:59,2020-11-23T00:59:00Z,11/22 19:59,3561,,2020-11-23T00:59:00Z,2942201,305429,2631038,274897,,,,1750096,92803,7427,85172,88095,,,59836,,99985,15185,29,3370,7006,1750096,18772,1750096,,2,0,977b1885b553f26cdec4d77ef0877ce17e3b0954,0,0,0,0,0,
20201122,MO,271527,,1468193,,totalTestsViral,2923429,2817,,646,,336,,,11/22/2020 00:59,2020-11-22T00:59:00Z,11/21 19:59,3559,,2020-11-22T00:59:00Z,2923429,301823,2615902,271527,,,,1739720,92496,7343,84949,87838,,,59084,,99059,14973,29,4215,8288,1739720,24361,1739720,,4,0,5ff80e2834cd07203a73726e8e9a7a8850fddd24,0,0,0,0,0,
20201121,MO,267312,,1459905,,totalTestsViral,2899068,2851,,632,,336,,,11/21/2020 00:59,2020-11-21T00:59:00Z,11/20 19:59,3555,,2020-11-21T00:59:00Z,2899068,297321,2596099,267312,,,,1727217,91971,7191,84577,87395,,,58056,,97782,14636,29,4876,-2185,1727217,9082,1727217,,18,0,2fea8819789c842cd17cf2a3fd9109413c9100e4,0,0,0,0,0,
20201120,MO,262436,,1462090,,totalTestsViral,2889986,2734,,638,,323,,,11/20/2020 00:59,2020-11-20T00:59:00Z,11/19 19:59,3537,,2020-11-20T00:59:00Z,2889986,292075,2592316,262436,,,,1724526,91758,7011,84544,87278,,,56545,,95126,14107,29,4614,7203,1724526,24813,1724526,,30,0,6b93e73cee5e35f1060612aea4fc16118cf212db,0,0,0,0,0,
20201119,MO,257822,,1454887,,totalTestsViral,2865173,2588,,608,,310,,,11/19/2020 00:59,2020-11-19T00:59:00Z,11/18 19:59,3507,,2020-11-19T00:59:00Z,2865173,287179,2572460,257822,,,,1712709,91286,6903,84180,86885,,,54893,,92097,13603,29,4349,5884,1712709,20181,1712709,,30,0,b188bae41a072d56d4e457a3d47d2750af99734d,0,0,0,0,0,
20201118,MO,253473,,1449003,,totalTestsViral,2844992,2453,,582,,298,,,11/18/2020 00:59,2020-11-18T00:59:00Z,11/17 19:59,3477,,2020-11-18T00:59:00Z,2844992,282532,2556990,253473,,,,1702476,90887,6792,83892,86536,,,53646,,89153,13199,29,4587,5340,1702476,19151,1702476,,24,0,4b7d04a341541f7b37cbe86c5209162089acb16e,0,0,0,0,0,
20201117,MO,248886,,1443663,,totalTestsViral,2825841,2454,,570,,285,,,11/17/2020 00:59,2020-11-17T00:59:00Z,11/16 19:59,3453,,2020-11-17T00:59:00Z,2825841,277624,2542780,248886,,,,1692549,90549,6698,83647,86240,,,51988,,86097,12523,29,5717,8260,1692549,24094,1692549,,67,0,028445849aeba3f1df908f3e60fe889da3e00ff6,0,0,0,0,0,
20201116,MO,243169,,1435403,,totalTestsViral,2801747,2525,,559,,275,,,11/16/2020 00:59,2020-11-16T00:59:00Z,11/15 19:59,3386,,2020-11-16T00:59:00Z,2801747,271543,2524842,243169,,,,1678572,90326,6614,83510,86062,,,50906,,80959,12145,29,3718,5381,1678572,16348,1678572,,12,0,a4149c194e5b85ca261dbe323c089ed073b7b9a0,0,0,0,0,0,
20201115,MO,239451,,1430022,,totalTestsViral,2785399,2462,,536,,275,,,11/15/2020 00:59,2020-11-15T00:59:00Z,11/14 19:59,3374,,2020-11-15T00:59:00Z,2785399,267624,2512471,239451,,,,1669473,90135,6566,83367,85895,,,50415,,80370,11943,29,3729,4714,1669473,16314,1669473,,1,0,d7a309f00de6a6d6e034900dde81cc9c70b4a288,0,0,0,0,0,
20201114,MO,235722,,1425308,,totalTestsViral,2769085,2447,,507,,272,,,11/14/2020 00:59,2020-11-14T00:59:00Z,11/13 19:59,3373,,2020-11-14T00:59:00Z,2769085,263711,2500103,235722,,,,1661030,89801,6476,83123,85602,,,49432,,78308,11554,29,6346,6937,1661030,26153,1661030,,14,0,5c2b265ea79c4719d41f0f2be2ad4e39a2f53e88,0,0,0,0,0,
20201113,MO,229376,,1418371,,totalTestsViral,2742932,2328,,512,,264,,,11/13/2020 00:59,2020-11-13T00:59:00Z,11/12 19:59,3359,,2020-11-13T00:59:00Z,2742932,257036,2480694,229376,,,,1647747,89287,6355,82730,85184,,,48068,,71928,11101,29,4005,4178,1647747,15996,1647747,,20,0,5e8f82b39074cab2ff0a27b64c9ba1ba2b3bf2aa,0,0,0,0,0,
20201112,MO,225371,,1414193,,totalTestsViral,2726936,2248,,518,,248,,,11/12/2020 00:59,2020-11-12T00:59:00Z,11/11 19:59,3339,,2020-11-12T00:59:00Z,2726936,252857,2468905,225371,,,,1639564,89120,6296,82623,85034,,,46276,,67779,10518,29,4603,7042,1639564,21731,1639564,,16,0,94e13cebe5953ac439263cae0f1d10cb97b01f72,0,0,0,0,0,
20201111,MO,220768,,1407151,,totalTestsViral,2705205,2157,,486,,257,,,11/11/2020 00:59,2020-11-11T00:59:00Z,11/10 19:59,3323,,2020-11-11T00:59:00Z,2705205,248056,2452034,220768,,,,1627919,88762,6208,82353,84721,,,45359,,65144,10151,29,4071,24678,1627919,59784,1627919,,24,0,e9aee41deb67617b38f0b54588e4656f212e6e26,0,0,0,0,0,
20201110,MO,216697,,1382473,,totalTestsViral,2645421,2055,,457,,237,,,11/10/2020 00:59,2020-11-10T00:59:00Z,11/09 19:59,3299,,2020-11-10T00:59:00Z,2645421,243790,2396543,216697,,,,1599170,88491,6124,82166,84479,,,44376,,63465,9810,29,4256,-12961,1599170,-24034,1599170,,146,0,622f66ff7745a2fef533eec5a1e89843dd860bea,0,0,0,0,0,
20201109,MO,212441,,1395434,,totalTestsViral,2669455,2016,,467,,238,,,11/9/2020 00:59,2020-11-09T00:59:00Z,11/08 19:59,3153,,2020-11-09T00:59:00Z,2669455,239290,2425114,212441,,,,1607875,90061,6079,83781,85902,,,44787,,64258,9542,29,3244,5016,1607875,14764,1607875,,0,0,4894bd39f56009874a4a1adc13a784100c964715,0,0,0,0,0,
20201108,MO,209197,,1390418,,totalTestsViral,2654691,1965,,459,,254,,,11/8/2020 00:59,2020-11-08T00:59:00Z,11/07 19:59,3153,,2020-11-08T00:59:00Z,2654691,235909,2413773,209197,,,,1599615,89888,6027,83660,85747,,,44355,,63687,9377,29,4131,17073,1599615,-17597,1599615,,3,0,d2440440e2ba0e97ab789d8b2065bfde5bacc4e3,0,0,0,0,0,
20201107,MO,205066,,1373345,,totalTestsViral,2672288,1926,,466,,236,,,11/7/2020 00:59,2020-11-07T00:59:00Z,11/06 19:59,3150,,2020-11-07T00:59:00Z,2672288,231727,2435560,205066,,,,1578411,89459,5943,83302,85229,,,38219,,56012,9150,29,4559,6621,1578411,23011,1578411,,19,0,50c79b54ba8585e9271c86c0d026ec6d030a043e,0,0,0,0,0,
20201106,MO,200507,,1366724,,totalTestsViral,2649277,1834,,517,,226,,,11/6/2020 00:59,2020-11-06T00:59:00Z,11/05 19:59,3131,,2020-11-06T00:59:00Z,2649277,226960,2417371,200507,,,,1567231,89114,5869,83033,84925,,,37813,,53513,8808,29,3931,6299,1567231,24307,1567231,,25,0,e594f9316dcf53bf4232bb2421b26d78c66cea65,0,0,0,0,0,
20201105,MO,196576,,1360425,,totalTestsViral,2624970,1774,,511,,233,,,11/5/2020 00:59,2020-11-05T00:59:00Z,11/04 19:59,3106,,2020-11-05T00:59:00Z,2624970,222827,2397240,196576,,,,1557001,88905,5812,82881,84750,,,35931,,51692,8468,29,3553,6493,1557001,22090,1557001,,18,0,1eb89f53c05694a98f6f92d8d859608a72e39117,0,0,0,0,0,
20201104,MO,193023,,1353932,,totalTestsViral,2602880,1632,,504,,226,,,11/4/2020 00:59,2020-11-04T00:59:00Z,11/03 19:59,3088,,2020-11-04T00:59:00Z,2602880,219118,2378893,193023,,,,1546955,88626,5730,82687,84502,,,33222,,47768,8149,29,2599,5093,1546955,17600,1546955,,24,0,6b7d57c4a4c35b6dace58bdb32f7da0e529c1fba,0,0,0,0,0,
20201103,MO,190424,,1348839,,totalTestsViral,2585280,1631,,476,,218,,,11/3/2020 00:59,2020-11-03T00:59:00Z,11/02 19:59,3064,,2020-11-03T00:59:00Z,2585280,216333,2364104,190424,,,,1539263,88365,5685,82472,84265,,,32264,,46335,7864,29,2238,8927,1539263,31506,1539263,,33,0,2f2c0e97f48333bff30f73d660009a4e1e0c687f,0,0,0,0,0,
20201102,MO,188186,,1339912,,totalTestsViral,2553774,1659,,476,,221,,,11/2/2020 00:59,2020-11-02T00:59:00Z,11/01 19:59,3031,,2020-11-02T00:59:00Z,2553774,213941,2335025,188186,,,,1528098,88144,5659,82277,84090,,,30850,,44460,7684,29,2651,6731,1528098,18592,1528098,,5,0,a2586ffa6489d26c5d7a33ceab5ef01fbc93367d,0,0,0,0,0,
20201101,MO,185535,,1333181,,totalTestsViral,2535182,1649,,494,,214,,,11/1/2020 00:59,2020-11-01T00:59:00Z,10/31 20:59,3026,,2020-11-01T00:59:00Z,2535182,211106,2319312,185535,,,,1518716,87952,5621,82124,83927,,,30074,,43552,7465,29,2349,6212,1518716,17632,1518716,,2,0,9c6ce11b599666214fcc2e9504e45cfcf827ce4f,0,0,0,0,0,
20201031,MO,183186,,1326969,,totalTestsViral,2517550,1574,,464,,189,,,10/31/2020 00:59,2020-10-31T00:59:00Z,10/30 20:59,3024,,2020-10-31T00:59:00Z,2517550,208594,2304229,183186,,,,1510155,87651,5556,81891,83662,,,29401,,42673,7286,29,2986,7887,1510155,22684,1510155,,99,0,61ce7778cbb8d2840188096c893041149c3d69a8,0,0,0,0,0,
20201030,MO,180200,,1319082,,totalTestsViral,2494866,1530,,479,,200,,,10/30/2020 00:59,2020-10-30T00:59:00Z,10/29 20:59,2925,,2020-10-30T00:59:00Z,2494866,205382,2284801,180200,,,,1499282,87421,5501,81716,83459,,,28275,,41139,7009,29,2507,6158,1499282,20470,1499282,,26,0,39be0cfb440ced7926b698ce3b8706a3d06481ae,0,0,0,0,0,
20201029,MO,177693,,1312924,,totalTestsViral,2474396,1490,,464,,179,,,10/29/2020 00:59,2020-10-29T00:59:00Z,10/28 20:59,2899,,2020-10-29T00:59:00Z,2474396,202697,2267061,177693,,,,1490617,87067,5422,81442,83145,,,26900,,37742,6661,29,3061,6320,1490617,19969,1490617,,29,0,77f8a7f7a8788f4b4c2d90a4ed1739a650eddc86,0,0,0,0,0,
20201028,MO,174632,,1306604,,totalTestsViral,2454427,1446,,451,,173,,,10/28/2020 00:59,2020-10-28T00:59:00Z,10/27 20:59,2870,,2020-10-28T00:59:00Z,2454427,199417,2250415,174632,,,,1481236,86882,5375,81304,82980,,,25800,,35726,6434,29,1915,4916,1481236,15848,1481236,,32,0,62734e5a495f2587a7e95c4cb8699b385ececbef,0,0,0,0,0,
20201027,MO,172717,,1301688,,totalTestsViral,2438579,1407,,449,,162,,,10/27/2020 00:59,2020-10-27T00:59:00Z,10/26 20:59,2838,,2020-10-27T00:59:00Z,2438579,197358,2236660,172717,,,,1474405,86524,5327,80994,82654,,,25040,,33883,6208,29,1695,6761,1474405,17968,1474405,,28,0,1ab54b4bef9a17984beb47866b46a802ce87fff0,0,0,0,0,0,
20201026,MO,171022,,1294927,,totalTestsViral,2420611,1399,,481,,174,,,10/26/2020 00:59,2020-10-26T00:59:00Z,10/25 20:59,2810,,2020-10-26T00:59:00Z,2420611,195500,2220575,171022,,,,1465949,86397,5299,80898,82540,,,23755,,31184,6020,29,1527,5582,1465949,13764,1465949,,5,0,ee9265c3fd00f9ee6220b25b40b6fd905f731f90,0,0,0,0,0,
20201025,MO,169495,,1289345,,totalTestsViral,2406847,1404,,484,,167,,,10/25/2020 00:59,2020-10-25T00:59:00Z,10/24 20:59,2805,,2020-10-25T00:59:00Z,2406847,193832,2208498,169495,,,,1458840,86301,5289,80812,82459,,,23325,,30609,5928,29,2043,6782,1458840,18566,1458840,,4,0,0efeb44dc4f3a6311c9c6f3539b6685e117fa15b,0,0,0,0,0,
20201024,MO,167452,,1282563,,totalTestsViral,2388281,1443,,522,,175,,,10/24/2020 00:59,2020-10-24T00:59:00Z,10/23 20:59,2801,,2020-10-24T00:59:00Z,2388281,191640,2192171,167452,,,,1450015,85977,5231,80547,82171,,,22821,,29938,5820,29,2918,7781,1450015,24470,1450015,,113,0,804f0133cf09bdb9cc49214cd2e4a6b0bffdeeca,0,0,0,0,0,
20201023,MO,164534,,1274782,,totalTestsViral,2363811,1349,,215,,172,,,10/23/2020 00:59,2020-10-23T00:59:00Z,10/22 20:59,2688,,2020-10-23T00:59:00Z,2363811,188511,2170868,164534,,,,1439316,85454,5130,80126,81713,,,21837,,28459,5614,29,1811,5033,1439316,17321,1439316,,31,0,25a31e073c9fd565f2d8207a51f4829f3c3d1a7d,0,0,0,0,0,
20201022,MO,162723,,1269749,,totalTestsViral,2346490,1352,,240,,163,,,10/22/2020 00:59,2020-10-22T00:59:00Z,10/21 20:59,2657,,2020-10-22T00:59:00Z,2346490,186526,2155560,162723,,,,1432472,85243,5082,79963,81519,,,21494,,27656,5432,29,1854,22744,1432472,19622,1432472,,16,0,bf7441f2133fb4a7bd64dc7031946a8933ed9e1f,0,0,0,0,0,
20201021,MO,160869,,1247005,,totalTestsViral,2326868,1415,,450,,170,,,10/21/2020 00:59,2020-10-21T00:59:00Z,10/20 20:59,2641,,2020-10-21T00:59:00Z,2326868,184494,2137998,160869,,,,1407874,84961,5027,79737,69077,,,14660,,26609,5307,29,1244,12006,1407874,30194,1407874,,26,0,c2c5ea7f947fb28e5d8d04cb08a811f57a73508a,0,0,0,0,0,
20201020,MO,159625,,1234999,,totalTestsViral,2296674,1439,,429,,156,,,10/20/2020 00:59,2020-10-20T00:59:00Z,10/19 20:59,2615,,2020-10-20T00:59:00Z,2296674,181463,2110912,159625,,,,1393100,84652,4953,79502,68919,,,14224,,25263,5104,29,1524,0,1394624,0,1394624,,25,0,475302b53de3b51104019be88a001a1fc1650425,0,0,0,0,0,
20201019,MO,158101,,1234999,,totalTestsViral,2296674,1439,,476,,,,,10/19/2020 00:59,2020-10-19T00:59:00Z,10/18 20:59,2590,,2020-10-19T00:59:00Z,2296674,181463,2110912,158101,,,,1393100,84652,4953,79502,68919,,,14224,,25263,5104,29,1405,5159,1393100,11607,1393100,,8,0,20d1c340f4f895a66ba8ecb95cc45ebd68f5aaa4,0,0,0,0,0,
20201018,MO,156696,,1229840,,totalTestsViral,2285067,918,,,,,,,10/18/2020 00:59,2020-10-18T00:59:00Z,10/17 20:59,2582,,2020-10-18T00:59:00Z,2285067,179986,2100802,156696,,,,1386536,84527,4983,79346,68797,,,14120,,25059,5042,29,1768,6105,1386536,18079,1386536,,2,0,fafe2c1284d17e240705c9fc6e04e02fe72b61dc,0,0,0,0,0,
20201017,MO,154928,,1223735,,totalTestsViral,2266988,1431,,,,,,,10/17/2020 00:59,2020-10-17T00:59:00Z,10/16 20:59,2580,,2020-10-17T00:59:00Z,2266988,178082,2084659,154928,,,,1378663,84189,4929,79062,68599,,,13907,,24668,4963,29,2357,15043,1378663,44134,1378663,,121,0,f2f75351667cb67207011274031205e6481acc5a,0,0,0,0,0,
20201016,MO,152571,,1208692,,totalTestsViral,2222854,1443,,,,,,,10/16/2020 00:59,2020-10-16T00:59:00Z,10/15 20:59,2459,,2020-10-16T00:59:00Z,2222854,173299,2045374,152571,,,,1359246,83529,4830,78502,68258,,,13340,,23021,4696,29,2017,0,1361263,0,1361263,,17,0,3f380b2aa8023a67e3e505faf17be95d2e3c0d8b,0,0,0,0,0,
20201015,MO,150554,,1208692,,totalTestsViral,2222854,1443,,,,,,,10/15/2020 00:59,2020-10-15T00:59:00Z,10/14 20:59,2442,,2020-10-15T00:59:00Z,2222854,173299,2045374,150554,,,,1359246,83529,4830,78502,68258,,,13340,,23021,4696,29,1875,5210,1359246,16480,1359246,,22,0,8292ce2ec364be3c6e939e0f8b93c35758d3348b,0,0,0,0,0,
20201014,MO,148679,,1203482,,totalTestsViral,2206374,1413,,,,,,,10/14/2020 00:59,2020-10-14T00:59:00Z,10/13 20:59,2420,,2020-10-14T00:59:00Z,2206374,171289,2030924,148679,,,,1352161,83174,4773,78204,68054,,,13050,,22504,4545,29,4449,-99955,1352161,130675,1352161,,-2,0,9deb13c1ab21cfa9fae869ff37224e0b572f868f,0,0,0,0,0,
20201013,MO,144230,,1303437,,totalTestsViral,2075699,1313,,,,,,,10/10/2020 00:59,2020-10-10T00:59:00Z,10/09 20:59,2422,,2020-10-10T00:59:00Z,2075699,163531,1908333,144230,,,,1447667,80831,4188,76509,69462,,,14213,,20834,3979,29,0,0,1447667,0,1447667,,0,0,cdfb8c90617933c47972896cff6f388245117808,0,0,0,0,0,
20201012,MO,144230,,1303437,,totalTestsViral,2075699,1313,,,,,,,10/10/2020 00:59,2020-10-10T00:59:00Z,10/09 20:59,2422,,2020-10-10T00:59:00Z,2075699,163531,1908333,144230,,,,1447667,80831,4188,76509,69462,,,14213,,20834,3979,29,0,0,1447667,0,1447667,,0,0,1300f71977d699ffe9d03e43843888ef0cdb1590,0,0,0,0,0,
20201011,MO,144230,,1303437,,totalTestsViral,2075699,1313,,,,,,,10/10/2020 00:59,2020-10-10T00:59:00Z,10/09 20:59,2422,,2020-10-10T00:59:00Z,2075699,163531,1908333,144230,,,,1447667,80831,4188,76509,69462,,,14213,,20834,3979,29,0,0,1447667,0,1447667,,0,0,6f2c8b5ba4fcb4c643089742833f11b5b7aefe89,0,0,0,0,0,
20201010,MO,144230,,1303437,,totalTestsViral,2075699,1313,,,,,,,10/10/2020 00:59,2020-10-10T00:59:00Z,10/09 20:59,2422,,2020-10-10T00:59:00Z,2075699,163531,1908333,144230,,,,1447667,80831,4188,76509,69462,,,14213,,20834,3979,29,5066,42982,1447667,74720,1447667,,27,0,c72d1d4a291e4e89727b662f74676e1e19a695c4,0,0,0,0,0,
20201009,MO,139164,,1260455,,totalTestsViral,2000979,1303,,,,,,,10/9/2020 00:59,2020-10-09T00:59:00Z,10/08 20:59,2395,,2020-10-09T00:59:00Z,2000979,158050,1839237,139164,,,,1399619,79581,4042,75405,68411,,,12459,,18390,3722,29,2008,10472,1399619,21589,1399619,,136,0,ec522969834fdce3057ed72821ab45d4354cbd8f,0,0,0,0,0,
20201008,MO,137156,,1249983,,totalTestsViral,1979390,1344,,,,,,,10/8/2020 00:59,2020-10-08T00:59:00Z,10/07 20:59,2259,,2020-10-08T00:59:00Z,1979390,155881,1819846,137156,,,,1387139,79251,3984,75135,68157,,,12276,,18042,3642,29,1505,10619,1387139,20929,1387139,,23,0,7d856299d5028d08548420ddade0dbf621ce05ba,0,0,0,0,0,
20201007,MO,135651,,1239364,,totalTestsViral,1958461,1352,,,,,,,10/7/2020 00:59,2020-10-07T00:59:00Z,10/06 20:59,2236,,2020-10-07T00:59:00Z,1958461,154257,1800597,135651,,,,1375015,79027,3953,74942,67984,,,11596,,16095,3503,29,1068,6808,1375015,11857,1375015,,36,0,ef3755a1773e4b04aa80102f875cf78f724fa520,0,0,0,0,0,
20201006,MO,134583,,1232556,,totalTestsViral,1946604,1249,,,,,,,10/6/2020 00:59,2020-10-06T00:59:00Z,10/05 20:59,2200,,2020-10-06T00:59:00Z,1946604,153132,1789896,134583,,,,1367139,78709,3912,74665,67764,,,11216,,15458,3369,29,1165,7306,1367139,16518,1367139,,26,0,577a73697a04cde860229b47e8389761dc04710d,0,0,0,0,0,
20201005,MO,133418,,1225250,,totalTestsViral,1930086,1201,,,,,,,10/5/2020 00:59,2020-10-05T00:59:00Z,10/04 20:59,2174,,2020-10-05T00:59:00Z,1930086,151860,1774689,133418,,,,1358668,78620,3893,74599,67695,,,10968,,15027,3311,29,987,6936,1358668,13339,1358668,,1,0,0648fb5e9866f51f8ef0cd72b8eaee91de3e9cad,0,0,0,0,0,
20201004,MO,132431,,1218314,,totalTestsViral,1916747,1135,,,,,,,10/4/2020 00:59,2020-10-04T00:59:00Z,10/03 20:59,2173,,2020-10-04T00:59:00Z,1916747,150807,1762433,132431,,,,1350745,78506,3879,74499,67615,,,10942,,14987,3311,29,1326,9863,1350745,18569,1350745,,4,0,b7a38e9a5ea35406db0e986dbfaa16d537f2da36,0,0,0,0,0,
20201003,MO,131105,,1208451,,totalTestsViral,1898178,1144,,,,,,,10/3/2020 00:59,2020-10-03T00:59:00Z,10/02 20:59,2169,,2020-10-03T00:59:00Z,1898178,149342,1745338,131105,,,,1339556,78281,3843,74311,67449,,,10864,,14859,3268,29,1708,11659,1339556,22500,1339556,,25,0,c3bc5920868a2132095294bab4c5b2205f9e8669,0,0,0,0,0,
20201002,MO,129397,,1196792,,totalTestsViral,1875678,1184,,,,,,,10/2/2020 00:59,2020-10-02T00:59:00Z,10/01 20:59,2144,,2020-10-02T00:59:00Z,1875678,147490,1724744,129397,,,,1326189,78026,3809,74087,67252,,,10595,,14434,3225,29,1485,9286,1326189,19692,1326189,,16,0,9feff2499164c37081ea533158f9f9c52a43fe87,0,0,0,0,0,
20201001,MO,127912,,1187506,,totalTestsViral,1855986,1185,,,,,,,9/30/2020 00:00,2020-09-30T00:00:00Z,09/29 20:00,2128,,2020-09-30T00:00:00Z,1855986,145846,1706722,127912,,,,1315418,77845,3773,73944,67113,,,10054,,13721,3136,29,1799,9234,1315418,8617,1315418,,10,0,9d44bf0c082e0a07828935d1691901b501ff3785,0,0,0,0,0,
20200930,MO,126113,,1178272,,totalTestsViral,1847369,1171,,,,,,,9/30/2020 00:00,2020-09-30T00:00:00Z,09/29 20:00,2118,,2020-09-30T00:00:00Z,1847369,143886,1700102,126113,,,,1302958,77904,3747,74027,75327,,,,,11328,3057,29,1351,0,1304385,21170,1304385,,32,0,e68a08afc0514f9b1c4cf7920f82c1741794341e,0,0,0,0,0,
20200929,MO,124762,,1178272,,totalTestsViral,1826199,1219,,,,,,,9/29/2020 00:00,2020-09-29T00:00:00Z,09/28 20:00,2086,,2020-09-29T00:00:00Z,1826199,142431,1680422,124762,,,,1302958,77747,3728,73889,75327,,,,,10572,2863,29,76,0,1303034,13062,1303034,,22,0,ff962479a65bb9709d70d78f007de1f3f3514f21,0,0,0,0,0,
20200928,MO,124686,,1178272,,totalTestsViral,1813137,1137,,,,,,,9/28/2020 00:00,2020-09-28T00:00:00Z,09/27 20:00,2064,,2020-09-28T00:00:00Z,1813137,140554,1669272,124686,,,,1302958,,,,75327,3618,71709,,,,,29,1280,3572,1302958,113818,1302958,,1,0,3d67f0baf1b4cbf7b204ddf13de565dd57ee1e80,0,0,0,0,0,
20200927,MO,123406,,1174700,,totalTestsViral,1699319,1125,,,,,,,9/27/2020 00:00,2020-09-27T00:00:00Z,09/26 20:00,2063,,2020-09-27T00:00:00Z,1699319,129549,1566917,123406,,,,1298106,,,,74259,3518,70741,,,,,29,1392,7545,1298106,11810,1298106,,0,0,eb8bc5942f4befb78b1668115b44c7d3160189bb,0,0,0,0,0,
20200926,MO,122014,,1167155,,totalTestsViral,1687509,1101,,,,,,,9/26/2020 00:00,2020-09-26T00:00:00Z,09/25 20:00,2063,,2020-09-26T00:00:00Z,1687509,128009,1556710,122014,,,,1289169,,,,74093,3508,70585,,,,,29,1716,14288,1289169,20077,1289169,,69,0,133aeec29214a9c50c6a650cc3e6364b7ea524d8,0,0,0,0,0,
20200925,MO,120298,,1152867,,totalTestsViral,1667432,1068,,,,,,,9/25/2020 00:00,2020-09-25T00:00:00Z,09/24 20:00,1994,,2020-09-25T00:00:00Z,1667432,126185,1538424,120298,,,,1273165,,,,73815,3475,70340,,,,,29,1987,11647,1273165,18080,1273165,,42,0,d84db871e561d29f4e42de6325560130e5b041c2,0,0,0,0,0,
20200924,MO,118311,,1141220,,totalTestsViral,1649352,1056,,,,,,,9/24/2020 00:00,2020-09-24T00:00:00Z,09/23 20:00,1952,,2020-09-24T00:00:00Z,1649352,124668,1521891,118311,,,,1259531,,,,73592,3462,70130,,,,,29,1365,13603,1259531,15489,1259531,,5,0,c6845ac55bb21e1a7b726b0f97ef03cbff133d1d,0,0,0,0,0,
20200923,MO,116946,,1127617,,totalTestsViral,1633863,989,,,,,,,9/23/2020 00:00,2020-09-23T00:00:00Z,09/22 20:00,1947,,2020-09-23T00:00:00Z,1633863,122803,1508256,116946,,,,1244563,,,,73234,3388,69846,,,,,29,1580,1234,1244563,5540,1244563,,83,0,dd3d2e7123e64363fdab2c2662afcbbfbe45fa68,0,0,0,0,0,
20200922,MO,115366,,1126383,,totalTestsViral,1628323,981,,,,,,,9/22/2020 00:00,2020-09-22T00:00:00Z,09/21 20:00,1864,,2020-09-22T00:00:00Z,1628323,122668,1502893,115366,,,,1241749,,,,73015,3368,69647,,,,,29,1059,21131,1241749,35348,1241749,,57,0,071e6101090e57504bba5e97bbe61de2b27e43e5,0,0,0,0,0,
20200921,MO,114307,,1105252,,totalTestsViral,1592975,1022,,,,,,,9/21/2020 00:00,2020-09-21T00:00:00Z,09/20 20:00,1807,,2020-09-21T00:00:00Z,1592975,121430,1468805,114307,,,,1219559,,,,72529,3346,69183,,,,,29,1463,5588,1219559,8991,1219559,,12,0,d55b722da0dbb7f6cd0665de63a12154c92874d6,0,0,0,0,0,
20200920,MO,112844,,1099664,,totalTestsViral,1583984,1064,,,,,,,9/20/2020 00:00,2020-09-20T00:00:00Z,09/19 20:00,1795,,2020-09-20T00:00:00Z,1583984,120142,1461128,112844,,,,1212508,,,,72455,3316,69139,,,,,29,1328,8556,1212508,12982,1212508,,2,0,c9a02da36775b6dc96dc72859631804bbc9f8e40,0,0,0,0,0,
20200919,MO,111516,,1091108,,totalTestsViral,1571002,1004,,,,,,,9/19/2020 00:00,2020-09-19T00:00:00Z,09/18 20:00,1793,,2020-09-19T00:00:00Z,1571002,118677,1449613,111516,,,,1202624,,,,72342,3287,69055,,,,,29,1387,10857,1202624,16377,1202624,,13,0,b3da868da0502fe35b9b9db09263874ba4179df3,0,0,0,0,0,
20200918,MO,110129,,1080251,,totalTestsViral,1554625,1025,,,,,,,9/18/2020 00:00,2020-09-18T00:00:00Z,09/17 20:00,1780,,2020-09-18T00:00:00Z,1554625,117326,1434610,110129,,,,1190380,,,,72085,3266,68819,,,,,29,1795,10004,1190380,16393,1190380,,23,0,f8192ff690b0b248bae78ccdbbfa6179d794b647,0,0,0,0,0,
20200917,MO,108334,,1070247,,totalTestsViral,1538232,962,,,,,,,9/17/2020 00:00,2020-09-17T00:00:00Z,09/16 20:00,1757,,2020-09-17T00:00:00Z,1538232,115983,1419584,108334,,,,1178581,,,,71852,3250,68602,,,,,29,1747,12451,1178581,18798,1178581,,18,0,519c4d20bf1dcd258841510bad87c1407ae38c81,0,0,0,0,0,
20200916,MO,106587,,1057796,,totalTestsViral,1519434,989,,,,,,,9/16/2020 00:00,2020-09-16T00:00:00Z,09/15 20:00,1739,,2020-09-16T00:00:00Z,1519434,114421,1402394,106587,,,,1164383,,,,71668,3241,68427,,,,,29,1191,7440,1164383,9092,1164383,,7,0,e3ce72fab2d6238a4888ef515eeea849c0e92824,0,0,0,0,0,
20200915,MO,105396,,1050356,,totalTestsViral,1510342,1021,,,,,,,9/15/2020 00:00,2020-09-15T00:00:00Z,09/14 20:00,1732,,2020-09-15T00:00:00Z,1510342,113579,1394117,105396,,,,1155752,,,,71476,3220,68256,,,,,29,1317,9228,1155752,15029,1155752,,18,0,dd850af61e9ebe77437bb9f6f3fc1ce0cdaef325,0,0,0,0,0,
20200914,MO,104079,,1041128,,totalTestsViral,1495313,1010,,,,,,,9/14/2020 00:00,2020-09-14T00:00:00Z,09/13 20:00,1714,,2020-09-14T00:00:00Z,1495313,112317,1380372,104079,,,,1145207,,,,71452,3221,68231,,,,,29,1332,15175,1145207,19730,1145207,,9,0,c0a3faab27ce0398a9fb4511e337b0b8a7f24239,0,0,0,0,0,
20200913,MO,102747,,1025953,,totalTestsViral,1475583,971,,,,,,,9/13/2020 00:00,2020-09-13T00:00:00Z,09/12 20:00,1705,,2020-09-13T00:00:00Z,1475583,110962,1362014,102747,,,,1128700,,,,71148,3196,67952,,,,,29,1613,13714,1128700,18739,1128700,,1,0,ca7b6506d23ac3daa9a26e78c19ef2fcc9989960,0,0,0,0,0,
20200912,MO,101134,,1012239,,totalTestsViral,1456844,1040,,,,,,,9/12/2020 00:00,2020-09-12T00:00:00Z,09/11 20:00,1704,,2020-09-12T00:00:00Z,1456844,109562,1344724,101134,,,,1113373,,,,70997,3188,67809,,,,,29,1974,14827,1113373,19114,1113373,,3,0,aeeb1c7c3a0738230d4cdcb8b30dd27af2dac261,0,0,0,0,0,
20200911,MO,99160,,997412,,totalTestsViral,1437730,934,,,,113,,,9/11/2020 00:00,2020-09-11T00:00:00Z,09/10 20:00,1701,,2020-09-11T00:00:00Z,1437730,107727,1327482,99160,,,,1096572,,,,70812,3157,67655,,,,,29,1569,11079,1096572,18275,1096572,,10,0,85784b671261a50c59c800771ec0392d56fb9334,0,0,0,0,0,
20200910,MO,97591,,986333,,totalTestsViral,1419455,934,,,,113,,,9/10/2020 00:00,2020-09-10T00:00:00Z,09/09 20:00,1691,,2020-09-10T00:00:00Z,1419455,106440,1310509,97591,,,,1083924,,,,70634,3136,67498,,,,,29,1116,11899,1083924,19498,1083924,,18,0,9b41ff31ac5a7e578037074152b1cd80405c6fc1,0,0,0,0,0,
20200909,MO,96475,,974434,,totalTestsViral,1399957,934,,,,113,,,9/9/2020 00:00,2020-09-09T00:00:00Z,09/08 20:00,1673,,2020-09-09T00:00:00Z,1399957,105700,1291761,96475,,,,1070909,,,,70267,3112,67155,,,,,29,1362,8317,1070909,12678,1070909,,12,0,6e4a4961ae26a21bbb70ba0199015d484ab31684,0,0,0,0,0,
20200908,MO,95113,,966117,,totalTestsViral,1387279,934,,,,113,,,9/8/2020 00:00,2020-09-08T00:00:00Z,09/07 20:00,1661,,2020-09-08T00:00:00Z,1387279,104695,1280117,95113,,,,1061230,,,,70177,3102,67075,,,,,29,773,6072,1061230,8636,1061230,,2,0,e2eeeb5aea91a50406b40f9874fbdc2c1136d829,0,0,0,0,0,
20200907,MO,94340,,960045,,totalTestsViral,1378643,934,,,,113,,,9/7/2020 00:00,2020-09-07T00:00:00Z,09/06 20:00,1659,,2020-09-07T00:00:00Z,1378643,103847,1272326,94340,,,,1054385,,,,70158,3087,67071,,,,,29,906,7636,1054385,10058,1054385,,1,0,d6032a233ef66c3c836dc07533a4aef876c1b66d,0,0,0,0,0,
20200906,MO,93434,,952409,,totalTestsViral,1368585,934,,,,113,,,9/6/2020 00:00,2020-09-06T00:00:00Z,09/05 20:00,1658,,2020-09-06T00:00:00Z,1368585,102766,1263356,93434,,,,1045843,,,,70006,3085,66921,,,,,29,1232,6310,1045843,8123,1045843,,19,0,0a6faa9a3312817053c0fb0321208690b01149da,0,0,0,0,0,
20200905,MO,92202,,946099,,totalTestsViral,1360462,934,,,,113,,,9/5/2020 00:00,2020-09-05T00:00:00Z,09/04 20:00,1639,,2020-09-05T00:00:00Z,1360462,101521,1256574,92202,,,,1038301,,,,69847,3040,66807,,,,,29,1987,14584,1038301,20791,1038301,,77,0,7996f1db9fe2d9ba006e6194a224c2f02a046870,0,0,0,0,0,
20200904,MO,90215,,931515,,totalTestsViral,1339671,934,,,,113,,,9/4/2020 00:00,2020-09-04T00:00:00Z,09/03 20:00,1562,,2020-09-04T00:00:00Z,1339671,99995,1237342,90215,,,,1021730,,,,69634,3017,66617,,,,,29,1605,12047,1021730,16422,1021730,,17,0,6a23cf3bac45b59787cb8aa2ce13b8f39d86983c,0,0,0,0,0,
20200903,MO,88610,,919468,,totalTestsViral,1323249,934,,,,113,,,9/3/2020 00:00,2020-09-03T00:00:00Z,09/02 20:00,1545,,2020-09-03T00:00:00Z,1323249,98525,1222406,88610,,,,1008078,,,,69430,2982,66448,,,,,29,1397,8584,1008078,12226,1008078,,3,0,1040a17783f74416b06b6da160278db97612d61a,0,0,0,0,0,
20200902,MO,87213,,910884,,totalTestsViral,1311023,934,,,,113,,,9/2/2020 00:00,2020-09-02T00:00:00Z,09/01 20:00,1542,,2020-09-02T00:00:00Z,1311023,96924,1211811,87213,,,,998097,,,,69257,2952,66305,,,,,29,1458,5395,998097,5992,998097,,4,0,1f91aea95b517098c8b893a5319696a282e15366,0,0,0,0,0,
20200901,MO,85755,,905489,,totalTestsViral,1305031,906,,,,110,,,9/1/2020 00:00,2020-09-01T00:00:00Z,08/31 20:00,1538,,2020-09-01T00:00:00Z,1305031,96068,1206684,85755,,,,991244,,,,69005,2908,66097,,,,,29,1058,7231,991244,10904,991244,,8,0,fe400abbea101424c04d5fb606425f0638282513,0,0,0,0,0,
20200831,MO,84697,,898258,,totalTestsViral,1294127,906,,,,110,,,8/31/2020 00:00,2020-08-31T00:00:00Z,08/30 20:00,1530,,2020-08-31T00:00:00Z,1294127,95127,1196755,84697,,,,982955,,,,68924,2899,66025,,,,,29,1042,7676,982955,11071,982955,,22,0,4bbac3b4af5bceb97dd0fa41041e5128f340d4ac,0,0,0,0,0,
20200830,MO,83655,,890582,,totalTestsViral,1283056,1004,,,,111,,,8/30/2020 00:00,2020-08-30T00:00:00Z,08/29 20:00,1508,,2020-08-30T00:00:00Z,1283056,93879,1186910,83655,,,,974237,,,,68819,2884,65935,,,,,29,1465,7446,974237,11197,974237,,12,0,e117acebda6c8bb8e868314487c4d5161056eda3,0,0,0,0,0,
20200829,MO,82190,,883136,,totalTestsViral,1271859,976,,,,113,,,8/29/2020 00:00,2020-08-29T00:00:00Z,08/28 20:00,1496,,2020-08-29T00:00:00Z,1271859,92544,1177080,82190,,,,965326,,,,68525,2851,65674,,,,,29,1198,9495,965326,13274,965326,,32,0,e96c7627f6150ceb880d187460401f682e21c75b,0,0,0,0,0,
20200828,MO,80992,,873641,,totalTestsViral,1258585,1007,,,,118,,,8/28/2020 00:00,2020-08-28T00:00:00Z,08/27 20:00,1464,,2020-08-28T00:00:00Z,1258585,91202,1165164,80992,,,,954633,,,,68113,2829,65284,,,,,29,1418,10192,954633,15535,954633,,14,0,2f5a5e50530f3db456bca1e7b25a2f65e141811a,0,0,0,0,0,
20200827,MO,79574,,863449,,totalTestsViral,1243050,902,,,,110,,,8/27/2020 00:00,2020-08-27T00:00:00Z,08/26 20:00,1450,,2020-08-27T00:00:00Z,1243050,89878,1150970,79574,,,,943023,,,,67581,2778,64803,,,,,29,1512,9371,943023,13011,943023,,1,0,75b3c9d038e32af0c22eb138caa73cbd5308a2f0,0,0,0,0,0,
20200826,MO,78062,,854078,,totalTestsViral,1230039,882,,,,116,,,8/26/2020 00:00,2020-08-26T00:00:00Z,08/25 20:00,1449,,2020-08-26T00:00:00Z,1230039,88500,1139402,78062,,,,932140,,,,67139,2737,64402,,,,,29,1426,6636,932140,6568,932140,,9,0,cbc54db5e8a8e412ef6ef8cc48af4addfb80ca2b,0,0,0,0,0,
20200825,MO,76636,,847442,,totalTestsViral,1223471,925,,,,119,,,8/25/2020 00:00,2020-08-25T00:00:00Z,08/24 20:00,1440,,2020-08-25T00:00:00Z,1223471,87041,1134314,76636,,,,924078,,,,66891,2705,64186,,,,,29,692,3674,924078,9015,924078,,14,0,3b1febfc870db3a9edc85b376efe20380e6d118b,0,0,0,0,0,
20200824,MO,75944,,843768,,totalTestsViral,1214456,957,,,,118,,,8/24/2020 00:00,2020-08-24T00:00:00Z,08/23 20:00,1426,,2020-08-24T00:00:00Z,1214456,86924,1125404,75944,,,,919712,,,,66838,2714,64124,,,,,29,869,4010,919712,-3641,919712,,0,0,bcb76d299fcf1044fda457603286f77876beb105,0,0,0,0,0,
20200823,MO,75075,,839758,,totalTestsViral,1218097,957,,,,118,,,8/23/2020 00:00,2020-08-23T00:00:00Z,08/22 20:00,1426,,2020-08-23T00:00:00Z,1218097,87456,1128457,75075,,,,914833,,,,66819,2710,64109,,,,,29,818,9321,914833,21555,914833,,1,0,2f141362a5dae77ef830053ef21f1c668f46b922,0,0,0,0,0,
20200822,MO,74257,,830437,,totalTestsViral,1196542,913,,,,104,,,8/22/2020 00:00,2020-08-22T00:00:00Z,08/21 20:00,1425,,2020-08-22T00:00:00Z,1196542,84986,1109461,74257,,,,904694,,,,66401,2649,63752,,,,,29,1293,7295,904694,11007,904694,,6,0,612d78b6bef45aec9ba499c73edc0082490d2856,0,0,0,0,0,
20200821,MO,72964,,823142,,totalTestsViral,1185535,875,,,,114,,,8/21/2020 00:00,2020-08-21T00:00:00Z,08/20 20:00,1419,,2020-08-21T00:00:00Z,1185535,83699,1099769,72964,,,,896106,,,,66061,2633,63428,,,,,29,1231,9001,896106,12876,896106,,2,0,d9dd25920b5fe46a681498ec2d64965bcac1678c,0,0,0,0,0,
20200820,MO,71733,,814141,,totalTestsViral,1172659,875,,,,114,,,8/20/2020 00:00,2020-08-20T00:00:00Z,08/19 20:00,1417,,2020-08-20T00:00:00Z,1172659,82566,1088054,71733,,,,885874,,,,65702,2606,63096,,,,,29,1058,10021,885874,14215,885874,,3,0,d47705299a6ad7ed9ea0a548e8f636b23e8b40da,0,0,0,0,0,
20200819,MO,70675,,804120,,totalTestsViral,1158444,875,,,,114,,,8/19/2020 00:00,2020-08-19T00:00:00Z,08/18 20:00,1414,,2020-08-19T00:00:00Z,1158444,81200,1075226,70675,,,,874795,,,,65313,2576,62737,,,,,29,1258,6056,874795,7807,874795,,12,0,e542c229c1843879eb2de9523e46ff61743c129b,0,0,0,0,0,
20200818,MO,69417,,798064,,totalTestsViral,1150637,891,,,,116,,,8/18/2020 00:00,2020-08-18T00:00:00Z,08/17 20:00,1402,,2020-08-18T00:00:00Z,1150637,80526,1068096,69417,,,,867481,,,,65068,2564,62504,,,,,29,794,8070,867481,11747,867481,,6,0,5a606c58da87426baaf2a00d2da8ef7802fda368,0,0,0,0,0,
20200817,MO,68623,,789994,,totalTestsViral,1138890,853,,,,119,,,8/17/2020 00:00,2020-08-17T00:00:00Z,08/16 20:00,1396,,2020-08-17T00:00:00Z,1138890,79618,1057293,68623,,,,858617,,,,64968,2549,62419,,,,,29,1148,11851,858617,19763,858617,,29,0,df966b6134de3d40bcfd8dc1b5100247fd02fcd1,0,0,0,0,0,
20200816,MO,67475,,778143,,totalTestsViral,1119127,889,,,,121,,,8/16/2020 00:00,2020-08-16T00:00:00Z,08/15 20:00,1367,,2020-08-16T00:00:00Z,1119127,78458,1038713,67475,,,,845618,,,,64503,2521,61982,,,,,29,1078,9099,845618,12544,845618,,21,0,3871e87b9e307592c8d32e509f1c07db2cf0dcf0,0,0,0,0,0,
20200815,MO,66397,,769044,,totalTestsViral,1106583,871,,,,113,,,8/15/2020 00:00,2020-08-15T00:00:00Z,08/14 20:00,1346,,2020-08-15T00:00:00Z,1106583,77152,1027492,66397,,,,835441,,,,64229,2492,61737,,,,,29,1127,9445,835441,12613,835441,,11,0,07f1bf6907dbea2d7a463820d94a15d46eab592f,0,0,0,0,0,
20200814,MO,65270,,759599,,totalTestsViral,1093970,882,,,,107,,,8/14/2020 00:00,2020-08-14T00:00:00Z,08/13 20:00,1335,,2020-08-14T00:00:00Z,1093970,75959,1016099,65270,,,,824869,,,,63781,2460,61321,,,,,29,1473,12039,824869,19509,824869,,10,0,ece5a39eeb9ba65eeb57105e8d19bfb6d8d6dc50,0,0,0,0,0,
20200813,MO,63797,,747560,,totalTestsViral,1074461,882,,,,111,,,8/13/2020 00:00,2020-08-13T00:00:00Z,08/12 20:00,1325,,2020-08-13T00:00:00Z,1074461,74219,998356,63797,,,,811357,,,,63158,2412,60746,,,,,29,1267,11509,811357,16753,811357,,2,0,f6fa3e9b82c5f670a0f26f3860c46035582ca5c6,0,0,0,0,0,
20200812,MO,62530,,736051,,totalTestsViral,1057708,861,,,,107,,,8/12/2020 00:00,2020-08-12T00:00:00Z,08/11 20:00,1323,,2020-08-12T00:00:00Z,1057708,72841,983054,62530,,,,798581,,,,62801,2397,60404,,,,,29,1595,9766,798581,10898,798581,,11,0,f060053dd168c0b17299582d26586911c736c632,0,0,0,0,0,
20200811,MO,60935,,726285,,totalTestsViral,1046810,923,,,,112,,,8/11/2020 00:00,2020-08-11T00:00:00Z,08/10 20:00,1312,,2020-08-11T00:00:00Z,1046810,72091,972909,60935,,,,787220,,,,62908,2394,60514,,,,,29,981,16321,787220,17842,787220,,5,0,6e9da7fbdf0da8b469579b3a117aa8fd1fd28e6e,0,0,0,0,0,
20200810,MO,59954,,709964,,totalTestsViral,1028968,923,,,,112,,,8/10/2020 00:00,2020-08-10T00:00:00Z,08/09 20:00,1307,,2020-08-10T00:00:00Z,1028968,69115,958061,59954,,,,769918,,,,62414,2345,60069,,,,,29,2575,14603,769918,32351,769918,,6,0,3fd1a4b39b00a8c6536fa7f95f567ab5dba535df,0,0,0,0,0,
20200809,MO,57379,,695361,,totalTestsViral,996617,895,,,,105,,,8/7/2020 00:00,2020-08-07T00:00:00Z,08/06 20:00,1301,,2020-08-07T00:00:00Z,996617,66665,928188,57379,,,,752740,,,,61708,2324,59384,,,,,29,0,0,752740,0,752740,,0,0,bfecc9205abc5f134d0a9b21a91b3007999f6a8f,0,0,0,0,0,
20200808,MO,57379,,695361,,totalTestsViral,996617,924,,,,108,,,8/7/2020 00:00,2020-08-07T00:00:00Z,08/06 20:00,1301,,2020-08-07T00:00:00Z,996617,66665,928188,57379,,,,752740,,,,61708,2324,59384,,,,,29,0,0,752740,0,752740,,0,0,48f2da835f05f2810e79e4ad8aa51cf7be0c196f,0,0,0,0,0,
20200807,MO,57379,,695361,,totalTestsViral,996617,930,,,,113,,,8/7/2020 00:00,2020-08-07T00:00:00Z,08/06 20:00,1301,,2020-08-07T00:00:00Z,996617,66665,928188,57379,,,,752740,,,,61708,2324,59384,,,,,29,996,9433,752740,28486,752740,,21,0,2a94c695b814879de5f52d53fef1c0d62f0248e5,0,0,0,0,0,
20200806,MO,56383,,685928,,totalTestsViral,968131,966,,,,110,,,8/6/2020 00:00,2020-08-06T00:00:00Z,08/05 20:00,1280,,2020-08-06T00:00:00Z,968131,64892,901518,56383,,,,742311,,,,61253,2293,58960,,,,,29,1062,10675,742311,10268,742311,,8,0,80d3600c40b797345fa613ccda46b0a42d241728,0,0,0,0,0,
20200805,MO,55321,,675253,,totalTestsViral,957863,882,,,,101,,,8/5/2020 00:00,2020-08-05T00:00:00Z,08/04 20:00,1272,,2020-08-05T00:00:00Z,957863,63881,892311,55321,,,,730574,,,,60779,2265,58514,,,,,29,1241,7810,730574,10940,730574,,6,0,704fefefac2cd1557f650b2edfbce651af72cb7f,0,0,0,0,0,
20200804,MO,54080,,667443,,totalTestsViral,946923,891,,,,99,,,8/4/2020 00:00,2020-08-04T00:00:00Z,08/03 20:00,1266,,2020-08-04T00:00:00Z,946923,62399,882902,54080,,,,721523,,,,60510,2246,58264,,,,,29,1193,7382,721523,10910,721523,,11,0,6d7f655d0b2d62a433a947c487091bb238d1b1b8,0,0,0,0,0,
20200803,MO,52887,,660061,,totalTestsViral,936013,889,,,,99,,,8/3/2020 00:00,2020-08-03T00:00:00Z,08/02 20:00,1255,,2020-08-03T00:00:00Z,936013,61559,872832,52887,,,,712948,,,,60381,2228,58153,,,,,29,1047,9434,712948,15723,712948,,2,0,0e0e37ba70ef6195579aaab16f8b219807627956,0,0,0,0,0,
20200802,MO,51840,,650627,,totalTestsViral,920290,889,,,,96,,,8/2/2020 15:00,2020-08-02T15:00:00Z,08/02 11:00,1253,,2020-08-02T15:00:00Z,920290,60974,858109,51840,,,,702467,,,,59983,2215,57768,,,,,29,582,5140,702467,9334,702467,,0,0,0873449828511a63456cef39c4278021776373dc,0,0,0,0,0,
20200801,MO,51258,,645487,,totalTestsViral,910956,812,,,,103,,,8/1/2020 15:00,2020-08-01T15:00:00Z,08/01 11:00,1253,,2020-08-01T15:00:00Z,910956,59544,849835,51258,,,,696745,,,,59883,2206,57677,,,,,29,935,9037,696745,15265,696745,,10,0,c5783228863c71ce348a3e1269c75047c06e1ff3,0,0,0,0,0,
20200731,MO,50323,,636450,,totalTestsViral,895691,869,,,,108,,,7/31/2020 15:00,2020-07-31T15:00:00Z,07/31 11:00,1243,,2020-07-31T15:00:00Z,895691,57753,836423,50323,,,,686773,,,,59610,2178,57432,,,,,29,1489,10151,686773,18007,686773,,10,0,466fb4783196a8faa9b32138cf735d8f32484310,0,0,0,0,0,
20200730,MO,48834,,626299,,totalTestsViral,877684,813,,,,111,,,7/30/2020 15:00,2020-07-30T15:00:00Z,07/30 11:00,1233,,2020-07-30T15:00:00Z,877684,54787,821441,48834,,,,675133,,,,59210,2137,57073,,,,,29,2084,12150,675133,21248,675133,,13,0,b7e2559ad68fd3f17f2a2b9f969851354330fdc3,0,0,0,0,0,
20200729,MO,46750,,614149,,totalTestsViral,856436,797,,,,112,,,7/29/2020 15:00,2020-07-29T15:00:00Z,07/29 11:00,1220,,2020-07-29T15:00:00Z,856436,52623,802399,46750,,,,660899,,,,58833,2114,56719,,,,,29,1927,6048,660899,9779,660899,,7,0,b4a69acfd9535a6ecd1aabd5c856674d1f5c8d0f,0,0,0,0,0,
20200728,MO,44823,,608101,,totalTestsViral,846657,797,,,,112,,,7/28/2020 15:00,2020-07-28T15:00:00Z,07/28 11:00,1213,,2020-07-28T15:00:00Z,846657,50511,794773,44823,,,,652924,,,,58467,2087,56380,,,,,29,1773,9247,652924,16643,652924,,12,0,dc58355737e379bb67f488e08a3ffe6952b5cd09,0,0,0,0,0,
20200727,MO,43050,,598854,,totalTestsViral,830014,1057,,,,159,,,7/27/2020 15:00,2020-07-27T15:00:00Z,07/27 11:00,1201,,2020-07-27T15:00:00Z,830014,47812,780858,43050,,,,641904,,,,58069,2027,56042,,,,,29,1123,13830,641904,23261,641904,,4,0,c1b41a4f64b31c62102a6264b2280d981a89dc5d,0,0,0,0,0,
20200726,MO,41927,,585024,,totalTestsViral,806753,1057,,,,159,,,7/26/2020 15:00,2020-07-26T15:00:00Z,07/26 11:00,1197,,2020-07-26T15:00:00Z,806753,47784,757625,41927,,,,626951,,,,57483,2027,55456,,,,,29,1218,6012,626951,10787,626951,,15,0,239953cb80cd8d53c01d5dd9db692fd1859264d2,0,0,0,0,0,
20200725,MO,40709,,579012,,totalTestsViral,795966,1057,,,,159,,,7/25/2020 15:00,2020-07-25T15:00:00Z,07/25 11:00,1182,,2020-07-25T15:00:00Z,795966,45726,748933,40709,,,,619721,,,,57152,1994,55158,,,,,29,1357,5749,619721,11196,619721,,4,0,5b8fba356a72e767c884f6b1aa5ca8f15d5b06d2,0,0,0,0,0,
20200724,MO,39352,,573263,,totalTestsViral,784770,1057,,,,159,,,7/24/2020 15:00,2020-07-24T15:00:00Z,07/24 11:00,1178,,2020-07-24T15:00:00Z,784770,43687,739825,39352,,,,612615,,,,56784,1935,54849,,,,,29,1652,7679,612615,15154,612615,,-1,0,3250fcdffda3ec56d1d9d0b886412dd0448b336e,0,0,0,0,0,
20200723,MO,37700,,565584,,totalTestsViral,769616,875,,,,86,,,7/23/2020 15:00,2020-07-23T15:00:00Z,07/23 11:00,1179,,2020-07-23T15:00:00Z,769616,42073,726302,37700,,,,603284,,,,56303,1909,54394,,,,,29,1637,12187,603284,20565,603284,,20,0,105357fa29092f961ddcfb27b0bfce9bbb23e9a6,0,0,0,0,0,
20200722,MO,36063,,553397,,totalTestsViral,749051,875,,,,86,,,7/22/2020 15:00,2020-07-22T15:00:00Z,07/22 11:00,1159,,2020-07-22T15:00:00Z,749051,40767,707077,36063,,,,589460,,,,55622,1876,53746,,,,,29,1301,7839,589460,9911,589460,,16,0,43f44863cf9bc505dc91372ddc7829d3c0bc5083,0,0,0,0,0,
20200721,MO,34762,,545558,,totalTestsViral,739140,875,,,,86,,,7/21/2020 15:00,2020-07-21T15:00:00Z,07/21 11:00,1143,,2020-07-21T15:00:00Z,739140,39567,698398,34762,,,,580320,,,,54991,1861,53130,,,,,29,1138,7270,580320,11003,580320,,11,0,decbb2cd3823ee03a46d7d541b54006f563d63c1,0,0,0,0,0,
20200720,MO,33624,,538288,,totalTestsViral,728137,875,,,,86,,,7/20/2020 15:00,2020-07-20T15:00:00Z,07/20 11:00,1132,,2020-07-20T15:00:00Z,728137,38855,688187,33624,,,,571912,,,,54765,1842,52923,,,,,29,530,12303,571912,19094,571912,,3,0,0101af1b999aa19d063546f2e6e211439c04dd2b,0,0,0,0,0,
20200719,MO,33094,,525985,,totalTestsViral,709043,875,,,,86,,,7/19/2020 15:00,2020-07-19T15:00:00Z,07/19 11:00,1129,,2020-07-19T15:00:00Z,709043,37936,670037,33094,,,,559079,,,,53533,1829,51704,,,,,29,846,7357,559079,12752,559079,,-1,0,da0159767a1a7b4b91eb59e8ce69ce5a25ae6873,0,0,0,0,0,
20200718,MO,32248,,518628,,totalTestsViral,696291,875,,,,86,,,7/18/2020 15:00,2020-07-18T15:00:00Z,07/18 11:00,1130,,2020-07-18T15:00:00Z,696291,36842,658406,32248,,,,550876,,,,52960,1817,51143,,,,,29,960,12020,550876,19253,550876,,9,0,23cbf833f340fad2c0786ae20199be01c65b352e,0,0,0,0,0,
20200717,MO,31288,,506608,,totalTestsViral,677038,875,,,,86,,,7/17/2020 15:00,2020-07-17T15:00:00Z,07/17 11:00,1121,,2020-07-17T15:00:00Z,677038,36023,639989,31288,,,,537896,,,,52265,1798,50467,,,,,29,866,7729,537896,12228,537896,,8,0,181277eae764459932ba23fa02a5ceafcc5164e8,0,0,0,0,0,
20200716,MO,30422,,498879,,totalTestsViral,664810,875,,,,86,,,7/16/2020 15:00,2020-07-16T15:00:00Z,07/16 11:00,1113,,2020-07-16T15:00:00Z,664810,35179,628610,30422,,,,529301,,,,52063,1789,50274,,,,,29,708,10646,529301,17930,529301,,11,0,3f808379fcc4e1a50c126bb2ba2024e0fd2d7598,0,0,0,0,0,
20200715,MO,29714,,488233,,totalTestsViral,646880,875,,,,86,,,7/15/2020 15:00,2020-07-15T15:00:00Z,07/15 11:00,1102,,2020-07-15T15:00:00Z,646880,34290,611600,29714,,,,517947,,,,51446,1779,49667,,,,,29,888,11956,517947,13654,517947,,9,0,3a9339e07551b8927c4e2dfdde34f1c625e4c915,0,0,0,0,0,
20200714,MO,28826,,476277,,totalTestsViral,633226,811,,,,74,,,7/14/2020 15:00,2020-07-14T15:00:00Z,07/14 11:00,1093,,2020-07-14T15:00:00Z,633226,33231,599011,28826,,,,505103,,,,51099,1766,49333,,,,,29,936,8390,505103,12183,505103,,10,0,d3d612c3c9f16ebd10cb73e5d4498103c014c2fb,0,0,0,0,0,
20200713,MO,27890,,467887,,totalTestsViral,621043,932,,,,89,,,7/13/2020 15:00,2020-07-13T15:00:00Z,07/13 11:00,1083,,2020-07-13T15:00:00Z,621043,32874,587188,27890,,,,495777,,,,50495,1746,48749,,,,,29,447,9822,495777,15997,495777,,14,0,c80a384b87663a96bdc6db1c1a96d887e2166b6f,0,0,0,0,0,
20200712,MO,27443,,458065,,totalTestsViral,605046,883,,,,80,,,7/12/2020 15:00,2020-07-12T15:00:00Z,07/12 11:00,1069,,2020-07-12T15:00:00Z,605046,32546,571520,27443,,,,485508,,,,50108,1745,48363,,,,,29,310,10648,485508,14620,485508,,0,0,bffa45d18203f0df2171c71a108522055d360215,0,0,0,0,0,
20200711,MO,27133,,447417,,totalTestsViral,590426,883,,,,72,,,7/11/2020 15:00,2020-07-11T15:00:00Z,07/11 11:00,1069,,2020-07-11T15:00:00Z,590426,32518,556928,27133,,,,474550,,,,49395,1745,47650,,,,,29,1134,18591,474550,13889,474550,,18,0,d44394df89941a8f2cfcfd6b5aa9a6416fc4fae6,0,0,0,0,0,
20200710,MO,25999,,428826,,totalTestsViral,576537,886,,,,79,,,7/10/2020 15:00,2020-07-10T15:00:00Z,07/10 11:00,1051,,2020-07-10T15:00:00Z,576537,31075,544522,25999,,,,454825,,,,48179,1670,46509,,,,,29,0,0,454825,13212,454825,,0,0,89e13e60df0a1f31d98d6b953773e6785ebcd3cf,0,0,0,0,0,
20200709,MO,25999,,428826,,totalTestsViral,563325,811,,,,75,,,7/9/2020 15:00,2020-07-09T15:00:00Z,07/09 11:00,1051,,2020-07-09T15:00:00Z,563325,30270,532133,25999,,,,454825,,,,48179,1670,46509,,,,,29,795,11690,454825,15973,454825,,5,0,dde5609dded23978fcd33c336d1183e0182e8d31,0,0,0,0,0,
20200708,MO,25204,,417136,,totalTestsViral,547352,694,,,,74,,,7/8/2020 15:00,2020-07-08T15:00:00Z,07/08 11:00,1046,,2020-07-08T15:00:00Z,547352,29458,517004,25204,,,,442340,,,,47496,1661,45835,,,,,29,575,6417,442340,7957,442340,,4,0,e319a906c0828ed0a5e52e53249550e3af66fe44,0,0,0,0,0,
20200707,MO,24629,,410719,,totalTestsViral,539395,676,,,,67,,,7/7/2020 15:00,2020-07-07T15:00:00Z,07/07 11:00,1042,,2020-07-07T15:00:00Z,539395,28652,509876,24629,,,,435348,,,,47180,1636,45544,,,,,29,773,7830,435348,10560,435348,,14,0,8b668502ba9f59067d401286c743ea1be5924541,0,0,0,0,0,
20200706,MO,23856,,402889,,totalTestsViral,528835,740,,,,73,,,7/5/2020 15:00,2020-07-05T15:00:00Z,07/05 11:00,1028,,2020-07-05T15:00:00Z,528835,28348,499619,23856,,,,426745,,,,46848,1628,45220,,,,,29,420,6816,426745,104621,426745,,0,0,6c80d4e17a76aedee37e536aa34e1c9a50f2c001,0,0,0,0,0,
20200705,MO,23436,,396073,,totalTestsViral,424214,739,,,,72,,,7/5/2020 15:00,2020-07-05T15:00:00Z,07/05 11:00,1028,,2020-07-05T15:00:00Z,424214,23527,399926,23436,,,,419509,,,,46489,1626,44863,,,,,29,221,7027,419509,0,419509,,1,0,702b95d715e65cc4642dada354ce640bd1a3d704,0,0,0,0,0,
20200704,MO,23215,,389046,,totalTestsViral,424214,740,,,,73,,,7/4/2020 15:00,2020-07-04T15:00:00Z,07/04 11:00,1027,,2020-07-04T15:00:00Z,424214,23527,399926,23215,,,,412261,,,,46053,1614,44439,,,,,29,385,6917,412261,0,412261,,1,0,a1a1ad1b1d2743d75ee6d50472445cea3de72c2a,0,0,0,0,0,
20200703,MO,22830,,382129,,totalTestsViral,424214,716,,,,78,,,7/3/2020 00:00,2020-07-03T00:00:00Z,07/02 20:00,1026,,2020-07-03T00:00:00Z,424214,23527,399926,22830,,,,404959,,,,45079,1581,43498,,,,,29,547,7094,404959,0,404959,,4,0,030d0c3fe095cadab15a48e8eb2af193c667fefb,0,0,0,0,0,
20200702,MO,22283,,375035,,totalTestsViral,424214,716,,,,77,,,7/2/2020 15:00,2020-07-02T15:00:00Z,07/02 11:00,1022,,2020-07-02T15:00:00Z,424214,23527,399926,22283,,,,397318,,,,44202,1580,42622,,,,,29,356,7222,397318,0,397318,,5,0,87cacca202b68e1514c59b500f8b159a87b4234a,0,0,0,0,0,
20200701,MO,21927,,367813,,totalTestsViral,424214,592,,,,75,,,7/1/2020 15:00,2020-07-01T15:00:00Z,07/01 11:00,1017,,2020-07-01T15:00:00Z,424214,23527,399926,21927,,,,389740,,,,43529,1568,41961,,,,,29,376,16357,389740,0,389740,,2,0,2fd6f7ee425a12ee92c422657f3916bb7fae6ec5,0,0,0,0,0,
20200630,MO,21551,,351456,,totalTestsViral,424214,599,,,,66,,,6/30/2020 15:00,2020-06-30T15:00:00Z,06/30 11:00,1015,,2020-06-30T15:00:00Z,424214,23527,399926,21551,,,,373007,,,,42984,1548,41436,,,,,29,508,5093,373007,0,373007,,17,0,216e038061318bb4f3f08f540f57772c197ee3ad,0,0,0,0,0,
20200629,MO,21043,,346363,,totalTestsViral,424214,599,,,,,,,6/29/2020 15:00,2020-06-29T15:00:00Z,06/29 11:00,998,,2020-06-29T15:00:00Z,424214,23527,399926,21043,,,,367406,,,,42388,1537,40851,,,,,29,468,5765,367406,0,367406,,1,0,1e32b1ed184ef01b8e51dfa519bb42cec4c0be1f,0,0,0,0,0,
20200628,MO,20575,,340598,,totalTestsViral,424214,412,,,,,,,6/28/2020 15:00,2020-06-28T15:00:00Z,06/28 11:00,997,,2020-06-28T15:00:00Z,424214,23527,399926,20575,,,,361173,,,,41486,1523,39963,,,,,29,314,5569,361173,0,361173,,1,0,d873d2ce1e62eca1174395f4ab18bfe9bef896c5,0,0,0,0,0,
20200627,MO,20261,,335029,,totalTestsViral,424214,680,,,,66,,,6/27/2020 15:00,2020-06-27T15:00:00Z,06/27 11:00,996,,2020-06-27T15:00:00Z,424214,23527,399926,20261,,,,355290,,,,41486,1506,39980,,,,,29,347,6325,355290,0,355290,,6,0,47dfed94946b5f7e20c45dc742ac60650ec1ff72,0,0,0,0,0,
20200626,MO,19914,,328704,,totalTestsViral,424214,600,,,,66,,,6/26/2020 15:00,2020-06-26T15:00:00Z,06/26 11:00,990,,2020-06-26T15:00:00Z,424214,23527,399926,19914,,,,348618,,,,40812,1497,39315,,,,,29,493,6477,348618,97190,348618,,8,0,7a56df7444da81621b0f4dced1d4058c1cb7a770,0,0,0,0,0,
20200625,MO,19421,,322227,,totalTestsViral,327024,546,,,,66,,,6/25/2020 15:00,2020-06-25T15:00:00Z,06/25 11:00,982,,2020-06-25T15:00:00Z,327024,21737,360303,19421,,,,341648,,,,38268,1451,37177,,,,,29,553,14071,341648,0,341648,,7,0,bb37ccdf6c50bb6c5b91f4a787c733218d40829f,0,0,0,0,0,
20200624,MO,18868,,308156,,totalTestsViral,327024,546,,,,66,,,6/24/2020 15:00,2020-06-24T15:00:00Z,06/24 11:00,975,,2020-06-24T15:00:00Z,327024,21737,360303,18868,,,,327024,,,,38268,1446,36822,,,,,29,725,8925,327024,-55586,327024,,14,0,3485efc100e564aeba14e22910028b25aedf9325,0,0,0,0,0,
20200623,MO,18143,,299231,,totalTestsViral,382610,595,,,,66,,,6/22/2020 15:00,2020-06-22T15:00:00Z,06/22 11:00,961,,2020-06-22T15:00:00Z,382610,21737,360303,18143,,,,317374,,,,37664,1421,36243,,,,,29,0,0,317374,112378,317374,,0,0,0764827cb837664479f65b4cfad7c449789ad85d,0,0,0,0,0,
20200622,MO,18143,,299231,,totalTestsViral,270232,415,,,,66,,,6/22/2020 15:00,2020-06-22T15:00:00Z,06/22 11:00,961,,2020-06-22T15:00:00Z,270232,17275,252506,18143,,,,317374,,,,37664,1421,36243,,,,,29,140,2077,317374,0,317374,,5,0,42e1f3dfefd365062a518d006252eec8f21f4544,0,0,0,0,0,
20200621,MO,18003,,297154,,totalTestsViral,270232,415,,,,66,,,6/21/2020 15:00,2020-06-21T15:00:00Z,06/21 11:00,956,,2020-06-21T15:00:00Z,270232,17275,252506,18003,,,,315157,,,,37632,1419,36213,,,,,29,413,3629,315157,0,315157,,1,0,5f62ea058e858d34a8274c1bf7d94d787f57dbea,0,0,0,0,0,
20200620,MO,17590,,293525,,totalTestsViral,270232,415,,,,66,,,6/20/2020 15:00,2020-06-20T15:00:00Z,06/20 11:00,955,,2020-06-20T15:00:00Z,270232,17275,252506,17590,,,,311115,,,,37210,1387,35823,,,,,29,389,4442,311115,0,311115,,7,0,ecaabe42e3f5985387f186f60293cd0e1ab74d7d,0,0,0,0,0,
20200619,MO,17201,,289083,,totalTestsViral,270232,594,,,,70,,,6/19/2020 15:00,2020-06-19T15:00:00Z,06/19 11:00,948,,2020-06-19T15:00:00Z,270232,17275,252506,17201,,,,306284,,,,36650,1385,35265,,,,,29,293,8649,306284,0,306284,,2,0,5285f42ab57384b00c97b89aaa78e47edb0d48b5,0,0,0,0,0,
20200618,MO,16908,,280434,,totalTestsViral,270232,533,,,,64,,,6/18/2020 15:00,2020-06-18T15:00:00Z,06/18 11:00,946,,2020-06-18T15:00:00Z,270232,17275,252506,16908,,,,297342,,,,36078,1363,34715,,,,,29,283,12057,297342,0,297342,,37,0,9d702a80ca2bbf88cbc064f118e40d0ec2c79b1c,0,0,0,0,0,
20200617,MO,16625,,268377,,totalTestsViral,270232,533,,,,66,,,6/17/2020 15:00,2020-06-17T15:00:00Z,06/17 11:00,909,,2020-06-17T15:00:00Z,270232,17275,252506,16625,,,,284791,,,,34945,1308,33637,,,,,29,211,0,285002,0,285002,,27,0,9683437d3f6ef5b389857a810f3eee1dd4f42612,0,0,0,0,0,
20200616,MO,16414,,268377,,totalTestsViral,270232,524,,,,66,,,6/16/2020 15:00,2020-06-16T15:00:00Z,06/16 11:00,882,,2020-06-16T15:00:00Z,270232,17275,252506,16414,,,,284791,,,,34945,1308,33637,,,,,29,225,4625,284791,0,284791,,2,0,e8f17f11d51beba63a75286f09fda814e678f24c,0,0,0,0,0,
20200615,MO,16189,,263752,,totalTestsViral,270232,612,,,,64,,,6/15/2020 15:00,2020-06-15T15:00:00Z,06/15 11:00,880,,2020-06-15T15:00:00Z,270232,17275,252506,16189,,,,279941,,,,34415,1288,33127,,,,,29,379,4073,279941,0,279941,,1,0,65ad68a34a8734e5061c8d399a4bee6dd6a3535a,0,0,0,0,0,
20200614,MO,15810,,259679,,totalTestsViral,270232,647,,,,65,,,6/14/2020 15:00,2020-06-14T15:00:00Z,06/14 11:00,879,,2020-06-14T15:00:00Z,270232,17275,252506,15810,,,,275489,,,,34292,1275,33017,,,,,29,0,5693,275489,0,275489,,0,0,2e33a3ad7e753728771cf4931fcee708f7cfb0c0,0,0,0,0,0,
20200613,MO,15810,,253986,,totalTestsViral,270232,595,,,,69,,,6/13/2020 15:00,2020-06-13T15:00:00Z,06/13 11:00,879,,2020-06-13T15:00:00Z,270232,17275,252506,15810,,,,269796,,,,33588,1275,32313,,,,,29,225,4436,269796,0,269796,,7,0,d56e71df9a14f22dac6b42159ccbed9d39ffff29,0,0,0,0,0,
20200612,MO,15585,,249550,,totalTestsViral,270232,593,,,,69,,,6/12/2020 15:00,2020-06-12T15:00:00Z,06/12 11:00,872,,2020-06-12T15:00:00Z,270232,17275,252506,15585,,,,265135,,,,32452,1232,31220,,,,,29,195,5900,265135,0,265135,,12,0,17f5b87af09b7784d95a9858dbcf72979243189f,0,0,0,0,0,
20200611,MO,15390,,243650,,totalTestsViral,270232,537,,,,59,,,6/11/2020 15:00,2020-06-11T15:00:00Z,06/11 11:00,860,,2020-06-11T15:00:00Z,270232,17275,252506,15390,,,,259040,,,,31470,1195,30275,,,,,29,203,7208,259040,0,259040,,12,0,374e140b93a5d5d45f8da6b108742efcb2af894a,0,0,0,0,0,
20200610,MO,15187,,236442,,totalTestsViral,270232,533,,,,59,,,6/10/2020 15:00,2020-06-10T15:00:00Z,06/10 11:00,848,,2020-06-10T15:00:00Z,270232,17275,252506,15187,,,,251629,,,,30893,1175,29718,,,,,29,274,5660,251629,0,251629,,8,0,d3fd68e5517bae3a10547f19b27bc022b35345e8,0,0,0,0,0,
20200609,MO,14913,,230782,,totalTestsViral,270232,533,,,,59,,,6/9/2020 15:00,2020-06-09T15:00:00Z,06/09 11:00,840,,2020-06-09T15:00:00Z,270232,17275,252506,14913,,,,245695,,,,30136,1159,28977,,,,,29,179,4055,245695,0,245695,,21,0,7cda77e1516a69854930ee319c070639bdc3df1b,0,0,0,0,0,
20200608,MO,14734,,226727,,totalTestsViral,270232,611,,,,76,,,6/8/2020 15:00,2020-06-08T15:00:00Z,06/08 11:00,819,,2020-06-08T15:00:00Z,270232,17275,252506,14734,,,,241461,,,,28745,1084,27626,,,,,29,181,4422,241461,0,241461,,10,0,0e830f6b57ca976874a417638c67d31c7c178342,0,0,0,0,0,
20200607,MO,14553,,222305,,totalTestsViral,270232,657,,,,84,,,6/7/2020 00:00,2020-06-07T00:00:00Z,06/06 20:00,809,,2020-06-07T00:00:00Z,270232,17275,252506,14553,,,,236755,,,,29518,1117,28401,,,,,29,111,6682,236858,0,236858,,0,0,1c5eb1b9e88aecd47baa450ac94da0e1c9ac5587,0,0,0,0,0,
20200606,MO,14442,,215623,,totalTestsViral,270232,666,,,,79,,,6/6/2020 00:00,2020-06-06T00:00:00Z,06/05 20:00,809,,2020-06-06T00:00:00Z,270232,17275,252506,14442,,,,229867,,,,28480,1084,27396,,,,,29,189,5334,230065,15242,230065,,10,0,96362d0d59a9f372c3c3ceb256a18cc8d076521e,0,0,0,0,0,
20200605,MO,14253,,210289,,totalTestsViral,254990,666,,,,79,,,6/5/2020 15:00,2020-06-05T15:00:00Z,06/05 11:00,799,,2020-06-05T15:00:00Z,254990,16681,237939,14253,,,,224542,,,,27567,1061,26506,,,,,29,196,5685,224542,71340,224542,,13,0,9035fe50601d524279ffb0e8412e050fa5c6b6dd,0,0,0,0,0,
20200604,MO,14057,,204604,,totalTestsViral,183650,599,,,,82,,,6/4/2020 15:00,2020-06-04T15:00:00Z,06/04 11:00,786,,2020-06-04T15:00:00Z,183650,14498,168871,13774,,,,218378,,,,26869,1041,25828,,,,,29,290,7018,218661,0,218661,,0,0,2e270d04f05b7385826e1440656a02430e1f83b4,0,0,0,0,0,
20200603,MO,13767,,197586,,totalTestsViral,183650,571,,,,70,,,6/3/2020 15:00,2020-06-03T15:00:00Z,06/03 11:00,786,,2020-06-03T15:00:00Z,183650,14498,168871,13767,,,,211118,,,,25687,1006,24681,,,,,29,192,5731,211353,0,211353,,3,0,f494d38d0c84f8d215989a152e511b314a017c4c,0,0,0,0,0,
20200602,MO,13575,,191855,,totalTestsViral,183650,693,,,,81,,,6/2/2020 00:00,2020-06-02T00:00:00Z,06/01 20:00,783,,2020-06-02T00:00:00Z,183650,14498,168871,13306,,,,205161,,,,24724,985,23739,,,,,29,248,5474,205430,0,205430,,10,0,bfacecd335a293340099ed12727c024bef8a8e2c,0,0,0,0,0,
20200601,MO,13327,,186381,,totalTestsViral,183650,693,,,,78,,,6/1/2020 15:00,2020-06-01T15:00:00Z,06/01 11:00,773,,2020-06-01T15:00:00Z,183650,14498,168871,13327,,,,199435,,,,24048,953,23095,,,,,29,180,5967,199708,0,199708,,1,0,bb410c9135c05a317ba848a6ce6e241920b9721c,0,0,0,0,0,
20200531,MO,13147,,180414,,totalTestsViral,183650,718,,,,83,,,5/31/2020 00:00,2020-05-31T00:00:00Z,05/30 20:00,772,,2020-05-31T00:00:00Z,183650,14498,168871,12966,,,,193380,,,,23978,943,23035,,,,,29,185,7946,193561,0,193561,,1,0,6b0c31dc48df5d24c43b61dfbfe07ffab4c6cd58,0,0,0,0,0,
20200530,MO,12962,,172468,,totalTestsViral,183650,679,,,,85,,,5/30/2020 00:00,2020-05-30T00:00:00Z,05/29 20:00,771,,2020-05-30T00:00:00Z,183650,14498,168871,12966,,,,185434,,,,23252,939,22313,,,,,29,167,7413,185430,0,185430,,33,0,5a93c11dd215c587435df52e0a3602e308150d3d,0,0,0,0,0,
20200529,MO,12795,,165055,,totalTestsViral,183650,650,,,,85,,,5/29/2020 00:00,2020-05-29T00:00:00Z,05/28 20:00,738,,2020-05-29T00:00:00Z,183650,14498,168871,12616,,,,177671,,,,22184,869,21315,,,,,29,122,6661,177850,0,177850,,31,0,2d0cbc0489ee8afd9640311a96ae92e364fee27b,0,0,0,0,0,
20200528,MO,12673,,158394,,totalTestsViral,183650,648,,,,88,,,5/28/2020 15:00,2020-05-28T15:00:00Z,05/28 11:00,707,,2020-05-28T15:00:00Z,183650,14498,168871,12470,,,,170864,,,,21957,833,21094,,,,,29,181,5365,171067,0,171067,,11,0,1fc758ab34098c192fda1c81447b48446752c627,0,0,0,0,0,
20200527,MO,12492,,153029,,totalTestsViral,183650,644,,,,84,,,5/27/2020 15:00,2020-05-27T15:00:00Z,05/27 11:00,696,,2020-05-27T15:00:00Z,183650,14498,168871,12275,,,,165304,,,,19936,813,19123,,,,,29,201,5022,165521,0,165521,,10,0,470a9c8eb521872ce4a62605f404c4ddedd28da7,0,0,0,0,0,
20200526,MO,12291,,148007,,totalTestsViral,183650,500,,,,82,,,5/26/2020 15:00,2020-05-26T15:00:00Z,05/26 11:00,686,,2020-05-26T15:00:00Z,183650,14498,168871,12106,,,,160113,,,,19830,780,19050,,,,,29,124,2789,160298,3530,160298,,1,0,a6639bfd95fd204ba87f91f661fcf9ec76ee7a04,0,0,0,0,0,
20200525,MO,12167,,145218,,totalTestsViral,180120,729,,,,93,,,5/25/2020 15:00,2020-05-25T15:00:00Z,05/25 11:00,685,,2020-05-25T15:00:00Z,180120,14273,165572,11913,,,,157131,,,,20198,727,19443,,,,,29,179,5587,157385,10388,157385,,4,0,81f857234b802be965ded00db8f0d054657a78ee,0,0,0,0,0,
20200524,MO,11988,,139631,,totalTestsViral,169732,742,,,,94,,,5/24/2020 15:00,2020-05-24T15:00:00Z,05/24 11:00,681,,2020-05-24T15:00:00Z,169732,14137,155323,11988,,,,151619,,,,18868,692,18176,,,,,29,236,3079,151619,682,151619,,5,0,6d70a8b5c70493cd67eee2a1ebce81544357bf83,0,0,0,0,0,
20200523,MO,11752,,136552,,totalTestsViral,169050,742,,,,94,,,5/23/2020 15:00,2020-05-23T15:00:00Z,05/23 11:00,676,,2020-05-23T15:00:00Z,169050,14135,154644,11751,,,,165411,,,,17138,678,16435,,,,,29,194,-24836,148304,1851,148304,,5,0,2518da492fc1c5dfa1bda637f29fb176e274b608,0,0,0,0,0,
20200522,MO,11558,,161388,,totalTestsViral,167199,711,,,,93,,,5/22/2020 15:00,2020-05-22T15:00:00Z,05/22 11:00,671,,2020-05-22T15:00:00Z,167199,14046,152883,11558,,,,172946,,,,16192,647,15520,,,,,29,218,10636,172946,3515,172946,,10,0,2e6df4ebbf2b85c5052ef6d86e6423393ac15fd7,0,0,0,0,0,
20200521,MO,11340,,150752,,totalTestsViral,163684,697,,,,99,,,5/21/2020 15:00,2020-05-21T15:00:00Z,05/21 11:00,661,,2020-05-21T15:00:00Z,163684,13853,149562,11340,,,,161984,,,,15068,601,14443,,,,,29,108,0,162092,4048,162092,,30,0,e5fc5e39f41131a21183a8f77309830ad5e55e92,0,0,0,0,0,
20200520,MO,11232,,150752,,totalTestsViral,159636,546,,,,103,,,5/20/2020 15:00,2020-05-20T15:00:00Z,05/20 11:00,631,,2020-05-20T15:00:00Z,159636,13629,145742,11232,,,,161984,,,,13788,545,13224,,,,,29,152,7722,161984,4863,161984,,15,0,068e2fec51f7782b5c75e34ccfa800bb73522193,0,0,0,0,0,
20200519,MO,11080,,143030,,totalTestsViral,154773,721,,,,103,,,5/19/2020 15:00,2020-05-19T15:00:00Z,05/19 11:00,616,,2020-05-19T15:00:00Z,154773,13393,141119,11080,,,,154110,,,,13545,532,12995,,,,,29,135,2637,154110,2453,154110,,11,0,0b053252dbfb8b4a6a15b6cb156d7cb636cf7b6e,0,0,0,0,0,
20200518,MO,10945,,140393,,totalTestsViral,152320,570,,,,91,,,5/18/2020 15:00,2020-05-18T15:00:00Z,05/18 11:00,605,,2020-05-18T15:00:00Z,152320,13283,138777,10945,,,,151338,,,,13090,519,12553,,,,,29,156,4927,151338,6065,151338,,11,0,712000e29572739630337384d0891f8490d95061,0,0,0,0,0,
20200517,MO,10789,,135466,,totalTestsViral,146255,775,,,,116,,,5/17/2020 15:00,2020-05-17T15:00:00Z,05/17 11:00,594,,2020-05-17T15:00:00Z,146255,13191,135466,10789,,,,148917,,,,11703,473,11214,,,,,29,114,6801,146255,2289,146255,,5,0,0206512c2494951c086ae1642d6cc2bc2d3d8a97,0,0,0,0,0,
20200516,MO,10675,,128665,,totalTestsViral,143966,775,,,,116,,,5/16/2020 15:00,2020-05-16T15:00:00Z,05/16 11:00,589,,2020-05-16T15:00:00Z,143966,12943,130771,10675,,,,139340,,,,10238,422,9802,,,,,29,219,4663,139340,4226,139340,,13,0,a4a3504cd0f8c6276193886374df8ece9fc2cc43,0,0,0,0,0,
20200515,MO,10456,,124002,,totalTestsViral,139740,812,,,,120,,,5/15/2020 15:00,2020-05-15T15:00:00Z,05/15 11:00,576,,2020-05-15T15:00:00Z,139740,12685,126806,10456,,,,134458,,,,8770,374,8387,,,,,29,139,7209,134458,4765,134458,,14,0,f48ca7e3d78597a09400160bfb9130449fadeff9,0,0,0,0,0,
20200514,MO,10317,,116793,,totalTestsViral,134975,796,,,,115,,,5/14/2020 15:00,2020-05-14T15:00:00Z,05/14 11:00,562,,2020-05-14T15:00:00Z,134975,12346,122388,10317,,,,124006,,,,7644,328,7307,,,,,29,175,2793,127110,4874,127110,,20,0,f438a7df835104e4da01b5f7e0a8006273c571e5,0,0,0,0,0,
20200513,MO,10142,,114000,,totalTestsViral,130101,771,,,,129,,,5/13/2020 15:00,2020-05-13T15:00:00Z,05/13 11:00,542,,2020-05-13T15:00:00Z,130101,12117,117748,10142,,,,121296,,,,6632,293,6330,,,,,29,136,2710,124142,5059,124142,,18,0,f406f2ebde1a742c59929909462e679a5ee67326,0,0,0,0,0,
20200512,MO,10006,,111290,,totalTestsViral,125042,787,,,,140,,,5/12/2020 15:00,2020-05-12T15:00:00Z,05/12 11:00,524,,2020-05-12T15:00:00Z,125042,11865,112948,10006,,,,,,,,6514,289,6216,,,,,29,88,5588,121296,1296,121296,,36,0,53d6df480a16e7319543e4bc21e1a26ac822d6e8,0,0,0,0,0,
20200511,MO,9918,,105702,,totalTestsViral,123746,824,,,,137,,,5/11/2020 15:00,2020-05-11T15:00:00Z,05/11 11:00,488,,2020-05-11T15:00:00Z,123746,11789,111728,9918,,,,,,,,6234,272,5953,,,,,29,74,0,115620,2187,115620,,6,0,0462d8da71f30e9a6ecf53d7b53372af2ef9513d,0,0,0,0,0,
20200510,MO,9844,,105702,,totalTestsViral,121559,824,,,,137,,,5/10/2020 15:00,2020-05-10T15:00:00Z,05/10 11:00,482,,2020-05-10T15:00:00Z,121559,11659,109674,9844,,,,,,,,5533,251,5273,,,,,29,178,6470,115546,4258,115546,,10,0,a2aea625763a405ee8f4784c1f7f2f142ca28c2e,0,0,0,0,0,
20200509,MO,9666,,99232,,totalTestsViral,117301,855,,,,144,,,5/9/2020 15:00,2020-05-09T15:00:00Z,05/09 11:00,472,,2020-05-09T15:00:00Z,117301,11486,105590,9666,,,,,,,,4861,227,4628,,,,,29,177,0,108898,3811,108898,,23,0,2f77fc96c6f47108e12f9ea805f7585e1484e82b,0,0,0,0,0,
20200508,MO,9489,,99232,,totalTestsViral,113490,832,,,,143,,,5/8/2020 15:00,2020-05-08T15:00:00Z,05/08 11:00,449,,2020-05-08T15:00:00Z,113490,11307,101966,9489,,,,,,,,4258,202,4053,,,,,29,148,4951,108721,4208,108721,,31,0,049156734501c36a5b23e2bb1a2af9ded7951a2d,0,0,0,0,0,
20200507,MO,9341,,94281,,totalTestsViral,109282,917,,,,141,,,5/7/2020 15:00,2020-05-07T15:00:00Z,05/07 11:00,418,,2020-05-07T15:00:00Z,109282,11048,98025,9341,,,,,,,,3644,171,3471,,,,,29,239,2636,103622,4794,103622,,22,0,f61a34e68b1fc735fef47451759d746ff938bcad,0,0,0,0,0,
20200506,MO,9102,,91645,,totalTestsViral,104488,953,,,,134,,,5/6/2020 15:00,2020-05-06T15:00:00Z,05/06 11:00,396,,2020-05-06T15:00:00Z,104488,10719,93577,9102,,,,,,,,3057,144,2911,,,,,29,186,5495,100747,4105,100747,,19,0,00cb950704420678590f18a3d1d675f9dc309d84,0,0,0,0,0,
20200505,MO,8916,,86150,,totalTestsViral,100383,893,,,,139,,,5/5/2020 15:00,2020-05-05T15:00:00Z,05/05 11:00,377,,2020-05-05T15:00:00Z,100383,10407,89800,8916,,,,,,,,3050,142,2906,,,,,29,162,3453,95066,1182,95066,,19,0,af5d211ffeb31d0710ca4ccbac9ca3201bd00dea,0,0,0,0,0,
20200504,MO,8754,,82697,,totalTestsViral,99201,858,,,,135,,,5/4/2020 15:00,2020-05-04T15:00:00Z,05/04 11:00,358,,2020-05-04T15:00:00Z,99201,10319,88708,8754,,,,,,,,2972,135,2835,,,,,29,368,8107,91451,1587,91451,,6,0,26c215061125138cae07f7fc1fca13fa8159dd1d,0,0,0,0,0,
20200503,MO,8386,,74590,,totalTestsViral,97614,896,,,,141,,,5/3/2020 15:00,2020-05-03T15:00:00Z,05/03 11:00,352,,2020-05-03T15:00:00Z,97614,10227,87215,8386,,,,,,,,2443,105,2337,,,,,29,232,0,82976,4494,82976,,1,0,f8a3867049095095cabb3b7123ba765c15e79bd2,0,0,0,0,0,
20200502,MO,8154,,74590,,totalTestsViral,93120,896,,,,141,,,5/2/2020 15:10,2020-05-02T15:10:00Z,05/02 11:10,351,,2020-05-02T15:10:00Z,93120,9908,83051,8154,,,,,,,,1997,83,1913,,,,,29,319,0,82744,4131,82744,,14,0,9e044d0c181bc1982ff8a5e21c08a2cb23fabb8d,0,0,0,0,0,
20200501,MO,7835,,74590,,totalTestsViral,88989,883,,,,137,,,5/1/2020 15:00,2020-05-01T15:00:00Z,05/01 11:00,337,,2020-05-01T15:00:00Z,88989,9578,79260,7835,,,,,,,,1524,70,1453,,,,,29,273,1465,82425,4919,82425,,8,0,165944e4ebd88d58769411249878d05d07522cb5,0,0,0,0,0,
20200430,MO,7562,,73125,,totalTestsViral,84070,853,,,,141,,,4/30/2020 15:00,2020-04-30T15:00:00Z,04/30 11:00,329,,2020-04-30T15:00:00Z,84070,9201,74728,7562,,,,,,,,1043,54,988,,,,,29,137,3391,80687,4942,80687,,11,0,f78b75cf327891f44b7e8c333f73ca136dda0a24,0,0,0,0,0,
20200429,MO,7425,,69734,,totalTestsViral,79128,891,,,,125,,,4/29/2020 15:00,2020-04-29T15:00:00Z,04/29 11:00,318,,2020-04-29T15:00:00Z,79128,8781,70219,7425,,,,,,,,678,37,640,,,,,29,122,3534,77159,3979,77159,,4,0,3dc3fc96e8b10174c1a5dc6d2296b69396c6f7c8,0,0,0,0,0,
20200428,MO,7303,,66200,,totalTestsViral,75149,655,,,,105,,,4/28/2020 15:00,2020-04-28T15:00:00Z,04/28 11:00,314,,2020-04-28T15:00:00Z,75149,8424,66603,7303,,,,,,,,667,35,631,,,,,29,132,2265,73503,1136,73503,,26,0,61b10f534a0096fcd50f0d52000993120975d58f,0,0,0,0,0,
20200427,MO,7171,,63935,,totalTestsViral,74013,679,,,,109,,,4/27/2020 15:00,2020-04-27T15:00:00Z,04/27 11:00,288,,2020-04-27T15:00:00Z,74013,8326,65566,7171,,,,,,,,647,35,611,,,,,29,174,1184,71106,1298,71106,,14,0,5ebfb1f90fac91ec5aff048edbb56271c0cc317d,0,0,0,0,0,
20200426,MO,6997,,62751,,totalTestsViral,72715,679,,,,109,,,4/26/2020 15:00,2020-04-26T15:00:00Z,04/26 11:00,274,,2020-04-26T15:00:00Z,72715,8186,64409,6997,,,,,,,,483,31,451,,,,,29,171,2359,69748,2727,69748,,1,0,999164bcb45f2916fde654eee1b7e9e51b7a350c,0,0,0,0,0,
20200425,MO,6826,,60392,,totalTestsViral,69988,850,,,,142,,,4/25/2020 15:00,2020-04-25T15:00:00Z,04/25 11:00,273,,2020-04-25T15:00:00Z,69988,7919,61965,6826,,,,,,,,267,22,244,,,,,29,201,1810,67218,2823,67218,,11,0,8d6d9145c7174c394d52fc3dc574a446fcf0b6ad,0,0,0,0,0,
20200424,MO,6625,,58582,,totalTestsViral,67165,877,,,,,,,4/24/2020 00:00,2020-04-24T00:00:00Z,04/23 20:00,262,,2020-04-24T00:00:00Z,67165,7639,59430,6625,,,,,,,,127,17,109,,,,,29,304,5453,65207,2978,65207,,44,0,2e812de49dbd4d9746a440d431271e8c8bc46244,0,0,0,0,0,
20200423,MO,6321,,53129,,totalTestsViral,64187,884,,,,,,,4/23/2020 15:00,2020-04-23T15:00:00Z,04/23 11:00,218,,2020-04-23T15:00:00Z,64187,7361,56736,6321,,,,,,,,60,12,47,,,,,29,184,1110,59450,2541,59450,,10,0,c70c019833010678aea8050368e7fa1e7f4d8eb4,0,0,0,0,0,
20200422,MO,6137,,52019,,totalTestsViral,61646,1001,,,,,,,4/22/2020 15:00,2020-04-22T15:00:00Z,04/22 11:00,208,,2020-04-22T15:00:00Z,61646,7085,54480,6137,,,,,,,,28,6,21,,,,,29,196,840,58156,2590,58156,,19,0,06ab13a7b1e2cee0c1fece29396b27e2a80c2100,0,0,0,0,0,
20200421,MO,5941,,51179,,totalTestsViral,59056,1001,,,,,,,4/21/2020 15:00,2020-04-21T15:00:00Z,04/21 11:00,189,,2020-04-21T15:00:00Z,59056,6778,52207,5941,,,,,,,,28,6,21,,,,,29,134,973,57120,980,57120,,12,0,99f5ca7be1fee5f512171e30507ecd241320c4b9,0,0,0,0,0,
20200420,MO,5807,,50206,,totalTestsViral,58076,873,,,,,,,4/20/2020 15:00,2020-04-20T15:00:00Z,04/20 11:00,177,,2020-04-20T15:00:00Z,58076,6628,51379,5807,,,,,,,,25,5,19,,,,,29,140,1964,56013,1242,56013,,1,0,49766565cd24aba040e5f2f3d9a348d0391806ef,0,0,0,0,0,
20200419,MO,5667,,48242,,totalTestsViral,56834,875,,,,,,,4/19/2020 15:00,2020-04-19T15:00:00Z,04/19 11:00,176,,2020-04-19T15:00:00Z,56834,6457,50308,5667,,,,,,,,11,2,9,,,,,29,150,0,53909,2327,53909,,1,0,47b1bb3d4390d7b7651ac5eb47841c85c0992977,0,0,0,0,0,
20200418,MO,5517,,48242,,totalTestsViral,54507,875,,,,,,,4/18/2020 15:00,2020-04-18T15:00:00Z,04/18 11:00,175,,2020-04-18T15:00:00Z,54507,6260,48182,5517,,,,,,,,8,1,7,,,,,29,234,1808,53759,2063,53759,,10,0,d1de935a7cc8d7cb18b376e2ee64e817dc20f8a3,0,0,0,0,0,
20200417,MO,5283,,46434,,totalTestsViral,52444,1043,,,,,,,4/17/2020 15:00,2020-04-17T15:00:00Z,04/17 11:00,165,,2020-04-17T15:00:00Z,52444,6022,46360,5283,,,,,,,,3,0,3,,,,,29,172,897,51717,2042,51717,,13,0,6d8b0c1f70c9b3d11e20a6287e48ae1b169d5435,0,0,0,0,0,
20200416,MO,5111,,45537,,totalTestsViral,50402,1043,,,,,,,4/16/2020 15:00,2020-04-16T15:00:00Z,04/16 11:00,152,,2020-04-16T15:00:00Z,50402,5781,44563,5111,,,,,,,,3,0,3,,,,,29,216,1420,50648,2169,50648,,5,0,8d833490cde49849437374a26054e69deef5f01e,0,0,0,0,0,
20200415,MO,4895,,44117,,totalTestsViral,48233,1024,,,,,,,4/15/2020 15:00,2020-04-15T15:00:00Z,04/15 11:00,147,,2020-04-15T15:00:00Z,48233,5546,42635,4895,,,,,,,,3,0,3,,,,,29,209,825,49012,2256,49012,,14,0,fbab3011d9f3198e773f8307edc75b4c1f571fa6,0,0,0,0,0,
20200414,MO,4686,,43292,,totalTestsViral,45977,1041,,,,,,,4/14/2020 15:00,2020-04-14T15:00:00Z,04/14 11:00,133,,2020-04-14T15:00:00Z,45977,5262,40667,4686,,,,,,,,3,0,3,,,,,29,298,2252,47978,788,47978,,19,0,652fde0119df0cd75c8e07bb8227ff76fac02528,0,0,0,0,0,
20200413,MO,4388,,41040,,totalTestsViral,45189,988,,,,,,,4/13/2020 15:00,2020-04-13T15:00:00Z,04/13 11:00,114,,2020-04-13T15:00:00Z,45189,5165,39977,4388,,,,,,,,3,0,3,,,,,29,228,0,45428,948,45428,,4,0,36d10f1b292fb2a2dcf018c528961187a1145ea3,0,0,0,0,0,
20200412,MO,4160,,41040,,totalTestsViral,44241,988,,,,,,,4/12/2020 15:00,2020-04-12T15:00:00Z,04/12 11:00,110,,2020-04-12T15:00:00Z,44241,5060,39135,4160,,,,,,,,2,0,2,,,,,29,136,1892,45200,2090,45200,,1,0,c1dcd18bc7132d5f810b493b0d419895edd1c76e,0,0,0,0,0,
20200411,MO,4024,,39148,,totalTestsViral,42151,506,,,,,,,4/11/2020 15:00,2020-04-11T15:00:00Z,04/11 11:00,109,,2020-04-11T15:00:00Z,42151,4818,37292,4024,,,,,,,,2,0,2,,,,,29,225,2207,43172,1978,43172,,13,0,4b034532c9860741f3ab896df022f10a97d6b693,0,0,0,0,0,
20200410,MO,3799,,36941,,totalTestsViral,40173,568,,,,,,,4/10/2020 15:00,2020-04-10T15:00:00Z,04/10 11:00,96,,2020-04-10T15:00:00Z,40173,4603,35533,3799,,,,,,,,2,0,2,,,,,29,260,1986,40740,2271,40740,,19,0,c724426a48f63a2396c2292e3b1cc46d8cff468b,0,0,0,0,0,
20200409,MO,3539,,34955,,totalTestsViral,37902,568,,,,,,,4/9/2020 15:00,2020-04-09T15:00:00Z,04/09 11:00,77,,2020-04-09T15:00:00Z,37902,4348,33518,3539,,,,,,,,2,0,2,,,,,29,212,4172,38494,2303,38494,,19,0,7a9e7050fea53f00179bbcab6722b0d40052542d,0,0,0,0,0,
20200408,MO,3327,,30783,,totalTestsViral,35599,519,,,,,,,4/8/2020 15:00,2020-04-08T15:00:00Z,04/08 11:00,58,,2020-04-08T15:00:00Z,35599,4106,31459,3327,,,,,,,,2,0,2,,,,,29,290,1851,34110,2744,34110,,5,0,1795e0871ef304611859e319a6f8b6b55669f4b3,0,0,0,0,0,
20200407,MO,3037,,28932,,totalTestsViral,32855,508,,,,,,,4/7/2020 15:00,2020-04-07T15:00:00Z,04/07 11:00,53,,2020-04-07T15:00:00Z,32855,3786,29042,3037,,,,,,,,2,0,2,,,,,29,315,1819,31969,901,31969,,14,0,f3071d214a53f33899445aa17c771228221316c7,0,0,0,0,0,
20200406,MO,2722,,27113,,totalTestsViral,31954,439,,,,,,,4/6/2020 16:28,2020-04-06T16:28:00Z,04/06 12:28,39,,2020-04-06T16:28:00Z,31954,3673,28257,2722,,,,,,,,2,0,2,,,,,29,355,2231,29835,1103,29835,,5,0,39c730314c56304fd5d41c8e7d2f1ea28a46a78a,0,0,0,0,0,
20200405,MO,2367,,24882,,totalTestsViral,30851,424,,,,,,,4/5/2020 15:00,2020-04-05T15:00:00Z,04/05 11:00,34,,2020-04-05T15:00:00Z,30851,3526,27303,2367,,,,,,,,1,0,1,,,,,29,76,2268,27249,1974,27249,,10,0,a8461d20af1722f5aa3e38e8dd122bcbda5ae034,0,0,0,0,0,
20200404,MO,2291,,22614,,totalTestsViral,28877,413,,,,,,,4/4/2020 15:00,2020-04-04T15:00:00Z,04/04 11:00,24,,2020-04-04T15:00:00Z,28877,3277,25580,2291,,,,,,,,,,,,,,,29,178,3257,24905,2167,24905,,5,0,6b90b8f03e0be1b04d23ef1b3705948ff4ebcf42,0,0,0,0,0,
20200403,MO,2113,,19357,,totalTestsViral,26710,,,,,,,,4/3/2020 15:00,2020-04-03T15:00:00Z,04/03 11:00,19,,2020-04-03T15:00:00Z,26710,2978,23715,2113,,,,,,,,,,,,,,,29,279,1508,21470,2295,21470,,0,0,b833042a5a515fec57c68eb7d6ebff11958ffb07,0,0,0,0,0,
20200402,MO,1834,,17849,,totalTestsViral,24415,,,,,,,,4/2/2020 15:00,2020-04-02T15:00:00Z,04/02 11:00,19,,2020-04-02T15:00:00Z,24415,2700,21700,1834,,,,,,,,,,,,,,,29,253,2003,19683,2459,19683,,1,0,152dfa03c00599b8e287b7aea98b9ee289bd78c6,0,0,0,0,0,
20200401,MO,1581,,15846,,totalTestsViral,21956,,,,,,,,4/1/2020 15:00,2020-04-01T15:00:00Z,04/01 11:00,18,,2020-04-01T15:00:00Z,21956,2402,19540,1581,,,,,,,,,,,,,,,29,254,1232,17427,2767,17427,,4,0,be8a083ad2c2af0c5c6a55efe1c97baca60aae22,0,0,0,0,0,
20200331,MO,1327,,14614,,totalTestsViral,19189,,,,,,,,3/31/2020 15:00,2020-03-31T15:00:00Z,03/31 11:00,14,,2020-03-31T15:00:00Z,19189,2037,17138,1327,,,,,,,,,,,,,,,29,296,1410,15941,890,15941,,1,0,9d84ed346df302a196e548a8386e4c443e86b88f,0,0,0,0,0,
20200330,MO,1031,,13204,,totalTestsViral,18299,,,,,,,,3/30/2020 16:00,2020-03-30T16:00:00Z,03/30 12:00,13,,2020-03-30T16:00:00Z,18299,1898,16387,1031,,,,,,,,,,,,,,,29,193,1657,14235,1274,14235,,3,0,1e6e02fcf20a75f2bc87bfee1fe4c1ef06df3163,0,0,0,0,0,
20200329,MO,838,,11547,,totalTestsViral,17025,,,,,,,,3/28/2020 15:00,2020-03-28T15:00:00Z,03/28 11:00,10,,2020-03-28T15:00:00Z,17025,1702,15311,838,,,,,,,,,,,,,,,29,0,1465,12385,2136,12385,,0,0,c5408c267a29bf919fbf18d8816c9ea0b1c9dcbb,0,0,0,0,0,
20200328,MO,838,,10082,,totalTestsViral,14889,,,,,,,,3/28/2020 15:00,2020-03-28T15:00:00Z,03/28 11:00,10,,2020-03-28T15:00:00Z,14889,1406,13471,838,,,,,,,,,,,,,,,29,169,9713,10920,2410,10920,,2,0,f2c549335734a5bab60bb9628d3a5bc7987e4ed7,0,0,0,0,0,
20200327,MO,669,,369,,totalTestsViral,12479,,,,,,,,3/27/2020 00:00,2020-03-27T00:00:00Z,03/26 20:00,8,,2020-03-27T00:00:00Z,12479,1144,11324,669,,,,,,,,,,,,,,,29,167,0,1038,2435,1038,,0,0,cf672012cb980e1fce833d2575ce19d0a7e49d0d,0,0,0,0,0,
20200326,MO,502,,369,,totalTestsViral,10044,,,,,,,,3/26/2020 15:00,2020-03-26T15:00:00Z,03/26 11:00,8,,2020-03-26T15:00:00Z,10044,915,9121,502,,,,,,,,,,,,,,,29,146,0,871,2064,871,,0,0,8c27abcbf5b76d16405e57ea338cbf7c4c0579cf,0,0,0,0,0,
20200325,MO,356,,369,,totalTestsViral,7980,,,,,,,,3/24/2020 16:00,2020-03-24T16:00:00Z,03/24 12:00,8,,2020-03-24T16:00:00Z,7980,700,7272,356,,,,,,,,,,,,,,,29,173,0,725,1815,725,,5,0,0751c2f6df6058f00bb66dfa4bae597d9dcfd4b7,0,0,0,0,0,
20200324,MO,183,,369,,totalTestsViral,6165,,,,,,,,3/23/2020 15:00,2020-03-23T15:00:00Z,03/23 11:00,3,,2020-03-23T15:00:00Z,6165,520,5639,183,,,,,,,,,,,,,,,29,0,0,552,710,552,,0,0,094612e3dca4a764d198b302aaa6b01c23852f4e,0,0,0,0,0,
20200323,MO,183,,369,,totalTestsViral,5455,,,,,,,,3/22/2020 15:00,2020-03-22T15:00:00Z,03/22 11:00,3,,2020-03-22T15:00:00Z,5455,441,5008,183,,,,,,,,,,,,,,,29,93,0,552,813,552,,0,0,47e0816a3082ffd3fc524494056ee5d8a42520ec,0,0,0,0,0,
20200322,MO,90,,369,,totalTestsViral,4642,,,,,,,,3/21/2020 22:00,2020-03-21T22:00:00Z,03/21 18:00,3,,2020-03-21T22:00:00Z,4642,358,4278,90,,,,,,,,,,,,,,,29,17,0,459,1187,459,,0,0,a1b52955ab2ecc14b7dac9c4ce952ff97a8f914e,0,0,0,0,0,
20200321,MO,73,,369,,totalTestsViral,3455,,,,,,,,3/20/2020 22:00,2020-03-20T22:00:00Z,03/20 18:00,3,,2020-03-20T22:00:00Z,3455,250,3201,73,,,,,,,,,,,,,,,29,26,0,442,1128,442,,2,0,fb445b406c599f463b1d41124d7963c75c15cc07,0,0,0,0,0,
20200320,MO,47,,369,,totalTestsViral,2327,,,,,,,,3/19/2020 10:05,2020-03-19T10:05:00Z,03/19 06:05,1,,2020-03-19T10:05:00Z,2327,176,2148,47,,,,,,,,,,,,,,,29,23,61,416,797,416,,0,0,cf6cb2d9580019b8b94040e83d82dbd4c689e9e4,0,0,0,0,0,
20200319,MO,24,,308,,totalTestsViral,1530,,,,,,,,3/18/2020 20:00,2020-03-18T20:00:00Z,03/18 16:00,1,,2020-03-18T20:00:00Z,1530,120,1409,24,,,,,,,,,,,,,,,29,11,55,332,685,332,,1,0,1b3042ed89ffddcbb4320920952f9a51fb441b84,0,0,0,0,0,
20200318,MO,13,,253,,totalTestsViral,845,,,,,,,,3/17/2020 19:15,2020-03-17T19:15:00Z,03/17 15:15,0,,2020-03-17T19:15:00Z,845,70,774,13,,,,,,,,,,,,,,,29,5,46,266,440,266,,0,0,1f18d88218a8dedeb9139123d3b033befb007e6c,0,0,0,0,0,
20200317,MO,8,,207,,totalTestsViral,405,,,,,,,,3/16/2020 20:00,2020-03-16T20:00:00Z,03/16 16:00,0,,2020-03-16T20:00:00Z,405,39,365,8,,,,,,,,,,,,,,,29,2,43,215,118,215,,0,0,eaaf1aeb7b2c59653cda0acc34c23d82c43b865a,0,0,0,0,0,
20200316,MO,6,,164,,totalTestsViral,287,,,,,,,,3/16/2020 15:52,2020-03-16T15:52:00Z,03/16 11:52,0,,2020-03-16T15:52:00Z,287,29,257,6,,,,,,,,,,,,,,,29,1,42,170,99,170,,0,0,7922880c95f48eb4caea0f5c393193774f378d36,0,0,0,0,0,
20200315,MO,5,,122,,totalTestsViral,188,,,,,,,,3/14/2020 22:00,2020-03-14T22:00:00Z,03/14 18:00,0,,2020-03-14T22:00:00Z,188,19,168,5,,,,,,,,,,,,,,,29,1,32,127,73,127,,0,0,5db19e30a81f7e10a350f7134f89badc62461f54,0,0,0,0,0,
20200314,MO,4,,90,,totalTestsViral,115,,,,,,,,3/13/2020 18:10,2020-03-13T18:10:00Z,03/13 14:10,0,,2020-03-13T18:10:00Z,115,12,102,4,,,,,,,,,,,,,,,29,2,19,94,28,94,,0,0,653765c7310eaafdffd3ef27cb66c47d6adfa1fc,0,0,0,0,0,
20200313,MO,2,,71,,totalTestsViral,87,,,,,,,,3/12/2020 17:45,2020-03-12T17:45:00Z,03/12 13:45,,,2020-03-12T17:45:00Z,87,11,76,2,,,,,,,,,,,,,,,29,1,7,73,22,73,,0,0,38978e2ff82a133e4ce03d8c655c12c8538d2693,0,0,0,0,0,
20200312,MO,1,,64,,totalTestsViral,65,,,,,,,,3/11/2020 00:00,2020-03-11T00:00:00Z,03/10 20:00,,,2020-03-11T00:00:00Z,65,9,56,1,,,,,,,,,,,,,,,29,0,64,65,11,65,,0,0,dcbec5e2c3cd9af6a245ab1662a821b8b6d8b577,0,0,0,0,0,
20200311,MO,1,,,,totalTestsViral,54,,,,,,,,,,,,,,54,8,46,1,,,,,,,,,,,,,,,29,0,0,1,12,1,,0,0,e3df0f6b1aacfd64ec0f9ded35d293f6af13fa3b,0,0,0,0,0,
20200310,MO,1,,,,totalTestsViral,42,,,,,,,,,,,,,,42,8,34,1,,,,,,,,,,,,,,,29,0,0,1,6,1,,0,0,121caeb2401ac774935f6223064ae8c30d3af646,0,0,0,0,0,
20200309,MO,1,,,,totalTestsViral,36,,,,,,,,,,,,,,36,7,29,1,,,,,,,,,,,,,,,29,0,0,1,5,1,,0,0,ab6ee583df5c23e7cf383d8cd34cb729033734bb,0,0,0,0,0,
20200308,MO,1,,,,totalTestsViral,31,,,,,,,,,,,,,,31,7,24,1,,,,,,,,,,,,,,,29,1,0,1,8,1,,0,0,de75c69b41ad46a6a8368cbab15bfa7fd2e5e14c,0,0,0,0,0,
20200307,MO,0,,,,totalTestsViral,23,,,,,,,,,,,,,,23,6,17,0,,,,,,,,,,,,,,,29,0,0,0,0,0,,0,0,d9df80743facfdbfc286ac87dfd81262b413b9c5,0,0,0,0,0,
