date,state,positive,probableCases,negative,pending,totalTestResultsSource,totalTestResults,hospitalizedCurrently,hospitalizedCumulative,inIcuCurrently,inIcuCumulative,onVentilatorCurrently,onVentilatorCumulative,recovered,lastUpdateEt,dateModified,checkTimeEt,death,hospitalized,dateChecked,totalTestsViral,positiveTestsViral,negativeTestsViral,positiveCasesViral,deathConfirmed,deathProbable,totalTestEncountersViral,totalTestsPeopleViral,totalTestsAntibody,positiveTestsAntibody,negativeTestsAntibody,totalTestsPeopleAntibody,positiveTestsPeopleAntibody,negativeTestsPeopleAntibody,totalTestsPeopleAntigen,positiveTestsPeopleAntigen,totalTestsAntigen,positiveTestsAntigen,fips,positiveIncrease,negativeIncrease,total,totalTestResultsIncrease,posNeg,dataQualityGrade,deathIncrease,hospitalizedIncrease,hash,commercialScore,negativeRegularScore,negativeScore,positiveScore,score,grade
20210219,SC,497937,65157,4282791,,posNeg,4780728,1122,19796,265,,151,,226443,2/17/2021 23:59,2021-02-17T23:59:00Z,02/17 18:59,8213,19796,2021-02-17T23:59:00Z,4715571,557231,4158340,432780,7325,888,,,129076,25710,103366,,,,,,796594,102630,45,2893,25376,4780728,28269,4780728,,58,95,2b8f1f6ad0512a537b4390cb8b7c618003e3dd51,0,0,0,0,0,
20210218,SC,495044,63970,4257415,,posNeg,4752459,1137,19701,265,,152,,225005,2/16/2021 23:59,2021-02-16T23:59:00Z,02/16 18:59,8155,19701,2021-02-16T23:59:00Z,4688489,554878,4133611,431074,7277,878,,,128630,25511,103119,,,,,,786007,101765,45,2675,20038,4752459,22713,4752459,,38,129,410251f6e8e82578255a62a7b952a47d650a9947,0,0,0,0,0,
20210217,SC,492369,62875,4237377,,posNeg,4729746,1205,19572,278,,162,,223251,2/15/2021 23:59,2021-02-15T23:59:00Z,02/15 18:59,8117,19572,2021-02-15T23:59:00Z,4666871,552733,4114138,429494,7248,869,,,128369,25408,102961,,,,,,777701,100943,45,1916,8899,4729746,10815,4729746,,62,120,9655043d20613a15ad2d22485928e328e7e967da,0,0,0,0,0,
20210216,SC,490453,61769,4228478,,posNeg,4718931,1230,19452,303,,167,,221360,2/14/2021 23:59,2021-02-14T23:59:00Z,02/14 18:59,8055,19452,2021-02-14T23:59:00Z,4657162,551839,4105323,428684,7196,859,,,128136,25292,102844,,,,,,771148,100338,45,1435,20359,4718931,21794,4718931,,21,31,e085793ee9ced83be4b8ba2ea702a552ff9b22a6,0,0,0,0,0,
20210215,SC,489018,61255,4208119,,posNeg,4697137,1222,19421,301,,173,,220197,2/13/2021 23:59,2021-02-13T23:59:00Z,02/13 18:59,8034,19421,2021-02-13T23:59:00Z,4635882,550580,4085302,427763,7180,854,,,127990,25243,102747,,,,,,768324,100035,45,1725,23386,4697137,25111,4697137,,36,25,6889c1f40706078ff14e6ec6e2bbee5531101cf5,0,0,0,0,0,
20210214,SC,487293,60713,4184733,,posNeg,4672026,1269,19396,313,,184,,218717,2/12/2021 23:59,2021-02-12T23:59:00Z,02/12 18:59,7998,19396,2021-02-12T23:59:00Z,4611313,548979,4062334,426580,7149,849,,,127604,25072,102532,,,,,,764008,99645,45,4153,36125,4672026,40278,4672026,,87,89,f0ce27d7381c66e9e7a0cebd7f5ec8594a71fa84,0,0,0,0,0,
20210213,SC,483140,59429,4148608,,posNeg,4631748,1302,19307,301,,174,,217023,2/11/2021 23:59,2021-02-11T23:59:00Z,02/11 18:59,7911,19307,2021-02-11T23:59:00Z,4572319,544547,4027772,423711,7072,839,,,126952,24790,102162,,,,,,754716,98715,45,2983,32800,4631748,35783,4631748,,17,102,9628fd594e46eb82522be2d513a7a2064faa5fb1,0,0,0,0,0,
20210212,SC,480157,58281,4115808,,posNeg,4595965,1375,19205,310,,174,,215306,2/10/2021 23:59,2021-02-10T23:59:00Z,02/10 18:59,7894,19205,2021-02-10T23:59:00Z,4537684,542335,3995349,421876,7057,837,,,126351,24495,101856,,,,,,745917,97845,45,3870,35112,4595965,38982,4595965,,57,119,70ef087be356a44da807cb6e21b1c84cb7757ddc,0,0,0,0,0,
20210211,SC,476287,56852,4080696,,posNeg,4556983,1391,19086,329,,195,,213484,2/9/2021 23:59,2021-02-09T23:59:00Z,02/09 18:59,7837,19086,2021-02-09T23:59:00Z,4500131,538979,3961152,419435,7010,827,,,125783,24233,101550,,,,,,738044,96880,45,3147,19004,4556983,22151,4556983,,95,145,661673cfaec353c6154ec9a7833cc4f74b510245,0,0,0,0,0,
20210210,SC,473140,55333,4061692,,posNeg,4534832,1439,18941,334,,200,,211845,2/8/2021 23:59,2021-02-08T23:59:00Z,02/08 18:59,7742,18941,2021-02-08T23:59:00Z,4479499,536854,3942645,417807,6923,819,,,125476,24096,101380,,,,,,727743,95796,45,2829,17281,4534832,20110,4534832,,49,127,ef599f7ac694fae1c91e78d97618382587b3054f,0,0,0,0,0,
20210209,SC,470311,54238,4044411,,posNeg,4514722,1465,18814,348,,208,,209900,2/7/2021 23:59,2021-02-07T23:59:00Z,02/07 18:59,7693,18814,2021-02-07T23:59:00Z,4460484,534470,3926014,416073,6885,808,,,125354,24015,101339,,,,,,719416,94897,45,1908,18010,4514722,19918,4514722,,3,26,f6ada09d47731c77d106639e2ff30abd31102d2d,0,0,0,0,0,
20210208,SC,468403,53830,4026401,,posNeg,4494804,1517,18788,354,,211,,208593,2/6/2021 23:59,2021-02-06T23:59:00Z,02/06 18:59,7690,18788,2021-02-06T23:59:00Z,4440974,532501,3908473,414573,6881,809,,,124962,23844,101118,,,,,,715573,94463,45,2030,29712,4494804,31742,4494804,,39,32,282ce8425309bd81e21adc4ceeef08095ee0bba7,0,0,0,0,0,
20210207,SC,466373,53377,3996689,,posNeg,4463062,1526,18756,359,,224,,207101,2/5/2021 23:59,2021-02-05T23:59:00Z,02/05 18:59,7651,18756,2021-02-05T23:59:00Z,4409685,530305,3879380,412996,6849,802,,,124446,23601,100845,,,,,,711154,93941,45,3392,33408,4463062,36800,4463062,,40,79,7825cddec90ffa5f8c19190b4545d92b9039470c,0,0,0,0,0,
20210206,SC,462981,52342,3963281,,posNeg,4426262,1600,18677,371,,224,,205514,2/4/2021 23:59,2021-02-04T23:59:00Z,02/04 18:59,7611,18677,2021-02-04T23:59:00Z,4373920,527139,3846781,410639,6816,795,,,123901,23355,100546,,,,,,704179,93085,45,3007,31963,4426262,34970,4426262,,58,116,2145039bd41edf3047d3ebff23e20f786d465a37,0,0,0,0,0,
20210205,SC,459974,51187,3931318,,posNeg,4391292,1637,18561,368,,232,,203808,2/3/2021 23:59,2021-02-03T23:59:00Z,02/03 18:59,7553,18561,2021-02-03T23:59:00Z,4340105,524502,3815603,408787,6770,783,,,123221,23032,100189,,,,,,695882,92185,45,6096,59298,4391292,65394,4391292,,66,99,8cc0a8ee219164ba9607ddc9b7067ccde4ead622,0,0,0,0,0,
20210204,SC,453878,49950,3872020,,posNeg,4325898,1677,18462,382,,239,,202372,2/2/2021 23:59,2021-02-02T23:59:00Z,02/02 18:59,7487,18462,2021-02-02T23:59:00Z,4275948,517290,3758658,403928,6730,757,,,122593,22744,99849,,,,,,686188,91109,45,3084,22128,4325898,25212,4325898,,93,138,bf04a37974b7ed3df54a42256755dc9b04dbf259,0,0,0,0,0,
20210203,SC,450794,48433,3849892,,posNeg,4300686,1760,18324,391,,238,,200634,2/1/2021 23:59,2021-02-01T23:59:00Z,02/01 18:59,7394,18324,2021-02-01T23:59:00Z,4252253,514890,3737363,402361,6663,731,,,122342,22637,99705,,,,,,675171,89825,45,2890,13459,4300686,16349,4300686,,76,178,f06c3a032d5a064bb4f19ec62ccbe25fabd7558e,0,0,0,0,0,
20210202,SC,447904,47432,3836433,,posNeg,4284337,1832,18146,401,,245,,199045,1/31/2021 23:59,2021-01-31T23:59:00Z,01/31 18:59,7318,18146,2021-01-31T23:59:00Z,4236905,512381,3724524,400472,6599,719,,,122181,22564,99617,,,,,,666223,88545,45,1988,23556,4284337,25544,4284337,,35,33,c29d4cd8a109a40a5871e39230621b133d0befb8,0,0,0,0,0,
20210201,SC,445916,47024,3812877,,posNeg,4258793,1842,18113,391,,240,,197810,1/30/2021 23:59,2021-01-30T23:59:00Z,01/30 18:59,7283,18113,2021-01-30T23:59:00Z,4211769,510173,3701596,398892,6564,719,,,121817,22421,99396,,,,,,662554,88101,45,2530,28738,4258793,31268,4258793,,241,23,a38dfc812531b8e04bce0d77ba7e971e995157c6,0,0,0,0,0,
20210131,SC,443386,46674,3784139,,posNeg,4227525,1841,18090,413,,261,,196661,1/29/2021 23:59,2021-01-29T23:59:00Z,01/29 18:59,7042,18090,2021-01-29T23:59:00Z,4180851,507415,3673436,396712,6355,687,,,121206,22136,99070,,,,,,657941,87469,45,3601,35663,4227525,39264,4227525,,28,102,67aecdded058ee818b4538687728ed7b1b94d0df,0,0,0,0,0,
20210130,SC,439785,45632,3748476,,posNeg,4188261,1927,17988,415,,261,,194982,1/28/2021 23:59,2021-01-28T23:59:00Z,01/28 18:59,7014,17988,2021-01-28T23:59:00Z,4142629,503736,3638893,394153,6336,678,,,120588,21905,98683,,,,,,642800,85539,45,4152,36331,4188261,40483,4188261,,72,100,c6e47da14f52079477a192c2d305381b7e134f08,0,0,0,0,0,
20210129,SC,435633,44656,3712145,,posNeg,4147778,1986,17888,435,,278,,193525,1/27/2021 23:59,2021-01-27T23:59:00Z,01/27 18:59,6942,17888,2021-01-27T23:59:00Z,4103122,499808,3603314,390977,6271,671,,,119807,21611,98196,,,,,,632170,84194,45,4464,44120,4147778,48584,4147778,,39,149,ab9597cfb47d67d4bf4403987da97b6dbdf549be,0,0,0,0,0,
20210128,SC,431169,43566,3668025,,posNeg,4099194,2086,17739,443,,286,,191902,1/26/2021 23:59,2021-01-26T23:59:00Z,01/26 18:59,6903,17739,2021-01-26T23:59:00Z,4055628,495362,3560266,387603,6235,668,,,119217,21361,97856,,,,,,623254,82942,45,3938,23159,4099194,27097,4099194,,230,159,87a21e2e21f5846dd6f38eb2428bfd857bb32541,0,0,0,0,0,
20210127,SC,427231,42675,3644866,,posNeg,4072097,2140,17580,437,,281,,190336,1/25/2021 23:59,2021-01-25T23:59:00Z,01/25 18:59,6673,17580,2021-01-25T23:59:00Z,4029422,491411,3538011,384556,6030,643,,,118893,21236,97657,,,,,,610598,81149,45,3564,19907,4072097,23471,4072097,,95,190,30026d09083d8b9c1a33a7ce9151431c8e5b579c,0,0,0,0,0,
20210126,SC,423667,41855,3624959,,posNeg,4048626,2173,17390,440,,279,,188788,1/24/2021 23:59,2021-01-24T23:59:00Z,01/24 18:59,6578,17390,2021-01-24T23:59:00Z,4006771,488073,3518698,381812,5944,634,,,118745,21179,97566,,,,,,603106,80119,45,2250,25270,4048626,27520,4048626,,26,55,9ba28b38b03f2197a0562a62be94fbe052f7ce72,0,0,0,0,0,
20210125,SC,421417,41642,3599689,,posNeg,4021106,2201,17335,429,,262,,187423,1/23/2021 23:59,2021-01-23T23:59:00Z,01/23 18:59,6552,17335,2021-01-23T23:59:00Z,3979464,485299,3494165,379775,5920,632,,,118295,20967,97328,,,,,,600042,79744,45,3092,32902,4021106,35994,4021106,,5,46,661addf2ab3aedf231a6ba252e739d8f3ac7bb4b,0,0,0,0,0,
20210124,SC,418325,41338,3566787,,posNeg,3985112,2189,17289,428,,274,,186248,1/22/2021 23:59,2021-01-22T23:59:00Z,01/22 18:59,6547,17289,2021-01-22T23:59:00Z,3943774,481184,3462590,376987,5915,632,,,117682,20730,96952,,,,,,595417,78875,45,4536,36458,3985112,40994,3985112,,68,125,59487ac2bea57a0919a8abe08f75104954dba518,0,0,0,0,0,
20210123,SC,413789,40390,3530329,,posNeg,3944118,2224,17164,445,,283,,184542,1/21/2021 23:59,2021-01-21T23:59:00Z,01/21 18:59,6479,17164,2021-01-21T23:59:00Z,3903728,476685,3427043,373399,5855,624,,,117085,20520,96565,,,,,,586940,77497,45,4601,38986,3944118,43587,3944118,,75,137,35a732d3e16282fafca515fb8f8074b8561b85a8,0,0,0,0,0,
20210122,SC,409188,39406,3491343,,posNeg,3900531,2293,17027,460,,311,,183146,1/20/2021 23:59,2021-01-20T23:59:00Z,01/20 18:59,6404,17027,2021-01-20T23:59:00Z,3861125,472305,3388820,369782,5791,613,,,116369,20188,96181,,,,,,577022,76177,45,4696,33568,3900531,38264,3900531,,31,158,fb6fccab6856225f12c0d5717dc85a23161b1730,0,0,0,0,0,
20210121,SC,404492,38343,3457775,,posNeg,3862267,2345,16869,479,,311,,181322,1/19/2021 23:59,2021-01-19T23:59:00Z,01/19 18:59,6373,16869,2021-01-19T23:59:00Z,3823924,467375,3356549,366149,5768,605,,,115836,19962,95874,,,,,,567614,74566,45,4649,34032,3862267,38681,3862267,,45,180,7feeb8e5751de73502314299fce38413652083b2,0,0,0,0,0,
20210120,SC,399843,37392,3423743,,posNeg,3823586,2386,16689,471,,307,,179632,1/18/2021 23:59,2021-01-18T23:59:00Z,01/18 18:59,6328,16689,2021-01-18T23:59:00Z,3786194,462623,3323571,362451,5729,599,,,115470,19815,95655,,,,,,555200,72879,45,5525,45120,3823586,50645,3823586,,69,178,665d84cf2b44c656ac011aa32f4b62057da30c4f,0,0,0,0,0,
20210119,SC,394318,36810,3378623,,posNeg,3772941,2353,16511,483,,313,,177738,1/17/2021 23:59,2021-01-17T23:59:00Z,01/17 18:59,6259,16511,2021-01-17T23:59:00Z,3736131,456271,3279860,357508,5673,586,,,115262,19742,95520,,,,,,550200,71839,45,2854,24622,3772941,27476,3772941,,11,37,a5992718215b687b60f965f603dec12f2533fa97,0,0,0,0,0,
20210118,SC,391464,36569,3354001,,posNeg,3745465,2342,16474,478,,317,,176129,1/16/2021 23:59,2021-01-16T23:59:00Z,01/16 18:59,6248,16474,2021-01-16T23:59:00Z,3708896,452999,3255897,354895,5662,586,,,114933,19621,95312,,,,,,545242,71128,45,3280,28277,3745465,31557,3745465,,11,38,195c186dcfc24b4e451171c1c13b685fb256d60a,0,0,0,0,0,
20210117,SC,388184,36297,3325724,,posNeg,3713908,2375,16436,495,,316,,174706,1/15/2021 23:59,2021-01-15T23:59:00Z,01/15 18:59,6237,16436,2021-01-15T23:59:00Z,3677611,449303,3228308,351887,5654,583,,,114358,19395,94963,,,,,,540106,70139,45,5762,44834,3713908,50596,3713908,,129,148,69e9635d29f845eebefb82686b367ce99d2eff91,0,0,0,0,0,
20210116,SC,382422,35542,3280890,,posNeg,3663312,2387,16288,474,,291,,173075,1/14/2021 23:59,2021-01-14T23:59:00Z,01/14 18:59,6108,16288,2021-01-14T23:59:00Z,3627770,443061,3184709,346880,5577,531,,,113084,18984,94100,,,,,,531943,69003,45,6455,47105,3663312,53560,3663312,,71,153,ac5d0399b68978635dda0d6bac41174a3ad1c5c0,0,0,0,0,0,
20210115,SC,375967,34370,3233785,,posNeg,3609752,2424,16135,473,,289,,171539,1/13/2021 23:59,2021-01-13T23:59:00Z,01/13 18:59,6037,16135,2021-01-13T23:59:00Z,3575382,437023,3138359,341597,5513,524,,,112275,18678,93597,,,,,,521315,67442,45,4787,28845,3609752,33632,3609752,,103,195,7e2c8e0e1a289eb5c1d34c178b96eb1d5f1d9ad6,0,0,0,0,0,
20210114,SC,371180,33335,3204940,,posNeg,3576120,2427,15940,465,,290,,170072,1/12/2021 23:59,2021-01-12T23:59:00Z,01/12 18:59,5934,15940,2021-01-12T23:59:00Z,3542785,432650,3110135,337845,5420,514,,,111799,18522,93277,,,,,,512362,66213,45,5802,34882,3576120,40684,3576120,,23,92,57151d97165e34fc23915a194d5b6553a8f92cd2,0,0,0,0,0,
20210113,SC,365378,32388,3170058,,posNeg,3535436,2466,15848,475,,277,,168440,1/11/2021 23:59,2021-01-11T23:59:00Z,01/11 18:59,5911,15848,2021-01-11T23:59:00Z,3503048,426546,3076502,332990,5402,509,,,111059,18269,92790,,,,,,503983,64368,45,6021,31227,3535436,37248,3535436,,51,142,68abfdcf6d32ebf7ea1da8f2b26dd4a1282d145c,0,0,0,0,0,
20210112,SC,359357,31329,3138831,,posNeg,3498188,2453,15706,485,,270,,166724,1/10/2021 23:59,2021-01-10T23:59:00Z,01/10 18:59,5860,15706,2021-01-10T23:59:00Z,3466859,420724,3046135,328028,5358,502,,,110469,18069,92400,,,,,,495253,62535,45,1703,7870,3498188,9573,3498188,,34,42,7b2c0999fa00dd52d351a4a1c5a5466c86a0df65,0,0,0,0,0,
20210111,SC,357654,31066,3130961,,posNeg,3488615,2387,15664,465,,250,,165305,1/9/2021 23:59,2021-01-09T23:59:00Z,01/09 18:59,5826,15664,2021-01-09T23:59:00Z,3457549,418666,3038883,326588,5329,497,,,110430,18058,92372,,,,,,492534,61931,45,3129,18901,3488615,22030,3488615,,15,66,67b325bb01101add03f040c8c825f1f883608148,0,0,0,0,0,
20210110,SC,354525,30670,3112060,,posNeg,3466585,2374,15598,464,,250,,163716,1/8/2021 23:59,2021-01-08T23:59:00Z,01/08 18:59,5811,15598,2021-01-08T23:59:00Z,3435915,415538,3020377,323855,5315,496,,,109820,17831,91989,,,,,,486702,61077,45,4441,27411,3466585,31852,3466585,,53,89,31d2d925acc9cdbaf77946cb33e6f875c6265872,0,0,0,0,0,
20210109,SC,350084,29979,3084649,,posNeg,3434733,2383,15509,457,,243,,162451,1/7/2021 23:59,2021-01-07T23:59:00Z,01/07 18:59,5758,15509,2021-01-07T23:59:00Z,3404754,410526,2994228,320105,5267,491,,,109635,17776,91859,,,,,,479452,59701,45,5908,30711,3434733,36619,3434733,,63,174,437fb05f3084cee4886786cec1d3a715916aad6b,0,0,0,0,0,
20210108,SC,344176,28823,3053938,,posNeg,3398114,2396,15335,488,,251,,161183,1/6/2021 23:59,2021-01-06T23:59:00Z,01/06 18:59,5695,15335,2021-01-06T23:59:00Z,3369291,404989,2964302,315353,5217,478,,,108847,17490,91357,,,,,,468863,57927,45,6064,35196,3398114,41260,3398114,,34,133,5ec6d66f207dac6c3800e3b918d59beb6219f0d1,0,0,0,0,0,
20210107,SC,338112,27866,3018742,,posNeg,3356854,2425,15202,476,,245,,159700,1/5/2021 23:59,2021-01-05T23:59:00Z,01/05 18:59,5661,15202,2021-01-05T23:59:00Z,3328988,398851,2930137,310246,5189,472,,,107963,17263,90700,,,,,,457586,55426,45,4877,25101,3356854,29978,3356854,,79,187,6991b15ec72ed4e994e144323673241febef49ac,0,0,0,0,0,
20210106,SC,333235,27031,2993641,,posNeg,3326876,2424,15015,469,,247,,158273,1/4/2021 23:59,2021-01-04T23:59:00Z,01/04 18:59,5582,15015,2021-01-04T23:59:00Z,3299845,394314,2905531,306204,5139,443,,,107656,17169,90487,,,,,,447762,53786,45,5162,23233,3326876,28395,3326876,,84,164,4dd3e9c23226b769395064c446fe5ac5a6819695,0,0,0,0,0,
20210105,SC,328073,26070,2970408,,posNeg,3298481,2344,14851,447,,241,,157106,1/3/2021 23:59,2021-01-03T23:59:00Z,01/03 18:59,5498,14851,2021-01-03T23:59:00Z,3272411,389429,2882982,302003,5068,430,,,107397,17062,90335,,,,,,437379,52129,45,2601,13642,3298481,16243,3298481,,14,53,7c6461b9df260d39f7aff9edbe586a35996ed9e8,0,0,0,0,0,
20210104,SC,325472,25787,2956766,,posNeg,3282238,2155,14798,419,,215,,156090,1/2/2021 23:59,2021-01-02T23:59:00Z,01/02 18:59,5484,14798,2021-01-02T23:59:00Z,3256451,386686,2869765,299685,5056,428,,,107242,17013,90229,,,,,,432727,51014,45,3803,17008,3282238,20811,3282238,,15,71,82429430043398ea12618d0e481bd3c381810900,0,0,0,0,0,
20210103,SC,321669,25576,2939758,,posNeg,3261427,2072,14727,414,,217,,154943,1/1/2021 23:59,2021-01-01T23:59:00Z,01/01 18:59,5469,14727,2021-01-01T23:59:00Z,3235851,382553,2853298,296093,5042,427,,,106971,16912,90059,,,,,,432080,50632,45,8951,48221,3261427,57172,3261427,,84,141,749085d136ae0ecd0ec07716307828f13db10a78,0,0,0,0,0,
20210102,SC,312718,24942,2891537,,posNeg,3204255,1994,14586,413,,214,,152535,12/30/2020 23:59,2020-12-30T23:59:00Z,12/30 18:59,5385,14586,2020-12-30T23:59:00Z,3179313,372937,2806376,287776,4968,417,,,105968,16606,89362,,,,,,416971,48175,45,5211,26023,3204255,31234,3204255,,89,196,9af3503c46fcde7d5bedc472fc4ec9c4ab68c4ee,0,0,0,0,0,
20210101,SC,307507,24083,2865514,,posNeg,3173021,2025,14390,400,,199,,151084,12/29/2020 23:59,2020-12-29T23:59:00Z,12/29 18:59,5296,14390,2020-12-29T23:59:00Z,3148938,367855,2781083,283424,4885,411,,,105425,16447,88978,,,,,,407614,46617,45,0,0,3173021,0,3173021,,0,0,63e0484c7a2e8a8b9798fbb80c8c9da557fddb36,0,0,0,0,0,
20201231,SC,307507,24083,2865514,,posNeg,3173021,2025,14390,400,,199,,151084,12/29/2020 23:59,2020-12-29T23:59:00Z,12/29 18:59,5296,14390,2020-12-29T23:59:00Z,3148938,367855,2781083,283424,4885,411,,,105425,16447,88978,,,,,,407614,46617,45,4032,18155,3173021,22187,3173021,,47,154,1c90a82785b0f30fccef70445aa3879d901d6577,0,0,0,0,0,
20201230,SC,303475,23451,2847359,,posNeg,3150834,2001,14236,393,,198,,149770,12/28/2020 23:59,2020-12-28T23:59:00Z,12/28 18:59,5249,14236,2020-12-28T23:59:00Z,3127383,363513,2763870,280024,4846,403,,,105015,16367,88648,,,,,,396295,44962,45,2873,14676,3150834,17549,3150834,,51,133,4a9f3d67104c60c05aa90c4cc020189dc4dbb4cd,0,0,0,0,0,
20201229,SC,300602,23039,2832683,,posNeg,3133285,1954,14103,379,,189,,148226,12/27/2020 23:59,2020-12-27T23:59:00Z,12/27 18:59,5198,14103,2020-12-27T23:59:00Z,3110246,360650,2749596,277563,4804,394,,,104832,16320,88512,,,,,,389817,43968,45,2552,13606,3133285,16158,3133285,,25,53,f47d060db48a073aad52801fd0fa153a7457f7c1,0,0,0,0,0,
20201228,SC,298050,22765,2819077,,posNeg,3117127,1867,14050,380,,175,,147106,12/26/2020 23:59,2020-12-26T23:59:00Z,12/26 18:59,5173,14050,2020-12-26T23:59:00Z,3094362,357775,2736587,275285,4782,391,,,104654,16246,88408,,,,,,387061,43262,45,1871,12372,3117127,14243,3117127,,18,75,762d2f2324811e0674ea5cbb0d54be1f033e1eff,0,0,0,0,0,
20201227,SC,296179,22520,2806705,,posNeg,3102884,1780,13975,365,,177,,145988,12/25/2020 23:59,2020-12-25T23:59:00Z,12/25 18:59,5155,13975,2020-12-25T23:59:00Z,3080364,355876,2724488,273659,4764,391,,,104488,16206,88282,,,,,,385700,42989,45,7287,64262,3102884,71549,3102884,,31,81,b20f5d3aa941be433a8a0d1cc3e0017dffea968b,0,0,0,0,0,
20201226,SC,288892,22214,2742443,,posNeg,3031335,1758,13894,357,,176,,143320,12/23/2020 23:59,2020-12-23T23:59:00Z,12/23 18:59,5124,13894,2020-12-23T23:59:00Z,3009121,346638,2662483,266678,4736,388,,,103329,15855,87474,,,,,,373991,42119,45,3864,28716,3031335,32580,3031335,,81,118,03ece5e35c05d57dc021f403f7d91fdf595c439c,0,0,0,0,0,
20201225,SC,285028,21636,2713727,,posNeg,2998755,1766,13776,365,,177,,141962,12/22/2020 23:59,2020-12-22T23:59:00Z,12/22 18:59,5043,13776,2020-12-22T23:59:00Z,2977119,342491,2634628,263392,4662,381,,,102762,15698,87064,,,,,,360223,40482,45,0,0,2998755,0,2998755,,0,0,70bea74cc1694dd9568b831460cfb9765a8bba3e,0,0,0,0,0,
20201224,SC,285028,21636,2713727,,posNeg,2998755,1766,13776,365,,177,,141962,12/22/2020 23:59,2020-12-22T23:59:00Z,12/22 18:59,5043,13776,2020-12-22T23:59:00Z,2977119,342491,2634628,263392,4662,381,,,102762,15698,87064,,,,,,360223,40482,45,2798,20238,2998755,23036,2998755,,15,104,1f5bcea848bc716d254967136affd6ba9e8c1799,0,0,0,0,0,
20201223,SC,282230,21206,2693489,,posNeg,2975719,1671,13672,355,,142,,140452,12/21/2020 23:59,2020-12-21T23:59:00Z,12/21 18:59,5028,13672,2020-12-21T23:59:00Z,2954513,339589,2614924,261024,4651,377,,,102455,15586,86869,,,,,,350852,39458,45,4175,29364,2975719,33539,2975719,,52,165,6f81e5fae37eba14c266131304687ee2ea9e8c78,0,0,0,0,0,
20201222,SC,278055,20715,2664125,,posNeg,2942180,1586,13507,344,,170,,138745,12/20/2020 23:59,2020-12-20T23:59:00Z,12/20 18:59,4976,13507,2020-12-20T23:59:00Z,2921465,334934,2586531,257340,4602,374,,,101914,15436,86478,,,,,,345379,38628,45,2322,23231,2942180,25553,2942180,,14,41,271ebdc3e391072257500c95b34fb8a892fd25f6,0,0,0,0,0,
20201221,SC,275733,20523,2640894,,posNeg,2916627,1523,13466,324,,165,,137590,12/19/2020 23:59,2020-12-19T23:59:00Z,12/19 18:59,4962,13466,2020-12-19T23:59:00Z,2896104,332145,2563959,255210,4587,375,,,101405,15319,86086,,,,,,343808,38323,45,2327,17289,2916627,19616,2916627,,27,22,e31012ab87747da5fa7f62ed0001eb6ab8bab905,0,0,0,0,0,
20201220,SC,273406,20372,2623605,,posNeg,2897011,1471,13444,313,,159,,136505,12/18/2020 23:59,2020-12-18T23:59:00Z,12/18 18:59,4935,13444,2020-12-18T23:59:00Z,2876639,329350,2547289,253034,4566,369,,,100664,15129,85535,,,,,,339557,38015,45,2869,22521,2897011,25390,2897011,,40,77,4334be8d3ac386e77fc007ebacef90147a14e09e,0,0,0,0,0,
20201219,SC,270537,20151,2601084,,posNeg,2871621,1461,13367,311,,148,,135084,12/17/2020 23:59,2020-12-17T23:59:00Z,12/17 18:59,4895,13367,2020-12-17T23:59:00Z,2851470,326089,2525381,250386,4529,366,,,100382,15028,85354,,,,,,333443,37213,45,3461,23265,2871621,26726,2871621,,23,100,11871888a17a517ed51ce873c480b58670b2ac4b,0,0,0,0,0,
20201218,SC,267076,19715,2577819,,posNeg,2844895,1460,13267,315,,143,,133902,12/16/2020 23:59,2020-12-16T23:59:00Z,12/16 18:59,4872,13267,2020-12-16T23:59:00Z,2825180,322475,2502705,247361,4512,360,,,98874,14106,84768,,,,,,326401,36475,45,4302,32571,2844895,36873,2844895,,29,88,b178228d62e7beb65ede6ae317e0f33ded76a31c,0,0,0,0,0,
20201217,SC,262774,19191,2545248,,posNeg,2808022,1524,13179,333,,113,,132358,12/15/2020 23:59,2020-12-15T23:59:00Z,12/15 18:59,4843,13179,2020-12-15T23:59:00Z,2788831,317955,2470876,243583,4484,359,,,98079,13910,84169,,,,,,319131,35556,45,2655,13693,2808022,16348,2808022,,43,109,4eabb7eeaa78f3ea0931f1d5687e4f3be8d97933,0,0,0,0,0,
20201216,SC,260119,18648,2531555,,posNeg,2791674,1046,13070,261,,111,,130905,12/14/2020 23:59,2020-12-14T23:59:00Z,12/14 18:59,4800,13070,2020-12-14T23:59:00Z,2773026,315418,2457608,241471,4444,356,,,97715,13817,83898,,,,,,311277,34538,45,2799,19316,2791674,22115,2791674,,44,110,0cfec011f91ef6e1897855fa6c3fb34105a7a41e,0,0,0,0,0,
20201215,SC,257320,18201,2512239,,posNeg,2769559,1046,12960,261,,111,,129227,12/13/2020 23:59,2020-12-13T23:59:00Z,12/13 18:59,4756,12960,2020-12-13T23:59:00Z,2751358,312315,2439043,239119,4402,354,,,97390,13762,83628,,,,,,303478,33663,45,2544,21815,2769559,24359,2769559,,5,50,164afba72f4485b149d4145ac51f354b366c600d,0,0,0,0,0,
20201214,SC,254776,17991,2490424,,posNeg,2745200,1276,12910,307,,140,,128048,12/12/2020 23:59,2020-12-12T23:59:00Z,12/12 18:59,4751,12910,2020-12-12T23:59:00Z,2727209,309524,2417685,236785,4398,353,,,97021,13655,83366,,,,,,300424,33390,45,2570,23009,2745200,25579,2745200,,12,36,4a6c6e244e384b4c125c4a148d5c58da86b4de4a,0,0,0,0,0,
20201213,SC,252206,17814,2467415,,posNeg,2719621,1278,12874,295,,129,,126847,12/11/2020 23:59,2020-12-11T23:59:00Z,12/11 18:59,4739,12874,2020-12-11T23:59:00Z,2701807,306527,2395280,234392,4387,352,,,96303,13449,82854,,,,,,297348,33031,45,3408,60885,2719621,64293,2719621,,54,149,1fac421f64f57beeceb825b3cb2d8c28aae2f317,0,0,0,0,0,
20201212,SC,248798,17435,2406530,,posNeg,2655328,1250,12725,294,,122,,124586,12/9/2020 23:59,2020-12-09T23:59:00Z,12/09 18:59,4685,12725,2020-12-09T23:59:00Z,2634791,298224,2336567,231363,4344,341,,,94663,12970,81693,,,,,,281579,31411,45,3572,0,2655328,3572,2655328,,12,0,cfe33a1e21f6dd1b004a531d64f4a78a41c84f58,0,0,0,0,0,
20201211,SC,245226,16965,2406530,,posNeg,2651756,1234,12725,282,,124,,124586,12/9/2020 23:59,2020-12-09T23:59:00Z,12/09 18:59,4673,12725,2020-12-09T23:59:00Z,2634791,298224,2336567,228261,4332,341,,,94663,12970,81693,,,,,,281579,31411,45,3540,33980,2651756,37520,2651756,,46,107,4e775459fa615a8001960d0a80a98692d2d1205e,0,0,0,0,0,
20201210,SC,241686,16633,2372550,,posNeg,2614236,1232,12618,292,,124,,123503,12/8/2020 23:59,2020-12-08T23:59:00Z,12/08 18:59,4627,12618,2020-12-08T23:59:00Z,2597603,294186,2303417,225053,4291,336,,,93980,12780,81200,,,,,,274284,30676,45,2242,15213,2614236,17455,2614236,,15,91,429b5a7334f0c7f49dde43d33b5e79a7ad5ab1a8,0,0,0,0,0,
20201209,SC,239444,16304,2357337,,posNeg,2596781,1217,12527,275,,128,,122416,12/7/2020 23:59,2020-12-07T23:59:00Z,12/07 18:59,4612,12527,2020-12-07T23:59:00Z,2580477,291863,2288614,223140,4280,332,,,93470,12651,80819,,,,,,266077,29885,45,2490,12963,2596781,15453,2596781,,27,81,89b0c256ea2934487d45ca0ef82d02f776b5a96a,0,0,0,0,0,
20201208,SC,236954,15993,2344374,,posNeg,2581328,1179,12446,276,,118,,121359,12/6/2020 23:59,2020-12-06T23:59:00Z,12/06 18:59,4585,12446,2020-12-06T23:59:00Z,2565335,289379,2275956,220961,4253,332,,,93235,12586,80649,,,,,,260282,29275,45,2302,24160,2581328,26462,2581328,,6,31,4d0d50e9b37da9b71b42f9edf521be8d0982f7f9,0,0,0,0,0,
20201207,SC,234652,15832,2320214,,posNeg,2554866,1025,12415,243,,108,,120652,12/5/2020 23:59,2020-12-05T23:59:00Z,12/05 18:59,4579,12415,2020-12-05T23:59:00Z,2539034,286771,2252263,218820,4249,330,,,92912,12502,80410,,,,,,258736,29127,45,2553,24122,2554866,26675,2554866,,13,35,f09b37bd5a8d493317e68627032f61c342bb54cb,0,0,0,0,0,
20201206,SC,232099,15721,2296092,,posNeg,2528191,1025,12380,243,,108,,119844,12/4/2020 23:59,2020-12-04T23:59:00Z,12/04 18:59,4566,12380,2020-12-04T23:59:00Z,2512470,283683,2228787,216378,4237,329,,,92607,12408,80199,,,,,,255932,28921,45,2864,21406,2528191,24270,2528191,,49,75,8f586529e6a4d4c70f08a6f0eb184bf3682887eb,0,0,0,0,0,
20201205,SC,229235,15440,2274686,,posNeg,2503921,1029,12305,244,,110,,118984,12/3/2020 23:59,2020-12-03T23:59:00Z,12/03 18:59,4517,12305,2020-12-03T23:59:00Z,2488481,280536,2207945,213795,4194,323,,,92060,12248,79812,,,,,,250883,28292,45,3222,25800,2503921,29022,2503921,,21,82,ec19aee5b3ca4dea429bb2d07eff96439aa7274b,0,0,0,0,0,
20201204,SC,226013,15018,2248886,,posNeg,2474899,1047,12223,233,,104,,118168,12/2/2020 23:59,2020-12-02T23:59:00Z,12/02 18:59,4496,12223,2020-12-02T23:59:00Z,2459881,277199,2182682,210995,4175,321,,,91560,12084,79476,,,,,,245691,27834,45,2950,22849,2474899,25799,2474899,,30,97,703eb99c9ce3ca91b73359168d0f2a48c0b6f923,0,0,0,0,0,
20201203,SC,223063,14628,2226037,,posNeg,2449100,1046,12126,261,,111,,117338,12/1/2020 23:59,2020-12-01T23:59:00Z,12/01 18:59,4466,12126,2020-12-01T23:59:00Z,2434472,274016,2160456,208435,4145,321,,,91078,11974,79104,,,,,,239293,27153,45,2228,13971,2449100,16199,2449100,,22,103,6c238aa9016e24dce0b3f1daf438337cb6900400,0,0,0,0,0,
20201202,SC,220835,14182,2212066,,posNeg,2432901,911,12023,250,,118,,116292,11/30/2020 23:59,2020-11-30T23:59:00Z,11/30 18:59,4444,12023,2020-11-30T23:59:00Z,2418719,271861,2146858,206653,4126,318,,,90903,11896,79007,,,,,,231716,26375,45,1923,13952,2432901,15875,2432901,,40,113,686a67d3e636fbfbcf8603dde896ef6308031593,0,0,0,0,0,
20201201,SC,218912,13908,2198114,,posNeg,2417026,980,11910,201,,84,,115152,11/29/2020 23:59,2020-11-29T23:59:00Z,11/29 18:59,4404,11910,2020-11-29T23:59:00Z,2403118,269680,2133438,205004,4091,313,,,90777,11862,78915,,,,,,225071,25722,45,1425,16138,2417026,17563,2417026,,23,33,350df59f786dd4165afb4cfc24cd81b3316dfa56,0,0,0,0,0,
20201130,SC,217487,13828,2181976,,posNeg,2399463,925,11877,237,,112,,114457,11/28/2020 23:59,2020-11-28T23:59:00Z,11/28 18:59,4381,11877,2020-11-28T23:59:00Z,2385635,268050,2117585,203659,4077,304,,,90712,11851,78861,,,,,,222720,25477,45,1358,11518,2399463,12876,2399463,,28,20,c338528a1df8d58899cf63d91cb1a03e3ce2f03d,0,0,0,0,0,
20201129,SC,216129,13707,2170458,,posNeg,2386587,879,11857,236,,117,,113704,11/27/2020 23:59,2020-11-27T23:59:00Z,11/27 18:59,4353,11857,2020-11-27T23:59:00Z,2372880,266572,2106308,202422,4050,303,,,90602,11831,78771,,,,,,220868,25261,45,1218,15136,2386587,16354,2386587,,7,55,0c6c35b21b99c441bcb4a14d1ed1b9a3e9b85007,0,0,0,0,0,
20201128,SC,214911,13557,2155322,,posNeg,2370233,879,11802,236,,117,,112978,11/26/2020 23:59,2020-11-26T23:59:00Z,11/26 18:59,4346,11802,2020-11-26T23:59:00Z,2356679,265230,2091449,201354,4043,303,,,90320,11778,78542,,,,,,219009,25133,45,1791,29405,2370233,31196,2370233,,0,8,d483e7ed075c8ee91b05bf39a0e14c5a7bdb017f,0,0,0,0,0,
20201127,SC,213120,13582,2125917,,posNeg,2339037,884,11794,236,,119,,112233,11/25/2020 23:59,2020-11-25T23:59:00Z,11/25 18:59,4346,11794,2020-11-25T23:59:00Z,2325455,262918,2062537,199538,4043,303,,,89768,11625,78143,,,,,,216396,24958,45,2215,28659,2339037,30874,2339037,,29,57,1b0930426e70a2c430286eae4223ce6c31d4730e,0,0,0,0,0,
20201126,SC,210905,13253,2097258,,posNeg,2308163,940,11737,227,,108,,111013,11/24/2020 23:59,2020-11-24T23:59:00Z,11/24 18:59,4317,11737,2020-11-24T23:59:00Z,2294910,260477,2034433,197652,4015,302,,,88847,11318,77529,,,,,,207854,24415,45,0,0,2308163,0,2308163,,0,0,85ac55b8bdc6de707786ef24adde8b658a707ea5,0,0,0,0,0,
20201125,SC,210905,13253,2097258,,posNeg,2308163,940,11737,227,,108,,111013,11/24/2020 23:59,2020-11-24T23:59:00Z,11/24 18:59,4317,11737,2020-11-24T23:59:00Z,2294910,260477,2034433,197652,4015,302,,,88847,11318,77529,,,,,,207854,24415,45,1675,18996,2308163,20671,2308163,,4,82,5b59d77e121f18a466edab525b80365ae6e29fd7,0,0,0,0,0,
20201124,SC,209230,12900,2078262,,posNeg,2287492,873,11655,211,,83,,109724,11/23/2020 11:59,2020-11-23T11:59:00Z,11/23 06:59,4313,11655,2020-11-23T11:59:00Z,2274592,258791,2015801,196330,4010,303,,,88574,11213,77361,,,,,,199415,23722,45,1678,18209,2287492,19887,2287492,,25,92,cef667e8c4c5f4a4ad50f4b1e56ff5892d181af1,0,0,0,0,0,
20201123,SC,207552,12650,2060053,,posNeg,2267605,844,11563,216,,92,,108469,11/22/2020 11:59,2020-11-22T11:59:00Z,11/22 06:59,4288,11563,2020-11-22T11:59:00Z,2254955,256847,1998108,194902,3987,301,,,88315,11126,77189,,,,,,193630,23220,45,1257,19780,2267605,21037,2267605,,5,33,74efab70a7889d1eb77b1e1ecc4c7ce623887c49,0,0,0,0,0,
20201122,SC,206295,12508,2040273,,posNeg,2246568,809,11530,201,,93,,107683,11/21/2020 11:59,2020-11-21T11:59:00Z,11/21 06:59,4283,11530,2020-11-21T11:59:00Z,2234060,255430,1978630,193787,3982,301,,,87849,10982,76867,,,,,,191023,22979,45,1277,20039,2246568,21316,2246568,,9,35,426e2a7ee81a955a24d9737572411ef12774819a,0,0,0,0,0,
20201121,SC,205018,12373,2020234,,posNeg,2225252,816,11495,188,,90,,106828,11/20/2020 11:59,2020-11-20T11:59:00Z,11/20 06:59,4274,11495,2020-11-20T11:59:00Z,2212879,254003,1958876,192645,3974,300,,,87397,10833,76564,,,,,,188702,22792,45,1857,30647,2225252,32504,2225252,,43,40,8b4d22c70a119d197be824bc1b1ee52acd6594b1,0,0,0,0,0,
20201120,SC,203161,12140,1989587,,posNeg,2192748,808,11455,203,,106,,105856,11/19/2020 11:59,2020-11-19T11:59:00Z,11/19 06:59,4231,11455,2020-11-19T11:59:00Z,2180608,251760,1928848,191021,3949,282,,,86641,10574,76067,,,,,,183196,22461,45,2001,28620,2192748,30621,2192748,,30,53,f1dd4e459ac3b87e124cdb2c9e8b7b0ac5123db9,0,0,0,0,0,
20201119,SC,201160,11909,1960967,,posNeg,2162127,815,11402,203,,108,,104997,11/18/2020 11:59,2020-11-18T11:59:00Z,11/18 06:59,4201,11402,2020-11-18T11:59:00Z,2150218,249546,1900672,189251,3924,277,,,86043,10376,75667,,,,,,177011,22053,45,1713,22125,2162127,23838,2162127,,19,53,7c5b9cbb35a282925c137de2c6a5d515627c4b41,0,0,0,0,0,
20201118,SC,199447,11673,1938842,,posNeg,2138289,830,11349,219,,105,,103996,11/17/2020 11:59,2020-11-17T11:59:00Z,11/17 06:59,4182,11349,2020-11-17T11:59:00Z,2126616,247714,1878902,187774,3906,276,,,85520,10211,75309,,,,,,172583,21630,45,1547,14419,2138289,15966,2138289,,26,54,f6175ca05a07d1de7d173a8ab474db6459a5c8f5,0,0,0,0,0,
20201117,SC,197900,11372,1924423,,posNeg,2122323,800,11295,224,,106,,103154,11/16/2020 11:59,2020-11-16T11:59:00Z,11/16 06:59,4156,11295,2020-11-16T11:59:00Z,2110951,245958,1864993,186528,3884,272,,,85280,10146,75134,,,,,,167198,21124,45,1283,15507,2122323,16790,2122323,,13,62,77d3f586c96a78174510ce3602a73e97a012534b,0,0,0,0,0,
20201116,SC,196617,11227,1908916,,posNeg,2105533,769,11233,210,,102,,102038,11/15/2020 11:59,2020-11-15T11:59:00Z,11/15 06:59,4143,11233,2020-11-15T11:59:00Z,2094306,244537,1849769,185390,3873,270,,,85117,10125,74992,,,,,,161448,20732,45,1110,13834,2105533,14944,2105533,,31,22,43d990777a4c3a2d083ea035940448c0efba2639,0,0,0,0,0,
20201115,SC,195507,11147,1895082,,posNeg,2090589,752,11211,192,,86,,101388,11/14/2020 11:59,2020-11-14T11:59:00Z,11/14 06:59,4112,11211,2020-11-14T11:59:00Z,2079442,243310,1836132,184360,3846,266,,,84864,10064,74800,,,,,,160440,20592,45,1493,16956,2090589,18449,2090589,,2,29,2b4598c27c2e746ac3fe8bf93e16df2080bdbabc,0,0,0,0,0,
20201114,SC,194014,11071,1878126,,posNeg,2072140,781,11182,183,,93,,100742,11/13/2020 23:59,2020-11-13T23:59:00Z,11/13 18:59,4110,11182,2020-11-13T23:59:00Z,2061069,241604,1819465,182943,3844,266,,,84602,9988,74614,,,,,,158740,20442,45,1913,39233,2072140,41146,2072140,,9,35,22739546486579d40dafb00468cedffdda06a89f,0,0,0,0,0,
20201113,SC,192101,10858,1838893,,posNeg,2030994,775,11147,188,,89,,100074,11/12/2020 23:59,2020-11-12T23:59:00Z,11/12 18:59,4101,11147,2020-11-12T23:59:00Z,2020136,238902,1781234,181243,3835,266,,,83998,9783,74215,,,,,,151564,19980,45,1611,8438,2030994,10049,2030994,,17,63,750a4da914dc45f9988ab7172cce3eb6ff397786,0,0,0,0,0,
20201112,SC,190490,10658,1830455,,posNeg,2020945,810,11084,196,,91,,99368,11/11/2020 23:59,2020-11-11T23:59:00Z,11/11 18:59,4084,11084,2020-11-11T23:59:00Z,2010287,237297,1772990,179832,3817,267,,,83776,9731,74045,,,,,,149728,19620,45,1495,18741,2020945,20236,2020945,,8,60,105b11815433fbcef52ceb7574fdcc25ba3a4ee3,0,0,0,0,0,
20201111,SC,188995,10471,1811714,,posNeg,2000709,780,11024,198,,97,,98621,11/10/2020 23:59,2020-11-10T23:59:00Z,11/10 18:59,4076,11024,2020-11-10T23:59:00Z,1990238,235569,1754669,178524,3809,267,,,83479,9650,73829,,,,,,146367,19332,45,1257,10940,2000709,12197,2000709,,14,58,01e5a0f12cf723403146d106aa2ead3d5282a883,0,0,0,0,0,
20201110,SC,187738,10223,1800774,,posNeg,1988512,784,10966,197,,104,,97765,11/9/2020 23:59,2020-11-09T23:59:00Z,11/09 18:59,4062,10966,2020-11-09T23:59:00Z,1978289,234127,1744162,177515,3795,267,,,83290,9523,73707,,,,,,141266,18900,45,1347,19940,1988512,21287,1988512,,21,82,6c8fc3e33cb1f76c71c3137de00ba5bbe0b68228,0,0,0,0,0,
20201109,SC,186391,10018,1780834,,posNeg,1967225,746,10884,194,,101,,96909,11/8/2020 23:59,2020-11-08T23:59:00Z,11/08 18:59,4041,10884,2020-11-08T23:59:00Z,1957207,232206,1725001,176373,3778,263,,,82981,9523,73458,,,,,,136772,18544,45,703,7420,1967225,8123,1967225,,5,30,ce27bd2f494319496df024d7af339134d28826c4,0,0,0,0,0,
20201108,SC,185688,9958,1773414,,posNeg,1959102,718,10854,184,,89,,96422,11/7/2020 23:59,2020-11-07T23:59:00Z,11/07 18:59,4036,10854,2020-11-07T23:59:00Z,1949144,231486,1717658,175730,3776,260,,,82939,9518,73421,,,,,,136308,18494,45,946,13228,1959102,14174,1959102,,21,20,90a70f9696848b8b07873fbc668688ec1af898f2,0,0,0,0,0,
20201107,SC,184742,9880,1760186,,posNeg,1944928,740,10834,180,,89,,95754,11/6/2020 23:59,2020-11-06T23:59:00Z,11/06 18:59,4015,10834,2020-11-06T23:59:00Z,1935048,230445,1704603,174862,3756,259,,,82469,9425,73044,,,,,,135415,18430,45,1870,45961,1944928,47831,1944928,,10,58,ae429fc60931cbaec986e436b0f83f2d8d586549,0,0,0,0,0,
20201106,SC,182872,9686,1714225,,posNeg,1897097,767,10776,204,,91,,95045,11/5/2020 23:59,2020-11-05T23:59:00Z,11/05 18:59,4005,10776,2020-11-05T23:59:00Z,1887411,227928,1659483,173186,3748,257,,,81845,9278,72567,,,,,,130900,18123,45,1233,22579,1897097,23812,1897097,,13,50,2c2aadadc0e6c52b0d91384e828de914a4bc8a40,0,0,0,0,0,
20201105,SC,181639,9423,1691646,,posNeg,1873285,755,10726,214,,102,,94333,11/4/2020 23:59,2020-11-04T23:59:00Z,11/04 18:59,3992,10726,2020-11-04T23:59:00Z,1863862,226218,1637644,172216,3736,256,,,81413,9176,72237,,,,,,126687,17719,45,769,6628,1873285,7397,1873285,,7,70,ba178eff50b42180150dce78478579f110ff10a6,0,0,0,0,0,
20201104,SC,180870,9228,1685018,,posNeg,1865888,783,10656,210,,112,,93533,11/3/2020 11:59,2020-11-03T11:59:00Z,11/03 06:59,3985,10656,2020-11-03T11:59:00Z,1856660,225537,1631123,171642,3728,257,,,81313,9162,72151,,,,,,124113,17465,45,918,9847,1865888,10765,1865888,,17,57,d81ebed393a2a18ab49a3ec5a6f4dc18f5dea3b3,0,0,0,0,0,
20201103,SC,179952,9090,1675171,,posNeg,1855123,737,10599,202,,104,,92763,11/2/2020 11:59,2020-11-02T11:59:00Z,11/02 06:59,3968,10599,2020-11-02T11:59:00Z,1846033,224352,1621681,170862,3713,255,,,81159,9130,72029,,,,,,121231,17251,45,1035,12050,1855123,13085,1855123,,22,66,d7f4ea70bc9109cd852b4177a2eb8d4c8c8563c6,0,0,0,0,0,
20201102,SC,178917,8869,1663121,,posNeg,1842038,749,10533,204,,88,,91934,11/1/2020 11:59,2020-11-01T11:59:00Z,11/01 06:59,3946,10533,2020-11-01T11:59:00Z,1833169,223041,1610128,170048,3697,249,,,80951,9107,71844,,,,,,117152,16969,45,894,13792,1842038,14686,1842038,,10,19,bb6f2e08d5f25247dded2001653631576e6d7406,0,0,0,0,0,
20201101,SC,178023,8795,1649329,,posNeg,1827352,773,10514,190,,93,,91466,10/30/2020 23:59,2020-10-30T23:59:00Z,10/30 19:59,3936,10514,2020-10-30T23:59:00Z,1818557,221992,1596565,169228,3687,249,,,80795,9083,71712,,,,,,116139,16869,45,1411,23891,1827352,25302,1827352,,1,14,1f545618cb4e2d6e13661b3cd0834374d25b5af7,0,0,0,0,0,
20201031,SC,176612,8727,1625438,,posNeg,1802050,789,10500,197,,80,,90994,10/30/2020 23:59,2020-10-30T23:59:00Z,10/30 19:59,3935,10500,2020-10-30T23:59:00Z,1793323,220250,1573073,167885,3686,249,,,80268,8981,71287,,,,,,114891,16670,45,1018,12672,1802050,13690,1802050,,39,48,b998729becb67c8cab3ba8712c38a1acd8aa8b40,0,0,0,0,0,
20201030,SC,175594,8537,1612766,,posNeg,1788360,777,10452,196,,93,,90215,10/29/2020 23:59,2020-10-29T23:59:00Z,10/29 19:59,3896,10452,2020-10-29T23:59:00Z,1779823,219107,1560716,167057,3653,243,,,79922,8901,71021,,,,,,112467,16388,45,1003,13615,1788360,14618,1788360,,7,48,7d0440efb7f6199975541289b1edf4e57a5e3020,0,0,0,0,0,
20201029,SC,174591,8247,1599151,,posNeg,1773742,800,10404,202,,97,,89472,10/28/2020 23:59,2020-10-28T23:59:00Z,10/28 19:59,3889,10404,2020-10-28T23:59:00Z,1765495,217983,1547512,166344,3645,244,,,79760,8874,70886,,,,,,109636,16203,45,1100,18861,1773742,19961,1773742,,13,59,2c89329a7f86118416fe0ae596ba1193204dc96e,0,0,0,0,0,
20201028,SC,173491,8014,1580290,,posNeg,1753781,810,10345,201,,95,,88761,10/27/2020 23:59,2020-10-27T23:59:00Z,10/27 19:59,3876,10345,2020-10-27T23:59:00Z,1745767,216575,1529192,165477,3634,242,,,79365,8797,70568,,,,,,106595,16016,45,912,7843,1753781,8755,1753781,,34,59,21572c52e4d2c4015a012cd612a14e0c91adc364,0,0,0,0,0,
20201027,SC,172579,7777,1572447,,posNeg,1745026,746,10286,188,,93,,87892,10/26/2020 23:59,2020-10-26T23:59:00Z,10/26 19:59,3842,10286,2020-10-26T23:59:00Z,1737249,215730,1521519,164802,3602,240,,,78989,8661,70328,,,,,,103477,15735,45,1078,10716,1745026,11794,1745026,,19,50,8fa625e051d8025d74d7ad54283ae37f3d5745c4,0,0,0,0,0,
20201026,SC,171501,7555,1561731,,posNeg,1733232,737,10236,201,,93,,86928,10/25/2020 23:59,2020-10-25T23:59:00Z,10/25 19:59,3823,10236,2020-10-25T23:59:00Z,1725677,214556,1511121,163946,3587,236,,,78887,8624,70263,,,,,,99939,15411,45,823,25995,1733232,26818,1733232,,21,12,db9a593f969afe46b7bae57ab9a1e4f5cd2a6a2e,0,0,0,0,0,
20201025,SC,170678,7535,1535736,,posNeg,1706414,725,10224,206,,95,,86524,10/24/2020 23:59,2020-10-24T23:59:00Z,10/24 19:59,3802,10224,2020-10-24T23:59:00Z,1698879,213520,1485359,163143,3567,235,,,78666,8587,70079,,,,,,98080,15305,45,1337,25993,1706414,27330,1706414,,9,12,9b6cf6b1136e33826c2c86f41ac8274f04af779c,0,0,0,0,0,
20201024,SC,169341,7505,1509743,,posNeg,1679084,743,10212,200,,97,,86031,10/23/2020 23:59,2020-10-23T23:59:00Z,10/23 19:59,3793,10212,2020-10-23T23:59:00Z,1671579,211816,1459763,161836,3560,233,,,78209,8480,69729,,,,,,97080,15204,45,792,10791,1679084,11583,1679084,,16,51,ed8c4e87fe952711a6f52f4285865ef7000b278d,0,0,0,0,0,
20201023,SC,168549,7314,1498952,,posNeg,1667501,718,10161,191,,96,,85420,10/22/2020 23:59,2020-10-22T23:59:00Z,10/22 19:59,3777,10161,2020-10-22T23:59:00Z,1660187,210882,1449305,161235,3545,232,,,77863,8423,69440,,,,,,95199,14993,45,1064,17086,1667501,18150,1667501,,22,59,f9c63e43a0319cffdb64cbe7c671a67cdacf4a4b,0,0,0,0,0,
20201022,SC,167485,7101,1481866,,posNeg,1649351,766,10102,185,,91,,84761,10/21/2020 23:59,2020-10-21T23:59:00Z,10/21 19:59,3755,10102,2020-10-21T23:59:00Z,1642250,209743,1432507,160384,3526,229,,,77622,8314,69308,,,,,,90041,14678,45,1128,14674,1649351,15802,1649351,,47,40,19c8a69910e8f4157d26c28e1f4b2adf31b6121c,0,0,0,0,0,
20201021,SC,166357,6924,1467192,,posNeg,1633549,743,10062,197,,98,,84052,10/20/2020 23:59,2020-10-20T23:59:00Z,10/20 19:59,3708,10062,2020-10-20T23:59:00Z,1626625,208503,1418122,159433,3487,221,,,77263,8225,69038,,,,,,87938,14381,45,864,12763,1633549,13627,1633549,,12,34,917ba5bc6447596013a0e06de46777e3117172a6,0,0,0,0,0,
20201020,SC,165493,6746,1454429,,posNeg,1619922,697,10028,182,,92,,83361,10/19/2020 23:59,2020-10-19T23:59:00Z,10/19 19:59,3696,10028,2020-10-19T23:59:00Z,1613176,207471,1405705,158747,3475,221,,,77037,8177,68860,,,,,,85898,14103,45,884,8838,1619922,9722,1619922,,35,69,a7136461e7ccea8edab1a412155959c8bbeb1c23,0,0,0,0,0,
20201019,SC,164609,6639,1445591,,posNeg,1610200,697,9959,182,,92,,82637,10/18/2020 23:59,2020-10-18T23:59:00Z,10/18 19:59,3661,9959,2020-10-18T23:59:00Z,1603561,206473,1397088,157970,3449,212,,,76822,8160,68662,,,,,,83607,13882,45,619,8318,1610200,8937,1610200,,11,20,9bcc7267c0950bdde43d95a74d587e18cc65ef2e,0,0,0,0,0,
20201018,SC,163990,6596,1437273,,posNeg,1601263,716,9939,186,,97,,82119,10/17/2020 23:59,2020-10-17T23:59:00Z,10/17 19:59,3650,9939,2020-10-17T23:59:00Z,1594667,205731,1388936,157394,3439,211,,,76629,8105,68524,,,,,,82974,13785,45,776,15436,1601263,16212,1601263,,13,22,808d5d719466d08b4e2f0f96f39100353063e763,0,0,0,0,0,
20201017,SC,163214,6559,1421837,,posNeg,1585051,759,9917,205,,103,,81703,10/16/2020 23:59,2020-10-16T23:59:00Z,10/16 19:59,3637,9917,2020-10-16T23:59:00Z,1578492,204742,1373750,156655,3427,210,,,76398,8057,68341,,,,,,82295,13716,45,961,17773,1585051,18734,1585051,,22,63,5adde95d148ac03aa249214f949f81a1c227c757,0,0,0,0,0,
20201016,SC,162253,6454,1404064,,posNeg,1566317,769,9854,206,,98,,81106,10/15/2020 23:59,2020-10-15T23:59:00Z,10/15 19:59,3615,9854,2020-10-15T23:59:00Z,1559863,203581,1356282,155799,3405,210,,,75938,7925,68013,,,,,,79570,13448,45,1147,18562,1566317,19709,1566317,,8,56,9e90bc81165b43994e74a27dd05b6b61a5bd2696,0,0,0,0,0,
20201015,SC,161106,6237,1385502,,posNeg,1546608,762,9798,204,,94,,80460,10/14/2020 23:59,2020-10-14T23:59:00Z,10/14 19:59,3607,9798,2020-10-14T23:59:00Z,1540371,202335,1338036,154869,3400,207,,,75509,7857,67652,,,,,,76551,13214,45,1297,18746,1546608,20043,1546608,,14,63,9e52223ce69b24d2f5ecdd2c81a901e12b0cd054,0,0,0,0,0,
20201014,SC,159809,6080,1366756,,posNeg,1526565,792,9735,204,,91,,79781,10/13/2020 23:59,2020-10-13T23:59:00Z,10/13 19:59,3593,9735,2020-10-13T23:59:00Z,1520485,200873,1319612,153729,3387,206,,,75157,7789,67368,,,,,,73783,12919,45,926,14158,1526565,15084,1526565,,17,81,b343bbdf079b16f8747ebdaa0ca1490e75d24c5f,0,0,0,0,0,
20201013,SC,158883,5920,1352598,,posNeg,1511481,745,9654,201,,90,,79110,10/12/2020 23:59,2020-10-12T23:59:00Z,10/12 19:59,3576,9654,2020-10-12T23:59:00Z,1505561,199826,1305735,152963,3371,205,,,74928,7734,67194,,,,,,70575,12610,45,828,12836,1511481,13664,1511481,,17,54,d9e7f9dd70b9b0460749b42717ee6549ca5ce746,0,0,0,0,0,
20201012,SC,158055,5813,1339762,,posNeg,1497817,684,9600,177,,87,,78431,10/11/2020 23:59,2020-10-11T23:59:00Z,10/11 19:59,3559,9600,2020-10-11T23:59:00Z,1492004,198952,1293052,152242,3355,204,,,74809,7723,67086,,,,,,68648,12428,45,649,12510,1497817,13159,1497817,,7,22,307aca0674c8f5158b733dde9ee79a34c2cef05a,0,0,0,0,0,
20201011,SC,157406,5757,1327252,,posNeg,1484658,685,9578,176,,87,,78115,10/10/2020 23:59,2020-10-10T23:59:00Z,10/10 19:59,3552,9578,2020-10-10T23:59:00Z,1478901,198082,1280819,151649,3348,204,,,74645,7695,66950,,,,,,68153,12335,45,785,13562,1484658,14347,1484658,,1,17,76815536bf65455002bb0fa55498ae643449928c,0,0,0,0,0,
20201010,SC,156621,5706,1313690,,posNeg,1470311,728,9561,179,,93,,77700,10/9/2020 23:59,2020-10-09T23:59:00Z,10/09 19:59,3551,9561,2020-10-09T23:59:00Z,1464605,197178,1267427,150915,3346,205,,,74342,7631,66711,,,,,,67607,12251,45,945,16798,1470311,17743,1470311,,21,42,eb627168cb5c2450c8f5fa801c8c5a9018b5fa13,0,0,0,0,0,
20201009,SC,155676,5643,1296892,,posNeg,1452568,748,9519,193,,99,,77102,10/8/2020 23:59,2020-10-08T23:59:00Z,10/08 19:59,3530,9519,2020-10-08T23:59:00Z,1446925,196026,1250899,150033,3325,205,,,73971,7573,66398,,,,,,65448,12054,45,921,21008,1452568,21929,1452568,,16,44,8b6a2f852eb042a5b3a8efbc2ada5e74a25e077b,0,0,0,0,0,
20201008,SC,154755,5536,1275884,,posNeg,1430639,716,9475,191,,94,,76477,10/7/2020 23:59,2020-10-07T23:59:00Z,10/07 19:59,3514,9475,2020-10-07T23:59:00Z,1425103,194725,1230378,149219,3311,203,,,73614,7498,66116,,,,,,63262,11862,45,1050,18993,1430639,20043,1430639,,12,83,0de64520e25c89e49db8f948826d546566270e1c,0,0,0,0,0,
20201007,SC,153705,5371,1256891,,posNeg,1410596,707,9392,183,,93,,75768,10/6/2020 23:59,2020-10-06T23:59:00Z,10/06 19:59,3502,9392,2020-10-06T23:59:00Z,1405225,193433,1211792,148334,3300,202,,,73100,7422,65678,,,,,,60381,11623,45,735,6725,1410596,7460,1410596,,31,61,207499d8cb815b220c7214100fb6faf201a6cf0d,0,0,0,0,0,
20201006,SC,152970,5170,1250166,,posNeg,1403136,655,9331,167,,87,,74949,10/5/2020 23:59,2020-10-05T23:59:00Z,10/05 19:59,3471,9331,2020-10-05T23:59:00Z,1397966,192727,1205239,147800,3275,196,,,72893,7359,65534,,,,,,58125,11303,45,811,13219,1403136,14030,1403136,,15,48,b2e5873e456ad245d6d7ff36e36b2d24b0d0ae62,0,0,0,0,0,
20201005,SC,152159,5043,1236947,,posNeg,1389106,593,9283,150,,72,,74272,10/4/2020 23:59,2020-10-04T23:59:00Z,10/04 19:59,3456,9283,2020-10-04T23:59:00Z,1384063,191423,1192640,147116,3258,198,,,72652,7320,65332,,,,,,55266,11062,45,577,10443,1389106,11020,1389106,,3,24,752601c092cd03834a884233bf97cac2c801afa5,0,0,0,0,0,
20201004,SC,151582,5006,1226504,,posNeg,1378086,599,9259,153,,72,,73973,10/3/2020 23:59,2020-10-03T23:59:00Z,10/03 19:59,3453,9259,2020-10-03T23:59:00Z,1373080,190741,1182339,146576,3255,198,,,72475,7285,65190,,,,,,54631,10995,45,691,37637,1378086,38328,1378086,,11,43,d8fb1150dabcfaa99efd500a08b019943f2fb9ce,0,0,0,0,0,
20201003,SC,150891,4938,1188867,,posNeg,1339758,686,9216,163,,88,,72951,10/1/2020 23:59,2020-10-01T23:59:00Z,10/01 19:59,3442,9216,2020-10-01T23:59:00Z,1333233,187608,1145625,145953,3243,199,,,71528,7065,64463,,,,,,51506,10785,45,1706,0,1339758,1706,1339758,,33,0,2d1810671f95e7c016b014fef49f09e65276c3c2,0,0,0,0,0,
20201002,SC,149185,4819,1188867,,posNeg,1338052,679,9216,160,,95,,72951,10/1/2020 23:59,2020-10-01T23:59:00Z,10/01 19:59,3409,9216,2020-10-01T23:59:00Z,1333233,187608,1145625,144366,3211,198,,,71528,7065,64463,,,,,,51506,10785,45,862,20736,1338052,21598,1338052,,9,56,ac75d10efed74075291ba50fd2848ca985a9fe19,0,0,0,0,0,
20201001,SC,148323,4536,1168131,,posNeg,1316454,709,9160,172,,91,,74499,9/30/2020 23:59,2020-09-30T23:59:00Z,09/30 19:59,3400,9160,2020-09-30T23:59:00Z,1311918,186383,1125535,143787,3203,197,,,71256,6978,64278,,,,,,49191,10618,45,381,6975,1316454,7356,1316454,,22,0,b2c513e4443fa7c4bd5954877132c7e9581dc9ba,0,0,0,0,0,
20200930,SC,147942,4319,1161156,,posNeg,1309098,729,9160,184,,95,,71691,9/29/2020 23:59,2020-09-29T23:59:00Z,09/29 19:59,3378,9160,2020-09-29T23:59:00Z,1304779,185912,1118867,143623,3186,192,,,71177,6958,64219,,,,,,47058,10494,45,308,8376,1309098,8684,1309098,,19,55,004ade33360ee58f311b81eee525029c4246e07b,0,0,0,0,0,
20200929,SC,147634,4139,1152780,,posNeg,1300414,690,9105,176,,88,,73136,9/28/2020 11:59,2020-09-28T11:59:00Z,09/28 07:59,3359,9105,2020-09-28T11:59:00Z,1296275,185456,1110819,143495,3173,186,,,71059,6914,64145,,,,,,44877,10284,45,1179,25307,1300414,26486,1300414,,22,40,53d2464eadf46a993d482544e81f9da19d62ca1f,0,0,0,0,0,
20200928,SC,146455,4006,1127473,,posNeg,1273928,753,9065,172,,108,,70430,9/27/2020 11:59,2020-09-27T11:59:00Z,09/27 07:59,3337,9065,2020-09-27T11:59:00Z,1269922,183989,1085933,142449,3154,183,,,70816,6891,63925,,,,,,42553,10143,45,568,20822,1273928,21390,1273928,,11,22,56801bcef32dca804423751f19f3edde195e291e,0,0,0,0,0,
20200927,SC,145887,3978,1106651,,posNeg,1252538,734,9043,179,,108,,70028,9/26/2020 11:59,2020-09-26T11:59:00Z,09/26 07:59,3326,9043,2020-09-26T11:59:00Z,1248560,182242,1066318,141909,3144,182,,,70686,6876,63810,,,,,,40686,10030,45,614,9127,1252538,9741,1252538,,3,15,572e36a8c28092a9b2c345068f15a6ddbc76e847,0,0,0,0,0,
20200926,SC,145273,3935,1097524,,posNeg,1242797,727,9028,186,,99,,69629,9/25/2020 11:59,2020-09-25T11:59:00Z,09/25 07:59,3323,9028,2020-09-25T11:59:00Z,1238862,181055,1057807,141338,3141,182,,,70491,6831,63660,,,,,,39995,9972,45,1371,14959,1242797,16330,1242797,,26,34,73ed5bde08a8ef1010644b9006b27d4f0c1f9536,0,0,0,0,0,
20200925,SC,143902,3846,1082565,,posNeg,1226467,773,8994,191,,101,,68854,9/24/2020 11:59,2020-09-24T11:59:00Z,09/24 07:59,3297,8994,2020-09-24T11:59:00Z,1222621,179372,1043249,140056,3114,183,,,70135,6666,63469,,,,,,38650,9856,45,1195,18166,1226467,19361,1226467,,18,49,b60dfce67737487828a19d71a18eb6f9b0db0939,0,0,0,0,0,
20200924,SC,142707,3686,1064399,,posNeg,1207106,804,8945,194,,106,,68079,9/23/2020 16:25,2020-09-23T16:25:00Z,09/23 12:25,3279,8945,2020-09-23T16:25:00Z,1203420,178064,1025356,139021,3097,182,,,69862,6603,63259,,,,,,36799,9726,45,1021,15501,1207106,16522,1207106,,17,39,38c3551f5bc44b8fa3269602eb8fb65e950ac408,0,0,0,0,0,
20200923,SC,141686,3515,1048898,,posNeg,1190584,786,8906,190,,103,,67491,9/22/2020 23:59,2020-09-22T23:59:00Z,09/22 19:59,3262,8906,2020-09-22T23:59:00Z,1187069,176559,1010510,138171,3085,177,,,69484,6470,63014,,,,,,34200,9523,45,897,17203,1190584,18100,1190584,,19,55,6376dcfaf6c60e876a6ae0834462ba5e7b5cd1b2,0,0,0,0,0,
20200922,SC,140789,3383,1031695,,posNeg,1172484,768,8851,187,,105,,68748,9/21/2020 23:59,2020-09-21T23:59:00Z,09/21 19:59,3243,8851,2020-09-21T23:59:00Z,1169101,175236,993865,137406,3067,176,,,68926,6349,62577,,,,,,30106,8954,45,2665,25701,1172484,28366,1172484,,31,72,3ece872ea4c3b9d1d96940529e9c486916e68f76,0,0,0,0,0,
20200921,SC,138124,3240,1005994,,posNeg,1144118,764,8779,199,,112,,51431,9/20/2020 23:59,2020-09-20T23:59:00Z,09/20 19:59,3212,8779,2020-09-20T23:59:00Z,1140878,171879,968999,134884,3040,172,,,68266,6305,61961,,,,,,29352,8836,45,416,11107,1144118,11523,1144118,,13,41,9064ea40cd70ad53f972123ac7de9f9c118c24ff,0,0,0,0,0,
20200920,SC,137708,3214,994887,,posNeg,1132595,733,8738,203,,123,,51431,9/19/2020 23:59,2020-09-19T23:59:00Z,09/19 19:59,3199,8738,2020-09-19T23:59:00Z,1129381,171027,958354,134494,3028,171,,,68049,6254,61795,,,,,,28772,8723,45,468,8862,1132595,9330,1132595,,11,30,ccc4487d5068da4a90459642b1ad3ff4b7f8da2c,0,0,0,0,0,
20200919,SC,137240,3188,986025,,posNeg,1123265,826,8708,203,,121,,51431,9/18/2020 23:59,2020-09-18T23:59:00Z,09/18 19:59,3188,8708,2020-09-18T23:59:00Z,1120077,170413,949664,134052,3017,171,,,67865,6232,61633,,,,,,27959,8621,45,922,10939,1123265,11861,1123265,,11,39,19b6acbb458c78dbc0e2440824346fe84f3d7ae0,0,0,0,0,0,
20200918,SC,136318,3008,975086,,posNeg,1111404,798,8669,217,,125,,51431,9/17/2020 23:59,2020-09-17T23:59:00Z,09/17 19:59,3177,8669,2020-09-17T23:59:00Z,1108396,169306,939090,133310,3010,167,,,67459,6153,61306,,,,,,26886,8291,45,872,22945,1111404,23817,1111404,,19,58,7052bf0ccc15951efff173b67ebca7d5914ca23c,0,0,0,0,0,
20200917,SC,135446,2881,952141,,posNeg,1087587,733,8611,203,,123,,51431,9/16/2020 23:59,2020-09-16T23:59:00Z,09/16 19:59,3158,8611,2020-09-16T23:59:00Z,1084706,166907,917799,132565,2992,166,,,66921,6020,60901,,,,,,25086,8017,45,1324,5341,1087587,6665,1087587,,26,59,871671b8f0d09be52f580072c2bd5d1dbdb46d97,0,0,0,0,0,
20200916,SC,134122,2694,946800,,posNeg,1080922,784,8552,223,,136,,51431,9/15/2020 23:59,2020-09-15T23:59:00Z,09/15 19:59,3132,8552,2020-09-15T23:59:00Z,1078228,166110,912118,131428,2968,164,,,66765,6001,60764,,,,,,24446,7921,45,652,5533,1080922,6185,1080922,,34,50,7839c8aea7ec0fc3483de0e7e959f244b7d0cff5,0,0,0,0,0,
20200915,SC,133470,2553,941267,,posNeg,1074737,745,8502,211,,127,,51431,9/14/2020 23:59,2020-09-14T23:59:00Z,09/14 19:59,3098,8502,2020-09-14T23:59:00Z,1072184,165462,906722,130917,2943,155,,,66624,5967,60657,,,,,,23477,7763,45,790,-14526,1074737,-13736,1074737,,21,54,bb72f4d3971e2dafe8cdb15ad3c7549843e62443,0,0,0,0,0,
20200914,SC,132680,2424,955793,,posNeg,1088473,733,8448,203,,123,,51431,9/13/2020 23:59,2020-09-13T23:59:00Z,09/13 19:59,3077,8448,2020-09-13T23:59:00Z,1086049,172250,913799,130256,2922,155,,,66581,5960,60621,,,,,,,,45,816,15794,1088473,16610,1088473,,13,22,6890c276e613fdc29ec55561617217111ebb6c05,0,0,0,0,0,
20200913,SC,131864,2380,939999,,posNeg,1071863,752,8426,205,,130,,51431,9/12/2020 23:59,2020-09-12T23:59:00Z,09/12 19:59,3064,8426,2020-09-12T23:59:00Z,1069483,171055,898428,129484,2915,149,,,66426,5907,60519,,,,,,,,45,1886,15105,1071863,16991,1071863,,24,24,9ac3456e6438dc160215e79d27bb5b2fe1c7d91e,0,0,0,0,0,
20200912,SC,129978,2332,924894,,posNeg,1054872,806,8402,220,,131,,51431,9/11/2020 23:59,2020-09-11T23:59:00Z,09/11 19:59,3040,8402,2020-09-11T23:59:00Z,1052540,168092,884448,127646,2891,149,,,65834,5799,60035,,,,,,,,45,932,9464,1054872,10396,1054872,,12,49,4d5ac142879425acf9ce6f11c50c6ba8ab494fce,0,0,0,0,0,
20200911,SC,129046,2254,915430,,posNeg,1044476,806,8353,220,,131,,51431,9/10/2020 23:59,2020-09-10T23:59:00Z,09/10 19:59,3028,8353,2020-09-10T23:59:00Z,1042222,166754,875468,126792,2877,151,,,65478,5737,59741,,,,,,,,45,2454,9563,1044476,12017,1044476,,53,58,fd80f317337c04175c16b41bd6b488a574179772,0,0,0,0,0,
20200910,SC,126592,2195,905867,,posNeg,1032459,852,8295,219,,127,,51431,9/9/2020 23:59,2020-09-09T23:59:00Z,09/09 19:59,2975,8295,2020-09-09T23:59:00Z,1030264,165309,864955,124397,2823,152,,,65181,5680,59501,,,,,,,,45,379,14761,1032459,15140,1032459,,33,59,b7627525377ebc5f1eb79bb846dc36d9b9316cf5,0,0,0,0,0,
20200909,SC,126213,2116,891106,,posNeg,1017319,801,8236,224,,133,,51431,9/8/2020 23:59,2020-09-08T23:59:00Z,09/08 19:59,2942,8236,2020-09-08T23:59:00Z,1015203,162507,852696,124097,2800,142,,,65054,5647,59407,,,,,,,,45,305,2863,1017319,3168,1017319,,30,54,8bdc0d363ae5777b7fd5c84052568d43ddf9eca5,0,0,0,0,0,
20200908,SC,125908,2107,888243,,posNeg,1014151,766,8182,213,,118,,51431,9/7/2020 23:59,2020-09-07T23:59:00Z,09/07 19:59,2912,8182,2020-09-07T23:59:00Z,1012044,162047,849997,123801,2772,140,,,64981,5645,59336,,,,,,,,45,301,4140,1014151,4441,1014151,,5,11,b5d17dceeafe20f9b3b025a1efbcf7ca1ae21190,0,0,0,0,0,
20200907,SC,125607,2055,884103,,posNeg,1009710,787,8171,208,,129,,51431,9/6/2020 23:59,2020-09-06T23:59:00Z,09/06 19:59,2907,8171,2020-09-06T23:59:00Z,1007655,161468,846187,123552,2767,140,,,64929,5641,59288,,,,,,,,45,655,7830,1009710,8485,1009710,,20,27,88c4126943025743ca7c72271ba49b5a06cb87e5,0,0,0,0,0,
20200906,SC,124952,2008,876273,,posNeg,1001225,787,8144,208,,129,,51431,9/5/2020 23:59,2020-09-05T23:59:00Z,09/05 19:59,2887,8144,2020-09-05T23:59:00Z,999217,160614,838603,122944,2748,139,,,64756,5618,59138,,,,,,,,45,663,6635,1001225,7298,1001225,,10,11,cea2444e63a10bdcf2a08e41e06e56bcf58735f1,0,0,0,0,0,
20200905,SC,124289,1976,869638,,posNeg,993927,845,8133,213,,128,,51431,9/4/2020 23:59,2020-09-04T23:59:00Z,09/04 19:59,2877,8133,2020-09-04T23:59:00Z,991951,159813,832138,122313,2738,139,,,64470,5562,58908,,,,,,,,45,964,10979,993927,11943,993927,,31,60,f107edcfdcad94e242f8ec21389c025cd03f5238,0,0,0,0,0,
20200904,SC,123325,1947,858659,,posNeg,981984,910,8073,230,,140,,51431,9/3/2020 23:59,2020-09-03T23:59:00Z,09/03 19:59,2846,8073,2020-09-03T23:59:00Z,980037,158422,821615,121378,2706,140,,,64094,5478,58616,,,,,,,,45,1629,10930,981984,12559,981984,,39,67,9f7cbc12f43e98ef94be03669ee1457dc6e79f76,0,0,0,0,0,
20200903,SC,121696,1874,847729,,posNeg,969425,911,8006,235,,145,,51431,9/2/2020 23:59,2020-09-02T23:59:00Z,09/02 19:59,2807,8006,2020-09-02T23:59:00Z,967551,154856,802372,119822,2667,140,,,63761,5313,58135,,,,,,,,45,1193,9200,969425,10393,969425,,13,58,3449be9c92b1f392e88ab7a3c47c7bb3e33f57f6,0,0,0,0,0,
20200902,SC,120503,1804,838529,,posNeg,959032,892,7948,228,,145,,51431,9/1/2020 23:59,2020-09-01T23:59:00Z,09/01 19:59,2794,7948,2020-09-01T23:59:00Z,957228,154856,802372,118699,2652,142,,,63448,5313,58135,,,,,,,,45,657,3973,959032,4630,959032,,37,78,e1db577b7d3012ad41c5f8170217a7b31695ab87,0,0,0,0,0,
20200901,SC,119846,1730,834556,,posNeg,954402,894,7870,232,,141,,51431,8/31/2020 23:59,2020-08-31T23:59:00Z,08/31 19:59,2757,7870,2020-08-31T23:59:00Z,952672,153908,798764,118116,2626,131,,,63331,5281,58050,,,,,,,,45,854,4000,954402,4854,954402,,37,59,c31aacdc51dc2135480cd9892aaef6b599aa1907,0,0,0,0,0,
20200831,SC,118992,1659,830556,,posNeg,949548,934,7811,247,,136,,51431,8/30/2020 23:59,2020-08-30T23:59:00Z,08/30 19:59,2720,7811,2020-08-30T23:59:00Z,947889,152736,795153,117333,2588,132,,,63256,5267,57989,,,,,,,,45,668,6007,949548,6675,949548,,11,29,4f2ba5c95056479d841629dc4073b3661c6c81a8,0,0,0,0,0,
20200830,SC,118324,1627,824549,,posNeg,942873,956,7782,250,,143,,51431,8/29/2020 23:59,2020-08-29T23:59:00Z,08/29 19:59,2709,7782,2020-08-29T23:59:00Z,941246,151869,789377,116697,2574,135,,,63017,5227,57790,,,,,,,,45,1075,6175,942873,7250,942873,,11,17,17af271c762721d168dc072fb7db13359560b2b7,0,0,0,0,0,
20200829,SC,117249,1588,818374,,posNeg,935623,945,7765,245,,145,,51431,8/28/2020 23:59,2020-08-28T23:59:00Z,08/28 19:59,2698,7765,2020-08-28T23:59:00Z,934035,150585,783450,115661,2563,135,,,62717,5173,57544,,,,,,,,45,1298,7816,935623,9114,935623,,43,167,1a7e0816f618c0a5a91e23f9e9e5eb7b0040f744,0,0,0,0,0,
20200828,SC,115951,1551,810558,,posNeg,926509,979,7598,246,,146,,51431,8/27/2020 23:59,2020-08-27T23:59:00Z,08/27 19:59,2655,7598,2020-08-27T23:59:00Z,924958,149006,775952,114400,2521,134,,,62412,5104,57308,,,,,,,,45,1353,7137,926509,8490,926509,,27,0,32bc00d5bf8ca20408012b6b5501dbcd2afaf5b3,0,0,0,0,0,
20200827,SC,114598,1491,803421,,posNeg,918019,1006,7598,262,,144,,51431,8/26/2020 23:59,2020-08-26T23:59:00Z,08/26 19:59,2628,7598,2020-08-26T23:59:00Z,916528,147758,768770,113107,2494,134,,,62032,5026,57006,,,,,,,,45,505,7435,918019,7940,918019,,55,0,54b910df021dd709ea2c5ded04f9d3bc06bf90b9,0,0,0,0,0,
20200826,SC,114093,1450,795986,,posNeg,910079,1058,7598,268,,156,,51431,8/25/2020 23:59,2020-08-25T23:59:00Z,08/25 19:59,2573,7598,2020-08-25T23:59:00Z,908629,146616,762013,112643,2451,122,,,61651,4949,56702,,,,,,,,45,605,3367,910079,3972,910079,,44,0,9fab070854b94c610603fae20084aac8196f9bd7,0,0,0,0,0,
20200825,SC,113488,1400,792619,,posNeg,906107,1025,7598,261,,144,,51431,8/24/2020 23:59,2020-08-24T23:59:00Z,08/24 19:59,2529,7598,2020-08-24T23:59:00Z,904707,145798,758909,112088,2408,121,,,61524,4920,56604,,,,,,,,45,937,8693,906107,9630,906107,,18,159,62461c75c264908b4926197327f6b977016acf52,0,0,0,0,0,
20200824,SC,112551,1349,783926,,posNeg,896477,979,7439,248,,148,,46118,8/23/2020 23:59,2020-08-23T23:59:00Z,08/23 19:59,2511,7439,2020-08-23T23:59:00Z,895128,144128,751000,111202,2387,124,,,61338,4861,56477,,,,,,,,45,563,3578,896477,4141,896477,,7,0,c39ec6b9a821fc18e873eae0a6b0749a66587ce7,0,0,0,0,0,
20200823,SC,111988,1330,780348,,posNeg,892336,1026,7439,250,,150,,46118,8/22/2020 23:59,2020-08-22T23:59:00Z,08/22 19:59,2504,7439,2020-08-22T23:59:00Z,891006,143515,747491,110658,2380,124,,,61190,4846,56344,,,,,,,,45,693,-20489,892336,-19796,892336,,11,0,940695a856452a5f90164c07e9f469cc497b4132,0,0,0,0,0,
20200822,SC,111295,1333,800837,,posNeg,912132,1025,7439,258,,155,,46118,8/21/2020 23:59,2020-08-21T23:59:00Z,08/21 19:59,2493,7439,2020-08-21T23:59:00Z,910799,147046,763753,109962,2372,121,,,62733,4970,57763,,,,,,,,45,917,8034,912132,8951,912132,,34,0,a367ea21f5902730cdf9f0d7ea6a7c080062735f,0,0,0,0,0,
20200821,SC,110378,1243,792803,,posNeg,903181,1079,7439,278,,160,,46118,8/20/2020 23:59,2020-08-20T23:59:00Z,08/20 19:59,2459,7439,2020-08-20T23:59:00Z,901938,145810,756128,109135,2339,120,,,62372,4894,57478,,,,,,,,45,1058,9323,903181,10381,903181,,58,293,2fde31945831b39249d8b729a549aac68981dd59,0,0,0,0,0,
20200820,SC,109320,1174,783480,,posNeg,892800,1108,7146,272,,170,,45205,8/19/2020 23:59,2020-08-19T23:59:00Z,08/19 19:59,2401,7146,2020-08-19T23:59:00Z,891626,144372,747254,108146,2289,112,,,61932,4812,57120,,,,,,,,45,909,7763,892800,8672,892800,,41,0,7137bab04e481d61477674cc3b7b84f9cda73acc,0,0,0,0,0,
20200819,SC,108411,1137,775717,,posNeg,884128,1168,7146,293,,164,,45205,8/18/2020 23:59,2020-08-18T23:59:00Z,08/18 19:59,2360,7146,2020-08-18T23:59:00Z,882991,142839,740152,107274,2248,112,,,61557,4795,56762,,,,,,,,45,739,4908,884128,5647,884128,,17,0,15812f3638318e37745e5570cf5a269ca62782c6,0,0,0,0,0,
20200818,SC,107672,1098,770809,,posNeg,878481,1116,7146,294,,173,,45205,8/17/2020 23:59,2020-08-17T23:59:00Z,08/17 19:59,2343,7146,2020-08-17T23:59:00Z,877383,141827,735556,106574,2230,113,,,61311,4738,56573,,,,,,,,45,719,4215,878481,4934,878481,,55,294,7ae94abab8e5ef9a8c0f20e64dc734ebbc00149a,0,0,0,0,0,
20200817,SC,106953,1048,766594,,posNeg,873547,1101,6852,282,,175,,42730,8/16/2020 23:59,2020-08-16T23:59:00Z,08/16 19:59,2288,6852,2020-08-16T23:59:00Z,872499,140812,731687,105905,2185,103,,,61227,4722,56505,,,,,,,,45,456,5490,873547,5946,873547,,19,0,b7ba929778a037d7558227f629d4aa054a10774d,0,0,0,0,0,
20200816,SC,106497,1031,761104,,posNeg,867601,1161,6852,290,,188,,42730,8/15/2020 23:59,2020-08-15T23:59:00Z,08/15 19:59,2269,6852,2020-08-15T23:59:00Z,866570,140201,726369,105466,2165,104,,,61005,4700,56305,,,,,,,,45,615,6586,867601,7201,867601,,9,0,b7120cd563529a10cbf431ab795e481fc2c9baa9,0,0,0,0,0,
20200815,SC,105882,1008,754518,,posNeg,860400,1246,6852,311,,181,,42730,8/14/2020 23:59,2020-08-14T23:59:00Z,08/14 19:59,2260,6852,2020-08-14T23:59:00Z,859392,139470,719922,104874,2156,104,,,60532,4640,55892,,,,,,,,45,1041,7575,860400,8616,860400,,56,0,9df9db690fe7f4f06a0ae38191cc1e8b62d3ef03,0,0,0,0,0,
20200814,SC,104841,961,746943,,posNeg,851784,1296,6852,327,,198,,42730,8/13/2020 23:59,2020-08-13T23:59:00Z,08/13 19:59,2204,6852,2020-08-13T23:59:00Z,850823,138036,712787,103880,2106,98,,,59917,4553,55364,,,,,,,,45,932,44824,851784,45756,851784,,18,370,d05451370ab72708ce9ddd03532c744065080f80,0,0,0,0,0,
20200813,SC,103909,858,702119,,posNeg,806028,1322,6482,323,,201,,40837,8/12/2020 23:59,2020-08-12T23:59:00Z,08/12 19:59,2186,6482,2020-08-12T23:59:00Z,805170,130613,674577,103051,2089,97,,,56730,4168,52562,,,,,,,,45,935,5004,806028,5939,806028,,42,0,354c5f991df7f560bc17c995f9177b01c2f4f1ab,0,0,0,0,0,
20200812,SC,102974,831,697115,,posNeg,800089,1366,6482,333,,206,,40837,8/11/2020 23:59,2020-08-11T23:59:00Z,08/11 19:59,2144,6482,2020-08-11T23:59:00Z,799258,129544,669714,102143,2057,87,,,56309,4073,52236,,,,,,,,45,844,2894,800089,3738,800089,,46,0,ca4ceddb607ce3736dc7cd973f862895311167b3,0,0,0,0,0,
20200811,SC,102130,770,694221,,posNeg,796351,1330,6482,339,,207,,40837,8/10/2020 23:59,2020-08-10T23:59:00Z,08/10 19:59,2098,6482,2020-08-10T23:59:00Z,795581,128846,666735,101360,2012,86,,,56148,4049,52099,,,,,,,,45,971,3750,796351,4721,796351,,49,329,a2b176552ce6805f5cfd9097d0bfcb6664aa5e92,0,0,0,0,0,
20200810,SC,101159,728,690471,,posNeg,791630,1353,6153,360,,217,,37798,8/9/2020 23:59,2020-08-09T23:59:00Z,08/09 19:59,2049,6153,2020-08-09T23:59:00Z,790902,127842,663060,100431,1966,83,,,56070,4035,52035,,,,,,,,45,724,4922,791630,5646,791630,,18,0,fd3c6e646487541bf590259a846b16bb2f23024b,0,0,0,0,0,
20200809,SC,100435,722,685549,,posNeg,785984,1378,6153,365,,219,,37798,8/8/2020 23:59,2020-08-08T23:59:00Z,08/08 19:59,2031,6153,2020-08-08T23:59:00Z,785262,127056,658206,99713,1949,82,,,55882,4011,51871,,,,,,,,45,975,6934,785984,7909,785984,,24,0,72bf93b167cf3866e0df42e59bcf967961ada70c,0,0,0,0,0,
20200808,SC,99460,717,678615,,posNeg,778075,1402,6153,357,,234,,37798,8/7/2020 23:59,2020-08-07T23:59:00Z,08/07 19:59,2007,6153,2020-08-07T23:59:00Z,777358,126005,651353,98743,1931,76,,,55713,3993,51720,,,,,,,,45,1241,8873,778075,10114,778075,,45,0,3f8551bdd39286d72c2fc9320de07c9c061324b5,0,0,0,0,0,
20200807,SC,98219,665,669742,,posNeg,767961,1415,6153,358,,231,,37798,8/6/2020 23:59,2020-08-06T23:59:00Z,08/06 19:59,1962,6153,2020-08-06T23:59:00Z,767296,124324,642972,97554,1883,79,,,55182,3905,51277,,,,,,,,45,1422,10394,767961,11816,767961,,19,354,767bdb23872e7a5434a2cbb26e1d68abbf49af51,0,0,0,0,0,
20200806,SC,96797,665,659348,,posNeg,756145,1492,5799,356,,276,,32859,8/5/2020 23:59,2020-08-05T23:59:00Z,08/05 19:59,1943,5799,2020-08-05T23:59:00Z,755480,122278,633202,96132,1863,80,,,54487,3761,50726,,,,,,,,45,1325,6198,756145,7523,756145,,49,0,6bde10252e2c9a3656f626f1e5a441c5d486c5c2,0,0,0,0,0,
20200805,SC,95472,635,653150,,posNeg,748622,1469,5799,363,,270,,32859,8/4/2020 23:59,2020-08-04T23:59:00Z,08/04 19:59,1894,5799,2020-08-04T23:59:00Z,747987,120715,627272,94837,1819,75,,,54232,3736,50496,,,,,,,,45,1282,6883,748622,8165,748622,,47,0,0c7a958f7091785e8e0ce7eb7c4f5239103bfefe,0,0,0,0,0,
20200804,SC,94190,586,646267,,posNeg,740457,1458,5799,355,,254,,32859,8/3/2020 23:59,2020-08-03T23:59:00Z,08/03 19:59,1847,5799,2020-08-03T23:59:00Z,739871,118989,620882,93604,1774,73,,,54061,3683,50378,,,,,,,,45,1239,7543,740457,8782,740457,,54,272,3e2681ae6196aa2df55398d661bfc06cf418091a,0,0,0,0,0,
20200803,SC,92951,547,638724,,posNeg,731675,1401,5527,366,,224,,32859,8/2/2020 23:59,2020-08-02T23:59:00Z,08/02 19:59,1793,5527,2020-08-02T23:59:00Z,731675,117336,614339,92404,1721,72,,,53960,3671,50289,,,,,,,,45,1163,8255,731675,9418,731675,,16,0,dc1e334ee746eaf8d2fbcf8b1834c287217a5150,0,0,0,0,0,
20200802,SC,91788,531,630469,,posNeg,722257,1427,5527,365,,230,,32859,8/1/2020 23:59,2020-08-01T23:59:00Z,08/01 19:59,1777,5527,2020-08-01T23:59:00Z,721726,115794,605932,91257,1709,68,,,53637,3635,50002,,,,,,,,45,1189,9199,722257,10388,722257,,26,0,9b62ea65a0785ac28c76020d65bf8cd99d1fc88d,0,0,0,0,0,
20200801,SC,90599,523,621270,,posNeg,711869,1453,5527,359,,235,,32859,7/31/2020 23:59,2020-07-31T23:59:00Z,07/31 19:59,1751,5527,2020-07-31T23:59:00Z,711346,114251,597095,90076,1683,68,,,53233,3557,49676,,,,,,,,45,1583,17451,711869,19034,711869,,39,410,93a7c7e488d028c5facbc0bc84975038de4b7078,0,0,0,0,0,
20200731,SC,89016,493,603819,,posNeg,692835,1516,5117,373,,237,,32859,7/31/2020 00:00,2020-07-31T00:00:00Z,07/30 20:00,1712,5117,2020-07-31T00:00:00Z,690936,110168,580768,88523,1647,65,,,52407,3430,48977,,,,,,,,45,1444,0,692835,1444,692835,,45,0,efd433b844268c166af939127ddeb6fa0573ac89,0,0,0,0,0,
20200730,SC,87572,455,603819,,posNeg,691391,1563,5117,389,,245,,32859,7/29/2020 23:59,2020-07-29T23:59:00Z,07/29 19:59,1667,5117,2020-07-29T23:59:00Z,690936,110168,580768,87117,1600,67,,,52407,3430,48977,,,,,,,,45,1726,8675,691391,10401,691391,,52,0,d954d56c92b52c19c5e479224cbc730c4ab6d8a7,0,0,0,0,0,
20200729,SC,85846,423,595144,,posNeg,680990,1596,5117,404,,242,,32859,7/28/2020 23:59,2020-07-28T23:59:00Z,07/28 19:59,1615,5117,2020-07-28T23:59:00Z,680567,107922,572645,85423,1551,64,,,51771,3319,48452,,,,,,,,45,1737,8923,680990,10660,680990,,50,0,98394c692ccbb39fc944fece2910ca028d46760a,0,0,0,0,0,
20200728,SC,84109,389,586221,,posNeg,670330,1575,5117,401,,256,,32859,7/27/2020 23:59,2020-07-27T23:59:00Z,07/27 19:59,1565,5117,2020-07-27T23:59:00Z,669941,105449,564492,83720,1505,60,,,51503,3235,48268,,,,,,,,45,1692,9737,670330,11429,670330,,59,290,2584aab9a7a1e114745b29394161c126a8e2fa6b,0,0,0,0,0,
20200727,SC,82417,,576484,,posNeg,658901,1668,4827,,,263,,29378,7/26/2020 23:59,2020-07-26T23:59:00Z,07/26 19:59,1506,4827,2020-07-26T23:59:00Z,658555,103238,555317,82071,1452,54,,,51401,3214,48187,,,,,,,,45,1218,9870,658901,11088,658901,,15,0,41a9ab8841ba56a523ff0442af9509033daac8b0,0,0,0,0,0,
20200726,SC,81199,,566614,,posNeg,647813,1668,4827,,,263,,29378,7/25/2020 23:59,2020-07-25T23:59:00Z,07/25 19:59,1491,4827,2020-07-25T23:59:00Z,647470,101570,545900,80856,1436,55,,,51222,3183,48039,,,,,,,,45,1191,8132,647813,9323,647813,,26,0,5b5057a7faf8081e03c772673adc600e5f01ba5b,0,0,0,0,0,
20200725,SC,80008,,558482,,posNeg,638490,1668,4827,,,263,,29378,7/24/2020 23:59,2020-07-24T23:59:00Z,07/24 19:59,1465,4827,2020-07-24T23:59:00Z,638156,100090,538066,79674,1412,53,,,50741,3105,47636,,,,,,,,45,1401,7717,638490,9118,638490,,80,0,9e5801b8373de247a679836cdc0827a5102c0994,0,0,0,0,0,
20200724,SC,78607,,550765,,posNeg,629372,1668,4827,,,263,,29378,7/23/2020 23:59,2020-07-23T23:59:00Z,07/23 19:59,1385,4827,2020-07-23T23:59:00Z,629063,98172,530891,78298,1339,46,,,50168,3048,47120,,,,,,,,45,2001,8897,629372,10898,629372,,51,329,1474642965fb3112c5dbb61bf67db4961f6fac70,0,0,0,0,0,
20200723,SC,76606,,541868,,posNeg,618474,1723,4498,,,,,27062,7/22/2020 23:59,2020-07-22T23:59:00Z,07/22 19:59,1334,4498,2020-07-22T23:59:00Z,618183,95676,522507,76315,1294,40,,,49577,2940,46637,,,,,,,,45,1564,7750,618474,9314,618474,,49,0,72471f1a7e5f31fc9ec90f7be2e00831e4a062da,0,0,0,0,0,
20200722,SC,75042,,534118,,posNeg,609160,1607,4498,,,,,27062,7/21/2020 23:59,2020-07-21T23:59:00Z,07/21 19:59,1285,4498,2020-07-21T23:59:00Z,608879,93527,513352,74761,1242,43,,,49007,2883,46124,,,,,,,,45,1705,8762,609160,10467,609160,,64,0,a60bee680816dfd74ceb69e17b19d2c0ec7cbae4,0,0,0,0,0,
20200721,SC,73337,,525356,,posNeg,598693,1593,4498,,,,,27062,7/20/2020 23:59,2020-07-20T23:59:00Z,07/20 19:59,1221,4498,2020-07-20T23:59:00Z,598457,91459,506998,73101,1203,18,,,48590,2806,45784,,,,,,,,45,1892,8485,598693,10377,598693,,57,316,b59552fdd14b982be411c2f19f2edef820e0abfd,0,0,0,0,0,
20200720,SC,71445,,516871,,posNeg,588316,1593,4182,,,,,22553,7/19/2020 23:59,2020-07-19T23:59:00Z,07/19 19:59,1164,4182,2020-07-19T23:59:00Z,588084,89107,498977,71213,1147,17,,,48510,2781,45729,,,,,,,,45,1459,9471,588316,10930,588316,,9,0,0b5e06047f8cc2e73c7a832b80cf8f65d6d8e660,0,0,0,0,0,
20200719,SC,69986,,507400,,posNeg,577386,1593,4182,,,,,22553,7/18/2020 23:59,2020-07-18T23:59:00Z,07/18 19:59,1155,4182,2020-07-18T23:59:00Z,577165,87357,489808,69765,1138,17,,,48226,2764,45462,,,,,,,,45,2374,13019,577386,15393,577386,,20,0,dc26405921072bd92b5a9baf1f8fc13e8ea9d309,0,0,0,0,0,
20200718,SC,67612,,494381,,posNeg,561993,1593,4182,,,,,23849,7/17/2020 23:59,2020-07-17T23:59:00Z,07/17 19:59,1135,4182,2020-07-17T23:59:00Z,561777,84547,477230,67396,1117,18,,,47084,2398,44686,,,,,,,,45,1552,7066,561993,8618,561993,,39,0,2d8196af91e48559ea442d1d223df749e9d6c432,0,0,0,0,0,
20200717,SC,66060,,487315,,posNeg,553375,1593,4182,,,,,23849,7/16/2020 23:59,2020-07-16T23:59:00Z,07/16 19:59,1096,4182,2020-07-16T23:59:00Z,553172,82636,470536,65857,1078,18,,,46882,2358,44524,,,,,,,,45,1977,11434,553375,13411,553375,,26,438,1abff791a3d12ea46b7a4d70a97ecfe098f727d2,0,0,0,0,0,
20200716,SC,64083,,475881,,posNeg,539964,1578,3744,,,,,23849,7/15/2020 23:59,2020-07-15T23:59:00Z,07/15 19:59,1070,3744,2020-07-15T23:59:00Z,539761,80112,459649,63880,1053,17,,,46263,2306,43957,,,,,,,,45,1838,12143,539964,13981,539964,,72,0,cb07413036ec0be190e05e9da30eb62af54e9976,0,0,0,0,0,
20200715,SC,62245,,463738,,posNeg,525983,1560,3744,,,,,23849,7/14/2020 23:59,2020-07-14T23:59:00Z,07/14 19:59,998,3744,2020-07-14T23:59:00Z,525983,77107,448876,62071,984,14,,,45295,2146,43149,,,,,,,,45,1856,6646,525983,8502,525983,,5,0,cb9a1d92efd22d1e9a7989b16be1bffce597ae84,0,0,0,0,0,
20200714,SC,60389,,457092,,posNeg,517481,1550,3744,,,,,23849,7/13/2020 23:59,2020-07-13T23:59:00Z,07/13 19:59,993,3744,2020-07-13T23:59:00Z,517312,75115,442197,60220,984,9,,,45101,2131,42970,,,,,,,,45,2221,8159,517481,10380,517481,,21,346,7f171b76e64ec89ffaa517019c94713af4aefe2f,0,0,0,0,0,
20200713,SC,58168,,448933,,posNeg,507101,1488,3398,,,,,20957,7/12/2020 23:59,2020-07-12T23:59:00Z,07/12 19:59,972,3398,2020-07-12T23:59:00Z,506936,72738,434198,58003,961,11,,,45067,2127,42940,,,,,,,,45,1520,13073,507101,14593,507101,,11,0,bf8ffb02dc0c592966604735ec45358bb4fc3999,0,0,0,0,0,
20200712,SC,56648,,435860,,posNeg,492508,1472,3398,,,,,20957,7/10/2020 23:59,2020-07-10T23:59:00Z,07/10 19:59,961,3398,2020-07-10T23:59:00Z,492345,69920,422425,56485,950,11,,,44173,2086,42087,,,,,,,,45,1949,2469,492508,4418,492508,,10,0,9a1bf0b00b999d24158858f4b394b077444b5e20,0,0,0,0,0,
20200711,SC,54699,,433391,,posNeg,488090,1396,3398,,,,,20956,7/10/2020 23:59,2020-07-10T23:59:00Z,07/10 19:59,951,3398,2020-07-10T23:59:00Z,487929,68604,419325,54538,940,11,,,44312,2055,42257,,,,,,,,45,2280,10575,488090,12855,488090,,22,0,3164ef72015b2569c2336ccbc83c6b0dd3d43431,0,0,0,0,0,
20200710,SC,52419,,422816,,posNeg,475235,1438,3398,,,,,20956,7/9/2020 23:59,2020-07-09T23:59:00Z,07/09 19:59,929,3398,2020-07-09T23:59:00Z,475089,65868,409221,52273,922,7,,,43614,2038,41576,,,,,,,,45,1728,9742,475235,11470,475235,,24,308,61b9e22526172e99735f2ec880a35939634c3382,0,0,0,0,0,
20200709,SC,50691,,413074,,posNeg,463765,1433,3090,,,,,19181,7/8/2020 23:59,2020-07-08T23:59:00Z,07/08 19:59,905,3090,2020-07-08T23:59:00Z,463622,63683,399939,50548,898,7,,,42786,2004,40782,,,,,,,,45,1782,8143,463765,9925,463765,,21,0,fff0559c583bb272bfa322d131dfd58c2e7f077f,0,0,0,0,0,
20200708,SC,48909,,404931,,posNeg,453840,1404,3090,,,,,19181,7/7/2020 23:59,2020-07-07T23:59:00Z,07/07 19:59,884,3090,2020-07-07T23:59:00Z,453701,61473,392228,48770,876,8,,,41967,1990,39977,,,,,,,,45,1557,6992,453840,8549,453840,,38,0,c35714dae4781f8de8effc2ae51bff5739333a11,0,0,0,0,0,
20200707,SC,47352,,397939,,posNeg,445291,1324,3090,,,,,19181,7/6/2020 23:59,2020-07-06T23:59:00Z,07/06 19:59,846,3090,2020-07-06T23:59:00Z,445153,59596,385557,47214,838,8,,,41635,1929,39706,,,,,,,,45,972,4462,445291,5434,445291,,19,208,56e03a2dd1ad855b649ea58b916081a41e0199d8,0,0,0,0,0,
20200706,SC,46380,,393477,,posNeg,439857,1260,2882,,,,,16994,7/5/2020 23:59,2020-07-05T23:59:00Z,07/05 19:59,827,2882,2020-07-05T23:59:00Z,439724,58296,381428,46247,819,8,,,41571,1923,39648,,,,,,,,45,1533,7515,439857,9048,439857,,7,0,d5470b128707ad613f484eb95ccf29957b8595bc,0,0,0,0,0,
20200705,SC,44847,,385962,,posNeg,430809,1251,2882,,,,,16994,7/4/2020 23:59,2020-07-04T23:59:00Z,07/04 19:59,820,2882,2020-07-04T23:59:00Z,430679,56567,374112,44717,813,7,,,41450,1919,39531,,,,,,,,45,1461,8655,430809,10116,430809,,7,0,e4650a7e992abc96865f55a1fed5b498fd01e753,0,0,0,0,0,
20200704,SC,43386,,377307,,posNeg,420693,1190,2882,,,,,16994,7/3/2020 23:59,2020-07-03T23:59:00Z,07/03 19:59,813,2882,2020-07-03T23:59:00Z,420567,54851,365716,43260,806,7,,,41221,1908,39313,,,,,,,,45,1854,9807,420693,11661,420693,,20,0,c830ddb855ed5e43c6934fb3a2e8f4761bfde6c9,0,0,0,0,0,
20200703,SC,41532,,367500,,posNeg,409032,1148,2882,,,,,16994,7/2/2020 23:59,2020-07-02T23:59:00Z,07/02 19:59,793,2882,2020-07-02T23:59:00Z,408913,52487,356426,41413,787,6,,,40152,1856,38296,,,,,,,,45,1831,5800,409032,7631,409032,,9,28,2fe2e931664c5b9ebd46a2ce7c0950556ab3f46b,0,0,0,0,0,
20200702,SC,39701,,361700,,posNeg,401401,1125,2854,,,,,15471,7/2/2020 14:00,2020-07-02T14:00:00Z,07/02 10:00,784,2854,2020-07-02T14:00:00Z,401287,50746,350541,39587,777,7,,,39570,1847,37723,,,,,,,,45,1782,9747,401401,11529,401401,,18,0,d9493f6d6d5211412f727a7e78e1ef15194f8ab0,0,0,0,0,0,
20200701,SC,37919,,351953,,posNeg,389872,1160,2854,,,,,15471,6/30/2020 23:59,2020-06-30T23:59:00Z,06/30 19:59,766,2854,2020-06-30T23:59:00Z,389762,48441,341321,37809,759,7,,,38532,1815,36717,,,,,,,,45,1520,7780,389872,9300,389872,,27,0,6969342dffced0446edf1839fea5ccfd79dd76f1,0,0,0,0,0,
20200630,SC,36399,,344173,,posNeg,380572,1021,2854,,,,,15471,6/29/2020 23:59,2020-06-29T23:59:00Z,06/29 19:59,739,2854,2020-06-29T23:59:00Z,380470,46401,334069,36297,735,4,,,38020,1796,36224,,,,,,,,45,1755,9512,380572,11267,380572,,19,232,e461007493374185ebb5f539cc4b54bf208997dc,0,0,0,0,0,
20200629,SC,34644,,334661,,posNeg,369305,1032,2622,,,,,13456,6/28/2020 23:59,2020-06-28T23:59:00Z,06/28 19:59,720,2622,2020-06-28T23:59:00Z,369207,44241,324966,34546,717,3,,,37654,1772,35882,,,,,,,,45,1324,8179,369305,9503,369305,,4,0,9ce589461f970783363aeebbad4ccd03d2914eb9,0,0,0,0,0,
20200628,SC,33320,,326482,,posNeg,359802,954,2622,,,,,13456,6/27/2020 23:59,2020-06-27T23:59:00Z,06/27 19:59,716,2622,2020-06-27T23:59:00Z,359703,42618,317085,33221,712,4,,,37397,1752,35645,,,,,,,,45,1381,7257,359802,8638,359802,,5,0,5618f52494c3e804c0be355ffe888d7de6cff616,0,0,0,0,0,
20200627,SC,31939,,319225,,posNeg,351164,908,2622,,,,,13456,6/26/2020 23:59,2020-06-26T23:59:00Z,06/26 19:59,711,2622,2020-06-26T23:59:00Z,351075,40970,310105,31850,707,4,,,36533,1734,34799,,,,,,,,45,1604,14889,351164,16493,351164,,17,0,bfe0b8b50f911bfb637b4f57ab5c8cafa1982359,0,0,0,0,0,
20200626,SC,30335,,304336,,posNeg,334671,906,2622,,,,,13456,6/26/2020 16:43,2020-06-26T16:43:00Z,06/26 12:43,694,2622,2020-06-26T16:43:00Z,334198,37673,296525,30263,692,2,,,35242,1706,33536,,,,,,,,45,1313,0,334671,1313,334671,,1,245,44a64f0dc3e1671682406899ccd5a28ee3ace9f9,0,0,0,0,0,
20200625,SC,29022,,304336,,posNeg,333358,881,2377,,,,,12317,6/24/2020 23:59,2020-06-24T23:59:00Z,06/24 19:59,693,2377,2020-06-24T23:59:00Z,334198,37673,296525,28962,691,2,,,35242,1706,33536,,,,,,,,45,1125,14025,333358,15150,333358,,10,0,61d5e1d836181986434dabf3330a60d4d770d37f,0,0,0,0,0,
20200624,SC,27897,,290311,,posNeg,318208,832,2377,,,,,12317,6/24/2020 00:00,2020-06-24T00:00:00Z,06/23 20:00,683,2377,2020-06-24T00:00:00Z,326631,36320,290311,27842,683,0,,,34242,1681,32561,,,,,,,,45,1284,7673,318208,8957,318208,,10,0,2f4bb2252afb8a22aefeeb6e8e1eabcc39758c6b,0,0,0,0,0,
20200623,SC,26613,,282638,,posNeg,309251,824,2377,,,,,12317,6/22/2020 23:59,2020-06-22T23:59:00Z,06/22 19:59,673,2377,2020-06-22T23:59:00Z,317438,34800,282638,26572,673,0,,,33975,1662,32313,,,,,,,,45,912,4459,309251,5371,309251,,14,83,9e8418965bbf94e267107da594031b06273124d3,0,0,0,0,0,
20200622,SC,25701,,278179,,posNeg,303880,731,2294,,,,,10790,6/21/2020 23:59,2020-06-21T23:59:00Z,06/21 19:59,659,2294,2020-06-21T23:59:00Z,311953,33774,278179,25666,659,0,,,33906,1630,32276,,,,,,,,45,1008,205,303880,1213,303880,,6,0,e2981875ab5e8dfa03bda3603a05cfb4c855a71c,0,0,0,0,0,
20200621,SC,24693,,277974,,posNeg,302667,692,2294,,,,,10790,6/20/2020 11:59,2020-06-20T11:59:00Z,06/20 07:59,653,2294,2020-06-20T11:59:00Z,302635,32592,270043,24661,653,0,,,33506,1623,31883,,,,,,,,45,907,5511,302667,6418,302667,,9,0,33643641fbf4d4909962ae90035583b7cf5c51f6,0,0,0,0,0,
20200620,SC,23786,,272463,,posNeg,296249,673,2294,,,,,10790,6/19/2020 11:59,2020-06-19T11:59:00Z,06/19 07:59,644,2294,2020-06-19T11:59:00Z,296219,31553,264666,23756,644,0,,,32877,1602,31275,,,,,,,,45,1155,6794,296249,7949,296249,,5,0,cd7e70d943c6a094fe3c6df3bfd9c10f6734804e,0,0,0,0,0,
20200619,SC,22631,,265669,,posNeg,288300,660,2294,,,,,10790,6/19/2020 16:00,2020-06-19T16:00:00Z,06/19 12:00,639,2294,2020-06-19T16:00:00Z,288277,30232,258045,22608,639,0,,,32092,1569,30523,,,,,,,,45,1083,6694,288300,7777,288300,,18,239,74ad9d9ac75832549d523c2fd4f066855878647b,0,0,0,0,0,
20200618,SC,21548,,258975,,posNeg,280523,626,2055,,,,,9734,6/17/2020 23:59,2020-06-17T23:59:00Z,06/17 19:59,621,2055,2020-06-17T23:59:00Z,280523,28983,251540,21533,621,0,,,31376,1538,29838,,,,,,,,45,992,6777,280523,7769,280523,,4,0,dd0d0dde9c615e6ff2cd49a08cb4414bbb9464f7,0,0,0,0,0,
20200617,SC,20556,,252198,,posNeg,272754,607,2055,,,,,9734,6/16/2020 23:59,2020-06-16T23:59:00Z,06/16 19:59,617,2055,2020-06-16T23:59:00Z,272749,27792,244957,20551,617,0,,,30378,1500,28878,,,,,,,,45,566,4509,272754,5075,272754,,10,0,53466fc59063fe1881bfe3e04308d8a75f600a9e,0,0,0,0,0,
20200616,SC,19990,,247689,,posNeg,267679,571,2055,,,,,9734,6/15/2020 23:59,2020-06-15T23:59:00Z,06/15 19:59,607,2055,2020-06-15T23:59:00Z,267679,27086,240593,19990,607,,,,30056,1483,28573,,,,,,,,45,612,11510,267679,12122,267679,,5,67,d6e61e27914d42260dbc137ed0f62f934322f825,0,0,0,0,0,
20200615,SC,19378,,236179,,posNeg,255557,536,1988,,,,,8682,6/15/2020 16:00,2020-06-15T16:00:00Z,06/15 12:00,602,1988,2020-06-15T16:00:00Z,262473,26294,236179,19378,602,,,,29981,1457,28524,,,,,,,,45,583,6638,255557,7221,255557,,2,0,5b794aa89d8b298553071e1cf52b72ffe46df06e,0,0,0,0,0,
20200614,SC,18795,,229541,,posNeg,248336,521,1988,,,,,8682,6/14/2020 15:00,2020-06-14T15:00:00Z,06/14 11:00,600,1988,2020-06-14T15:00:00Z,255096,25555,229541,18795,600,,,,29708,1444,28264,,,,,,,,45,840,5590,248336,6430,248336,,1,0,3a2afc0bf4a3eda39dc8baf5fe271116f100adfe,0,0,0,0,0,
20200613,SC,17955,,223951,,posNeg,241906,523,1988,,,,,8682,6/13/2020 15:00,2020-06-13T15:00:00Z,06/13 11:00,599,1988,2020-06-13T15:00:00Z,248562,24611,223951,17955,599,,,,29023,1424,27599,,,,,,,,45,785,5062,241906,5847,241906,,6,0,b6e6216d217fc31994f11100636f04dece521d36,0,0,0,0,0,
20200612,SC,17170,,218889,,posNeg,236059,512,1988,,,,,8682,6/12/2020 16:00,2020-06-12T16:00:00Z,06/12 12:00,593,1988,2020-06-12T16:00:00Z,242543,23654,218889,17170,593,,,,28298,1385,26913,,,,,,,,45,729,5273,236059,6002,236059,,5,90,2c985a8fb46f6f2b4626819cd00344579827b9aa,0,0,0,0,0,
20200611,SC,16441,,213616,,posNeg,230057,494,1898,,,,,7928,6/11/2020 16:00,2020-06-11T16:00:00Z,06/11 12:00,588,1898,2020-06-11T16:00:00Z,236456,22760,213616,16441,588,,,,27609,1337,26272,,,,,,,,45,682,-23157,230057,-22475,230057,,13,0,1f20b791d50bb5f40d3c61541b7df5ce0472bf4d,0,0,0,0,0,
20200610,SC,15759,,236773,,posNeg,252532,513,1898,,,,,7928,6/10/2020 16:15,2020-06-10T16:15:00Z,06/10 12:15,575,1898,2020-06-10T16:15:00Z,261377,24604,236773,15759,575,,,,,,,,,,,,,,45,531,4019,252532,4550,252532,,7,0,ee55d8ca78ea38261d971e4b99058a37c7b0a49a,0,0,0,0,0,
20200609,SC,15228,,232754,,posNeg,247982,541,1898,,,,,7928,6/9/2020 16:20,2020-06-09T16:20:00Z,06/09 12:20,568,1898,2020-06-09T16:20:00Z,256710,23956,232754,15228,568,,,,,,,,,,,,,,45,428,2893,247982,3321,247982,,11,84,b7d58278afffc5b4cc13c3bd3b1e11ddd5922e04,0,0,0,0,0,
20200608,SC,14800,,229861,,posNeg,244661,507,1814,,,,,7347,6/8/2020 15:45,2020-06-08T15:45:00Z,06/08 11:45,557,1814,2020-06-08T15:45:00Z,253262,23401,229861,14800,557,,,,,,,,,,,,,,45,514,6288,244661,6802,244661,,11,0,46bd2f4faa3d8c8ce6f48d0eba761e9df84c2b29,0,0,0,0,0,
20200607,SC,14286,,223573,,posNeg,237859,477,1814,,,,,7347,6/7/2020 13:30,2020-06-07T13:30:00Z,06/07 09:30,546,1814,2020-06-07T13:30:00Z,246331,22758,223573,14286,546,,,,,,,,,,,,,,45,370,4745,237859,5115,237859,,1,0,8eee171048835c0bb61347e715d1e71423e4a3b2,0,0,0,0,0,
20200606,SC,13916,,218828,,posNeg,232744,453,1814,,,,,7347,6/5/2020 00:00,2020-06-05T00:00:00Z,06/04 20:00,545,1814,2020-06-05T00:00:00Z,241088,22260,218828,13916,545,,,,,,,,,,,,,,45,463,982,232744,1445,232744,,7,0,8d4c51fe84385561244cad485fa57d5cfa0bb405,0,0,0,0,0,
20200605,SC,13453,,217846,,posNeg,231299,453,1814,,,,,7347,6/5/2020 00:00,2020-06-05T00:00:00Z,06/04 20:00,538,1814,2020-06-05T00:00:00Z,238808,20962,217846,13453,538,,,,,,,,,,,,,,45,448,0,231299,448,231299,,13,25,8c539fe51be03f520eeba7cba8b3de46cb2c333f,0,0,0,0,0,
20200604,SC,13005,,217846,,posNeg,230851,453,1789,,,,,6976,6/4/2020 15:15,2020-06-04T15:15:00Z,06/04 11:15,525,1789,2020-06-04T15:15:00Z,238808,20962,217846,13005,525,,,,,,,,,,,,,,45,354,7572,230851,7926,230851,,7,0,598f6522b86d53d85ae2e2d7439667fefd7f9cf8,0,0,0,0,0,
20200603,SC,12651,,210274,,posNeg,222925,433,1789,,,,,6976,6/3/2020 15:45,2020-06-03T15:45:00Z,06/03 11:45,518,1789,2020-06-03T15:45:00Z,230687,20413,210274,12651,518,,,,,,,,,,,,,,45,236,3912,222925,4148,222925,,17,0,e3a04690d9c6ff798a0e897f42f8fcd4779b838d,0,0,0,0,0,
20200602,SC,12415,,206362,,posNeg,218777,425,1789,,,,,6976,6/2/2020 16:00,2020-06-02T16:00:00Z,06/02 12:00,501,1789,2020-06-02T16:00:00Z,225047,18685,206362,12415,501,,,,,,,,,,,,,,45,267,13822,218777,14089,218777,,1,155,4de2d95bfe5788fd3db1028d3bdc9c3f4cd38c5e,0,0,0,0,0,
20200601,SC,12148,,192540,,posNeg,204688,450,1634,,,,,6459,6/1/2020 15:10,2020-06-01T15:10:00Z,06/01 11:10,500,1634,2020-06-01T15:10:00Z,210826,18286,192540,12148,500,,,,,,,,,,,,,,45,287,4185,204688,4472,204688,,6,0,9a60f373c33dcac0a6c25645802f4fd016fa4280,0,0,0,0,0,
20200531,SC,11861,,188355,,posNeg,200216,402,1634,,,,,6459,5/31/2020 16:00,2020-05-31T16:00:00Z,05/31 12:00,494,1634,2020-05-31T16:00:00Z,206247,17892,188355,11861,494,,,,,,,,,,,,,,45,467,10230,200216,10697,200216,,7,0,d2eadd0b9550a73e834d90569419943d47e5aea0,0,0,0,0,0,
20200530,SC,11394,,178125,,posNeg,189519,387,1634,,,,,6459,5/29/2020 15:30,2020-05-29T15:30:00Z,05/29 11:30,487,1634,2020-05-29T15:30:00Z,199735,21610,178125,11394,487,,,,,,,,,,,,,,45,263,999,189519,1262,189519,,4,0,8854c0e8c87b8a1c67fa9176a2a1609a945c7673,0,0,0,0,0,
20200529,SC,11131,,177126,,posNeg,188257,399,1634,,,,,6459,5/29/2020 15:30,2020-05-29T15:30:00Z,05/29 11:30,483,1634,2020-05-29T15:30:00Z,194047,16921,177126,11131,483,,,,,,,,,,,,,,45,343,5665,188257,6008,188257,,13,16,44e60d65bffa97fe7ec827f7c587c828795843a5,0,0,0,0,0,
20200528,SC,10788,,171461,,posNeg,182249,397,1618,,,,,6102,5/27/2020 16:00,2020-05-27T16:00:00Z,05/27 12:00,470,1618,2020-05-27T16:00:00Z,187788,16327,171461,10788,470,,,,,,,,,,,,,,45,165,6401,182249,6566,182249,,4,0,7c7d22b58b7dc150f85bfacc015738e6c81bb1da,0,0,0,0,0,
20200527,SC,10623,,165060,,posNeg,175683,398,1618,,,,,6102,5/26/2020 16:02,2020-05-26T16:02:00Z,05/26 12:02,466,1618,2020-05-26T16:02:00Z,181154,16094,165060,10623,466,,,,,,,,,,,,,,45,207,2742,175683,2949,175683,,20,0,ce06021f2572e134be22c8920c8f818d0c32175c,0,0,0,0,0,
20200526,SC,10416,,162318,,posNeg,172734,433,1618,,,,,6102,5/26/2020 16:18,2020-05-26T16:18:00Z,05/26 12:18,446,1618,2020-05-26T16:18:00Z,178119,15801,162318,10416,446,,,,,,,,,,,,,,45,238,6476,172734,6714,172734,,6,84,782239ac2c09bf488e01f441e4cd17edb7be3916,0,0,0,0,0,
20200525,SC,10178,,155842,,posNeg,166020,407,1534,,,,,6063,5/25/2020 15:30,2020-05-25T15:30:00Z,05/25 11:30,440,1534,2020-05-25T15:30:00Z,171034,15192,155842,10178,440,,,,,,,,,,,,,,45,82,1991,166020,2073,166020,,5,0,992f1d731bcef6b13a3beec27dd89d0fabe3f693,0,0,0,0,0,
20200524,SC,10096,,153851,,posNeg,163947,461,1534,,,,,5743,5/24/2020 15:33,2020-05-24T15:33:00Z,05/24 11:33,435,1534,2020-05-24T15:33:00Z,168908,15057,153851,10096,435,,,,,,,,,,,,,,45,201,4836,163947,5037,163947,,10,0,99bb15b657a7d811b2d6e236180fc1f71ec8ecff,0,0,0,0,0,
20200523,SC,9895,,149015,,posNeg,158910,430,1534,,,,,5743,5/23/2020 15:31,2020-05-23T15:31:00Z,05/23 11:31,425,1534,2020-05-23T15:31:00Z,163818,14803,149015,9895,425,,,,,,,,,,,,,,45,257,8630,158910,8887,158910,,6,0,096e0b5b7a7813fdaa11b710fe3681219367a6ee,0,0,0,0,0,
20200522,SC,9638,,140385,,posNeg,150023,429,1534,,,,,5743,5/22/2020 16:00,2020-05-22T16:00:00Z,05/22 12:00,419,1534,2020-05-22T16:00:00Z,154746,14361,140385,9638,419,,,,,,,,,,,,,,45,463,11322,150023,11785,150023,,12,90,e6536aed90dbf1f845378045d0a075554c49f47b,0,0,0,0,0,
20200521,SC,9175,,129063,,posNeg,138238,414,1444,,,,,5451,5/20/2020 17:55,2020-05-20T17:55:00Z,05/20 13:55,407,1444,2020-05-20T17:55:00Z,,,,9175,407,,,138238,,,,,,,,,,,45,119,3056,138238,3175,138238,,8,0,bddd84e351295b83c4182f789164664dcb879d20,0,0,0,0,0,
20200520,SC,9056,,126007,,posNeg,135063,,1444,,,,,5451,5/19/2020 16:00,2020-05-19T16:00:00Z,05/19 12:00,399,1444,2020-05-19T16:00:00Z,,,,9056,399,,,135063,,,,,,,,,,,45,0,0,135063,0,135063,,0,0,e5762437f5d77cfc9b7dc69b64c3e23b9ae5deff,0,0,0,0,0,
20200519,SC,9056,,126007,,posNeg,135063,,1444,,,,,5451,5/19/2020 16:00,2020-05-19T16:00:00Z,05/19 12:00,399,1444,2020-05-19T16:00:00Z,,,,9056,399,,,135063,,,,,,,,,,,45,114,3390,135063,3504,135063,,8,23,539632efd175e1b0971710e8dec11552d56b6877,0,0,0,0,0,
20200518,SC,8942,,122617,,posNeg,131559,,1421,,,,,5076,5/18/2020 16:15,2020-05-18T16:15:00Z,05/18 12:15,391,1421,2020-05-18T16:15:00Z,,,,8942,391,,,131559,,,,,,,,,,,45,126,10947,131559,11073,131559,,11,0,5182bced02338e1aa8df860318760cea9f089f60,0,0,0,0,0,
20200517,SC,8816,,111670,,posNeg,120486,,1421,,,,,5076,5/16/2020 17:25,2020-05-16T17:25:00Z,05/16 13:25,380,1421,2020-05-16T17:25:00Z,120331,,,8816,380,,,,,,,,,,,,,,45,409,10461,120486,10870,120486,,0,0,698d0fb567f5a9197d726d3e86c445ad34b87deb,0,0,0,0,0,
20200516,SC,8407,,101209,,posNeg,109616,,1421,,,,,5076,5/15/2020 16:00,2020-05-15T16:00:00Z,05/15 12:00,380,1421,2020-05-15T16:00:00Z,,,,8407,380,,,109616,,,,,,,,,,,45,0,0,109616,0,109616,,0,0,5a38eaa16ec8474cef50edd8107633baefe30f9a,0,0,0,0,0,
20200515,SC,8407,,101209,,posNeg,109616,,1421,,,,,5076,5/15/2020 16:00,2020-05-15T16:00:00Z,05/15 12:00,380,1421,2020-05-15T16:00:00Z,,,,8407,380,,,109616,,,,,,,,,,,45,218,6863,109616,7081,109616,,9,83,3b76d380becba82e356a6bca80e39e513efd1133,0,0,0,0,0,
20200514,SC,8189,,94346,,posNeg,102535,,1338,,,,,4914,5/14/2020 15:34,2020-05-14T15:34:00Z,05/14 11:34,371,1338,2020-05-14T15:34:00Z,,,,8189,371,,,93140,,,,,,,,,,,45,262,9133,102535,9395,102535,,16,0,e9ac497f7b481b5a59ac6fe96195510b7da43a41,0,0,0,0,0,
20200513,SC,7927,,85213,,posNeg,93140,,1338,,,,,6817,5/12/2020 16:14,2020-05-12T16:14:00Z,05/12 12:14,355,1338,2020-05-12T16:14:00Z,,,,7927,355,,,93140,,,,,,,,,,,45,0,0,93140,0,93140,,0,0,2a7b0ad429ed438075e7bd6ede05183a17a79cfb,0,0,0,0,0,
20200512,SC,7927,,85213,,posNeg,93140,,1338,,,,,6817,5/12/2020 16:14,2020-05-12T16:14:00Z,05/12 12:14,355,1338,2020-05-12T16:14:00Z,,,,7927,355,,,,,,,,,,,,,,45,274,8409,93140,8683,93140,,24,86,7bc52d75ae19fac64ac3d48af745dcde3067b4ab,0,0,0,0,0,
20200511,SC,7653,,76804,,posNeg,84457,,1252,,,,,4120,5/10/2020 16:30,2020-05-10T16:30:00Z,05/10 12:30,331,1252,2020-05-10T16:30:00Z,,,,7653,331,,,,,,,,,,,,,,45,0,0,84457,0,84457,,0,0,828b7870db7327e6efdf709f3f15d48a61490d3d,0,0,0,0,0,
20200510,SC,7653,,76804,,posNeg,84457,,1252,,,,,4120,5/10/2020 16:30,2020-05-10T16:30:00Z,05/10 12:30,331,1252,2020-05-10T16:30:00Z,,,,7653,331,,,,,,,,,,,,,,45,122,3372,84457,3494,84457,,1,0,57cfb815ac173e64d218f8672d0aec723db5cf6b,0,0,0,0,0,
20200509,SC,7531,,73432,,posNeg,80963,,1252,,,,,4120,5/8/2020 16:30,2020-05-08T16:30:00Z,05/08 12:30,330,1252,2020-05-08T16:30:00Z,,,,7531,330,,,,,,,,,,,,,,45,389,7132,80963,7521,80963,,14,100,899e7ddd0f6d99d7f0fe42a150bc9b3303bda1ff,0,0,0,0,0,
20200508,SC,7142,,66300,,posNeg,73442,,1152,,,,,3816,5/7/2020 16:13,2020-05-07T16:13:00Z,05/07 12:13,316,1152,2020-05-07T16:13:00Z,,,,7142,316,,,,,,,,,,,,,,45,206,-4246,73442,-4040,73442,,11,0,619e4646b39f5d31e050bfe00280741122c14dab,0,0,0,0,0,
20200507,SC,6936,,70546,,posNeg,77482,,1152,,,,,3816,5/6/2020 16:20,2020-05-06T16:20:00Z,05/06 12:20,305,1152,2020-05-06T16:20:00Z,,,,6936,305,,,,,,,,,,,,,,45,0,0,77482,0,77482,,0,0,45ea95bada33364a675bba04e0892d30b466a994,0,0,0,0,0,
20200506,SC,6936,,70546,,posNeg,77482,,1152,,,,,3816,5/6/2020 16:20,2020-05-06T16:20:00Z,05/06 12:20,305,1152,2020-05-06T16:20:00Z,,,,6936,305,,,,,,,,,,,,,,45,179,9532,77482,9711,77482,,22,42,1ee2791847a8433a26436911f7e007fac33cbcee,0,0,0,0,0,
20200505,SC,6757,,61014,,posNeg,67771,,1110,,,,,3622,5/4/2020 16:35,2020-05-04T16:35:00Z,05/04 12:35,283,1110,2020-05-04T16:35:00Z,,,,6757,283,,,,,,,,,,,,,,45,131,3452,67771,3583,67771,,8,0,e76a8901d3b6a389334383935848b9bf62495b9b,0,0,0,0,0,
20200504,SC,6626,,57562,,posNeg,64188,,1110,,,,,3622,5/3/2020 15:30,2020-05-03T15:30:00Z,05/03 11:30,275,1110,2020-05-03T15:30:00Z,,,,6626,275,,,,,,,,,,,,,,45,0,0,64188,0,64188,,0,0,b2aaa5eca5b53cdf5ec7fde9b46144fdad93f1ec,0,0,0,0,0,
20200503,SC,6626,,57562,,posNeg,64188,,1110,,,,,3622,5/3/2020 15:30,2020-05-03T15:30:00Z,05/03 11:30,275,1110,2020-05-03T15:30:00Z,,,,6626,,,,,,,,,,,,,,,45,137,2435,64188,2572,64188,,8,0,67eb55d93c8a3ba3183a543f51738f07734cc2f4,0,0,0,0,0,
20200502,SC,6489,,55127,,posNeg,61616,,1110,,,,,3622,5/2/2020 15:45,2020-05-02T15:45:00Z,05/02 11:45,267,1110,2020-05-02T15:45:00Z,59379,,,6489,,,,,,,,,,,,,,,45,231,2006,61616,2237,61616,,11,0,bd0757a363d0d7899f190375b2fab4c18a5a4f6a,0,0,0,0,0,
20200501,SC,6258,,53121,,posNeg,59379,,1110,,,,,3622,5/1/2020 16:00,2020-05-01T16:00:00Z,05/01 12:00,256,1110,2020-05-01T16:00:00Z,59379,,,6258,,,,,,,,,,,,,,,45,163,2704,59379,2867,59379,,12,110,0109e850ebc254285b5337907433442e8f5431c7,0,0,0,0,0,
20200430,SC,6095,,50417,,posNeg,56512,,1000,,,,,3252,4/30/2020 16:04,2020-04-30T16:04:00Z,04/30 12:04,244,1000,2020-04-30T16:04:00Z,,,,6095,,,,,,,,,,,,,,,45,214,2081,56512,2295,56512,,41,0,f0445170d454e3ebdba4c0bc6a7d058760bdc6b2,0,0,0,0,0,
20200429,SC,5881,,48336,,posNeg,54217,,1000,,,,,3252,4/29/2020 15:30,2020-04-29T15:30:00Z,04/29 11:30,203,1000,2020-04-29T15:30:00Z,,,,5881,,,,,,,,,,,,,,,45,268,1804,54217,2072,54217,,26,56,87db6b5408204b6c1da0bac783b428d559f8c269,0,0,0,0,0,
20200428,SC,5613,,46532,,posNeg,52145,,944,,,,,2830,4/27/2020 16:30,2020-04-27T16:30:00Z,04/27 12:30,177,944,2020-04-27T16:30:00Z,,,,5613,,,,,,,,,,,,,,,45,123,1261,52145,1384,52145,,3,0,c52b0b6b60a9bbd5f8eb547bff433268b1589651,0,0,0,0,0,
20200427,SC,5490,,45271,,posNeg,50761,,944,,,,,3701,4/26/2020 15:30,2020-04-26T15:30:00Z,04/26 11:30,174,944,2020-04-26T15:30:00Z,,,,5490,,,,,,,,,,,,,,,45,0,0,50761,0,50761,,0,0,a357a5c64858fe0501be16dd0681c8e0e51096b2,0,0,0,0,0,
20200426,SC,5490,,45271,,posNeg,50761,,944,,,,,3701,4/26/2020 15:30,2020-04-26T15:30:00Z,04/26 11:30,174,944,2020-04-26T15:30:00Z,,,,5490,,,,,,,,,,,,,,,45,237,1510,50761,1747,50761,,8,0,d65b95486eb68cc3023c74c51ba1f779e5438543,0,0,0,0,0,
20200425,SC,5253,,43761,,posNeg,49014,,944,,,,,3701,4/25/2020 15:39,2020-04-25T15:39:00Z,04/25 11:39,166,944,2020-04-25T15:39:00Z,,,,5253,,,,,,,,,,,,,,,45,336,4215,49014,4551,49014,,16,107,d4c36c2201e70722b24cfaaa05c4acd25253e752,0,0,0,0,0,
20200424,SC,4917,,39546,,posNeg,44463,,837,,,,,3317,4/24/2020 17:24,2020-04-24T17:24:00Z,04/24 13:24,150,837,2020-04-24T17:24:00Z,,,,4917,,,,,,,,,,,,,,,45,0,0,44463,0,44463,,0,0,d3d236624d0874b7e45144b2362a61eeec7ee14d,0,0,0,0,0,
20200423,SC,4917,,39546,,posNeg,44463,,837,,,,,3317,4/22/2020 23:59,2020-04-22T23:59:00Z,04/22 19:59,150,837,2020-04-22T23:59:00Z,,,,4917,,,,,,,,,,,,,,,45,156,1196,44463,1352,44463,,10,0,c2c884714504046ffab724651b2bb7e35efbc358,0,0,0,0,0,
20200422,SC,4761,,38350,,posNeg,43111,,837,,,,,3317,4/21/2020 23:59,2020-04-21T23:59:00Z,04/21 19:59,140,837,2020-04-21T23:59:00Z,,,,4761,,,,,,,,,,,,,,,45,322,1512,43111,1834,43111,,16,61,3789670a8715a44b5cb6efa126309525854fdf01,0,0,0,0,0,
20200421,SC,4439,,36838,,posNeg,41277,,776,,,,,2063,4/21/2020 16:30,2020-04-21T16:30:00Z,04/21 12:30,124,776,2020-04-21T16:30:00Z,,,,4439,,,,,,,,,,,,,,,45,62,735,41277,797,41277,,4,0,fed9728cfe06250df29fea1cfb61f15882395806,0,0,0,0,0,
20200420,SC,4377,,36103,,posNeg,40480,,776,,,,,2063,4/19/2020 15:30,2020-04-19T15:30:00Z,04/19 11:30,120,776,2020-04-19T15:30:00Z,,,,4377,,,,,,,,,,,,,,,45,0,0,40480,0,40480,,0,0,9fab35251b1f9279776793974320772c8864ef3a,0,0,0,0,0,
20200419,SC,4377,,36103,,posNeg,40480,,776,,,,,2633,4/19/2020 15:30,2020-04-19T15:30:00Z,04/19 11:30,120,776,2020-04-19T15:30:00Z,,,,4377,,,,,,,,,,,,,,,45,131,1516,40480,1647,40480,,1,0,0f827072a036ccd7375ff950101de9f90ea7c02c,0,0,0,0,0,
20200418,SC,4246,,34587,,posNeg,38833,,776,,,,,2633,4/18/2020 15:25,2020-04-18T15:25:00Z,04/18 11:25,119,776,2020-04-18T15:25:00Z,,,,4246,,,,,,,,,,,,,,,45,315,2234,38833,2549,38833,,10,101,8825eac03c04bd78296a9789f7a1de3c0e1ef4f5,0,0,0,0,0,
20200417,SC,3931,,32353,,posNeg,36284,,675,,,,,,4/17/2020 16:48,2020-04-17T16:48:00Z,04/17 12:48,109,675,2020-04-17T16:48:00Z,,,,3931,,,,,,,,,,,,,,,45,275,1276,36284,1551,36284,,2,0,bccc1eab41c5c46beb82b56cb7aebcf810d35742,0,0,0,0,0,
20200416,SC,3656,,31077,,posNeg,34733,,675,,,,,,4/16/2020 17:06,2020-04-16T17:06:00Z,04/16 13:06,107,675,2020-04-16T17:06:00Z,,,,3656,,,,,,,,,,,,,,,45,0,0,34733,0,34733,,0,0,1646ebb96d31493551a5d5ee40e3c2e5a69d684a,0,0,0,0,0,
20200415,SC,3656,,31077,,posNeg,34733,,675,,,,,,4/15/2020 14:55,2020-04-15T14:55:00Z,04/15 10:55,107,675,2020-04-15T14:55:00Z,,,,3656,,,,,,,,,,,,,,,45,103,758,34733,861,34733,,10,0,912fcea0debee8fb845447fe97f7ebd31fa3edac,0,0,0,0,0,
20200414,SC,3553,,30319,,posNeg,33872,,675,,,,,,4/14/2020 15:55,2020-04-14T15:55:00Z,04/14 11:55,97,675,2020-04-14T15:55:00Z,,,,3553,,,,,,,,,,,,,,,45,234,2213,33872,2447,33872,,15,179,bb6e0f5e71196c3ead37d6612431dff5aaea73bf,0,0,0,0,0,
20200413,SC,3319,,28106,,posNeg,31425,,496,,,,,,4/13/2020 17:26,2020-04-13T17:26:00Z,04/13 13:26,82,496,2020-04-13T17:26:00Z,,,,3319,,,,,,,,,,,,,,,45,0,0,31425,0,31425,,0,0,3414c3722b36e05c23875aaf66368f7cc8a8f351,0,0,0,0,0,
20200412,SC,3319,,28106,,posNeg,31425,,496,,,,,,4/12/2020 15:30,2020-04-12T15:30:00Z,04/12 11:30,82,496,2020-04-12T15:30:00Z,,,,3319,,,,,,,,,,,,,,,45,112,1220,31425,1332,31425,,2,0,51dd50975d8faae437bc55a067d387692721a066,0,0,0,0,0,
20200411,SC,3207,,26886,,posNeg,30093,,496,,,,,,4/11/2020 15:31,2020-04-11T15:31:00Z,04/11 11:31,80,496,2020-04-11T15:31:00Z,,,,3207,,,,,,,,,,,,,,,45,142,1768,30093,1910,30093,,8,0,3ce169b991b15d6440c8502ece5368929595cc46,0,0,0,0,0,
20200410,SC,3065,,25118,,posNeg,28183,,496,,,,,,4/10/2020 15:49,2020-04-10T15:49:00Z,04/10 11:49,72,496,2020-04-10T15:49:00Z,,,,3065,,,,,,,,,,,,,,,45,273,543,28183,816,28183,,5,255,8bb978155244f26bdfe1a2633bf1724c77e1b756,0,0,0,0,0,
20200409,SC,2792,,24575,,posNeg,27367,,241,,,,,,4/9/2020 16:08,2020-04-09T16:08:00Z,04/09 12:08,67,241,2020-04-09T16:08:00Z,,,,2792,,,,,,,,,,,,,,,45,240,2493,27367,2733,27367,,4,0,dec3888cba8ee3a303de8216d02de516969d81a9,0,0,0,0,0,
20200408,SC,2552,,22082,,posNeg,24634,,241,,,,,,4/8/2020 15:30,2020-04-08T15:30:00Z,04/08 11:30,63,241,2020-04-08T15:30:00Z,,,,2552,,,,,,,,,,,,,,,45,135,819,24634,954,24634,,12,0,9d7a43923ce8b7166f507ed4677bc4019899ba7d,0,0,0,0,0,
20200407,SC,2417,,21263,,posNeg,23680,,241,,,,,,4/7/2020 16:02,2020-04-07T16:02:00Z,04/07 12:02,51,241,2020-04-07T16:02:00Z,,,,2417,,,,,,,,,,,,,,,45,368,4336,23680,4704,23680,,7,0,0ff58f8984d2bfd0d9921725410ece72e8de0802,0,0,0,0,0,
20200406,SC,2049,,16927,,posNeg,18976,,241,,,,,,4/5/2020 15:30,2020-04-05T15:30:00Z,04/05 11:30,44,241,2020-04-05T15:30:00Z,,,,2049,,,,,,,,,,,,,,,45,0,0,18976,0,18976,,0,0,813d80bc2ee9a015e109b4050309f12abdedaa4c,0,0,0,0,0,
20200405,SC,2049,,16927,,posNeg,18976,,241,,,,,,4/5/2020 15:30,2020-04-05T15:30:00Z,04/05 11:30,44,241,2020-04-05T15:30:00Z,,,,2049,,,,,,,,,,,,,,,45,132,530,18976,662,18976,,4,0,3e2740382c6a4bab305897070aba2ee40c0a83b7,0,0,0,0,0,
20200404,SC,1917,,16397,,posNeg,18314,,241,,,,,,4/4/2020 15:54,2020-04-04T15:54:00Z,04/04 11:54,40,241,2020-04-04T15:54:00Z,,,,1917,,,,,,,,,,,,,,,45,363,10956,18314,11319,18314,,9,0,3d139527e8211e853fcb7ddac1c23067018cb194,0,0,0,0,0,
20200403,SC,1554,,5441,,posNeg,6995,,241,,,,,,4/2/2020 16:04,2020-04-02T16:04:00Z,04/02 12:04,31,241,2020-04-02T16:04:00Z,,,,1554,,,,,,,,,,,,,,,45,0,0,6995,0,6995,,0,0,2eae5a2a4dee4b537e52a8169c5201a752db2b78,0,0,0,0,0,
20200402,SC,1554,,5441,,posNeg,6995,,241,,,,,,4/2/2020 16:04,2020-04-02T16:04:00Z,04/02 12:04,31,241,2020-04-02T16:04:00Z,,,,1554,,,,,,,,,,,,,,,45,261,408,6995,669,6995,,5,139,dc7719ff30093e5e89833745ba7c2c4fdd728f68,0,0,0,0,0,
20200401,SC,1293,,5033,,posNeg,6326,,102,,,,,,4/1/2020 15:55,2020-04-01T15:55:00Z,04/01 11:55,26,102,2020-04-01T15:55:00Z,,,,1293,,,,,,,,,,,,,,,45,210,417,6326,627,6326,,4,0,c01290f489792b016131c5d7b4bb851589ebb5eb,0,0,0,0,0,
20200331,SC,1083,,4616,,posNeg,5699,,102,,,,,,3/31/2020 16:31,2020-03-31T16:31:00Z,03/31 12:31,22,102,2020-03-31T16:31:00Z,,,,1083,,,,,,,,,,,,,,,45,158,456,5699,614,5699,,4,0,843c880d706e6b625cbaddbdfc807074db2e4a03,0,0,0,0,0,
20200330,SC,925,,4160,,posNeg,5085,,102,,,,,,3/30/2020 16:00,2020-03-30T16:00:00Z,03/30 12:00,18,102,2020-03-30T16:00:00Z,,,,925,,,,,,,,,,,,,,,45,151,1145,5085,1296,5085,,2,0,97899766298c4e75836f416106a20d016a411584,0,0,0,0,0,
20200329,SC,774,,3015,,posNeg,3789,,102,,,,,,3/29/2020 15:30,2020-03-29T15:30:00Z,03/29 11:30,16,102,2020-03-29T15:30:00Z,,,,774,,,,,,,,,,,,,,,45,235,607,3789,842,3789,,3,0,d15c11056db188cedaab21a3d35fd46bb78ab840,0,0,0,0,0,
20200328,SC,539,,2408,,posNeg,2947,,102,,,,,,3/27/2020 16:32,2020-03-27T16:32:00Z,03/27 12:32,13,102,2020-03-27T16:32:00Z,,,,539,,,,,,,,,,,,,,,45,83,101,2947,184,2947,,4,0,388407e19915100e25fe53ae367fc8221b2b7051,0,0,0,0,0,
20200327,SC,456,,2307,,posNeg,2763,,102,,,,,,3/26/2020 16:35,2020-03-26T16:35:00Z,03/26 12:35,9,102,2020-03-26T16:35:00Z,,,,456,,,,,,,,,,,,,,,45,0,0,2763,0,2763,,0,0,31676f27ec9f2f8ce23cfce039b83ead753a5093,0,0,0,0,0,
20200326,SC,456,,2307,,posNeg,2763,,102,,,,,,3/26/2020 11:00,2020-03-26T11:00:00Z,03/26 07:00,9,102,2020-03-26T11:00:00Z,,,,456,,,,,,,,,,,,,,,45,32,4,2763,36,2763,,2,0,be006c46299059ee9c5a87799cc82c56b2beadb5,0,0,0,0,0,
20200325,SC,424,,2303,,posNeg,2727,,102,,,,,,3/24/2020 19:30,2020-03-24T19:30:00Z,03/24 15:30,7,102,2020-03-24T19:30:00Z,,,,424,,,,,,,,,,,,,,,45,126,291,2727,417,2727,,2,102,8968fabaf92e993c869381fd8b13884b35c15692,0,0,0,0,0,
20200324,SC,298,,2012,,posNeg,2310,,,,,,,,3/23/2020 16:35,2020-03-23T16:35:00Z,03/23 12:35,5,,2020-03-23T16:35:00Z,,,,298,,,,,,,,,,,,,,,45,0,546,2310,546,2310,,0,0,3bd02c3f015e3f4c605056a43b99f21ce1d0981b,0,0,0,0,0,
20200323,SC,298,,1466,,posNeg,1764,,,,,,,,3/23/2020 16:35,2020-03-23T16:35:00Z,03/23 12:35,5,,2020-03-23T16:35:00Z,,,,298,,,,,,,,,,,,,,,45,103,0,1764,103,1764,,2,0,12d1f2595fb54cd0bebf0292f613e95ffa07eedc,0,0,0,0,0,
20200322,SC,195,,1466,,posNeg,1661,,,,,,,,3/22/2020 15:40,2020-03-22T15:40:00Z,03/22 11:40,3,,2020-03-22T15:40:00Z,,,,195,,,,,,,,,,,,,,,45,43,211,1661,254,1661,,2,0,29d2de48c3edae78047d743838eb1c9ff52b7cd7,0,0,0,0,0,
20200321,SC,152,,1255,,posNeg,1407,,,,,,,,3/20/2020 16:45,2020-03-20T16:45:00Z,03/20 12:45,1,,2020-03-20T16:45:00Z,,,,152,,,,,,,,,,,,,,,45,71,422,1407,493,1407,,0,0,ac5527ce1139ef91415753b7b420ec1688c6da07,0,0,0,0,0,
20200320,SC,81,,833,,posNeg,914,,,,,,,,3/19/2020 17:10,2020-03-19T17:10:00Z,03/19 13:10,1,,2020-03-19T17:10:00Z,,,,81,,,,,,,,,,,,,,,45,21,250,914,271,914,,0,0,0f7a4d0175356b623c23056067d0500fc7388cf9,0,0,0,0,0,
20200319,SC,60,,583,,posNeg,643,,,,,,,,3/18/2020 16:00,2020-03-18T16:00:00Z,03/18 12:00,1,,2020-03-18T16:00:00Z,,,,60,,,,,,,,,,,,,,,45,0,0,643,0,643,,0,0,38695c5efa4a525ba83995b56ddd6f19c1b873d7,0,0,0,0,0,
20200318,SC,60,,583,,posNeg,643,,,,,,,,3/18/2020 16:00,2020-03-18T16:00:00Z,03/18 12:00,1,,2020-03-18T16:00:00Z,,,,60,,,,,,,,,,,,,,,45,27,272,643,299,643,,0,0,2f77ebcc5358a2908f93613597cbdc5a1dfac7ef,0,0,0,0,0,
20200317,SC,33,,311,,posNeg,344,,,,,,,,3/17/2020 12:02,2020-03-17T12:02:00Z,03/17 08:02,1,,2020-03-17T12:02:00Z,,,,33,,,,,,,,,,,,,,,45,5,76,344,81,344,,0,0,3832b27944744b61f5a3b1dc9ea160678bb9322c,0,0,0,0,0,
20200316,SC,28,,235,,posNeg,263,,,,,,,,3/16/2020 15:24,2020-03-16T15:24:00Z,03/16 11:24,1,,2020-03-16T15:24:00Z,,,,28,,,,,,,,,,,,,,,45,9,81,263,90,263,,1,0,868a343be0bb3b59cdc1ff25cd950d9b4e2d5442,0,0,0,0,0,
20200315,SC,19,,154,,posNeg,173,,,,,,,,3/14/2020 16:18,2020-03-14T16:18:00Z,03/14 12:18,,,2020-03-14T16:18:00Z,,,,19,,,,,,,,,,,,,,,45,6,44,173,50,173,,0,0,f13419fe7164b5a485997252b704253cdf8dfc35,0,0,0,0,0,
20200314,SC,13,,110,,posNeg,123,,,,,,,,3/13/2020 17:47,2020-03-13T17:47:00Z,03/13 13:47,,,2020-03-13T17:47:00Z,,,,13,,,,,,,,,,,,,,,45,1,35,123,36,123,,0,0,94041ec392773fa519917380eaab07193638af6a,0,0,0,0,0,
20200313,SC,12,,75,,posNeg,87,,,,,,,,3/12/2020 16:05,2020-03-12T16:05:00Z,03/12 12:05,,,2020-03-12T16:05:00Z,,,,12,,,,,,,,,,,,,,,45,2,27,87,29,87,,0,0,ec95382398178b1909b4d9900b7963357b81b11b,0,0,0,0,0,
20200312,SC,10,,48,,posNeg,58,,,,,,,,3/11/2020 17:12,2020-03-11T17:12:00Z,03/11 13:12,,,2020-03-11T17:12:00Z,,,,10,,,,,,,,,,,,,,,45,1,16,58,17,58,,0,0,867fe1e86682ce09623369d4a708906aaf8e979d,0,0,0,0,0,
20200311,SC,9,,32,,posNeg,41,,,,,,,,,,,,,,,,,9,,,,,,,,,,,,,,,45,2,8,41,10,41,,0,0,a380db886c85d9cda4ad099285f18a06ea4290ae,0,0,0,0,0,
20200310,SC,7,,24,,posNeg,31,,,,,,,,,,,,,,,,,7,,,,,,,,,,,,,,,45,0,0,31,0,31,,0,0,fedb0814f9899bec159c91da38b76fa9be5496a9,0,0,0,0,0,
20200309,SC,7,,24,,posNeg,31,,,,,,,,,,,,,,,,,7,,,,,,,,,,,,,,,45,5,16,31,21,31,,0,0,ffbefd3cd84df969f7c56b6c0ad4400462a02d78,0,0,0,0,0,
20200308,SC,2,,8,,posNeg,10,,,,,,,,,,,,,,,,,2,,,,,,,,,,,,,,,45,0,0,10,0,10,,0,0,34d666d0cf293df49ea96441ad9c8372b22a4ead,0,0,0,0,0,
20200307,SC,2,,8,,posNeg,10,,,,,,,,,,,,,,,,,2,,,,,,,,,,,,,,,45,2,3,10,5,10,,0,0,aed6bb949128e691c941ed7080e6e6421952e7b8,0,0,0,0,0,
20200306,SC,0,,5,,posNeg,5,,,,,,,,,,,,,,,,,0,,,,,,,,,,,,,,,45,0,0,5,0,5,,0,0,840964e6d7f4b4badf20d495b08a2d6a31e96f1a,0,0,0,0,0,
20200305,SC,0,,5,,posNeg,5,,,,,,,,,,,,,,,,,0,,,,,,,,,,,,,,,45,0,0,5,0,5,,0,0,9d62d3c796fe2291c5579be3cc69b6938f403c67,0,0,0,0,0,
20200304,SC,0,,5,,posNeg,5,,,,,,,,,,,,,,,,,0,,,,,,,,,,,,,,,45,0,0,5,0,5,,0,0,b9fd1683d6a522ddaffc5f62b4dffc9d2de15356,0,0,0,0,0,
