date,state,positive,probableCases,negative,pending,totalTestResultsSource,totalTestResults,hospitalizedCurrently,hospitalizedCumulative,inIcuCurrently,inIcuCumulative,onVentilatorCurrently,onVentilatorCumulative,recovered,lastUpdateEt,dateModified,checkTimeEt,death,hospitalized,hospitalizedDischarged,dateChecked,totalTestsViral,positiveTestsViral,negativeTestsViral,positiveCasesViral,deathConfirmed,deathProbable,totalTestEncountersViral,totalTestsPeopleViral,totalTestsAntibody,positiveTestsAntibody,negativeTestsAntibody,totalTestsPeopleAntibody,positiveTestsPeopleAntibody,negativeTestsPeopleAntibody,totalTestsPeopleAntigen,positiveTestsPeopleAntigen,totalTestsAntigen,positiveTestsAntigen,fips,positiveIncrease,negativeIncrease,total,totalTestResultsIncrease,posNeg,dataQualityGrade,deathIncrease,hospitalizedIncrease,hash,commercialScore,negativeRegularScore,negativeScore,positiveScore,score,grade
20210306,FL,1905185,359542,9319872,8496,totalTestEncountersViral,22274583,3352,82145,,,,,,3/5/2021 23:59,2021-03-05T23:59:00Z,03/05 18:59,32200,82145,,2021-03-05T23:59:00Z,19430475,2496909,16841086,1545643,,,22274583,11225057,1054711,190026,864153,995580,178979,816231,,,,,12,4587,23282,11233553,87820,11225057,,107,243,9caf89c49d1befc5c6364bdf8d2d423dc4660db1,0,0,0,0,0,
20210305,FL,1900598,358198,9296590,8453,totalTestEncountersViral,22186763,3419,81902,,,,,,3/4/2021 23:59,2021-03-04T23:59:00Z,03/04 18:59,32093,81902,,2021-03-04T23:59:00Z,19371172,2490463,16788533,1542400,,,22186763,11197188,1054711,190026,864153,995580,178979,816231,,,,,12,5876,26910,11205641,106925,11197188,,138,302,427326a17365ecae4a02b0baedec6548c934ba80,0,0,0,0,0,
20210304,FL,1894722,356583,9269680,8435,totalTestEncountersViral,22079838,3566,81600,,,,,,3/3/2021 23:59,2021-03-03T23:59:00Z,03/03 18:59,31955,81600,,2021-03-03T23:59:00Z,19293295,2482227,16719252,1538139,,,22079838,11164402,1024780,176911,847365,970437,166506,803582,,,,,12,5997,26450,11172837,104245,11164402,,126,322,e7940b71727e878efa5c199e23a70246b38f0185,0,0,0,0,0,
20210303,FL,1888725,354539,9243230,8396,totalTestEncountersViral,21975593,3596,81278,,,,,,3/2/2021 23:59,2021-03-02T23:59:00Z,03/02 18:59,31829,81278,,2021-03-02T23:59:00Z,19218847,2474106,16653274,1534186,,,21975593,11131955,1024780,176911,847365,970437,166506,803582,,,,,12,5860,17249,11140351,73990,11131955,,133,306,41f0c9974fbb8ec8b2e6b26a5954e3c9e97309ed,0,0,0,0,0,
20210302,FL,1882865,353125,9225981,8411,totalTestEncountersViral,21901603,3674,80972,,,,,,3/1/2021 23:59,2021-03-01T23:59:00Z,03/01 18:59,31696,80972,,2021-03-01T23:59:00Z,19167318,2468530,16607639,1529740,,,21901603,11108846,1024780,176911,847365,970437,166506,803582,,,,,12,7047,33192,11117257,116917,11108846,,140,313,37b11f34c2e9124a73de2a3d8d3786f763c7daac,0,0,0,0,0,
20210301,FL,1875818,350823,9192789,8441,totalTestEncountersViral,21784686,3686,80659,,,,,,2/28/2021 23:59,2021-02-28T23:59:00Z,02/28 18:59,31556,80659,,2021-02-28T23:59:00Z,19078033,2458948,16528453,1524995,,,21784686,11068607,1024780,176911,847365,970437,166506,803582,,,,,12,1664,7255,11077048,22888,11068607,,150,87,162626541d350a1a350b2b64a7ea3fe1daa30752,0,0,0,0,0,
20210228,FL,1874154,350795,9185534,8433,totalTestEncountersViral,21761798,3679,80572,,,,,,2/27/2021 23:59,2021-02-27T23:59:00Z,02/27 18:59,31406,80572,,2021-02-27T23:59:00Z,19055118,2456389,16508139,1523359,,,21761798,11059688,1024780,176911,847365,970437,166506,803582,,,,,12,5385,22572,11068121,77453,11059688,,126,105,ef46279de0a9630ba989a3eb1167234320c144df,0,0,0,0,0,
20210227,FL,1868769,349325,9162962,8421,totalTestEncountersViral,21684345,3728,80467,,,,,,2/26/2021 23:59,2021-02-26T23:59:00Z,02/26 18:59,31280,80467,,2021-02-26T23:59:00Z,18990710,2448448,16451917,1519444,,,21684345,11031731,1024780,176911,847365,970437,166506,803582,,,,,12,5316,25314,11040152,90722,11031731,,118,229,958bca6f49c2d2605c5b494ab178de49a6c2ead7,0,0,0,0,0,
20210226,FL,1863453,347627,9137648,8372,totalTestEncountersViral,21593623,3864,80238,,,,,,2/25/2021 23:59,2021-02-25T23:59:00Z,02/25 18:59,31162,80238,,2021-02-25T23:59:00Z,18922497,2441154,16391386,1515826,,,21593623,11001101,1024780,176911,847365,970437,166506,803582,,,,,12,5783,26855,11009473,105518,11001101,,144,282,aa1b9fb32416887a09b7fa8a6ce04101cf99ec99,0,0,0,0,0,
20210225,FL,1857670,346042,9110793,8364,totalTestEncountersViral,21488105,3957,79956,,,,,,2/24/2021 23:59,2021-02-24T23:59:00Z,02/24 18:59,31018,79956,,2021-02-24T23:59:00Z,18846515,2432878,16324065,1511628,,,21488105,10968463,997190,165482,831212,946648,155757,790547,,,,,12,6519,29829,10976827,118508,10968463,,140,281,f1395893c5e4cdb201278ef9a4c81c0c8a99c4f2,0,0,0,0,0,
20210224,FL,1851151,344284,9080964,8322,totalTestEncountersViral,21369597,4077,79675,,,,,,2/23/2021 23:59,2021-02-23T23:59:00Z,02/23 18:59,30878,79675,,2021-02-23T23:59:00Z,18763395,2423735,16250525,1506867,,,21369597,10932115,997190,165482,831212,946648,155757,790547,,,,,12,6923,29359,10940437,105398,10932115,,129,265,13ea477b59bb0e9baeed55982594212e8a2da4e8,0,0,0,0,0,
20210223,FL,1844228,341679,9051605,8300,totalTestEncountersViral,21264199,4198,79410,,,,,,2/22/2021 23:59,2021-02-22T23:59:00Z,02/22 18:59,30749,79410,,2021-02-22T23:59:00Z,18677901,2413918,16175417,1502549,,,21264199,10895833,997190,165482,831212,946648,155757,790547,,,,,12,5483,21886,10904133,76769,10895833,,154,314,3a7b77e92dc6004b96b31fb3c5e5e17878376a2a,0,0,0,0,0,
20210222,FL,1838745,339888,9029719,8230,totalTestEncountersViral,21187430,4175,79096,,,,,,2/21/2021 23:59,2021-02-21T23:59:00Z,02/21 18:59,30595,79096,,2021-02-21T23:59:00Z,18614193,2406192,16119985,1498857,,,21187430,10868464,997190,165482,831212,946648,155757,790547,,,,,12,4037,17496,10876694,54779,10868464,,161,150,6dd5a3ce1732f378a0d306bfae8c960f43fad66a,0,0,0,0,0,
20210221,FL,1834708,339004,9012223,8223,totalTestEncountersViral,21132651,4160,78946,,,,,,2/20/2021 23:59,2021-02-20T23:59:00Z,02/20 18:59,30434,78946,,2021-02-20T23:59:00Z,18567270,2400590,16078849,1495704,,,21132651,10846931,997190,165482,831212,946648,155757,790547,,,,,12,4935,22676,10855154,72854,10846931,,95,106,12f308d1a41284ca6c3bb9342173e4e72e96d392,0,0,0,0,0,
20210220,FL,1829773,337773,8989547,8193,totalTestEncountersViral,21059797,4213,78840,,,,,,2/19/2021 23:59,2021-02-19T23:59:00Z,02/19 18:59,30339,78840,,2021-02-19T23:59:00Z,18510086,2394125,16028333,1492000,,,21059797,10819320,997190,165482,831212,946648,155757,790547,,,,,12,7129,32585,10827513,115318,10819320,,125,250,e472ecf02925a529c108e662135bb4ccf98f770a,0,0,0,0,0,
20210219,FL,1822644,335391,8956962,8100,totalTestEncountersViral,20944479,4298,78590,,,,,,2/18/2021 23:59,2021-02-18T23:59:00Z,02/18 18:59,30214,78590,,2021-02-18T23:59:00Z,18426875,2384901,15954828,1487253,,,20944479,10779606,997190,165482,831212,946648,155757,790547,,,,,12,6536,27701,10787706,101356,10779606,,224,295,854926f49ac3686402088a61e1cd8b5e7ee17582,0,0,0,0,0,
20210218,FL,1816108,333912,8929261,8066,totalTestEncountersViral,20843123,4367,78295,,,,,,2/17/2021 23:59,2021-02-17T23:59:00Z,02/17 18:59,29990,78295,,2021-02-17T23:59:00Z,18350554,2376205,15887541,1482196,,,20843123,10745369,969396,154948,813960,922278,145802,776136,,,,,12,5030,19376,10753435,73326,10745369,,166,301,b872005c09708d2eef74e84f0e5f181dcab92f6c,0,0,0,0,0,
20210217,FL,1811078,332444,8909885,7982,totalTestEncountersViral,20769797,4465,77994,,,,,,2/16/2021 23:59,2021-02-16T23:59:00Z,02/16 18:59,29824,77994,,2021-02-16T23:59:00Z,18300331,2369671,15844134,1478634,,,20769797,10720963,969396,154948,813960,922278,145802,776136,,,,,12,7185,28762,10728945,103720,10720963,,165,308,219ec5d412733cf13cf945147dd27e20f6024e0b,0,0,0,0,0,
20210216,FL,1803893,329510,8881123,7939,totalTestEncountersViral,20666077,4646,77686,,,,,,2/15/2021 23:59,2021-02-15T23:59:00Z,02/15 18:59,29659,77686,,2021-02-15T23:59:00Z,18222942,2360095,15776618,1474383,,,20666077,10685016,969396,154948,813960,922278,145802,776136,,,,,12,6165,25432,10692955,90631,10685016,,225,314,59edaa9a3e675dc3447e8442fa3310147298cc62,0,0,0,0,0,
20210215,FL,1797728,326889,8855691,7897,totalTestEncountersViral,20575446,4676,77372,,,,,,2/14/2021 23:59,2021-02-14T23:59:00Z,02/14 18:59,29434,77372,,2021-02-14T23:59:00Z,18152879,2351480,15715678,1470839,,,20575446,10653419,969396,154948,813960,922278,145802,776136,,,,,12,3573,15019,10661316,49636,10653419,,159,117,a66ba811cca0f4ae8de4ab8453970bc9e46e5a14,0,0,0,0,0,
20210214,FL,1794155,326465,8840672,7886,totalTestEncountersViral,20525810,4672,77255,,,,,,2/13/2021 23:59,2021-02-13T23:59:00Z,02/13 18:59,29275,77255,,2021-02-13T23:59:00Z,18110011,2346147,15678301,1467690,,,20525810,10634827,969396,154948,813960,922278,145802,776136,,,,,12,5328,24458,10642713,77846,10634827,,96,121,55545cb8855647cfa5534bf4730701cee4a8341a,0,0,0,0,0,
20210213,FL,1788827,325309,8816214,7856,totalTestEncountersViral,20447964,4681,77134,,,,,,2/12/2021 23:59,2021-02-12T23:59:00Z,02/12 18:59,29179,77134,,2021-02-12T23:59:00Z,18044508,2338601,15620610,1463518,,,20447964,10605041,969396,154948,813960,922278,145802,776136,,,,,12,7377,28940,10612897,104841,10605041,,118,261,3fddc3c940d10665f78cb57710fab836f222bc05,0,0,0,0,0,
20210212,FL,1781450,323052,8787274,7783,totalTestEncountersViral,20343123,4825,76873,,,,,,2/11/2021 23:59,2021-02-11T23:59:00Z,02/11 18:59,29061,76873,,2021-02-11T23:59:00Z,17963576,2328793,15549919,1458398,,,20343123,10568724,969396,154948,813960,922278,145802,776136,,,,,12,7437,29198,10576507,109356,10568724,,190,286,3a2d69e62494cd2077d8534e939b43fd5376f838,0,0,0,0,0,
20210211,FL,1774013,320883,8758076,7733,totalTestEncountersViral,20233767,4906,76587,,,,,,2/10/2021 23:59,2021-02-10T23:59:00Z,02/10 18:59,28871,76587,,2021-02-10T23:59:00Z,17878252,2318546,15475357,1453130,,,20233767,10532089,941088,144432,796185,897303,135966,761003,,,,,12,8354,30793,10539822,122288,10532089,,180,301,2c1ad48301e721232e65982b3ca674e459c23ad9,0,0,0,0,0,
20210210,FL,1765659,318409,8727283,7658,totalTestEncountersViral,20111479,5129,76286,,,,,,2/9/2021 23:59,2021-02-09T23:59:00Z,02/09 18:59,28691,76286,,2021-02-09T23:59:00Z,17789844,2307417,15398684,1447250,,,20111479,10492942,941088,144432,796185,897303,135966,761003,,,,,12,7405,27677,10500600,101357,10492942,,165,285,75b49b151de6cb74fbf9038a42a72bc55c84a03a,0,0,0,0,0,
20210209,FL,1758254,315389,8699606,7601,totalTestEncountersViral,20010122,5307,76001,,,,,,2/8/2021 23:59,2021-02-08T23:59:00Z,02/08 18:59,28526,76001,,2021-02-08T23:59:00Z,17710691,2297581,15329888,1442865,,,20010122,10457860,941088,144432,796185,897303,135966,761003,,,,,12,6911,24690,10465461,91141,10457860,,239,353,6add5b6ad6307f4fd5bd03b703113986a99b5e64,0,0,0,0,0,
20210208,FL,1751343,312800,8674916,7551,totalTestEncountersViral,19918981,5381,75648,,,,,,2/7/2021 23:59,2021-02-07T23:59:00Z,02/07 18:59,28287,75648,,2021-02-07T23:59:00Z,17637860,2287907,15267391,1438543,,,19918981,10426259,941088,144432,796185,897303,135966,761003,,,,,12,5599,21924,10433810,69118,10426259,,126,133,cc8e77dfaab72a91442a02146a5c715a183f8271,0,0,0,0,0,
20210207,FL,1745744,311233,8652992,7543,totalTestEncountersViral,19849863,5381,75515,,,,,,2/6/2021 23:59,2021-02-06T23:59:00Z,02/06 18:59,28161,75515,,2021-02-06T23:59:00Z,17574042,2280071,15211678,1434511,,,19849863,10398736,650372,71851,578113,630838,69600,560932,,,,,12,6468,27601,10406279,89947,10398736,,103,152,0284926796993d9b7201d6f80475dbbe5a0dbcd5,0,0,0,0,0,
20210206,FL,1739276,309121,8625391,7506,totalTestEncountersViral,19759916,5377,75363,,,,,,2/5/2021 23:59,2021-02-05T23:59:00Z,02/05 18:59,28058,75363,,2021-02-05T23:59:00Z,17494320,2270480,15141916,1430155,,,19759916,10364667,650372,71851,578113,630838,69600,560932,,,,,12,7345,28676,10372173,108034,10364667,,145,301,34bd6c40ca1f0b3b90413dcff2440f10e281170e,0,0,0,0,0,
20210205,FL,1731931,307468,8596715,7458,totalTestEncountersViral,19651882,5428,75062,,,,,,2/4/2021 23:59,2021-02-04T23:59:00Z,02/04 18:59,27913,75062,,2021-02-04T23:59:00Z,17414443,2260188,15072874,1424463,,,19651882,10328646,650372,71851,578113,630838,69600,560932,,,,,12,11171,44918,10336104,176996,10328646,,215,341,5b2315b66d696f140642c55768b62b384ee41aac,0,0,0,0,0,
20210204,FL,1720760,304561,8551797,7504,totalTestEncountersViral,19474886,5607,74721,,,,,,2/3/2021 23:59,2021-02-03T23:59:00Z,02/03 18:59,27698,74721,,2021-02-03T23:59:00Z,17291642,2246336,14964527,1416199,,,19474886,10272557,650372,71851,578113,630838,69600,560932,,,,,12,8434,17814,10280061,68280,10272557,,226,338,ddde9b3366d568f2628c910b029a13d528393818,0,0,0,0,0,
20210203,FL,1712326,302750,8533983,7411,totalTestEncountersViral,19406606,5824,74383,,,,,,2/2/2021 23:59,2021-02-02T23:59:00Z,02/02 18:59,27472,74383,,2021-02-02T23:59:00Z,17229269,2235900,14913135,1409576,,,19406606,10246309,650372,71851,578113,630838,69600,560932,,,,,12,6694,21756,10253720,79696,10246309,,203,422,3dadb010a6198227fa9f3e4079dbc34459fe4d72,0,0,0,0,0,
20210202,FL,1705632,300617,8512227,7320,totalTestEncountersViral,19326910,6020,73961,,,,,,2/1/2021 23:59,2021-02-01T23:59:00Z,02/01 18:59,27269,73961,,2021-02-01T23:59:00Z,17177064,2226645,14870465,1405015,,,19326910,10217859,650372,71851,578113,630838,69600,560932,,,,,12,10332,31742,10225179,109904,10217859,,140,410,fa8f6086c43e9b384849b64537b7cb4eb202ddaf,0,0,0,0,0,
20210201,FL,1695300,297288,8480485,7245,totalTestEncountersViral,19217006,6142,73551,,,,,,1/31/2021 23:59,2021-01-31T23:59:00Z,01/31 18:59,27129,73551,,2021-01-31T23:59:00Z,17083600,2212703,14791520,1398012,,,19217006,10175785,650372,71851,578113,630838,69600,560932,,,,,12,5600,19021,10183030,59496,10175785,,214,167,6ce466fd9ac027217a5b17c2c70896c6a7eff2e6,0,0,0,0,0,
20210131,FL,1689700,295639,8461464,7237,totalTestEncountersViral,19157510,6101,73384,,,,,,1/30/2021 23:59,2021-01-30T23:59:00Z,01/30 18:59,26915,73384,,2021-01-30T23:59:00Z,17029166,2204930,14745059,1394061,,,19157510,10151164,650372,71851,578113,630838,69600,560932,,,,,12,7604,39124,10158401,129743,10151164,,120,164,399ea650d3ea18aab27fa9ed2a80279ae7a70499,0,0,0,0,0,
20210130,FL,1682096,293501,8422340,7207,totalTestEncountersViral,19027767,6153,73220,,,,,,1/29/2021 23:59,2021-01-29T23:59:00Z,01/29 18:59,26795,73220,,2021-01-29T23:59:00Z,16922699,2194399,14649647,1388595,,,19027767,10104436,650372,71851,578113,630838,69600,560932,,,,,12,14654,63111,10111643,207768,10104436,,110,276,91690d7834f5d9b893c31ba763e763793dec0e3d,0,0,0,0,0,
20210129,FL,1667442,288918,8359229,7139,totalTestEncountersViral,18819999,6375,72944,,,,,,1/28/2021 23:59,2021-01-28T23:59:00Z,01/28 18:59,26685,72944,,2021-01-28T23:59:00Z,16758178,2174542,14506280,1378524,,,18819999,10026671,650372,71851,578113,630838,69600,560932,,,,,12,10745,11105,10033810,54799,10026671,,229,341,f2baad76f92920ed4ec8e47b98ac14f337bbba52,0,0,0,0,0,
20210128,FL,1656697,285522,8348124,7057,totalTestEncountersViral,18765200,6565,72603,,,,,,1/27/2021 23:59,2021-01-27T23:59:00Z,01/27 18:59,26456,72603,,2021-01-27T23:59:00Z,16701925,2159694,14465108,1371175,,,18765200,10004821,650372,71851,578113,630838,69600,560932,,,,,12,11190,36266,10011878,133418,10004821,,207,388,8885e46cf473574f01438f69b34f1a8a1f79ca20,0,0,0,0,0,
20210127,FL,1645507,282306,8311858,6942,totalTestEncountersViral,18631782,6679,72215,,,,,,1/26/2021 23:59,2021-01-26T23:59:00Z,01/26 18:59,26249,72215,,2021-01-26T23:59:00Z,16630531,2146712,14407095,1363201,,,18631782,9957365,650372,71851,578113,630838,69600,560932,,,,,12,8211,19453,9964307,65513,9957365,,169,363,110cd9c7d04b5a279cf70c95c9ddf25c8bd9ed0c,0,0,0,0,0,
20210126,FL,1637296,279898,8292405,6849,totalTestEncountersViral,18566269,6775,71852,,,,,,1/25/2021 23:59,2021-01-25T23:59:00Z,01/25 18:59,26080,71852,,2021-01-25T23:59:00Z,16608418,2138319,14393554,1357398,,,18566269,9929701,650372,71851,578113,630838,69600,560932,,,,,12,9466,23990,9936550,88400,9929701,,231,465,39dee79e926c4ff5ca1411dd3e8852db26810dc3,0,0,0,0,0,
20210125,FL,1627830,277127,8268415,6747,totalTestEncountersViral,18477869,6899,71387,,,,,,1/24/2021 23:59,2021-01-24T23:59:00Z,01/24 18:59,25849,71387,,2021-01-24T23:59:00Z,16532657,2125816,14330802,1350703,,,18477869,9896245,650372,71851,578113,630838,69600,560932,,,,,12,8542,25355,9902992,80045,9896245,,156,168,0ecf36cfc15416642b5186710b4a8d0590be78ad,0,0,0,0,0,
20210124,FL,1619288,275141,8243060,6719,totalTestEncountersViral,18397824,6727,71219,,,,,,1/23/2021 23:59,2021-01-23T23:59:00Z,01/23 18:59,25693,71219,,2021-01-23T23:59:00Z,16456335,2114100,14266676,1344147,,,18397824,9862348,650372,71851,578113,630838,69600,560932,,,,,12,9335,27674,9869067,102178,9862348,,132,182,e4ea9be8489b60a3e8fdff3796fc08650e7a4aa7,0,0,0,0,0,
20210123,FL,1609953,273443,8215386,6663,totalTestEncountersViral,18295646,6711,71037,,,,,,1/22/2021 23:59,2021-01-22T23:59:00Z,01/22 18:59,25561,71037,,2021-01-22T23:59:00Z,16373692,2101456,14197211,1336510,,,18295646,9825339,650372,71851,578113,630838,69600,560932,,,,,12,12104,48994,9832002,169590,9825339,,156,270,8c68a5746a10865f402129540c4a16c5580587d0,0,0,0,0,0,
20210122,FL,1597849,269149,8166392,6565,totalTestEncountersViral,18126056,6904,70767,,,,,,1/21/2021 23:59,2021-01-21T23:59:00Z,01/21 18:59,25405,70767,,2021-01-21T23:59:00Z,16235049,2085129,14075413,1328700,,,18126056,9764241,650372,71851,578113,630838,69600,560932,,,,,12,13407,22189,9770806,83831,9764241,,277,461,9b4265e8e64d1e9727d7f66d4bc7eb563307f89c,0,0,0,0,0,
20210121,FL,1584442,265499,8144203,6461,totalTestEncountersViral,18042225,7023,70306,,,,,,1/20/2021 23:59,2021-01-20T23:59:00Z,01/20 18:59,25128,70306,,2021-01-20T23:59:00Z,16153041,2066910,14012187,1318943,,,18042225,9728645,650372,71851,578113,630838,69600,560932,,,,,12,12602,37904,9735106,131557,9728645,,163,352,8a10e7ae1482f217512f70ea93615521b7878443,0,0,0,0,0,
20210120,FL,1571840,261722,8106299,6371,totalTestEncountersViral,17910668,7141,69954,,,,,,1/19/2021 23:59,2021-01-19T23:59:00Z,01/19 18:59,24965,69954,,2021-01-19T23:59:00Z,16041574,2049979,13918123,1310118,,,17910668,9678139,650372,71851,578113,630838,69600,560932,,,,,12,11825,26957,9684510,89293,9678139,,145,471,2d4406fe068cb3010bf3d05de7c5e21f0ad44f42,0,0,0,0,0,
20210119,FL,1560015,257689,8079342,6277,totalTestEncountersViral,17821375,7367,69483,,,,,,1/18/2021 23:59,2021-01-18T23:59:00Z,01/18 18:59,24820,69483,,2021-01-18T23:59:00Z,15955698,2034689,13847927,1302326,,,17821375,9639357,650372,71851,578113,630838,69600,560932,,,,,12,9571,26994,9645634,92379,9639357,,163,318,cb1c7a8ce2746ef552d1e609965853c3f5b1fd86,0,0,0,0,0,
20210118,FL,1550444,254520,8052348,6246,totalTestEncountersViral,17728996,7448,69165,,,,,,1/17/2021 23:59,2021-01-17T23:59:00Z,01/17 18:59,24657,69165,,2021-01-17T23:59:00Z,15869264,2021381,13775503,1295924,,,17728996,9602792,650372,71851,578113,630838,69600,560932,,,,,12,7877,22048,9609038,74912,9602792,,142,178,3fac64b501550921ab0a50fffc94effd3c8fafde,0,0,0,0,0,
20210117,FL,1542567,253801,8030300,6224,totalTestEncountersViral,17654084,7421,68987,,,,,,1/16/2021 23:59,2021-01-16T23:59:00Z,01/16 18:59,24515,68987,,2021-01-16T23:59:00Z,15800722,2010231,13718519,1288766,,,17654084,9572867,650372,71851,578113,630838,69600,560932,,,,,12,10737,66648,9579091,107367,9572867,,135,207,13a0e89fed2bdc45229f66efbf44006ebd2c5036,0,0,0,0,0,
20210116,FL,1531830,250703,7963652,6164,totalTestEncountersViral,17546717,7347,68780,,,,,,1/15/2021 23:59,2021-01-15T23:59:00Z,01/15 18:59,24380,68780,,2021-01-15T23:59:00Z,15705531,1995165,13638884,1281127,,,17546717,9495482,650372,71851,578113,630838,69600,560932,,,,,12,11886,36230,9501646,122159,9495482,,211,336,9539836b094e91d990b072bce1bc936c15464ca8,0,0,0,0,0,
20210115,FL,1519944,248618,7927422,6103,totalTestEncountersViral,17424558,7528,68444,,,,,,1/14/2021 23:59,2021-01-14T23:59:00Z,01/14 18:59,24169,68444,,2021-01-14T23:59:00Z,15603776,1978821,13554101,1271326,,,17424558,9447366,650372,71851,578113,630838,69600,560932,,,,,12,16415,39799,9453469,141762,9447366,,188,433,1b160686a105ef747844e2764c549026395177f4,0,0,0,0,0,
20210114,FL,1503529,244482,7887623,6022,totalTestEncountersViral,17282796,7762,68011,,,,,,1/13/2021 23:59,2021-01-13T23:59:00Z,01/13 18:59,23981,68011,,2021-01-13T23:59:00Z,15476773,1956768,13450244,1259047,,,17282796,9391152,650372,71851,578113,630838,69600,560932,,,,,12,13381,37435,9397174,134756,9391152,,222,413,9f53ce39aead269d5578e7d54f14de8b8fc8d91e,0,0,0,0,0,
20210113,FL,1490148,240802,7850188,5957,totalTestEncountersViral,17148040,7584,67598,,,,,,1/12/2021 23:59,2021-01-12T23:59:00Z,01/12 18:59,23759,67598,,2021-01-12T23:59:00Z,15367290,1938562,13360126,1249346,,,17148040,9340336,650372,71851,578113,630838,69600,560932,,,,,12,13664,39033,9346293,116070,9340336,,174,440,b5a077d0e761c9d3ec6ba3ef0b4a6a3436c38cd5,0,0,0,0,0,
20210112,FL,1476484,236534,7811155,5835,totalTestEncountersViral,17031970,7720,67158,,,,,,1/11/2021 23:59,2021-01-11T23:59:00Z,01/11 18:59,23585,67158,,2021-01-11T23:59:00Z,15261374,1920618,13272560,1239950,,,17031970,9287639,650372,71851,578113,630838,69600,560932,,,,,12,14526,40252,9293474,117059,9287639,,161,420,79ea0a838b3789e477f52c19a8ac3add292a7c93,0,0,0,0,0,
20210111,FL,1461958,232188,7770903,5740,totalTestEncountersViral,16914911,7650,66738,,,,,,1/10/2021 23:59,2021-01-10T23:59:00Z,01/10 18:59,23424,66738,,2021-01-10T23:59:00Z,15148365,1901127,13179694,1229770,,,16914911,9232861,650372,71851,578113,630838,69600,560932,,,,,12,11338,26775,9238601,96946,9232861,,163,205,249899e9c4e40d5c0a57e71b0f92906843217eb4,0,0,0,0,0,
20210110,FL,1450620,229136,7744128,5689,totalTestEncountersViral,16817965,7494,66533,,,,,,1/9/2021 23:59,2021-01-09T23:59:00Z,01/09 18:59,23261,66533,,2021-01-09T23:59:00Z,15054500,1885337,13101989,1221484,,,16817965,9194748,650372,71851,578113,630838,69600,560932,,,,,12,12041,35722,9200437,102271,9194748,,111,201,be8bd5175ad03c75c57eeb268ca50c926e5edbfc,0,0,0,0,0,
20210109,FL,1438579,226335,7708406,5635,totalTestEncountersViral,16715694,7455,66332,,,,,,1/8/2021 23:59,2021-01-08T23:59:00Z,01/08 18:59,23150,66332,,2021-01-08T23:59:00Z,14959521,1868967,13023880,1212244,,,16715694,9146985,650372,71851,578113,630838,69600,560932,,,,,12,15069,31803,9152620,122817,9146985,,139,346,7082a5b36e7b9b41286da3c44f0c553a6eedc2da,0,0,0,0,0,
20210108,FL,1423510,221468,7676603,5538,totalTestEncountersViral,16592877,7407,65986,,,,,,1/7/2021 23:59,2021-01-07T23:59:00Z,01/07 18:59,23011,65986,,2021-01-07T23:59:00Z,14852370,1849493,12936919,1202042,,,16592877,9100113,650372,71851,578113,630838,69600,560932,,,,,12,19136,42110,9105651,141599,9100113,,194,364,54bed2a40687efe3ba6209898e318ec7c375ef25,0,0,0,0,0,
20210107,FL,1404374,216755,7634493,5394,totalTestEncountersViral,16451278,7327,65622,,,,,,1/6/2021 23:59,2021-01-06T23:59:00Z,01/06 18:59,22817,65622,,2021-01-06T23:59:00Z,14722693,1824592,12832829,1187619,,,16451278,9038867,650372,71851,578113,630838,69600,560932,,,,,12,19334,42130,9044261,140840,9038867,,170,390,c6ee1d2a705377c64b5992244b226e8424bf4df9,0,0,0,0,0,
20210106,FL,1385040,210630,7592363,5264,totalTestEncountersViral,16310438,7303,65232,,,,,,1/5/2021 23:59,2021-01-05T23:59:00Z,01/05 18:59,22647,65232,,2021-01-05T23:59:00Z,14598971,1800408,12733963,1174410,,,16310438,8977403,650372,71851,578113,630838,69600,560932,,,,,12,17262,38374,8982667,114362,8977403,,132,449,dfcc7f79c3aaf6eb643cb683d7d0e651963c8c39,0,0,0,0,0,
20210105,FL,1367778,203932,7553989,5132,totalTestEncountersViral,16196076,7345,64783,,,,,,1/4/2021 23:59,2021-01-04T23:59:00Z,01/04 18:59,22515,64783,,2021-01-04T23:59:00Z,14488819,1778813,12645924,1163846,,,16196076,8921767,650372,71851,578113,630838,69600,560932,,,,,12,15556,33771,8926899,100188,8921767,,100,386,0f41be306022f8405259dddae3757f7b0594e697,0,0,0,0,0,
20210104,FL,1352222,197637,7520218,4990,totalTestEncountersViral,16095888,7238,64397,,,,,,1/3/2021 23:59,2021-01-03T23:59:00Z,01/03 18:59,22415,64397,,2021-01-03T23:59:00Z,14397053,1760357,12572955,1154585,,,16095888,8872440,650372,71851,578113,630838,69600,560932,,,,,12,10935,22720,8877430,75287,8872440,,105,181,ad35900dfcb96374c254160879ffc7008f196637,0,0,0,0,0,
20210103,FL,1341287,193737,7497498,4934,totalTestEncountersViral,16020601,6969,64216,,,,,,1/2/2021 23:59,2021-01-02T23:59:00Z,01/02 18:59,22310,64216,,2021-01-02T23:59:00Z,14325426,1746256,12515766,1147550,,,16020601,8838785,650372,71851,578113,630838,69600,560932,,,,,12,10228,24021,8843719,69851,8838785,,100,187,5c1f7efafa87ea875870e76ddd1847d9a3b8e48b,0,0,0,0,0,
20210102,FL,1331059,189849,7473477,4881,totalTestEncountersViral,15950750,6701,64029,,,,,,1/1/2021 23:59,2021-01-01T23:59:00Z,01/01 18:59,22210,64029,,2021-01-01T23:59:00Z,14258872,1732821,12462940,1141210,,,15950750,8804536,650372,71851,578113,630838,69600,560932,,,,,12,30531,68413,8809417,247151,8804536,,220,288,9882b7e1d60d1fe8fbe5a4f1e4308bccb9659539,0,0,0,0,0,
20210101,FL,1300528,182976,7405064,7010,totalTestEncountersViral,15703599,6454,63741,,,,,,1/1/2021 00:00,2021-01-01T00:00:00Z,12/31 19:00,21990,63741,,2021-01-01T00:00:00Z,14041159,1692583,12286661,1117552,,,15703599,8705592,650372,71851,578113,630838,69600,560932,,,,,12,0,0,8712602,0,8705592,,0,0,1276e7b59e47f37c2cd1c6ee845894e3dcf36056,0,0,0,0,0,
20201231,FL,1300528,182976,7405064,7010,totalTestEncountersViral,15703599,6363,63741,,,,,,12/30/2020 23:59,2020-12-30T23:59:00Z,12/30 18:59,21990,63741,,2020-12-30T23:59:00Z,14041159,1692583,12286661,1117552,,,15703599,8705592,650372,71851,578113,630838,69600,560932,,,,,12,16827,44106,8712602,119229,8705592,,133,366,bb9e9c455a1b78a00ff04055021eb05a43793810,0,0,0,0,0,
20201230,FL,1283701,176913,7360958,6956,totalTestEncountersViral,15584370,6298,63375,,,,,,12/29/2020 23:59,2020-12-29T23:59:00Z,12/29 18:59,21857,63375,,2020-12-29T23:59:00Z,13927475,1671699,12194345,1106788,,,15584370,8644659,650372,71851,578113,630838,69600,560932,,,,,12,13638,28033,8651615,140593,8644659,,139,376,3e88553a69e7c14e9f054354bcad9a5a40dfb6f3,0,0,0,0,0,
20201229,FL,1270063,171264,7332925,6925,totalTestEncountersViral,15443777,6280,62999,,,,,,12/28/2020 23:59,2020-12-28T23:59:00Z,12/28 18:59,21718,62999,,2020-12-28T23:59:00Z,13795926,1653626,12081459,1098799,,,15443777,8602988,650372,71851,578113,630838,69600,560932,,,,,12,11748,32749,8609913,35797,8602988,,105,492,c2b477a59b6bdcb0a5faa8b7e2b3f8ea45c851b3,0,0,0,0,0,
20201228,FL,1258315,165627,7300176,6838,totalTestEncountersViral,15407980,6109,62507,,,,,,12/27/2020 23:59,2020-12-27T23:59:00Z,12/27 18:59,21613,62507,,2020-12-27T23:59:00Z,13745609,1638660,12046324,1092688,,,15407980,8558491,650372,71851,578113,630838,69600,560932,,,,,12,8040,19734,8565329,63988,8558491,,99,211,b48bc1b6d152c83706d24e7e71b9fd8d56c6f482,0,0,0,0,0,
20201227,FL,1250275,162803,7280442,6794,totalTestEncountersViral,15343992,5910,62296,,,,,,12/26/2020 23:59,2020-12-26T23:59:00Z,12/26 18:59,21514,62296,,2020-12-26T23:59:00Z,13681017,1627897,11992748,1087472,,,15343992,8530717,650372,71851,578113,630838,69600,560932,,,,,12,7157,20227,8537511,62641,8530717,,77,178,5530b9353c332105ea001a35044095c87c9b253e,0,0,0,0,0,
20201226,FL,1243118,160659,7260215,6785,totalTestEncountersViral,15281351,5647,62118,,,,,,12/25/2020 23:59,2020-12-25T23:59:00Z,12/25 18:59,21437,62118,,2020-12-25T23:59:00Z,13629555,1618706,11950775,1082459,,,15281351,8503333,650372,71851,578113,630838,69600,560932,,,,,12,16588,49967,8510118,187895,8503333,,142,196,61458c9241e9665b9e8eb8f95b8c311da4c6e898,0,0,0,0,0,
20201225,FL,1226530,158763,7210248,6765,totalTestEncountersViral,15093456,5457,61922,,,,,,12/23/2020 23:59,2020-12-23T23:59:00Z,12/23 18:59,21295,61922,,2020-12-23T23:59:00Z,13468971,1595315,11814196,1067767,,,15093456,8436778,650372,71851,578113,630838,69600,560932,,,,,12,0,0,8443543,0,8436778,,0,0,1b3e155e906b90a24e6f9c53ede0d79bc96288d5,0,0,0,0,0,
20201224,FL,1226530,158763,7210248,6765,totalTestEncountersViral,15093456,5619,61922,,,,,,12/23/2020 23:59,2020-12-23T23:59:00Z,12/23 18:59,21295,61922,,2020-12-23T23:59:00Z,13468971,1595315,11814196,1067767,,,15093456,8436778,650372,71851,578113,630838,69600,560932,,,,,12,12770,47074,8443543,151586,8436778,,122,305,f872e925c72e8c2edf28c99708f1baf042ed69b4,0,0,0,0,0,
20201223,FL,1213760,154646,7163174,6739,totalTestEncountersViral,14941870,5590,61617,,,,,,12/22/2020 23:59,2020-12-22T23:59:00Z,12/22 18:59,21173,61617,,2020-12-22T23:59:00Z,13340461,1578242,11703145,1059114,,,14941870,8376934,650372,71851,578113,630838,69600,560932,,,,,12,11100,42208,8383673,108462,8376934,,121,338,a13c32269d0226f18de16708a805c59ae494295d,0,0,0,0,0,
20201222,FL,1202660,150511,7120966,6691,totalTestEncountersViral,14833408,5634,61279,,,,,,12/21/2020 23:59,2020-12-21T23:59:00Z,12/21 18:59,21052,61279,,2020-12-21T23:59:00Z,13233782,1563736,11611346,1052149,,,14833408,8323626,650372,71851,578113,630838,69600,560932,,,,,12,10204,37852,8330317,105361,8323626,,76,326,b1588e0d925bdc01995ad729e2a7b28f71faeafc,0,0,0,0,0,
20201221,FL,1192456,147209,7083114,6655,totalTestEncountersViral,14728047,5512,60953,,,,,,12/20/2020 23:59,2020-12-20T23:59:00Z,12/20 18:59,20976,60953,,2020-12-20T23:59:00Z,13132263,1550263,11523625,1045247,,,14728047,8275570,650372,71851,578113,630838,69600,560932,,,,,12,10907,41509,8282225,116673,8275570,,115,162,062ddbb5d6ff468dad165b6dc57f4aa8c80ceee1,0,0,0,0,0,
20201220,FL,1181549,145205,7041605,6653,totalTestEncountersViral,14611374,5235,60791,,,,,,12/19/2020 23:59,2020-12-19T23:59:00Z,12/19 18:59,20861,60791,,2020-12-19T23:59:00Z,13018535,1535639,11425103,1036344,,,14611374,8223154,650372,71851,578113,630838,69600,560932,,,,,12,8140,34499,8229807,93311,8223154,,97,148,6cff07b042dfe5cb3dfd383a443083a9fb7b1c3a,0,0,0,0,0,
20201219,FL,1173409,142487,7007106,6620,totalTestEncountersViral,14518063,5086,60643,,,,,,12/18/2020 23:59,2020-12-18T23:59:00Z,12/18 18:59,20764,60643,,2020-12-18T23:59:00Z,12932520,1524783,11350157,1030922,,,14518063,8180515,650372,71851,578113,630838,69600,560932,,,,,12,11456,40629,8187135,123243,8180515,,74,251,7eff17a59a962f74e7971acae452e3951ba27cb9,0,0,0,0,0,
20201218,FL,1161953,138648,6966477,6550,totalTestEncountersViral,14394820,5172,60392,,,,,,12/17/2020 23:59,2020-12-17T23:59:00Z,12/17 18:59,20690,60392,,2020-12-17T23:59:00Z,12822059,1509649,11255137,1023305,,,14394820,8128430,650372,71851,578113,630838,69600,560932,,,,,12,12827,43646,8134980,132680,8128430,,96,315,1a2b7347c72a8f342952fc4732dd9b842ddacd1d,0,0,0,0,0,
20201217,FL,1149126,134511,6922831,6473,totalTestEncountersViral,14262140,5122,60077,,,,,,12/16/2020 23:59,2020-12-16T23:59:00Z,12/16 18:59,20594,60077,,2020-12-16T23:59:00Z,12700623,1492914,11150780,1014615,,,14262140,8071957,650372,71851,578113,630838,69600,560932,,,,,12,13102,46794,8078430,131562,8071957,,104,326,270eb493a0b98a2c6dde55195dc715eeb8382740,0,0,0,0,0,
20201216,FL,1136024,131014,6876037,6401,totalTestEncountersViral,14130578,5156,59751,,,,,,12/15/2020 23:59,2020-12-15T23:59:00Z,12/15 18:59,20490,59751,,2020-12-15T23:59:00Z,12586555,1476473,11053512,1005010,,,14130578,8012061,650372,71851,578113,630838,69600,560932,,,,,12,11282,39035,8018462,108401,8012061,,125,366,8b9a4371dac3f23d5b05862fb29198b4aba10166,0,0,0,0,0,
20201215,FL,1124742,126818,6837002,6331,totalTestEncountersViral,14022177,5103,59385,,,,,,12/14/2020 23:59,2020-12-14T23:59:00Z,12/14 18:59,20365,59385,,2020-12-14T23:59:00Z,12483418,1461780,10965359,997924,,,14022177,7961744,650372,71851,578113,630838,69600,560932,,,,,12,9296,34435,7968075,85977,7961744,,94,352,8fa0a64e528a598a1e60be350a9bf44f1340ccd5,0,0,0,0,0,
20201214,FL,1115446,123711,6802567,6248,totalTestEncountersViral,13936200,4932,59033,,,,,,12/13/2020 23:59,2020-12-13T23:59:00Z,12/13 18:59,20271,59033,,2020-12-13T23:59:00Z,12400733,1449377,10895327,991735,,,13936200,7918013,650372,71851,578113,630838,69600,560932,,,,,12,8343,32182,7924261,90729,7918013,,138,142,cd8df22e7ebeedb7ae56578d418b94800dc04eb0,0,0,0,0,0,
20201213,FL,1107103,121165,6770385,6259,totalTestEncountersViral,13845471,4687,58891,,,,,,12/12/2020 23:59,2020-12-12T23:59:00Z,12/12 18:59,20133,58891,,2020-12-12T23:59:00Z,12315782,1438282,10821719,985938,,,13845471,7877488,650372,71851,578113,630838,69600,560932,,,,,12,8762,29589,7883747,103473,7877488,,84,141,d78a9706f6b9403a376a2b339754ee10178ca0d2,0,0,0,0,0,
20201212,FL,1098341,118609,6740796,6242,totalTestEncountersViral,13741998,4509,58750,,,,,,12/11/2020 23:59,2020-12-11T23:59:00Z,12/11 18:59,20049,58750,,2020-12-11T23:59:00Z,12222564,1426016,10741096,979732,,,13741998,7839137,650372,71851,578113,630838,69600,560932,,,,,12,10385,41840,7845379,120432,7839137,,72,259,027e293dc15d0fc850185b2535ed3da71d85ca06,0,0,0,0,0,
20201211,FL,1087956,115546,6698956,6147,totalTestEncountersViral,13621566,4624,58491,,,,,,12/10/2020 23:59,2020-12-10T23:59:00Z,12/10 18:59,19977,58491,,2020-12-10T23:59:00Z,12120785,1412194,10653469,972410,,,13621566,7786912,650372,71851,578113,630838,69600,560932,,,,,12,11409,43768,7793059,131102,7786912,,126,265,164af0fbff58b1704658f6208fec05cffb7e10c4,0,0,0,0,0,
20201210,FL,1076547,112166,6655188,6115,totalTestEncountersViral,13490464,4553,58226,,,,,,12/9/2020 23:59,2020-12-09T23:59:00Z,12/09 18:59,19851,58226,,2020-12-09T23:59:00Z,12006691,1397473,10554421,964381,,,13490464,7731735,650372,71851,578113,630838,69600,560932,,,,,12,11071,48767,7737850,127033,7731735,,135,269,61da9f7a401420b1e1959f17d28592cb5df34236,0,0,0,0,0,
20201209,FL,1065476,108459,6606421,6114,totalTestEncountersViral,13363431,4559,57957,,,,,,12/8/2020 23:59,2020-12-08T23:59:00Z,12/08 18:59,19716,57957,,2020-12-08T23:59:00Z,11897186,1382676,10460024,957017,,,13363431,7671897,650372,71851,578113,630838,69600,560932,,,,,12,9411,38060,7678011,97815,7671897,,89,310,4d550e09ad7be12dcf4f943164e180d78e245a38,0,0,0,0,0,
20201208,FL,1056065,105731,6568361,6013,totalTestEncountersViral,13265616,4558,57647,,,,,,12/7/2020 23:59,2020-12-07T23:59:00Z,12/07 18:59,19627,57647,,2020-12-07T23:59:00Z,11814252,1371389,10388564,950334,,,13265616,7624426,650372,71851,578113,630838,69600,560932,,,,,12,7801,32172,7630439,89756,7624426,,98,307,f697a510fa638566ad7c17093257a40e0083ce65,0,0,0,0,0,
20201207,FL,1048264,102815,6536189,5914,totalTestEncountersViral,13175860,4495,57340,,,,,,12/6/2020 23:59,2020-12-06T23:59:00Z,12/06 18:59,19529,57340,,2020-12-06T23:59:00Z,11729834,1360895,10314978,945449,,,13175860,7584453,650372,71851,578113,630838,69600,560932,,,,,12,7537,30952,7590367,92339,7584453,,106,155,13678d8be26a8a864ce8c0a41b2ff9c25a7f54a6,0,0,0,0,0,
20201206,FL,1040727,100964,6505237,5892,totalTestEncountersViral,13083521,4400,57185,,,,,,12/5/2020 23:59,2020-12-05T23:59:00Z,12/05 18:59,19423,57185,,2020-12-05T23:59:00Z,11643081,1350646,10238741,939763,,,13083521,7545964,650372,71851,578113,630838,69600,560932,,,,,12,8175,41197,7551856,96582,7545964,,96,145,26f26b76260d6896c160947dd853c2e7f1616c1f,0,0,0,0,0,
20201205,FL,1032552,99027,6464040,5868,totalTestEncountersViral,12986939,4339,57040,,,,,,12/4/2020 23:59,2020-12-04T23:59:00Z,12/04 18:59,19327,57040,,2020-12-04T23:59:00Z,11556928,1339838,10163645,933525,,,12986939,7496592,650372,71851,578113,630838,69600,560932,,,,,12,10198,42210,7502460,129842,7496592,,91,231,0ae6de323e501475f2bda61b6644bcfc2e707855,0,0,0,0,0,
20201204,FL,1022354,96513,6421830,5824,totalTestEncountersViral,12857097,4334,56809,,,,,,12/3/2020 23:59,2020-12-03T23:59:00Z,12/03 18:59,19236,56809,,2020-12-03T23:59:00Z,11448922,1326319,10069429,925841,,,12857097,7444184,650372,71851,578113,630838,69600,560932,,,,,12,9898,45549,7450008,121877,7444184,,124,282,ca23547357545317c013529d2ab34adaae3f3308,0,0,0,0,0,
20201203,FL,1012456,94138,6376281,5771,totalTestEncountersViral,12735220,4286,56527,,,,,,12/2/2020 23:59,2020-12-02T23:59:00Z,12/02 18:59,19112,56527,,2020-12-02T23:59:00Z,11342534,1312789,9976965,918318,,,12735220,7388737,650372,71851,578113,630838,69600,560932,,,,,12,10656,39894,7394508,119339,7388737,,100,258,1044e4dd7438ac4c93a761d54a4846c328166b9a,0,0,0,0,0,
20201202,FL,1001800,91045,6336387,5701,totalTestEncountersViral,12615881,4248,56269,,,,,,12/1/2020 23:59,2020-12-01T23:59:00Z,12/01 18:59,19012,56269,,2020-12-01T23:59:00Z,11242214,1299132,9890498,910755,,,12615881,7338187,650372,71851,578113,630838,69600,560932,,,,,12,9890,40478,7343888,98399,7338187,,96,377,ade6ac54308b01c68c12394c8ee9930dab784338,0,0,0,0,0,
20201201,FL,991910,87556,6295909,5661,totalTestEncountersViral,12517482,4282,55892,,,,,,11/30/2020 23:59,2020-11-30T23:59:00Z,11/30 18:59,18916,55892,,2020-11-30T23:59:00Z,11152653,1286624,9813706,904354,,,12517482,7287819,650372,71851,578113,630838,69600,560932,,,,,12,8540,39477,7293480,89717,7287819,,82,338,1616299f84073829de0cde0ac12317651d77cb70,0,0,0,0,0,
20201130,FL,983370,84338,6256432,5566,totalTestEncountersViral,12427765,4159,55554,,,,,,11/29/2020 23:59,2020-11-29T23:59:00Z,11/29 18:59,18834,55554,,2020-11-29T23:59:00Z,11065634,1275384,9738224,899032,,,12427765,7239802,650372,71851,578113,630838,69600,560932,,,,,12,6426,29041,7245368,71417,7239802,,98,161,5496ee1be1e2327c8a00422d0e90a60d9b50077d,0,0,0,0,0,
20201129,FL,976944,82555,6227391,5544,totalTestEncountersViral,12356348,4059,55393,,,,,,11/28/2020 23:59,2020-11-28T23:59:00Z,11/28 18:59,18736,55393,,2020-11-28T23:59:00Z,10995577,1266562,9677126,894389,,,12356348,7204335,650372,71851,578113,630838,69600,560932,,,,,12,7131,30102,7209879,85090,7204335,,59,116,c565bc594f35aed8648d79da27249c4db54a8099,0,0,0,0,0,
20201128,FL,969813,80260,6197289,5512,totalTestEncountersViral,12271258,3918,55277,,,,,,11/27/2020 23:59,2020-11-27T23:59:00Z,11/27 18:59,18677,55277,,2020-11-27T23:59:00Z,10915409,1256914,9606840,889553,,,12271258,7167102,650372,71851,578113,630838,69600,560932,,,,,12,6062,30204,7172614,79276,7167102,,81,128,680f67f6abf1f4c1437e793fe92818cd7826be5c,0,0,0,0,0,
20201127,FL,963751,79532,6167085,5494,totalTestEncountersViral,12191982,3748,55149,,,,,,11/26/2020 23:59,2020-11-26T23:59:00Z,11/26 18:59,18596,55149,,2020-11-26T23:59:00Z,10851512,1248442,9551703,884219,,,12191982,7130836,650372,71851,578113,630838,69600,560932,,,,,12,16795,85406,7136330,242690,7130836,,114,336,8633b6ab73a959d7534a00395c3a4e723e71018e,0,0,0,0,0,
20201126,FL,946956,75055,6081679,5504,totalTestEncountersViral,11949292,3723,54813,,,,,,11/24/2020 23:59,2020-11-24T23:59:00Z,11/24 18:59,18482,54813,,2020-11-24T23:59:00Z,10640294,1225332,9364258,871901,,,11949292,7028635,624738,67208,557126,607025,65507,541211,,,,,12,0,0,7034139,0,7028635,,0,0,940536f8382d4203fcb7e78dc5febfb083204ed5,0,0,0,0,0,
20201125,FL,946956,75055,6081679,5504,totalTestEncountersViral,11949292,3723,54813,,,,,,11/24/2020 23:59,2020-11-24T23:59:00Z,11/24 18:59,18482,54813,,2020-11-24T23:59:00Z,10640294,1225332,9364258,871901,,,11949292,7028635,624738,67208,557126,607025,65507,541211,,,,,12,8126,38084,7034139,106585,7028635,,99,313,272e992eec617b011366cb0fc238bf8c538bfcaa,0,0,0,0,0,
20201124,FL,938830,72529,6043595,5450,totalTestEncountersViral,11842707,3780,54500,,,,,,11/23/2020 23:59,2020-11-23T23:59:00Z,11/23 18:59,18383,54500,,2020-11-23T23:59:00Z,10544172,1214279,9279441,866301,,,11842707,6982425,624738,67208,557126,607025,65507,541211,,,,,12,8102,45821,6987875,101987,6982425,,73,333,a05d47b9bcd42eb2e0aec6c209685ecbb201c739,0,0,0,0,0,
20201123,FL,930728,69868,5997774,5414,totalTestEncountersViral,11740720,3754,54167,,,,,,11/22/2020 23:59,2020-11-22T23:59:00Z,11/22 18:59,18310,54167,,2020-11-22T23:59:00Z,10445187,1202993,9192009,860860,,,11740720,6928502,624738,67208,557126,607025,65507,541211,,,,,12,6114,23987,6933916,79792,6928502,,96,100,9e90739b79bb7683c26433f50355cc3f9b4a6607,0,0,0,0,0,
20201122,FL,924614,67986,5973787,5420,totalTestEncountersViral,11660928,3613,54067,,,,,,11/21/2020 23:59,2020-11-21T23:59:00Z,11/21 18:59,18214,54067,,2020-11-21T23:59:00Z,10365370,1194646,9120724,856628,,,11660928,6898401,624738,67208,557126,607025,65507,541211,,,,,12,6374,41853,6903821,90769,6898401,,62,138,b5dec771ffd4c200f10818481fbfcec9f9eb8fb7,0,0,0,0,0,
20201121,FL,918240,66684,5931934,5485,totalTestEncountersViral,11570159,3396,53929,,,,,,11/20/2020 23:59,2020-11-20T23:59:00Z,11/20 18:59,18152,53929,,2020-11-20T23:59:00Z,10283135,1185730,9047644,851556,,,11570159,6850174,624738,67208,557126,607025,65507,541211,,,,,12,8175,39309,6855659,113698,6850174,,42,180,1573fc627ac34abbf437ddefc2091052f501276e,0,0,0,0,0,
20201120,FL,910065,64816,5892625,5399,totalTestEncountersViral,11456461,3439,53749,,,,,,11/19/2020 23:59,2020-11-19T23:59:00Z,11/19 18:59,18110,53749,,2020-11-19T23:59:00Z,10184036,1174714,8959851,845249,,,11456461,6802690,604369,64112,539858,587789,62540,524946,,,,,12,8831,38335,6808089,107865,6802690,,80,230,6780b6549bb3157d98b1c257ee496f1c4c4716ec,0,0,0,0,0,
20201119,FL,901234,62684,5854290,5328,totalTestEncountersViral,11348596,3380,53519,,,,,,11/18/2020 23:59,2020-11-18T23:59:00Z,11/18 18:59,18030,53519,,2020-11-18T23:59:00Z,10095680,1163367,8883148,838550,,,11348596,6755524,604369,64112,539858,587789,62540,524946,,,,,12,8882,41643,6760852,110691,6755524,,81,236,92bd5de812adf074a5070e55ab2a1a57b348c45a,0,0,0,0,0,
20201118,FL,892352,60331,5812647,5261,totalTestEncountersViral,11237905,3352,53283,,,,,,11/17/2020 23:59,2020-11-17T23:59:00Z,11/17 18:59,17949,53283,,2020-11-17T23:59:00Z,10006998,1152080,8806008,832021,,,11237905,6704999,604369,64112,539858,587789,62540,524946,,,,,12,7727,33734,6710260,87065,6704999,,88,317,52a89fba75fced1d7aa6ea542e7e08711857324c,0,0,0,0,0,
20201117,FL,884625,58051,5778913,5189,totalTestEncountersViral,11150840,3369,52966,,,,,,11/16/2020 23:59,2020-11-16T23:59:00Z,11/16 18:59,17861,52966,,2020-11-16T23:59:00Z,9928286,1142252,8737315,826574,,,11150840,6663538,604369,64112,539858,587789,62540,524946,,,,,12,7285,30776,6668727,77345,6663538,,86,317,cc51c0547d66f405bda9994a425dbc17762d0c33,0,0,0,0,0,
20201116,FL,877340,56103,5748137,5136,totalTestEncountersViral,11073495,3243,52649,,,,,,11/15/2020 23:59,2020-11-15T23:59:00Z,11/15 18:59,17775,52649,,2020-11-15T23:59:00Z,9857214,1132662,8676094,821237,,,11073495,6625477,604369,64112,539858,587789,62540,524946,,,,,12,4530,21642,6630613,51327,6625477,,41,120,a173f7f8add03b9f2345e1ffe8c71774cf9bfe42,0,0,0,0,0,
20201115,FL,872810,55411,5726495,5139,totalTestEncountersViral,11022168,3118,52529,,,,,,11/14/2020 23:59,2020-11-14T23:59:00Z,11/14 18:59,17734,52529,,2020-11-14T23:59:00Z,9807044,1126898,8631846,817399,,,11022168,6599305,604369,64112,539858,587789,62540,524946,,,,,12,9820,34533,6604444,122779,6599305,,30,88,1e8d088c168318df0d08d98da0fd33f04e53a07d,0,0,0,0,0,
20201114,FL,862990,51909,5691962,5138,totalTestEncountersViral,10899389,3151,52441,,,,,,11/13/2020 23:59,2020-11-13T23:59:00Z,11/13 18:59,17704,52441,,2020-11-13T23:59:00Z,9700441,1114105,8538245,811081,,,10899389,6554952,604369,64112,539858,587789,62540,524946,,,,,12,4405,27562,6560090,37613,6554952,,45,278,4127fe2fa9953516b2777294a98bf6eeb7520dda,0,0,0,0,0,
20201113,FL,858585,50614,5664400,5062,totalTestEncountersViral,10861776,3129,52163,,,,,,11/12/2020 23:59,2020-11-12T23:59:00Z,11/12 18:59,17659,52163,,2020-11-12T23:59:00Z,9664754,1108643,8508101,807971,,,10861776,6522985,594540,62323,531822,578706,60854,517552,,,,,12,6760,22512,6528047,78469,6522985,,74,271,201265391ae1e26770503e606f671b7020712c51,0,0,0,0,0,
20201112,FL,851825,48605,5641888,5012,totalTestEncountersViral,10783307,3062,51892,,,,,,11/11/2020 23:59,2020-11-11T23:59:00Z,11/11 18:59,17585,51892,,2020-11-11T23:59:00Z,9603298,1099871,8455602,803220,,,10783307,6493713,594540,62323,531822,578706,60854,517552,,,,,12,5504,21228,6498725,69004,6493713,,73,161,160b14f8cca84c26fda3f07006cf0789b9e7bf21,0,0,0,0,0,
20201111,FL,846321,47317,5620660,5019,totalTestEncountersViral,10714303,3056,51731,,,,,,11/10/2020 23:59,2020-11-10T23:59:00Z,11/10 18:59,17512,51731,,2020-11-10T23:59:00Z,9550764,1093112,8409994,799004,,,10714303,6466981,594540,62323,531822,578706,60854,517552,,,,,12,5669,27071,6472000,67377,6466981,,52,252,3ea55526e03f12683d5c3510ba08dfbc5c3045f2,0,0,0,0,0,
20201110,FL,840652,45792,5593589,4957,totalTestEncountersViral,10646926,3034,51479,,,,,,11/9/2020 23:59,2020-11-09T23:59:00Z,11/09 18:59,17460,51479,,2020-11-09T23:59:00Z,9493107,1085885,8359722,794860,,,10646926,6434241,594540,62323,531822,578706,60854,517552,,,,,12,4282,19829,6439198,46452,6434241,,69,283,87a1a3dacd113065df4bbb1514334d78ebdf8b2e,0,0,0,0,0,
20201109,FL,836370,44775,5573760,4905,totalTestEncountersViral,10600474,2902,51196,,,,,,11/8/2020 23:59,2020-11-08T23:59:00Z,11/08 18:59,17391,51196,,2020-11-08T23:59:00Z,9453819,1080510,8325942,791595,,,10600474,6410130,594540,62323,531822,578706,60854,517552,,,,,12,3845,16454,6415035,44970,6410130,,58,103,fb75d3cbf7f4eaef05b7ddc31a1739937819b1e7,0,0,0,0,0,
20201108,FL,832525,44258,5557306,4886,totalTestEncountersViral,10555504,2779,51093,,,,,,11/7/2020 23:59,2020-11-07T23:59:00Z,11/07 18:59,17333,51093,,2020-11-07T23:59:00Z,9413226,1075420,8290544,788267,,,10555504,6389831,594540,62323,531822,578706,60854,517552,,,,,12,6619,38183,6394717,101854,6389831,,22,64,26555f44e62e5a380422e99ef8266074bd3d2872,0,0,0,0,0,
20201107,FL,825906,43003,5519123,4867,totalTestEncountersViral,10453650,2672,51029,,,,,,11/6/2020 23:59,2020-11-06T23:59:00Z,11/06 18:59,17311,51029,,2020-11-06T23:59:00Z,9332790,1066849,8218897,782903,,,10453650,6345029,594540,62323,531822,578706,60854,517552,,,,,12,4380,14673,6349896,48304,6345029,,87,161,eb17380ca7fc9d01da22dfa900d9f02683031edb,0,0,0,0,0,
20201106,FL,821526,41864,5504450,4789,totalTestEncountersViral,10405346,2564,50868,,,,,,11/5/2020 23:59,2020-11-05T23:59:00Z,11/05 18:59,17224,50868,,2020-11-05T23:59:00Z,9288035,1061448,8179656,779662,,,10405346,6325976,594540,62323,531822,578706,60854,517552,,,,,12,5150,29721,6330765,76349,6325976,,54,198,9d1da1495c9a74d37e3fa9ead6c4f3483e657cc6,0,0,0,0,0,
20201105,FL,816376,40426,5474729,4724,totalTestEncountersViral,10328997,2523,50670,,,,,,11/4/2020 23:59,2020-11-04T23:59:00Z,11/04 18:59,17170,50670,,2020-11-04T23:59:00Z,9228473,1055010,8126664,775950,,,10328997,6291105,586749,60753,525620,569222,59014,509924,,,,,12,6120,37818,6295829,92039,6291105,,39,191,9c232783abef2795f2f1c871c51f0c2fcc5808cf,0,0,0,0,0,
20201104,FL,810256,38892,5436911,4676,totalTestEncountersViral,10236958,2489,50479,,,,,,11/3/2020 23:59,2020-11-03T23:59:00Z,11/03 18:59,17131,50479,,2020-11-03T23:59:00Z,9156482,1047159,8062691,771364,,,10236958,6247167,586749,60753,525620,569222,59014,509924,,,,,12,4332,17075,6251843,54498,6247167,,32,181,6881fcc032cbacac5adc91b383aba31ef255fd28,0,0,0,0,0,
20201103,FL,805924,37795,5419836,4615,totalTestEncountersViral,10182460,2486,50298,,,,,,11/2/2020 23:59,2020-11-02T23:59:00Z,11/02 18:59,17099,50298,,2020-11-02T23:59:00Z,9131763,1043239,8042023,768129,,,10182460,6225760,586749,60753,525620,569222,59014,509924,,,,,12,4553,20822,6230375,55696,6225760,,56,235,0c35f7b9a61d3ebd1c0c75ee612c4ecec6e3297a,0,0,0,0,0,
20201102,FL,801371,36543,5399014,4570,totalTestEncountersViral,10126764,2474,50063,,,,,,11/1/2020 23:59,2020-11-01T23:59:00Z,11/01 18:59,17043,50063,,2020-11-01T23:59:00Z,9122796,1043586,8032771,764828,,,10126764,6200385,586749,60753,525620,569222,59014,509924,,,,,12,4569,19925,6204955,39866,6200385,,46,82,45a00d82f95d955f630cceb5a64244e917353a94,0,0,0,0,0,
20201101,FL,796802,34128,5379089,4556,totalTestEncountersViral,10086898,2370,49981,,,,,,10/31/2020 23:59,2020-10-31T23:59:00Z,10/31 19:59,16997,49981,,2020-10-31T23:59:00Z,9082827,1039916,7996560,762674,,,10086898,6175891,586749,60753,525620,569222,59014,509924,,,,,12,4805,44294,6180447,107550,6175891,,28,67,b9899f999bc59351f50754a6b7f90b2f32b064f8,0,0,0,0,0,
20201031,FL,791997,34559,5334795,4592,totalTestEncountersViral,9979348,2297,49914,,,,,,10/30/2020 23:59,2020-10-30T23:59:00Z,10/30 19:59,16969,49914,,2020-10-30T23:59:00Z,8987650,1031299,7910274,757438,,,9979348,6126792,586749,60753,525620,569222,59014,509924,,,,,12,2283,50628,6131384,35722,6126792,,42,156,fa298074c088260f7f324c180df23f30422c767c,0,0,0,0,0,
20201030,FL,789714,33965,5284167,4578,totalTestEncountersViral,9943626,2356,49758,,,,,,10/29/2020 23:59,2020-10-29T23:59:00Z,10/29 19:59,16927,49758,,2020-10-29T23:59:00Z,8959108,1028626,7884446,755749,,,9943626,6073881,574229,58365,515517,558367,56856,501250,,,,,12,5383,0,6078459,88022,6073881,,73,178,1d4813d385f5b2773a1d639b0da5b652e1875a13,0,0,0,0,0,
20201029,FL,784331,32774,5284167,4579,totalTestEncountersViral,9855604,2347,49580,,,,,,10/28/2020 23:59,2020-10-28T23:59:00Z,10/28 19:59,16854,49580,,2020-10-28T23:59:00Z,8882061,1021507,7814747,751557,,,9855604,6068498,574229,58365,515517,558367,56856,501250,,,,,12,4111,34210,6073077,81412,6068498,,79,291,bccb53cf39163a9910d38ac7281c8b948d29aac2,0,0,0,0,0,
20201028,FL,780220,31643,5249957,4545,totalTestEncountersViral,9774192,2340,49289,,,,,,10/27/2020 23:59,2020-10-27T23:59:00Z,10/27 19:59,16775,49289,,2020-10-27T23:59:00Z,8816429,1016138,7754583,748577,,,9774192,6030177,574229,58365,515517,558367,56856,501250,,,,,12,4005,34534,6034722,70701,6030177,,66,212,a4f18386a8fd21b9820e513df29c9a5a5bfb4ae9,0,0,0,0,0,
20201027,FL,776215,30386,5215423,4534,totalTestEncountersViral,9703491,2316,49077,,,,,,10/26/2020 23:59,2020-10-26T23:59:00Z,10/26 19:59,16709,49077,,2020-10-26T23:59:00Z,8759147,1011016,7702522,745829,,,9703491,5991638,539844,51923,487730,526404,50676,475588,,,,,12,4226,12687,5996172,64541,5991638,,57,235,ed49a92db8d36419b14e938d0f5c933504041eb5,0,0,0,0,0,
20201026,FL,771989,29401,5202736,4497,totalTestEncountersViral,9638950,2258,48842,,,,,,10/25/2020 23:59,2020-10-25T23:59:00Z,10/25 19:59,16652,48842,,2020-10-25T23:59:00Z,8704355,1005534,7653423,742588,,,9638950,5969240,539844,51923,487730,526404,50676,475588,,,,,12,3336,28649,5979222,56560,5974725,,20,76,ba5d9bb664cb6e018cbe512145c5631a61bea7ba,0,0,0,0,0,
20201025,FL,768653,28889,5174087,4532,totalTestEncountersViral,9582390,2219,48766,,,,,,10/24/2020 23:59,2020-10-24T23:59:00Z,10/24 19:59,16632,48766,,2020-10-24T23:59:00Z,8657522,1001127,7611074,739764,,,9582390,5937266,539844,51923,487730,526404,50676,475588,,,,,12,2348,12277,5947272,50215,5942740,,12,82,85e5aa04ee1b800d0f788215f505b0066561d400,0,0,0,0,0,
20201024,FL,766305,28470,5161810,4522,totalTestEncountersViral,9532175,2162,48684,,,,,,10/23/2020 23:59,2020-10-23T23:59:00Z,10/23 19:59,16620,48684,,2020-10-23T23:59:00Z,8618680,998106,7575340,737835,,,9532175,5922634,539844,51923,487730,526404,50676,475588,,,,,12,4381,67838,5932637,120483,5928115,,76,174,e694acda7c219679e325c979bf7ecfa27a9188df,0,0,0,0,0,
20201023,FL,761924,27716,5093972,4477,totalTestEncountersViral,9411692,2114,48510,,,,,,10/22/2020 23:59,2020-10-22T23:59:00Z,10/22 19:59,16544,48510,,2020-10-22T23:59:00Z,8522644,992669,7484952,734208,,,9411692,5850390,539844,51923,487730,526404,50676,475588,,,,,12,3618,40124,5860373,92812,5855896,,74,190,16eed40dd4f99506911943022a9df9a35f832b7f,0,0,0,0,0,
20201022,FL,758306,26846,5053848,4460,totalTestEncountersViral,9318880,2074,48320,,,,,,10/21/2020 23:59,2020-10-21T23:59:00Z,10/21 19:59,16470,48320,,2020-10-21T23:59:00Z,8453122,988033,7420252,731460,,,9318880,5806641,539844,51923,487730,526404,50676,475588,,,,,12,5461,46290,5816614,97356,5812154,,162,425,cb803269bedc1c3ef7fa552977cd8a3fc2c1f58a,0,0,0,0,0,
20201021,FL,752845,25856,5007558,4378,totalTestEncountersViral,9221524,2125,47895,,,,,,10/20/2020 23:59,2020-10-20T23:59:00Z,10/20 19:59,16308,47895,,2020-10-20T23:59:00Z,8384437,980858,7358921,726989,,,9221524,5763829,539844,51923,487730,526404,50676,475588,,,,,12,2106,0,5764781,31901,5760403,,0,0,c0f49e3ccea060c6899867bf058874bff4830fae,0,0,0,0,0,
20201020,FL,750739,25168,5007558,4378,totalTestEncountersViral,9189623,2094,47895,,,,,,10/19/2020 23:59,2020-10-19T23:59:00Z,10/19 19:59,16308,47895,,2020-10-19T23:59:00Z,8357405,978150,7334681,725571,,,9189623,5752796,539844,51923,487730,526404,50676,475588,,,,,12,3556,25002,5762675,58302,5758297,,86,231,68a42995278ee6a7f277f48c2a2bbc949b784243,0,0,0,0,0,
20201019,FL,747183,24557,4982556,4340,totalTestEncountersViral,9131321,2057,47664,,,,,,10/18/2020 23:59,2020-10-18T23:59:00Z,10/18 19:59,16222,47664,,2020-10-18T23:59:00Z,8308895,973367,7291080,722626,,,9131321,5724215,539844,51923,487730,526404,50676,475588,,,,,12,1691,15184,5734079,36064,5729739,,54,72,1d0822cf807590088c0cce73f180be1bbbd3fdbd,0,0,0,0,0,
20201018,FL,745492,24374,4967372,4321,totalTestEncountersViral,9095257,2005,47592,,,,,,10/17/2020 23:59,2020-10-17T23:59:00Z,10/17 19:59,16168,47592,,2020-10-17T23:59:00Z,8277870,971097,7262384,721118,,,9095257,5689110,539844,51923,487730,526404,50676,475588,,,,,12,2474,15753,5717185,53114,5712864,,50,79,4835dc00e465b3f5c23589f892996481c07b69ab,0,0,0,0,0,
20201017,FL,743018,24102,4951619,4326,totalTestEncountersViral,9042143,2031,47513,,,,,,10/16/2020 23:59,2020-10-16T23:59:00Z,10/16 19:59,16118,47513,,2020-10-16T23:59:00Z,8238315,967848,7226175,718916,,,9042143,5689110,539844,51923,487730,526404,50676,475588,,,,,12,3968,26371,5698963,76807,5694637,,88,117,2f30c2e776d72903380ab9356cc8f2ef19751d7f,0,0,0,0,0,
20201016,FL,739050,23558,4925248,4286,totalTestEncountersViral,8965336,2083,47396,,,,,,10/15/2020 23:59,2020-10-15T23:59:00Z,10/15 19:59,16030,47396,,2020-10-15T23:59:00Z,8180183,962813,7173295,715492,,,8965336,5658780,539844,51923,487730,526404,50676,475588,,,,,12,3365,26715,5668584,77646,5664298,,98,173,c71e4e2b76a45c4bc13bb87e527bd4d6aab647be,0,0,0,0,0,
20201015,FL,735685,22897,4898533,4291,totalTestEncountersViral,8887690,2119,47223,,,,,,10/14/2020 23:59,2020-10-14T23:59:00Z,10/14 19:59,15932,47223,,2020-10-14T23:59:00Z,8129895,958498,7127425,712788,,,8887690,5628675,539844,51923,487730,526404,50676,475588,,,,,12,3286,24918,5638509,63585,5634218,,144,212,4d790d7b004109e9e6b270802d87d9989be5bc95,0,0,0,0,0,
20201014,FL,732399,22235,4873615,4298,totalTestEncountersViral,8824105,2155,47011,,,,,,10/13/2020 23:59,2020-10-13T23:59:00Z,10/13 19:59,15788,47011,,2020-10-13T23:59:00Z,8083092,954232,7084988,710164,,,8824105,5600469,539844,51923,487730,526404,50676,475588,,,,,12,2808,18940,5610312,52615,5606014,,66,258,58905e8576c83cd162218098ed24522e89207cf1,0,0,0,0,0,
20201013,FL,729591,21581,4854675,4301,totalTestEncountersViral,8771490,2127,46753,,,,,,10/12/2020 23:59,2020-10-12T23:59:00Z,10/12 19:59,15722,46753,,2020-10-12T23:59:00Z,8042762,950606,7048383,708010,,,8771490,5578731,539844,51923,487730,526404,50676,475588,,,,,12,2657,23416,5588567,53779,5584266,,123,212,a0d3dcc1aed829ccfeeec80b34a4386a08bc1988,0,0,0,0,0,
20201012,FL,726934,21184,4831259,4227,totalTestEncountersViral,8717711,2206,46541,,,,,,10/11/2020 23:59,2020-10-11T23:59:00Z,10/11 19:59,15599,46541,,2020-10-11T23:59:00Z,7999103,947094,7008414,705750,,,8717711,5552679,539844,51923,487730,526404,50676,475588,,,,,12,1519,15219,5562420,36802,5558193,,47,91,e92796c0dfa6f5511b9e13c6197564c88a034e52,0,0,0,0,0,
20201011,FL,725415,21017,4816040,4215,totalTestEncountersViral,8680909,2123,46450,,,,,,10/10/2020 23:59,2020-10-10T23:59:00Z,10/10 19:59,15552,46450,,2020-10-10T23:59:00Z,7967703,945112,6979043,704398,,,8680909,5535937,539844,51923,487730,526404,50676,475588,,,,,12,5414,26799,5545670,105804,5541455,,180,249,73ef1fcd2314ada6517f58fc8dd4e4e11046b79e,0,0,0,0,0,
20201010,FL,720001,20267,4789241,4176,totalTestEncountersViral,8575105,2077,46201,,,,,,10/8/2020 23:59,2020-10-08T23:59:00Z,10/08 19:59,15372,46201,,2020-10-08T23:59:00Z,7876609,938197,6895066,699734,,,8575105,5503775,539844,51923,487730,526404,50676,475588,,,,,12,0,0,5513418,22523,5509242,,0,0,740aee2568425a001205a06f302c705f3c9e2991,0,0,0,0,0,
20201009,FL,720001,20267,4789241,4176,totalTestEncountersViral,8552582,2143,46201,,,,,,10/8/2020 23:59,2020-10-08T23:59:00Z,10/08 19:59,15372,46201,,2020-10-08T23:59:00Z,7876609,938197,6895066,699734,,,8552582,5503775,539844,51923,487730,526404,50676,475588,,,,,12,2853,25496,5513418,69642,5509242,,118,196,9ad282f794ffb51b77ac126b6c98c5708ca8444c,0,0,0,0,0,
20201008,FL,717148,19960,4763745,4134,totalTestEncountersViral,8482940,2141,46005,,,,,,10/7/2020 23:59,2020-10-07T23:59:00Z,10/07 19:59,15254,46005,,2020-10-07T23:59:00Z,7828266,934530,6850539,697188,,,8482940,5475395,539844,51923,487730,526404,50676,475588,,,,,12,3246,26741,5485027,71411,5480893,,170,228,9243bf94ed17ced242d47194460bdc6414a612f5,0,0,0,0,0,
20201007,FL,713902,19541,4737004,4092,totalTestEncountersViral,8411529,2121,45777,,,,,,10/6/2020 23:59,2020-10-06T23:59:00Z,10/06 19:59,15084,45777,,2020-10-06T23:59:00Z,7778257,930493,6804700,694361,,,8411529,5445417,539844,51923,487730,526404,50676,475588,,,,,12,2544,23551,5454998,60824,5450906,,139,258,60931ee463d65e3dc7bfb084a1715191f34ada76,0,0,0,0,0,
20201006,FL,711358,19023,4713453,4085,totalTestEncountersViral,8350705,2151,45519,,,,,,10/5/2020 23:59,2020-10-05T23:59:00Z,10/05 19:59,14945,45519,,2020-10-05T23:59:00Z,7734181,927148,6764112,692335,,,8350705,5419343,528773,49819,478794,516042,48639,467286,,,,,12,2201,18644,5428896,42993,5424811,,59,237,1dde1ebc57b97e9e8bb746d7be9e5edff18f3911,0,0,0,0,0,
20201005,FL,709157,18553,4694809,4063,totalTestEncountersViral,8307712,2118,45282,,,,,,10/4/2020 23:59,2020-10-04T23:59:00Z,10/04 19:59,14886,45282,,2020-10-04T23:59:00Z,7698475,924053,6731612,690604,,,8307712,5398488,528773,49819,478794,516042,48639,467286,,,,,12,1406,14394,5408029,35365,5403966,,41,67,85c917d56d068d03fd07091caef25f0bbd8c4c89,0,0,0,0,0,
20201004,FL,707751,18498,4680415,4053,totalTestEncountersViral,8272347,2040,45215,,,,,,10/3/2020 23:59,2020-10-03T23:59:00Z,10/03 19:59,14845,45215,,2020-10-03T23:59:00Z,7669111,922273,6704124,689253,,,8272347,5362326,528773,49819,478794,516042,48639,467286,,,,,12,1786,18547,5392219,49430,5388166,,42,64,a48e8b0610ef9acc7509cac61281ab226a78e3e2,0,0,0,0,0,
20201003,FL,705965,18265,4661868,4052,totalTestEncountersViral,8222917,2037,45151,,,,,,10/2/2020 23:59,2020-10-02T23:59:00Z,10/02 19:59,14803,45151,,2020-10-02T23:59:00Z,7635461,919782,6673069,687700,,,8222917,5362516,528773,49819,478794,516042,48639,467286,,,,,12,2753,22151,5371885,58250,5367833,,73,160,1bb21a83c99775ddce07e96c8a2f447fc09c1fb2,0,0,0,0,0,
20201002,FL,703212,17832,4639717,4024,totalTestEncountersViral,8164667,2056,44991,,,,,,10/1/2020 23:59,2020-10-01T23:59:00Z,10/01 19:59,14730,44991,,2020-10-01T23:59:00Z,7593083,916241,6634374,685380,,,8164667,5311806,528773,49819,478794,516042,48639,467286,,,,,12,2610,23026,5346953,70613,5342929,,111,170,c977b985adf045d29d928ab9c2ae18d38e01bbdf,0,0,0,0,0,
20201001,FL,700602,17454,4616691,3986,totalTestEncountersViral,8094054,2080,44821,,,,,,9/30/2020 23:59,2020-09-30T23:59:00Z,09/30 19:59,14619,44821,,2020-09-30T23:59:00Z,7548520,912821,6593392,683148,,,8094054,5311806,528773,49819,478794,516042,48639,467286,,,,,12,2551,22023,5321279,59906,5317293,,131,213,f5b491594b639bc5a10f4c74a42aeda08759e6d9,0,0,0,0,0,
20200930,FL,698051,16922,4594668,3980,totalTestEncountersViral,8034148,2097,44608,,,,,,9/29/2020 23:59,2020-09-29T23:59:00Z,09/29 19:59,14488,44608,,2020-09-29T23:59:00Z,7507015,909158,6555737,681129,,,8034148,5287218,505164,45080,460024,493810,44075,449702,,,,,12,1880,9120,5296699,40727,5292719,,175,253,d9dade89c4429e52acaf3997f01988e1483587fa,0,0,0,0,0,
20200929,FL,696171,16658,4585548,3981,totalTestEncountersViral,7993421,2174,44355,,,,,,9/28/2020 23:59,2020-09-28T23:59:00Z,09/28 19:59,14313,44355,,2020-09-28T23:59:00Z,7479186,906707,6530457,679513,,,7993421,5276220,505164,45080,460024,493810,44075,449702,,,,,12,3209,25178,5285700,64222,5281719,,106,252,12eb7284ae95792980e55e932d2c7f1e88b4de88,0,0,0,0,0,
20200928,FL,692962,16250,4560370,4002,totalTestEncountersViral,7929199,2122,44103,,,,,,9/27/2020 23:59,2020-09-27T23:59:00Z,09/27 19:59,14207,44103,,2020-09-27T23:59:00Z,7429896,902486,6485581,676712,,,7929199,5247825,505164,45080,460024,493810,44075,449702,,,,,12,728,7493,5257334,19004,5253332,,5,73,5235214cd2a6568641d9ceeb059ba53d59914870,0,0,0,0,0,
20200927,FL,692234,16201,4552877,4001,totalTestEncountersViral,7910195,2103,44030,,,,,,9/26/2020 23:59,2020-09-26T23:59:00Z,09/26 19:59,14202,44030,,2020-09-26T23:59:00Z,7414619,901475,6471344,676033,,,7910195,5239619,505164,45080,460024,493810,44075,449702,,,,,12,1847,16552,5249112,45268,5245111,,12,66,d697dc50942bb680c4d2ba61f4365310342dc311,0,0,0,0,0,
20200926,FL,690387,16057,4536325,4001,totalTestEncountersViral,7864927,2099,43964,,,,,,9/25/2020 23:59,2020-09-25T23:59:00Z,09/25 19:59,14190,43964,,2020-09-25T23:59:00Z,7383930,899158,6443064,674330,,,7864927,5221217,505164,45080,460024,493810,44075,449702,,,,,12,2731,26218,5230713,66440,5226712,,107,171,c27d0d09199f9ecea60e4f93dc7e0a54e8e8ad92,0,0,0,0,0,
20200925,FL,687656,15747,4510107,3987,totalTestEncountersViral,7798487,2121,43793,,,,,,9/23/2020 23:59,2020-09-23T23:59:00Z,09/23 19:59,14083,43793,,2020-09-23T23:59:00Z,7334687,895592,6397559,671909,,,7798487,5192258,505164,45080,460024,493810,44075,449702,,,,,12,2809,23648,5201750,65615,5197763,,122,172,9d0ff536d03a2534c2c48c8dffb891203a9ddd5e,0,0,0,0,0,
20200924,FL,684847,15391,4486459,4001,totalTestEncountersViral,7732872,2169,43621,,,,,,9/23/2020 23:59,2020-09-23T23:59:00Z,09/23 19:59,13961,43621,,2020-09-23T23:59:00Z,7289544,892098,6356072,669456,,,7732872,5165815,505164,45080,460024,493810,44075,449702,,,,,12,2477,20978,5175307,58096,5171306,,179,188,8a61629de2307785f989401616c1aab6a54af9e1,0,0,0,0,0,
20200923,FL,682370,15029,4465481,3965,totalTestEncountersViral,7674776,2254,43433,,,,,,9/22/2020 23:59,2020-09-22T23:59:00Z,09/22 19:59,13782,43433,,2020-09-22T23:59:00Z,7248950,888751,6318956,667341,,,7674776,5142356,505164,45080,460024,493810,44075,449702,,,,,12,2594,21048,5151816,48926,5147851,,203,172,a402733fd63b71e5d526ebea8f1efe9481cd22b6,0,0,0,0,0,
20200922,FL,679776,14582,4444433,3950,totalTestEncountersViral,7625850,2319,43261,,,,,,9/21/2020 23:59,2020-09-21T23:59:00Z,09/21 19:59,13579,43261,,2020-09-21T23:59:00Z,7209122,885350,6282680,665194,,,7625850,5118720,505164,45080,460024,493810,44075,449702,,,,,12,2414,16612,5128159,40522,5124209,,99,228,4e5211dfa6c65467a2fc465a1408c38ea57dc789,0,0,0,0,0,
20200921,FL,677362,14190,4427821,3865,totalTestEncountersViral,7585328,2266,43033,,,,,,9/19/2020 23:59,2020-09-19T23:59:00Z,09/19 19:59,13480,43033,,2020-09-19T23:59:00Z,7175080,882212,6251909,663172,,,7585328,5099693,505164,45080,460024,493810,44075,449702,,,,,12,1671,16486,5109048,38280,5105183,,21,94,76a6d22c7ed4458cded2a9fb30a19fee07e0ca8a,0,0,0,0,0,
20200920,FL,675691,14185,4411335,3871,totalTestEncountersViral,7547048,2292,42939,,,,,,9/19/2020 23:59,2020-09-19T23:59:00Z,09/19 19:59,13459,42939,,2020-09-19T23:59:00Z,7142713,879887,6222032,661506,,,7547048,5054955,446669,34738,411877,437913,34017,403867,,,,,12,2497,24014,5090897,53474,5087026,,9,81,a3eb7fb4a245f68976bde5930e2865c6963b4b20,0,0,0,0,0,
20200919,FL,673194,14047,4387321,3893,totalTestEncountersViral,7493574,2266,42858,,,,,,9/18/2020 23:59,2020-09-18T23:59:00Z,09/18 19:59,13450,42858,,2020-09-18T23:59:00Z,7100176,876603,6182971,659147,,,7493574,5054955,446669,34738,411877,437913,34017,403867,,,,,12,3510,26720,5064408,78220,5060515,,63,143,f9dcac6321d01a43749bf789c6400008a86d1373,0,0,0,0,0,
20200918,FL,669684,13708,4360601,3870,totalTestEncountersViral,7415354,2383,42715,,,,,,9/17/2020 23:59,2020-09-17T23:59:00Z,09/17 19:59,13387,42715,,2020-09-17T23:59:00Z,7049372,872145,6136843,655976,,,7415354,5024730,446669,34738,411877,437913,34017,403867,,,,,12,3177,24084,5034155,76142,5030285,,140,190,0d90a15bae87d295800dd8f09d9eb732ffb53123,0,0,0,0,0,
20200917,FL,666507,13418,4336517,3817,totalTestEncountersViral,7339212,2385,42525,,,,,,9/16/2020 23:59,2020-09-16T23:59:00Z,09/16 19:59,13247,42525,,2020-09-16T23:59:00Z,7003515,868101,6095243,653089,,,7339212,4997489,446669,34738,411877,437913,34017,403867,,,,,12,3273,23695,5006841,73203,5003024,,147,198,0f4b9f5a029cd50618f14436136c6031c804df22,0,0,0,0,0,
20200916,FL,663234,13049,4312822,3793,totalTestEncountersViral,7266009,2464,42327,,,,,,9/15/2020 23:59,2020-09-15T23:59:00Z,09/15 19:59,13100,42327,,2020-09-15T23:59:00Z,6958326,864052,6054308,650185,,,7266009,4970495,446669,34738,411877,437913,34017,403867,,,,,12,2288,12821,4979849,51573,4976056,,154,200,e6f12a5638c2c642dd0cf7bba079401e47a0be02,0,0,0,0,0,
20200915,FL,660946,12667,4300001,3760,totalTestEncountersViral,7214436,2574,42127,,,,,,9/14/2020 23:59,2020-09-14T23:59:00Z,09/14 19:59,12946,42127,,2020-09-14T23:59:00Z,6928032,861098,6027117,648279,,,7214436,4955265,446669,34738,411877,437913,34017,403867,,,,,12,2743,24723,4964707,63096,4960947,,146,281,3cfd25694f5ed26ac291b67ca2893e8351d08d90,0,0,0,0,0,
20200914,FL,658203,12404,4275278,3714,totalTestEncountersViral,7151340,2637,41846,,,,,,9/13/2020 23:59,2020-09-13T23:59:00Z,09/13 19:59,12800,41846,,2020-09-13T23:59:00Z,6884994,857173,5988176,645799,,,7151340,4927775,446669,34738,411877,437913,34017,403867,,,,,12,1718,15342,4937195,46031,4933481,,36,77,679719c957a793f52ac5d3343e85858702df9c16,0,0,0,0,0,
20200913,FL,656485,12305,4259936,3696,totalTestEncountersViral,7105309,2631,41769,,,,,,9/12/2020 23:59,2020-09-12T23:59:00Z,09/12 19:59,12764,41769,,2020-09-12T23:59:00Z,6855793,854899,5961411,644180,,,7105309,4910702,446669,34738,411877,437913,34017,403867,,,,,12,2395,19827,4920117,56042,4916421,,8,82,4bddd435cb4d527cd40590b390df1116750011c7,0,0,0,0,0,
20200912,FL,654090,12226,4240109,3676,totalTestEncountersViral,7049267,2683,41687,,,,,,9/11/2020 23:59,2020-09-11T23:59:00Z,09/11 19:59,12756,41687,,2020-09-11T23:59:00Z,6818027,851937,5926779,641864,,,7049267,4888491,446669,34738,411877,437913,34017,403867,,,,,12,3168,21734,4897875,71355,4894199,,98,193,f42a115ed23cea04c609fdef802cfb3ee3c4d971,0,0,0,0,0,
20200911,FL,650922,11798,4218375,3617,totalTestEncountersViral,6977912,2815,41494,,,,,,9/10/2020 23:59,2020-09-10T23:59:00Z,09/10 19:59,12658,41494,,2020-09-10T23:59:00Z,6775044,847950,5888216,639124,,,6977912,4863570,446669,34738,411877,437913,34017,403867,,,,,12,3604,22847,4872914,66136,4869297,,176,215,7c2a6caf2463b1e4cdb4854dae9176801b57cb6a,0,0,0,0,0,
20200910,FL,647318,11408,4195528,3570,totalTestEncountersViral,6911776,2896,41279,,,,,,9/9/2020 23:59,2020-09-09T23:59:00Z,09/09 19:59,12482,41279,,2020-09-09T23:59:00Z,6730958,843542,5848754,635910,,,6911776,4837107,446669,34738,411877,437913,34017,403867,,,,,12,2537,16428,4846416,45837,4842846,,213,294,63d3b959fae0067884fb08e0d4a8dfbdef20c3ac,0,0,0,0,0,
20200909,FL,644781,10994,4179100,3557,totalTestEncountersViral,6865939,3077,40985,,,,,,9/8/2020 23:59,2020-09-08T23:59:00Z,09/08 19:59,12269,40985,,2020-09-08T23:59:00Z,6697687,840250,5818991,633787,,,6865939,4818178,446669,34738,411877,437913,34017,403867,,,,,12,2006,12319,4827438,38874,4823881,,202,324,f89a261bebe646a44e04684b5ffc96c7608f7efc,0,0,0,0,0,
20200908,FL,642775,10629,4166781,3526,totalTestEncountersViral,6827065,3155,40661,,,,,,9/7/2020 23:59,2020-09-07T23:59:00Z,09/07 19:59,12067,40661,,2020-09-07T23:59:00Z,6667691,837246,5792121,632146,,,6827065,4803934,446669,34738,411877,437913,34017,403867,,,,,12,1797,13366,4813082,36334,4809556,,44,114,a45e7b2f03b0dd774b05915b72633f9a4ef2972a,0,0,0,0,0,
20200907,FL,640978,10499,4153415,3538,totalTestEncountersViral,6790731,3157,40547,,,,,,9/6/2020 23:59,2020-09-06T23:59:00Z,09/06 19:59,12023,40547,,2020-09-06T23:59:00Z,6642061,834866,5769019,630479,,,6790731,4788781,446669,34738,411877,437913,34017,403867,,,,,12,1812,15076,4797931,40794,4794393,,22,60,974b335adb7ab08893f3a938d1cec325d456e521,0,0,0,0,0,
20200906,FL,639166,10435,4138339,3524,totalTestEncountersViral,6749937,3167,40487,,,,,,9/5/2020 23:59,2020-09-05T23:59:00Z,09/05 19:59,12001,40487,,2020-09-05T23:59:00Z,6612703,832459,5742293,628731,,,6749937,4750980,446669,34738,411877,437913,34017,403867,,,,,12,2513,18399,4781029,49967,4777505,,38,114,be8aea72468a88e8c75d720f8cc27e9edb7e8138,0,0,0,0,0,
20200905,FL,636653,10277,4119940,3577,totalTestEncountersViral,6699970,3229,40373,,,,,,9/4/2020 23:59,2020-09-04T23:59:00Z,09/04 19:59,11963,40373,,2020-09-04T23:59:00Z,6579765,829243,5712716,626376,,,6699970,4750980,446669,34738,411877,437913,34017,403867,,,,,12,3593,20144,4760170,61498,4756593,,60,246,b780a75a50ccc38822bea386a82f9ba3fbf4d1b7,0,0,0,0,0,
20200904,FL,633060,9900,4099796,3557,totalTestEncountersViral,6638472,3360,40127,,,,,,9/3/2020 23:59,2020-09-03T23:59:00Z,09/03 19:59,11903,40127,,2020-09-03T23:59:00Z,6538991,824418,5677015,623160,,,6638472,4727240,446669,34738,411877,437913,34017,403867,,,,,12,3147,19113,4736413,62489,4732856,,103,243,7caf02781324bdada91d45afa7ba1ff5c78c7455,0,0,0,0,0,
20200903,FL,629913,9581,4080683,3509,totalTestEncountersViral,6575983,3438,39884,,,,,,9/2/2020 23:59,2020-09-02T23:59:00Z,09/02 19:59,11800,39884,,2020-09-02T23:59:00Z,6499749,820290,5642186,620332,,,6575983,4704959,446669,34738,411877,437913,34017,403867,,,,,12,3487,20323,4714105,57417,4710596,,149,273,8425ef2c51fc593bc28e7aefbb9f6399aaecfb42,0,0,0,0,0,
20200902,FL,626426,9193,4060360,3515,totalTestEncountersViral,6518566,3511,39611,,,,,,9/1/2020 23:59,2020-09-01T23:59:00Z,09/01 19:59,11651,39611,,2020-09-01T23:59:00Z,6461035,815752,5608276,617233,,,6518566,4681135,446669,34738,411877,437913,34017,403867,,,,,12,2310,15534,4690301,44016,4686786,,130,300,025cf05a2ff5cee90f23b6b7b52934112cdc5631,0,0,0,0,0,
20200901,FL,624116,8876,4044826,3459,totalTestEncountersViral,6474550,3623,39311,,,,,,8/31/2020 23:59,2020-08-31T23:59:00Z,08/31 19:59,11521,39311,,2020-08-31T23:59:00Z,6428982,812402,5579764,615240,,,6474550,4663302,446669,34738,411877,437913,34017,403867,,,,,12,7487,52758,4672401,110290,4668942,,190,369,81a56d9a36164951e29cf36983157ebbeb40c636,0,0,0,0,0,
20200831,FL,616629,8520,3992068,3472,totalTestEncountersViral,6364260,3736,38942,,,,,,8/30/2020 23:59,2020-08-30T23:59:00Z,08/30 19:59,11331,38942,,2020-08-30T23:59:00Z,6329581,800773,5492615,608109,,,6364260,4603050,446669,34738,411877,437913,34017,403867,,,,,12,1876,14046,4612169,33553,4608697,,68,85,feadd7bd45cefd808ec0d8853f36026ef90b47cb,0,0,0,0,0,
20200830,FL,614753,8417,3978022,3497,totalTestEncountersViral,6330707,3793,38857,,,,,,8/29/2020 23:59,2020-08-29T23:59:00Z,08/29 19:59,11263,38857,,2020-08-29T23:59:00Z,6303641,798352,5469322,606336,,,6330707,4587076,446669,34738,411877,437913,34017,403867,,,,,12,2547,21814,4596272,51890,4592775,,14,96,dd498c95006f03ae255ed8e8405b06faf287c140,0,0,0,0,0,
20200829,FL,612206,8314,3956208,3474,totalTestEncountersViral,6278817,3799,38761,,,,,,8/28/2020 23:59,2020-08-28T23:59:00Z,08/28 19:59,11249,38761,,2020-08-28T23:59:00Z,6262317,794867,5431783,603892,,,6278817,4562680,446669,34738,411877,437913,34017,403867,,,,,12,3132,24337,4571888,62926,4568414,,150,287,fc4051e7e503e759ffcc2087d7e6101681c1008d,0,0,0,0,0,
20200828,FL,609074,8092,3931871,3447,totalTestEncountersViral,6215891,4001,38474,,,,,,8/27/2020 23:59,2020-08-27T23:59:00Z,08/27 19:59,11099,38474,,2020-08-27T23:59:00Z,6216004,790677,5390000,600982,,,6215891,4535184,446669,34738,411877,437913,34017,403867,,,,,12,3732,26498,4544392,65264,4540945,,88,311,89f425e35c4f85e237b180106105694f881c0134,0,0,0,0,0,
20200827,FL,605342,7834,3905373,3473,totalTestEncountersViral,6150627,4252,38163,,,,,,8/26/2020 23:59,2020-08-26T23:59:00Z,08/26 19:59,11011,38163,,2020-08-26T23:59:00Z,6167043,785463,5346674,597508,,,6150627,4504911,446669,34738,411877,437913,34017,403867,,,,,12,3229,21277,4514188,50652,4510715,,139,316,8c1901d613a28920e361d12159e372e60038cbb3,0,0,0,0,0,
20200826,FL,602113,7509,3884096,3504,totalTestEncountersViral,6099975,4405,37847,,,,,,8/25/2020 23:59,2020-08-25T23:59:00Z,08/25 19:59,10872,37847,,2020-08-25T23:59:00Z,6125699,781065,5310027,594604,,,6099975,4480431,446669,34738,411877,437913,34017,403867,,,,,12,2937,23074,4489713,56520,4486209,,155,370,e0edce09a3d5d75d61cecc6a7fd81c9fd39ddf0d,0,0,0,0,0,
20200825,FL,599176,7187,3861022,3555,totalTestEncountersViral,6043455,4544,37477,,,,,,8/24/2020 23:59,2020-08-24T23:59:00Z,08/24 19:59,10717,37477,,2020-08-24T23:59:00Z,6081254,776457,5270516,591989,,,6043455,4454485,446669,34738,411877,437913,34017,403867,,,,,12,2665,16695,4463753,36233,4460198,,183,445,08af1cafea49bca939ac6ec0f050a26132f9b1dd,0,0,0,0,0,
20200824,FL,596511,6920,3844327,3561,totalTestEncountersViral,6007222,4646,37032,,,,,,8/23/2020 23:59,2020-08-23T23:59:00Z,08/23 19:59,10534,37032,,2020-08-23T23:59:00Z,6047364,772578,5240838,589591,,,6007222,4435085,446669,34738,411877,437913,34017,403867,,,,,12,2224,16265,4444399,39163,4440838,,72,129,9368c3d34956d45b80beff89cc8cd925502ecd9f,0,0,0,0,0,
20200823,FL,594287,6658,3828062,3568,totalTestEncountersViral,5968059,4580,36903,,,,,,8/22/2020 23:59,2020-08-22T23:59:00Z,08/22 19:59,10462,36903,,2020-08-22T23:59:00Z,6016043,769714,5212677,587629,,,5968059,4416603,446669,34738,411877,437913,34017,403867,,,,,12,3004,23812,4425917,52380,4422349,,51,139,3c55b421d89e026c047c7bcb8bd202a7aacc0bac,0,0,0,0,0,
20200822,FL,591283,6603,3804250,3572,totalTestEncountersViral,5915679,4745,36764,,,,,,8/21/2020 23:59,2020-08-21T23:59:00Z,08/21 19:59,10411,36764,,2020-08-21T23:59:00Z,5970687,765446,5171972,584680,,,5915679,4389768,446669,34738,411877,437913,34017,403867,,,,,12,4260,30324,4399105,85096,4395533,,107,339,47e4a8cb79860efbf583f845692cb1390fe11eb9,0,0,0,0,0,
20200821,FL,587023,6435,3773926,3564,totalTestEncountersViral,5830583,4902,36425,,,,,,8/20/2020 23:59,2020-08-20T23:59:00Z,08/20 19:59,10304,36425,,2020-08-20T23:59:00Z,5909822,759737,5117438,580588,,,5830583,4355148,446669,34738,411877,437913,34017,403867,,,,,12,4616,26776,4364513,67384,4360949,,118,355,01a62e58fe4901c09ffb71b3e254e9d62826388b,0,0,0,0,0,
20200820,FL,582407,6092,3747150,3604,totalTestEncountersViral,5763199,5067,36070,,,,,,8/19/2020 23:59,2020-08-19T23:59:00Z,08/19 19:59,10186,36070,,2020-08-19T23:59:00Z,5856136,753364,5070645,576315,,,5763199,4323688,408950,27323,381574,401862,26788,375046,,,,,12,4516,24958,4333161,66232,4329557,,119,450,6c5584182481e55948fa6099904f09e51f5d4c63,0,0,0,0,0,
20200819,FL,577891,5812,3722192,3850,totalTestEncountersViral,5696967,5298,35620,,,,,,8/18/2020 23:59,2020-08-18T23:59:00Z,08/18 19:59,10067,35620,,2020-08-18T23:59:00Z,5805672,746905,5027142,572079,,,5696967,4294217,408950,27323,381574,401862,26788,375046,,,,,12,4080,23084,4303933,57826,4300083,,174,508,d07b943f90294bd92b1c2002568d2adb7c1d19bf,0,0,0,0,0,
20200818,FL,573811,5650,3699108,3814,totalTestEncountersViral,5639141,5484,35112,,,,,,8/17/2020 23:59,2020-08-17T23:59:00Z,08/17 19:59,9893,35112,,2020-08-17T23:59:00Z,5757074,741276,4984524,568161,,,5639141,4266865,408950,27323,381574,401862,26788,375046,,,,,12,3787,22326,4276733,48228,4272919,,219,505,fbf0ab708cfe2a2656c0ab9bf815e1fd9db3faa3,0,0,0,0,0,
20200817,FL,570024,5496,3676782,3799,totalTestEncountersViral,5590913,5631,34607,,,,,,8/16/2020 23:59,2020-08-16T23:59:00Z,08/16 19:59,9674,34607,,2020-08-16T23:59:00Z,5713403,735900,4946578,564528,,,5590913,4240770,408950,27323,381574,401862,26788,375046,,,,,12,2649,17570,4250605,32572,4246806,,87,266,37cdd6ecafe1d9217e6d3e417a36edf4f79088eb,0,0,0,0,0,
20200816,FL,567375,5474,3659212,3791,totalTestEncountersViral,5558341,5690,34341,,,,,,8/15/2020 23:59,2020-08-15T23:59:00Z,08/15 19:59,9587,34341,,2020-08-15T23:59:00Z,5679906,732039,4917254,561901,,,5558341,4220532,408950,27323,381574,401862,26788,375046,,,,,12,3747,26124,4230378,48738,4226587,,107,267,8e0fe13fde73dbdff9702db23edcb12f1e34e929,0,0,0,0,0,
20200815,FL,563628,5457,3633088,3790,totalTestEncountersViral,5509603,5721,34074,,,,,,8/14/2020 23:59,2020-08-14T23:59:00Z,08/14 19:59,9480,34074,,2020-08-14T23:59:00Z,5632204,726846,4875096,558171,,,5509603,4190626,408950,27323,381574,401862,26788,375046,,,,,12,6291,35808,4200506,80747,4196716,,204,506,1c86b47e20430f5c71b393a5665cd04ba28f7fe5,0,0,0,0,0,
20200814,FL,557337,5337,3597280,3718,totalTestEncountersViral,5428856,5893,33568,,,,,,8/13/2020 23:59,2020-08-13T23:59:00Z,08/13 19:59,9276,33568,,2020-08-13T23:59:00Z,5562499,718241,4814951,552000,,,5428856,4148396,408950,27323,381574,401862,26788,375046,,,,,12,7997,32299,4158335,74732,4154617,,229,621,9ab71d3507318f81629489178d8fa7b1160876df,0,0,0,0,0,
20200813,FL,549340,,3564981,3618,totalTestEncountersViral,5354124,6325,32947,,,,,,8/12/2020 23:59,2020-08-12T23:59:00Z,08/12 19:59,9047,32947,,2020-08-12T23:59:00Z,5497351,710087,4758626,,,,5354124,4128584,408950,27323,381574,401862,26788,375046,,,,,12,6227,28303,4117939,64496,4114321,,149,598,45c9840431f2632d851b6bc478d91baa0aadabe1,0,0,0,0,0,
20200812,FL,543113,,3536678,3529,totalTestEncountersViral,5289628,6551,32349,,,,,,8/11/2020 23:59,2020-08-11T23:59:00Z,08/11 19:59,8898,32349,,2020-08-11T23:59:00Z,5438795,701395,4709452,,,,5289628,4093972,408950,27323,381574,401862,26788,375046,,,,,12,8095,30195,4083320,66969,4079791,,213,599,d2bdbbc66522b8d1aebdad8ffa09e95768e461a6,0,0,0,0,0,
20200811,FL,535018,,3506483,3444,totalTestEncountersViral,5222659,6753,31750,,,,,,8/10/2020 23:59,2020-08-10T23:59:00Z,08/10 19:59,8685,31750,,2020-08-10T23:59:00Z,5375903,690302,4658471,,8685,,5222659,4055587,408950,27323,381574,401862,26788,375046,,,,,12,5762,29587,4044945,55472,4041501,,277,573,bce6d94117797353f73509a10607540cf3fb37b4,0,0,0,0,0,
20200810,FL,529256,,3476896,3362,totalTestEncountersViral,5167187,6948,31177,,,,,,8/9/2020 23:59,2020-08-09T23:59:00Z,08/09 19:59,8408,31177,,2020-08-09T23:59:00Z,5320145,682190,4611442,,8408,,5167187,4020073,408950,27323,381574,401862,26788,375046,,,,,12,4150,24039,4009514,47934,4006152,,93,284,537cd5605bc3f328a5aadbc067dcc9768f73f58a,0,0,0,0,0,
20200809,FL,525106,,3452857,3353,totalTestEncountersViral,5119253,6848,30893,,,,,,8/8/2020 23:59,2020-08-08T23:59:00Z,08/08 19:59,8315,30893,,2020-08-08T23:59:00Z,5274241,676365,4571866,,8315,,5119253,3991826,408950,27323,381574,401862,26788,375046,,,,,12,6139,33562,3981316,71550,3977963,,77,254,39113351383e84fa3c322750294df56e1e0efb69,0,0,0,0,0,
20200808,FL,518967,,3419295,3350,totalTestEncountersViral,5047703,6890,30639,,,,,,8/7/2020 23:59,2020-08-07T23:59:00Z,08/07 19:59,8238,30639,,2020-08-07T23:59:00Z,5212309,667997,4518861,,8238,,5047703,3952028,408950,27323,381574,401862,26788,375046,,,,,12,8343,40431,3941612,83387,3938262,,187,525,120a4dc0cd546ae176524ad7a58e5f5c78d778bc,0,0,0,0,0,
20200807,FL,510624,,3378864,3374,totalTestEncountersViral,4964316,7144,30114,,,,,,8/6/2020 23:59,2020-08-06T23:59:00Z,08/06 19:59,8051,30114,,2020-08-06T23:59:00Z,5135173,656841,4453694,,8051,,4964316,3903010,358283,19175,339059,353026,18780,334221,,,,,12,7541,31890,3892862,73757,3889488,,180,599,405ddf20d653e30cba52c7744bb0fe426b4e5a71,0,0,0,0,0,
20200806,FL,503083,,3346974,3325,totalTestEncountersViral,4890559,7459,29515,,,,,,8/5/2020 23:59,2020-08-05T23:59:00Z,08/05 19:59,7871,29515,,2020-08-05T23:59:00Z,5073879,646583,4403366,,7871,,4890559,3863276,358283,19175,339059,353026,18780,334221,,,,,12,7573,34829,3853382,88745,3850057,,120,559,4ca39ba31f0b4d5bc19ce55f0e9bf35493d4aef4,0,0,0,0,0,
20200805,FL,495510,,3312145,3277,totalTestEncountersViral,4801814,7615,28956,,,,,,8/4/2020 23:59,2020-08-04T23:59:00Z,08/04 19:59,7751,28956,,2020-08-04T23:59:00Z,5004570,637404,4344367,,7751,,4801814,3820683,358283,19175,339059,353026,18780,334221,,,,,12,5424,25017,3810932,48947,3807655,,225,623,26b01a3daefe4ae133ed1432f151b6545e46b17b,0,0,0,0,0,
20200804,FL,490086,,3287128,3280,totalTestEncountersViral,4752867,7857,28333,,,,,,8/3/2020 23:59,2020-08-03T23:59:00Z,08/03 19:59,7526,28333,,2020-08-03T23:59:00Z,4957810,630093,4305309,,7526,,4752867,3790202,358283,19175,339059,353026,18780,334221,,,,,12,5357,26214,3780494,48391,3777214,,247,589,885aa99ccc7a05e01d8dcd6b57b039c2e449443e,0,0,0,0,0,
20200803,FL,484729,,3260914,3228,totalTestEncountersViral,4704476,7938,27744,,,,,,8/2/2020 23:59,2020-08-02T23:59:00Z,08/02 19:59,7279,27744,,2020-08-02T23:59:00Z,4908466,622594,4263794,,7279,,4704476,3758496,358283,19175,339059,353026,18780,334221,,,,,12,4814,27049,3748871,51913,3745643,,73,220,b3dbcf3af2250bea2e56b4ec87b02690834465b0,0,0,0,0,0,
20200802,FL,479915,,3233865,3394,totalTestEncountersViral,4652563,7952,27524,,,,,,8/2/2020 10:45,2020-08-02T10:45:00Z,08/02 06:45,7206,27524,,2020-08-02T10:45:00Z,4859321,615892,4221931,,7206,,4652563,3726562,358283,19175,339059,353026,18780,334221,,,,,12,7056,34450,3717174,74332,3713780,,62,180,8f92619b4eea4e09967df158ff0b6683ee2984c8,0,0,0,0,0,
20200801,FL,472859,,3199415,3409,totalTestEncountersViral,4578231,8072,27344,,,,,,7/31/2020 23:59,2020-07-31T23:59:00Z,07/31 19:59,7144,27344,,2020-07-31T23:59:00Z,4793361,605946,4166771,,7144,,4578231,3684875,358283,19175,339059,353026,18780,334221,,,,,12,9502,41713,3675683,84455,3672274,,178,439,80d85adc36418868bc53a4b4e9eb6d6c9ba0fc38,0,0,0,0,0,
20200731,FL,463357,,3157702,3363,totalTestEncountersViral,4493776,8209,26905,,,,,,7/30/2020 23:59,2020-07-30T23:59:00Z,07/30 19:59,6966,26905,,2020-07-30T23:59:00Z,4712187,592572,4099817,,6966,,4493776,3633393,358283,19175,339059,353026,18780,334221,,,,,12,8900,39964,3624422,82202,3621059,,257,519,5d52acd136b2a74ac44b9beaee4b18a28e328738,0,0,0,0,0,
20200730,FL,454457,,3117738,3304,totalTestEncountersViral,4411574,8395,26386,,,,,,7/29/2020 23:59,2020-07-29T23:59:00Z,07/29 19:59,6709,26386,,2020-07-29T23:59:00Z,4635026,580808,4035319,,6709,,4411574,3584193,358283,19175,339059,353026,18780,334221,,,,,12,9835,42396,3575499,80116,3572195,,252,519,ed9604197b49d61e7e9da45b25dc8caf4bb787eb,0,0,0,0,0,
20200729,FL,444622,,3075342,3220,totalTestEncountersViral,4331458,8720,25867,,,,,,7/28/2020 23:59,2020-07-28T23:59:00Z,07/28 19:59,6457,25867,,2020-07-28T23:59:00Z,4557000,567610,3971204,,6457,,4331458,3531721,,,,353026,18780,334221,,,,,12,9320,37020,3523184,74521,3519964,,217,587,1fbcb891f11ad3fcab0b3caf4c60a37a43b9dba8,0,0,0,0,0,
20200728,FL,435302,,3038322,3017,totalTestEncountersViral,4256937,8992,25280,,,,,,7/27/2020 23:59,2020-07-27T23:59:00Z,07/27 19:59,6240,25280,,2020-07-27T23:59:00Z,4485040,555415,3912374,,6240,,4256937,3485141,,,,353026,18780,334221,,,,,12,9138,39572,3476641,76414,3473624,,191,590,a07431424d9df552356574ae43f0a25e16c20dc9,0,0,0,0,0,
20200727,FL,426164,,2998750,2902,totalTestEncountersViral,4180523,9098,24690,,,,,,7/26/2020 23:59,2020-07-26T23:59:00Z,07/26 19:59,6049,24690,,2020-07-26T23:59:00Z,4411284,542920,3851809,,6049,,4180523,3436270,,,,353026,18780,334221,,,,,12,8804,36102,3427816,75332,3424914,,77,269,d7af5baee774314e3458ad4e3f9b9f168b99bcff,0,0,0,0,0,
20200726,FL,417360,,2962648,2871,totalTestEncountersViral,4105191,8951,24421,,,,,,7/25/2020 23:59,2020-07-25T23:59:00Z,07/25 19:59,5972,24421,,2020-07-25T23:59:00Z,4340661,531369,3793442,,5972,,4105191,3391133,,,,353026,18780,334221,,,,,12,9246,40782,3382879,81480,3380008,,78,335,d1c2e4c96266095f277687d1cced5099daff6cb4,0,0,0,0,0,
20200725,FL,408114,,2921866,2850,totalTestEncountersViral,4023711,9035,24086,,,,,,7/24/2020 23:59,2020-07-24T23:59:00Z,07/24 19:59,5894,24086,,2020-07-24T23:59:00Z,4263177,519405,3728507,,5894,,4023711,3340929,,,,353026,18780,334221,,,,,12,12045,47542,3332830,102503,3329980,,126,511,91f02da56e12eae52db363e386b848d2bc71514c,0,0,0,0,0,
20200724,FL,396069,,2874324,2727,totalTestEncountersViral,3921208,9200,23575,,,,,,7/23/2020 23:59,2020-07-23T23:59:00Z,07/23 19:59,5768,23575,,2020-07-23T23:59:00Z,4166644,502625,3649517,,5768,,3921208,3281087,,,,326476,14627,311824,,,,,12,12320,53250,3273120,90669,3270393,,136,584,d66a03fa6f9af0f40d89f6a8719aa0cfb6bd93f7,0,0,0,0,0,
20200723,FL,383749,,2821074,2626,totalTestEncountersViral,3830539,9422,22991,,,,,,7/22/2020 23:59,2020-07-22T23:59:00Z,07/22 19:59,5632,22991,,2020-07-22T23:59:00Z,4075056,486782,3574573,,5632,,3830539,3215185,,,,326476,14627,311824,,,,,12,10112,45982,3207449,80043,3204823,,173,403,2c16b7d5a3bba09624623158ec4ba9d0c666cd03,0,0,0,0,0,
20200722,FL,373637,,2775092,2524,totalTestEncountersViral,3750496,9475,22588,,,,,,7/21/2020 23:59,2020-07-21T23:59:00Z,07/21 19:59,5459,22588,,2020-07-21T23:59:00Z,3993867,473128,3507785,,5459,,3750496,3158741,,,,326476,14627,311824,,,,,12,9664,45176,3151253,88585,3148729,,140,465,d32314fb2cd2af784d5f2308cc261c483a426c3d,0,0,0,0,0,
20200721,FL,363973,,2729916,2462,totalTestEncountersViral,3661911,9520,22123,,,,,,7/20/2020 23:59,2020-07-20T23:59:00Z,07/20 19:59,5319,22123,,2020-07-20T23:59:00Z,3912910,460918,3439642,,5319,,3661911,3103674,,,,326476,14627,311824,,,,,12,9263,38204,3096351,66455,3093889,,136,518,0ec1191bb0848c5dec2ada17c84f1b8e85a8691c,0,0,0,0,0,
20200720,FL,354710,,2691712,2391,totalTestEncountersViral,3595456,9489,21605,,,,,,7/19/2020 23:59,2020-07-19T23:59:00Z,07/19 19:59,5183,21605,,2020-07-19T23:59:00Z,3845270,448764,3384679,,5183,,3595456,3055922,,,,297009,12002,284980,,,,,12,10405,39118,3048813,68914,3046422,,92,296,4fc739b8d1261c13091ae9ecbcb624a2bb2447e1,0,0,0,0,0,
20200719,FL,344305,,2652594,2406,totalTestEncountersViral,3526542,9363,21309,,,,,,7/18/2020 23:59,2020-07-18T23:59:00Z,07/18 19:59,5091,21309,,2020-07-18T23:59:00Z,3775936,435616,3329053,,5091,,3526542,3006290,,,,297009,12002,284980,,,,,12,12385,58175,2999305,101596,2996899,,89,340,26b9aa43e2f1f7d623a12da7770b3a3a7f37400b,0,0,0,0,0,
20200718,FL,331920,,2594419,2320,totalTestEncountersViral,3424946,9144,20969,,,,,,7/17/2020 23:59,2020-07-17T23:59:00Z,07/17 19:59,5002,20969,,2020-07-17T23:59:00Z,3677144,420156,3246327,,5002,,3424946,2935521,,,,297009,12002,284980,,,,,12,10173,40892,2928659,80694,2926339,,90,443,9538440704444ec2bf797e66c1e5d68a988a6e3b,0,0,0,0,0,
20200717,FL,321747,,2553527,2250,totalTestEncountersViral,3344252,8961,20526,,,,,,7/16/2020 23:59,2020-07-16T23:59:00Z,07/16 19:59,4912,20526,,2020-07-16T23:59:00Z,3600738,407133,3183379,,4912,,3344252,2884245,,,,297009,12002,284980,,,,,12,11174,53684,2877524,91724,2875274,,130,372,ea9f2f71c8039be27b10b5efade601796fb4347e,0,0,0,0,0,
20200716,FL,310573,,2499843,2163,totalTestEncountersViral,3252528,9112,20154,,,,,,7/14/2020 23:59,2020-07-14T23:59:00Z,07/14 19:59,4782,20154,,2020-07-14T23:59:00Z,3509789,393209,3106801,,4782,,3252528,2819000,,,,297009,12002,284980,,,,,12,13759,65700,2812579,103084,2810416,,156,495,ce58f357fdcbc2944b3bf331a32ff84d215b0f7c,0,0,0,0,0,
20200715,FL,296814,,2434143,2189,totalTestEncountersViral,3149444,8217,19659,,,,,,7/14/2020 23:59,2020-07-14T23:59:00Z,07/14 19:59,4626,19659,,2020-07-14T23:59:00Z,3404892,376345,3019257,,4626,,3149444,2739169,,,,297009,12002,284980,,,,,12,9992,40529,2733146,71041,2730957,,112,458,49e1ff62c678c0dd165a65f1dc823886fee0fde1,0,0,0,0,0,
20200714,FL,286822,,2393614,387,totalTestEncountersViral,3078403,8354,19201,,,,,,7/12/2020 23:59,2020-07-12T23:59:00Z,07/12 19:59,4514,19201,,2020-07-12T23:59:00Z,3330418,363828,2957751,,4514,,3078403,2688366,,,,297009,12002,284980,,,,,12,9183,36475,2680823,59489,2680436,,133,384,e0e4cddce62058d3be3bab632346efb68b42bc0e,0,0,0,0,0,
20200713,FL,277639,,2357139,1995,totalTestEncountersViral,3018914,8051,18817,,,,,,7/12/2020 23:59,2020-07-12T23:59:00Z,07/12 19:59,4381,18817,,2020-07-12T23:59:00Z,3268471,351831,2908137,,4381,,3018914,2642613,,,,297009,12002,284980,,,,,12,12207,52943,2636773,100982,2634778,,35,227,86769396b2bffd19c95274c0d5300dd02109f8fb,0,0,0,0,0,
20200712,FL,265432,,2304196,2096,totalTestEncountersViral,2917932,7542,18590,,,,,,7/11/2020 23:59,2020-07-11T23:59:00Z,07/11 19:59,4346,18590,,2020-07-11T23:59:00Z,3165354,337795,2819784,,4346,,2917932,2576813,,,,297009,12002,284980,,,,,12,15149,83408,2571724,129145,2569628,,45,249,e5d8473e0b909e5493e37b3988b826c7c18a6c0c,0,0,0,0,0,
20200711,FL,250283,,2220788,2040,totalTestEncountersViral,2788787,7186,18341,,,,,,7/11/2020 09:25,2020-07-11T09:25:00Z,07/11 05:25,4301,18341,,2020-07-11T09:25:00Z,3029149,318664,2703554,,4301,,2788787,2477810,,,,297009,12002,284980,,,,,12,10274,43312,2473111,77508,2471071,,98,425,116c86dddd0260c68afe0d3ec049293a9ced8884,0,0,0,0,0,
20200710,FL,240009,,2177476,1911,totalTestEncountersViral,2711279,6974,17916,,,,,,7/9/2020 23:59,2020-07-09T23:59:00Z,07/09 19:59,4203,17916,,2020-07-09T23:59:00Z,2945253,305374,2633526,,4203,,2711279,2423992,,,,271978,10831,261121,,,,,12,11250,52796,2419396,84956,2417485,,92,437,59115785f9c0092647e13a0654da2de36d5e4d1a,0,0,0,0,0,
20200709,FL,228759,,2124680,1896,totalTestEncountersViral,2626323,,17479,,,,,,7/8/2020 23:59,2020-07-08T23:59:00Z,07/08 19:59,4111,17479,,2020-07-08T23:59:00Z,2855852,291210,2558651,,4111,,2626323,2359636,,,,271978,10831,261121,,,,,12,8890,28256,2355335,46776,2353439,,120,411,01f154afb09570daea20510f58c64cfa3ad146f3,0,0,0,0,0,
20200708,FL,219869,,2096424,1773,totalTestEncountersViral,2579547,,17068,,,,,,7/7/2020 23:59,2020-07-07T23:59:00Z,07/07 19:59,3991,17068,,2020-07-07T23:59:00Z,2806420,280774,2519880,,3991,,2579547,2322389,,,,271978,10831,261121,,,,,12,9947,41024,2318066,67436,2316293,,48,335,8de87b95a2a1ae8523c359d5041d3a620a28a3e1,0,0,0,0,0,
20200707,FL,209922,,2055400,1604,totalTestEncountersViral,2512111,,16733,,,,,,7/6/2020 23:59,2020-07-06T23:59:00Z,07/06 19:59,3943,16733,,2020-07-06T23:59:00Z,2735238,268024,2461715,,3943,,2512111,2271267,,,,271978,10831,261121,,,,,12,7299,27907,2266926,43362,2265322,,63,381,f073bd749b829414154ed9d4d26721acca4deabf,0,0,0,0,0,
20200706,FL,202623,,2027493,1516,totalTestEncountersViral,2468749,,16352,,,,,,7/5/2020 23:59,2020-07-05T23:59:00Z,07/05 19:59,3880,16352,,2020-07-05T23:59:00Z,2706077,262521,2438200,,3880,,2468749,2235937,,,,271978,10831,261121,,,,,12,6237,27405,2231632,40509,2230116,,48,151,e2966871cfa99fff2129554a836aef9e668e4fef,0,0,0,0,0,
20200705,FL,196386,,2000088,1508,totalTestEncountersViral,2428240,,16201,,,,,,7/4/2020 23:59,2020-07-04T23:59:00Z,07/04 19:59,3832,16201,,2020-07-04T23:59:00Z,2662423,254652,2402605,,3832,,2428240,2202095,,,,271978,10831,261121,,,,,12,9856,43643,2197982,63788,2196474,,29,161,59e3c446322f7ccc79f1b56704bad18255bbd77e,0,0,0,0,0,
20200704,FL,186530,,1956445,1672,totalTestEncountersViral,2364452,,16040,,,,,,7/3/2020 23:59,2020-07-03T23:59:00Z,07/03 19:59,3803,16040,,2020-07-03T23:59:00Z,2595006,242571,2347444,,3803,,2364452,2148327,,,,236304,9575,226699,,,,,12,11330,53679,2144647,77840,2142975,,18,245,292e1bc6da52c871457a97e746c7e00c1c7c5808,0,0,0,0,0,
20200703,FL,175200,,1902766,1717,totalTestEncountersViral,2286612,,15795,,,,,,7/2/2020 23:59,2020-07-02T23:59:00Z,07/02 19:59,3785,15795,,2020-07-02T23:59:00Z,2513115,228506,2279841,,3785,,2286612,2083056,,,,236304,9575,226699,,,,,12,9324,39689,2079683,60623,2077966,,67,341,c8db03f219f0b308fb21ec88ac48d522320358fd,0,0,0,0,0,
20200702,FL,165876,,1863077,1683,totalTestEncountersViral,2225989,,15454,,,,,,7/1/2020 23:59,2020-07-01T23:59:00Z,07/01 19:59,3718,15454,,2020-07-01T23:59:00Z,2449162,216375,2228207,,3718,,2225989,2033794,,,,236304,9575,226699,,,,,12,9442,41720,2030636,62493,2028953,,68,329,0a1db183f521346a169f057d3619c79c58f4bd51,0,0,0,0,0,
20200701,FL,156434,,1821357,2094,totalTestEncountersViral,2163496,,15125,,,,,,6/30/2020 23:59,2020-06-30T23:59:00Z,06/30 19:59,3650,15125,,2020-06-30T23:59:00Z,2380131,203480,2172217,,3650,,2163496,1981915,,,,236304,9575,226699,,,,,12,6545,28796,1979885,41848,1977791,,46,246,eecbc049636fa44f1fa367f7d37cecfeaddd632c,0,0,0,0,0,
20200630,FL,149889,,1792561,1904,totalTestEncountersViral,2121648,,14879,,,,,,6/29/2020 23:59,2020-06-29T23:59:00Z,06/29 19:59,3604,14879,,2020-06-29T23:59:00Z,2337165,195894,2136944,,3604,,2121648,1946510,,,,236304,9575,226699,,,,,12,6027,26159,1944354,39427,1942450,,58,228,48d6b6a286bc58f50c9fc64be21d86e9ce88a1d0,0,0,0,0,0,
20200629,FL,143862,,1766402,1744,totalTestEncountersViral,2082221,,14651,,,,,,6/28/2020 23:59,2020-06-28T23:59:00Z,06/28 19:59,3546,14651,,2020-06-28T23:59:00Z,2299430,189183,2106109,,3546,,2082221,1914151,,,,236304,9575,226699,,,,,12,5363,25580,1912008,37707,1910264,,28,111,e037d2929394077255c49fd359b88c3b593bebd6,0,0,0,0,0,
20200628,FL,138499,,1740822,1726,totalTestEncountersViral,2044514,,14540,,,,,,6/27/2020 23:59,2020-06-27T23:59:00Z,06/27 19:59,3518,14540,,2020-06-27T23:59:00Z,2256314,182100,2070179,,3518,,2044514,1883244,,,,236304,9575,226699,,,,,12,8354,43842,1881047,64790,1879321,,29,108,a7cd074c16ccd495476ad854370143aa4fb40d79,0,0,0,0,0,
20200627,FL,130145,,1696980,1731,totalTestEncountersViral,1979724,,14432,,,,,,6/26/2020 23:59,2020-06-26T23:59:00Z,06/26 19:59,3489,14432,,2020-06-26T23:59:00Z,2186400,171768,2010839,,3489,,1979724,1830791,,,,236304,9575,226699,,,,,12,9534,51055,1828856,71204,1827125,,25,151,b1f33491e9f5f86486d5ec44dc552a43f1de9c97,0,0,0,0,0,
20200626,FL,120611,,1645925,1752,totalTestEncountersViral,1908520,,14281,,,,,,6/25/2020 23:59,2020-06-25T23:59:00Z,06/25 19:59,3464,14281,,2020-06-25T23:59:00Z,2107048,159793,1943604,,3464,,1908520,1770081,,,,236304,9575,226699,,,,,12,8814,39299,1768288,65014,1766536,,41,213,ecf3a221f7919ab2609c458ac67b9386c2db72bd,0,0,0,0,0,
20200625,FL,111797,,1606626,1675,totalTestEncountersViral,1843506,,14068,,,,,,6/24/2020 23:59,2020-06-24T23:59:00Z,06/24 19:59,3423,14068,,2020-06-24T23:59:00Z,2037374,148081,1885749,,3423,,1843506,1721812,,,,206789,8627,198132,,,,,12,4991,47298,1720098,53065,1718423,,46,203,5a78c3f91f81eff95b21b0d615e55d4fc323a042,0,0,0,0,0,
20200624,FL,106806,,1559328,1535,totalTestEncountersViral,1790441,,13865,,,,,,6/23/2020 23:59,2020-06-23T23:59:00Z,06/23 19:59,3377,13865,,2020-06-23T23:59:00Z,1978757,142315,1833006,,3377,,1790441,1669440,,,,206789,8627,198132,,,,,12,5471,22079,1667669,32598,1666134,,44,251,0703f04e6c09dcf512fe92b98950f8648ca9f9ec,0,0,0,0,0,
20200623,FL,101335,,1537249,1425,totalTestEncountersViral,1757843,,13614,,,,,,6/22/2020 23:59,2020-06-22T23:59:00Z,06/22 19:59,3333,13614,,2020-06-22T23:59:00Z,1944730,135955,1805379,,3333,,1757843,1641838,,,,206789,8627,198132,,,,,12,3798,19979,1640009,33677,1638584,,67,207,3c113d118cb222f8c7a45c85620785de56a91faa,0,0,0,0,0,
20200622,FL,97537,,1517270,1546,totalTestEncountersViral,1724166,,13407,,,,,,6/22/2020 10:00,2020-06-22T10:00:00Z,06/22 06:00,3266,13407,,2020-06-22T10:00:00Z,1911676,131152,1777209,,3266,,1724166,1618540,,,,206789,8627,198132,,,,,12,2751,15265,1616353,33994,1614807,,12,82,65537643ba2a3c6ea752f2e16385fee256d8a1f1,0,0,0,0,0,
20200621,FL,94786,,1502005,1625,totalTestEncountersViral,1690172,,13325,,,,,,6/21/2020 09:05,2020-06-21T09:05:00Z,06/21 05:05,3254,13325,,2020-06-21T09:05:00Z,1889662,127837,1758538,,3254,,1690172,1600335,,,,206789,8627,198132,,,,,12,4617,34530,1598416,37092,1596791,,17,98,2a898fa9453380085fd14e620a80ae3e889d11cd,0,0,0,0,0,
20200620,FL,90169,,1467475,1630,totalTestEncountersViral,1653080,,13227,,,,,,6/20/2020 10:00,2020-06-20T10:00:00Z,06/20 06:00,3237,13227,,2020-06-20T10:00:00Z,1844106,123815,1717070,,3237,,1653080,1562280,,,,206789,8627,198132,,,,,12,4002,24352,1559274,30974,1557644,,40,165,f29d4a44131bc9f66e72eb842ef06ec16c2b5a3b,0,0,0,0,0,
20200619,FL,86167,,1443123,1578,totalTestEncountersViral,1622106,,13062,,,,,,6/19/2020 10:00,2020-06-19T10:00:00Z,06/19 06:00,3197,13062,,2020-06-19T10:00:00Z,1809654,118915,1687546,,3197,,1622106,1533876,,,,179109,7717,171364,,,,,12,3313,17737,1530868,31521,1529290,,43,200,c2f7b3e82ce1510c0d8c0fbe0df230cc4e1764c2,0,0,0,0,0,
20200618,FL,82854,,1425386,1457,totalTestEncountersViral,1590585,,12862,,,,,,6/18/2020 10:00,2020-06-18T10:00:00Z,06/18 06:00,3154,12862,,2020-06-18T10:00:00Z,1783115,114435,1665500,,3154,,1590585,1512315,,,,179109,7717,171364,,,,,12,2694,22346,1509697,29092,1508240,,44,189,195d367529c6e99defe52a16ce47be05fecd558b,0,0,0,0,0,
20200617,FL,80160,,1403040,1240,totalTestEncountersViral,1561493,,12673,,,,,,6/17/2020 10:00,2020-06-17T10:00:00Z,06/17 06:00,3110,12673,,2020-06-17T10:00:00Z,1752714,110650,1638911,,3110,,1561493,1486759,,,,179109,7717,171364,,,,,12,2427,22840,1484440,22825,1483200,,25,184,462c3b793ae27a68cd0b9bd0d3e5838412ede35c,0,0,0,0,0,
20200616,FL,77733,,1380200,1150,totalTestEncountersViral,1538668,,12489,,,,,,6/16/2020 10:00,2020-06-16T10:00:00Z,06/16 06:00,3085,12489,,2020-06-16T10:00:00Z,1722067,107506,1611442,,3085,,1538668,1461297,,,,179109,7717,171364,,,,,12,2691,27342,1459083,34413,1457933,,55,191,99a98678dc6881b9e57301c578d798ce544b410f,0,0,0,0,0,
20200615,FL,75042,,1352858,1167,totalTestEncountersViral,1504255,,12298,,,,,,6/15/2020 10:00,2020-06-15T10:00:00Z,06/15 06:00,3030,12298,,2020-06-15T10:00:00Z,1684379,103802,1577532,,3030,,1504255,1431164,,,,179109,7717,171364,,,,,12,1760,19411,1429067,30907,1427900,,8,74,e58b3d76870bd89212e9a2988f1b65543fefc951,0,0,0,0,0,
20200614,FL,73282,,1333447,1184,totalTestEncountersViral,1473348,,12224,,,,,,6/14/2020 10:00,2020-06-14T10:00:00Z,06/14 06:00,3022,12224,,2020-06-14T10:00:00Z,1658074,101662,1553385,,3022,,1473348,1409992,,,,179109,7717,171364,,,,,12,2133,36586,1407913,45792,1406729,,6,69,063bdf15a0288082720ae2730dace083f37f76c4,0,0,0,0,0,
20200613,FL,71149,,1296861,1241,totalTestEncountersViral,1427556,,12155,,,,,,6/13/2020 10:00,2020-06-13T10:00:00Z,06/13 06:00,3016,12155,,2020-06-13T10:00:00Z,1612617,99168,1510430,,3016,,1427556,1371401,,,,179109,7717,171364,,,,,12,2476,31933,1369251,35007,1368010,,49,169,62099821f87bc86dbaf731a6eb84d06585f15ca1,0,0,0,0,0,
20200612,FL,68673,,1264928,1242,totalTestEncountersViral,1392549,,11986,,,,,,6/12/2020 10:00,2020-06-12T10:00:00Z,06/12 06:00,2967,11986,,2020-06-12T10:00:00Z,1571222,96007,1472224,,2967,,1392549,1336895,,,,179109,7717,171364,,,,,12,1634,27249,1334843,30492,1333601,,29,136,2567e80499d03e9d122fff35d0ad448be18ceae5,0,0,0,0,0,
20200611,FL,67039,,1237679,1242,totalTestEncountersViral,1362057,,11850,,,,,,6/11/2020 10:00,2020-06-11T10:00:00Z,06/11 06:00,2938,11850,,2020-06-11T10:00:00Z,1535825,93533,1439362,,2938,,1362057,1307728,,,,155835,6828,148981,,,,,12,1669,26027,1305960,27796,1304718,,49,229,34abafd2f0c893f9550e41accd29dd01ecf86d03,0,0,0,0,0,
20200610,FL,65370,,1211652,1134,totalTestEncountersViral,1334261,,11621,,,,,,6/10/2020 10:00,2020-06-10T10:00:00Z,06/10 06:00,2889,11621,,2020-06-10T10:00:00Z,1501053,91285,1406853,,2889,,1334261,1280003,,,,155835,6828,148981,,,,,12,1242,19347,1278156,21339,1277022,,38,161,af8ac77f661de68a82f9c88717e25bda24c2c8c0,0,0,0,0,0,
20200609,FL,64128,,1192305,1100,totalTestEncountersViral,1312922,,11460,,,,,,6/9/2020 10:00,2020-06-09T10:00:00Z,06/09 06:00,2851,11460,,2020-06-09T10:00:00Z,1474600,89566,1382146,,2851,,1312922,1259283,,,,155835,6828,148981,,,,,12,1158,22659,1257533,29175,1256433,,53,178,34f4571899073093a8ada38775a8394d90e29519,0,0,0,0,0,
20200608,FL,62970,,1169646,1024,totalTestEncountersViral,1283747,,11282,,,,,,6/8/2020 10:00,2020-06-08T10:00:00Z,06/08 06:00,2798,11282,,2020-06-08T10:00:00Z,1445259,88102,1354303,,2798,,1283747,1235513,,,,123552,5474,118053,,,,,12,1029,17426,1233640,24940,1232616,,12,67,1c25d19c592a1190d580310a1a01cfa08fda51b7,0,0,0,0,0,
20200607,FL,61941,,1152220,1161,totalTestEncountersViral,1258807,,11215,,,,,,6/7/2020 09:59,2020-06-07T09:59:00Z,06/07 05:59,2786,11215,,2020-06-07T09:59:00Z,1422347,86827,1332711,,2786,,1258807,1217105,,,,123552,5474,118053,,,,,12,1392,40793,1215322,50715,1214161,,13,52,0285ef0b3bbd3d6330f501964fe2f62572d9de0e,0,0,0,0,0,
20200606,FL,60549,,1111427,1265,totalTestEncountersViral,1208092,,11163,,,,,,6/6/2020 10:00,2020-06-06T10:00:00Z,06/06 06:00,2773,11163,,2020-06-06T10:00:00Z,1372933,85372,1284797,,2773,,1208092,1175106,,,,123552,5474,118053,,,,,12,1244,37975,1173241,35848,1171976,,28,97,c17bf5730aa0613a858c08091e9fc07071a4feb3,0,0,0,0,0,
20200605,FL,59305,,1073452,1193,totalTestEncountersViral,1172244,,11066,,,,,,6/5/2020 09:55,2020-06-05T09:55:00Z,06/05 05:55,2745,11066,,2020-06-05T09:55:00Z,1327264,83619,1240903,,2745,,1172244,1135865,,,,123552,5474,118053,,,,,12,1019,26592,1133950,28263,1132757,,54,143,a25ebfdb607d6949cae1f555fc26df585ad90a36,0,0,0,0,0,
20200604,FL,58286,,1046860,1221,totalTestEncountersViral,1143981,,10923,,,,,,6/4/2020 10:06,2020-06-04T10:06:00Z,06/04 06:06,2691,10923,,2020-06-04T10:06:00Z,1292876,81817,1208362,,2691,,1143981,1107952,,,,123552,5474,118053,,,,,12,1265,24711,1106367,34562,1105146,,41,127,566ae0e7d5ee5c146fabf1aeb945b7b97c834617,0,0,0,0,0,
20200603,FL,57021,,1022149,1191,totalTestEncountersViral,1109419,,10796,,,,,,6/3/2020 10:41,2020-06-03T10:41:00Z,06/03 06:41,2650,10796,,2020-06-03T10:41:00Z,1259176,79855,1176653,,2650,,1109419,1081825,,,,123552,5474,118053,,,,,12,1209,29844,1080361,25625,1079170,,37,118,ca53d7357e9f07e76aa2126fa3a823bb790bf596,0,0,0,0,0,
20200602,FL,55812,,992305,1206,totalTestEncountersViral,1083794,,10678,,,,,,6/1/2020 09:54,2020-06-01T09:54:00Z,06/01 05:54,2613,10678,,2020-06-01T09:54:00Z,1210100,77387,1130070,,2613,,1083794,1050671,,,,123552,5474,118053,,,,,12,602,8735,1049323,10168,1048117,,70,184,9e36a8c8cef22a830b525e63b97e7c8c993d614f,0,0,0,0,0,
20200601,FL,55210,,983570,1160,totalTestEncountersViral,1073626,,10494,,,,,,6/1/2020 09:54,2020-06-01T09:54:00Z,06/01 05:54,2543,10494,,2020-06-01T09:54:00Z,1210100,77387,1130070,,2543,,1073626,1041318,,,,123552,5474,118053,,,,,12,700,18384,1039940,24222,1038780,,9,41,592dc8bfcc15b456524757fae305f3edd1790851,0,0,0,0,0,
20200531,FL,54510,,965186,1332,totalTestEncountersViral,1049404,,10453,,,,,,5/31/2020 12:20,2020-05-31T12:20:00Z,05/31 08:20,2534,10453,,2020-05-31T12:20:00Z,1155650,75508,1077549,,2534,,1049404,1022265,,,,,,,,,,,12,870,25642,1021028,26713,1019696,,4,78,d637929353f307c59f09db1761e9e496c8b41651,0,0,0,0,0,
20200530,FL,53640,,939544,0,totalTestEncountersViral,1022691,,10375,,,,,,5/30/2020 11:24,2020-05-30T11:24:00Z,05/30 07:24,2530,10375,,2020-05-30T11:24:00Z,1155650,75508,1077549,,2530,,1022691,995886,,,,,,,,,,,12,752,10802,993184,14315,993184,,35,132,f1c1f9a5f1bb6c6d8109741bcb10f99a48285b33,0,0,0,0,0,
20200529,FL,52888,,928742,1308,totalTestEncountersViral,1008376,,10243,,,,,,5/29/2020 11:00,2020-05-29T11:00:00Z,05/29 07:00,2495,10243,,2020-05-29T11:00:00Z,1103658,72521,1028579,,2495,,1008376,984160,,,,,,,,,,,12,1221,30411,982938,36737,981630,,49,187,9f983a61484bc4361957af69e966a96014a87d41,0,0,0,0,0,
20200528,FL,51667,,898331,1158,totalTestEncountersViral,971639,,10056,,,,,,5/28/2020 11:06,2020-05-28T11:06:00Z,05/28 07:06,2446,10056,,2020-05-28T11:06:00Z,1081512,71569,1007406,,2446,,971639,953321,,,,,,,,,,,12,614,17394,951156,19497,949998,,46,157,7d989b93db701f52f3de6d811810180e2519241b,0,0,0,0,0,
20200527,FL,51053,,880937,955,totalTestEncountersViral,952142,,9899,,,,,,5/27/2020 10:13,2020-05-27T10:13:00Z,05/27 06:13,2400,9899,,2020-05-27T10:13:00Z,1081512,71569,1007406,,2400,,952142,935271,,,,,,,,,,,12,475,9968,932945,13972,931990,,62,159,44bc7daae40a7a51105bdb6475525ade504e5229,0,0,0,0,0,
20200526,FL,50578,,870969,901,totalTestEncountersViral,938170,,9740,,,,,,5/26/2020 11:01,2020-05-26T11:01:00Z,05/26 07:01,2338,9740,,2020-05-26T11:01:00Z,1068679,71039,995118,,2338,,938170,924920,,,,,,,,,,,12,503,14480,922448,18066,921547,,7,59,8a4048081ecf4b3081102a34c84a10f9a51662fe,0,0,0,0,0,
20200525,FL,50075,,856489,988,totalTestEncountersViral,920104,,9681,,,,,,5/25/2020 10:04,2020-05-25T10:04:00Z,05/25 06:04,2331,9681,,2020-05-25T10:04:00Z,1050247,70360,977392,,2331,,920104,909928,,,,,,,,,,,12,980,36121,907552,37478,906564,,15,43,bad0d5a7c0ba5a2265b6ebc92cffe366d37e2851,0,0,0,0,0,
20200524,FL,49095,,820368,1337,totalTestEncountersViral,882626,,9638,,,,,,5/24/2020 10:04,2020-05-24T10:04:00Z,05/24 06:04,2316,9638,,2020-05-24T10:04:00Z,1008670,69459,936730,,2316,,882626,872916,,,,,,,,,,,12,545,14058,870800,15706,869463,,4,71,ab30d485a6f922ebc481803ba300dfca50b32171,0,0,0,0,0,
20200523,FL,48550,,806310,1563,totalTestEncountersViral,866920,,9567,,,,,,5/23/2020 10:00,2020-05-23T10:00:00Z,05/23 06:00,2312,9567,,2020-05-23T10:00:00Z,990300,68322,919519,,2312,,866920,858112,,,,,,,,,,,12,733,20265,856423,25853,854860,,44,195,ade848433b88fe1059d2b587043cba539f234b4f,0,0,0,0,0,
20200522,FL,47817,,786045,1487,totalTestEncountersViral,841067,,9372,,,,,,5/22/2020 09:39,2020-05-22T09:39:00Z,05/22 05:39,2268,9372,,2020-05-22T09:39:00Z,940758,66424,871876,,2268,,841067,837172,,,,,,,,,,,12,725,20791,835349,23841,833862,,46,172,5103efb7cd70f710bcecc3f64eda6560f7f7df18,0,0,0,0,0,
20200521,FL,47092,,765254,1471,totalTestEncountersViral,817226,,9200,,,,,,5/21/2020 10:09,2020-05-21T10:09:00Z,05/21 06:09,2222,9200,,2020-05-21T10:09:00Z,940758,66424,871876,,2222,,817226,815584,,,,,,,,,,,12,1190,41377,813817,45203,812346,,49,266,39c25b9a788103dceab190af79e72db93d352626,0,0,0,0,0,
20200520,FL,45902,,723877,1357,totalTestEncountersViral,772023,,8934,,,,,,5/20/2020 09:42,2020-05-20T09:42:00Z,05/20 05:42,2173,8934,,2020-05-20T09:42:00Z,887380,64172,821168,,2173,,772023,772669,,,,,,,,,,,12,475,54966,771136,71322,769779,,44,190,44d8c1722fbb47f7e9ae995b466af524a48ff58c,0,0,0,0,0,
20200519,FL,45427,,668911,1369,totalTestEncountersViral,700701,,8744,,,,,,5/19/2020 10:31,2020-05-19T10:31:00Z,05/19 06:31,2129,8744,,2020-05-19T10:31:00Z,819927,63148,754767,,2129,,700701,717162,,,,,,,,,,,12,612,38941,715707,30481,714338,,56,191,0806d5d76ecd0c3be2f1b76469fef2b8c0610052,0,0,0,0,0,
20200518,FL,44815,,629970,1346,totalTestEncountersViral,670220,,8553,,,,,,5/18/2020 09:28,2020-05-18T09:28:00Z,05/18 05:28,2073,8553,,2020-05-18T09:28:00Z,746124,60938,683219,,2073,,670220,677710,,,,,,,,,,,12,654,23766,676131,19312,674785,,24,75,ef392031c6d0cd7aee7db14357eb88ab652915ae,0,0,0,0,0,
20200517,FL,44161,,606204,1479,totalTestEncountersViral,650908,,8478,,,,,,5/17/2020 10:08,2020-05-17T10:08:00Z,05/17 06:08,2049,8478,,2020-05-17T10:08:00Z,746124,60938,683219,,2049,,650908,653081,,,,,,,,,,,12,1136,20968,651844,21549,650365,,9,85,e9fa85b4fce709d50a449185b62babcee85fdda3,0,0,0,0,0,
20200516,FL,43025,,585236,1676,totalTestEncountersViral,629359,,8393,,,,,,5/16/2020 10:02,2020-05-16T10:02:00Z,05/16 06:02,2040,8393,,2020-05-16T10:02:00Z,,,,,2040,,629359,630795,,,,,,,,,,,12,480,19609,629937,6606,628261,,49,400,b6265f1a1ae7d9b5aad8fc778ace7c0674d9f18a,0,0,0,0,0,
20200515,FL,42545,,565627,1228,totalTestEncountersViral,622753,,7993,,,,,,5/14/2020 12:33,2020-05-14T12:33:00Z,05/14 08:33,1991,7993,,2020-05-14T12:33:00Z,,,,,1991,,622753,609574,,,,,,,,,,,12,786,0,609400,15534,608172,,43,0,de447142344c08c7c1e010e715ca2e0f8e7fef25,0,0,0,0,0,
20200514,FL,41759,,565627,1228,totalTestEncountersViral,607219,,7993,,,,,,5/14/2020 12:33,2020-05-14T12:33:00Z,05/14 08:33,1948,7993,,2020-05-14T12:33:00Z,,,,,1948,,607219,595478,,,,,,,,,,,12,792,13266,608614,15700,607386,,50,158,5a52f305bc85c68a82049badd29c7c860a39d9d6,0,0,0,0,0,
20200513,FL,40967,,552361,1191,totalTestEncountersViral,591519,,7835,,,,,,5/13/2020 09:43,2020-05-13T09:43:00Z,05/13 05:43,1898,7835,,2020-05-13T09:43:00Z,,,,,1898,,591519,579604,,,,,,,,,,,12,799,14680,594519,14557,593328,,49,181,1e6e27bebf57a4aa9ba9f446f90b0def9c0adf53,0,0,0,0,0,
20200512,FL,40168,,537681,1064,totalTestEncountersViral,576962,,7654,,,,,,5/12/2020 09:28,2020-05-12T09:28:00Z,05/12 05:28,1849,7654,,2020-05-12T09:28:00Z,,,,,1849,,576962,,,,,,,,,,,,12,606,17606,578913,21155,577849,,44,196,488661352530f30804cf09860f80fc060a07299d,0,0,0,0,0,
20200511,FL,39562,,520075,1080,totalTestEncountersViral,555807,,7458,,,,,,5/11/2020 09:31,2020-05-11T09:31:00Z,05/11 05:31,1805,7458,,2020-05-11T09:31:00Z,,,,,1805,,555807,,,,,,,,,,,,12,383,21723,560717,17780,559637,,14,54,fb3d0064b7fc2b46e78c49e6f52c53b1e59b25f5,0,0,0,0,0,
20200510,FL,39179,,498352,1265,totalTestEncountersViral,538027,,7404,,,,,,5/10/2020 11:52,2020-05-10T11:52:00Z,05/10 07:52,1791,7404,,2020-05-10T11:52:00Z,,,,,1791,,538027,,,,,,,,,,,,12,681,10622,538796,13684,537531,,6,79,1ec6482bb766288a6ec20ed2e0b46ebbce67a359,0,0,0,0,0,
20200509,FL,38498,,487730,1452,totalTestEncountersViral,524343,,7325,,,,,,5/9/2020 10:39,2020-05-09T10:39:00Z,05/09 06:39,1785,7325,,2020-05-09T10:39:00Z,,,,,1785,,524343,,,,,,,,,,,,12,765,13588,527680,16745,526228,,47,168,65c3058b63a95e999a648f446cd5596dff9524b3,0,0,0,0,0,
20200508,FL,37733,,474142,1433,totalTestEncountersViral,507598,,7157,,,,,,5/8/2020 10:10,2020-05-08T10:10:00Z,05/08 06:10,1738,7157,,2020-05-08T10:10:00Z,,,,,1738,,507598,,,,,,,,,,,,12,344,20020,513308,17302,511875,,71,167,318cb7e09f97b7f3a3cc9207b2eb99de1627b9ce,0,0,0,0,0,
20200507,FL,37389,,454122,1499,totalTestEncountersViral,490296,,6990,,,,,,5/7/2020 14:40,2020-05-07T14:40:00Z,05/07 10:40,1667,6990,,2020-05-07T14:40:00Z,,,,,1667,,490296,,,,,,,,,,,,12,625,12073,493010,13811,491511,,62,214,058770fcc12e25287961c51255bc9eb5bf9e716e,0,0,0,0,0,
20200506,FL,36764,,442049,1351,totalTestEncountersViral,476485,,6776,,,,,,5/6/2020 09:45,2020-05-06T09:45:00Z,05/06 05:45,1605,6776,,2020-05-06T09:45:00Z,,,,,1605,,476485,,,,,,,,,,,,12,581,13797,480164,14803,478813,,69,230,e65943b57edd91b0d02b45feccba95309548d3ad,0,0,0,0,0,
20200505,FL,36183,,428252,1265,totalTestEncountersViral,461682,,6546,,,,,,5/5/2020 10:31,2020-05-05T10:31:00Z,05/05 06:31,1536,6546,,2020-05-05T10:31:00Z,,,,,1536,,461682,,,,,,,,,,,,12,574,20879,465700,21067,464435,,113,217,e79341bf4956d10d0130adf372c53cbdc5af066f,0,0,0,0,0,
20200504,FL,35609,,407373,1181,totalTestEncountersViral,440615,,6329,,,,,,5/4/2020 09:12,2020-05-04T09:12:00Z,05/04 05:12,1423,6329,,2020-05-04T09:12:00Z,,,,,1423,,440615,,,,,,,,,,,,12,768,15262,444163,15372,442982,,20,85,1d844139ef8215783187578fd114c9ce33c66da2,0,0,0,0,0,
20200503,FL,34841,,392111,1226,totalTestEncountersViral,425243,,6244,,,,,,5/2/2020 10:14,2020-05-02T10:14:00Z,05/02 06:14,1403,6244,,2020-05-02T10:14:00Z,,,,,1403,,425243,,,,,,,,,,,,12,632,11562,428178,12393,426952,,15,299,74fc0ec2d169c42a844c45bfe5374be60f980eb9,0,0,0,0,0,
20200502,FL,34209,,380549,,totalTestEncountersViral,412850,,5945,,,,,,5/2/2020 10:14,2020-05-02T10:14:00Z,05/02 06:14,1388,5945,,2020-05-02T10:14:00Z,,,,,,,412850,,,,,,,,,,,,12,703,12578,414758,16386,414758,,74,150,481f36381282ac9a26ae0a26df01e68ac9444541,0,0,0,0,0,
20200501,FL,33506,,367971,,totalTestEncountersViral,396464,,5795,,,,,,5/1/2020 14:32,2020-05-01T14:32:00Z,05/01 10:32,1314,5795,,2020-05-01T14:32:00Z,,,,,,,396464,,,,,,,,,,,,12,977,19256,401477,18225,401477,,24,0,61f47b5faa3e4d37cd9bd66915acd4e9330855c6,0,0,0,0,0,
20200430,FL,32529,,348715,1187,totalTestEncountersViral,378239,,5795,,,,,,4/30/2020 09:44,2020-04-30T09:44:00Z,04/30 05:44,1290,5795,,2020-04-30T09:44:00Z,,,,,,,378239,,,,,,,,,,,,12,514,8420,382431,9670,381244,,50,171,64eb0fc8a340c08ab970bb7a2397e2e1370bdfbd,0,0,0,0,0,
20200429,FL,32015,,340295,1252,totalTestEncountersViral,368569,,5624,,,,,,4/29/2020 09:51,2020-04-29T09:51:00Z,04/29 05:51,1240,5624,,2020-04-29T09:51:00Z,,,,,,,368569,,,,,,,,,,,,12,343,6266,373562,7013,372310,,86,358,5efc091ebd38d870905e4abb28d27f682f753171,0,0,0,0,0,
20200428,FL,31672,,334029,1216,totalTestEncountersViral,361556,,5266,,,,,,4/28/2020 09:36,2020-04-28T09:36:00Z,04/28 05:36,1154,5266,,2020-04-28T09:36:00Z,,,,,,,361556,,,,,,,,,,,,12,748,9704,366917,11763,365701,,53,55,18fc2f273ec0974e68fd7d47dd61e2fb392124e8,0,0,0,0,0,
20200427,FL,30924,,324325,1099,totalTestEncountersViral,349793,,5211,,,,,,4/27/2020 09:24,2020-04-27T09:24:00Z,04/27 05:24,1101,5211,,2020-04-27T09:24:00Z,,,,,,,349793,,,,,,,,,,,,12,519,11240,356348,8877,355249,,7,56,530fd97112fdf1b486511d7e8c13ed7a8c7bda2a,0,0,0,0,0,
20200426,FL,30405,,313085,1183,totalTestEncountersViral,340916,,5155,,,,,,4/26/2020 09:32,2020-04-26T09:32:00Z,04/26 05:32,1094,5155,,2020-04-26T09:32:00Z,,,,,,,340916,,,,,,,,,,,,12,795,10825,344673,16900,343490,,19,110,6d7384721c11f1b4098ea935d31921dadaeeda44,0,0,0,0,0,
20200425,FL,29610,,302260,1292,totalTestEncountersViral,324016,,5045,,,,,,4/25/2020 09:36,2020-04-25T09:36:00Z,04/25 05:36,1075,5045,,2020-04-25T09:36:00Z,,,,,,,324016,,,,,,,,,,,,12,734,15475,333162,13407,331870,,44,157,2c7f5e20c9a59b2e1bdedd8be2d353cdcf9af31b,0,0,0,0,0,
20200424,FL,28876,,286785,1287,totalTestEncountersViral,310609,,4888,,,,,,4/24/2020 16:39,2020-04-24T16:39:00Z,04/24 12:39,1031,4888,,2020-04-24T16:39:00Z,,,,,,,310609,,,,,,,,,,,,12,1214,18909,316948,18611,315661,,52,195,e518d3637416688647c1b5acbb48936e98956382,0,0,0,0,0,
20200423,FL,27662,,267876,1301,totalTestEncountersViral,291998,,4693,,,,,,4/23/2020 18:27,2020-04-23T18:27:00Z,04/23 14:27,979,4693,,2020-04-23T18:27:00Z,,,,,,,291998,,,,,,,,,,,,12,697,7558,296839,11064,295538,,69,224,79d75b163460526bfc71f2b9e9475a4a88d0df32,0,0,0,0,0,
20200422,FL,26965,,260318,1258,totalTestEncountersViral,280934,,4469,,,,,,4/22/2020 11:17,2020-04-22T11:17:00Z,04/22 07:17,910,4469,,2020-04-22T11:17:00Z,,,,,,,280934,,,,,,,,,,,,12,859,10754,288541,12234,287283,,54,234,f4b187fc57080c8716f6c1ed299b177045645bd1,0,0,0,0,0,
20200421,FL,26106,,249564,1203,totalTestEncountersViral,268700,,4235,,,,,,4/21/2020 16:19,2020-04-21T16:19:00Z,04/21 12:19,856,4235,,2020-04-21T16:19:00Z,,,,,,,268700,,,,,,,,,,,,12,746,9999,276873,10579,275670,,50,225,cc8140b62fbd43c1e4eaa53a5298a3904726e5e0,0,0,0,0,0,
20200420,FL,25360,,239565,1104,totalTestEncountersViral,258121,,4010,,,,,,4/20/2020 09:28,2020-04-20T09:28:00Z,04/20 05:28,806,4010,,2020-04-20T09:28:00Z,,,,,,,258121,,,,,,,,,,,,12,713,9482,266029,9218,264925,,25,80,735ae02c527e37d9e5c54a421fc745d1b2c9a43f,0,0,0,0,0,
20200419,FL,24647,,230083,1179,totalTestEncountersViral,248903,,3930,,,,,,4/19/2020 16:12,2020-04-19T16:12:00Z,04/19 12:12,781,3930,,2020-04-19T16:12:00Z,,,,,,,248903,,,,,,,,,,,,12,741,8825,255909,9158,254730,,27,88,27f18cfb507e09a2670116eac0721f08633d9497,0,0,0,0,0,
20200418,FL,23906,,221258,0,totalTestEncountersViral,239745,,3842,,,,,,4/18/2020 09:24,2020-04-18T09:24:00Z,04/18 05:24,754,3842,,2020-04-18T09:24:00Z,,,,,,,239745,,,,,,,,,,,,12,1083,10540,245164,12795,245164,,55,177,8461b42cf72de5414f4f53510bc43f0624570e63,0,0,0,0,0,
20200417,FL,22823,,210718,1285,totalTestEncountersViral,226950,,3665,,,,,,4/17/2020 16:21,2020-04-17T16:21:00Z,04/17 12:21,699,3665,,2020-04-17T16:21:00Z,,,,,,,226950,,,,,,,,,,,,12,1199,14367,234826,15461,233541,,53,205,8f7f92ace0bd5f4a589eeed8e21ca318b0748321,0,0,0,0,0,
20200416,FL,21624,,196351,1325,totalTestEncountersViral,211489,,3460,,,,,,4/16/2020 16:39,2020-04-16T16:39:00Z,04/16 12:39,646,3460,,2020-04-16T16:39:00Z,,,,,,,211489,,,,,,,,,,,,12,897,5353,219300,9625,217975,,37,116,34cca09961bf78fbf98f62b3abb0335fb2482130,0,0,0,0,0,
20200415,FL,20727,,190998,1335,totalTestEncountersViral,201864,,3344,,,,,,4/15/2020 13:50,2020-04-15T13:50:00Z,04/15 09:50,609,3344,,2020-04-15T13:50:00Z,,,,,,,201864,,,,,,,,,,,,12,592,9185,213060,6421,211725,,72,284,fd501d19562e261983d623e7c30aae2e2ad9b7b5,0,0,0,0,0,
20200414,FL,20135,,181813,1275,totalTestEncountersViral,195443,,3060,,,,,,4/14/2020 16:59,2020-04-14T16:59:00Z,04/14 12:59,537,3060,,2020-04-14T16:59:00Z,,,,,,,195443,,,,,,,,,,,,12,922,6207,203223,8691,201948,,54,227,0683ba34c81a59909fbd9adc5500216924963c0a,0,0,0,0,0,
20200413,FL,19213,,175606,1789,totalTestEncountersViral,186752,,2833,,,,,,4/13/2020 17:27,2020-04-13T17:27:00Z,04/13 13:27,483,2833,,2020-04-13T17:27:00Z,,,,,,,186752,,,,,,,,,,,,12,809,12208,196608,8697,194819,,18,61,d502253b20efc281fa1db90049c0944d856c4d56,0,0,0,0,0,
20200412,FL,18404,,163398,1297,totalTestEncountersViral,178055,,2772,,,,,,4/12/2020 11:23,2020-04-12T11:23:00Z,04/12 07:23,465,2772,,2020-04-12T11:23:00Z,,,,,,,178055,,,,,,,,,,,,12,1064,8959,183099,11251,181802,,27,111,db6af4192c698bb92f35c781eaeadad6df2f8929,0,0,0,0,0,
20200411,FL,17340,,154439,1418,totalTestEncountersViral,166804,,2661,,,,,,4/11/2020 11:30,2020-04-11T11:30:00Z,04/11 07:30,438,2661,,2020-04-11T11:30:00Z,,,,,,,166804,,,,,,,,,,,,12,1088,9140,173197,9442,171779,,48,174,c2640c903c4871225f54232a24bd311aeeb1aa2d,0,0,0,0,0,
20200410,FL,16252,,145299,1411,totalTestEncountersViral,157362,,2487,,,,,,4/10/2020 11:30,2020-04-10T11:30:00Z,04/10 07:30,390,2487,,2020-04-10T11:30:00Z,,,,,,,157362,,,,,,,,,,,,12,1033,9114,162962,14011,161551,,36,219,196bc6891c31d5aaceb94da4b5424f7a2c4d9fbf,0,0,0,0,0,
20200409,FL,15219,,136185,1395,totalTestEncountersViral,143351,,2268,,,,,,4/9/2020 10:00,2020-04-09T10:00:00Z,04/09 06:00,354,2268,,2020-04-09T10:00:00Z,,,,,,,143351,,,,,,,,,,,,12,1046,8506,152799,6493,151404,,45,206,51b3ca995fe6bf6f01bf649afdecd22067539ec6,0,0,0,0,0,
20200408,FL,14173,,127679,1324,totalTestEncountersViral,136858,,2062,,,,,,4/8/2020 14:00,2020-04-08T14:00:00Z,04/08 10:00,309,2062,,2020-04-08T14:00:00Z,,,,,,,136858,,,,,,,,,,,,12,1006,4264,143176,11510,141852,,13,63,8e69f9218136730f1e83ab5128727b51fbef40d6,0,0,0,0,0,
20200407,FL,13167,,123415,1407,totalTestEncountersViral,125348,,1999,,,,,,4/7/2020 16:36,2020-04-07T16:36:00Z,04/07 12:36,296,1999,,2020-04-07T16:36:00Z,,,,,,,125348,,,,,,,,,,,,12,1159,13465,137989,11063,136582,,60,317,0b410eefa6fa91e75133bd3042967b8de00b16b7,0,0,0,0,0,
20200406,FL,12008,,109950,1142,totalTestEncountersViral,114285,,1682,,,,,,4/6/2020 12:17,2020-04-06T12:17:00Z,04/06 08:17,236,1682,,2020-04-06T12:17:00Z,,,,,,,114285,,,,,,,,,,,,12,763,8697,123100,7018,121958,,18,110,84e0ceeb607f1ea5807a074a75c44b81d53bc3ab,0,0,0,0,0,
20200405,FL,11245,,101253,1129,totalTestEncountersViral,107267,,1572,,,,,,4/5/2020 13:30,2020-04-05T13:30:00Z,04/05 09:30,218,1572,,2020-04-05T13:30:00Z,,,,,,,107267,,,,,,,,,,,,12,1148,10297,113627,12143,112498,,27,110,cf21f26e67623e079d41bf3705c58c10890af37d,0,0,0,0,0,
20200404,FL,10097,,90956,1281,totalTestEncountersViral,95124,,1462,,,,,,4/4/2020 09:51,2020-04-04T09:51:00Z,04/04 05:51,191,1462,,2020-04-04T09:51:00Z,,,,,,,95124,,,,,,,,,,,,12,1281,8819,102334,10738,101053,,28,175,568f824d780e55f3dce71a329461e9eca9d84f99,0,0,0,0,0,
20200403,FL,8816,,82137,1225,totalTestEncountersViral,84386,,1287,,,,,,4/3/2020 11:30,2020-04-03T11:30:00Z,04/03 07:30,163,1287,,2020-04-03T11:30:00Z,,,,,,,84386,,,,,,,,,,,,12,1268,12851,92178,12683,90953,,35,164,35921ffdec3fa9904420e4ece804ce1597ac1367,0,0,0,0,0,
20200402,FL,7548,,69286,1285,totalTestEncountersViral,71703,,1123,,,,,,4/2/2020 11:01,2020-04-02T11:01:00Z,04/02 07:01,128,1123,,2020-04-02T11:01:00Z,,,,,,,71703,,,,,,,,,,,,12,1032,9757,78119,8444,76834,,41,174,7f9cb14f15d0307ab7f48059897d09f5c6443842,0,0,0,0,0,
20200401,FL,6516,,59529,1235,totalTestEncountersViral,63259,,949,,,,,,4/1/2020 11:30,2020-04-01T11:30:00Z,04/01 07:30,87,949,,2020-04-01T11:30:00Z,,,,,,,63259,,,,,,,,,,,,12,904,5244,67280,8213,66045,,10,126,8db0b6296a79cd844f7bf0a273203ba00eeae203,0,0,0,0,0,
20200331,FL,5612,,54285,1163,totalTestEncountersViral,55046,,823,,,,,,3/31/2020 11:30,2020-03-31T11:30:00Z,03/31 07:30,77,823,,2020-03-31T11:30:00Z,,,,,,,55046,,,,,,,,,,,,12,852,6060,61060,6927,59897,,14,171,7f9fd17ca37874252fd040a1f422a099011a374a,0,0,0,0,0,
20200330,FL,4760,,48225,,totalTestEncountersViral,48119,,652,,,,,,3/30/2020 11:30,2020-03-30T11:30:00Z,03/30 07:30,63,652,,2020-03-30T11:30:00Z,,,,,,,48119,,,,,,,,,,,,12,876,9155,52985,7137,52985,,7,58,0c2c688b9613d73a849462f1b816df9bb802203d,0,0,0,0,0,
20200329,FL,3884,,39070,,totalTestEncountersViral,40982,,594,,,,,,3/29/2020 11:30,2020-03-29T11:30:00Z,03/29 07:30,56,594,,2020-03-29T11:30:00Z,,,,,,,40982,,,,,,,,,,,,12,705,3704,42954,6375,42954,,2,68,f7233e9a1fd184e27fba94887834324e4d9c972b,0,0,0,0,0,
20200328,FL,3179,,35366,,totalTestEncountersViral,34607,,526,,,,,,3/28/2020 12:00,2020-03-28T12:00:00Z,03/28 08:00,54,526,,2020-03-28T12:00:00Z,,,,,,,34607,,,,,,,,,,,,12,659,7180,38545,6244,38545,,20,70,45ffb3cc544a8fce164f681e6ecd04c3c7e790ee,0,0,0,0,0,
20200327,FL,2520,,28186,1517,totalTestEncountersViral,28363,,456,,,,,,3/27/2020 12:00,2020-03-27T12:00:00Z,03/27 08:00,34,456,,2020-03-27T12:00:00Z,,,,,,,28363,,,,,,,,,,,,12,535,4445,32223,5626,30706,,6,50,ea879d3faffd87e4d7b3d21b592ebf5e559de97c,0,0,0,0,0,
20200326,FL,1985,,23741,1443,totalTestEncountersViral,22737,,406,,,,,,3/26/2020 11:00,2020-03-26T11:00:00Z,03/26 07:00,28,406,,2020-03-26T11:00:00Z,,,,,,,22737,,,,,,,,,,,,12,497,8367,27169,6902,25726,,6,90,178fbf78a99ce70f1487f53b9ca30ee9d72aee67,0,0,0,0,0,
20200325,FL,1488,,15374,1233,totalTestEncountersViral,15835,,316,,,,,,3/25/2020 11:00,2020-03-25T11:00:00Z,03/25 07:00,22,316,,2020-03-25T11:00:00Z,,,,,,,15835,,,,,,,,,,,,12,283,2247,18095,2881,16862,,4,57,db997be7f0b622402071d81dcdd50cd95d2daded,0,0,0,0,0,
20200324,FL,1205,,13127,1008,totalTestEncountersViral,12954,,259,,,,,,3/24/2020 11:00,2020-03-24T11:00:00Z,03/24 07:00,18,259,,2020-03-24T11:00:00Z,,,,,,,12954,,,,,,,,,,,,12,176,2064,15340,1670,14332,,4,42,972e1dc1869b9084af5779ed2b83ac35c320b969,0,0,0,0,0,
20200323,FL,1029,,11063,860,totalTestEncountersViral,11284,,217,,,,,,3/23/2020 11:00,2020-03-23T11:00:00Z,03/23 07:00,14,217,,2020-03-23T11:00:00Z,,,,,,,11284,,,,,,,,,,,,12,298,3073,12952,2797,12092,,1,32,6ec72a20c8a662b4fdd7a78c2b9dbaf8324445a3,0,0,0,0,0,
20200322,FL,731,,7990,963,totalTestEncountersViral,8487,,185,,,,,,3/22/2020 11:00,2020-03-22T11:00:00Z,03/22 07:00,13,185,,2020-03-22T11:00:00Z,,,,,,,8487,,,,,,,,,,,,12,203,1411,9684,2295,8721,,1,27,ae55897c9b23b0cc5d42adb778d0329e9c20f329,0,0,0,0,0,
20200321,FL,528,,6579,1002,totalTestEncountersViral,6192,,158,,,,,,3/21/2020 11:00,2020-03-21T11:00:00Z,03/21 07:00,12,158,,2020-03-21T11:00:00Z,,,,,,,6192,,,,,,,,,,,,12,142,4709,8109,1419,7107,,2,158,22c37843bc22ab66dc57f1cd2207d576bf256b8c,0,0,0,0,0,
20200320,FL,386,,1870,1026,totalTestEncountersViral,4773,,,,,,,,3/20/2020 11:00,2020-03-20T11:00:00Z,03/20 07:00,10,,,2020-03-20T11:00:00Z,,,,,,,4773,,,,,,,,,,,,12,76,337,3282,1102,2256,,2,0,44467646d3b525eab0fe699c7fcacf33a77e51ae,0,0,0,0,0,
20200319,FL,310,,1533,1019,totalTestEncountersViral,3671,,,,,,,,3/19/2020 11:00,2020-03-19T11:00:00Z,03/19 07:00,8,,,2020-03-19T11:00:00Z,,,,,,,3671,,,,,,,,,,,,12,99,308,2862,1055,1843,,1,0,2327e520ac487532db8991bcf6ace8be361380ad,0,0,0,0,0,
20200318,FL,211,,1225,954,totalTestEncountersViral,2616,,,,,,,,3/18/2020 11:00,2020-03-18T11:00:00Z,03/18 07:00,7,,,2020-03-18T11:00:00Z,,,,,,,2616,,,,,,,,,,,,12,62,285,2390,704,1436,,1,0,3a28ccd49716d7297fcd981583373362dfdfc518,0,0,0,0,0,
20200317,FL,149,,940,872,totalTestEncountersViral,1912,,,,,,,,3/17/2020 11:00,2020-03-17T11:00:00Z,03/17 07:00,6,,,2020-03-17T11:00:00Z,,,,,,,1912,,,,,,,,,,,,12,27,256,1961,591,1089,,2,0,b909d8b35f8dc0c87373d1fbd32c11a29bbb2c93,0,0,0,0,0,
20200316,FL,122,,684,514,totalTestEncountersViral,1321,,,,,,,,3/16/2020 16:13,2020-03-16T16:13:00Z,03/16 12:13,4,,,2020-03-16T16:13:00Z,,,,,,,1321,,,,,,,,,,,,12,31,6,1320,181,806,,0,0,3b8589c8db437172f6fe3506b2848dc9e4866b5a,0,0,0,0,0,
20200315,FL,91,,678,454,totalTestEncountersViral,1140,,,,,,,,3/15/2020 01:45,2020-03-15T01:45:00Z,03/14 21:45,4,,,2020-03-15T01:45:00Z,,,,,,,1140,,,,,,,,,,,,12,40,200,1223,436,769,,1,0,55f35c3da0a5c44eaae624e3ac1b4b376398132e,0,0,0,0,0,
20200314,FL,51,,478,221,totalTestEncountersViral,704,,,,,,,,3/14/2020 00:54,2020-03-14T00:54:00Z,03/13 20:54,3,,,2020-03-14T00:54:00Z,,,,,,,704,,,,,,,,,,,,12,20,0,750,199,529,,1,0,d56e235265d108fe41e099517ce04b2da9704689,0,0,0,0,0,
20200313,FL,31,,478,221,totalTestEncountersViral,505,,,,,,,,3/13/2020 13:53,2020-03-13T13:53:00Z,03/13 09:53,2,,,2020-03-13T13:53:00Z,,,,,,,505,,,,,,,,,,,,12,5,177,730,118,509,,0,0,8c7a8e2fb2ee7c07b2822bb3645a9c4b2a43bf17,0,0,0,0,0,
20200312,FL,26,,301,147,totalTestEncountersViral,387,,,,,,,,3/12/2020 09:07,2020-03-12T09:07:00Z,03/12 05:07,2,,,2020-03-12T09:07:00Z,,,,,,,387,,,,,,,,,,,,12,6,0,474,53,327,,0,0,5a1ec3ed4c6434f6e61130897a4f65e0266896f0,0,0,0,0,0,
20200311,FL,20,,301,147,totalTestEncountersViral,334,,,,,,,,,,,2,,,,,,,,,,334,,,,,,,,,,,,12,2,79,468,71,321,,2,0,5f20145d9c83ab2f52541e8b30cefc62c9964933,0,0,0,0,0,
20200310,FL,18,,222,155,totalTestEncountersViral,263,,,,,,,,,,,,,,,,,,,,,263,,,,,,,,,,,,12,5,82,395,84,240,,0,0,ffdb58d26a1de252630af7f3870288ae9f927f13,0,0,0,0,0,
20200309,FL,13,,140,115,totalTestEncountersViral,179,,,,,,,,,,,,,,,,,,,,,179,,,,,,,,,,,,12,1,22,268,36,153,,0,0,00a90a234b613ed8183dd8f488067f0abe4c405e,0,0,0,0,0,
20200308,FL,12,,118,108,totalTestEncountersViral,143,,,,,,,,,,,,,,,,,,,,,143,,,,,,,,,,,,12,4,18,238,27,130,,0,0,a9f68e51936a4e367316da9eff4817d8d113e3fe,0,0,0,0,0,
20200307,FL,8,,100,88,totalTestEncountersViral,116,,,,,,,,,,,,,,,,,,,,,116,,,,,,,,,,,,12,0,45,196,48,108,,0,0,eb1564ef5463d04c9d598e353ff8237806e6d2dd,0,0,0,0,0,
20200306,FL,8,,55,51,totalTestEncountersViral,68,,,,,,,,,,,,,,,,,,,,,68,,,,,,,,,,,,12,1,24,114,27,63,,0,0,c7ab2d9cdbdfafd144dcc2424a00a92087512a22,0,0,0,0,0,
20200305,FL,7,,31,69,totalTestEncountersViral,41,,,,,,,,,,,,,,,,,,,,,41,,,,,,,,,,,,12,4,7,107,19,38,,0,0,39393ffda65a6a742f33f59b578ceee0f0aa5624,0,0,0,0,0,
20200304,FL,3,,24,16,totalTestEncountersViral,22,,,,,,,,,,,,,,,,,,,,,22,,,,,,,,,,,,12,1,24,43,3,27,,0,0,550bc69a41de293ed71c293ffc9badd8e41f0c2e,0,0,0,0,0,
20200303,FL,2,,,,totalTestEncountersViral,19,,,,,,,,,,,,,,,,,,,,,19,,,,,,,,,,,,12,2,0,2,4,2,,0,0,e1dbb6e153729f3e492cd50d2a6174de5e5e6622,0,0,0,0,0,
20200302,FL,0,,,,totalTestEncountersViral,15,,,,,,,,,,,,,,,,,,,,,15,,,,,,,,,,,,12,0,0,0,0,0,,0,0,283668e97c9e924caf7e7e5ffe633c889ccbfc84,0,0,0,0,0,
20200301,FL,0,,,,totalTestEncountersViral,15,,,,,,,,,,,,,,,,,,,,,15,,,,,,,,,,,,12,0,0,0,0,0,,0,0,79eaf2a70ea69be2b7287eca1b76a6394dbc674e,0,0,0,0,0,
20200229,FL,0,,,,totalTestEncountersViral,15,,,,,,,,,,,,,,,,,,,,,15,,,,,,,,,,,,12,0,0,0,0,0,,0,0,673b7f3664964c431f9b48e80b330df3097b0c8d,0,0,0,0,0,
20200228,FL,0,,,,totalTestEncountersViral,15,,,,,,,,,,,,,,,,,,,,,15,,,,,,,,,,,,12,0,0,0,0,0,,0,0,9bff13f0406fe291b1ab87ca9778d9e9ce56ca11,0,0,0,0,0,
20200227,FL,0,,,,totalTestEncountersViral,15,,,,,,,,,,,,,,,,,,,,,15,,,,,,,,,,,,12,0,0,0,0,0,,0,0,02b16a9bcdba2c7ce64d60f1d9edb3b395051629,0,0,0,0,0,
20200226,FL,0,,,,totalTestEncountersViral,15,,,,,,,,,,,,,,,,,,,,,15,,,,,,,,,,,,12,0,0,0,0,0,,0,0,2250dc441098155a8a9c5e7c561c1a5943fa0806,0,0,0,0,0,
20200225,FL,0,,,,totalTestEncountersViral,15,,,,,,,,,,,,,,,,,,,,,15,,,,,,,,,,,,12,0,0,0,1,0,,0,0,5c40a1d19e89e2be6c6349c42e072cafe80944f1,0,0,0,0,0,
20200224,FL,0,,,,totalTestEncountersViral,14,,,,,,,,,,,,,,,,,,,,,14,,,,,,,,,,,,12,0,0,0,0,0,,0,0,fb18b0451e6b55a0b6417227f913a8520bcc03b4,0,0,0,0,0,
20200223,FL,0,,,,totalTestEncountersViral,14,,,,,,,,,,,,,,,,,,,,,14,,,,,,,,,,,,12,0,0,0,0,0,,0,0,d86ca576740f1c371116d11725d773c96c503ca8,0,0,0,0,0,
20200222,FL,0,,,,totalTestEncountersViral,14,,,,,,,,,,,,,,,,,,,,,14,,,,,,,,,,,,12,0,0,0,1,0,,0,0,f6b1967d01f8ececc8e288d4279a696d937cbd77,0,0,0,0,0,
20200221,FL,0,,,,totalTestEncountersViral,13,,,,,,,,,,,,,,,,,,,,,13,,,,,,,,,,,,12,0,0,0,0,0,,0,0,5d5457745bfb29e74a0053c008a093b2f9c8c5dc,0,0,0,0,0,
20200220,FL,0,,,,totalTestEncountersViral,13,,,,,,,,,,,,,,,,,,,,,13,,,,,,,,,,,,12,0,0,0,0,0,,0,0,7da06bed63c0030adf76fc904813ead0cbca2332,0,0,0,0,0,
20200219,FL,0,,,,totalTestEncountersViral,13,,,,,,,,,,,,,,,,,,,,,13,,,,,,,,,,,,12,0,0,0,0,0,,0,0,271f3fe9fa72218ccad40d9caccc0e4747f57f37,0,0,0,0,0,
20200218,FL,0,,,,totalTestEncountersViral,13,,,,,,,,,,,,,,,,,,,,,13,,,,,,,,,,,,12,0,0,0,0,0,,0,0,40bda929be0e76f858665f99ab777b6c4f3cf127,0,0,0,0,0,
20200217,FL,0,,,,totalTestEncountersViral,13,,,,,,,,,,,,,,,,,,,,,13,,,,,,,,,,,,12,0,0,0,1,0,,0,0,d841153741e2d9cd38bad69c72409a825a248a98,0,0,0,0,0,
20200216,FL,0,,,,totalTestEncountersViral,12,,,,,,,,,,,,,,,,,,,,,12,,,,,,,,,,,,12,0,0,0,0,0,,0,0,0d3d6e337eb48e8a41d0caaebda7149f69583280,0,0,0,0,0,
20200215,FL,0,,,,totalTestEncountersViral,12,,,,,,,,,,,,,,,,,,,,,12,,,,,,,,,,,,12,0,0,0,3,0,,0,0,6598149557b4347c932ca102643e4de6db4adaeb,0,0,0,0,0,
20200214,FL,0,,,,totalTestEncountersViral,9,,,,,,,,,,,,,,,,,,,,,9,,,,,,,,,,,,12,0,0,0,0,0,,0,0,e25fdf3b82e89f331adf84d06e0fb938c135981e,0,0,0,0,0,
20200213,FL,0,,,,totalTestEncountersViral,9,,,,,,,,,,,,,,,,,,,,,9,,,,,,,,,,,,12,0,0,0,1,0,,0,0,b8ee4a12cdc02ac500172144d269101d18f8d0ba,0,0,0,0,0,
20200212,FL,0,,,,totalTestEncountersViral,8,,,,,,,,,,,,,,,,,,,,,8,,,,,,,,,,,,12,0,0,0,0,0,,0,0,667bab934a2e1b66493cdbecf53d6038e8318ac2,0,0,0,0,0,
20200211,FL,0,,,,totalTestEncountersViral,8,,,,,,,,,,,,,,,,,,,,,8,,,,,,,,,,,,12,0,0,0,1,0,,0,0,62d8ef89558f4b8698ca813a9d5fb10d2867f2e6,0,0,0,0,0,
20200210,FL,0,,,,totalTestEncountersViral,7,,,,,,,,,,,,,,,,,,,,,7,,,,,,,,,,,,12,0,0,0,0,0,,0,0,43c34eb513543ebf6a898d0ec4ada01e76471460,0,0,0,0,0,
20200209,FL,0,,,,totalTestEncountersViral,7,,,,,,,,,,,,,,,,,,,,,7,,,,,,,,,,,,12,0,0,0,0,0,,0,0,7dcd9bb656dbdc1f3fcb2b0434020ac9f19c6be4,0,0,0,0,0,
20200208,FL,0,,,,totalTestEncountersViral,7,,,,,,,,,,,,,,,,,,,,,7,,,,,,,,,,,,12,0,0,0,1,0,,0,0,165ab67c93f023a3a706b517cb8e792b228a502e,0,0,0,0,0,
20200207,FL,0,,,,totalTestEncountersViral,6,,,,,,,,,,,,,,,,,,,,,6,,,,,,,,,,,,12,0,0,0,0,0,,0,0,7aa46e64918a392c40b5d0bdccc2035981559723,0,0,0,0,0,
20200206,FL,0,,,,totalTestEncountersViral,6,,,,,,,,,,,,,,,,,,,,,6,,,,,,,,,,,,12,0,0,0,0,0,,0,0,f59c4fab8d574dc321b3e9d0d5ea2bc0ca0dde1c,0,0,0,0,0,
20200205,FL,0,,,,totalTestEncountersViral,6,,,,,,,,,,,,,,,,,,,,,6,,,,,,,,,,,,12,0,0,0,0,0,,0,0,c873eff3abaafd2ae3e6ec8f2566cb8ac9fd2f83,0,0,0,0,0,
20200204,FL,0,,,,totalTestEncountersViral,6,,,,,,,,,,,,,,,,,,,,,6,,,,,,,,,,,,12,0,0,0,2,0,,0,0,fafbcedfa7c24021b82fa18c94d271eed23ca439,0,0,0,0,0,
20200203,FL,0,,,,totalTestEncountersViral,4,,,,,,,,,,,,,,,,,,,,,4,,,,,,,,,,,,12,0,0,0,0,0,,0,0,40316400cad37804cd88b81a59e8b345c7392159,0,0,0,0,0,
20200202,FL,0,,,,totalTestEncountersViral,4,,,,,,,,,,,,,,,,,,,,,4,,,,,,,,,,,,12,0,0,0,0,0,,0,0,740621e0cffd295beb3404631e220e22a8f28432,0,0,0,0,0,
20200201,FL,0,,,,totalTestEncountersViral,4,,,,,,,,,,,,,,,,,,,,,4,,,,,,,,,,,,12,0,0,0,0,0,,0,0,5e19abfce70b462aa8136ac5964f202bc7fc82dd,0,0,0,0,0,
20200131,FL,0,,,,totalTestEncountersViral,4,,,,,,,,,,,,,,,,,,,,,4,,,,,,,,,,,,12,0,0,0,3,0,,0,0,1a45a2ce95ca41e105e4fcc022585b95d36ad5c0,0,0,0,0,0,
20200130,FL,0,,,,totalTestEncountersViral,1,,,,,,,,,,,,,,,,,,,,,1,,,,,,,,,,,,12,0,0,0,0,0,,0,0,6beee94ab925da7138e49a990a3f833ad5de053a,0,0,0,0,0,
20200129,FL,0,,,,totalTestEncountersViral,1,,,,,,,,,,,,,,,,,,,,,1,,,,,,,,,,,,12,0,0,0,0,0,,0,0,ebb9bb4aa825ae13de0bb65158cfec1887a72af2,0,0,0,0,0,
