date,state,positive,probableCases,negative,pending,totalTestResultsSource,totalTestResults,hospitalizedCurrently,hospitalizedCumulative,inIcuCurrently,inIcuCumulative,onVentilatorCurrently,onVentilatorCumulative,recovered,lastUpdateEt,dateModified,checkTimeEt,death,hospitalized,hospitalizedDischarged,dateChecked,totalTestsViral,positiveTestsViral,negativeTestsViral,positiveCasesViral,deathConfirmed,deathProbable,totalTestEncountersViral,totalTestsPeopleViral,totalTestsAntibody,positiveTestsAntibody,negativeTestsAntibody,totalTestsPeopleAntibody,positiveTestsPeopleAntibody,negativeTestsPeopleAntibody,totalTestsPeopleAntigen,positiveTestsPeopleAntigen,totalTestsAntigen,positiveTestsAntigen,fips,positiveIncrease,negativeIncrease,total,totalTestResultsIncrease,posNeg,dataQualityGrade,deathIncrease,hospitalizedIncrease,hash,commercialScore,negativeRegularScore,negativeScore,positiveScore,score,grade
20210224,NJ,775386,85442,9712105,,posNeg,10487491,2070,63252,435,,273,,,2/24/2021 00:00,2021-02-24T00:00:00Z,02/23 19:00,23077,63252,74524,2021-02-24T00:00:00Z,10402049,,,689944,20746,2331,,,,,,,,,,,,,34,3119,37620,10487491,40739,10487491,,99,62,3a32a00582c1974f4748284329fc93e1e0721f88,0,0,0,0,0,
20210223,NJ,772267,84881,9674485,,posNeg,10446752,2047,63190,451,,281,,,2/23/2021 00:00,2021-02-23T00:00:00Z,02/22 19:00,22978,63190,74286,2021-02-23T00:00:00Z,10361871,,,687386,20689,2289,,,,,,,,,,,,,34,3158,108303,10446752,111461,10446752,,104,18,5d599f589b36cfd3d64c7ba882c14ae64baaeb56,0,0,0,0,0,
20210222,NJ,769109,84207,9566182,,posNeg,10335291,2023,63172,438,,289,,,2/22/2021 00:00,2021-02-22T00:00:00Z,02/21 19:00,22874,63172,74109,2021-02-22T00:00:00Z,10244488,,,684902,20585,2289,,,,,,,,,,,,,34,2704,0,10335291,2704,10335291,,16,64,1bace164cf518a456ef255bcfdd46bbf1d46c478,0,0,0,0,0,
20210221,NJ,766405,83659,9566182,,posNeg,10332587,2065,63108,434,,288,,,2/21/2021 00:00,2021-02-21T00:00:00Z,02/20 19:00,22858,63108,73920,2021-02-21T00:00:00Z,10244488,,,682746,20569,2289,,,,,,,,,,,,,34,2031,0,10332587,2031,10332587,,24,46,1805d91c0d54238edd1e5c09da0cfac29f2384d9,0,0,0,0,0,
20210220,NJ,764374,83437,9566182,,posNeg,10330556,2145,63062,454,,290,,,2/20/2021 00:00,2021-02-20T00:00:00Z,02/19 19:00,22834,63062,73643,2021-02-20T00:00:00Z,10244488,,,680937,20545,2289,,,,,,,,,,,,,34,2876,0,10330556,2876,10330556,,50,104,c33be65a198e74f6aef3d14a866af30945e3aecd,0,0,0,0,0,
20210219,NJ,761498,83192,9566182,,posNeg,10327680,2202,62958,443,,300,,,2/19/2021 00:00,2021-02-19T00:00:00Z,02/18 19:00,22784,62958,73429,2021-02-19T00:00:00Z,10244488,,,678306,20495,2289,,,,,,,,,,,,,34,3047,63518,10327680,66565,10327680,,63,123,c1ed37315e5e7fd57a352465c54e3552e6a290c5,0,0,0,0,0,
20210218,NJ,758451,82738,9502664,,posNeg,10261115,2327,62835,474,,306,,,2/18/2021 00:00,2021-02-18T00:00:00Z,02/17 19:00,22721,62835,73106,2021-02-18T00:00:00Z,10178377,,,675713,20432,2289,,,,,,,,,,,,,34,3277,93402,10261115,96679,10261115,,89,117,5cffc25970476266ed1d025453ee730b30391812,0,0,0,0,0,
20210217,NJ,755174,82066,9409262,,posNeg,10164436,2370,62718,411,,309,,,2/17/2021 00:00,2021-02-17T00:00:00Z,02/16 19:00,22632,62718,72798,2021-02-17T00:00:00Z,10082370,,,673108,20343,2289,,,,,,,,,,,,,34,4109,75547,10164436,79656,10164436,,135,127,bee410e47d51f7ee7b4e2947967d64671b8d982c,0,0,0,0,0,
20210216,NJ,751065,81584,9333715,,posNeg,10084780,2411,62591,494,,312,,,2/16/2021 00:00,2021-02-16T00:00:00Z,02/15 19:00,22497,62591,72336,2021-02-16T00:00:00Z,9997131,,,669481,20251,2246,,,,,,,,,,,,,34,3633,0,10084780,3633,10084780,,31,137,86cbd111074483df07e39dc9bc36443bcc2cce5d,0,0,0,0,0,
20210215,NJ,747432,81033,9333715,,posNeg,10081147,2408,62454,513,,298,,,2/15/2021 00:00,2021-02-15T00:00:00Z,02/14 19:00,22466,62454,72336,2021-02-15T00:00:00Z,9997131,,,666399,20220,2246,,,,,,,,,,,,,34,1445,0,10081147,1445,10081147,,12,48,dfdbab2b7851cc011651411534fc45b675a22ca6,0,0,0,0,0,
20210214,NJ,745987,80790,9333715,,posNeg,10079702,2449,62406,520,,326,,,2/14/2021 00:00,2021-02-14T00:00:00Z,02/13 19:00,22454,62406,72120,2021-02-14T00:00:00Z,9997131,,,665197,20208,2246,,,,,,,,,,,,,34,2168,0,10079702,2168,10079702,,14,59,0a83f44a28959b10bb38d4bed84bbdf7d063a8c7,0,0,0,0,0,
20210213,NJ,743819,80403,9333715,,posNeg,10077534,2514,62347,519,,343,,,2/13/2021 00:00,2021-02-13T00:00:00Z,02/12 19:00,22440,62347,71805,2021-02-13T00:00:00Z,9997131,,,663416,20194,2246,,,,,,,,,,,,,34,3757,65979,10077534,69736,10077534,,47,126,e7f33792d03afbc50fba4b9c04e49f8a5e5def3b,0,0,0,0,0,
20210212,NJ,740062,79995,9267736,,posNeg,10007798,2565,62221,525,,336,,,2/12/2021 00:00,2021-02-12T00:00:00Z,02/11 19:00,22393,62221,71510,2021-02-12T00:00:00Z,9927803,,,660067,20147,2246,,,,,,,,,,,,,34,3732,46937,10007798,50669,10007798,,64,113,85bfc8b6d44e57e4e4b4dc2cf9d773457ab5f334,0,0,0,0,0,
20210211,NJ,736330,79426,9220799,,posNeg,9957129,2656,62108,519,,348,,,2/11/2021 00:00,2021-02-11T00:00:00Z,02/10 19:00,22329,62108,71143,2021-02-11T00:00:00Z,9877703,,,656904,20083,2246,,,,,,,,,,,,,34,3656,36846,9957129,40502,9957129,,79,156,2b0c1eebcbf0a9247a9ab89ef9ff5ba2e6ddeda3,0,0,0,0,0,
20210210,NJ,732674,78719,9183953,,posNeg,9916627,2786,61952,533,,341,,,2/10/2021 00:00,2021-02-10T00:00:00Z,02/09 19:00,22250,61952,70759,2021-02-10T00:00:00Z,9834216,,,653955,20004,2246,,,,,,,,,,,,,34,4370,0,9916627,4370,9916627,,147,155,83304610403c70b4010cb2602cd9264c761d50ec,0,0,0,0,0,
20210209,NJ,728304,78041,9183953,,posNeg,9912257,2827,61797,544,,360,,,2/9/2021 00:00,2021-02-09T00:00:00Z,02/08 19:00,22103,61797,70376,2021-02-09T00:00:00Z,9834216,,,650263,19916,2187,,,,,,,,,,,,,34,3576,185042,9912257,188618,9912257,,92,200,83a85b29e057a389f7f8f2f6808c2aa30fa8516b,0,0,0,0,0,
20210208,NJ,724728,77534,8998911,,posNeg,9723639,2814,61597,540,,373,,,2/8/2021 00:00,2021-02-08T00:00:00Z,02/07 19:00,22011,61597,70208,2021-02-08T00:00:00Z,9639998,,,647194,19824,2187,,,,,,,,,,,,,34,2561,0,9723639,2561,9723639,,22,74,afe98ee72c8b7eb0f04ced4d31b9ae2c5393640f,0,0,0,0,0,
20210207,NJ,722167,77156,8998911,,posNeg,9721078,2837,61523,571,,373,,,2/7/2021 00:00,2021-02-07T00:00:00Z,02/06 19:00,21989,61523,69953,2021-02-07T00:00:00Z,9639998,,,645011,19802,2187,,,,,,,,,,,,,34,4332,0,9721078,4332,9721078,,25,71,7764976f7e62d8bb7f4511ffecfb3682384d74a9,0,0,0,0,0,
20210206,NJ,717835,76748,8998911,,posNeg,9716746,2895,61452,737,,380,,,2/6/2021 00:00,2021-02-06T00:00:00Z,02/05 19:00,21964,61452,69543,2021-02-06T00:00:00Z,9639998,,,641087,19777,2187,,,,,,,,,,,,,34,4511,49996,9716746,54507,9716746,,78,119,db2618b2d51f2bf7f90d89faaee05ec158a1c345,0,0,0,0,0,
20210205,NJ,713324,75967,8948915,,posNeg,9662239,2825,61333,506,,342,,,2/5/2021 00:00,2021-02-05T00:00:00Z,02/04 19:00,21886,61333,69195,2021-02-05T00:00:00Z,9586272,,,637357,19699,2187,,,,,,,,,,,,,34,4228,30206,9662239,34434,9662239,,93,161,1479de857a9bd8a2029dd81fb04409a11c825170,0,0,0,0,0,
20210204,NJ,709096,75365,8918709,,posNeg,9627805,2971,61172,531,,362,,,2/4/2021 00:00,2021-02-04T00:00:00Z,02/03 19:00,21793,61172,68764,2021-02-04T00:00:00Z,9552440,,,633731,19606,2187,,,,,,,,,,,,,34,3289,20532,9627805,23821,9627805,,100,188,5a5d906ccb57193da17d7feb32a352dccde05436,0,0,0,0,0,
20210203,NJ,705807,74498,8898177,,posNeg,9603984,2986,60984,525,,374,,,2/3/2021 00:00,2021-02-03T00:00:00Z,02/02 19:00,21693,60984,68429,2021-02-03T00:00:00Z,9529486,,,631309,19506,2187,,,,,,,,,,,,,34,2311,30865,9603984,33176,9603984,,109,162,41f5185c2b82df8cfbeaf33df5bee10c0663fcc5,0,0,0,0,0,
20210202,NJ,703496,74136,8867312,,posNeg,9570808,2892,60822,516,,366,,,2/2/2021 00:00,2021-02-02T00:00:00Z,02/01 19:00,21584,60822,68267,2021-02-02T00:00:00Z,9493957,,,629360,19455,2129,,,,,,,,,,,,,34,3150,0,9570808,3150,9570808,,71,201,c6d1ef6ff2bcfdbcac74825ba303c261f891d4a0,0,0,0,0,0,
20210201,NJ,700346,73701,8867312,,posNeg,9567658,2865,60621,531,,355,,,2/1/2021 00:00,2021-02-01T00:00:00Z,01/31 19:00,21513,60621,68012,2021-02-01T00:00:00Z,9493957,,,626645,19384,2129,,,,,,,,,,,,,34,3517,156167,9567658,159684,9567658,,29,77,c6400af7f2a954ba9caae677ab50deb98dd8ddcb,0,0,0,0,0,
20210131,NJ,696829,73288,8711145,,posNeg,9407974,2901,60544,519,,355,,,1/31/2021 00:00,2021-01-31T00:00:00Z,01/30 19:00,21484,60544,67719,2021-01-31T00:00:00Z,9326347,,,623541,19355,2129,,,,,,,,,,,,,34,4286,0,9407974,4286,9407974,,29,73,845acc19bdbb1445ed9ffde087a60736146909d4,0,0,0,0,0,
20210130,NJ,692543,72811,8711145,,posNeg,9403688,3075,60471,533,,359,,,1/30/2021 00:00,2021-01-30T00:00:00Z,01/29 19:00,21455,60471,67296,2021-01-30T00:00:00Z,9326347,,,619732,19326,2129,,,,,,,,,,,,,34,5274,0,9403688,5274,9403688,,72,145,10135ac708b01866d5895e8ee640e0ebfc659b2a,0,0,0,0,0,
20210129,NJ,687269,72067,8711145,,posNeg,9398414,3116,60326,548,,378,,,1/29/2021 00:00,2021-01-29T00:00:00Z,01/28 19:00,21383,60326,66931,2021-01-29T00:00:00Z,9326347,,,615202,19254,2129,,,,,,,,,,,,,34,5986,51397,9398414,57383,9398414,,82,201,40359fdf7b269f38f59612e8e0b394d84e24cf76,0,0,0,0,0,
20210128,NJ,681283,70959,8659748,,posNeg,9341031,3121,60125,563,,406,,,1/28/2021 00:00,2021-01-28T00:00:00Z,01/27 19:00,21301,60125,66568,2021-01-28T00:00:00Z,9270072,,,610324,19172,2129,,,,,,,,,,,,,34,4746,41277,9341031,46023,9341031,,81,246,17e473a35dd8730eccc12072a96254aff1499bb9,0,0,0,0,0,
20210127,NJ,676537,70045,8618471,,posNeg,9295008,3190,59879,578,,406,,,1/27/2021 00:00,2021-01-27T00:00:00Z,01/26 19:00,21220,59879,66173,2021-01-27T00:00:00Z,9224963,,,606492,19091,2129,,,,,,,,,,,,,34,4810,38377,9295008,43187,9295008,,115,218,c2d9790e992b629b21a4f90d51011d6fb4d6ef97,0,0,0,0,0,
20210126,NJ,671727,69067,8580094,,posNeg,9251821,3251,59661,572,,404,,,1/26/2021 00:00,2021-01-26T00:00:00Z,01/25 19:00,21105,59661,65757,2021-01-26T00:00:00Z,9182754,,,602660,18984,2121,,,,,,,,,,,,,34,4776,184415,9251821,189191,9251821,,133,223,d5af74ba6562a3177982f435e3bb55ecf653f2cf,0,0,0,0,0,
20210125,NJ,666951,68291,8395679,,posNeg,9062630,3238,59438,596,,390,,,1/25/2021 00:00,2021-01-25T00:00:00Z,01/24 19:00,20972,59438,65519,2021-01-25T00:00:00Z,8986079,,,598660,18851,2121,,,,,,,,,,,,,34,4143,0,9062630,4143,9062630,,21,69,d5d83547d689a37ef068f1c9efe47b0853ff055e,0,0,0,0,0,
20210124,NJ,662808,67806,8395679,,posNeg,9058487,3186,59369,590,,376,,,1/24/2021 00:00,2021-01-24T00:00:00Z,01/23 19:00,20951,59369,65274,2021-01-24T00:00:00Z,8986079,,,595002,18830,2121,,,,,,,,,,,,,34,5272,0,9058487,5272,9058487,,17,105,c61b0197c93bd31f4d21651fef81bb3e148365aa,0,0,0,0,0,
20210123,NJ,657536,67136,8395679,,posNeg,9053215,3236,59264,603,,425,,,1/23/2021 00:00,2021-01-23T00:00:00Z,01/22 19:00,20934,59264,64877,2021-01-23T00:00:00Z,8986079,,,590400,18813,2121,,,,,,,,,,,,,34,7147,39124,9053215,46271,9053215,,59,3909,042461ca51fde952b11107814fc4f39e649f778b,0,0,0,0,0,
20210122,NJ,650389,66098,8356555,,posNeg,9006944,3328,55355,638,,445,,,1/22/2021 00:00,2021-01-22T00:00:00Z,01/21 19:00,20875,55355,64466,2021-01-22T00:00:00Z,8940846,,,584291,18754,2121,,,,,,,,,,,,,34,4200,45878,9006944,50078,9006944,,115,164,2226addbf9916ef280761885daafb2743c15c239,0,0,0,0,0,
20210121,NJ,646189,65501,8310677,,posNeg,8956866,3395,55191,626,,427,,,1/21/2021 00:00,2021-01-21T00:00:00Z,01/20 19:00,20760,55191,64006,2021-01-21T00:00:00Z,8887397,,,580688,18639,2121,,,,,,,,,,,,,34,5049,0,8956866,5049,8956866,,96,184,745ee3445886763c07a7da60e9eeb758546aa7fe,0,0,0,0,0,
20210120,NJ,641140,64420,8310677,,posNeg,8951817,3547,55007,635,,432,,,1/20/2021 00:00,2021-01-20T00:00:00Z,01/19 19:00,20664,55007,63562,2021-01-20T00:00:00Z,8887397,,,576720,18543,2121,,,,,,,,,,,,,34,5438,81088,8951817,86526,8951817,,152,205,ba9ecaceff5dd3a8c8b1944d5aa4717a23c8edbc,0,0,0,0,0,
20210119,NJ,635702,63396,8229589,,posNeg,8865291,3506,54802,643,,429,,,1/19/2021 00:00,2021-01-19T00:00:00Z,01/18 19:00,20512,54802,63180,2021-01-19T00:00:00Z,8801895,,,572306,18421,2091,,,,,,,,,,,,,34,4628,168877,8865291,173505,8865291,,54,236,3c6d5fb2c68aae06cc978c0c34853b871d08ae70,0,0,0,0,0,
20210118,NJ,631074,62501,8060712,,posNeg,8691786,3432,54566,632,,426,,,1/18/2021 00:00,2021-01-18T00:00:00Z,01/17 19:00,20458,54566,62937,2021-01-18T00:00:00Z,8616011,,,568573,18367,2091,,,,,,,,,,,,,34,3853,0,8691786,3853,8691786,,19,79,d5ec3cd3a48b126e8fa657a7c77b39a9a54bb353,0,0,0,0,0,
20210117,NJ,627221,62124,8060712,,posNeg,8687933,3677,54487,651,,427,,,1/17/2021 00:00,2021-01-17T00:00:00Z,01/16 19:00,20439,54487,62155,2021-01-17T00:00:00Z,8616011,,,565097,18348,2091,,,,,,,,,,,,,34,5132,0,8687933,5132,8687933,,25,92,3272bb372e8935260a7f47ac9c3e8b5a8f365ccf,0,0,0,0,0,
20210116,NJ,622089,61666,8060712,,posNeg,8682801,3677,54395,651,,427,,,1/16/2021 00:00,2021-01-16T00:00:00Z,01/15 19:00,20414,54395,62155,2021-01-16T00:00:00Z,8616011,,,560423,18323,2091,,,,,,,,,,,,,34,5999,0,8682801,5999,8682801,,94,215,0cdf5707fce0f2c5bd6696afa8032ebb4e24ed3d,0,0,0,0,0,
20210115,NJ,616090,60791,8060712,,posNeg,8676802,3543,54180,626,,438,,,1/15/2021 00:00,2021-01-15T00:00:00Z,01/14 19:00,20320,54180,61718,2021-01-15T00:00:00Z,8616011,,,555299,18229,2091,,,,,,,,,,,,,34,6369,136196,8676802,142565,8676802,,67,176,2f3584be3261b2587af70f904e93d5d485993da2,0,0,0,0,0,
20210114,NJ,609721,59881,7924516,,posNeg,8534237,3638,54004,644,,456,,,1/14/2021 00:00,2021-01-14T00:00:00Z,01/13 19:00,20253,54004,61264,2021-01-14T00:00:00Z,8474356,,,549840,18162,2091,,,,,,,,,,,,,34,7092,49859,8534237,56951,8534237,,92,190,9e47833cd4292fdc65952843f48ae113ff9676e7,0,0,0,0,0,
20210113,NJ,602629,58655,7874657,,posNeg,8477286,3726,53814,648,,452,,,1/13/2021 00:00,2021-01-13T00:00:00Z,01/12 19:00,20161,53814,60769,2021-01-13T00:00:00Z,8411772,,,543974,18070,2091,,,,,,,,,,,,,34,7880,0,8477286,7880,8477286,,122,237,c06b943527f0392762943f740e38fe6ab92f2179,0,0,0,0,0,
20210112,NJ,594749,57634,7874657,,posNeg,8469406,3703,53577,658,,440,,,1/12/2021 00:00,2021-01-12T00:00:00Z,01/11 19:00,20039,53577,60328,2021-01-12T00:00:00Z,8411772,,,537115,17980,2059,,,,,,,,,,,,,34,4587,212974,8469406,217561,8469406,,107,242,089e647ff62a79fdb81e103d278ad31d10ba7afc,0,0,0,0,0,
20210111,NJ,590162,57203,7661683,,posNeg,8251845,3653,53335,649,,438,,,1/11/2021 00:00,2021-01-11T00:00:00Z,01/10 19:00,19932,53335,60052,2021-01-11T00:00:00Z,8184718,,,532959,17873,2059,,,,,,,,,,,,,34,5334,0,8251845,5334,8251845,,46,82,f87a32a33a5fdb9f217e86fdc4d94bd0f0a340d8,0,0,0,0,0,
20210110,NJ,584828,56774,7661683,,posNeg,8246511,3589,53253,625,,431,,,1/10/2021 00:00,2021-01-10T00:00:00Z,01/09 19:00,19886,53253,59705,2021-01-10T00:00:00Z,8184718,,,528054,17827,2059,,,,,,,,,,,,,34,5646,0,8246511,5646,8246511,,32,82,1c88c99575cd7b986c39577a57aec6c1b9393fbf,0,0,0,0,0,
20210109,NJ,579182,56147,7661683,,posNeg,8240865,3638,53171,652,,423,,,1/9/2021 00:00,2021-01-09T00:00:00Z,01/08 19:00,19854,53171,59246,2021-01-09T00:00:00Z,8184718,,,523035,17795,2059,,,,,,,,,,,,,34,7427,59386,8240865,66813,8240865,,98,3434,268fdcf6ab37306536e5e090947afe78466da1f3,0,0,0,0,0,
20210108,NJ,571755,55147,7602297,,posNeg,8174052,3669,49737,655,,439,,,1/8/2021 00:00,2021-01-08T00:00:00Z,01/07 19:00,19756,49737,58799,2021-01-08T00:00:00Z,8118905,,,516608,17697,2059,,,,,,,,,,,,,34,6949,46041,8174052,52990,8174052,,110,222,43a2b8ea632f2cca9a60955ea79fb76f9ffff51c,0,0,0,0,0,
20210107,NJ,564806,53967,7556256,,posNeg,8121062,3711,49515,654,,430,,,1/7/2021 00:00,2021-01-07T00:00:00Z,01/06 19:00,19646,49515,58335,2021-01-07T00:00:00Z,8060903,,,510839,17587,2059,,,,,,,,,,,,,34,7539,0,8121062,7539,8121062,,123,191,d926de4ad40759e8e26ed1545fcc8efe6b817b55,0,0,0,0,0,
20210106,NJ,557267,52620,7556256,,posNeg,8113523,3744,49324,668,,456,,,1/6/2021 00:00,2021-01-06T00:00:00Z,01/05 19:00,19523,49324,57888,2021-01-06T00:00:00Z,8060903,,,504647,17464,2059,,,,,,,,,,,,,34,5848,40002,8113523,45850,8113523,,141,266,0bf35af6d179dd176b5316a417385403ec0733c4,0,0,0,0,0,
20210105,NJ,551419,51783,7516254,,posNeg,8067673,3702,49058,679,,481,,,1/5/2021 00:00,2021-01-05T00:00:00Z,01/04 19:00,19382,49058,57439,2021-01-05T00:00:00Z,8015890,,,499636,17361,2021,,,,,,,,,,,,,34,6271,206401,8067673,212672,8067673,,138,288,46517865987c5b63e5d0fe037990454ac16a7b4c,0,0,0,0,0,
20210104,NJ,545148,50831,7309853,,posNeg,7855001,3633,48770,664,,476,,,1/4/2021 00:00,2021-01-04T00:00:00Z,01/03 19:00,19244,48770,57168,2021-01-04T00:00:00Z,7792714,,,494317,17223,2021,,,,,,,,,,,,,34,2358,0,7855001,2358,7855001,,36,27,b4e0602ec789b1dad9774d95dfbfa0a0af1494e1,0,0,0,0,0,
20210103,NJ,542790,50748,7309853,,posNeg,7852643,3521,48743,669,,462,,,1/3/2021 00:00,2021-01-03T00:00:00Z,01/02 19:00,19208,48743,56873,2021-01-03T00:00:00Z,7792714,,,492042,17187,2021,,,,,,,,,,,,,34,4088,0,7852643,4088,7852643,,21,107,65426d51b110fa388d2b2ae437af4b2f430e4c90,0,0,0,0,0,
20210102,NJ,538702,50330,7309853,,posNeg,7848555,3497,48636,678,,465,,,1/2/2021 00:00,2021-01-02T00:00:00Z,01/01 19:00,19187,48636,56575,2021-01-02T00:00:00Z,7792714,,,488372,17166,2021,,,,,,,,,,,,,34,5799,0,7848555,5799,7848555,,27,64,8bf917e58712db36898a2faa3dbf4347d9484e6c,0,0,0,0,0,
20210101,NJ,532903,50042,7309853,,posNeg,7842756,3625,48572,693,,471,,,1/1/2021 00:00,2021-01-01T00:00:00Z,12/31 19:00,19160,48572,56109,2021-01-01T00:00:00Z,7792714,,,482861,17139,2021,,,,,,,,,,,,,34,5918,51438,7842756,57356,7842756,,118,1246,ee0f166fc025ba0dcc13803a7f376c6dbaf60e02,0,0,0,0,0,
20201231,NJ,526985,49625,7258415,,posNeg,7785400,3716,47326,693,,462,,,12/31/2020 00:00,2020-12-31T00:00:00Z,12/30 19:00,19042,47326,55670,2020-12-31T00:00:00Z,7735775,,,477360,17021,2021,,,,,,,,,,,,,34,5712,32551,7785400,38263,7785400,,90,236,d0c796e97dc06ca2b3b0d51054e00b0c002fff51,0,0,0,0,0,
20201230,NJ,521273,49009,7225864,,posNeg,7747137,3727,47090,701,,467,,,12/30/2020 00:00,2020-12-30T00:00:00Z,12/29 19:00,18952,47090,55176,2020-12-30T00:00:00Z,7693486,,,472264,16931,2021,,,,,,,,,,,,,34,5230,0,7747137,5230,7747137,,175,306,8e9129524e743361e8dca01798d5e345e0d604fe,0,0,0,0,0,
20201229,NJ,516043,48421,7225864,,posNeg,7741907,3765,46784,723,,473,,,12/29/2020 00:00,2020-12-29T00:00:00Z,12/28 19:00,18777,46784,54739,2020-12-29T00:00:00Z,7693486,,,467622,16832,1945,,,,,,,,,,,,,34,4407,32311,7741907,36718,7741907,,126,301,eeebd632be83d625381e12adb3245a4f678c2a07,0,0,0,0,0,
20201228,NJ,511636,47671,7193553,,posNeg,7705189,3619,46483,704,,499,,,12/28/2020 00:00,2020-12-28T00:00:00Z,12/27 19:00,18651,46483,54437,2020-12-28T00:00:00Z,7657518,,,463965,16706,1945,,,,,,,,,,,,,34,3313,188090,7705189,191403,7705189,,21,110,0203d68d4472a56d1cfac498f77ffbb203d33a74,0,0,0,0,0,
20201227,NJ,508323,47102,7005463,,posNeg,7513786,3469,46373,686,,487,,,12/27/2020 00:00,2020-12-27T00:00:00Z,12/26 19:00,18630,46373,54149,2020-12-27T00:00:00Z,7460365,,,461221,16685,1945,,,,,,,,,,,,,34,2895,0,7513786,2895,7513786,,17,116,8c8bab50ddaf33423be7e7d17d5b78cded3d3803,0,0,0,0,0,
20201226,NJ,505428,46527,7005463,,posNeg,7510891,3431,46257,724,,478,,,12/26/2020 00:00,2020-12-26T00:00:00Z,12/25 19:00,18613,46257,53910,2020-12-26T00:00:00Z,7460365,,,458901,16668,1945,,,,,,,,,,,,,34,4331,0,7510891,4331,7510891,,18,55,923ad73b9ffdd5a5aa687faf6c1f62e0b760b04a,0,0,0,0,0,
20201225,NJ,501097,46195,7005463,,posNeg,7506560,3669,46202,753,,524,,,12/25/2020 00:00,2020-12-25T00:00:00Z,12/24 19:00,18595,46202,53412,2020-12-25T00:00:00Z,7460365,,,454902,16650,1945,,,,,,,,,,,,,34,5605,56944,7506560,62549,7506560,,51,164,c5467c0949fd54d63f2654e183bef88f529b9d4a,0,0,0,0,0,
20201224,NJ,495492,45650,6948519,,posNeg,7444011,3802,46038,749,,524,,,12/24/2020 00:00,2020-12-24T00:00:00Z,12/23 19:00,18544,46038,52902,2020-12-24T00:00:00Z,7398361,,,449842,16599,1945,,,,,,,,,,,,,34,5330,46010,7444011,51340,7444011,,78,231,278eb285b643d2312092fc52d35171d8cbaf9b64,0,0,0,0,0,
20201223,NJ,490162,45024,6902509,,posNeg,7392671,3841,45807,765,,485,,,12/23/2020 00:00,2020-12-23T00:00:00Z,12/22 19:00,18466,45807,52422,2020-12-23T00:00:00Z,7347647,,,445138,16521,1945,,,,,,,,,,,,,34,5453,42749,7392671,48202,7392671,,140,263,1ce70936a88724ba99a20c8f86d74398bf7f78fb,0,0,0,0,0,
20201222,NJ,484709,44373,6859760,,posNeg,7344469,3735,45544,740,,492,,,12/22/2020 00:00,2020-12-22T00:00:00Z,12/21 19:00,18326,45544,51994,2020-12-22T00:00:00Z,7295523,,,440336,16418,1908,,,,,,,,,,,,,34,5266,0,7344469,5266,7344469,,103,260,f023cca55e25733e040a560d4d114463bbb6d2a3,0,0,0,0,0,
20201221,NJ,479443,43680,6859760,,posNeg,7339203,3607,45284,727,,481,,,12/21/2020 00:00,2020-12-21T00:00:00Z,12/20 19:00,18223,45284,51746,2020-12-21T00:00:00Z,7295523,,,435763,16315,1908,,,,,,,,,,,,,34,3686,187281,7339203,190967,7339203,,29,102,e5f4e0144f7267bcb9a6f2090bc085aea69ee241,0,0,0,0,0,
20201220,NJ,475757,43165,6672479,,posNeg,7148236,3574,45182,707,,474,,,12/20/2020 00:00,2020-12-20T00:00:00Z,12/19 19:00,18194,45182,51440,2020-12-20T00:00:00Z,7095705,,,432592,16286,1908,,,,,,,,,,,,,34,5731,0,7148236,5731,7148236,,21,150,225d5e0cab6bf16d73acbd85815e6c501216303c,0,0,0,0,0,
20201219,NJ,470026,42609,6672479,,posNeg,7142505,3570,45032,687,,471,,,12/19/2020 00:00,2020-12-19T00:00:00Z,12/18 19:00,18173,45032,50966,2020-12-19T00:00:00Z,7095705,,,427417,16265,1908,,,,,,,,,,,,,34,4859,0,7142505,4859,7142505,,49,143,7bcd08ed51d7a186ea6b38d7a82697bc60f29a4e,0,0,0,0,0,
20201218,NJ,465167,41941,6672479,,posNeg,7137646,3582,44889,715,,480,,,12/18/2020 00:00,2020-12-18T00:00:00Z,12/17 19:00,18124,44889,50629,2020-12-18T00:00:00Z,7095705,,,423226,16216,1908,,,,,,,,,,,,,34,4445,141939,7137646,146384,7137646,,44,287,7c6f409d1fcb486ad604487a79686f77d1679b43,0,0,0,0,0,
20201217,NJ,460722,41392,6530540,,posNeg,6991262,3637,44602,726,,488,,,12/17/2020 00:00,2020-12-17T00:00:00Z,12/16 19:00,18080,44602,50167,2020-12-17T00:00:00Z,6945615,,,419330,16172,1908,,,,,,,,,,,,,34,4911,0,6991262,4911,6991262,,77,141,effe7ee44ed7c7fda1fbdb9ea7699dc0fa68492f,0,0,0,0,0,
20201216,NJ,455811,40736,6530540,,posNeg,6986351,3672,44461,721,,482,,,12/16/2020 00:00,2020-12-16T00:00:00Z,12/15 19:00,18003,44461,49695,2020-12-16T00:00:00Z,6945615,,,415075,16095,1908,,,,,,,,,,,,,34,6306,69631,6986351,75937,6986351,,131,325,a44db5dde59740ab3ca1ead9fae4e2f263318e47,0,0,0,0,0,
20201215,NJ,449505,40091,6460909,,posNeg,6910414,3660,44136,727,,456,,,12/15/2020 00:00,2020-12-15T00:00:00Z,12/14 19:00,17872,44136,49245,2020-12-15T00:00:00Z,6870323,,,409414,16004,1868,,,,,,,,,,,,,34,4701,79722,6910414,84423,6910414,,97,225,087bf3851381550996cc8c9370efe1a958f3c8c8,0,0,0,0,0,
20201214,NJ,444804,39356,6381187,,posNeg,6825991,3635,43911,704,,491,,,12/14/2020 00:00,2020-12-14T00:00:00Z,12/13 19:00,17775,43911,48951,2020-12-14T00:00:00Z,6786635,,,405448,15907,1868,,,,,,,,,,,,,34,5337,184431,6825991,189768,6825991,,24,77,3923dbc34238f7ed5ea36f4162b209bcc2866382,0,0,0,0,0,
20201213,NJ,439467,38817,6196756,,posNeg,6636223,3591,43834,691,,448,,,12/13/2020 00:00,2020-12-13T00:00:00Z,12/12 19:00,17751,43834,48654,2020-12-13T00:00:00Z,6587012,,,400650,15883,1868,,,,,,,,,,,,,34,4711,0,6636223,4711,6636223,,19,122,07eeb3d15b0840d0de58c77b9636c612e1096957,0,0,0,0,0,
20201212,NJ,434756,38260,6196756,,posNeg,6631512,3543,43712,690,,438,,,12/12/2020 00:00,2020-12-12T00:00:00Z,12/11 19:00,17732,43712,48184,2020-12-12T00:00:00Z,6587012,,,396496,15864,1868,,,,,,,,,,,,,34,6888,0,6631512,6888,6631512,,70,250,c6051401c4e649b21e9c83d162a53e7aff809e52,0,0,0,0,0,
20201211,NJ,427868,37612,6196756,,posNeg,6624624,3571,43462,687,,421,,,12/11/2020 00:00,2020-12-11T00:00:00Z,12/10 19:00,17662,43462,47789,2020-12-11T00:00:00Z,6587012,,,390256,15794,1868,,,,,,,,,,,,,34,4335,45607,6624624,49942,6624624,,54,203,70929dc6a3b0c5062517a1beb336ed5dcf47fcf1,0,0,0,0,0,
20201210,NJ,423533,36927,6151149,,posNeg,6574682,3545,43259,644,,412,,,12/10/2020 00:00,2020-12-10T00:00:00Z,12/09 19:00,17608,43259,47364,2020-12-10T00:00:00Z,6537755,,,386606,15740,1868,,,,,,,,,,,,,34,5800,44110,6574682,49910,6574682,,66,184,7efdd0fc18c47b4cc178ac675ce424fe84116353,0,0,0,0,0,
20201209,NJ,417733,36247,6107039,,posNeg,6524772,3533,43075,630,,412,,,12/9/2020 00:00,2020-12-09T00:00:00Z,12/08 19:00,17542,43075,46924,2020-12-09T00:00:00Z,6488525,,,381486,15674,1868,,,,,,,,,,,,,34,5119,134748,6524772,139867,6524772,,116,256,c816ae30a1bc3c45edf261ca07d1d9de33070aec,0,0,0,0,0,
20201208,NJ,412614,35559,5972291,,posNeg,6384905,3481,42819,670,,422,,,12/8/2020 00:00,2020-12-08T00:00:00Z,12/07 19:00,17426,42819,46527,2020-12-08T00:00:00Z,6349346,,,377055,15590,1836,,,,,,,,,,,,,34,6319,53494,6384905,59813,6384905,,90,259,dc1a12a14d96d2d76db3b4f58d524e5a41e4094f,0,0,0,0,0,
20201207,NJ,406295,34716,5918797,,posNeg,6325092,3346,42560,637,,391,,,12/7/2020 00:00,2020-12-07T00:00:00Z,12/06 19:00,17336,42560,46290,2020-12-07T00:00:00Z,6280783,,,371579,15500,1836,,,,,,,,,,,,,34,4137,0,6325092,4137,6325092,,15,104,8fcddfb8958a84448bfff1ae31c2b463a24e6ff3,0,0,0,0,0,
20201206,NJ,402158,34142,5918797,,posNeg,6320955,3241,42456,622,,396,,,12/6/2020 00:00,2020-12-06T00:00:00Z,12/05 19:00,17321,42456,46021,2020-12-06T00:00:00Z,6280783,,,368016,15485,1836,,,,,,,,,,,,,34,6632,0,6320955,6632,6320955,,15,95,60224b7126802a411e10bb6179a4bc1b484d5e03,0,0,0,0,0,
20201205,NJ,395526,33540,5918797,,posNeg,6314323,3264,42361,628,,384,,,12/5/2020 00:00,2020-12-05T00:00:00Z,12/04 19:00,17306,42361,45562,2020-12-05T00:00:00Z,6280783,,,361986,15470,1836,,,,,,,,,,,,,34,6048,92960,6314323,99008,6314323,,51,198,fb99d35c00ef064fc6f0af2c3bc42cdb4b6c3c8c,0,0,0,0,0,
20201204,NJ,389478,32816,5825837,,posNeg,6215315,3315,42163,615,,386,,,12/4/2020 00:00,2020-12-04T00:00:00Z,12/03 19:00,17255,42163,45139,2020-12-04T00:00:00Z,6176836,,,356662,15419,1836,,,,,,,,,,,,,34,6426,0,6215315,6426,6215315,,46,176,5dd8594c5761faf4dca8dfbc2a07f37e2903e0c6,0,0,0,0,0,
20201203,NJ,383052,32053,5825837,,posNeg,6208889,3292,41987,610,,366,,,12/3/2020 00:00,2020-12-03T00:00:00Z,12/02 19:00,17209,41987,44777,2020-12-03T00:00:00Z,6176836,,,350999,15373,1836,,,,,,,,,,,,,34,5556,38456,6208889,44012,6208889,,64,242,28ff98de951abe8587a739190996e8b3157a1d6c,0,0,0,0,0,
20201202,NJ,377496,31290,5787381,,posNeg,6164877,3287,41745,599,,354,,,12/2/2020 00:00,2020-12-02T00:00:00Z,12/01 19:00,17145,41745,44380,2020-12-02T00:00:00Z,6133587,,,346206,15309,1836,,,,,,,,,,,,,34,5155,38189,6164877,43344,6164877,,62,440,8d8c1978f802b4bf604a20df2e4930e86f5d06fd,0,0,0,0,0,
20201201,NJ,372341,30431,5749192,,posNeg,6121533,3129,41305,601,,359,,,12/1/2020 00:00,2020-12-01T00:00:00Z,11/30 19:00,17083,41305,44013,2020-12-01T00:00:00Z,6086496,,,341910,15254,1829,,,,,,,,,,,,,34,5443,0,6121533,5443,6121533,,90,92,a5876a6b9d3be5b148eae5fd38f89be66f8615eb,0,0,0,0,0,
20201130,NJ,366898,29594,5749192,,posNeg,6116090,2961,41213,575,,332,,,11/30/2020 00:00,2020-11-30T00:00:00Z,11/29 19:00,16993,41213,43771,2020-11-30T00:00:00Z,6086496,,,337304,15164,1829,,,,,,,,,,,,,34,3815,135883,6116090,139698,6116090,,15,0,71cef94b00ad6e9c604a0e65bff0dc7e329da4ba,0,0,0,0,0,
20201129,NJ,363083,28969,5613309,,posNeg,5976392,2877,41213,559,,304,,,11/29/2020 00:00,2020-11-29T00:00:00Z,11/28 19:00,16978,41213,43504,2020-11-29T00:00:00Z,5943584,,,334114,15149,1829,,,,,,,,,,,,,34,4499,0,5976392,4499,5976392,,13,95,79fb6f8f8a1c9417ac7ed46ec3334303e9555a45,0,0,0,0,0,
20201128,NJ,358584,28309,5613309,,posNeg,5971893,2830,41118,560,,305,,,11/28/2020 00:00,2020-11-28T00:00:00Z,11/27 19:00,16965,41118,43167,2020-11-28T00:00:00Z,5943584,,,330275,15136,1829,,,,,,,,,,,,,34,4530,103875,5971893,108405,5971893,,23,136,ee6ce93c4b9c94d4ff330af73c6e8e779315f937,0,0,0,0,0,
20201127,NJ,354054,27581,5509434,,posNeg,5863488,2796,40982,559,,279,,,11/27/2020 00:00,2020-11-27T00:00:00Z,11/26 19:00,16942,40982,42923,2020-11-27T00:00:00Z,5827339,,,326473,15113,1829,,,,,,,,,,,,,34,4497,0,5863488,4497,5863488,,17,152,fd389d9b21be6bd671f06180bd63f8454f9f1e29,0,0,0,0,0,
20201126,NJ,349557,27179,5509434,,posNeg,5858991,2831,40830,550,,284,,,11/26/2020 00:00,2020-11-26T00:00:00Z,11/25 19:00,16925,40830,42489,2020-11-26T00:00:00Z,5827339,,,322378,15096,1829,,,,,,,,,,,,,34,5160,0,5858991,5160,5858991,,39,124,2af170ae4e5c10f3ebc6cbfc248eabd9fc2f5ba8,0,0,0,0,0,
20201125,NJ,344397,26492,5509434,,posNeg,5853831,2902,40706,545,,281,,,11/25/2020 00:00,2020-11-25T00:00:00Z,11/24 19:00,16886,40706,42125,2020-11-25T00:00:00Z,5827339,,,317905,15057,1829,,,,,,,,,,,,,34,4755,97718,5853831,102473,5853831,,67,234,32058b6ae6995c1748a0e404f22e60eeb0bdc7b4,0,0,0,0,0,
20201124,NJ,339642,25779,5411716,,posNeg,5751358,2785,40472,522,,265,,,11/24/2020 00:00,2020-11-24T00:00:00Z,11/23 19:00,16819,40472,41781,2020-11-24T00:00:00Z,5725579,,,313863,15007,1812,,,,,,,,,,,,,34,4971,46038,5751358,51009,5751358,,47,250,3422c05ee8c08905312b821d1827271721b05e28,0,0,0,0,0,
20201123,NJ,334671,25083,5365678,,posNeg,5700349,2693,40222,537,,240,,,11/23/2020 00:00,2020-11-23T00:00:00Z,11/22 19:00,16772,40222,41550,2020-11-23T00:00:00Z,5675266,,,309588,14960,1812,,,,,,,,,,,,,34,4040,50536,5700349,54576,5700349,,11,123,1938536fc63a230c78c10ca964239e5ceecdde14,0,0,0,0,0,
20201122,NJ,330631,24624,5315142,,posNeg,5645773,2568,40099,466,,237,,,11/22/2020 00:00,2020-11-22T00:00:00Z,11/21 19:00,16761,40099,41303,2020-11-22T00:00:00Z,5621149,,,306007,14949,1812,,,,,,,,,,,,,34,4441,49839,5645773,54280,5645773,,15,106,57ee783aebf7c59683248ecdac1394912bf11a97,0,0,0,0,0,
20201121,NJ,326190,24151,5265303,,posNeg,5591493,2552,39993,486,,232,,,11/21/2020 00:00,2020-11-21T00:00:00Z,11/20 19:00,16746,39993,41006,2020-11-21T00:00:00Z,5567342,,,302039,14934,1812,,,,,,,,,,,,,34,5252,44973,5591493,50225,5591493,,34,168,f005933cdab2e089925aca0ba2f85a2e80fdf72f,0,0,0,0,0,
20201120,NJ,320938,23568,5220330,,posNeg,5541268,2505,39825,452,,233,,,11/20/2020 00:00,2020-11-20T00:00:00Z,11/19 19:00,16712,39825,40705,2020-11-20T00:00:00Z,5517700,,,297370,14900,1812,,,,,,,,,,,,,34,4325,43744,5541268,48069,5541268,,23,177,50aed042859c777dfb74dee85e8e930fd713a5f6,0,0,0,0,0,
20201119,NJ,316613,22869,5176586,,posNeg,5493199,2471,39648,456,,216,,,11/19/2020 00:00,2020-11-19T00:00:00Z,11/18 19:00,16689,39648,40415,2020-11-19T00:00:00Z,5466148,,,293744,14877,1812,,,,,,,,,,,,,34,4871,0,5493199,4871,5493199,,34,400,ed5ade86e4ff402dd6c6e6af140982d0fcabb7a4,0,0,0,0,0,
20201118,NJ,311742,22180,5176586,,posNeg,5488328,2446,39248,461,,223,,,11/18/2020 00:00,2020-11-18T00:00:00Z,11/17 19:00,16655,39248,40090,2020-11-18T00:00:00Z,5466148,,,289562,14843,1812,,,,,,,,,,,,,34,4759,87414,5488328,92173,5488328,,37,53,db8402002942ff1a928db02c618bf54f2b2be0d7,0,0,0,0,0,
20201117,NJ,306983,21464,5089172,,posNeg,5396155,2320,39195,458,,155,,,11/17/2020 00:00,2020-11-17T00:00:00Z,11/16 19:00,16618,39195,39800,2020-11-17T00:00:00Z,5374691,,,285519,14817,1801,,,,,,,,,,,,,34,4735,29376,5396155,34111,5396155,,38,89,c43f6d2ceb228de5e7be0ff0d59e0863f32c774a,0,0,0,0,0,
20201116,NJ,302248,20755,5059796,,posNeg,5362044,2115,39106,417,,137,,,11/16/2020 00:00,2020-11-16T00:00:00Z,11/15 19:00,16580,39106,39643,2020-11-16T00:00:00Z,5339070,,,281493,14779,1801,,,,,,,,,,,,,34,2734,0,5362044,2734,5362044,,14,88,f5f69f429b67c14cdb6dbdaaca7847f0357334dc,0,0,0,0,0,
20201115,NJ,299514,20240,5059796,,posNeg,5359310,2004,39018,392,,135,,,11/15/2020 00:00,2020-11-15T00:00:00Z,11/14 19:00,16566,39018,39489,2020-11-15T00:00:00Z,5339070,,,279274,14765,1801,,,,,,,,,,,,,34,5042,123805,5359310,128847,5359310,,18,82,7f7890004a1e9dbdbbdf5b21b49649c69524c313,0,0,0,0,0,
20201114,NJ,294472,19736,4935991,,posNeg,5230463,2000,38936,370,,134,,,11/14/2020 00:00,2020-11-14T00:00:00Z,11/13 19:00,16548,38936,39253,2020-11-14T00:00:00Z,5210727,,,274736,14747,1801,,,,,,,,,,,,,34,4970,37143,5230463,42113,5230463,,26,70,964d360b94effab6d21e75f8e9a4b51fe3584f0b,0,0,0,0,0,
20201113,NJ,289502,19119,4898848,,posNeg,5188350,1909,38866,359,,129,,,11/13/2020 00:00,2020-11-13T00:00:00Z,11/12 19:00,16522,38866,39052,2020-11-13T00:00:00Z,5169231,,,270383,14721,1801,,,,,,,,,,,,,34,4023,41236,5188350,45259,5188350,,27,105,8b371ac3ab774048c86ae0e4091bfaf8fb7a0119,0,0,0,0,0,
20201112,NJ,285479,18493,4857612,,posNeg,5143091,1827,38761,360,,117,,,11/12/2020 00:00,2020-11-12T00:00:00Z,11/11 19:00,16495,38761,38809,2020-11-12T00:00:00Z,5124598,,,266986,14694,1801,,,,,,,,,,,,,34,4236,36314,5143091,40550,5143091,,19,161,1a9c5713b4fd5178a1d149e494bb7761a79cd6d7,0,0,0,0,0,
20201111,NJ,281243,17748,4821298,,posNeg,5102541,1801,38600,334,,104,,,11/11/2020 00:00,2020-11-11T00:00:00Z,11/10 19:00,16476,38600,38586,2020-11-11T00:00:00Z,5084793,,,263495,14676,1800,,,,,,,,,,,,,34,3733,40664,5102541,44397,5102541,,15,147,bbe762f509dc24bff4a183ac16848284a62cf830,0,0,0,0,0,
20201110,NJ,277510,17080,4780634,,posNeg,5058144,1645,38453,327,,98,,,11/10/2020 00:00,2020-11-10T00:00:00Z,11/09 19:00,16461,38453,38407,2020-11-10T00:00:00Z,5037287,,,260430,14661,1800,,,,,,,,,,,,,34,4435,0,5058144,4435,5058144,,21,117,687fcbe239135fe232f0e74915153897745d2332,0,0,0,0,0,
20201109,NJ,273075,16422,4780634,,posNeg,5053709,1537,38336,309,,94,,,11/9/2020 00:00,2020-11-09T00:00:00Z,11/08 19:00,16440,38336,38322,2020-11-09T00:00:00Z,5037287,,,256653,14640,1800,,,,,,,,,,,,,34,2553,69586,5053709,72139,5053709,,11,36,be8c07b89c9a7b08da05727338ab1d333929ee82,0,0,0,0,0,
20201108,NJ,270522,15927,4711048,,posNeg,4981570,1439,38300,284,,89,,,11/8/2020 00:00,2020-11-08T00:00:00Z,11/07 19:00,16429,38300,38016,2020-11-08T00:00:00Z,4963630,,,254595,14629,1800,,,,,,,,,,,,,34,2494,0,4981570,2494,4981570,,4,50,86da7cb434b00a7c03c83d93419f6ecffc4819f5,0,0,0,0,0,
20201107,NJ,268028,15446,4711048,,posNeg,4979076,1392,38250,276,,76,,,11/7/2020 00:00,2020-11-07T00:00:00Z,11/06 19:00,16425,38250,38016,2020-11-07T00:00:00Z,4963630,,,252582,14625,1800,,,,,,,,,,,,,34,3800,96992,4979076,100792,4979076,,9,72,ded88509325d9b7fba95a526bb77d0e1fe044e89,0,0,0,0,0,
20201106,NJ,264228,14848,4614056,,posNeg,4878284,1336,38178,274,,81,,,11/6/2020 00:00,2020-11-06T00:00:00Z,11/05 19:00,16416,38178,37818,2020-11-06T00:00:00Z,4863436,,,249380,14616,1800,,,,,,,,,,,,,34,2772,43223,4878284,45995,4878284,,13,123,213af55c778183122864415f9dbc7a4cda4184fd,0,0,0,0,0,
20201105,NJ,261456,14237,4570833,,posNeg,4832289,1224,38055,238,,85,,,11/5/2020 00:00,2020-11-05T00:00:00Z,11/04 19:00,16403,38055,37696,2020-11-05T00:00:00Z,4818052,,,247219,14603,1800,,,,,,,,,,,,,34,2576,46999,4832289,49575,4832289,,12,97,f4664e358b03b0776faf0982ad3300b930c47e89,0,0,0,0,0,
20201104,NJ,258880,13623,4523834,,posNeg,4782714,1213,37958,238,,80,,,11/4/2020 00:00,2020-11-04T00:00:00Z,11/03 19:00,16391,37958,37559,2020-11-04T00:00:00Z,4766659,,,245257,14591,1800,,,,,,,,,,,,,34,3041,0,4782714,3041,4782714,,16,87,f34cbdd5701384ee067d57102912582e0a66893f,0,0,0,0,0,
20201103,NJ,255839,13014,4523834,,posNeg,4779673,1133,37871,216,,78,,,11/3/2020 00:00,2020-11-03T00:00:00Z,11/02 19:00,16375,37871,37394,2020-11-03T00:00:00Z,4766659,,,242825,14582,1793,,,,,,,,,,,,,34,2405,43034,4779673,45439,4779673,,18,133,25ef61e903f4cda7aa8bbf436f9b2eaa3f3f3f52,0,0,0,0,0,
20201102,NJ,253434,12437,4480800,,posNeg,4734234,1109,37738,212,,100,,,11/2/2020 00:00,2020-11-02T00:00:00Z,11/01 19:00,16357,37738,37342,2020-11-02T00:00:00Z,4721797,,,240997,14564,1793,,,,,,,,,,,,,34,1795,62580,4734234,64375,4734234,,3,17,4e2949e5ffe5997526fe28aa5a8eda33bc972312,0,0,0,0,0,
20201101,NJ,251639,12010,4418220,,posNeg,4669859,1104,37721,213,,101,,,11/1/2020 00:00,2020-11-01T00:00:00Z,10/31 20:00,16354,37721,37231,2020-11-01T00:00:00Z,4656106,,,239629,14561,1793,,,,,,,,,,,,,34,2126,0,4669859,2126,4669859,,4,33,ffc4d4b9c9048db03db7280cc82d3b0adb7aa46b,0,0,0,0,0,
20201031,NJ,249513,11627,4418220,,posNeg,4667733,1090,37688,216,,91,,,10/31/2020 00:00,2020-10-31T00:00:00Z,10/30 20:00,16350,37688,37127,2020-10-31T00:00:00Z,4656106,,,237886,14557,1793,,,,,,,,,,,,,34,1751,80236,4667733,81987,4667733,,11,75,36b8df733b46f33a13557be34b5cf15f44b9e6e7,0,0,0,0,0,
20201030,NJ,247762,11239,4337984,,posNeg,4585746,1058,37613,221,,79,,,10/30/2020 00:00,2020-10-30T00:00:00Z,10/29 20:00,16339,37613,37016,2020-10-30T00:00:00Z,4572531,,,236523,14546,1793,,,,,,,,,,,,,34,2398,0,4585746,2398,4585746,,7,64,d9e06c754ec0280b9d3a23165298e564370787fd,0,0,0,0,0,
20201029,NJ,245364,10817,4337984,,posNeg,4583348,1072,37549,217,,79,,,10/29/2020 00:00,2020-10-29T00:00:00Z,10/28 20:00,16332,37549,36849,2020-10-29T00:00:00Z,4572531,,,234547,14539,1793,,,,,,,,,,,,,34,1973,47370,4583348,49343,4583348,,8,64,ece82c20c164b7bf6d16b31ce6a8b7d7effb274f,0,0,0,0,0,
20201028,NJ,243391,10394,4290614,,posNeg,4534005,1010,37485,194,,80,,,10/27/2020 00:00,2020-10-27T00:00:00Z,10/26 20:00,16324,37485,36732,2020-10-27T00:00:00Z,4523611,,,232997,14531,1793,,,,,,,,,,,,,34,2015,37132,4534005,39147,4534005,,18,71,efacdd69fd89d9c0a17d4c6cab697cd62a8ec4c8,0,0,0,0,0,
20201027,NJ,241376,10045,4253482,,posNeg,4494858,957,37414,182,,68,,,10/27/2020 00:00,2020-10-27T00:00:00Z,10/26 20:00,16306,37414,36609,2020-10-27T00:00:00Z,4484813,,,231331,14517,1789,,,,,,,,,,,,,34,2081,27932,4494858,30013,4494858,,14,104,ea271455879fcc1156c14938977ce2742499088e,0,0,0,0,0,
20201026,NJ,239295,9611,4225550,,posNeg,4464845,948,37310,178,,75,,,10/26/2020 00:00,2020-10-26T00:00:00Z,10/25 20:00,16292,37310,36545,2020-10-26T00:00:00Z,4455234,,,229684,14503,1789,,,,,,,,,,,,,34,1495,68136,4464845,69631,4464845,,7,23,40b30b941d3dfd336910a2c13c93543e92bf032f,0,0,0,0,0,
20201025,NJ,237800,9332,4157414,,posNeg,4395214,868,37287,164,,72,,,10/25/2020 00:00,2020-10-25T00:00:00Z,10/24 20:00,16285,37287,36477,2020-10-25T00:00:00Z,4385882,,,228468,14496,1789,,,,,,,,,,,,,34,1407,44859,4395214,46266,4395214,,4,25,d408657446ebfb76c1494ee5e11154db8f3e910f,0,0,0,0,0,
20201024,NJ,236393,9054,4112555,,posNeg,4348948,886,37262,171,,72,,,10/24/2020 00:00,2020-10-24T00:00:00Z,10/23 20:00,16281,37262,36379,2020-10-24T00:00:00Z,4337985,,,227339,14492,1789,,,,,,,,,,,,,34,2206,0,4348948,2206,4348948,,8,40,8839fa312b5f734edf638acd2102b5a7e3b122bb,0,0,0,0,0,
20201023,NJ,234187,8757,4112555,,posNeg,4346742,874,37222,212,,73,,,10/23/2020 00:00,2020-10-23T00:00:00Z,10/22 20:00,16273,37222,36317,2020-10-23T00:00:00Z,4337985,,,225430,14484,1789,,,,,,,,,,,,,34,1315,39328,4346742,40643,4346742,,10,12705,35b196dc9b8b4def83745bf6c6c7af5876716fb4,0,0,0,0,0,
20201022,NJ,232872,8487,4073227,,posNeg,4306099,852,24517,187,,74,,,10/22/2020 00:00,2020-10-22T00:00:00Z,10/21 20:00,16263,24517,36213,2020-10-22T00:00:00Z,4297612,,,224385,14474,1789,,,,,,,,,,,,,34,1444,32327,4306099,33771,4306099,,18,76,8d4d886eed56553bb53808b9a8f1f2a721977ed6,0,0,0,0,0,
20201021,NJ,231428,8205,4040900,,posNeg,4272328,844,24441,175,,63,,,10/21/2020 00:00,2020-10-21T00:00:00Z,10/20 20:00,16245,24441,36110,2020-10-21T00:00:00Z,4264123,,,223223,14456,1789,,,,,,,,,,,,,34,1301,27793,4272328,29094,4272328,,18,79,6fe82753a8632a0f24dc1813f3ac4ac9307ffc54,0,0,0,0,0,
20201020,NJ,230127,7934,4013107,,posNeg,4243234,781,24362,169,,69,,,10/20/2020 00:00,2020-10-20T00:00:00Z,10/19 20:00,16227,24362,36005,2020-10-20T00:00:00Z,4235300,,,222193,14438,1789,,,,,,,,,,,,,34,1235,16607,4243234,17842,4243234,,13,89,a9f497a0ffee674b014605ceed16368654ac5912,0,0,0,0,0,
20201019,NJ,228892,7687,3996500,,posNeg,4225392,758,24273,166,,62,,,10/19/2020 00:00,2020-10-19T00:00:00Z,10/18 20:00,16214,24273,35944,2020-10-19T00:00:00Z,4217705,,,221205,14425,1789,,,,,,,,,,,,,34,1371,79442,4225392,80813,4225392,,3,113,ab1ae715b839583d797d4476b341f969a0a4a598,0,0,0,0,0,
20201018,NJ,227521,7508,3917058,,posNeg,4144579,732,24160,169,,67,,,10/18/2020 00:00,2020-10-18T00:00:00Z,10/17 20:00,16211,24160,35889,2020-10-18T00:00:00Z,4135796,,,220013,14422,1789,,,,,,,,,,,,,34,1430,0,4144579,1430,4144579,,7,0,b5ee1634f43a421317af8f4ca62e804b62f84f43,0,0,0,0,0,
20201017,NJ,226091,7353,3917058,,posNeg,4143149,759,24160,179,,60,,,10/17/2020 00:00,2020-10-17T00:00:00Z,10/16 20:00,16204,24160,35812,2020-10-17T00:00:00Z,4135796,,,218738,14415,1789,,,,,,,,,,,,,34,1164,33463,4143149,34627,4143149,,2,0,49cdd4c6d65733920550923ff3a8621eec3c8a07,0,0,0,0,0,
20201016,NJ,224927,7123,3883595,,posNeg,4108522,728,24160,178,,60,,,10/16/2020 00:00,2020-10-16T00:00:00Z,10/15 20:00,16202,24160,35753,2020-10-16T00:00:00Z,4101399,,,217804,14413,1789,,,,,,,,,,,,,34,1000,30232,4108522,31232,4108522,,5,68,c49287f5f7958429ceab0a9888cdd5adfa571320,0,0,0,0,0,
20201015,NJ,223927,6933,3853363,,posNeg,4077290,733,24092,178,,60,,,10/15/2020 00:00,2020-10-15T00:00:00Z,10/14 20:00,16197,24092,35654,2020-10-15T00:00:00Z,4070357,,,216994,14408,1789,,,,,,,,,,,,,34,1179,32519,4077290,33698,4077290,,6,115,c18763d03f3ad5a2cef91674c15b6d7861762006,0,0,0,0,0,
20201014,NJ,222748,6725,3820844,,posNeg,4043592,699,23977,168,,58,,,10/14/2020 00:00,2020-10-14T00:00:00Z,10/13 20:00,16191,23977,35580,2020-10-14T00:00:00Z,4036867,,,216023,14402,1789,,,,,,,,,,,,,34,1141,63344,4043592,64485,4043592,,9,0,2807a79432c592be88a8a71eef0504c3dbb3f341,0,0,0,0,0,
20201013,NJ,221607,6522,3757500,,posNeg,3979107,649,23977,160,,58,,,10/13/2020 00:00,2020-10-13T00:00:00Z,10/12 20:00,16182,23977,35509,2020-10-13T00:00:00Z,3971597,,,215085,14394,1788,,,,,,,,,,,,,34,1145,0,3979107,1145,3979107,,7,71,32070dba8f4d5759a1dc4b34973850890c8ea970,0,0,0,0,0,
20201012,NJ,220462,6365,3757500,,posNeg,3977962,662,23906,163,,52,,,10/12/2020 00:00,2020-10-12T00:00:00Z,10/11 20:00,16175,23906,35464,2020-10-12T00:00:00Z,3971597,,,214097,14387,1788,,,,,,,,,,,,,34,553,56356,3977962,56909,3977962,,1,12,0b3f6305d50af9aa2f858814d4d303ce22896b64,0,0,0,0,0,
20201011,NJ,219909,6281,3701144,,posNeg,3921053,619,23894,153,,46,,,10/11/2020 00:00,2020-10-11T00:00:00Z,10/10 20:00,16174,23894,35404,2020-10-11T00:00:00Z,3914021,,,213628,14386,1788,,,,,,,,,,,,,34,847,0,3921053,847,3921053,,3,26,1fa63219033e12db7a5bf63e4911e01a1a09a2f4,0,0,0,0,0,
20201010,NJ,219062,6185,3701144,,posNeg,3920206,641,23868,156,,48,,,10/10/2020 00:00,2020-10-10T00:00:00Z,10/09 20:00,16171,23868,35326,2020-10-10T00:00:00Z,3914021,,,212877,14383,1788,,,,,,,,,,,,,34,990,34169,3920206,35159,3920206,,7,47,3fe7d8c8bb1a2b662fc68ca16994b3a0f423cce9,0,0,0,0,0,
20201009,NJ,218072,6059,3666975,,posNeg,3885047,666,23821,150,,53,,,10/9/2020 00:00,2020-10-09T00:00:00Z,10/08 20:00,16164,23821,35247,2020-10-09T00:00:00Z,3878988,,,212013,14376,1788,,,,,,,,,,,,,34,983,35456,3885047,36439,3885047,,4,58,f8bf4634f87c6c4cdadd72c5441b79164b2b87d9,0,0,0,0,0,
20201008,NJ,217089,5941,3631519,,posNeg,3848608,652,23763,148,,52,,,10/8/2020 00:00,2020-10-08T00:00:00Z,10/07 20:00,16160,23763,35195,2020-10-08T00:00:00Z,3842667,,,211148,14373,1787,,,,,,,,,,,,,34,1412,59559,3848608,60971,3848608,,8,124,1b858de5c59e0e90e58f24792a629ff75aa67bed,0,0,0,0,0,
20201007,NJ,215677,5827,3571960,,posNeg,3787637,601,23639,134,,46,,,10/7/2020 00:00,2020-10-07T00:00:00Z,10/06 20:00,16152,23639,35145,2020-10-07T00:00:00Z,3781810,,,209850,14364,1787,,,,,,,,,,,,,34,620,22615,3787637,23235,3787637,,5,62,30840d1f09d1473c0b62c99154111c03d14c2e24,0,0,0,0,0,
20201006,NJ,215057,5715,3549345,,posNeg,3764402,553,23577,126,,43,,,10/6/2020 00:00,2020-10-06T00:00:00Z,10/05 20:00,16147,23577,35102,2020-10-06T00:00:00Z,3758058,,,209342,14360,1787,,,,,,,,,,,,,34,720,0,3764402,720,3764402,,9,0,3e65925a4a79370257dd5a4df4d7755951dbfb9f,0,0,0,0,0,
20201005,NJ,214337,5624,3549345,,posNeg,3763682,507,23577,102,,34,,,10/5/2020 00:00,2020-10-05T00:00:00Z,10/04 20:00,16138,23577,35070,2020-10-05T00:00:00Z,3758058,,,208713,14351,1787,,,,,,,,,,,,,34,579,23453,3763682,24032,3763682,,2,17,e2133219dd3af94191ffcca11c32afcf6e64db1d,0,0,0,0,0,
20201004,NJ,213758,5556,3525892,,posNeg,3739650,480,23560,107,,32,,,10/4/2020 00:00,2020-10-04T00:00:00Z,10/03 20:00,16136,23560,35031,2020-10-04T00:00:00Z,3734094,,,208202,14349,1787,,,,,,,,,,,,,34,701,60394,3739650,61095,3739650,,1,49,4e17aa4b4aaae410001469228e8d2ee252e2a1c4,0,0,0,0,0,
20201003,NJ,213057,5481,3465498,,posNeg,3678555,485,23511,88,,31,,,10/2/2020 00:00,2020-10-02T00:00:00Z,10/01 20:00,16135,23511,34979,2020-10-02T00:00:00Z,3672127,,,207576,14348,1787,,,,,,,,,,,,,34,1045,0,3678555,1045,3678555,,4,0,a80727f5b91d45b1a684e9b4ec339132906e428c,0,0,0,0,0,
20201002,NJ,212012,5383,3465498,,posNeg,3677510,528,23511,94,,36,,,10/2/2020 00:00,2020-10-02T00:00:00Z,10/01 20:00,16131,23511,34935,2020-10-02T00:00:00Z,3672127,,,206629,14344,1787,,,,,,,,,,,,,34,838,57741,3677510,58579,3677510,,4,34,60404dde0d3d8fb2b65bf56e9d5cd4f833f2969c,0,0,0,0,0,
20201001,NJ,211174,5285,3407757,,posNeg,3618931,523,23477,96,,39,,,10/1/2020 00:00,2020-10-01T00:00:00Z,09/30 20:00,16127,23477,34894,2020-10-01T00:00:00Z,3613032,,,205889,14340,1787,,,,,,,,,,,,,34,716,0,3618931,716,3618931,,5,38,1bca423342ffa553869a6abd01f732000032c240,0,0,0,0,0,
20200930,NJ,210458,5183,3407757,,posNeg,3618215,479,23439,108,,39,,,9/30/2020 00:00,2020-09-30T00:00:00Z,09/29 20:00,16122,23439,34859,2020-09-30T00:00:00Z,3613032,,,205275,14335,1787,,,,,,,,,,,,,34,822,45560,3618215,46382,3618215,,9,60,055b225b0c9734b00f8fe8de1c5f3f05a06bf312,0,0,0,0,0,
20200929,NJ,209636,5073,3362197,,posNeg,3571833,443,23379,101,,34,,,9/29/2020 00:00,2020-09-29T00:00:00Z,09/28 20:00,16113,23379,34842,2020-09-29T00:00:00Z,3566304,,,204563,14326,1787,,,,,,,,,,,,,34,551,0,3571833,551,3571833,,10,41,f137b3505c4576496895aee1d6fc067a3986a2ce,0,0,0,0,0,
20200928,NJ,209085,4978,3362197,,posNeg,3571282,421,23338,91,,39,,,9/28/2020 00:00,2020-09-28T00:00:00Z,09/27 20:00,16103,23338,34805,2020-09-28T00:00:00Z,3566304,,,204107,14316,1787,,,,,,,,,,,,,34,619,52479,3571282,53098,3571282,,-2,11,19f445fa424b5c2bceb9188a78f902198676000e,0,0,0,0,0,
20200927,NJ,208466,4918,3309718,,posNeg,3518184,416,23327,88,,47,,,9/27/2020 00:00,2020-09-27T00:00:00Z,09/26 20:00,16105,23327,34650,2020-09-27T00:00:00Z,3512568,,,203548,14318,1787,,,,,,,,,,,,,34,760,0,3518184,760,3518184,,6,3,614c5cf92e38670d76e393fe3b3ecef52c0133f1,0,0,0,0,0,
20200926,NJ,207706,4856,3309718,,posNeg,3517424,426,23324,88,,38,,,9/26/2020 00:00,2020-09-26T00:00:00Z,09/25 20:00,16099,23324,34650,2020-09-26T00:00:00Z,3512568,,,202850,14312,1787,,,,,,,,,,,,,34,829,33107,3517424,33936,3517424,,6,39,f859eff52f19b05076368680f542b67de148065e,0,0,0,0,0,
20200925,NJ,206877,4777,3276611,,posNeg,3483488,405,23285,75,,32,,,9/25/2020 00:00,2020-09-25T00:00:00Z,09/24 20:00,16093,23285,34650,2020-09-25T00:00:00Z,3478711,,,202100,14306,1787,,,,,,,,,,,,,34,627,26359,3483488,26986,3483488,,6,33,405d30cad3983f74429b904875a254cf596e7cfb,0,0,0,0,0,
20200924,NJ,206250,4698,3250252,,posNeg,3456502,433,23252,88,,34,,,9/24/2020 00:00,2020-09-24T00:00:00Z,09/23 20:00,16087,23252,34650,2020-09-24T00:00:00Z,3451804,,,201552,14300,1787,,,,,,,,,,,,,34,644,28493,3456502,29137,3456502,,9,37,fbab0286ffad0ff0d06b53906a010c61e9cd8363,0,0,0,0,0,
20200923,NJ,205606,4618,3221759,,posNeg,3427365,459,23215,90,,31,,,9/23/2020 00:00,2020-09-23T00:00:00Z,09/22 20:00,16078,23215,34729,2020-09-23T00:00:00Z,3422747,,,200988,14291,1787,,,,,,,,,,,,,34,490,24690,3427365,25180,3427365,,8,45,9898bbcfd8432e7c2699a028bc5238d51844d0b2,0,0,0,0,0,
20200922,NJ,205116,4536,3197069,,posNeg,3402185,417,23170,80,,34,,,9/22/2020 00:00,2020-09-22T00:00:00Z,09/21 20:00,16070,23170,34697,2020-09-22T00:00:00Z,3397649,,,200580,14285,1785,,,,,,,,,,,,,34,510,44040,3402185,44550,3402185,,7,35,d4bdc39f109da2deceb877f43d84516aaae3b507,0,0,0,0,0,
20200921,NJ,204606,4452,3153029,,posNeg,3357635,349,23135,87,,32,,,9/21/2020 00:00,2020-09-21T00:00:00Z,09/20 20:00,16063,23135,34672,2020-09-21T00:00:00Z,3352791,,,200154,14278,1785,,,,,,,,,,,,,34,435,0,3357635,435,3357635,,2,5,8756c3a45a6361204a640689a4eefa5697f36427,0,0,0,0,0,
20200920,NJ,204171,4409,3153029,,posNeg,3357200,380,23130,91,,39,,,9/20/2020 00:00,2020-09-20T00:00:00Z,09/19 20:00,16061,23130,34637,2020-09-20T00:00:00Z,3352791,,,199762,14276,1785,,,,,,,,,,,,,34,489,59961,3357200,60450,3357200,,3,10,48b68962050f4d665a754b59a28ad036836e67ab,0,0,0,0,0,
20200919,NJ,203682,4373,3093068,,posNeg,3296750,412,23120,89,,27,,,9/19/2020 00:00,2020-09-19T00:00:00Z,09/18 20:00,16058,23120,34601,2020-09-19T00:00:00Z,3291916,,,199309,14273,1785,,,,,,,,,,,,,34,510,0,3296750,510,3296750,,3,24,810fc848c569d660dbb6b60342110f3d33f413ac,0,0,0,0,0,
20200918,NJ,203172,4324,3093068,,posNeg,3296240,413,23096,73,,36,,,9/18/2020 00:00,2020-09-18T00:00:00Z,09/17 20:00,16055,23096,34572,2020-09-18T00:00:00Z,3291916,,,198848,14270,1785,,,,,,,,,,,,,34,551,25611,3296240,26162,3296240,,4,25,d3d55f67f91e06e215b2ca826735fd99616c4188,0,0,0,0,0,
20200917,NJ,202621,4260,3067457,,posNeg,3270078,431,23071,85,,40,,,9/17/2020 00:00,2020-09-17T00:00:00Z,09/16 20:00,16051,23071,34546,2020-09-17T00:00:00Z,3265818,,,198361,14266,1785,,,,,,,,,,,,,34,636,30277,3270078,30913,3270078,,3,39,1ffbafba0a93d253d1e9cfcec7b4e3974b91a6c9,0,0,0,0,0,
20200916,NJ,201985,4193,3037180,,posNeg,3239165,462,23032,100,,38,,,9/16/2020 00:00,2020-09-16T00:00:00Z,09/15 20:00,16048,23032,34503,2020-09-16T00:00:00Z,3234972,,,197792,14263,1785,,,,,,,,,,,,,34,445,22273,3239165,22718,3239165,,9,29,c11bd3324134b8fb64cde44d690ef17e1111c29f,0,0,0,0,0,
20200915,NJ,201540,4136,3014907,,posNeg,3216447,406,23003,90,,35,,,9/15/2020 00:00,2020-09-15T00:00:00Z,09/14 20:00,16039,23003,34472,2020-09-15T00:00:00Z,3212311,,,197404,14254,1785,,,,,,,,,,,,,34,489,21905,3216447,22394,3216447,,9,38,e3269dc080a32b40ad86339ec0f508b7d2751678,0,0,0,0,0,
20200914,NJ,201051,4083,2993002,,posNeg,3194053,420,22965,91,,41,,,9/14/2020 00:00,2020-09-14T00:00:00Z,09/13 20:00,16030,22965,34458,2020-09-14T00:00:00Z,3189970,,,196968,14245,1785,,,,,,,,,,,,,34,368,21106,3194053,21474,3194053,,4,2,9fd7a9c6bef6c127ebb0da6138c13ecdbaa91d54,0,0,0,0,0,
20200913,NJ,200683,4049,2971896,,posNeg,3172579,444,22963,98,,37,,,9/13/2020 00:00,2020-09-13T00:00:00Z,09/12 20:00,16026,22963,34430,2020-09-13T00:00:00Z,3168530,,,196634,14242,1784,,,,,,,,,,,,,34,324,26998,3172579,27322,3172579,,5,13,09389e6e1a54600292efc585e5cf62a9d4d1ef8b,0,0,0,0,0,
20200912,NJ,200359,4022,2944898,,posNeg,3145257,462,22950,84,,35,,,9/12/2020 00:00,2020-09-12T00:00:00Z,09/11 20:00,16021,22950,34397,2020-09-12T00:00:00Z,3140786,,,196337,14238,1783,,,,,,,,,,,,,34,504,0,3145257,504,3145257,,4,32,fd53b81b2003ce152bb7454ec4f76f3956cb972a,0,0,0,0,0,
20200911,NJ,199855,3967,2944898,,posNeg,3144753,483,22918,81,,36,,,9/11/2020 00:00,2020-09-11T00:00:00Z,09/10 20:00,16017,22918,34345,2020-09-11T00:00:00Z,3140786,,,195888,14234,1783,,,,,,,,,,,,,34,524,26658,3144753,27182,3144753,,9,30,d6366b575ff149a87eb0d22d072ac686359ea093,0,0,0,0,0,
20200910,NJ,199331,3917,2918240,,posNeg,3117571,435,22888,62,,36,,,9/10/2020 00:00,2020-09-10T00:00:00Z,09/09 20:00,16008,22888,34290,2020-09-10T00:00:00Z,3113654,,,195414,14225,1783,,,,,,,,,,,,,34,490,22081,3117571,22571,3117571,,5,34,adc4de2795eda4a64aa041e7bb4c973461e52a2f,0,0,0,0,0,
20200909,NJ,198841,3851,2896159,,posNeg,3095000,423,22854,63,,31,,,9/9/2020 00:00,2020-09-09T00:00:00Z,09/08 20:00,16003,22854,34255,2020-09-09T00:00:00Z,3091149,,,194990,14220,1783,,,,,,,,,,,,,34,391,20080,3095000,20471,3095000,,8,42,2a298d06ddc050125695b51e256a306ac08ab49d,0,0,0,0,0,
20200908,NJ,198450,3783,2876079,,posNeg,3074529,419,22812,82,,33,,,9/8/2020 00:00,2020-09-08T00:00:00Z,09/07 20:00,15995,22812,34226,2020-09-08T00:00:00Z,3070746,,,194667,14213,1782,,,,,,,,,,,,,34,308,15941,3074529,16249,3074529,,5,10,5b630f463cebde6de4aedc081614dccee6637733,0,0,0,0,0,
20200907,NJ,198142,3752,2860138,,posNeg,3058280,389,22802,79,,29,,,9/7/2020 00:00,2020-09-07T00:00:00Z,09/06 20:00,15990,22802,34202,2020-09-07T00:00:00Z,3054528,,,194390,14208,1782,,,,,,,,,,,,,34,360,51889,3058280,52249,3058280,,2,6,c5054f94289b92aadd2dff77157a861be8a0c6da,0,0,0,0,0,
20200906,NJ,197782,3724,2808249,,posNeg,3006031,403,22796,74,,35,,,9/6/2020 00:00,2020-09-06T00:00:00Z,09/05 20:00,15988,22796,34169,2020-09-06T00:00:00Z,3002307,,,194058,14206,1782,,,,,,,,,,,,,34,351,36949,3006031,37300,3006031,,4,6,7041a4bc88c750ee584d596354f30f9ce52eb42e,0,0,0,0,0,
20200905,NJ,197431,3684,2771300,,posNeg,2968731,389,22790,69,,31,,,9/5/2020 00:00,2020-09-05T00:00:00Z,09/04 20:00,15984,22790,34112,2020-09-05T00:00:00Z,2964722,,,193747,14202,1782,,,,,,,,,,,,,34,384,0,2968731,384,2968731,,7,20,b300ecb70ded1e2ef915537f5e3a37d273780fca,0,0,0,0,0,
20200904,NJ,197047,3625,2771300,,posNeg,2968347,466,22770,95,,40,,,9/4/2020 00:00,2020-09-04T00:00:00Z,09/03 20:00,15977,22770,34075,2020-09-04T00:00:00Z,2964722,,,193422,14195,1782,,,,,,,,,,,,,34,493,34258,2968347,34751,2968347,,7,32,aae5bc57685a1c2756d43e57b7931f4be550e4fa,0,0,0,0,0,
20200903,NJ,196554,3581,2737042,,posNeg,2933596,504,22738,98,,36,,,9/3/2020 00:00,2020-09-03T00:00:00Z,09/02 20:00,15970,22738,34038,2020-09-03T00:00:00Z,2930015,,,192973,14188,1782,,,,,,,,,,,,,34,421,27370,2933596,27791,2933596,,7,31,cb61fcbacc3d102413b3d4808b483eda377f064e,0,0,0,0,0,
20200902,NJ,196133,3538,2709672,,posNeg,2905805,514,22707,99,,29,,,9/2/2020 00:00,2020-09-02T00:00:00Z,09/01 20:00,15963,22707,33991,2020-09-02T00:00:00Z,2902267,,,192595,14181,1782,,,,,,,,,,,,,34,348,42914,2905805,43262,2905805,,11,40,93ea520c91695870214b8bd5ac957919bde0fa03,0,0,0,0,0,
20200901,NJ,195785,3495,2666758,,posNeg,2862543,463,22667,84,,33,,,9/1/2020 00:00,2020-09-01T00:00:00Z,08/31 20:00,15952,22667,33949,2020-09-01T00:00:00Z,2857918,,,192290,14170,1782,,,,,,,,,,,,,34,380,800,2862543,1180,2862543,,5,40,9be7b3f78b9971ccfeee59fac3c76bb08560ac58,0,0,0,0,0,
20200831,NJ,195405,3445,2665958,,posNeg,2861363,484,22627,103,,36,,,8/31/2020 00:00,2020-08-31T00:00:00Z,08/30 20:00,15947,22627,33912,2020-08-31T00:00:00Z,2857918,,,191960,14165,1782,,,,,,,,,,,,,34,372,21235,2861363,21607,2861363,,8,0,49cf9631743d9a5822182dc26e682ad90ab65b97,0,0,0,0,0,
20200830,NJ,195033,3422,2644723,,posNeg,2839756,480,22627,95,,28,,,8/30/2020 00:00,2020-08-30T00:00:00Z,08/29 20:00,15939,22627,33893,2020-08-30T00:00:00Z,2836334,,,191611,14157,1782,,,,,,,,,,,,,34,314,28296,2839756,28610,2839756,,4,10,cfae5916416423f8378b6bd4b195304dcba7809e,0,0,0,0,0,
20200829,NJ,194719,3399,2616427,,posNeg,2811146,437,22617,88,,26,,,8/29/2020 00:00,2020-08-29T00:00:00Z,08/28 20:00,15935,22617,33827,2020-08-29T00:00:00Z,2807747,,,191320,14153,1782,,,,,,,,,,,,,34,393,58204,2811146,58597,2811146,,3,31,c08bed6d7817a1572235d98c2e6ecaa72b9a2659,0,0,0,0,0,
20200828,NJ,194326,3355,2558223,,posNeg,2752549,436,22586,83,,30,,,8/28/2020 00:00,2020-08-28T00:00:00Z,08/27 20:00,15932,22586,33778,2020-08-28T00:00:00Z,2748836,,,190971,14150,1782,,,,,,,,,,,,,34,399,0,2752549,399,2752549,,10,26,a178e9a422d0479489f0c974047fe1b7f20c1b6b,0,0,0,0,0,
20200827,NJ,193927,3314,2558223,,posNeg,2752150,455,22560,77,,29,,,8/27/2020 00:00,2020-08-27T00:00:00Z,08/26 20:00,15922,22560,33744,2020-08-27T00:00:00Z,2748836,,,190613,14141,1781,,,,,,,,,,,,,34,360,26945,2752150,27305,2752150,,7,51,5632f5e4a480644044b5770f6d42fababd8d64ca,0,0,0,0,0,
20200826,NJ,193567,3261,2531278,,posNeg,2724845,425,22509,72,,29,,,8/26/2020 00:00,2020-08-26T00:00:00Z,08/25 20:00,15915,22509,33692,2020-08-26T00:00:00Z,2721584,,,190306,14134,1781,,,,,,,,,,,,,34,326,23404,2724845,23730,2724845,,10,41,98164c775cef3bc1a202aad7b68154f6069bde84,0,0,0,0,0,
20200825,NJ,193241,3220,2507874,,posNeg,2701115,432,22468,78,,30,,,8/25/2020 00:00,2020-08-25T00:00:00Z,08/24 20:00,15905,22468,33646,2020-08-25T00:00:00Z,2697895,,,190021,14124,1781,,,,,,,,,,,,,34,355,20781,2701115,21136,2701115,,4,16,4a2fa7c94b9f4120994894b2570c5f3830a1faad,0,0,0,0,0,
20200824,NJ,192886,3167,2487093,,posNeg,2679979,446,22452,66,,27,,,8/24/2020 00:00,2020-08-24T00:00:00Z,08/23 20:00,15901,22452,33626,2020-08-24T00:00:00Z,2676812,,,189719,14120,1781,,,,,,,,,,,,,34,258,27589,2679979,27847,2679979,,3,4,adc3d721578f91114370477c4ffec49703a42920,0,0,0,0,0,
20200823,NJ,192628,3134,2459504,,posNeg,2652132,411,22448,72,,27,,,8/23/2020 00:00,2020-08-23T00:00:00Z,08/22 20:00,15898,22448,33615,2020-08-23T00:00:00Z,2648740,,,189494,14117,1781,,,,,,,,,,,,,34,282,0,2652132,282,2652132,,3,3,3df0a6f6a5820ca0eedb25e2fd705c02e6f20015,0,0,0,0,0,
20200822,NJ,192346,3110,2459504,,posNeg,2651850,376,22445,66,,32,,,8/22/2020 00:00,2020-08-22T00:00:00Z,08/21 20:00,15895,22445,33555,2020-08-22T00:00:00Z,2648740,,,189236,14114,1781,,,,,,,,,,,,,34,459,32629,2651850,33088,2651850,,2,52,0d92465a4039b31755e5c53dd7f85d78685b84ff,0,0,0,0,0,
20200821,NJ,191887,3070,2426875,,posNeg,2618762,414,22393,61,,30,,,8/21/2020 00:00,2020-08-21T00:00:00Z,08/20 20:00,15893,22393,33533,2020-08-21T00:00:00Z,2615692,,,188817,14112,1781,,,,,,,,,,,,,34,325,30195,2618762,30520,2618762,,9,34,22e40e1dd55e1b665f3b4a5e0ff341f68e3bda6d,0,0,0,0,0,
20200820,NJ,191562,3035,2396680,,posNeg,2588242,433,22359,79,,28,,,8/20/2020 00:00,2020-08-20T00:00:00Z,08/19 20:00,15884,22359,33490,2020-08-20T00:00:00Z,2585207,,,188527,14103,1781,,,,,,,,,,,,,34,141,27395,2588242,27536,2588242,,6,48,85a54d5cb383793f8b568f5ee13d4c215d3a1da9,0,0,0,0,0,
20200819,NJ,191421,2994,2369285,,posNeg,2560706,471,22311,92,,32,,,8/19/2020 00:00,2020-08-19T00:00:00Z,08/18 20:00,15878,22311,33451,2020-08-19T00:00:00Z,2557712,,,188427,14097,1781,,,,,,,,,,,,,34,382,24638,2560706,25020,2560706,,11,52,24d23089ccde36b60be3575547b93c5b44af855e,0,0,0,0,0,
20200818,NJ,191039,2941,2344647,,posNeg,2535686,468,22259,106,,41,,,8/18/2020 00:00,2020-08-18T00:00:00Z,08/17 20:00,15867,22259,33403,2020-08-18T00:00:00Z,2532745,,,188098,14086,1781,,,,,,,,,,,,,34,380,21344,2535686,21724,2535686,,10,41,6943dbbf52787a7f9855f227a9375ce52c440393,0,0,0,0,0,
20200817,NJ,190659,2892,2323303,,posNeg,2513962,472,22218,91,,38,,,8/17/2020 00:00,2020-08-17T00:00:00Z,08/16 20:00,15857,22218,33381,2020-08-17T00:00:00Z,2511070,,,187767,14077,1780,,,,,,,,,,,,,34,338,20572,2513962,20910,2513962,,4,12,df4c9e177530f0856c71f185aa31b52be8b751be,0,0,0,0,0,
20200816,NJ,190321,2866,2302731,,posNeg,2493052,450,22206,83,,42,,,8/16/2020 00:00,2020-08-16T00:00:00Z,08/15 20:00,15853,22206,33320,2020-08-16T00:00:00Z,2490186,,,187455,14073,1780,,,,,,,,,,,,,34,50,28790,2493052,28840,2493052,,2,9,9702e3d4f817ce2d051bd505de75b97ef60baec0,0,0,0,0,0,
20200815,NJ,190271,2829,2273941,,posNeg,2464212,520,22197,99,,43,,,8/15/2020 00:00,2020-08-15T00:00:00Z,08/14 20:00,15851,22197,33264,2020-08-15T00:00:00Z,2461383,,,187442,14071,1780,,,,,,,,,,,,,34,323,31264,2464212,31587,2464212,,9,36,3e97ce8ec3a3b69424be2bbe4f1e323c621eb986,0,0,0,0,0,
20200814,NJ,189948,2784,2242677,,posNeg,2432625,514,22161,91,,40,,,8/14/2020 00:00,2020-08-14T00:00:00Z,08/13 20:00,15842,22161,33223,2020-08-14T00:00:00Z,2429841,,,187164,14064,1778,,,,,,,,,,,,,34,604,25581,2432625,26185,2432625,,10,36,3788cd9facabf0d6b126d96d68da74f8f578313a,0,0,0,0,0,
20200813,NJ,189344,2750,2217096,,posNeg,2406440,545,22125,103,,28,,,8/13/2020 00:00,2020-08-13T00:00:00Z,08/12 20:00,15832,22125,33223,2020-08-13T00:00:00Z,2403690,,,186594,14054,1778,,,,,,,,,,,,,34,709,27018,2406440,27727,2406440,,8,29,971cb4aee72742d1f76b30e3b678bfc2c30348fb,0,0,0,0,0,
20200812,NJ,188635,2697,2190078,,posNeg,2378713,592,22096,111,,35,,,8/12/2020 00:00,2020-08-12T00:00:00Z,08/11 20:00,15824,22096,33223,2020-08-12T00:00:00Z,2376016,,,185938,14046,1778,,,,,,,,,,,,,34,494,25243,2378713,25737,2378713,,11,44,c40e633ad13936fa0da87c800cb19a6220b002df,0,0,0,0,0,
20200811,NJ,188141,2666,2164835,,posNeg,2352976,538,22052,101,,43,,,8/11/2020 00:00,2020-08-11T00:00:00Z,08/10 20:00,15813,22052,33223,2020-08-11T00:00:00Z,2350310,,,185475,14037,1776,,,,,,,,,,,,,34,491,25820,2352976,26311,2352976,,12,60,a843e7e148d1dc0365f2c5605ecf2592b0537a07,0,0,0,0,0,
20200810,NJ,187650,2619,2139015,,posNeg,2326665,545,21992,83,,29,,,8/10/2020 00:00,2020-08-10T00:00:00Z,08/09 20:00,15801,21992,33013,2020-08-10T00:00:00Z,2324046,,,185031,14025,1776,,,,,,,,,,,,,34,278,21936,2326665,22214,2326665,,4,0,efdbdd396f3fadf2a51897bf465e1cc0b30a5bdf,0,0,0,0,0,
20200809,NJ,187372,2599,2117079,,posNeg,2304451,483,21992,83,,31,,,8/9/2020 00:00,2020-08-09T00:00:00Z,08/08 20:00,15797,21992,32977,2020-08-09T00:00:00Z,2301852,,,184773,14021,1776,,,,,,,,,,,,,34,366,48716,2304451,49082,2304451,,5,43,1fefbacd05b4246b538a703ca48e6311a5de22ee,0,0,0,0,0,
20200808,NJ,187006,2577,2068363,,posNeg,2255369,540,21949,94,,34,,,8/8/2020 00:00,2020-08-08T00:00:00Z,08/07 20:00,15792,21949,32956,2020-08-08T00:00:00Z,2252792,,,184429,14016,1776,,,,,,,,,,,,,34,411,-368,2255369,43,2255369,,9,0,de572b1e2c41c310555c82dbf24e389509236b45,0,0,0,0,0,
20200807,NJ,186595,2534,2068731,,posNeg,2255326,551,21949,120,,73,,,8/7/2020 00:00,2020-08-07T00:00:00Z,08/06 20:00,15783,21949,32956,2020-08-07T00:00:00Z,2252792,,,184061,14007,1776,,,,,,,,,,,,,34,403,22187,2255326,22590,2255326,,11,384,14cfd3b655ab4be880e75520dbce0abf097a3775,0,0,0,0,0,
20200806,NJ,186192,2491,2046544,,posNeg,2232736,754,21565,129,,54,,,8/6/2020 00:00,2020-08-06T00:00:00Z,08/05 20:00,15772,21565,32811,2020-08-06T00:00:00Z,2230245,,,183701,13996,1776,,,,,,,,,,,,,34,419,42853,2232736,43272,2232736,,7,0,ffe58d6b57e6ae479628b0a0849cb6115ca7dc01,0,0,0,0,0,
20200805,NJ,185773,2446,2003691,,posNeg,2189464,784,21565,117,,47,,,8/5/2020 00:00,2020-08-05T00:00:00Z,08/04 20:00,15765,21565,32749,2020-08-05T00:00:00Z,2187018,,,183327,13989,1776,,,,,,,,,,,,,34,392,21725,2189464,22117,2189464,,7,0,20178a031c853b1eaaad807915aaa984055ae64c,0,0,0,0,0,
20200804,NJ,185381,2411,1981966,,posNeg,2167347,470,21565,126,,53,,,8/4/2020 00:00,2020-08-04T00:00:00Z,08/03 20:00,15758,21565,32697,2020-08-04T00:00:00Z,2164580,,,182970,13982,1776,,,,,,,,,,,,,34,404,0,2167347,404,2167347,,11,0,447c3b4f0c2e28ecba5053610b1a1dbf4d7e9f81,0,0,0,0,0,
20200803,NJ,184977,2363,1981966,,posNeg,2166943,738,21565,144,,49,,,8/3/2020 00:00,2020-08-03T00:00:00Z,08/02 20:00,15747,21565,32660,2020-08-03T00:00:00Z,2164580,,,182614,13971,1776,,,,,,,,,,,,,34,293,18438,2166943,18731,2166943,,10,0,fd168efbb7b51a6a0fc509247aa8fc426d65252d,0,0,0,0,0,
20200802,NJ,184684,2334,1963528,,posNeg,2148212,695,21565,113,,45,,,8/2/2020 00:00,2020-08-02T00:00:00Z,08/01 20:00,15737,21565,32475,2020-08-02T00:00:00Z,2145878,,,182350,13961,1776,,,,,,,,,,,,,34,357,48859,2148212,49216,2148212,,6,0,439422e322296d76cae9e7d5e405197937b8f8fc,0,0,0,0,0,
20200801,NJ,184327,2298,1914669,,posNeg,2098996,695,21565,113,,45,,,8/1/2020 00:00,2020-08-01T00:00:00Z,07/31 20:00,15731,21565,32475,2020-08-01T00:00:00Z,2096329,,,182029,13955,1776,,,,,,,,,,,,,34,426,0,2098996,426,2098996,,12,0,adcc10f15d11ccdc923adb18f13a0f5e397ce1d9,0,0,0,0,0,
20200731,NJ,183901,2241,1914669,,posNeg,2098570,695,21565,113,,45,,,7/31/2020 00:00,2020-07-31T00:00:00Z,07/30 20:00,15719,21565,32475,2020-07-31T00:00:00Z,2096329,,,181660,13944,1775,,,,,,,,,,,,,34,727,36075,2098570,36802,2098570,,11,0,4fb9803f52724bd4ab58d64620a892f9dcb17839,0,0,0,0,0,
20200730,NJ,183174,2204,1878594,,posNeg,2061768,759,21565,123,,51,,,7/30/2020 00:00,2020-07-30T00:00:00Z,07/29 20:00,15708,21565,32423,2020-07-30T00:00:00Z,2059564,,,180970,13934,1774,,,,,,,,,,,,,34,239,16678,2061768,16917,2061768,,11,244,51307eb7eafb01d1c39cce28544c2810a003ca29,0,0,0,0,0,
20200729,NJ,182935,2169,1861916,,posNeg,2044851,761,21321,116,,49,,,7/29/2020 00:00,2020-07-29T00:00:00Z,07/28 20:00,15697,21321,32365,2020-07-29T00:00:00Z,2042682,,,180766,13923,1774,,,,,,,,,,,,,34,524,57907,2044851,58431,2044851,,18,0,62673a8fbd7a7e2ec025e4fd29c83f691f6f1db4,0,0,0,0,0,
20200728,NJ,182411,2116,1804009,,posNeg,1986420,718,21321,112,,50,,,7/28/2020 13:00,2020-07-28T13:00:00Z,07/28 09:00,15679,21321,32313,2020-07-28T13:00:00Z,1983841,,,180295,13905,1774,,,,,,,,,,,,,34,526,-20,1986420,506,1986420,,22,0,dd427c9fc60244e967684cf7ed3012ca38c4094b,0,0,0,0,0,
20200727,NJ,181885,2073,1804029,,posNeg,1985914,695,21321,128,,54,,,7/27/2020 13:00,2020-07-27T13:00:00Z,07/27 09:00,15657,21321,32275,2020-07-27T13:00:00Z,1983841,,,179812,13884,1773,,,,,,,,,,,,,34,477,30103,1985914,30580,1985914,,18,7,bbbe2988be46383cb7029e2f5ed81a2eb340c66a,0,0,0,0,0,
20200726,NJ,181408,2045,1773926,,posNeg,1955334,725,21314,126,,54,,,7/26/2020 13:00,2020-07-26T13:00:00Z,07/26 09:00,15639,21314,32133,2020-07-26T13:00:00Z,1953289,,,179363,13867,1772,,,,,,,,,,,,,34,539,64627,1955334,65166,1955334,,12,0,04182b9f8966164025b6af7f21369f55e914fb6e,0,0,0,0,0,
20200725,NJ,180869,2011,1709299,,posNeg,1890168,831,21314,143,,56,,,7/25/2020 13:00,2020-07-25T13:00:00Z,07/25 09:00,15627,21314,32061,2020-07-25T13:00:00Z,1887644,,,178858,13856,1771,,,,,,,,,,,,,34,554,0,1890168,554,1890168,,11,130,127b93eefb63d9d07c13d5a04e00851e9e7ebdb0,0,0,0,0,0,
20200724,NJ,180315,1970,1709299,,posNeg,1889614,800,21184,138,,62,,,7/24/2020 13:00,2020-07-24T13:00:00Z,07/24 09:00,15616,21184,32001,2020-07-24T13:00:00Z,1887644,,,178345,13845,1771,,,,,,,,,,,,,34,502,27548,1889614,28050,1889614,,35,0,689b53d58956b8fe91fccff9fcfe6e46a64b0e7a,0,0,0,0,0,
20200723,NJ,179813,1926,1681751,,posNeg,1861564,869,21184,152,,73,,,7/23/2020 13:00,2020-07-23T13:00:00Z,07/23 09:00,15581,21184,31925,2020-07-23T13:00:00Z,1859638,,,177887,13810,1771,,,,,,,,,,,,,34,294,18467,1861564,18761,1861564,,24,0,91c558bd6b9573a244b3f90e88d62155ce31bb70,0,0,0,0,0,
20200722,NJ,179519,1874,1663284,,posNeg,1842803,873,21184,151,,77,,,7/22/2020 13:00,2020-07-22T13:00:00Z,07/22 09:00,15557,21184,31850,2020-07-22T13:00:00Z,1840929,,,177645,13787,1770,,,,,,,,,,,,,34,443,22585,1842803,23028,1842803,,24,85,c872240087b4a2620cedd9d3d5a8135817aba8bd,0,0,0,0,0,
20200721,NJ,179076,1820,1640699,,posNeg,1819775,833,21099,169,,79,,,7/21/2020 13:00,2020-07-21T13:00:00Z,07/21 09:00,15533,21099,31781,2020-07-21T13:00:00Z,1817955,,,177256,13763,1770,,,,,,,,,,,,,34,353,14788,1819775,15141,1819775,,23,41,e6598ef656c6274e675577042bdf6e9f99bd761d,0,0,0,0,0,
20200720,NJ,178723,1760,1625911,,posNeg,1804634,798,21058,146,,72,,,7/20/2020 13:00,2020-07-20T13:00:00Z,07/20 09:00,15510,21058,31448,2020-07-20T13:00:00Z,1802874,,,176963,13741,1769,,,,,,,,,,,,,34,201,11557,1804634,11758,1804634,,10,-6,46a6cb2abc79b1cae00f45690de4daee362ea158,0,0,0,0,0,
20200719,NJ,178522,1739,1614354,,posNeg,1792876,766,21064,149,,65,,,7/19/2020 13:00,2020-07-19T13:00:00Z,07/19 09:00,15500,21064,31405,2020-07-19T13:00:00Z,1791137,,,176783,13732,1768,,,,,,,,,,,,,34,-7,9718,1792876,9711,1792876,,8,0,93289d896cb2807762baa07d39ce056f318ff6da,0,0,0,0,0,
20200718,NJ,178529,1715,1604636,,posNeg,1783165,800,21064,141,,73,,,7/18/2020 13:00,2020-07-18T13:00:00Z,07/18 09:00,15492,21064,31400,2020-07-18T13:00:00Z,1781450,,,176814,13725,1767,,,,,,,,,,,,,34,308,12259,1783165,12567,1783165,,15,61,2762075abfc0c4d4ccb67c6622aecc9e9c5bde6e,0,0,0,0,0,
20200717,NJ,178221,1670,1592377,,posNeg,1770598,868,21003,141,,66,,,7/17/2020 13:00,2020-07-17T13:00:00Z,07/17 09:00,15477,21003,31400,2020-07-17T13:00:00Z,1768928,,,176551,13710,1767,,,,,,,,,,,,,34,99,8974,1770598,9073,1770598,,19,229,bbcb2568f69eb65d88c415a6b464b948698ca421,0,0,0,0,0,
20200716,NJ,178122,1621,1583403,,posNeg,1761525,862,20774,146,,64,,,7/16/2020 13:00,2020-07-16T13:00:00Z,07/16 09:00,15458,20774,31400,2020-07-16T13:00:00Z,1759904,,,176501,13691,1767,,,,,,,,,,,,,34,271,17334,1761525,17605,1761525,,31,0,4c07fd5cc6858a6ed082a178d9d6907cd8e9109a,0,0,0,0,0,
20200715,NJ,177851,1573,1566069,,posNeg,1743920,923,20774,151,,78,,,7/15/2020 13:00,2020-07-15T13:00:00Z,07/15 09:00,15427,20774,31400,2020-07-15T13:00:00Z,1742347,,,176278,13660,1767,,,,,,,,,,,,,34,413,20753,1743920,21166,1743920,,25,142,af9cecc16f1ade597652ed64c32d118b5a201ee6,0,0,0,0,0,
20200714,NJ,177438,1523,1545316,,posNeg,1722754,888,20632,149,,79,,,7/14/2020 13:00,2020-07-14T13:00:00Z,07/14 09:00,15402,20632,31318,2020-07-14T13:00:00Z,1721231,,,175915,13635,1767,,,,,,,,,,,,,34,455,20453,1722754,20908,1722754,,22,0,84e52a39c63d9775fbbf171113904843a408deaa,0,0,0,0,0,
20200713,NJ,176983,1461,1524863,,posNeg,1701846,892,20632,166,,81,,,7/13/2020 13:00,2020-07-13T13:00:00Z,07/13 09:00,15380,20632,31261,2020-07-13T13:00:00Z,1700385,,,175522,13613,1767,,,,,,,,,,,,,34,258,14557,1701846,14815,1701846,,19,0,bdb150e0f50637111f86b81c00953f9692b1c172,0,0,0,0,0,
20200712,NJ,176725,1427,1510306,,posNeg,1687031,890,20632,163,,86,,,7/12/2020 13:00,2020-07-12T13:00:00Z,07/12 09:00,15361,20632,31190,2020-07-12T13:00:00Z,1685604,,,175298,13594,1767,,,,,,,,,,,,,34,378,23981,1687031,24359,1687031,,16,0,db886658a518ddaa521b00281006254d0c2cc4ab,0,0,0,0,0,
20200711,NJ,176347,1388,1486325,,posNeg,1662672,872,20632,166,,87,,,7/11/2020 13:00,2020-07-11T13:00:00Z,07/11 09:00,15345,20632,31092,2020-07-11T13:00:00Z,1661284,,,174959,13578,1767,,,,,,,,,,,,,34,367,37795,1662672,38162,1662672,,46,65,155b13bafa52fe33c6c8de2138f9dcc4967d8ff4,0,0,0,0,0,
20200710,NJ,175980,1352,1448530,,posNeg,1624510,904,20567,162,,94,,,7/10/2020 13:00,2020-07-10T13:00:00Z,07/10 09:00,15299,20567,31014,2020-07-10T13:00:00Z,1623158,,,174628,13532,1767,,,,,,,,,,,,,34,439,23353,1624510,23792,1624510,,31,62,f2a0acc43d947b28046a4ff1aa83a5da5f39533f,0,0,0,0,0,
20200709,NJ,175541,1301,1425177,,posNeg,1600718,963,20505,170,,104,,,7/9/2020 13:00,2020-07-09T13:00:00Z,07/09 09:00,15268,20505,30938,2020-07-09T13:00:00Z,1599417,,,174240,13501,1767,,,,,,,,,,,,,34,243,21368,1600718,21611,1600718,,25,79,1357579bc947d8dd74c0bc021ac8f28a41419e96,0,0,0,0,0,
20200708,NJ,175298,1259,1403809,,posNeg,1579107,935,20426,175,,142,,,7/8/2020 13:00,2020-07-08T13:00:00Z,07/08 09:00,15243,20426,30844,2020-07-08T13:00:00Z,1577848,,,174039,13476,1767,,,,,,,,,,,,,34,215,17554,1579107,17769,1579107,,52,180,d3f8a517a00e67e4c1efa3241d6712671f390c4b,0,0,0,0,0,
20200707,NJ,175083,1205,1386255,,posNeg,1561338,903,20246,169,,142,,,7/7/2020 13:00,2020-07-07T13:00:00Z,07/07 09:00,15191,20246,30774,2020-07-07T13:00:00Z,1560133,,,173878,13425,1766,,,,,,,,,,,,,34,306,10657,1561338,10963,1561338,,53,9,157df75034ffedd0b261803834970d2a2275e98e,0,0,0,0,0,
20200706,NJ,174777,1166,1375598,,posNeg,1550375,861,20237,187,,152,,,7/5/2020 13:00,2020-07-05T13:00:00Z,07/05 09:00,15138,20237,30729,2020-07-05T13:00:00Z,1549209,,,173611,13373,1765,,,,,,,,,,,,,34,233,14360,1550375,14593,1550375,,19,0,a942068b50209f13c9bea5dc7db9de8322d523b0,0,0,0,0,0,
20200705,NJ,174544,1142,1361238,,posNeg,1535782,917,20237,210,,151,,,7/5/2020 13:00,2020-07-05T13:00:00Z,07/05 09:00,15119,20237,30660,2020-07-05T13:00:00Z,1534640,,,173402,13355,1764,,,,,,,,,,,,,34,382,25723,1535782,26105,1535782,,22,4,41503af45657cc51b887f01c3c797c58ae02c109,0,0,0,0,0,
20200704,NJ,174162,1129,1335515,,posNeg,1509677,983,20233,205,,164,,,7/4/2020 13:00,2020-07-04T13:00:00Z,07/04 09:00,15097,20233,30565,2020-07-04T13:00:00Z,1508548,,,173033,13333,1764,,,,,,,,,,,,,34,323,22756,1509677,23079,1509677,,25,19,032968aee096fedaf5bfd83c5e6196524f79ee06,0,0,0,0,0,
20200703,NJ,173839,1097,1312759,,posNeg,1486598,1028,20214,216,,167,,,7/3/2020 13:00,2020-07-03T13:00:00Z,07/03 09:00,15072,20214,30464,2020-07-03T13:00:00Z,1485501,,,172742,13308,1764,,,,,,,,,,,,,34,435,21202,1486598,21637,1486598,,58,73,d53ba12a937925ad26dfa22ae0ecd7037f2eba56,0,0,0,0,0,
20200702,NJ,173404,1048,1291557,,posNeg,1464961,1027,20141,216,,170,,,7/2/2020 13:00,2020-07-02T13:00:00Z,07/02 09:00,15014,20141,30383,2020-07-02T13:00:00Z,1463913,,,172356,13251,1763,,,,,,,,,,,,,34,468,20548,1464961,21016,1464961,,27,87,29752363adbeedb880cc3ecf632f629e6b094e90,0,0,0,0,0,
20200701,NJ,172936,1008,1271009,,posNeg,1443945,1080,20054,217,,178,,,7/1/2020 13:00,2020-07-01T13:00:00Z,07/01 09:00,14987,20054,30300,2020-07-01T13:00:00Z,1442937,,,171928,13224,1763,,,,,,,,,,,,,34,299,20302,1443945,20601,1443945,,43,207,6a93a3005ef43f382f80a4eeacce9bea66e9c18c,0,0,0,0,0,
20200630,NJ,172637,970,1250707,,posNeg,1423344,992,19847,211,,174,,,6/30/2020 13:00,2020-06-30T13:00:00Z,06/30 09:00,14944,19847,30213,2020-06-30T13:00:00Z,1422374,,,171667,13181,1763,,,,,,,,,,,,,34,438,17995,1423344,18433,1423344,,43,0,3fe1686669fa48a26e74fea45cce899b2d1c9990,0,0,0,0,0,
20200629,NJ,172199,927,1232712,,posNeg,1404911,978,19847,225,,185,,,6/29/2020 13:00,2020-06-29T13:00:00Z,06/29 09:00,14901,19847,30163,2020-06-29T13:00:00Z,1403984,,,171272,13138,1763,,,,,,,,,,,,,34,106,16061,1404911,16167,1404911,,19,6,6a79542a786cdc4cb2d005b38c5321008701250a,0,0,0,0,0,
20200628,NJ,172093,911,1216651,,posNeg,1388744,1014,19841,223,,187,,,6/28/2020 13:00,2020-06-28T13:00:00Z,06/28 09:00,14882,19841,30092,2020-06-28T13:00:00Z,1387833,,,171182,13121,1761,,,,,,,,,,,,,34,331,20274,1388744,20605,1388744,,27,18,4fb0a975fc6b990a250276b53b90cf0bf4977ce4,0,0,0,0,0,
20200627,NJ,171762,889,1196377,,posNeg,1368139,1103,19823,236,,200,,,6/27/2020 13:00,2020-06-27T13:00:00Z,06/27 09:00,14855,19823,29967,2020-06-27T13:00:00Z,1367250,,,170873,13094,1761,,,,,,,,,,,,,34,313,20289,1368139,20602,1368139,,36,71,91d352344c0fb371bada404afac72b739bc9b960,0,0,0,0,0,
20200626,NJ,171449,865,1176088,,posNeg,1347537,1118,19752,234,,206,,,6/26/2020 13:00,2020-06-26T13:00:00Z,06/26 09:00,14819,19752,29855,2020-06-26T13:00:00Z,1346672,,,170584,13060,1759,,,,,,,,,,,,,34,419,25374,1347537,25793,1347537,,43,84,0e8640f7b950ab910b0739b31af058858d01ca07,0,0,0,0,0,
20200625,NJ,171030,834,1150714,,posNeg,1321744,1182,19668,252,,210,,,6/25/2020 13:00,2020-06-25T13:00:00Z,06/25 09:00,14776,19668,29740,2020-06-25T13:00:00Z,1320910,,,170196,13018,1758,,,,,,,,,,,,,34,324,20961,1321744,21285,1321744,,23,70,6f72df5df072331d0ac01846e6be597531964bbf,0,0,0,0,0,
20200624,NJ,170706,814,1129753,,posNeg,1300459,1196,19598,275,,214,,,6/24/2020 13:00,2020-06-24T13:00:00Z,06/24 09:00,14753,19598,29627,2020-06-24T13:00:00Z,1299645,,,169892,12995,1758,,,,,,,,,,,,,34,196,16036,1300459,16232,1300459,,46,86,f688c7a2a11756f088698dded89ac07ce5535d5e,0,0,0,0,0,
20200623,NJ,170510,776,1113717,,posNeg,1284227,1092,19512,307,,216,,,6/23/2020 13:00,2020-06-23T13:00:00Z,06/23 09:00,14707,19512,29517,2020-06-23T13:00:00Z,1283451,,,169734,12949,1758,,,,,,,,,,,,,34,351,15733,1284227,16084,1284227,,56,111,08b0161ce970428c814dc621d3312f055d3dfafc,0,0,0,0,0,
20200622,NJ,170159,744,1097984,,posNeg,1268143,1033,19401,287,,213,,,6/22/2020 13:00,2020-06-22T13:00:00Z,06/22 09:00,14651,19401,29522,2020-06-22T13:00:00Z,1267399,,,169415,12895,1756,,,,,,,,,,,,,34,286,22159,1268143,22445,1268143,,28,134,cee602382dfaf23b1f003db3099e53581624a960,0,0,0,0,0,
20200621,NJ,169873,731,1075825,,posNeg,1245698,1105,19267,278,,219,,,6/21/2020 13:00,2020-06-21T13:00:00Z,06/21 09:00,14623,19267,29450,2020-06-21T13:00:00Z,1244967,,,169142,12870,1753,,,,,,,,,,,,,34,325,25786,1245698,26111,1245698,,15,0,185e5df5c1b030b51926d39d7a9120738be9837d,0,0,0,0,0,
20200620,NJ,169548,714,1050039,,posNeg,1219587,1125,19267,286,,238,,,6/20/2020 13:00,2020-06-20T13:00:00Z,06/20 09:00,14608,19267,29318,2020-06-20T13:00:00Z,1218873,,,168834,12857,1751,,,,,,,,,,,,,34,367,24192,1219587,24559,1219587,,23,0,f8708543d875368c343d454c7d25fdbddafd1b38,0,0,0,0,0,
20200619,NJ,169181,685,1025847,,posNeg,1195028,1177,19267,286,,231,,,6/19/2020 13:00,2020-06-19T13:00:00Z,06/19 09:00,14585,19267,29209,2020-06-19T13:00:00Z,1194343,,,168496,12835,1750,,,,,,,,,,,,,34,410,22220,1195028,22630,1195028,,35,257,80a0bf44a050bdd3daeed3f20d9275b274616d20,0,0,0,0,0,
20200618,NJ,168771,664,1003627,,posNeg,1172398,1258,19010,319,,257,,,6/18/2020 13:00,2020-06-18T13:00:00Z,06/18 09:00,14550,19010,29101,2020-06-18T13:00:00Z,1171734,,,168107,12800,1750,,,,,,,,,,,,,34,428,23489,1172398,23917,1172398,,32,0,e05282b68a2fcc9507107f27d50f4c6dcd63a9b1,0,0,0,0,0,
20200617,NJ,168343,640,980138,,posNeg,1148481,1352,19010,358,,254,,,6/17/2020 13:00,2020-06-17T13:00:00Z,06/17 09:00,14518,19010,28966,2020-06-17T13:00:00Z,1147841,,,167703,12769,1749,,,,,,,,,,,,,34,307,15782,1148481,16089,1148481,,42,131,dcfcb2ef186025db5e04096b45fc8199d7bacdf0,0,0,0,0,0,
20200616,NJ,168036,610,964356,,posNeg,1132392,1291,18879,362,,245,,,6/16/2020 13:00,2020-06-16T13:00:00Z,06/16 09:00,14476,18879,28872,2020-06-16T13:00:00Z,1131782,,,167426,12727,1749,,,,,,,,,,,,,34,345,15376,1132392,15721,1132392,,52,124,87c9e6525ae0a419fcecf5d243fca0f048c2e489,0,0,0,0,0,
20200615,NJ,167691,588,948980,,posNeg,1116671,1342,18755,399,,267,,,6/15/2020 13:00,2020-06-15T13:00:00Z,06/15 09:00,14424,18755,28819,2020-06-15T13:00:00Z,1116083,,,167103,12676,1748,,,,,,,,,,,,,34,230,18245,1116671,18475,1116671,,52,18,823124bf985f91b948e801a0065d3bb9dd6b2604,0,0,0,0,0,
20200614,NJ,167461,580,930735,,posNeg,1098196,1391,18737,386,,285,,,6/14/2020 13:00,2020-06-14T13:00:00Z,06/14 09:00,14372,18737,28714,2020-06-14T13:00:00Z,1097616,,,166881,12625,1747,,,,,,,,,,,,,34,290,19125,1098196,19415,1098196,,37,30,2dc762bde5ee491b5799bb94cc434d1bf75d4a95,0,0,0,0,0,
20200613,NJ,167171,566,911610,,posNeg,1078781,1395,18707,409,,279,,,6/13/2020 13:00,2020-06-13T13:00:00Z,06/13 09:00,14335,18707,28606,2020-06-13T13:00:00Z,1078215,,,166605,12589,1746,,,,,,,,,,,,,34,460,22378,1078781,22838,1078781,,103,100,d455e34c474a4a3597c872109af62bc976ba4648,0,0,0,0,0,
20200612,NJ,166711,547,889232,,posNeg,1055943,1480,18607,415,,300,,,6/12/2020 13:00,2020-06-12T13:00:00Z,06/12 09:00,14232,18607,28509,2020-06-12T13:00:00Z,1055396,,,166164,12489,1743,,,,,,,,,,,,,34,373,24255,1055943,24628,1055943,,49,115,0534c4d38d988dcc2ef86c647fab8a485dd57697,0,0,0,0,0,
20200611,NJ,166338,522,864977,,posNeg,1031315,1512,18492,445,,319,,,6/11/2020 13:00,2020-06-11T13:00:00Z,06/11 09:00,14183,18492,28376,2020-06-11T13:00:00Z,1030793,,,165816,12443,1740,,,,,,,,,,,,,34,486,21389,1031315,21875,1031315,,67,269,86298b5e6aa884e5dd695091ad40c474da45111d,0,0,0,0,0,
20200610,NJ,165852,506,843588,,posNeg,1009440,1701,18223,471,,342,,,6/10/2020 13:00,2020-06-10T13:00:00Z,06/10 09:00,14116,18223,28207,2020-06-10T13:00:00Z,1008934,,,165346,12377,1739,,,,,,,,,,,,,34,567,18887,1009440,19454,1009440,,76,154,a57c26b2461a118850ae334caef69205f8a2704e,0,0,0,0,0,
20200609,NJ,165285,489,824701,,posNeg,989986,1736,18069,510,,373,,,6/9/2020 13:00,2020-06-09T13:00:00Z,06/09 09:00,14040,18069,28036,2020-06-09T13:00:00Z,989497,,,164796,12303,1737,,,,,,,,,,,,,34,314,14109,989986,14423,989986,,93,19,2d4039c32f066289cadd2a0cb711a871f328cf5d,0,0,0,0,0,
20200608,NJ,164971,474,810592,,posNeg,975563,1740,18050,498,,361,,,6/8/2020 13:00,2020-06-08T13:00:00Z,06/08 09:00,13947,18050,27941,2020-06-08T13:00:00Z,975089,,,164497,12214,1733,,,,,,,,,,,,,34,341,14331,975563,14672,975563,,39,0,5491f01e075758063afc3077c65261d173ba1d18,0,0,0,0,0,
20200607,NJ,164630,466,796261,,posNeg,960891,1882,18050,503,,385,,,6/7/2020 13:00,2020-06-07T13:00:00Z,06/07 09:00,13908,18050,27824,2020-06-07T13:00:00Z,960425,,,164164,12176,1732,,,,,,,,,,,,,34,280,17138,960891,17418,960891,,71,27,38a1a4769cc67e81ff6d2639757dfa5db644244d,0,0,0,0,0,
20200606,NJ,164350,457,779123,,posNeg,943473,1933,18023,539,,410,,,6/6/2020 13:00,2020-06-06T13:00:00Z,06/06 09:00,13837,18023,27641,2020-06-06T13:00:00Z,943016,,,163893,12106,1731,,,,,,,,,,,,,34,576,23568,943473,24144,943473,,58,143,3c9081f00aca6fea5371829605f3f46f961718f6,0,0,0,0,0,
20200605,NJ,163774,438,755555,,posNeg,919329,1933,17880,542,,410,,,6/5/2020 13:00,2020-06-05T13:00:00Z,06/05 09:00,13779,17880,27433,2020-06-05T13:00:00Z,918891,,,163336,12049,1730,,,,,,,,,,,,,34,822,60356,919329,61178,919329,,82,276,6ba62fc020b6ad36c9fb10127aeed4c630fe0f7c,0,0,0,0,0,
20200604,NJ,162952,422,695199,,posNeg,858151,1982,17604,537,,459,,,6/4/2020 13:00,2020-06-04T13:00:00Z,06/04 09:00,13697,17604,27231,2020-06-04T13:00:00Z,857729,,,162530,11970,1727,,,,,,,,,,,,,34,480,19847,858151,20327,858151,,95,214,4100aa91296282087d0cc1dd1788e62a696f8331,0,0,0,0,0,
20200603,NJ,162472,404,675352,,posNeg,837824,2250,17390,612,,459,,,6/3/2020 13:00,2020-06-03T13:00:00Z,06/03 09:00,13602,17390,27008,2020-06-03T13:00:00Z,837420,,,162068,11880,1722,,,,,,,,,,,,,34,554,19220,837824,19774,837824,,112,0,417c802035a631dab25dbb55abf2e9267b42a652,0,0,0,0,0,
20200602,NJ,161918,373,656132,,posNeg,818050,2370,17390,639,,480,,,6/2/2020 13:00,2020-06-02T13:00:00Z,06/02 09:00,13490,17390,26815,2020-06-02T13:00:00Z,817677,,,161545,11770,1720,,,,,,,,,,,,,34,640,21450,818050,22090,818050,,52,168,0b5e358aa60a508441392fd98ddcd3f1b8d1878c,0,0,0,0,0,
20200601,NJ,161278,360,634682,,posNeg,795960,2466,17222,646,,459,,,6/1/2020 13:00,2020-06-01T13:00:00Z,06/01 09:00,13438,17222,26703,2020-06-01T13:00:00Z,795600,,,160918,11721,1717,,,,,,,,,,,,,34,474,48982,795960,49456,795960,,26,25,61663a00f9aa7e418ee6d9d05ee63ed6e3c775b3,0,0,0,0,0,
20200531,NJ,160804,359,585700,,posNeg,746504,2497,17197,522,,378,,,5/31/2020 13:00,2020-05-31T13:00:00Z,05/31 09:00,13412,17197,26560,2020-05-31T13:00:00Z,745308,,,160445,11698,1714,,,,,,,,,,,,,34,846,0,746504,846,746504,,67,76,9e9ac3929ebc7c2157581ad8952067eef8393cdb,0,0,0,0,0,
20200530,NJ,159958,350,585700,,posNeg,745658,2626,17121,672,,499,,,5/30/2020 13:00,2020-05-30T13:00:00Z,05/30 09:00,13345,17121,26301,2020-05-30T13:00:00Z,745308,,,159608,11634,1711,,,,,,,,,,,,,34,778,28133,745658,28911,745658,,106,161,ee0b40f9f4b9f5befd803f58f7657c0da06a9948,0,0,0,0,0,
20200529,NJ,159180,336,557567,,posNeg,716747,2707,16960,720,,544,,,5/29/2020 13:00,2020-05-29T13:00:00Z,05/29 09:00,13239,16960,26084,2020-05-29T13:00:00Z,716411,,,158844,11531,1708,,,,,,,,,,,,,34,1050,29525,716747,30575,716747,,135,182,d91d594aeadcd1130ffe5592aa30228dca8da827,0,0,0,0,0,
20200528,NJ,158130,315,528042,,posNeg,686172,2797,16778,740,,564,,,5/28/2020 13:00,2020-05-28T13:00:00Z,05/28 09:00,13104,16778,25804,2020-05-28T13:00:00Z,685857,,,157815,11401,1703,,,,,,,,,,,,,34,1204,24345,686172,25549,686172,,67,181,cc2dc47ccd3dc23500f7e0f4672e87a694c32efe,0,0,0,0,0,
20200527,NJ,156926,298,503697,,posNeg,660623,2761,16597,768,,583,,,5/27/2020 13:00,2020-05-27T13:00:00Z,05/27 09:00,13037,16597,25552,2020-05-27T13:00:00Z,660325,,,156628,11339,1698,,,,,,,,,,,,,34,880,23569,660623,24449,660623,,151,224,00c386d40cbbe41c45874ea49381e990696100f2,0,0,0,0,0,
20200526,NJ,156046,282,480128,,posNeg,636174,2723,16373,786,,578,,,5/26/2020 13:00,2020-05-26T13:00:00Z,05/26 09:00,12886,16373,25384,2020-05-26T13:00:00Z,635892,,,155764,11191,1695,,,,,,,,,,,,,34,676,11423,636174,12099,636174,,52,16373,bd419a5d48bd71de7cbfba6cc9ba9110498e32e1,0,0,0,0,0,
20200525,NJ,155370,278,468705,,posNeg,624075,2755,,719,,540,,,5/25/2020 13:00,2020-05-25T13:00:00Z,05/25 09:00,12834,,25253,2020-05-25T13:00:00Z,623797,,,155092,11144,1690,,,,,,,,,,,,,34,943,19052,624075,19995,624075,,15,0,c35fbee1dd514491c3beedf402c7f77170389285,0,0,0,0,0,
20200524,NJ,154427,273,449653,,posNeg,604080,2857,,760,,639,,,5/24/2020 13:00,2020-05-24T13:00:00Z,05/24 09:00,12819,,25040,2020-05-24T13:00:00Z,603807,,,154154,11133,1686,,,,,,,,,,,,,34,1055,24022,604080,25077,604080,,54,0,f5ebc51efaafae98ca7dfb0b343bced3630f556c,0,0,0,0,0,
20200523,NJ,153372,268,425631,,posNeg,579003,2974,,806,,611,,,5/23/2020 13:00,2020-05-23T13:00:00Z,05/23 09:00,12765,,24762,2020-05-23T13:00:00Z,578735,,,153104,11081,1684,,,,,,,,,,,,,34,410,23036,579003,23446,579003,,99,0,db800c394fa973fae5cfa15d468d0627da27b97b,0,0,0,0,0,
20200522,NJ,152962,243,402595,,posNeg,555557,3049,,846,,674,,,5/22/2020 13:00,2020-05-22T13:00:00Z,05/22 09:00,12666,,24491,2020-05-22T13:00:00Z,555314,,,152719,10985,1681,,,,,,,,,,,,,34,1265,9793,555557,11058,555557,,148,0,90938062806ff4e07aa6ad46246a1a40e599dada,0,0,0,0,0,
20200521,NJ,151697,225,392802,,posNeg,544499,3208,,896,,700,,,5/21/2020 13:00,2020-05-21T13:00:00Z,05/21 09:00,12518,,24236,2020-05-21T13:00:00Z,544274,,,151472,10843,1675,,,,,,,,,,,,,34,1100,11858,544499,12958,544499,,102,0,fcf5a8ea459cd415d4eeeb27165f27b1827908c1,0,0,0,0,0,
20200520,NJ,150597,198,380944,,posNeg,531541,3405,,969,,750,,,5/20/2020 13:00,2020-05-20T13:00:00Z,05/20 09:00,12416,,23945,2020-05-20T13:00:00Z,531343,,,150399,10747,1669,,,,,,,,,,,,,34,1405,9775,531541,11180,531541,,168,0,6134ecc5c8ead118d1e49b891af159a131e4b41f,0,0,0,0,0,
20200519,NJ,149192,179,371169,,posNeg,520361,3481,,977,,789,,,5/19/2020 13:00,2020-05-19T13:00:00Z,05/19 09:00,12248,,23657,2020-05-19T13:00:00Z,520182,,,149013,10586,1662,,,,,,,,,,,,,34,988,13639,520361,14627,520361,,152,0,f09fef43e88f08508e4191303a23eb9d68b7f4e3,0,0,0,0,0,
20200518,NJ,148204,165,357530,,posNeg,505734,3509,,1053,,819,,,5/18/2020 13:00,2020-05-18T13:00:00Z,05/18 09:00,12096,,23496,2020-05-18T13:00:00Z,505569,,,148039,10435,1661,,,,,,,,,,,,,34,1712,16299,505734,18011,505734,,83,0,e61d7f236dbf5ae15bc3d6ded9fa2f8c845883c5,0,0,0,0,0,
20200517,NJ,146492,158,341231,,posNeg,487723,3411,,1030,,819,,,5/17/2020 13:00,2020-05-17T13:00:00Z,05/17 09:00,12013,,23299,2020-05-17T13:00:00Z,487565,,,146334,10356,1657,,,,,,,,,,,,,34,1251,11096,487723,12347,487723,,110,0,1891df71fe17e1f17a595a248731bb6fbb9336cd,0,0,0,0,0,
20200516,NJ,145241,152,330135,,posNeg,475376,3564,,1061,,846,,,5/16/2020 13:00,2020-05-16T13:00:00Z,05/16 09:00,11903,,22939,2020-05-16T13:00:00Z,475224,,,145089,10249,1654,,,,,,,,,,,,,34,1197,11068,475376,12265,475376,,114,0,17f07016df178da823010f72b48cf2544e3c3728,0,0,0,0,0,
20200515,NJ,144044,139,319067,,posNeg,463111,3823,,1127,,865,,,5/15/2020 13:00,2020-05-15T13:00:00Z,05/15 09:00,11789,,15642,2020-05-15T13:00:00Z,462972,,,143905,10138,1651,,,,,,,,,,,,,34,1219,10075,463111,11294,463111,,197,0,ca77784907aa5553862508160de17b2f4434b850,0,0,0,0,0,
20200514,NJ,142825,121,308992,,posNeg,451817,3958,,1157,,898,,,5/14/2020 13:00,2020-05-14T13:00:00Z,05/14 09:00,11592,,15642,2020-05-14T13:00:00Z,451696,,,142704,9946,1646,,,,,,,,,,,,,34,1157,9102,451817,10259,451817,,252,0,a3ee578d4fe71e2061acfdecdded6285753cedee,0,0,0,0,0,
20200513,NJ,141668,108,299890,,posNeg,441558,4226,,1226,,928,,,5/13/2020 13:00,2020-05-13T13:00:00Z,05/13 09:00,11340,,15642,2020-05-13T13:00:00Z,441450,,,141560,9702,1638,,,,,,,,,,,,,34,833,7573,441558,8406,441558,,202,0,6fd400d836c48eb6c5a41252ebc874ea679f4c80,0,0,0,0,0,
20200512,NJ,140835,92,292317,,posNeg,433152,4328,,1306,,982,,,5/12/2020 13:00,2020-05-12T13:00:00Z,05/12 09:00,11138,,15642,2020-05-12T13:00:00Z,433060,,,140743,9508,1630,,,,,,,,,,,,,34,813,6329,433152,7142,433152,,212,0,3af59223b94c919d0b4e48713ddfba646f0e0f5c,0,0,0,0,0,
20200511,NJ,140022,77,285988,,posNeg,426010,4195,,1255,,970,,,5/11/2020 13:00,2020-05-11T13:00:00Z,05/11 09:00,10926,,15642,2020-05-11T13:00:00Z,425933,,,139945,9310,1616,,,,,,,,,,,,,34,1415,112073,426010,113488,426010,,60,0,b7d8effd31414dec852aa8df25b9d752297444aa,0,0,0,0,0,
20200510,NJ,138607,75,173915,591,posNeg,312522,4308,,1338,,994,,,5/10/2020 13:00,2020-05-10T13:00:00Z,05/10 09:00,10866,,15642,2020-05-10T13:00:00Z,,,,138532,9255,1611,,312447,,,,,,,,,,,34,1457,5794,313113,7251,312522,,151,0,2736a06900d0ead818ce177a977963efb0f1fdca,0,0,0,0,0,
20200509,NJ,137150,65,168121,557,posNeg,305271,4628,,1416,,1054,,,5/9/2020 13:00,2020-05-09T13:00:00Z,05/09 09:00,10715,,15642,2020-05-09T13:00:00Z,,,,137085,9116,1599,,305206,,,,,,,,,,,34,1646,4816,305828,6462,305271,,177,0,e35863c2c30341d038b6c9b5b17c19a183019f0e,0,0,0,0,0,
20200508,NJ,135504,50,163305,553,posNeg,298809,4605,,1439,,1089,,,5/8/2020 13:00,2020-05-08T13:00:00Z,05/08 09:00,10538,,15642,2020-05-08T13:00:00Z,,,,135454,8952,1586,,298759,,,,,,,,,,,34,1827,4282,299362,6109,298809,,170,0,0690953940422381503be4d5da398fb36cf98653,0,0,0,0,0,
20200507,NJ,133677,42,159023,552,posNeg,292700,4996,,1470,,1107,,,5/7/2020 13:00,2020-05-07T13:00:00Z,05/07 09:00,10368,,15642,2020-05-07T13:00:00Z,,,,133635,8801,1567,,292658,,,,,,,,,,,34,1749,1993,293252,3742,292700,,264,0,c33458368bb0f643e6d2d5721401949e4dde2a62,0,0,0,0,0,
20200506,NJ,131928,38,157030,594,posNeg,288958,5221,,1549,,1146,,,5/6/2020 13:00,2020-05-06T13:00:00Z,05/06 09:00,10104,,15642,2020-05-06T13:00:00Z,,,,131890,8549,1555,,288920,,,,,,,,,,,34,1308,0,289552,1308,288958,,321,0,307a58d9fcaafef6442de87d76221ab264faa6f3,0,0,0,0,0,
20200505,NJ,130620,27,157030,550,posNeg,287650,5328,,1534,,1169,,,5/5/2020 13:00,2020-05-05T13:00:00Z,05/05 09:00,9783,,15642,2020-05-05T13:00:00Z,,,,130593,8244,1539,,287623,,,,,,,,,,,34,2332,8079,288200,10411,287650,,341,0,5578b313dd89c6c405528c4b84d60be23f6539ce,0,0,0,0,0,
20200504,NJ,128288,19,148951,647,posNeg,277239,5287,,1610,,1189,,,5/4/2020 13:00,2020-05-04T13:00:00Z,05/04 09:00,9442,,15642,2020-05-04T13:00:00Z,,,,128269,7910,1532,,277220,,,,,,,,,,,34,1526,629,277886,2155,277239,,62,0,855651a25d339ce221417852d27990e11a4ae58c,0,0,0,0,0,
20200503,NJ,126762,18,148322,641,posNeg,275084,5317,,1623,,1198,,,5/3/2020 13:00,2020-05-03T13:00:00Z,05/03 09:00,9380,,15642,2020-05-03T13:00:00Z,,,,126744,7871,1509,,275066,,,,,,,,,,,34,3031,9727,275725,12758,275084,,155,0,ef66b569b1ff2b40e01ed6a3c09c9a8a487fc114,0,0,0,0,0,
20200502,NJ,123731,14,138595,676,posNeg,262326,5713,,1715,,1230,,,5/2/2020 13:00,2020-05-02T13:00:00Z,05/02 09:00,9225,,15642,2020-05-02T13:00:00Z,,,,123717,7742,1483,,262312,,,,,,,,,,,34,2541,3240,263002,5781,262326,,225,0,220a037f57ae6a3133b9221bbe8c6b503d277a97,0,0,0,0,0,
20200501,NJ,121190,,135355,583,posNeg,256545,5972,,1724,,1286,,,5/1/2020 13:00,2020-05-01T13:00:00Z,05/01 09:00,9000,,15642,2020-05-01T13:00:00Z,,,,121190,7538,1462,,256545,,,,,,,,,,,34,2538,6089,257128,8627,256545,,336,0,2e23b1de42351811ae0c5dc7377b73047ddd3813,0,0,0,0,0,
20200430,NJ,118652,,129266,478,posNeg,247918,6137,,1765,,1271,,,4/30/2020 13:00,2020-04-30T13:00:00Z,04/30 09:00,8664,,15642,2020-04-30T13:00:00Z,,,,118652,7228,1436,,247918,,,,,,,,,,,34,2388,4212,248396,6600,247918,,480,0,12faca44251e370fb8182560e84ce3c4ae33ed6d,0,0,0,0,0,
20200429,NJ,116264,,125054,617,posNeg,241318,6289,,1811,,1327,,,4/29/2020 13:00,2020-04-29T13:00:00Z,04/29 09:00,8184,,15642,2020-04-29T13:00:00Z,,,,116264,6770,1414,,241318,,,,,,,,,,,34,2408,4551,241935,6959,241318,,349,0,380c585c0820d2ddba31997a9e5b11612ffdb38c,0,0,0,0,0,
20200428,NJ,113856,,120503,,posNeg,234359,6476,,1809,,1262,,,4/28/2020 13:00,2020-04-28T13:00:00Z,04/28 09:00,7835,,15642,2020-04-28T13:00:00Z,,,,113856,6442,1393,,234359,,,,,,,,,,,34,2668,3916,234359,6584,234359,,428,0,8ebd7b7f73052dd4bb87a11a3f01f897a9a03948,0,0,0,0,0,
20200427,NJ,111188,,116587,,posNeg,227775,6407,,1801,,1303,,,4/26/2020 11:00,2020-04-26T11:00:00Z,04/26 07:00,7407,,,2020-04-26T11:00:00Z,,,,111188,6044,1363,,227775,,,,,,,,,,,34,2150,2481,227775,4631,227775,,139,0,684a45cbfb7b7328835603ed2f7c4a26cc516abf,0,0,0,0,0,
20200426,NJ,109038,,114106,,posNeg,223144,6573,,1804,,1418,,,4/26/2020 11:00,2020-04-26T11:00:00Z,04/26 07:00,7268,,,2020-04-26T11:00:00Z,,,,109038,5938,1330,,223144,,,,,,,,,,,34,3515,5943,223144,9458,223144,,102,0,3142bf78004a2387dd13935da9d9be4a431b434b,0,0,0,0,0,
20200425,NJ,105523,,108163,,posNeg,213686,6722,,1971,,1442,,,4/25/2020 13:00,2020-04-25T13:00:00Z,04/25 09:00,7166,,,2020-04-25T13:00:00Z,,,,105523,5863,1303,,213686,,,,,,,,,,,34,3327,4397,213686,7724,213686,,280,0,d33331041b0d551960a6812ed2b4cd93be58d2af,0,0,0,0,0,
20200424,NJ,102196,,103766,,posNeg,205962,6847,,1933,,1487,,,4/24/2020 13:00,2020-04-24T13:00:00Z,04/24 09:00,6886,,,2020-04-24T13:00:00Z,,,,102196,5617,1269,,205962,,,,,,,,,,,34,2207,3607,205962,5814,205962,,279,0,d400eba688dce674058d3fa5f3cdebf8ce77689c,0,0,0,0,0,
20200423,NJ,99989,,100159,,posNeg,200148,7240,,1990,,1462,,,4/23/2020 13:00,2020-04-23T13:00:00Z,04/23 09:00,6607,,,2020-04-23T13:00:00Z,,,,99989,5368,1239,,200148,,,,,,,,,,,34,4124,4365,200148,8489,200148,,332,0,a5bf835205545b69cb08ebb440d97e14aefe2fe7,0,0,0,0,0,
20200422,NJ,95865,,95794,,posNeg,191659,7210,,1983,,1570,,,4/22/2020 13:00,2020-04-22T13:00:00Z,04/22 09:00,6275,,,2020-04-22T13:00:00Z,,,,95865,5063,1212,,191659,,,,,,,,,,,34,3478,3355,191659,6833,191659,,343,0,95eed7a24d703104d0bee140c7e0c468cf2dd304,0,0,0,0,0,
20200421,NJ,92387,,92439,,posNeg,184826,7594,,1930,,1501,,,4/21/2020 13:00,2020-04-21T13:00:00Z,04/21 09:00,5932,,,2020-04-21T13:00:00Z,,,,92387,4753,1179,,184826,,,,,,,,,,,34,3581,3188,184826,6769,184826,,414,0,6cf67ab6641968ca6300856c2c8c1873e9eb6cd9,0,0,0,0,0,
20200420,NJ,88806,,89251,,posNeg,178057,6986,,2018,,1594,,,4/20/2020 13:00,2020-04-20T13:00:00Z,04/20 09:00,5518,,,2020-04-20T13:00:00Z,,,,88806,4377,1141,,178057,,,,,,,,,,,34,3505,3864,178057,7369,178057,,208,0,be7e97dab980dc8e06b1a59888e81495cf3c25c6,0,0,0,0,0,
20200419,NJ,85301,,85387,,posNeg,170688,7494,,1940,,1628,,,4/19/2020 13:00,2020-04-19T13:00:00Z,04/19 09:00,5310,,,2020-04-19T13:00:00Z,,,,85301,4202,1108,,170688,,,,,,,,,,,34,3881,4271,170688,8152,170688,,171,0,8388f61031fb79d94c6bbcaf8da1981c81b17c84,0,0,0,0,0,
20200418,NJ,81420,,81116,,posNeg,162536,7718,,2024,,1641,,,4/18/2020 12:49,2020-04-18T12:49:00Z,04/18 08:49,5139,,,2020-04-18T12:49:00Z,,,,81420,4070,1069,,162536,,,,,,,,,,,34,2953,2134,162536,5087,162536,,286,0,2e28de7b7de08735ef5cf5f04c777868df6f1ef9,0,0,0,0,0,
20200417,NJ,78467,,78982,,posNeg,157449,8011,,1961,,1594,,,4/17/2020 13:00,2020-04-17T13:00:00Z,04/17 09:00,4853,,,2020-04-17T13:00:00Z,,,,78467,3840,1013,,157449,,,,,,,,,,,34,3150,2469,157449,5619,157449,,364,0,7679daa87c43fdbaca7509c496ee73216743ad85,0,0,0,0,0,
20200416,NJ,75317,,76513,,posNeg,151830,8224,,2014,,1645,,,4/16/2020 13:00,2020-04-16T13:00:00Z,04/16 09:00,4489,,,2020-04-16T13:00:00Z,,,,75317,3518,971,,151830,,,,,,,,,,,34,4287,3522,151830,7809,151830,,421,0,dd783a50f8b33185a7b1db8dc9361915bc55b07a,0,0,0,0,0,
20200415,NJ,71030,,72991,,posNeg,144021,8270,,1980,,1705,,,4/15/2020 13:00,2020-04-15T13:00:00Z,04/15 09:00,4068,,,2020-04-15T13:00:00Z,,,,71030,3156,912,,144021,,,,,,,,,,,34,2206,2041,144021,4247,144021,,409,0,dd379927d17642507015837f26e329f0acacc9b1,0,0,0,0,0,
20200414,NJ,68824,,70950,,posNeg,139774,8185,,2051,,1626,,,4/14/2020 13:00,2020-04-14T13:00:00Z,04/14 09:00,3659,,,2020-04-14T13:00:00Z,,,,68824,2805,854,,139774,,,,,,,,,,,34,4240,6065,139774,10305,139774,,411,0,c7dd3441621a8bc998250543b25b7375c1b6685d,0,0,0,0,0,
20200413,NJ,64584,,64885,,posNeg,129469,7781,,1886,,1611,,,4/13/2020 14:00,2020-04-13T14:00:00Z,04/13 10:00,3248,,,2020-04-13T14:00:00Z,,,,64584,2443,805,,129469,,,,,,,,,,,34,2734,0,129469,2734,129469,,164,0,a7fce53b4d158a69ee778967bd626d634cdb7dd0,0,0,0,0,0,
20200412,NJ,61850,,64885,,posNeg,126735,7604,,1914,,1644,,,4/12/2020 13:00,2020-04-12T13:00:00Z,04/12 09:00,3084,,,2020-04-12T13:00:00Z,,,,61850,2350,734,,126735,,,,,,,,,,,34,3699,2843,126735,6542,126735,,240,0,ee6cc4aa11e2d26dfb717f286658321b07d0cef9,0,0,0,0,0,
20200411,NJ,58151,,62042,,posNeg,120193,7618,,1746,,1650,,,4/11/2020 13:00,2020-04-11T13:00:00Z,04/11 09:00,2844,,,2020-04-11T13:00:00Z,,,,58151,2183,661,,120193,,,,,,,,,,,34,3563,3107,120193,6670,120193,,323,0,5d0362e68742ea7497e894825527fe9a83e42086,0,0,0,0,0,
20200410,NJ,54588,,58935,,posNeg,113523,7570,,1679,,1663,,,4/10/2020 13:00,2020-04-10T13:00:00Z,04/10 09:00,2521,,682,2020-04-10T13:00:00Z,,,,54588,1932,589,,113523,,,,,,,,,,,34,3561,2770,113523,6331,113523,,285,0,cb7f1b1390d072bf214afc5f489419ffa93f50dc,0,0,0,0,0,
20200409,NJ,51027,,56165,,posNeg,107192,7363,,1523,,1551,,,4/9/2020 08:00,2020-04-09T08:00:00Z,04/09 04:00,2236,,,2020-04-09T08:00:00Z,,,,51027,1700,536,,107192,,,,,,,,,,,34,3590,3186,107192,6776,107192,,267,0,7418eeedfbc8d6795e28e65c0a2c8c21df23f45d,0,0,0,0,0,
20200408,NJ,47437,,52979,,posNeg,100416,7026,,1617,,1576,,,4/8/2020 14:08,2020-04-08T14:08:00Z,04/08 10:08,1969,,,2020-04-08T14:08:00Z,,,,47437,1504,465,,100416,,,,,,,,,,,34,3021,2421,100416,5442,100416,,338,0,8aee4827952f29ed1f1c863f8ef92ebedf95d532,0,0,0,0,0,
20200407,NJ,44416,,50558,,posNeg,94974,7017,,1651,,1540,,,4/7/2020 13:00,2020-04-07T13:00:00Z,04/07 09:00,1631,,,2020-04-07T13:00:00Z,,,,44416,1232,399,,94974,,,,,,,,,,,34,3326,2616,94974,5942,94974,,297,0,b7fb9824340ceafe2e90a43b894667d79e45acd1,0,0,0,0,0,
20200406,NJ,41090,,47942,,posNeg,89032,6390,,,,1263,,,4/6/2020 13:00,2020-04-06T13:00:00Z,04/06 09:00,1334,,,2020-04-06T13:00:00Z,,,,41090,1003,331,,89032,,,,,,,,,,,34,3585,3281,89032,6866,89032,,150,0,bffad8934b02fbe9f0e011c9db8d80e9a607aac8,0,0,0,0,0,
20200405,NJ,37505,,44661,,posNeg,82166,4000,,,,,,,4/5/2020 13:00,2020-04-05T13:00:00Z,04/05 09:00,1184,,,2020-04-05T13:00:00Z,,,,37505,917,267,,82166,,,,,,,,,,,34,3381,3429,82166,6810,82166,,126,0,0d6cd1a2fc45c1c09f8a8c7d5b9c88faca595a12,0,0,0,0,0,
20200404,NJ,34124,,41232,,posNeg,75356,4000,,,,,,,4/4/2020 13:00,2020-04-04T13:00:00Z,04/04 09:00,1058,,,2020-04-04T13:00:00Z,,,,34124,846,212,,75356,,,,,,,,,,,34,4229,3624,75356,7853,75356,,242,0,ee249c17748abcdbd9af061efbbddd1a3b15a5e3,0,0,0,0,0,
20200403,NJ,29895,,37608,,posNeg,67503,3016,,,,,,,4/3/2020 13:00,2020-04-03T13:00:00Z,04/03 09:00,816,,,2020-04-03T13:00:00Z,,,,29895,646,170,,67503,,,,,,,,,,,34,4305,4088,67503,8393,67503,,136,0,aa8c81a6ef9253294c637e4726fba51f59dcbd92,0,0,0,0,0,
20200402,NJ,25590,,33520,,posNeg,59110,2000,,,,,,,4/2/2020 13:00,2020-04-02T13:00:00Z,04/02 09:00,680,,,2020-04-02T13:00:00Z,,,,25590,537,143,,59110,,,,,,,,,,,34,3335,3133,59110,6468,59110,,205,0,d931eec95f155b6bc18c6428fb8b2bb47f392e48,0,0,0,0,0,
20200401,NJ,22255,,30387,,posNeg,52642,2000,,,,,,,4/1/2020 13:00,2020-04-01T13:00:00Z,04/01 09:00,475,,,2020-04-01T13:00:00Z,,,,22255,355,120,,52642,,,,,,,,,,,34,3559,3310,52642,6869,52642,,111,0,8a3140cb2bc8b68f31b910691da6f5cb76aea791,0,0,0,0,0,
20200331,NJ,18696,,27077,,posNeg,45773,2000,,,,,,,3/31/2020 13:00,2020-03-31T13:00:00Z,03/31 09:00,364,,,2020-03-31T13:00:00Z,,,,18696,267,97,,45773,,,,,,,,,,,34,2060,1853,45773,3913,45773,,98,0,89c58a33733e5d40b47ce1c41417a10208718d87,0,0,0,0,0,
20200330,NJ,16636,,25224,,posNeg,41860,2000,,,,,,,3/29/2020 13:30,2020-03-29T13:30:00Z,03/29 09:30,266,,,2020-03-29T13:30:00Z,,,,16636,198,68,,41860,,,,,,,,,,,34,3250,3008,41860,6258,41860,,49,0,e3309d5b01bfbb07bea813612c3e7da564a824b4,0,0,0,0,0,
20200329,NJ,13386,,22216,,posNeg,35602,2000,,,,,,,3/29/2020 13:30,2020-03-29T13:30:00Z,03/29 09:30,217,,,2020-03-29T13:30:00Z,,,,13386,161,56,,35602,,,,,,,,,,,34,2262,2830,35602,5092,35602,,26,0,b9352ca5c5d1f78ad90d6a42e742d1d1fd470920,0,0,0,0,0,
20200328,NJ,11124,,19386,,posNeg,30510,2000,,,,,,,3/28/2020 13:30,2020-03-28T13:30:00Z,03/28 09:30,191,,,2020-03-28T13:30:00Z,,,,11124,140,51,,30510,,,,,,,,,,,34,2299,2839,30510,5138,30510,,51,0,830480ce1091eb63e29b41b25e7e47ccf937d1d6,0,0,0,0,0,
20200327,NJ,8825,,16547,,posNeg,25372,2000,,,,,,,3/27/2020 13:30,2020-03-27T13:30:00Z,03/27 09:30,140,,,2020-03-27T13:30:00Z,,,,8825,108,32,,25372,,,,,,,,,,,34,1949,2886,25372,4835,25372,,32,0,5511c925d39ddce0b03e390c4dc94ff0a370b78b,0,0,0,0,0,
20200326,NJ,6876,,13661,,posNeg,20537,1080,,,,,,,3/25/2020 14:00,2020-03-25T14:00:00Z,03/25 10:00,108,,,2020-03-25T14:00:00Z,,,,6876,81,27,,20537,,,,,,,,,,,34,2474,3209,20537,5683,20537,,27,0,7beb2d5294ffe0fba26920b58b1803ac7eb32962,0,0,0,0,0,
20200325,NJ,4402,,10452,,posNeg,14854,,,,,,,,3/24/2020 01:30,2020-03-24T01:30:00Z,03/23 21:30,81,,,2020-03-24T01:30:00Z,,,,4402,62,19,,14854,,,,,,,,,,,34,727,2127,14854,2854,14854,,21,0,2e437bc26283f83a7e1bd2eb568d2603d3437524,0,0,0,0,0,
20200324,NJ,3675,,8325,45,posNeg,12000,,,,,,,,3/24/2020 01:30,2020-03-24T01:30:00Z,03/23 21:30,60,,,2020-03-24T01:30:00Z,,,,3675,44,16,,12000,,,,,,,,,,,34,831,7966,12045,8797,12000,,20,0,4f193ff97f92b9328b57572db3b39cdf613aa7a2,0,0,0,0,0,
20200323,NJ,2844,,359,94,posNeg,3203,,,,,,,,3/23/2020 14:00,2020-03-23T14:00:00Z,03/23 10:00,40,,,2020-03-23T14:00:00Z,,,,2844,27,13,,3203,,,,,,,,,,,34,930,32,3297,962,3203,,11,0,a0af8b079ff02e0750fe2e4d0cc436534a7fb31b,0,0,0,0,0,
20200322,NJ,1914,,327,49,posNeg,2241,,,,,,,,3/22/2020 13:30,2020-03-22T13:30:00Z,03/22 09:30,29,,,2020-03-22T13:30:00Z,,,,1914,20,9,,2241,,,,,,,,,,,34,587,33,2290,620,2241,,7,0,9b39e8f62c468e63043ef8f30bbbe637edc73a4d,0,0,0,0,0,
20200321,NJ,1327,,294,40,posNeg,1621,,,,,,,,3/21/2020 13:00,2020-03-21T13:00:00Z,03/21 09:00,22,,,2020-03-21T13:00:00Z,,,,1327,16,6,,1621,,,,,,,,,,,34,437,30,1661,467,1621,,6,0,81547fbfa599206cfc527605343dc67e8a89c0e1,0,0,0,0,0,
20200320,NJ,890,,264,86,posNeg,1154,,,,,,,,3/20/2020 13:30,2020-03-20T13:30:00Z,03/20 09:30,16,,,2020-03-20T13:30:00Z,,,,890,11,5,,1154,,,,,,,,,,,34,148,54,1240,202,1154,,3,0,dd4021ca94c4131eeef7e14daa2083e76dd7e2d0,0,0,0,0,0,
20200319,NJ,742,,210,74,posNeg,952,,,,,,,,3/19/2020 11:30,2020-03-19T11:30:00Z,03/19 07:30,13,,,2020-03-19T11:30:00Z,,,,742,9,4,,952,,,,,,,,,,,34,313,20,1026,333,952,,6,0,5ab39b4436c64b8f9f982925e375d778b207a2b6,0,0,0,0,0,
20200318,NJ,429,,190,21,posNeg,619,,,,,,,,3/17/2020 13:00,2020-03-17T13:00:00Z,03/17 09:00,7,,,2020-03-17T13:00:00Z,,,,429,5,2,,617,,,,,,,,,,,34,162,27,640,189,619,,3,0,b9a48d24367cd0c9f0e00492e9f4e33eeb54562f,0,0,0,0,0,
20200317,NJ,267,,163,55,posNeg,430,,,,,,,,3/17/2020 13:00,2020-03-17T13:00:00Z,03/17 09:00,4,,,2020-03-17T13:00:00Z,,,,267,3,1,,430,,,,,,,,,,,34,89,43,485,132,430,,2,0,752130f0d230eadb9e4032cab38116b2710aba07,0,0,0,0,0,
20200316,NJ,178,,120,20,posNeg,298,,,,,,,,3/16/2020 15:08,2020-03-16T15:08:00Z,03/16 11:08,2,,,2020-03-16T15:08:00Z,,,,178,2,0,,298,,,,,,,,,,,34,80,0,318,80,298,,0,0,6b172ff5ccf7326c1b719e6808d684656c6746d0,0,0,0,0,0,
20200315,NJ,98,,120,34,posNeg,218,,,,,,,,3/15/2020 13:00,2020-03-15T13:00:00Z,03/15 09:00,2,,,2020-03-15T13:00:00Z,,,,98,2,0,,218,,,,,,,,,,,34,20,23,252,43,218,,1,0,1e27fe5ae529ddb9f83a9b2b8e9fbce3a118ec91,0,0,0,0,0,
20200314,NJ,78,,97,80,posNeg,175,,,,,,,,3/13/2020 14:00,2020-03-13T14:00:00Z,03/13 10:00,1,,,2020-03-13T14:00:00Z,,,,78,1,0,,147,,,,,,,,,,,34,21,0,255,21,175,,0,0,76c4a50a761736591787274581a91115afa1fd40,0,0,0,0,0,
20200313,NJ,57,,97,80,posNeg,154,,,,,,,,3/13/2020 14:00,2020-03-13T14:00:00Z,03/13 10:00,1,,,2020-03-13T14:00:00Z,,,,57,1,0,,147,,,,,,,,,,,34,25,23,234,48,154,,0,0,82dbea7e724ac5929368ef305ee3679a475e062d,0,0,0,0,0,
20200312,NJ,32,,74,20,posNeg,106,,,,,,,,3/11/2020 12:00,2020-03-11T12:00:00Z,03/11 08:00,1,,,2020-03-11T12:00:00Z,,,,32,1,0,,104,,,,,,,,,,,34,9,17,126,26,106,,0,0,103928c5db19021527d9fbfa8ea7aa8fefef439f,0,0,0,0,0,
20200311,NJ,23,,57,20,posNeg,80,,,,,,,,,,,1,,,,,,,23,1,0,,81,,,,,,,,,,,34,7,13,100,20,80,,1,0,47d74f1c39474b1db3bcb2bcc4e49bbe576ff64e,0,0,0,0,0,
20200310,NJ,16,,44,20,posNeg,60,,,,,,,,,,,0,,,,,,,16,,0,,59,,,,,,,,,,,34,1,9,80,10,60,,0,0,fdcb9494801ac086c19036d41920f0017765d598,0,0,0,0,0,
20200309,NJ,15,,35,14,posNeg,50,,,,,,,,,,,0,,,,,,,15,,0,,46,,,,,,,,,,,34,9,4,64,13,50,,0,0,2b05f34b111f04558cf3c6c96f6730c9df868a34,0,0,0,0,0,
20200308,NJ,6,,31,0,posNeg,37,,,,,,,,,,,0,,,,,,,6,,0,,37,,,,,,,,,,,34,2,31,37,33,37,,0,0,bd913d2d0df1089bfc6765c054b5d92f06d908f2,0,0,0,0,0,
20200307,NJ,4,,,1,posNeg,4,,,,,,,,,,,0,,,,,,,4,,0,,4,,,,,,,,,,,34,0,0,5,0,4,,0,0,87a0bd305bf51eead1daf0e58dd6aa51ac502a70,0,0,0,0,0,
20200306,NJ,4,,,,posNeg,4,,,,,,,,,,,0,,,,,,,4,,0,,1,,,,,,,,,,,34,2,0,4,2,4,,0,0,9baaff59e2604ee1e8d8276c93a4359f8e3f29b5,0,0,0,0,0,
20200305,NJ,2,,,,posNeg,2,,,,,,,,,,,0,,,,,,,2,,0,,1,,,,,,,,,,,34,2,0,2,2,2,,0,0,e4519cd51f22e095557977d708ef427ea529a42b,0,0,0,0,0,
20200304,NJ,,,,,posNeg,0,,,,,,,,,,,0,,,,,,,,,0,,,,,,,,,,,,,34,0,0,0,0,0,,0,0,d3e8d69972e330825c56a48f1bde1008c2371c03,0,0,0,0,0,
20200303,NJ,,,,,posNeg,0,,,,,,,,,,,0,,,,,,,,,0,,,,,,,,,,,,,34,0,0,0,0,0,,0,0,3511e7e3f204eb5fd894155f014fb31340049324,0,0,0,0,0,
20200302,NJ,,,,,posNeg,0,,,,,,,,,,,0,,,,,,,,,0,,,,,,,,,,,,,34,0,0,0,0,0,,0,0,25f4d9d6a926194839545da0a545b81b9ead5b88,0,0,0,0,0,
20200301,NJ,,,,,posNeg,0,,,,,,,,,,,0,,,,,,,,,0,,,,,,,,,,,,,34,0,0,0,0,0,,0,0,25ac6e7c977e6481bede0ceb82cec820d1bbaa47,0,0,0,0,0,
20200229,NJ,,,,,posNeg,0,,,,,,,,,,,0,,,,,,,,,0,,,,,,,,,,,,,34,0,0,0,0,0,,0,0,53a63b63ad12d5fdc814b955636345f24e6149ca,0,0,0,0,0,
20200228,NJ,,,,,posNeg,0,,,,,,,,,,,0,,,,,,,,,0,,,,,,,,,,,,,34,0,0,0,0,0,,0,0,0d545bdd4f2ca83bee8dcdcd827598d941e8a343,0,0,0,0,0,
20200227,NJ,,,,,posNeg,0,,,,,,,,,,,0,,,,,,,,,0,,,,,,,,,,,,,34,0,0,0,0,0,,0,0,79b95ea58a8aeca6890c0b7a2e7c6da83c74fe48,0,0,0,0,0,
20200226,NJ,,,,,posNeg,0,,,,,,,,,,,0,,,,,,,,,0,,,,,,,,,,,,,34,0,0,0,0,0,,0,0,c8487f2e63f3e84889c8908da8f9e3348430fbb5,0,0,0,0,0,
20200225,NJ,,,,,posNeg,0,,,,,,,,,,,0,,,,,,,,,0,,,,,,,,,,,,,34,0,0,0,0,0,,0,0,1c1d3bf4478b950b7beb2524c11be3f377e21731,0,0,0,0,0,
20200224,NJ,,,,,posNeg,0,,,,,,,,,,,0,,,,,,,,,0,,,,,,,,,,,,,34,0,0,0,0,0,,0,0,dc32e7ecf0964ffc01c63ad3b56b8fc61ceecaf7,0,0,0,0,0,
20200223,NJ,,,,,posNeg,0,,,,,,,,,,,0,,,,,,,,,0,,,,,,,,,,,,,34,0,0,0,0,0,,0,0,1956158b93517bc1b15f03e5885cb32372f43034,0,0,0,0,0,
20200222,NJ,,,,,posNeg,0,,,,,,,,,,,0,,,,,,,,,0,,,,,,,,,,,,,34,0,0,0,0,0,,0,0,921a2567d43c885f60520606968a4433ec884e10,0,0,0,0,0,
20200221,NJ,,,,,posNeg,0,,,,,,,,,,,0,,,,,,,,,0,,,,,,,,,,,,,34,0,0,0,0,0,,0,0,80a66aabbcdcea7ad0a4a53b71adb4325b23b369,0,0,0,0,0,
20200220,NJ,,,,,posNeg,0,,,,,,,,,,,0,,,,,,,,,0,,,,,,,,,,,,,34,0,0,0,0,0,,0,0,37992541b066335832802af97e69d1049a544bc3,0,0,0,0,0,
20200219,NJ,,,,,posNeg,0,,,,,,,,,,,0,,,,,,,,,0,,,,,,,,,,,,,34,0,0,0,0,0,,0,0,86f1a3c3048d530367b5926c920954a1ab8d4ae3,0,0,0,0,0,
20200218,NJ,,,,,posNeg,0,,,,,,,,,,,0,,,,,,,,,0,,,,,,,,,,,,,34,0,0,0,0,0,,0,0,96cd3907c925c585b13a0ed1623d8f441f883348,0,0,0,0,0,
20200217,NJ,,,,,posNeg,0,,,,,,,,,,,0,,,,,,,,,0,,,,,,,,,,,,,34,0,0,0,0,0,,0,0,18d458490ba592aa49b2da65ccaf04dcd46f7bd4,0,0,0,0,0,
20200216,NJ,,,,,posNeg,0,,,,,,,,,,,0,,,,,,,,,0,,,,,,,,,,,,,34,0,0,0,0,0,,0,0,3f7d23048f72a55fd41a0c96dc165024149e7038,0,0,0,0,0,
20200215,NJ,,,,,posNeg,0,,,,,,,,,,,0,,,,,,,,,0,,,,,,,,,,,,,34,0,0,0,0,0,,0,0,1b21deeca93fb951d7532c30e6b421b346e50603,0,0,0,0,0,
20200214,NJ,,,,,posNeg,0,,,,,,,,,,,0,,,,,,,,,0,,,,,,,,,,,,,34,0,0,0,0,0,,0,0,411e98636491dd14e0e7e4596527826b64a0f19a,0,0,0,0,0,
20200213,NJ,,,,,posNeg,0,,,,,,,,,,,0,,,,,,,,,0,,,,,,,,,,,,,34,0,0,0,0,0,,0,0,7bd767375b3fe50cdaec8d96833eaf9918a67df4,0,0,0,0,0,
20200212,NJ,,,,,posNeg,0,,,,,,,,,,,0,,,,,,,,,0,,,,,,,,,,,,,34,0,0,0,0,0,,0,0,3b866d7245103d7fa9049c1957bb8de3c5fd6d51,0,0,0,0,0,
20200211,NJ,,,,,posNeg,0,,,,,,,,,,,0,,,,,,,,,0,,,,,,,,,,,,,34,0,0,0,0,0,,0,0,0f24e0af44bf54ddf2f45c1e85614333aef602c3,0,0,0,0,0,
20200210,NJ,,,,,posNeg,0,,,,,,,,,,,0,,,,,,,,,0,,,,,,,,,,,,,34,0,0,0,0,0,,0,0,c63e2d02d74bb6750a7ea8cd9219c01992173d76,0,0,0,0,0,
