date,state,positive,probableCases,negative,pending,totalTestResultsSource,totalTestResults,hospitalizedCurrently,hospitalizedCumulative,inIcuCurrently,inIcuCumulative,onVentilatorCurrently,onVentilatorCumulative,recovered,lastUpdateEt,dateModified,checkTimeEt,death,hospitalized,dateChecked,totalTestsViral,positiveTestsViral,negativeTestsViral,positiveCasesViral,deathConfirmed,deathProbable,totalTestEncountersViral,totalTestsPeopleViral,totalTestsAntibody,positiveTestsAntibody,negativeTestsAntibody,totalTestsPeopleAntibody,positiveTestsPeopleAntibody,negativeTestsPeopleAntibody,totalTestsPeopleAntigen,positiveTestsPeopleAntigen,totalTestsAntigen,positiveTestsAntigen,fips,positiveIncrease,negativeIncrease,total,totalTestResultsIncrease,posNeg,dataQualityGrade,deathIncrease,hospitalizedIncrease,hash,commercialScore,negativeRegularScore,negativeScore,positiveScore,score,grade
20210217,AR,314192,65337,2344576,,totalTestsViral,2593431,638,14392,250,,110,1480,300613,2/17/2021 00:00,2021-02-17T00:00:00Z,02/16 19:00,5313,14392,2021-02-17T00:00:00Z,2593431,,2344576,248855,4268,1045,,,,,,,,,419081,76727,,,05,667,4013,2658768,4423,2658768,,26,0,1de895ab8fa94a2d14163418fea02180332cea5f,0,0,0,0,0,
20210216,AR,313525,65080,2340563,,totalTestsViral,2589008,638,14392,250,,110,1480,299107,2/16/2021 00:00,2021-02-16T00:00:00Z,02/15 19:00,5287,14392,2021-02-16T00:00:00Z,2589008,,2340563,248445,4233,1054,,,,,,,,,414291,76422,,,05,177,1608,2654088,1702,2654088,,12,37,8b5aa0e8c0b7141068b9932572b9631c731e5e78,0,0,0,0,0,
20210215,AR,313348,64997,2338955,,totalTestsViral,2587306,642,14355,244,,111,1475,297552,2/15/2021 00:00,2021-02-15T00:00:00Z,02/14 19:00,5275,14355,2021-02-15T00:00:00Z,2587306,,2338955,248351,4222,1053,,,,,,,,,410679,76323,,,05,320,2537,2652303,2808,2652303,,10,23,4858c94333d88fa6b4f3c4d1563f6cc8c0c6ad8b,0,0,0,0,0,
20210214,AR,313028,64948,2336418,,totalTestsViral,2584498,669,14332,254,,109,1474,296050,2/14/2021 00:00,2021-02-14T00:00:00Z,02/13 19:00,5265,14332,2021-02-14T00:00:00Z,2584498,,2336418,248080,4212,1053,,,,,,,,,409453,76255,,,05,466,5553,2649446,5986,2649446,,13,34,c5fe3d2de5ff8b1a83bf5b9bac742b7fd540ece7,0,0,0,0,0,
20210213,AR,312562,64915,2330865,,totalTestsViral,2578512,690,14298,256,,113,1474,295061,2/13/2021 00:00,2021-02-13T00:00:00Z,02/12 19:00,5252,14298,2021-02-13T00:00:00Z,2578512,,2330865,247647,4201,1051,,,,,,,,,408314,76184,,,05,954,7949,2643427,8568,2643427,,40,20,14c7d39ecaec39ac6afe8acd3664e9b0c04fb6de,0,0,0,0,0,
20210212,AR,311608,64580,2322916,,totalTestsViral,2569944,712,14278,258,,123,1473,293796,2/12/2021 00:00,2021-02-12T00:00:00Z,02/11 19:00,5212,14278,2021-02-12T00:00:00Z,2569944,,2322916,247028,4179,1033,,,,,,,,,405490,75810,,,05,565,6230,2634524,6669,2634524,,13,23,61a68a77077c3f351c57a05d030149dbabcb59f0,0,0,0,0,0,
20210211,AR,311043,64454,2316686,,totalTestsViral,2563275,712,14255,256,,117,1471,292298,2/11/2021 00:00,2021-02-11T00:00:00Z,02/10 19:00,5199,14255,2021-02-11T00:00:00Z,2563275,,2316686,246589,4165,1034,,,,,,,,,402977,75633,,,05,1103,10297,2627729,11021,2627729,,25,44,9a239fb12bce7c4421d6a50ba11ff4bb6441b3d4,0,0,0,0,0,
20210210,AR,309940,64075,2306389,,totalTestsViral,2552254,735,14211,283,,138,1469,290548,2/10/2021 00:00,2021-02-10T00:00:00Z,02/09 19:00,5174,14211,2021-02-10T00:00:00Z,2552254,,2306389,245865,4144,1030,,,,,,,,,400253,75183,,,05,1092,9188,2616329,9820,2616329,,26,37,dc1dd31bc6d7a87e4b1e28d19d62ac9ee1b5ab08,0,0,0,0,0,
20210209,AR,308848,63615,2297201,,totalTestsViral,2542434,775,14174,276,,137,1464,288774,2/9/2021 00:00,2021-02-09T00:00:00Z,02/08 19:00,5148,14174,2021-02-09T00:00:00Z,2542434,,2297201,245233,4119,1029,,,,,,,,,396361,74670,,,05,1475,6459,2606049,7279,2606049,,42,75,0a61fa98850dfc0ae0ca37952aa63361e9a6b4c0,0,0,0,0,0,
20210208,AR,307373,62960,2290742,,totalTestsViral,2535155,777,14099,274,,142,1458,286917,2/8/2021 00:00,2021-02-08T00:00:00Z,02/07 19:00,5106,14099,2021-02-08T00:00:00Z,2535155,,2290742,244413,4081,1025,,,,,,,,,391322,73931,,,05,637,5291,2598115,5830,2598115,,30,33,bf6d6a0f5e46611b55268bc2454a70978f38a9f3,0,0,0,0,0,
20210207,AR,306736,62862,2285451,,totalTestsViral,2529325,781,14066,270,,126,1458,285306,2/6/2021 00:00,2021-02-06T00:00:00Z,02/05 19:00,5076,14066,2021-02-06T00:00:00Z,2529325,,2285451,243874,4054,1022,,,,,,,,,389367,73756,,,05,672,8180,2592187,8840,2592187,,15,17,9fbf67662ad40c8fbd2ba17b065463e427b711cb,0,0,0,0,0,
20210206,AR,306064,62850,2277271,,totalTestsViral,2520485,750,14049,263,,124,1458,284162,2/6/2021 00:00,2021-02-06T00:00:00Z,02/05 19:00,5061,14049,2021-02-06T00:00:00Z,2520485,,2277271,243214,4043,1018,,,,,,,,,388441,73688,,,05,1341,11290,2583335,12253,2583335,,11,147,f88258b4c9cc504b0729f03e599009e1f0e674b9,0,0,0,0,0,
20210205,AR,304723,62472,2265981,,totalTestsViral,2508232,808,13902,289,,144,1449,282699,2/5/2021 00:00,2021-02-05T00:00:00Z,02/04 19:00,5050,13902,2021-02-05T00:00:00Z,2508232,,2265981,242251,4032,1018,,,,,,,,,385223,73205,,,05,1824,10427,2570704,11719,2570704,,41,0,d6ce54c5a577bd0090904ec1b9e039f29aa660de,0,0,0,0,0,
20210204,AR,302899,61940,2255554,,totalTestsViral,2496513,815,13902,308,,145,1449,280868,2/4/2021 00:00,2021-02-04T00:00:00Z,02/03 19:00,5009,13902,2021-02-04T00:00:00Z,2496513,,2255554,240959,4013,996,,,,,,,,,380737,72563,,,05,2469,14176,2558453,16070,2558453,,24,89,dbb98ce3d7bc82de56ecaf7f0d44dc9bc8064a18,0,0,0,0,0,
20210203,AR,300430,61365,2241378,,totalTestsViral,2480443,884,13813,306,,142,1440,278882,2/3/2021 00:00,2021-02-03T00:00:00Z,02/02 19:00,4985,13813,2021-02-03T00:00:00Z,2480443,,2241378,239065,3994,991,,,,,,,,,376729,71874,,,05,2426,32481,2541808,34213,2541808,,46,83,a54aed6326242ceac928fffc2fa0940f11035885,0,0,0,0,0,
20210202,AR,298004,60671,2208897,,totalTestsViral,2446230,869,13730,260,,141,1433,276704,2/2/2021 00:00,2021-02-02T00:00:00Z,02/01 19:00,4939,13730,2021-02-02T00:00:00Z,2446230,,2208897,237333,3971,968,,,,,,,,,371564,71087,,,05,1510,6936,2506901,7729,2506901,,44,79,6b1363523f05f05f8cba62070910782c8876df79,0,0,0,0,0,
20210201,AR,296494,59954,2201961,,totalTestsViral,2438501,889,13651,276,,146,1426,274904,2/1/2021 00:00,2021-02-01T00:00:00Z,01/31 19:00,4895,13651,2021-02-01T00:00:00Z,2438501,,2201961,236540,3937,958,,,,,,,,,363592,70315,,,05,1226,6091,2498455,6963,2498455,,27,41,2a6a1af62fc86d1659461ee66e324a996422f899,0,0,0,0,0,
20210131,AR,295268,59600,2195870,,totalTestsViral,2431538,913,13610,272,,148,1421,273216,1/31/2021 00:00,2021-01-31T00:00:00Z,01/30 19:00,4868,13610,2021-01-31T00:00:00Z,2431538,,2195870,235668,3915,953,,,,,,,,,361830,69915,,,05,881,10581,2491138,11344,2491138,,30,11,9634b0c0d9dbdf8d92168778de8b4ec4e2cbf393,0,0,0,0,0,
20210130,AR,294387,59482,2185289,,totalTestsViral,2420194,911,13599,280,,146,1421,271911,1/30/2021 00:00,2021-01-30T00:00:00Z,01/29 19:00,4838,13599,2021-01-30T00:00:00Z,2420194,,2185289,234905,3896,942,,,,,,,,,360922,69741,,,05,1824,11145,2479676,12494,2479676,,7,47,da8b592de53ad17fcdfed04e47d49298f4103a6d,0,0,0,0,0,
20210129,AR,292563,59007,2174144,,totalTestsViral,2407700,951,13552,298,,144,1420,270376,1/29/2021 00:00,2021-01-29T00:00:00Z,01/28 19:00,4831,13552,2021-01-29T00:00:00Z,2407700,,2174144,233556,3887,944,,,,,,,,,357530,69189,,,05,1707,12311,2466707,13529,2466707,,47,47,e6375cdf1fb3909d98746b5beb57d1322e2566bf,0,0,0,0,0,
20210128,AR,290856,58518,2161833,,totalTestsViral,2394171,996,13505,307,,143,1414,268495,1/28/2021 00:00,2021-01-28T00:00:00Z,01/27 19:00,4784,13505,2021-01-28T00:00:00Z,2394171,,2161833,232338,3864,920,,,,,,,,,354207,68660,,,05,1892,12762,2452689,14233,2452689,,42,58,357e7ac3eca08845e06446795f174450b4d08400,0,0,0,0,0,
20210127,AR,288964,58097,2149071,,totalTestsViral,2379938,1029,13447,321,,157,1410,266506,1/27/2021 00:00,2021-01-27T00:00:00Z,01/26 19:00,4742,13447,2021-01-27T00:00:00Z,2379938,,2149071,230867,3839,903,,,,,,,,,350434,68095,,,05,1777,10118,2438035,11258,2438035,,52,46,b5c78401472d44eaffd199080efa17293ff5da14,0,0,0,0,0,
20210126,AR,287187,57460,2138953,,totalTestsViral,2368680,1095,13401,347,,176,1408,264308,1/26/2021 00:00,2021-01-26T00:00:00Z,01/25 19:00,4690,13401,2021-01-26T00:00:00Z,2368680,,2138953,229727,3810,880,,,,,,,,,346046,67423,,,05,2485,10829,2426140,12146,2426140,,40,89,eed5fbac60415d712596cc9e988c86aaff7da699,0,0,0,0,0,
20210125,AR,284702,56292,2128124,,totalTestsViral,2356534,1084,13312,336,,187,1395,262229,1/25/2021 00:00,2021-01-25T00:00:00Z,01/24 19:00,4650,13312,2021-01-25T00:00:00Z,2356534,,2128124,228410,3778,872,,,,,,,,,339424,66176,,,05,636,8564,2412826,9146,2412826,,44,45,2eb527e79677cd23883650e8f47a8e1c1f6a8bd6,0,0,0,0,0,
20210124,AR,284066,56238,2119560,,totalTestsViral,2347388,1080,13267,345,,170,1390,260034,1/24/2021 00:00,2021-01-24T00:00:00Z,01/23 19:00,4606,13267,2021-01-24T00:00:00Z,2347388,,2119560,227828,3758,848,,,,,,,,,338214,66049,,,05,1071,7926,2403626,8867,2403626,,43,17,9660ecece8647eedd37684dc18b9fff45fd7d4eb,0,0,0,0,0,
20210123,AR,282995,56108,2111634,,totalTestsViral,2338521,1094,13250,354,,184,1390,258483,1/23/2021 00:00,2021-01-23T00:00:00Z,01/22 19:00,4563,13250,2021-01-23T00:00:00Z,2338521,,2111634,226887,3734,829,,,,,,,,,337916,65912,,,05,1613,9943,2394629,11093,2394629,,14,120,4426bbcea9f409fe33feba87ba3d5e14521c9e17,0,0,0,0,0,
20210122,AR,281382,55645,2101691,,totalTestsViral,2327428,1142,13130,364,,193,1383,256696,1/22/2021 00:00,2021-01-22T00:00:00Z,01/21 19:00,4549,13130,2021-01-22T00:00:00Z,2327428,,2101691,225737,3723,826,,,,,,,,,335347,65389,,,05,2162,10399,2383073,11893,2383073,,53,75,e1bda72121f653c391dd6bfe0add65363ceea39e,0,0,0,0,0,
20210121,AR,279220,54977,2091292,,totalTestsViral,2315535,1160,13055,375,,195,1379,254076,1/21/2021 00:00,2021-01-21T00:00:00Z,01/20 19:00,4496,13055,2021-01-21T00:00:00Z,2315535,,2091292,224243,3689,807,,,,,,,,,331152,64657,,,05,3106,11085,2370512,13041,2370512,,55,73,ea40a4a21bc126803ec1da3d85f15d8a257c1e19,0,0,0,0,0,
20210120,AR,276114,53827,2080207,,totalTestsViral,2302494,1179,12982,388,,212,1374,251252,1/20/2021 00:00,2021-01-20T00:00:00Z,01/19 19:00,4441,12982,2021-01-20T00:00:00Z,2302494,,2080207,222287,3657,784,,,,,,,,,326158,63401,,,05,2520,12410,2356321,13900,2356321,,55,131,0ae73b8272fa0668d6bca4632acf24c4843e08b5,0,0,0,0,0,
20210119,AR,273594,52797,2067797,,totalTestsViral,2288594,1265,12851,394,,209,1368,248238,1/19/2021 00:00,2021-01-19T00:00:00Z,01/18 19:00,4386,12851,2021-01-19T00:00:00Z,2288594,,2067797,220797,3621,765,,,,,,,,,320761,62267,,,05,1331,5542,2341391,6383,2341391,,43,95,6ce5c29b94a1cb429a407ccf42ae1faec73e567e,0,0,0,0,0,
20210118,AR,272263,52307,2062255,,totalTestsViral,2282211,1263,12756,410,,216,1353,245096,1/18/2021 00:00,2021-01-18T00:00:00Z,01/17 19:00,4343,12756,2021-01-18T00:00:00Z,2282211,,2062255,219956,3585,758,,,,,,,,,316189,61713,,,05,1109,8525,2334518,9513,2334518,,32,55,de9258202823ad379dce8d13820a9a442c8858ea,0,0,0,0,0,
20210117,AR,271154,52186,2053730,,totalTestsViral,2272698,1271,12701,423,,221,1348,241926,1/17/2021 00:00,2021-01-17T00:00:00Z,01/16 19:00,4311,12701,2021-01-17T00:00:00Z,2272698,,2053730,218968,3562,749,,,,,,,,,312662,61516,,,05,976,10573,2324884,11493,2324884,,18,15,e2572c31cea5f74ea98075adc12c2c977dc6f0f9,0,0,0,0,0,
20210116,AR,270178,52130,2043157,,totalTestsViral,2261205,1292,12686,421,,214,1348,240051,1/16/2021 00:00,2021-01-16T00:00:00Z,01/15 19:00,4293,12686,2021-01-16T00:00:00Z,2261205,,2043157,218048,3550,743,,,,,,,,,311571,61405,,,05,2543,10884,2313335,12593,2313335,,30,88,7dc91afaa60c0f878bde754a26b52dedf292b489,0,0,0,0,0,
20210115,AR,267635,51296,2032273,,totalTestsViral,2248612,1314,12598,434,,226,1340,237729,1/15/2021 00:00,2021-01-15T00:00:00Z,01/14 19:00,4263,12598,2021-01-15T00:00:00Z,2248612,,2032273,216339,3525,738,,,,,,,,,307478,60426,,,05,3124,12628,2299908,14768,2299908,,35,95,7c8ddc7ed05ebde0548a090a429d5bf81d9cf356,0,0,0,0,0,
20210114,AR,264511,50312,2019645,,totalTestsViral,2233844,1295,12503,426,,241,1329,235513,1/14/2021 00:00,2021-01-14T00:00:00Z,01/13 19:00,4228,12503,2021-01-14T00:00:00Z,2233844,,2019645,214199,3495,733,,,,,,,,,302836,59307,,,05,2491,12685,2284156,14420,2284156,,42,89,a27d0b59820a5f7746d430eddfb262a1a7ec675e,0,0,0,0,0,
20210113,AR,262020,49556,2006960,,totalTestsViral,2219424,1362,12414,432,,255,1315,232709,1/13/2021 00:00,2021-01-13T00:00:00Z,01/12 19:00,4186,12414,2021-01-13T00:00:00Z,2219424,,2006960,212464,3470,716,,,,,,,,,299123,58485,,,05,2467,9097,2268980,10688,2268980,,65,101,8b80d54d87a8d377e5680fb47237fcd8182e38c6,0,0,0,0,0,
20210112,AR,259553,48680,1997863,,totalTestsViral,2208736,1354,12313,452,,251,1306,229700,1/12/2021 00:00,2021-01-12T00:00:00Z,01/11 19:00,4121,12313,2021-01-12T00:00:00Z,2208736,,1997863,210873,3424,697,,,,,,,,,294790,57537,,,05,3209,4150,2257416,6245,2257416,,40,198,f14eade92e345670b0f06e9b984c0563afdbc927,0,0,0,0,0,
20210111,AR,256344,47566,1993713,,totalTestsViral,2202491,1371,12115,460,,268,1290,226700,1/11/2021 00:00,2021-01-11T00:00:00Z,01/10 19:00,4081,12115,2021-01-11T00:00:00Z,2202491,,1993713,208778,3392,689,,,,,,,,,288775,56293,,,05,1268,8867,2250057,9896,2250057,,38,0,07187a316778eb466940d18a34f0ec3aa65b93bb,0,0,0,0,0,
20210110,AR,255076,47327,1984846,,totalTestsViral,2192595,1340,12115,441,,319,1290,223513,1/10/2021 00:00,2021-01-10T00:00:00Z,01/09 19:00,4043,12115,2021-01-10T00:00:00Z,2192595,,1984846,207749,3363,680,,,,,,,,,286218,55915,,,05,3330,31723,2239922,34579,2239922,,33,28,048c64929533bcdc7d059c3cb08da499712dfb97,0,0,0,0,0,
20210109,AR,251746,46853,1953123,,totalTestsViral,2158016,1346,12087,426,,223,1289,219887,1/9/2021 00:00,2021-01-09T00:00:00Z,01/08 19:00,4010,12087,2021-01-09T00:00:00Z,2158016,,1953123,204893,3338,672,,,,,,,,,284502,55322,,,05,2886,13126,2204869,15277,2204869,,44,119,c6afffbef21e6493be68d6e9b187da4548f7c075,0,0,0,0,0,
20210108,AR,248860,46118,1939997,,totalTestsViral,2142739,1342,11968,439,,219,1282,217578,1/8/2021 00:00,2021-01-08T00:00:00Z,01/07 19:00,3966,11968,2021-01-08T00:00:00Z,2142739,,1939997,202742,3304,662,,,,,,,,,280251,54459,,,05,2944,11298,2188857,13509,2188857,,40,68,634c8dbc42fd4702bd4cabbcdaf07807abf72b9b,0,0,0,0,0,
20210107,AR,245916,45385,1928699,,totalTestsViral,2129230,1326,11900,427,,218,1277,215980,1/7/2021 00:00,2021-01-07T00:00:00Z,01/06 19:00,3926,11900,2021-01-07T00:00:00Z,2129230,,1928699,200531,3273,653,,,,,,,,,274823,53589,,,05,3323,9261,2174615,11538,2174615,,25,33,ea42ced584814fb1295d0cef70e9a14772d76c45,0,0,0,0,0,
20210106,AR,242593,44339,1919438,,totalTestsViral,2117692,1321,11867,427,,217,1271,213574,1/6/2021 00:00,2021-01-06T00:00:00Z,01/05 19:00,3901,11867,2021-01-06T00:00:00Z,2117692,,1919438,198254,3252,649,,,,,,,,,268259,52442,,,05,3705,11045,2162031,13369,2162031,,65,124,de39dc65004833e271b9efb73ccbe87196cbf72d,0,0,0,0,0,
20210105,AR,238888,42958,1908393,,totalTestsViral,2104323,1323,11743,426,,224,1256,210617,1/5/2021 00:00,2021-01-05T00:00:00Z,01/04 19:00,3836,11743,2021-01-05T00:00:00Z,2104323,,1908393,195930,3205,631,,,,,,,,,261928,50949,,,05,4107,6427,2147281,8702,2147281,,36,229,55991322f4637e43a4d42b6a2c5a1f5d651f75f8,0,0,0,0,0,
20210104,AR,234781,41126,1901966,,totalTestsViral,2095621,1296,11514,412,,212,1234,207898,1/4/2021 00:00,2021-01-04T00:00:00Z,01/03 19:00,3800,11514,2021-01-04T00:00:00Z,2095621,,1901966,193655,3178,622,,,,,,,,,254026,48977,,,05,1306,4578,2136747,5424,2136747,,51,0,d0600bf9ff12a726d15b5a828e41f51a88ceb2fe,0,0,0,0,0,
20210103,AR,233475,40666,1897388,,totalTestsViral,2090197,1234,11514,405,,194,1234,205462,1/3/2021 00:00,2021-01-03T00:00:00Z,01/02 19:00,3749,11514,2021-01-03T00:00:00Z,2090197,,1897388,192809,3137,612,,,,,,,,,252221,48432,,,05,2033,8766,2130863,10409,2130863,,20,27,9ba1a25c0d5696032a17cb4c355d10014cba4928,0,0,0,0,0,
20210102,AR,231442,40276,1888622,,totalTestsViral,2079788,1216,11487,393,,197,1231,203701,1/2/2021 00:00,2021-01-02T00:00:00Z,01/01 19:00,3729,11487,2021-01-02T00:00:00Z,2079788,,1888622,191166,3121,608,,,,,,,,,251156,47972,,,05,2000,10107,2120064,11704,2120064,,18,37,c62b01f88e00ba862400d05bc10821bc03adb6fc,0,0,0,0,0,
20210101,AR,229442,39873,1878515,,totalTestsViral,2068084,1185,11450,398,,205,1230,201774,1/1/2021 00:00,2021-01-01T00:00:00Z,12/31 19:00,3711,11450,2021-01-01T00:00:00Z,2068084,,1878515,189569,3106,605,,,,,,,,,249911,47452,,,05,4304,13811,2107957,16596,2107957,,35,92,2e90ecc1c24fc586fb8c8304a9bfd2f48dd3b045,0,0,0,0,0,
20201231,AR,225138,38354,1864704,,totalTestsViral,2051488,1195,11358,396,,209,1223,199247,12/31/2020 00:00,2020-12-31T00:00:00Z,12/30 19:00,3676,11358,2020-12-31T00:00:00Z,2051488,,1864704,186784,3088,588,,,,,,,,,246022,45818,,,05,2708,10591,2089842,12428,2089842,,39,87,3453768fc324f91fb512350f8573b02caf9bcabc,0,0,0,0,0,
20201230,AR,222430,37483,1854113,,totalTestsViral,2039060,1174,11271,385,,205,1212,196914,12/30/2020 00:00,2020-12-30T00:00:00Z,12/29 19:00,3637,11271,2020-12-30T00:00:00Z,2039060,,1854113,184947,3068,569,,,,,,,,,241791,44836,,,05,3184,12244,2076543,14564,2076543,,34,103,2f19e1f5a86d3c28ce797fae7c90f36bd8962071,0,0,0,0,0,
20201229,AR,219246,36619,1841869,,totalTestsViral,2024496,1161,11168,382,,198,1199,194436,12/29/2020 00:00,2020-12-29T00:00:00Z,12/28 19:00,3603,11168,2020-12-29T00:00:00Z,2024496,,1841869,182627,3042,561,,,,,,,,,232799,43844,,,05,2718,5901,2061115,7350,2061115,,66,106,a327f48b7909a1e706375d2300e1ad25740851e1,0,0,0,0,0,
20201228,AR,216528,35350,1835968,,totalTestsViral,2017146,1155,11062,380,,201,1188,192134,12/28/2020 00:00,2020-12-28T00:00:00Z,12/27 19:00,3537,11062,2020-12-28T00:00:00Z,2017146,,1835968,181178,3005,532,,,,,,,,,227008,42473,,,05,1651,4649,2052496,5538,2052496,,55,53,376fd3dec93bc609fed920543480bf77e59b665a,0,0,0,0,0,
20201227,AR,214877,34588,1831319,,totalTestsViral,2011608,1093,11009,365,,186,1180,189915,12/27/2020 00:00,2020-12-27T00:00:00Z,12/26 19:00,3482,11009,2020-12-27T00:00:00Z,2011608,,1831319,180289,2976,506,,,,,,,,,224291,41610,,,05,908,4167,2046196,4816,2046196,,41,53,1127e3eb120fd04ec0491eef18b8ef513064c52c,0,0,0,0,0,
20201226,AR,213969,34329,1827152,,totalTestsViral,2006792,1059,10956,364,,173,1170,188213,12/26/2020 00:00,2020-12-26T00:00:00Z,12/25 19:00,3441,10956,2020-12-26T00:00:00Z,2006792,,1827152,179640,2962,479,,,,,,,,,223215,41321,,,05,702,7224,2041121,7884,2041121,,3,29,46610f49206d89ee00a4eefc3bdc63eef10c8bda,0,0,0,0,0,
20201225,AR,213267,34287,1819928,,totalTestsViral,1998908,1062,10927,364,,183,1171,186425,12/24/2020 00:00,2020-12-24T00:00:00Z,12/23 19:00,3438,10927,2020-12-24T00:00:00Z,1998908,,1819928,178980,2959,479,,,,,,,,,222349,41184,,,05,2122,7995,2033195,9835,2033195,,32,48,017136418cc09f5350682649ba3acad466cd59fb,0,0,0,0,0,
20201224,AR,211145,34005,1811933,,totalTestsViral,1989073,1093,10879,360,,178,1166,184335,12/24/2020 00:00,2020-12-24T00:00:00Z,12/23 19:00,3406,10879,2020-12-24T00:00:00Z,1989073,,1811933,177140,2946,460,,,,,,,,,221177,40784,,,05,3204,15860,2023078,18218,2023078,,30,53,b92bd19784cef3950278f0ae7b2f090643fdcb74,0,0,0,0,0,
20201223,AR,207941,33159,1796073,,totalTestsViral,1970855,1110,10826,340,,174,1163,182024,12/23/2020 00:00,2020-12-23T00:00:00Z,12/22 19:00,3376,10826,2020-12-23T00:00:00Z,1970855,,1796073,174782,2939,437,,,,,,,,,216498,39849,,,05,2893,10877,2004014,12877,2004014,,38,175,c98f75665f8ce31b33c299c7e1c1417441bcd8a3,0,0,0,0,0,
20201222,AR,205048,32266,1785196,,totalTestsViral,1957978,1103,10651,353,,173,1147,179706,12/22/2020 00:00,2020-12-22T00:00:00Z,12/21 19:00,3338,10651,2020-12-22T00:00:00Z,1957978,,1785196,172782,2910,428,,,,,,,,,212073,38881,,,05,1941,7339,1990244,8449,1990244,,43,81,618b88b96570810f4462497583b21fcbaba7a384,0,0,0,0,0,
20201221,AR,203107,31435,1777857,,totalTestsViral,1949529,1078,10570,348,,174,1142,177629,12/21/2020 00:00,2020-12-21T00:00:00Z,12/20 19:00,3295,10570,2020-12-21T00:00:00Z,1949529,,1777857,171672,2885,410,,,,,,,,,207014,37988,,,05,1457,8220,1980964,9289,1980964,,58,68,7b474466ecda59a95a111cc6da4e3b66e3d97209,0,0,0,0,0,
20201220,AR,201650,31047,1769637,,totalTestsViral,1940240,1061,10502,345,,177,1136,175387,12/20/2020 00:00,2020-12-20T00:00:00Z,12/19 19:00,3237,10502,2020-12-20T00:00:00Z,1940240,,1769637,170603,2842,395,,,,,,,,,205000,37514,,,05,1536,11653,1971287,12969,1971287,,46,15,fbdea33821a072cde6fbdd1c0df03830efb8c217,0,0,0,0,0,
20201219,AR,200114,30827,1757984,,totalTestsViral,1927271,1061,10487,345,,177,1136,173832,12/19/2020 00:00,2020-12-19T00:00:00Z,12/18 19:00,3191,10487,2020-12-19T00:00:00Z,1927271,,1757984,169287,2821,370,,,,,,,,,201974,37260,,,05,2693,11970,1958098,13823,1958098,,52,57,431ff91d4d01740ec1e689f4023e723eaba95f56,0,0,0,0,0,
20201218,AR,197421,29987,1746014,,totalTestsViral,1913448,1073,10430,368,,181,1132,171864,12/18/2020 00:00,2020-12-18T00:00:00Z,12/17 19:00,3139,10430,2020-12-18T00:00:00Z,1913448,,1746014,167434,2776,363,,,,,,,,,198712,36355,,,05,2878,11752,1943435,13674,1943435,,27,73,796a7215aa252978d968bcbdb77a74426c6127e7,0,0,0,0,0,
20201217,AR,194543,29031,1734262,,totalTestsViral,1899774,1084,10357,374,,188,1125,169745,12/17/2020 00:00,2020-12-17T00:00:00Z,12/16 19:00,3112,10357,2020-12-17T00:00:00Z,1899774,,1734262,165512,2755,357,,,,,,,,,194199,35233,,,05,3039,11404,1928805,13686,1928805,,38,127,f65523184a985f3162356b092795c1e77c8ed3e4,0,0,0,0,0,
20201216,AR,191504,28274,1722858,,totalTestsViral,1886088,1079,10230,399,,184,1117,167631,12/16/2020 00:00,2020-12-16T00:00:00Z,12/15 19:00,3074,10230,2020-12-16T00:00:00Z,1886088,,1722858,163230,2725,349,,,,,,,,,187871,34344,,,05,2306,9979,1914362,11617,1914362,,58,134,5048e8e4f0809c29d0f930512c4fcf0a58b25baa,0,0,0,0,0,
20201215,AR,189198,27606,1712879,,totalTestsViral,1874471,1070,10096,382,,190,1099,165467,12/15/2020 00:00,2020-12-15T00:00:00Z,12/14 19:00,3016,10096,2020-12-15T00:00:00Z,1874471,,1712879,161592,2672,344,,,,,,,,,183346,33593,,,05,1691,7036,1902077,8272,1902077,,26,105,4701aaedefbd1c3c99cf02c8589318b8e0a527bf,0,0,0,0,0,
20201214,AR,187507,26701,1705843,,totalTestsViral,1866199,1050,9991,372,,180,1095,163351,12/14/2020 00:00,2020-12-14T00:00:00Z,12/13 19:00,2990,9991,2020-12-14T00:00:00Z,1866199,,1705843,160356,2656,334,,,,,,,,,179158,32616,,,05,1805,9262,1893350,10495,1893350,,45,64,24b5ba269c446735237700e54135b2f9f0b03ebe,0,0,0,0,0,
20201213,AR,185702,26579,1696581,,totalTestsViral,1855704,1057,9927,370,,181,1091,161337,12/13/2020 00:00,2020-12-13T00:00:00Z,12/12 19:00,2945,9927,2020-12-13T00:00:00Z,1855704,,1696581,159123,2633,312,,,,,,,,,178183,32382,,,05,1450,11425,1882283,12673,1882283,,34,16,b1cff385033b7d5977fcab3512d07a644d0fba6a,0,0,0,0,0,
20201212,AR,184252,26377,1685156,,totalTestsViral,1843031,1071,9911,374,,177,1091,159827,12/12/2020 00:00,2020-12-12T00:00:00Z,12/11 19:00,2911,9911,2020-12-12T00:00:00Z,1843031,,1685156,157875,2619,292,,,,,,,,,177317,32114,,,05,2628,12988,1869408,14852,1869408,,36,63,6b5bbf744f469852df41fe6cbef86c1c2621a9d1,0,0,0,0,0,
20201211,AR,181624,25613,1672168,,totalTestsViral,1828179,1059,9848,372,,185,1089,158018,12/11/2020 00:00,2020-12-11T00:00:00Z,12/10 19:00,2875,9848,2020-12-11T00:00:00Z,1828179,,1672168,156011,2588,287,,,,,,,,,173190,31180,,,05,2770,13243,1853792,15181,1853792,,55,139,00f7f375ed1dd6cc7c4e69b4b4778e066c7faac0,0,0,0,0,0,
20201210,AR,178854,24781,1658925,,totalTestsViral,1812998,1005,9709,372,,181,1071,156286,12/10/2020 00:00,2020-12-10T00:00:00Z,12/09 19:00,2820,9709,2020-12-10T00:00:00Z,1812998,,1658925,154073,2559,261,,,,,,,,,169319,30172,,,05,2202,11260,1837779,12964,1837779,,34,34,8a1d751cb51cbabeb6f007d33cbbc882305980f4,0,0,0,0,0,
20201209,AR,176652,24283,1647665,,totalTestsViral,1800034,1064,9675,375,,179,1068,155077,12/8/2020 00:00,2020-12-08T00:00:00Z,12/07 19:00,2786,9675,2020-12-08T00:00:00Z,1800034,,1647665,152369,2552,234,,,,,,,,,167609,29539,,,05,2327,14779,1824317,16536,1824317,,34,98,77055b37593b606bd0d8e1e1247ed615eb25da13,0,0,0,0,0,
20201208,AR,174325,23713,1632886,,totalTestsViral,1783498,1081,9577,394,,182,1060,153088,12/8/2020 00:00,2020-12-08T00:00:00Z,12/07 19:00,2752,9577,2020-12-08T00:00:00Z,1783498,,1632886,150612,2521,231,,,,,,,,,162935,28844,,,05,2283,8988,1807211,10425,1807211,,39,132,4baa8a92472047c0be21d78436e068abca0ece75,0,0,0,0,0,
20201207,AR,172042,22867,1623898,,totalTestsViral,1773073,1053,9445,382,,182,1044,151248,12/7/2020 00:00,2020-12-07T00:00:00Z,12/06 19:00,2713,9445,2020-12-07T00:00:00Z,1773073,,1623898,149175,2485,228,,,,,,,,,156801,27881,,,05,1118,8919,1795940,9923,1795940,,53,44,f660311880650ceefc13ec4f32dc73ab6d0d3161,0,0,0,0,0,
20201206,AR,170924,22753,1614979,,totalTestsViral,1763150,1076,9401,374,,179,1038,149490,12/6/2020 00:00,2020-12-06T00:00:00Z,12/05 19:00,2660,9401,2020-12-06T00:00:00Z,1763150,,1614979,148171,2437,223,,,,,,,,,155934,27710,,,05,1542,13244,1785903,14704,1785903,,40,21,b2155b04daba8efc7406bda8a34f98f7d0458ffa,0,0,0,0,0,
20201205,AR,169382,22671,1601735,,totalTestsViral,1748446,1056,9380,359,,178,1038,148131,12/5/2020 00:00,2020-12-05T00:00:00Z,12/04 19:00,2620,9380,2020-12-05T00:00:00Z,1748446,,1601735,146711,2402,218,,,,,,,,,155355,27547,,,05,2245,11959,1771117,13760,1771117,,34,51,ab893308a2db1dbe661199d1e601fc29f15be2e6,0,0,0,0,0,
20201204,AR,167137,22227,1589776,,totalTestsViral,1734686,1041,9329,373,,191,1034,146496,12/4/2020 00:00,2020-12-04T00:00:00Z,12/03 19:00,2586,9329,2020-12-04T00:00:00Z,1734686,,1589776,144910,2370,216,,,,,,,,,152332,26989,,,05,2827,13097,1756913,15285,1756913,,31,123,e6c11dc60368a4e742b5dc57e25cde577e62dbdb,0,0,0,0,0,
20201203,AR,164310,21588,1576679,,totalTestsViral,1719401,1072,9206,375,,190,1025,144624,12/3/2020 00:00,2020-12-03T00:00:00Z,12/02 19:00,2555,9206,2020-12-03T00:00:00Z,1719401,,1576679,142722,2343,212,,,,,,,,,149069,26171,,,05,2789,14118,1740989,16135,1740989,,33,96,faa12f79987c014a961f6bd360fb77a6fbf70f1d,0,0,0,0,0,
20201202,AR,161521,20816,1562561,,totalTestsViral,1703266,1088,9110,393,,186,1002,142600,12/2/2020 00:00,2020-12-02T00:00:00Z,12/01 19:00,2522,9110,2020-12-02T00:00:00Z,1703266,,1562561,140705,2312,210,,,,,,,,,144866,25241,,,05,2212,10306,1724082,11813,1724082,,10,89,6b9356da6c7c44c92421dcf2eacb8d89b4cdf8be,0,0,0,0,0,
20201201,AR,159309,20111,1552255,,totalTestsViral,1691453,1074,9021,403,,195,994,140682,12/1/2020 00:00,2020-12-01T00:00:00Z,11/30 19:00,2512,9021,2020-12-01T00:00:00Z,1691453,,1552255,139198,2304,208,,,,,,,,,141607,24423,,,05,1950,6854,1711564,7996,1711564,,10,84,7fc78995dcebf641dad2a8639cdb93bf7d6ef2c2,0,0,0,0,0,
20201130,AR,157359,19303,1545401,,totalTestsViral,1683457,1063,8937,407,,211,989,138696,11/30/2020 00:00,2020-11-30T00:00:00Z,11/29 19:00,2502,8937,2020-11-30T00:00:00Z,1683457,,1545401,138056,2295,207,,,,,,,,,136774,23474,,,05,1112,6663,1702760,7629,1702760,,32,94,10447c65c1f208ee7d84ab32944a106bbc267525,0,0,0,0,0,
20201129,AR,156247,19157,1538738,,totalTestsViral,1675828,1030,8843,390,,185,975,136872,11/29/2020 00:00,2020-11-29T00:00:00Z,11/28 19:00,2470,8843,2020-11-29T00:00:00Z,1675828,,1538738,137090,2265,205,,,,,,,,,135709,23208,,,05,1221,9224,1694985,10243,1694985,,21,24,17cd9011904966e0dca8f240a1a1da8e6a18b519,0,0,0,0,0,
20201128,AR,155026,18955,1529514,,totalTestsViral,1665585,1010,8819,399,,183,971,135614,11/28/2020 00:00,2020-11-28T00:00:00Z,11/27 19:00,2449,8819,2020-11-28T00:00:00Z,1665585,,1529514,136071,2249,200,,,,,,,,,134910,22878,,,05,1349,8424,1684540,9591,1684540,,13,40,c2d3ae080597914332d40148994798f117e0e631,0,0,0,0,0,
20201127,AR,153677,18773,1521090,,totalTestsViral,1655994,1011,8779,406,,192,966,134312,11/27/2020 00:00,2020-11-27T00:00:00Z,11/26 19:00,2436,8779,2020-11-27T00:00:00Z,1655994,,1521090,134904,2237,199,,,,,,,,,133559,22570,,,05,1052,7888,1674767,8850,1674767,,0,68,9de92339779e52d1849fcbb6216340e31b51b8c1,0,0,0,0,0,
20201126,AR,152625,18683,1513202,,totalTestsViral,1647144,1003,8711,406,,169,960,132580,11/26/2020 00:00,2020-11-26T00:00:00Z,11/25 19:00,2436,8711,2020-11-26T00:00:00Z,1647144,,1513202,133942,2237,199,,,,,,,,,132849,22406,,,05,2348,12945,1665827,14638,1665827,,11,0,f8e3f8017a8e55bc4e8e03aee8a24a11cee6d8d3,0,0,0,0,0,
20201125,AR,150277,18028,1500257,,totalTestsViral,1632506,1028,8711,400,,191,960,130818,11/25/2020 00:00,2020-11-25T00:00:00Z,11/24 19:00,2425,8711,2020-11-25T00:00:00Z,1632506,,1500257,132249,2227,198,,,,,,,,,127630,21612,,,05,1965,13180,1650534,14603,1650534,,20,91,4e2ef2d254280bc0bec50b0eac77bbfed9bbe7a7,0,0,0,0,0,
20201124,AR,148312,17486,1487077,,totalTestsViral,1617903,988,8620,387,,160,951,128831,11/24/2020 00:00,2020-11-24T00:00:00Z,11/23 19:00,2405,8620,2020-11-24T00:00:00Z,1617903,,1487077,130826,2208,197,,,,,,,,,122446,20993,,,05,2122,11309,1635389,12730,1635389,,18,97,2c1d153fc33993fe0770e058247754f04a0b3a98,0,0,0,0,0,
20201123,AR,146190,16785,1475768,,totalTestsViral,1605173,974,8523,384,,164,945,127059,11/23/2020 00:00,2020-11-23T00:00:00Z,11/22 19:00,2387,8523,2020-11-23T00:00:00Z,1605173,,1475768,129405,2191,196,,,,,,,,,118613,20161,,,05,1017,9314,1621958,10226,1621958,,30,51,2b09c5f6307c92b08709f1dbe463f730ac3b58d1,0,0,0,0,0,
20201122,AR,145173,16680,1466454,,totalTestsViral,1594947,962,8472,371,,163,938,125153,11/22/2020 00:00,2020-11-22T00:00:00Z,11/21 19:00,2357,8472,2020-11-22T00:00:00Z,1594947,,1466454,128493,2161,196,,,,,,,,,116897,19952,,,05,1352,12729,1611627,14006,1611627,,20,57,1814bb6684a71117884e4aaf88ee70475e371a06,0,0,0,0,0,
20201121,AR,143821,16605,1453725,,totalTestsViral,1580941,922,8415,354,,154,934,123722,11/21/2020 00:00,2020-11-21T00:00:00Z,11/20 19:00,2337,8415,2020-11-21T00:00:00Z,1580941,,1453725,127216,2141,196,,,,,,,,,116069,19739,,,05,1905,13635,1597546,15068,1597546,,16,62,a71b2622f9e0d391a61723e6486a422d21573b2a,0,0,0,0,0,
20201120,AR,141916,16133,1440090,,totalTestsViral,1565873,928,8353,359,,146,932,122219,11/20/2020 00:00,2020-11-20T00:00:00Z,11/19 19:00,2321,8353,2020-11-20T00:00:00Z,1565873,,1440090,125783,2125,196,,,,,,,,,112784,19098,,,05,2061,11805,1582006,13423,1582006,,24,85,b7353a7954e14a7efc622cd009a7dbefa223b511,0,0,0,0,0,
20201119,AR,139855,15690,1428285,,totalTestsViral,1552450,891,8268,353,,143,925,120545,11/19/2020 00:00,2020-11-19T00:00:00Z,11/18 19:00,2297,8268,2020-11-19T00:00:00Z,1552450,,1428285,124165,2105,192,,,,,,,,,107231,18437,,,05,2238,12983,1568140,14667,1568140,,22,129,ef15d18ad4b2bb1ea06303245820566cb046a652,0,0,0,0,0,
20201118,AR,137617,15136,1415302,,totalTestsViral,1537783,893,8139,339,,142,916,118751,11/18/2020 00:00,2020-11-18T00:00:00Z,11/17 19:00,2275,8139,2020-11-18T00:00:00Z,1537783,,1415302,122481,2085,190,,,,,,,,,103757,17763,,,05,1715,11176,1552919,12504,1552919,,30,89,b00073f97155b42f0556058cda09f38138915795,0,0,0,0,0,
20201117,AR,135902,14749,1404126,,totalTestsViral,1525279,902,8050,346,,133,909,117068,11/17/2020 00:00,2020-11-17T00:00:00Z,11/16 19:00,2245,8050,2020-11-17T00:00:00Z,1525279,,1404126,121153,2057,188,,,,,,,,,101145,17252,,,05,1554,7268,1540028,8413,1540028,,20,101,1bbffd0e3358c320712e67f09b870c7156e77b72,0,0,0,0,0,
20201116,AR,134348,14340,1396858,,totalTestsViral,1516866,861,7949,346,,123,902,115625,11/16/2020 00:00,2020-11-16T00:00:00Z,11/15 19:00,2225,7949,2020-11-16T00:00:00Z,1516866,,1396858,120008,2038,187,,,,,,,,,97104,16718,,,05,1308,10147,1531206,11312,1531206,,42,73,1d14693db43c3dc099b3095cecceb83dd0006822,0,0,0,0,0,
20201115,AR,133040,14197,1386711,,totalTestsViral,1505554,830,7876,317,,116,896,114312,11/15/2020 00:00,2020-11-15T00:00:00Z,11/14 19:00,2183,7876,2020-11-15T00:00:00Z,1505554,,1386711,118843,2000,183,,,,,,,,,95814,16445,,,05,2722,19634,1519751,21690,1519751,,35,29,482c4c5f9b84c7a6f9351583099a060f7416df81,0,0,0,0,0,
20201114,AR,130318,13531,1367077,,totalTestsViral,1483864,799,7847,291,,114,894,112383,11/14/2020 00:00,2020-11-14T00:00:00Z,11/13 19:00,2148,7847,2020-11-14T00:00:00Z,1483864,,1367077,116787,1968,180,,,,,,,,,92030,15578,,,05,0,0,1497395,0,1497395,,0,30,8b5b4cd88a2c9659e82a1c44605421018f5578a1,0,0,0,0,0,
20201113,AR,130318,13531,1367077,,totalTestsViral,1483864,826,7817,292,,114,891,112383,11/13/2020 00:00,2020-11-13T00:00:00Z,11/12 19:00,2148,7817,2020-11-13T00:00:00Z,1483864,,1367077,116787,1968,180,,,,,,,,,92030,15578,,,05,2312,12158,1497395,13717,1497395,,4,102,04bc134c42116b2b1bb11cad9858a7610ab9bc1d,0,0,0,0,0,
20201112,AR,128006,12778,1354919,,totalTestsViral,1470147,805,7715,295,,116,887,111357,11/12/2020 00:00,2020-11-12T00:00:00Z,11/11 19:00,2144,7715,2020-11-12T00:00:00Z,1470147,,1354919,115228,1964,180,,,,,,,,,87860,14698,,,05,1809,11868,1482925,13153,1482925,,18,80,4a09ee861abacdc8a52037d7dd168c33ea483a52,0,0,0,0,0,
20201111,AR,126197,12254,1343051,,totalTestsViral,1456994,801,7635,304,,116,882,110365,11/11/2020 00:00,2020-11-11T00:00:00Z,11/10 19:00,2126,7635,2020-11-11T00:00:00Z,1456994,,1343051,113943,1947,179,,,,,,,,,85009,14095,,,05,1962,11043,1469248,12250,1469248,,14,56,5e85cb705dd71cbc2827e3f89274c9f6bdd2d059,0,0,0,0,0,
20201110,AR,124235,11499,1332008,,totalTestsViral,1444744,809,7579,310,,126,876,109235,11/10/2020 00:00,2020-11-10T00:00:00Z,11/09 19:00,2112,7579,2020-11-10T00:00:00Z,1444744,,1332008,112736,1934,178,,,,,,,,,81751,13296,,,05,1424,7353,1456243,8328,1456243,,4,83,bd08cd37e8b11db2f7d94793aec0cafe5cc0fbf7,0,0,0,0,0,
20201109,AR,122811,11050,1324655,,totalTestsViral,1436416,786,7496,289,,116,869,108201,11/9/2020 00:00,2020-11-09T00:00:00Z,11/08 19:00,2108,7496,2020-11-09T00:00:00Z,1436416,,1324655,111761,1930,178,,,,,,,,,77969,12780,,,05,945,7716,1447466,8545,1447466,,23,62,08ee2d35c284ac9cc3b120c6f99a830f3aa35fed,0,0,0,0,0,
20201108,AR,121866,10934,1316939,,totalTestsViral,1427871,633,7434,235,,105,866,107287,11/8/2020 00:00,2020-11-08T00:00:00Z,11/07 19:00,2085,7434,2020-11-08T00:00:00Z,1427871,,1316939,110932,1907,178,,,,,,,,,76925,12597,,,05,1038,8462,1438805,9378,1438805,,17,19,24a5e11621457c04e33d842ddd471526729386ba,0,0,0,0,0,
20201107,AR,120828,10812,1308477,,totalTestsViral,1418493,633,7415,235,,105,865,106594,11/7/2020 00:00,2020-11-07T00:00:00Z,11/06 19:00,2068,7415,2020-11-07T00:00:00Z,1418493,,1308477,110016,1890,178,,,,,,,,,76277,12392,,,05,1598,10213,1429305,11491,1429305,,12,14,53d0f10992be50dee6ff3d17e49140047a658d6b,0,0,0,0,0,
20201106,AR,119230,10492,1298264,,totalTestsViral,1407002,633,7401,235,,105,863,105746,11/6/2020 00:00,2020-11-06T00:00:00Z,11/05 19:00,2056,7401,2020-11-06T00:00:00Z,1407002,,1298264,108738,1878,178,,,,,,,,,73502,11961,,,05,1870,12651,1417494,14097,1417494,,19,75,ca198437113ebaefbf0a3f8d7caf4be14c6ce36e,0,0,0,0,0,
20201105,AR,117360,10068,1285613,,totalTestsViral,1392905,633,7326,235,,105,859,104816,11/5/2020 00:00,2020-11-05T00:00:00Z,11/04 19:00,2037,7326,2020-11-05T00:00:00Z,1392905,,1285613,107292,1863,174,,,,,,,,,70983,11451,,,05,1548,11628,1402973,12783,1402973,,11,53,d4f5289e4302865c3dfd3cb87f9cbee4bddcac24,0,0,0,0,0,
20201104,AR,115812,9675,1273985,,totalTestsViral,1380122,627,7273,234,,106,856,103762,11/4/2020 00:00,2020-11-04T00:00:00Z,11/03 19:00,2026,7273,2020-11-04T00:00:00Z,1380122,,1273985,106137,1854,172,,,,,,,,,68146,11000,,,05,1293,10323,1389797,11237,1389797,,23,79,ee63a122fc7d4f0230f706f57dc4ded7ef32a746,0,0,0,0,0,
20201103,AR,114519,9296,1263662,,totalTestsViral,1368885,652,7194,246,,113,851,102666,11/3/2020 00:00,2020-11-03T00:00:00Z,11/02 19:00,2003,7194,2020-11-03T00:00:00Z,1368885,,1263662,105223,1833,170,,,,,,,,,65159,10565,,,05,878,4936,1378181,5456,1378181,,18,84,723d375ddd761c4edabc808bbd17d22e992ea6bb,0,0,0,0,0,
20201102,AR,113641,8938,1258726,,totalTestsViral,1363429,672,7110,251,,112,845,101507,11/2/2020 00:00,2020-11-02T00:00:00Z,11/01 19:00,1985,7110,2020-11-02T00:00:00Z,1363429,,1258726,104703,1817,168,,,,,,,,,62842,10188,,,05,1451,15236,1372367,16457,1372367,,60,55,e37b38c18778e274f97689442c786e09ebe2f1ba,0,0,0,0,0,
20201101,AR,112190,8708,1243490,,totalTestsViral,1346972,639,7055,225,,106,838,100067,11/1/2020 00:00,2020-11-01T00:00:00Z,10/31 20:00,1925,7055,2020-11-01T00:00:00Z,1346972,,1243490,103482,1758,167,,,,,,,,,61220,9841,,,05,0,0,1355680,0,1355680,,0,17,2ea0ad8338c420d5d4bc19f4404e447a398b440a,0,0,0,0,0,
20201031,AR,112190,8708,1243490,,totalTestsViral,1346972,652,7038,226,,100,834,100067,10/31/2020 00:00,2020-10-31T00:00:00Z,10/30 20:00,1925,7038,2020-10-31T00:00:00Z,1346972,,1243490,103482,1758,167,,,,,,,,,61220,9841,,,05,1316,9324,1355680,10401,1355680,,25,35,0f198a4d031a055a332aa10ec4f785717b46c563,0,0,0,0,0,
20201030,AR,110874,8469,1234166,,totalTestsViral,1336571,649,7003,234,,96,834,99165,10/30/2020 00:00,2020-10-30T00:00:00Z,10/29 20:00,1900,7003,2020-10-30T00:00:00Z,1336571,,1234166,102405,1737,163,,,,,,,,,58958,9501,,,05,1162,10464,1345040,11281,1345040,,6,36,7924688ddd8214bfdd4e64d1575e6a3c686e3025,0,0,0,0,0,
20201029,AR,109712,8124,1223702,,totalTestsViral,1325290,647,6967,226,,95,829,98340,10/29/2020 00:00,2020-10-29T00:00:00Z,10/28 20:00,1894,6967,2020-10-29T00:00:00Z,1325290,,1223702,101588,1732,162,,,,,,,,,56296,9092,,,05,1072,11511,1333414,12348,1333414,,19,47,a6fece314a30b9157e38e558544b2c9d87e3afe7,0,0,0,0,0,
20201028,AR,108640,7889,1212191,,totalTestsViral,1312942,644,6920,228,,94,825,97450,10/28/2020 00:00,2020-10-28T00:00:00Z,10/27 20:00,1875,6920,2020-10-28T00:00:00Z,1312942,,1212191,100751,1714,161,,,,,,,,,53975,8792,,,05,961,9016,1320831,9706,1320831,,18,79,cf4e364ab35ffac893b0686597200901d010c9a2,0,0,0,0,0,
20201027,AR,107679,7618,1203175,,totalTestsViral,1303236,660,6841,232,,89,819,96322,10/27/2020 00:00,2020-10-27T00:00:00Z,10/26 20:00,1857,6841,2020-10-27T00:00:00Z,1303236,,1203175,100061,1696,161,,,,,,,,,49893,8484,,,05,952,7740,1310854,8391,1310854,,24,73,ecfe9fa2fd5038d5a8260c180e0b198a73a2cee2,0,0,0,0,0,
20201026,AR,106727,7317,1195435,,totalTestsViral,1294845,634,6768,255,,97,812,95314,10/26/2020 00:00,2020-10-26T00:00:00Z,10/25 20:00,1833,6768,2020-10-26T00:00:00Z,1294845,,1195435,99410,1676,157,,,,,,,,,47404,8126,,,05,612,6315,1302162,6845,1302162,,21,50,ce2020f198b8dc75c4d1e0b7dbb314958c18e39b,0,0,0,0,0,
20201025,AR,106115,7235,1189120,,totalTestsViral,1288000,618,6718,244,,91,808,94528,10/25/2020 00:00,2020-10-25T00:00:00Z,10/24 20:00,1812,6718,2020-10-25T00:00:00Z,1288000,,1189120,98880,1655,157,,,,,,,,,46772,8031,,,05,797,7315,1295235,7982,1295235,,15,11,942d737d37d75cbd2f6d0ebad50837d44a147285,0,0,0,0,0,
20201024,AR,105318,7105,1181805,,totalTestsViral,1280018,606,6707,242,,94,808,93977,10/24/2020 00:00,2020-10-24T00:00:00Z,10/23 20:00,1797,6707,2020-10-24T00:00:00Z,1280018,,1181805,98213,1640,157,,,,,,,,,46505,7891,,,05,1183,11643,1287123,12517,1287123,,15,29,d4e10732c40986d2a8c97f7e38d518aea7537903,0,0,0,0,0,
20201023,AR,104135,6796,1170162,,totalTestsViral,1267501,610,6678,237,,92,807,93215,10/23/2020 00:00,2020-10-23T00:00:00Z,10/22 20:00,1782,6678,2020-10-23T00:00:00Z,1267501,,1170162,97339,1626,156,,,,,,,,,44666,7546,,,05,1337,10920,1274297,11967,1274297,,10,152,fc6c67469c0d65046bb502280f2a32333937e49d,0,0,0,0,0,
20201022,AR,102798,6506,1159242,,totalTestsViral,1255534,603,6526,236,,91,796,92288,10/22/2020 00:00,2020-10-22T00:00:00Z,10/21 20:00,1772,6526,2020-10-22T00:00:00Z,1255534,,1159242,96292,1616,156,,,,,,,,,42624,7231,,,05,1202,11889,1262040,12782,1262040,,21,0,050173d50e346e3fdff962b36ab47d2f414868d7,0,0,0,0,0,
20201021,AR,101596,6197,1147353,,totalTestsViral,1242752,626,6526,241,,94,796,91317,10/21/2020 00:00,2020-10-21T00:00:00Z,10/20 20:00,1751,6526,2020-10-21T00:00:00Z,1242752,,1147353,95399,1599,152,,,,,,,,,39902,6891,,,05,1155,10119,1248949,11100,1248949,,23,98,34532b8ed0b8b5e03e8351a6cb1504a62956eb23,0,0,0,0,0,
20201020,AR,100441,6023,1137234,,totalTestsViral,1231652,627,6428,257,,96,782,90283,10/20/2020 00:00,2020-10-20T00:00:00Z,10/19 20:00,1728,6428,2020-10-20T00:00:00Z,1231652,,1137234,94418,1576,152,,,,,,,,,37538,6672,,,05,844,7110,1237675,7738,1237675,,14,67,94b1808eb1fdf6b388e213376d5761d522537544,0,0,0,0,0,
20201019,AR,99597,5807,1130124,,totalTestsViral,1223914,604,6361,248,,95,776,89217,10/19/2020 00:00,2020-10-19T00:00:00Z,10/18 20:00,1714,6361,2020-10-19T00:00:00Z,1223914,,1130124,93790,1562,152,,,,,,,,,36212,6413,,,05,531,7536,1229721,7970,1229721,,10,46,3060f6d5cd2604896d1087760cf546fd8d64f611,0,0,0,0,0,
20201018,AR,99066,5710,1122588,,totalTestsViral,1215944,565,6315,241,,96,769,88450,10/18/2020 00:00,2020-10-18T00:00:00Z,10/17 20:00,1704,6315,2020-10-18T00:00:00Z,1215944,,1122588,93356,1552,152,,,,,,,,,35634,6308,,,05,644,7773,1221654,8302,1221654,,20,37,34fe3566e0bd1437be723d7b13c4b61585c470b3,0,0,0,0,0,
20201017,AR,98422,5595,1114815,,totalTestsViral,1207642,573,6278,236,,92,766,87920,10/16/2020 00:00,2020-10-16T00:00:00Z,10/15 20:00,1684,6278,2020-10-16T00:00:00Z,1207642,,1114815,92827,1533,151,,,,,,,,,35396,6192,,,05,883,9034,1213237,9744,1213237,,19,35,e612727b8bdd78a159cb4037a6772b18cf34d91a,0,0,0,0,0,
20201016,AR,97539,5422,1105781,,totalTestsViral,1197898,583,6243,238,,101,764,87256,10/15/2020 00:00,2020-10-15T00:00:00Z,10/14 20:00,1665,6243,2020-10-15T00:00:00Z,1197898,,1105781,92117,1514,151,,,,,,,,,34343,6008,,,05,1015,11082,1203320,11896,1203320,,20,44,9deee0e142a2f6b139263b460947e96d2c0d964c,0,0,0,0,0,
20201015,AR,96524,5221,1094699,,totalTestsViral,1186002,587,6199,236,,103,760,86447,10/15/2020 00:00,2020-10-15T00:00:00Z,10/14 20:00,1645,6199,2020-10-15T00:00:00Z,1186002,,1094699,91303,1494,151,,,,,,,,,32741,5789,,,05,1278,11592,1191223,12660,1191223,,11,51,fb3a9850f2571dfcff4a6713aec7d7e30f0dd975,0,0,0,0,0,
20201014,AR,95246,5011,1083107,,totalTestsViral,1173342,582,6148,241,,112,755,85597,10/14/2020 00:00,2020-10-14T00:00:00Z,10/13 20:00,1634,6148,2020-10-14T00:00:00Z,1173342,,1083107,90235,1484,150,,,,,,,,,31294,5537,,,05,1079,9793,1178353,10677,1178353,,23,79,4611df39d1a531441f739186f5955b8f3a1a16d0,0,0,0,0,0,
20201013,AR,94167,4816,1073314,,totalTestsViral,1162665,601,6069,246,,105,747,84804,10/13/2020 00:00,2020-10-13T00:00:00Z,10/12 20:00,1611,6069,2020-10-13T00:00:00Z,1162665,,1073314,89351,1463,148,,,,,,,,,30032,5313,,,05,680,7118,1167481,7599,1167481,,25,109,500fb0c48713f4f1d84a41264fecb80b712a398e,0,0,0,0,0,
20201012,AR,93487,4617,1066196,,totalTestsViral,1155066,608,5960,256,,103,737,84055,10/12/2020 00:00,2020-10-12T00:00:00Z,10/11 20:00,1586,5960,2020-10-12T00:00:00Z,1155066,,1066196,88870,1438,148,,,,,,,,,28361,5081,,,05,654,7844,1159683,8412,1159683,,17,50,9652693e303444357b9321084ddad3f65c3e79c4,0,0,0,0,0,
20201011,AR,92833,4531,1058352,,totalTestsViral,1146654,566,5910,237,,97,731,83454,10/11/2020 00:00,2020-10-11T00:00:00Z,10/10 20:00,1569,5910,2020-10-11T00:00:00Z,1146654,,1058352,88302,1421,148,,,,,,,,,27910,4999,,,05,613,8384,1151185,8938,1151185,,17,10,60b1680114be039404f060d74c8e316a6679649d,0,0,0,0,0,
20201010,AR,92220,4472,1049968,,totalTestsViral,1137716,554,5900,234,,97,730,82924,10/10/2020 00:00,2020-10-10T00:00:00Z,10/09 20:00,1552,5900,2020-10-10T00:00:00Z,1137716,,1049968,87748,1405,147,,,,,,,,,27682,4942,,,05,2075,24422,1142188,26190,1142188,,49,95,77399fdda9ec2f6d78bf00b8e886b24866bcb260,0,0,0,0,0,
20201009,AR,90145,4165,1025546,,totalTestsViral,1111526,546,5805,237,,102,723,81563,10/8/2020 00:00,2020-10-08T00:00:00Z,10/07 20:00,1503,5805,2020-10-08T00:00:00Z,1111526,,1025546,85980,1359,144,,,,,,,,,25538,4591,,,05,0,0,1115691,0,1115691,,0,0,924d573d83067a28f9ec2d203efbc7f409219b20,0,0,0,0,0,
20201008,AR,90145,4165,1025546,,totalTestsViral,1111526,546,5805,237,,102,723,81563,10/8/2020 00:00,2020-10-08T00:00:00Z,10/07 20:00,1503,5805,2020-10-08T00:00:00Z,1111526,,1025546,85980,1359,144,,,,,,,,,25538,4591,,,05,1265,12903,1115691,13970,1115691,,21,65,cc129f7037da9cde5e6e9d186cbec925c61a01d8,0,0,0,0,0,
20201007,AR,88880,3966,1012643,,totalTestsViral,1097556,519,5740,235,,98,715,80703,10/7/2020 00:00,2020-10-07T00:00:00Z,10/06 20:00,1482,5740,2020-10-07T00:00:00Z,1097556,,1012643,84914,1337,145,,,,,,,,,24364,4377,,,05,809,9202,1101523,9885,1101523,,35,82,d7d932fed503fcaf5e118953cadc9244912c50d0,0,0,0,0,0,
20201006,AR,88071,3841,1003441,,totalTestsViral,1087671,523,5658,237,,99,701,79052,10/6/2020 00:00,2020-10-06T00:00:00Z,10/05 20:00,1447,5658,2020-10-06T00:00:00Z,1087671,,1003441,84230,1299,148,,,,,,,,,23346,4228,,,05,641,7995,1091512,8527,1091512,,0,72,10cdcfee1d03bb63c06c2d43d1a9892b6c0bdad9,0,0,0,0,0,
20201005,AR,87430,3732,995446,,totalTestsViral,1079144,516,5586,233,,93,696,79052,10/5/2020 00:00,2020-10-05T00:00:00Z,10/04 20:00,1447,5586,2020-10-05T00:00:00Z,1079144,,995446,83698,1299,148,,,,,,,,,22028,4109,,,05,417,6409,1082876,6801,1082876,,22,36,8c63ec90ab793f6f18089aa34fd3f2d45d710fed,0,0,0,0,0,
20201004,AR,87013,3707,989037,,totalTestsViral,1072343,499,5550,228,,88,691,78358,10/4/2020 00:00,2020-10-04T00:00:00Z,10/03 20:00,1425,5550,2020-10-04T00:00:00Z,1072343,,989037,83306,1278,147,,,,,,,,,21860,4083,,,05,488,7150,1076050,7605,1076050,,18,23,4641c9e0393cbd47d0a91f986057ad8866a2b7ed,0,0,0,0,0,
20201003,AR,86525,3674,981887,,totalTestsViral,1064738,474,5527,223,,95,688,77772,10/3/2020 00:00,2020-10-03T00:00:00Z,10/02 20:00,1407,5527,2020-10-03T00:00:00Z,1064738,,981887,82851,1260,147,,,,,,,,,12997,4045,,,05,746,9936,1068412,10478,1068412,,16,39,e20f7e7e90df984d30f511769b0736743f8e0bc8,0,0,0,0,0,
20201002,AR,85779,3470,971951,,totalTestsViral,1054260,473,5488,222,,89,681,76186,10/2/2020 00:00,2020-10-02T00:00:00Z,10/01 20:00,1391,5488,2020-10-02T00:00:00Z,1054260,,971951,82309,1245,146,,,,,,,,,12083,3608,,,05,958,10866,1057730,11644,1057730,,7,43,2552ab37feed67c8f3080fc6b945c263ccf3d40e,0,0,0,0,0,
20201001,AR,84821,3290,961085,,totalTestsViral,1042616,479,5445,226,,92,678,76186,10/1/2020 00:00,2020-10-01T00:00:00Z,09/30 20:00,1384,5445,2020-10-01T00:00:00Z,1042616,,961085,81531,1238,146,,,,,,,,,12083,3608,,,05,1124,11978,1045906,12899,1045906,,15,91,ad16e708e6e8d6514659a3d36865fb2f1cb01a8f,0,0,0,0,0,
20200930,AR,83697,3087,949107,,totalTestsViral,1029717,484,5354,218,,93,676,75312,9/30/2020 00:00,2020-09-30T00:00:00Z,09/29 20:00,1369,5354,2020-09-30T00:00:00Z,1029717,,949107,80610,1223,146,,,,,,,,,11700,3383,,,05,942,21205,1032804,21812,1032804,,19,0,6b30d0440a0cec0acfb40b70afc82f12d237ed11,0,0,0,0,0,
20200929,AR,82755,2752,927902,,totalTestsViral,1007905,491,5354,231,,98,671,74440,9/29/2020 00:00,2020-09-29T00:00:00Z,09/28 20:00,1350,5354,2020-09-29T00:00:00Z,1007905,,927902,80003,1204,146,,,,,,,,,10986,3009,,,05,706,9725,1010657,10207,1010657,,21,106,9d87f601995dfe59eec76e65efdb5d457e86bcff,0,0,0,0,0,
20200928,AR,82049,2528,918177,,totalTestsViral,997698,491,5248,231,,99,661,73573,9/27/2020 00:00,2020-09-27T00:00:00Z,09/26 20:00,1329,5248,2020-09-27T00:00:00Z,997698,,918177,79521,1183,146,,,,,,,,,10349,2740,,,05,807,56285,1000226,57071,1000226,,21,13,9e72eccf17b93c40e5b040ad68440daf554ab54d,0,0,0,0,0,
20200927,AR,81242,2507,861892,,totalTestsViral,940627,452,5235,211,,86,661,72602,9/27/2020 00:00,2020-09-27T00:00:00Z,09/26 20:00,1308,5235,2020-09-27T00:00:00Z,940627,,861892,78735,1160,148,,,,,,,,,10266,2710,,,05,487,6257,943134,6732,943134,,23,33,4ba99d8a9d101c306da36111733aab4cb8f99bf4,0,0,0,0,0,
20200926,AR,80755,2495,855635,,totalTestsViral,933895,447,5202,213,,91,657,72051,9/26/2020 00:00,2020-09-26T00:00:00Z,09/25 20:00,1285,5202,2020-09-26T00:00:00Z,933895,,855635,78260,1137,148,,,,,,,,,10264,2706,,,05,809,6813,936390,7601,936390,,19,0,58508d64c355e076b703b8f58812a207957a8997,0,0,0,0,0,
20200925,AR,79946,2474,848822,,totalTestsViral,926294,478,5202,224,,95,657,71426,9/25/2020 00:00,2020-09-25T00:00:00Z,09/24 20:00,1266,5202,2020-09-25T00:00:00Z,926294,,848822,77472,1116,150,,,,,,,,,10056,2682,,,05,897,8085,928768,8881,928768,,20,42,d6c3c31a43ccebd79e500b7eb5715960c17450e7,0,0,0,0,0,
20200924,AR,79049,2373,840737,,totalTestsViral,917413,450,5160,216,,97,650,70737,9/24/2020 00:00,2020-09-24T00:00:00Z,09/23 20:00,1246,5160,2020-09-24T00:00:00Z,917413,,840737,76676,1097,149,,,,,,,,,10922,2566,,,05,1086,9436,919786,10466,919786,,17,62,3d415552d441135ac07a94105e832b1d4680f69b,0,0,0,0,0,
20200923,AR,77963,2317,831301,,totalTestsViral,906947,460,5098,221,,89,640,69952,9/23/2020 00:00,2020-09-23T00:00:00Z,09/22 20:00,1229,5098,2020-09-23T00:00:00Z,906947,,831301,75646,1080,149,,,,,,,,,9453,2506,,,05,982,8076,909264,8950,909264,,20,43,b1ae28e6e321aa112a8a86188c4fcbe1d8a07484,0,0,0,0,0,
20200922,AR,76981,2209,823225,,totalTestsViral,897997,453,5055,234,,87,638,69184,9/22/2020 00:00,2020-09-22T00:00:00Z,09/21 20:00,1209,5055,2020-09-22T00:00:00Z,897997,,823225,74772,1060,149,,,,,,,,,10427,2387,,,05,617,5987,900206,6473,900206,,12,69,83f4cea819005c22e6e6d934bed9a9ad08189d58,0,0,0,0,0,
20200921,AR,76364,2078,817238,,totalTestsViral,891524,439,4986,228,,95,632,66934,9/21/2020 00:00,2020-09-21T00:00:00Z,09/20 20:00,1197,4986,2020-09-21T00:00:00Z,891524,,817238,74286,1048,149,,,,,,,,,10101,2242,,,05,641,6944,893602,7540,893602,,16,19,76d65e7c2336f213010ed850d40342803a4d97af,0,0,0,0,0,
20200920,AR,75723,2033,810294,,totalTestsViral,883984,404,4967,212,,83,628,66397,9/20/2020 00:00,2020-09-20T00:00:00Z,09/19 20:00,1181,4967,2020-09-20T00:00:00Z,883984,,810294,73690,1033,148,,,,,,,,,5216,2195,,,05,563,16197,886017,17549,886017,,8,4,bd1e98eb8444804e21f910a64ad6728680eeda36,0,0,0,0,0,
20200919,AR,75160,2019,794097,,totalTestsViral,866435,372,4963,193,,74,628,66003,9/19/2020 00:00,2020-09-19T00:00:00Z,09/18 20:00,1173,4963,2020-09-19T00:00:00Z,866435,,794097,73141,1025,148,,,,,,,,,9587,2010,,,05,1078,0,869257,0,869257,,0,31,cc032afb3e0cfd066aa4d8cad4c664caf8339b33,0,0,0,0,0,
20200918,AR,74082,1744,794097,,totalTestsViral,866435,381,4932,193,,77,624,65542,9/18/2020 00:00,2020-09-18T00:00:00Z,09/17 20:00,1173,4932,2020-09-18T00:00:00Z,866435,,794097,72338,1025,148,,,,,,,,,9587,2010,,,05,871,10390,868179,11114,868179,,7,36,e1230be69ae724e0ef2fea95d3c51efc127800c7,0,0,0,0,0,
20200917,AR,73211,1597,783707,,totalTestsViral,855321,389,4896,206,,72,619,64145,9/17/2020 00:00,2020-09-17T00:00:00Z,09/16 20:00,1166,4896,2020-09-17T00:00:00Z,855321,,783707,71614,1018,148,,,,,,,,,,,21856,3300,05,992,9749,856918,10632,856918,,9,56,64464369c47404526a26c756d9d13928c5c5313b,0,0,0,0,0,
20200916,AR,72219,1488,773958,,totalTestsViral,844689,387,4840,189,,65,616,64145,9/16/2020 14:37,2020-09-16T14:37:00Z,09/16 10:37,1157,4840,2020-09-16T14:37:00Z,844689,,773958,70731,1010,147,,,,,,,,,,,20007,3067,05,862,-26801,846177,-26195,846177,,147,38,d7eff87ad11b961d7cfb24357302fdd30c564ef6,0,0,0,0,0,
20200915,AR,71357,1232,800759,,totalTestsViral,870884,389,4802,180,,68,606,63415,9/15/2020 00:00,2020-09-15T00:00:00Z,09/14 20:00,1010,4802,2020-09-15T00:00:00Z,870884,,800759,70125,1003,7,,,,,,,,,,,18516,2779,05,730,43119,872116,43795,872116,,18,66,802e66ca2d22dc3ec2e75f9c96d754a11b4c0d36,0,0,0,0,0,
20200914,AR,70627,1178,757640,,totalTestsViral,827089,378,4736,175,,76,603,62740,9/14/2020 00:00,2020-09-14T00:00:00Z,09/13 20:00,992,4736,2020-09-14T00:00:00Z,827089,,757640,69449,986,6,,,,,,,,,,,18516,2779,05,408,5791,828267,6190,828267,,11,17,420e2fc3127ee86f3c559d84a4f5aa093c1e7808,0,0,0,0,0,
20200913,AR,70219,1169,751849,,totalTestsViral,820899,381,4719,160,,83,601,61819,9/13/2020 00:00,2020-09-13T00:00:00Z,09/12 20:00,981,4719,2020-09-13T00:00:00Z,820899,,751849,69050,976,5,,,,,,,,,,,17863,2757,05,509,1559,822068,545,822068,,12,41,d1fd69a700d227929b32156733e6438cb8964028,0,0,0,0,0,
20200912,AR,69710,1168,750290,,totalTestsViral,820354,392,4678,170,,76,597,61245,9/11/2020 14:35,2020-09-11T14:35:00Z,09/11 10:35,969,4678,2020-09-11T14:35:00Z,820354,,750290,68542,964,5,,,,,,,,,,,17549,2709,05,727,20915,820000,24175,820000,,16,0,80bd473e3246427d95b0903cccdf660c64585f60,0,0,0,0,0,
20200911,AR,68983,1072,729375,,totalTestsViral,796179,392,4678,,,76,597,61245,9/11/2020 14:35,2020-09-11T14:35:00Z,09/11 10:35,953,4678,2020-09-11T14:35:00Z,796179,,729375,67911,,,,,,,,,,,,,17549,2709,05,1180,0,798358,0,798358,,13,72,fd448322d81c8486c507a9b3cf07b858bebddb86,0,0,0,0,0,
20200910,AR,67803,999,729375,,totalTestsViral,796179,392,4606,,,79,589,60668,9/10/2020 14:40,2020-09-10T14:40:00Z,09/10 10:40,940,4606,2020-09-10T14:40:00Z,796179,,729375,66804,,,,,,,,,,,,,17021,2626,05,548,12402,797178,13185,797178,,12,32,9034773013e4ca564e10ed4bbc9980381c8db95d,0,0,0,0,0,
20200909,AR,67255,849,716973,,totalTestsViral,782994,411,4574,,,82,586,59920,9/9/2020 14:50,2020-09-09T14:50:00Z,09/09 10:50,928,4574,2020-09-09T14:50:00Z,782994,,716973,66406,,,,,,,,,,,,,16591,2556,05,498,0,784228,0,784228,,11,50,5fbe59fff65e08d862df37e8c734343c7ec5a51d,0,0,0,0,0,
20200908,AR,66757,736,716973,,totalTestsViral,782994,409,4524,,,84,579,59260,9/8/2020 14:40,2020-09-08T14:40:00Z,09/08 10:40,917,4524,2020-09-08T14:40:00Z,782994,,716973,66021,,,,,,,,,,,,,15892,2442,05,477,10440,783730,11084,783730,,9,38,99fa3bbdbbd7498e697cd7f1e80e7d4414624cd1,0,0,0,0,0,
20200907,AR,66280,553,706533,,totalTestsViral,771910,399,4486,,,74,571,58757,9/7/2020 17:20,2020-09-07T17:20:00Z,09/07 13:20,908,4486,2020-09-07T17:20:00Z,771910,,706533,65727,,,,,,,,,,,,,15661,2414,05,1054,5812,772813,6499,772813,,14,24,b246dc4909a1fd7c00e74b508a8e846370c50dff,0,0,0,0,0,
20200906,AR,65226,536,700721,,totalTestsViral,765411,389,4462,,,78,568,58295,9/6/2020 17:30,2020-09-06T17:30:00Z,09/06 13:30,894,4462,2020-09-06T17:30:00Z,765411,,700721,64690,,,,,,,,,,,,,14859,2311,05,0,0,765947,0,765947,,12,6,07dac67cc51467f25ee411409d6c334a0cdda9be,0,0,0,0,0,
20200905,AR,65226,536,700721,,totalTestsViral,765411,385,4456,,,78,566,57968,9/5/2020 17:50,2020-09-05T17:50:00Z,09/05 13:50,882,4456,2020-09-05T17:50:00Z,765411,,700721,64690,,,,,,,,,,,,,14859,2311,05,548,16485,765947,18094,765947,,9,34,c1a9f7cf933d6850292c1ca439650c69b170678e,0,0,0,0,0,
20200904,AR,64678,503,684236,,totalTestsViral,747317,401,4422,,,86,564,57547,9/4/2020 14:34,2020-09-04T14:34:00Z,09/04 10:34,873,4422,2020-09-04T14:34:00Z,747317,,684236,64175,,,,,,,,,,,,,14299,2231,05,1174,8899,748914,9868,748914,,12,36,4bbf02b01a1937c9535afd75ce720954c389fdd4,0,0,0,0,0,
20200903,AR,63504,423,675337,,totalTestsViral,737449,425,4386,,,91,562,56889,9/3/2020 14:40,2020-09-03T14:40:00Z,09/03 10:40,861,4386,2020-09-03T14:40:00Z,737449,,675337,63081,,,,,,,,,,,,,13631,2109,05,1392,0,738841,0,738841,,20,45,26855f22b2525b4ac5847b994000efc036a6253a,0,0,0,0,0,
20200902,AR,62112,,675337,,totalTestsViral,737449,435,4341,,,90,556,56261,9/2/2020 14:35,2020-09-02T14:35:00Z,09/02 10:35,841,4341,2020-09-02T14:35:00Z,737449,,675337,62112,,,,,,,,,,,,,13098,2050,05,615,5809,737449,6424,737449,,27,35,63b7e3054306ced6d0eb9c32eae3856d40e93d00,0,0,0,0,0,
20200901,AR,61497,,669528,,totalTestsViral,731025,423,4306,,,85,554,55647,9/1/2020 14:38,2020-09-01T14:38:00Z,09/01 10:38,814,4306,2020-09-01T14:38:00Z,731025,,669528,61497,,,,,,,,,,,,,12508,1894,05,273,3717,731025,3990,731025,,17,93,46c71ac77d38af52011a2f5ccc1b2710eb1a3590,0,0,0,0,0,
20200831,AR,61224,,665811,,totalTestsViral,727035,420,4213,,,87,542,54961,8/31/2020 14:35,2020-08-31T14:35:00Z,08/31 10:35,797,4213,2020-08-31T14:35:00Z,727035,,665811,61224,,,,,,,,,,,,,12508,1894,05,368,13980,727035,14348,727035,,13,31,86aa368cc238e38a1fbbb82845d179827f49001c,0,0,0,0,0,
20200830,AR,60856,,651831,,totalTestsViral,712687,391,4182,,,84,541,54408,8/30/2020 00:00,2020-08-30T00:00:00Z,08/29 20:00,784,4182,2020-08-30T00:00:00Z,712687,,651831,60856,,,,,,,,,,,,,7090,1085,05,478,5239,712687,5717,712687,,12,40,458b84aa72eb5645c511944746248e18042e4a9b,0,0,0,0,0,
20200829,AR,60378,,646592,,totalTestsViral,706970,407,4142,,,95,538,54133,8/29/2020 00:00,2020-08-29T00:00:00Z,08/28 20:00,772,4142,2020-08-29T00:00:00Z,706970,,646592,60378,,,,,,,,,,,,,7090,1085,05,795,8120,706970,8915,706970,,16,0,9cf4c0a2d13a33e9ea53788b7e32b4f123383889,0,0,0,0,0,
20200828,AR,59583,,638472,,totalTestsViral,698055,407,4142,,,95,538,53331,8/28/2020 14:33,2020-08-28T14:33:00Z,08/28 10:33,756,4142,2020-08-28T14:33:00Z,698055,,638472,59583,,,,,,,,,,,,,7090,1085,05,838,7189,698055,8027,698055,,17,38,cdf6177a94b9910c5a91b7a1901c776188842c1e,0,0,0,0,0,
20200827,AR,58745,,631283,,totalTestsViral,690028,433,4104,,,99,533,52665,8/27/2020 14:33,2020-08-27T14:33:00Z,08/27 10:33,739,4104,2020-08-27T14:33:00Z,690028,,631283,58745,,,,,,,,,,,,,7090,1085,05,722,6033,690028,6755,690028,,7,43,46315299ef7f67b48efdd447e2eaae9802c7864b,0,0,0,0,0,
20200826,AR,58023,,625250,,totalTestsViral,683273,435,4061,,,108,525,51901,8/26/2020 14:39,2020-08-26T14:39:00Z,08/26 10:39,732,4061,2020-08-26T14:39:00Z,683273,,625250,58023,,,,,,,,,,,,,7090,1085,05,649,8440,683273,9569,683273,,21,48,072f459123c2b741881e6f9bfeb374042bfc2543,0,0,0,0,0,
20200825,AR,57374,,616810,,totalTestsViral,673704,442,4013,,,108,514,51351,8/25/2020 14:36,2020-08-25T14:36:00Z,08/25 10:36,711,4013,2020-08-25T14:36:00Z,673704,,616810,57374,,,,,,,,,,,,,7090,1085,05,480,0,674184,0,674184,,15,51,f8a2e785d6e25c77d519bdbb19a60f62ef500cff,0,0,0,0,0,
20200824,AR,56894,,616810,,totalTestsViral,673704,466,3962,,,108,507,50689,8/24/2020 14:36,2020-08-24T14:36:00Z,08/24 10:36,696,3962,2020-08-24T14:36:00Z,673704,,616810,56894,,,,,,,,,,,,,7090,1085,05,320,7684,673704,2878,673704,,9,42,733afc483e33d5c21ce8b12de0dfd14bdcc03640,0,0,0,0,0,
20200823,AR,56574,,609126,,totalTestsViral,670826,500,3920,,,110,502,50251,8/23/2020 00:00,2020-08-23T00:00:00Z,08/22 20:00,687,3920,2020-08-23T00:00:00Z,670826,,609126,56574,,,,,,,,,,,,,7090,1085,05,375,6187,665700,12235,665700,,13,12,46e0212989d619ffe7b12ddb882d9653aa360770,0,0,0,0,0,
20200822,AR,56199,,602939,,totalTestsViral,658591,492,3908,,,108,502,49764,8/22/2020 00:00,2020-08-22T00:00:00Z,08/21 20:00,674,3908,2020-08-22T00:00:00Z,658591,,602939,56199,,,,,,,,,,,,,7090,1085,05,547,0,659138,0,659138,,11,52,372cd075c905064a7afd430df72081e2b501ad65,0,0,0,0,0,
20200821,AR,55652,,602939,,totalTestsViral,658591,509,3856,,,120,499,49135,8/21/2020 14:56,2020-08-21T14:56:00Z,08/21 10:56,663,3856,2020-08-21T14:56:00Z,658591,,602939,55652,,,,,,,,,,,,,7090,1085,05,887,9195,658591,10082,658591,,22,66,ec45a0defc8664fb2091b2df128c97c8a8c23336,0,0,0,0,0,
20200820,AR,54765,,593744,,totalTestsViral,648509,499,3790,,,108,488,48458,8/20/2020 15:08,2020-08-20T15:08:00Z,08/20 11:08,641,3790,2020-08-20T15:08:00Z,648509,,593744,54765,,,,,,,,,,,,,7090,1085,05,549,6680,648509,7229,648509,,10,47,1fc656fa157b176d391341a2e41ad73ce6ab7f97,0,0,0,0,0,
20200819,AR,54216,,587064,,totalTestsViral,641280,499,3743,,,114,483,47666,8/19/2020 14:47,2020-08-19T14:47:00Z,08/19 10:47,631,3743,2020-08-19T14:47:00Z,641280,,587064,54216,,,,,,,,,,,,,7090,1085,05,729,7489,641280,8628,641280,,12,48,bdaa53f736e6c7c8e40126b00fcbb0148594018b,0,0,0,0,0,
20200818,AR,53487,,579575,,totalTestsViral,632652,492,3695,,,122,478,46970,8/18/2020 14:37,2020-08-18T14:37:00Z,08/18 10:37,619,3695,2020-08-18T14:37:00Z,632652,,579575,53487,,,,,,,,,,,,,7090,1085,05,410,10190,633062,10602,633062,,16,74,6eacb56525903b40bfd568ebdfdd24fd9125388a,0,0,0,0,0,
20200817,AR,53077,,569385,,totalTestsViral,622050,486,3621,,,120,472,46133,8/17/2020 15:43,2020-08-17T15:43:00Z,08/17 11:43,603,3621,2020-08-17T15:43:00Z,622050,,569385,53077,,,,,,,,,,,,,7090,1085,05,412,0,622462,0,622462,,4,51,ef9c3ca03f8aae9f42a2545c8d67ede37e9bb43d,0,0,0,0,0,
20200816,AR,52665,,569385,,totalTestsViral,622050,478,3570,,,120,460,45572,8/16/2020 16:31,2020-08-16T16:31:00Z,08/16 12:31,599,3570,2020-08-16T16:31:00Z,622050,,569385,52655,,,,,,,,,,,,,7090,1085,05,673,33117,622050,33390,622050,,-1,8,0072de6c49d9b753756293aaf5f85bf65491fad0,0,0,0,0,0,
20200815,AR,51992,,536268,,totalTestsViral,588660,464,3562,,,108,460,44905,8/15/2020 16:31,2020-08-15T16:31:00Z,08/15 12:31,600,3562,2020-08-15T16:31:00Z,588660,,536268,51992,,,,,,,,,,,,,7090,1085,05,-400,0,588260,0,588260,,13,-4,1419181d821fdf144f05233ab0bff29f30335223,0,0,0,0,0,
20200814,AR,52392,,536268,,totalTestsViral,588660,466,3566,,,113,466,45446,8/14/2020 14:34,2020-08-14T14:34:00Z,08/14 10:34,587,3566,2020-08-14T14:34:00Z,588660,,536268,52392,,,,,,,,,,,,,7090,1085,05,626,4554,588660,5180,588660,,5,0,03e6180ac389437cfa8b3991e1502a61e3e97a84,0,0,0,0,0,
20200813,AR,51766,,531714,,totalTestsViral,583480,473,3566,,,112,466,44602,8/13/2020 14:32,2020-08-13T14:32:00Z,08/13 10:32,582,3566,2020-08-13T14:32:00Z,583480,,531714,51766,,,,,,,,,,,,,7090,1085,05,652,9257,583480,10612,583480,,16,94,3493fe7c4a89ed41230a30a01b4993b679fc7140,0,0,0,0,0,
20200812,AR,51114,,522457,,totalTestsViral,572868,486,3472,,,113,455,42998,8/12/2020 14:40,2020-08-12T14:40:00Z,08/12 10:40,566,3472,2020-08-12T14:40:00Z,572868,,522457,51114,,,,,,,,,,,,,7090,1085,05,703,0,573571,0,573571,,0,71,a3dc9817f85a1f36b154cc9ac883a8f196f6f4ca,0,0,0,0,0,
20200811,AR,50411,,522457,,totalTestsViral,572868,507,3401,,,116,450,42998,8/11/2020 14:55,2020-08-11T14:55:00Z,08/11 10:55,566,3401,2020-08-11T14:55:00Z,572868,,522457,50411,,,,,,,,,,,,,7090,1085,05,383,3165,572868,3548,572868,,11,65,75150106b2756a2efb10a24285df620f429e4d74,0,0,0,0,0,
20200810,AR,50028,,519292,,totalTestsViral,569320,508,3336,,,117,443,42130,8/10/2020 15:30,2020-08-10T15:30:00Z,08/10 11:30,555,3336,2020-08-10T15:30:00Z,569320,,,50028,,,,,,,,,,,,,7090,1085,05,645,4844,569320,5489,569320,,11,52,59d3e108cfaac867741a2edd904f8f2be8ecf482,0,0,0,0,0,
20200809,AR,49383,,514448,,totalTestsViral,563831,497,3284,,,117,437,41452,8/9/2020 00:00,2020-08-09T00:00:00Z,08/08 20:00,544,3284,2020-08-09T00:00:00Z,563831,,,49383,,,,,,,,,,,,,7090,1085,05,1344,10964,563831,12308,563831,,23,61,454199d26ed60918c4cf8369108c8759a2cec605,0,0,0,0,0,
20200808,AR,48039,,503484,,totalTestsViral,551523,523,3223,,,116,435,40360,8/7/2020 15:30,2020-08-07T15:30:00Z,08/07 11:30,521,3223,2020-08-07T15:30:00Z,551523,,,48039,,,,,,,,,,,,,7090,1085,05,0,0,551523,0,551523,,0,55,f3a26aad4ca7c6b779df28cfa407ea511d8848be,0,0,0,0,0,
20200807,AR,48039,,503484,,totalTestsViral,551523,514,3168,,,111,429,40360,8/7/2020 15:30,2020-08-07T15:30:00Z,08/07 11:30,521,3168,2020-08-07T15:30:00Z,551523,,,48039,,,,,,,,,,,,,7090,1085,05,1011,10676,551523,12422,551523,,6,50,02c97d3dc7eb62401d89775e8860f1aaaf9742e9,0,0,0,0,0,
20200806,AR,47028,,492808,,totalTestsViral,539101,514,3118,,,111,424,39555,8/6/2020 14:40,2020-08-06T14:40:00Z,08/06 10:40,515,3118,2020-08-06T14:40:00Z,539101,,,47028,,,,,,,,,,,,,7090,1085,05,735,4290,539836,5202,539836,,7,0,a5d152ddbcc08a95a35bce6b48c8f49a2036f25a,0,0,0,0,0,
20200805,AR,46293,,488518,,totalTestsViral,533899,516,3118,,,106,424,38848,8/5/2020 15:00,2020-08-05T15:00:00Z,08/05 11:00,508,3118,2020-08-05T15:00:00Z,533899,,,46293,,,,,,,,,,,,,7090,1085,05,912,0,534811,0,534811,,18,64,11de78c95425b4974ff380f06ca7d1dcf164d259,0,0,0,0,0,
20200804,AR,45381,,488518,,totalTestsViral,533899,526,3054,,,101,414,38000,8/4/2020 14:40,2020-08-04T14:40:00Z,08/04 10:40,490,3054,2020-08-04T14:40:00Z,533899,,,45381,,,,,,,,,,,,,7090,1085,05,784,5715,533899,6499,533899,,15,88,d286f5dd89701bd8feca48f8756850ff74b1ee43,0,0,0,0,0,
20200803,AR,44597,,482803,,totalTestsViral,527400,513,2966,,,108,403,37240,8/3/2020 14:50,2020-08-03T14:50:00Z,08/03 10:50,475,2966,2020-08-03T14:50:00Z,527400,,,44597,,,,,,,,,,,,,7090,1085,05,1424,11395,527400,12819,527400,,17,72,ca6f49d6f99579311a337785b9fc589f39014246,0,0,0,0,0,
20200802,AR,43173,,471408,,totalTestsViral,514581,499,2894,,,104,397,36034,8/1/2020 17:30,2020-08-01T17:30:00Z,08/01 13:30,458,2894,2020-08-01T17:30:00Z,514581,,,43173,,,,,,,,,,,,,7090,1085,05,0,0,514581,0,514581,,-2,42,cec1966566b2b2d4d09ac0d8413d0a300b578dac,0,0,0,0,0,
20200801,AR,43173,,471408,,totalTestsViral,514581,507,2852,,,100,395,36034,8/1/2020 00:00,2020-08-01T00:00:00Z,07/31 20:00,460,2852,2020-08-01T00:00:00Z,514581,,,43173,,,,,,,,,,,,,7090,1085,05,662,10450,514581,11864,514581,,7,0,cd839e211431366ee0f517a45e05a3d1f19a46d9,0,0,0,0,0,
20200731,AR,42511,,460958,,totalTestsViral,502717,507,2852,,,100,395,35413,7/31/2020 14:40,2020-07-31T14:40:00Z,07/31 10:40,453,2852,2020-07-31T14:40:00Z,502717,,,42511,,,,,,,,,,,,,7090,1085,05,752,0,503469,0,503469,,11,105,455f1c590a37064adc9688f61bece1f73d8946d9,0,0,0,0,0,
20200730,AR,41759,,460958,,totalTestsViral,502717,508,2747,,,108,387,34737,7/30/2020 14:40,2020-07-30T14:40:00Z,07/30 10:40,442,2747,2020-07-30T14:40:00Z,502717,,,41759,,,,,,,,,,,,,,,05,791,6321,502717,7112,502717,,8,0,f153d252f1e1bc724139d27fd1ab633a79046e74,0,0,0,0,0,
20200729,AR,40968,,454637,,totalTestsViral,495605,508,2747,,,108,387,33938,7/29/2020 14:40,2020-07-29T14:40:00Z,07/29 10:40,434,2747,2020-07-29T14:40:00Z,495605,,,40968,,,,,,,,,,,,,,,05,787,4912,495605,5699,495605,,6,61,d35c1ad8c79dd026ab166d99d80af25205b44c9f,0,0,0,0,0,
20200728,AR,40181,,449725,,totalTestsViral,489906,501,2686,,,110,377,33188,7/28/2020 14:40,2020-07-28T14:40:00Z,07/28 10:40,428,2686,2020-07-28T14:40:00Z,489906,,,40181,,,,,,,,,,,,,,,05,734,4281,489906,5015,489906,,20,62,51d377d8075bd80466c91216228754abc3061efe,0,0,0,0,0,
20200727,AR,39447,,445444,,totalTestsViral,484891,489,2624,,,110,369,32365,7/27/2020 14:40,2020-07-27T14:40:00Z,07/27 10:40,408,2624,2020-07-27T14:40:00Z,484891,,,39447,,,,,,,,,,,,,,,05,824,6800,484891,7624,484891,,7,82,adc8ea8b5fefcaf25aeadb17af8985df1ce89b56,0,0,0,0,0,
20200726,AR,38623,,438644,,totalTestsViral,477267,479,2542,,,105,358,31622,7/26/2020 00:00,2020-07-26T00:00:00Z,07/25 20:00,401,2542,2020-07-26T00:00:00Z,477267,,,38623,,,,,,,,,,,,,,,05,1374,14429,477267,15803,477267,,7,181,05289c89e322e35e91f051367a9ac9107fef3c62,0,0,0,0,0,
20200725,AR,37249,,424215,,totalTestsViral,461464,497,2361,,,109,329,29827,7/25/2020 00:00,2020-07-25T00:00:00Z,07/24 20:00,394,2361,2020-07-25T00:00:00Z,461464,,,37249,,,,,,,,,,,,,,,05,0,0,461464,0,461464,,0,0,95872d61e6c07e79aca96494effd4040d814d80c,0,0,0,0,0,
20200724,AR,37249,,424215,,totalTestsViral,461464,497,2361,,,109,329,29827,7/24/2020 14:46,2020-07-24T14:46:00Z,07/24 10:46,394,2361,2020-07-24T14:46:00Z,461464,,,37249,,,,,,,,,,,,,,,05,990,13994,461464,15997,461464,,8,0,96c56f651b8255903957b39c4106f11e4d443a1a,0,0,0,0,0,
20200723,AR,36259,,410221,,totalTestsViral,445467,480,2361,,,107,329,28864,7/23/2020 14:46,2020-07-23T14:46:00Z,07/23 10:46,386,2361,2020-07-23T14:46:00Z,445467,,,36259,,,,,,,,,,,,,,,05,1013,5241,446480,5832,446480,,6,44,34545ef46f17ec48b0efc20058711054d0d5d615,0,0,0,0,0,
20200722,AR,35246,,404980,,totalTestsViral,439635,474,2317,,,107,323,27990,7/22/2020 14:36,2020-07-22T14:36:00Z,07/22 10:36,380,2317,2020-07-22T14:36:00Z,439635,,,35246,,,,,,,,,,,,,,,05,591,0,440226,0,440226,,6,60,43ce1a8df2f7776d6fb607672e467ad299f22eed,0,0,0,0,0,
20200721,AR,34655,,404980,,totalTestsViral,439635,488,2257,,,111,316,27283,7/21/2020 14:36,2020-07-21T14:36:00Z,07/21 10:36,374,2257,2020-07-21T14:36:00Z,439635,,,34655,,,,,,,,,,,,,,,05,728,6091,439635,6819,439635,,17,55,01e27e05ecc308128f1f172e2bdd77baff607ba4,0,0,0,0,0,
20200720,AR,33927,,398889,,totalTestsViral,432816,471,2202,,,111,309,26397,7/20/2020 14:36,2020-07-20T14:36:00Z,07/20 10:36,357,2202,2020-07-20T14:36:00Z,432816,,,33927,,,,,,,,,,,,,,,05,1394,12251,432816,13645,432816,,0,25,9bef901d06084e9bd4cede2af1a47499d273adf6,0,0,0,0,0,
20200719,AR,32533,,386638,,totalTestsViral,419171,453,2177,,,97,307,25292,7/18/2020 21:26,2020-07-18T21:26:00Z,07/18 17:26,357,2177,2020-07-18T21:26:00Z,419171,,,32533,,,,,,,,,,,,,,,05,771,5395,419171,6166,419171,,4,42,0d8da89addc46c42b5e161a4b3ddd66ceee1655b,0,0,0,0,0,
20200718,AR,31762,,381243,,totalTestsViral,413005,464,2135,,,97,304,24776,7/17/2020 19:56,2020-07-17T19:56:00Z,07/17 15:56,353,2135,2020-07-17T19:56:00Z,413005,,,31762,,,,,,,,,,,,,,,05,0,5508,413005,6156,413005,,0,65,ea40fc1cb52d73f0eb3da94cf5f746b625c36b4c,0,0,0,0,0,
20200717,AR,31762,,375735,,totalTestsViral,406849,464,2070,,,97,298,24776,7/17/2020 14:36,2020-07-17T14:36:00Z,07/17 10:36,353,2070,2020-07-17T14:36:00Z,406849,,,31762,,,,,,,,,,,,,,,05,648,5888,407497,6705,407497,,12,76,ff4e9ca556062ddbe991b5cee8945f611a891886,0,0,0,0,0,
20200716,AR,31114,,369847,,totalTestsViral,400144,470,1994,,,101,286,24195,7/16/2020 14:36,2020-07-16T14:36:00Z,07/16 10:36,341,1994,2020-07-16T14:36:00Z,400144,,,31114,,,,,,,,,,,,,,,05,817,4368,400961,4932,400961,,6,46,c8e425a6afa32e57d53fd8e1ceb61193d94a2cbf,0,0,0,0,0,
20200715,AR,30297,,365479,,totalTestsViral,395212,458,1948,,,94,279,23523,7/15/2020 14:36,2020-07-15T14:36:00Z,07/15 10:36,335,1948,2020-07-15T14:36:00Z,395212,,,30297,,,,,,,,,,,,,,,05,564,4913,395776,5707,395776,,4,76,856af7573518b7251c1b5f0c1e61a0bd1be19a77,0,0,0,0,0,
20200714,AR,29733,,360566,,totalTestsViral,389505,445,1872,,,91,273,22844,7/14/2020 15:43,2020-07-14T15:43:00Z,07/14 11:43,331,1872,2020-07-14T15:43:00Z,389505,,,29733,,,,,,,,,,,,,,,05,794,6531,390299,7103,390299,,8,36,8b006ff286bcfb2dc1661100b4184157ac665505,0,0,0,0,0,
20200713,AR,28939,,354035,,totalTestsViral,382402,439,1836,,,89,269,22106,7/13/2020 14:36,2020-07-13T14:36:00Z,07/13 10:36,323,1836,2020-07-13T14:36:00Z,382402,,,28939,,,,,,,,,,,,,,,05,572,0,382974,0,382974,,2,14,7e0369325c668842c6cde995330ef242a9f8f9f7,0,0,0,0,0,
20200712,AR,28367,,354035,,totalTestsViral,382402,412,1822,,,84,266,21591,7/12/2020 00:00,2020-07-12T00:00:00Z,07/11 20:00,321,1822,2020-07-12T00:00:00Z,382402,,,28367,,,,,,,,,,,,,,,05,1564,11189,382402,12753,382402,,8,42,faa0a19a4c5c6edbdcd96fe589ad7c60a067708b,0,0,0,0,0,
20200711,AR,26803,,342846,,totalTestsViral,369649,402,1780,,,84,265,20642,7/10/2020 19:46,2020-07-10T19:46:00Z,07/10 15:46,313,1780,2020-07-10T19:46:00Z,369649,,,26803,,,,,,,,,,,,,,,05,0,4237,369649,4988,369649,,0,37,80d5eca168254f3b3f585515a4aca1bb2f175910,0,0,0,0,0,
20200710,AR,26803,,338609,,totalTestsViral,364661,402,1743,,,84,260,20642,7/10/2020 14:46,2020-07-10T14:46:00Z,07/10 10:46,313,1743,2020-07-10T14:46:00Z,364661,,,26803,,,,,,,,,,,,,,,05,751,0,365412,0,365412,,4,38,13ba7d335aafb7fe7a824882657babe3fa3f0e47,0,0,0,0,0,
20200709,AR,26052,,338609,,totalTestsViral,364661,394,1705,,,82,284,19992,7/9/2020 16:36,2020-07-09T16:36:00Z,07/09 12:36,309,1705,2020-07-09T16:36:00Z,364661,,,26052,,,,,,,,,,,,,,,05,1540,9849,364661,11389,364661,,8,50,2fa4d5c8f46b4a10faca19f6bc2e37e0bfb66337,0,0,0,0,0,
20200708,AR,24512,,328760,,totalTestsViral,353272,358,1655,,,89,254,18725,7/8/2020 14:46,2020-07-08T14:46:00Z,07/08 10:46,301,1655,2020-07-08T14:46:00Z,353272,,,24512,,,,,,,,,,,,,,,05,0,2617,353272,2876,353272,,9,51,1855db2cd407d30434a4e1bb2dce25efb6ee24a8,0,0,0,0,0,
20200707,AR,24512,,326143,,totalTestsViral,350396,369,1604,,,81,247,17834,7/7/2020 16:18,2020-07-07T16:18:00Z,07/07 12:18,292,1604,2020-07-07T16:18:00Z,350396,,,24512,,,,,,,,,,,,,,,05,259,5428,350655,5867,350655,,0,29,06c776aa90e5bf7d4483828b63d5dd788631af1f,0,0,0,0,0,
20200706,AR,24253,,320715,,totalTestsViral,344529,337,1575,,,81,245,17834,7/6/2020 15:02,2020-07-06T15:02:00Z,07/06 11:02,292,1575,2020-07-06T15:02:00Z,344529,,,24253,,,,,,,,,,,,,,,05,1044,5031,344968,5636,344968,,6,39,78292a6c2fcd32068f0e51035bf28edc33e06cf2,0,0,0,0,0,
20200705,AR,23209,,315684,,totalTestsViral,338893,285,1536,,,70,240,16726,7/5/2020 00:00,2020-07-05T00:00:00Z,07/04 20:00,286,1536,2020-07-05T00:00:00Z,338893,,,23209,,,,,,,,,,,,,,,05,0,0,338893,0,338893,,0,0,d38949f6225d3ab49035dff1b605b7cdebbcdb99,0,0,0,0,0,
20200704,AR,23209,,315684,,totalTestsViral,338893,285,1536,,,70,240,16726,7/4/2020 00:00,2020-07-04T00:00:00Z,07/03 20:00,286,1536,2020-07-04T00:00:00Z,338893,,,23209,,,,,,,,,,,,,,,05,587,7069,338893,7656,338893,,5,19,9cc6a481563be830d12ebbb60336b8ef2ec9401f,0,0,0,0,0,
20200703,AR,22622,,308615,,totalTestsViral,331237,285,1517,,,70,236,16164,7/3/2020 15:16,2020-07-03T15:16:00Z,07/03 11:16,281,1517,2020-07-03T15:16:00Z,331237,,,22622,,,,,,,,,,,,,,,05,547,6703,331237,7250,331237,,2,40,e43a77c64790cdac651b50219574ffac7eb4cab5,0,0,0,0,0,
20200702,AR,22075,,301912,,totalTestsViral,323987,272,1477,,,72,231,15698,7/2/2020 14:46,2020-07-02T14:46:00Z,07/02 10:46,279,1477,2020-07-02T14:46:00Z,323987,,,22075,,,,,,,,,,,,,,,05,878,8251,323987,9129,323987,,2,29,bf80298a1d6b9b020c30380e0f5c298ad14cbac3,0,0,0,0,0,
20200701,AR,21197,,293661,,totalTestsViral,314858,275,1448,,,72,224,15163,7/1/2020 14:36,2020-07-01T14:36:00Z,07/01 10:36,277,1448,2020-07-01T14:36:00Z,314858,,,21197,,,,,,,,,,,,,,,05,420,3235,314858,3655,314858,,7,35,966a9fa2730a8e164253b370a9d2518d0dd5141a,0,0,0,0,0,
20200630,AR,20777,,290426,,totalTestsViral,311203,290,1413,,,67,220,14531,6/30/2020 15:16,2020-06-30T15:16:00Z,06/30 11:16,270,1413,2020-06-30T15:16:00Z,311203,,,20777,,,,,,,,,,,,,,,05,520,8147,311203,8667,311203,,5,33,b66d800f473d39f8982bcd7ba12860b4e78986b0,0,0,0,0,0,
20200629,AR,20257,,282279,,totalTestsViral,302536,300,1380,,,63,211,14066,6/29/2020 14:36,2020-06-29T14:36:00Z,06/29 10:36,265,1380,2020-06-29T14:36:00Z,302536,,,20257,,,,,,,,,,,,,,,05,947,10367,302536,11314,302536,,6,7,2d9157bbefabe6a7b813425b59e44db15d9a1df2,0,0,0,0,0,
20200628,AR,19310,,271912,,totalTestsViral,291222,278,1373,,,63,210,13270,6/27/2020 19:00,2020-06-27T19:00:00Z,06/27 15:00,259,1373,2020-06-27T19:00:00Z,291222,,,19310,,,,,,,,,,,,,,,05,570,6687,291222,7257,291222,,10,36,1c04c0b30ca50e2738f0255d74b5a4e7291e352c,0,0,0,0,0,
20200627,AR,18740,,265225,,totalTestsViral,283965,284,1337,,,63,206,12784,6/26/2020 14:40,2020-06-26T14:40:00Z,06/26 10:40,249,1337,2020-06-26T14:40:00Z,283965,,,18740,,,,,,,,,,,,,,,05,678,5907,283965,6585,283965,,9,37,1e84821ac917028affd338700924426c2e532f37,0,0,0,0,0,
20200626,AR,18062,,259318,,totalTestsViral,277380,284,1300,,,61,203,12127,6/26/2020 14:40,2020-06-26T14:40:00Z,06/26 10:40,240,1300,2020-06-26T14:40:00Z,277380,,,18740,,,,,,,,,,,,,,,05,0,0,277380,0,277380,,0,55,79f540d551b298cd18a1c901f20d9e1d0e3be94d,0,0,0,0,0,
20200625,AR,18062,,259318,,totalTestsViral,277380,284,1245,,,61,194,12127,6/25/2020 15:20,2020-06-25T15:20:00Z,06/25 11:20,240,1245,2020-06-25T15:20:00Z,277380,,,18062,,,,,,,,,,,,,,,05,687,4827,277380,5514,277380,,0,31,9e722f2b0916e369ea48851e04b07750969cfaea,0,0,0,0,0,
20200624,AR,17375,,254491,,totalTestsViral,271866,267,1214,,,58,189,11568,6/24/2020 15:38,2020-06-24T15:38:00Z,06/24 11:38,240,1214,2020-06-24T15:38:00Z,271866,,,17375,,,,,,,,,,,,,,,05,697,6677,271866,7374,271866,,3,26,15fada3e06ec46e0ad1474b70104df01f7f1c38e,0,0,0,0,0,
20200623,AR,16678,,247814,,totalTestsViral,264492,248,1188,,,57,186,11220,6/23/2020 14:50,2020-06-23T14:50:00Z,06/23 10:50,237,1188,2020-06-23T14:50:00Z,264492,,,16678,,,,,,,,,,,,,,,05,595,7558,264492,8153,264492,,10,24,5a501b95f0432fdedd901c13b74a829bc1555ddc,0,0,0,0,0,
20200622,AR,16083,,240256,,totalTestsViral,256339,237,1164,,,61,186,10793,6/22/2020 14:50,2020-06-22T14:50:00Z,06/22 10:50,227,1164,2020-06-22T14:50:00Z,256339,,,16083,,,,,,,,,,,,,,,05,941,13164,256339,14105,256339,,3,12,88564a3fe7fd033016fdab18851e4ccf4d90bf1e,0,0,0,0,0,
20200621,AR,15142,,227092,,totalTestsViral,242234,240,1152,,,59,184,10082,6/20/2020 19:40,2020-06-20T19:40:00Z,06/20 15:40,224,1152,2020-06-20T19:40:00Z,242234,,,15142,,,,,,,,,,,,,,,05,0,0,242234,0,242234,,0,52,274fe63ecda76d71ea7378bfe6f8cecc66c2fe58,0,0,0,0,0,
20200620,AR,15142,,227092,,totalTestsViral,242234,224,1100,,,53,175,10082,6/20/2020 00:00,2020-06-20T00:00:00Z,06/19 20:00,224,1100,2020-06-20T00:00:00Z,242234,,,15142,,,,,,,,,,,,,,,05,511,6951,242234,7462,242234,,10,0,a1b6e84cd4eb833219efe49012b26207719110cf,0,0,0,0,0,
20200619,AR,14631,,220141,,totalTestsViral,234772,224,1100,,,53,175,9712,6/19/2020 15:40,2020-06-19T15:40:00Z,06/19 11:40,214,1100,2020-06-19T15:40:00Z,234772,,,14631,,,,,,,,,,,,,,,05,703,5635,234772,6338,234772,,6,26,9fed1716bc86cf877fa62f1c7fedc2f39643b560,0,0,0,0,0,
20200618,AR,13928,,214506,,totalTestsViral,228434,226,1074,,,53,173,9376,6/18/2020 15:10,2020-06-18T15:10:00Z,06/18 11:10,208,1074,2020-06-18T15:10:00Z,228434,,,13928,,,,,,,,,,,,,,,05,322,7413,228434,7735,228434,,11,22,e242a20bf1ce626a4448c368d17ebf60f2f47ff8,0,0,0,0,0,
20200617,AR,13606,,207093,,totalTestsViral,220699,217,1052,,,53,168,8996,6/17/2020 15:10,2020-06-17T15:10:00Z,06/17 11:10,197,1052,2020-06-17T15:10:00Z,220699,,,13606,,,,,,,,,,,,,,,05,415,14718,220699,15407,220699,,15,26,9eccb09af2180d6b63eae4894c2798d5750d0232,0,0,0,0,0,
20200616,AR,13191,,192375,,totalTestsViral,205292,214,1026,,,45,165,8352,6/16/2020 15:10,2020-06-16T15:10:00Z,06/16 11:10,182,1026,2020-06-16T15:10:00Z,205292,,,13191,,,,,,,,,,,,,,,05,274,1154,205566,1240,205566,,0,23,609fe119448951e21c000b32a7c39662a1f8a5ab,0,0,0,0,0,
20200615,AR,12917,,191221,,totalTestsViral,204052,206,1003,,,45,163,8352,6/15/2020 00:00,2020-06-15T00:00:00Z,06/14 20:00,182,1003,2020-06-15T00:00:00Z,204052,,,12917,,,,,,,,,,,,,,,05,416,6733,204138,7063,204138,,3,5,a368d15cf2b6d626aed08a6ad3bdd0d6fd8ec263,0,0,0,0,0,
20200614,AR,12501,,184488,,totalTestsViral,196989,204,998,,,46,162,8110,6/14/2020 00:00,2020-06-14T00:00:00Z,06/13 20:00,179,998,2020-06-14T00:00:00Z,196989,,,12501,,,,,,,,,,,,,,,05,954,9018,196989,9972,196989,,3,19,a485ea4a502c08a4c27de278d47f689f05b2ae7f,0,0,0,0,0,
20200613,AR,11547,,175470,,totalTestsViral,187017,203,979,,,49,160,7607,6/13/2020 00:00,2020-06-13T00:00:00Z,06/12 20:00,176,979,2020-06-13T00:00:00Z,187017,,,11547,,,,,,,,,,,,,,,05,0,5895,187017,4372,187017,,0,18,f4d95b7e457fb0db442a1687a3be97b8aa853b13,0,0,0,0,0,
20200612,AR,11547,,169575,,totalTestsViral,182645,203,961,,,49,157,7607,6/12/2020 15:10,2020-06-12T15:10:00Z,06/12 11:10,176,961,2020-06-12T15:10:00Z,182645,,,11547,,,,,,,,,,,,,,,05,731,3726,181122,6428,181122,,5,36,77c98315448c9f796dde2e4db23dc576f212d38a,0,0,0,0,0,
20200611,AR,10816,,165849,,totalTestsViral,176217,187,925,,,45,150,7351,6/11/2020 14:50,2020-06-11T14:50:00Z,06/11 10:50,171,925,2020-06-11T14:50:00Z,176217,,,10816,,,,,,,,,,,,,,,05,448,0,176665,0,176665,,6,24,6ac0d5505fbbe565a8386a41c5c9923c5cf34b44,0,0,0,0,0,
20200610,AR,10368,,165849,,totalTestsViral,176217,181,901,,,49,147,7116,6/10/2020 15:00,2020-06-10T15:00:00Z,06/10 11:00,165,901,2020-06-10T15:00:00Z,176217,,,10368,,,,,,,,,,,,,,,05,288,10148,176217,5697,176217,,4,36,5891636a8441894f65ab587cacae22e26eb0e036,0,0,0,0,0,
20200609,AR,10080,,155701,,totalTestsViral,170520,173,865,,,44,144,6875,6/9/2020 15:00,2020-06-09T15:00:00Z,06/09 11:00,161,865,2020-06-09T15:00:00Z,170520,,,10080,,,,,,,,,,,,,,,05,340,4854,165781,10247,165781,,6,21,85b010f6938bea2ca49d2edbf0fda62069de3eb5,0,0,0,0,0,
20200608,AR,9740,,150847,,totalTestsViral,160273,171,844,,,46,143,6424,6/8/2020 15:10,2020-06-08T15:10:00Z,06/08 11:10,155,844,2020-06-08T15:10:00Z,160273,,,9740,,,,,,,,,,,,,,,05,314,0,160587,0,160587,,1,0,c36636ff2bd67e80249df556cf0a74aae7774f4b,0,0,0,0,0,
20200607,AR,9426,,150847,,totalTestsViral,160273,145,844,,,35,143,6424,6/7/2020 16:10,2020-06-07T16:10:00Z,06/07 12:10,154,844,2020-06-07T16:10:00Z,160273,,,9426,,,,,,,,,,,,,,,05,325,3191,160273,3516,160273,,0,6,ada2a788182e1f58ea75355016478c4c06d7d8d0,0,0,0,0,0,
20200606,AR,9101,,147656,,totalTestsViral,156757,154,838,,,36,142,6266,6/6/2020 15:00,2020-06-06T15:00:00Z,06/06 11:00,154,838,2020-06-06T15:00:00Z,156757,,,9101,,,,,,,,,,,,,,,05,450,8696,156757,5782,156757,,2,46,828247a882173af3b1ba68d8718df6b7b55c429a,0,0,0,0,0,
20200605,AR,8651,,138960,,totalTestsViral,150975,147,792,,,32,138,5919,6/5/2020 00:00,2020-06-05T00:00:00Z,06/04 20:00,152,792,2020-06-05T00:00:00Z,150975,,,8651,,,,,,,,,,,,,,,05,584,4547,147611,3590,147611,,10,35,0d6f0c286ebce038781f45c0fae3e2376258c46c,0,0,0,0,0,
20200604,AR,8067,,134413,,totalTestsViral,147385,138,757,,,30,127,5717,6/4/2020 00:00,2020-06-04T00:00:00Z,06/03 20:00,142,757,2020-06-04T00:00:00Z,147385,,,8067,,,,,,,,,,,,,,,05,0,0,142480,4905,142480,,0,26,6aa5808990e675dfd6d9e6973ee940c10479d839,0,0,0,0,0,
20200603,AR,8067,,134413,,totalTestsViral,142480,132,731,,,31,124,5717,6/3/2020 00:00,2020-06-03T00:00:00Z,06/02 20:00,142,731,2020-06-03T00:00:00Z,142480,,,8067,,,,,,,,,,,,,,,05,624,8620,142480,9244,142480,,9,13,2b5ad249db7ada17351a8a7e41fc41ecece0d6bc,0,0,0,0,0,
20200602,AR,7443,,125793,,totalTestsViral,133236,121,718,,,26,124,5401,6/2/2020 00:00,2020-06-02T00:00:00Z,06/01 20:00,133,718,2020-06-02T00:00:00Z,133236,,,7443,,,,,,,,,,,,,,,05,0,0,133236,0,133236,,0,7,47a4ea0ffe744f28b3309bee138444937e2878fb,0,0,0,0,0,
20200601,AR,7443,,125793,,totalTestsViral,133236,115,711,,,27,123,5401,6/1/2020 00:00,2020-06-01T00:00:00Z,05/31 20:00,133,711,2020-06-01T00:00:00Z,133236,,,7443,,,,,,,,,,,,,,,05,190,3531,133236,3721,133236,,0,0,cd67bc2a007554cf171773eaa8711171641aa397,0,0,0,0,0,
20200531,AR,7253,,122262,,totalTestsViral,129515,115,711,,,27,123,5275,5/30/2020 15:13,2020-05-30T15:13:00Z,05/30 11:13,133,711,2020-05-30T15:13:00Z,129515,,,7253,,,,,,,,,,,,,,,05,240,2778,129515,3018,129515,,0,9,b9817d1f37b40b0fdaba110895c737bc621a890c,0,0,0,0,0,
20200530,AR,7013,,119484,,totalTestsViral,126497,104,702,,,26,123,5166,5/30/2020 15:13,2020-05-30T15:13:00Z,05/30 11:13,133,702,2020-05-30T15:13:00Z,126497,,,7013,,,,,,,,,,,,,,,05,475,6254,126497,6729,126497,,8,35,8e015530bfb8189752c3825e1a2adc54e288abbc,0,0,0,0,0,
20200529,AR,6538,,113230,,totalTestsViral,119768,104,667,,,27,119,4583,5/28/2020 19:50,2020-05-28T19:50:00Z,05/28 15:50,125,667,2020-05-28T19:50:00Z,119768,,,6538,,,,,,,,,,,,,,,05,0,866,119768,1127,119768,,5,27,848c14b84473ea75109b29fb0363795a6c3be5aa,0,0,0,0,0,
20200528,AR,6538,,112364,,totalTestsViral,118641,104,640,,,27,118,4583,5/27/2020 19:30,2020-05-27T19:30:00Z,05/27 15:30,120,640,2020-05-27T19:30:00Z,118641,,,6538,,,,,,,,,,,,,,,05,261,3045,118902,3142,118902,,0,13,e338b04826dd3d3b636bcab12f01029a66c90777,0,0,0,0,0,
20200527,AR,6277,,109319,,totalTestsViral,115499,108,627,,,22,116,4424,5/27/2020 00:00,2020-05-27T00:00:00Z,05/26 20:00,120,627,2020-05-27T00:00:00Z,115499,,,6277,,,,,,,,,,,,,,,05,97,3726,115596,3877,115596,,1,10,f153f0ddf9c906213a3c061b3a59eff307b7e6ab,0,0,0,0,0,
20200526,AR,6180,,105593,,totalTestsViral,111622,107,617,,,18,114,4332,5/26/2020 15:29,2020-05-26T15:29:00Z,05/26 11:29,119,617,2020-05-26T15:29:00Z,111622,,,6180,,,,,,,,,,,,,,,05,151,0,111773,0,111773,,2,12,5c92277075a07cda908af31356cfcaa786ce99a8,0,0,0,0,0,
20200525,AR,6029,,105593,,totalTestsViral,111622,92,605,,,17,111,4249,5/25/2020 00:00,2020-05-25T00:00:00Z,05/24 20:00,117,605,2020-05-25T00:00:00Z,111622,,,6029,,,,,,,,,,,,,,,05,107,2934,111622,3041,111622,,1,7,980436ad6887218ee9d75252030c9c77ba093e99,0,0,0,0,0,
20200524,AR,5922,,102659,,totalTestsViral,108581,86,598,,,17,111,4148,5/24/2020 00:00,2020-05-24T00:00:00Z,05/23 20:00,116,598,2020-05-24T00:00:00Z,108581,,,5922,,,,,,,,,,,,,,,05,310,5224,108581,5534,108581,,3,8,dc0c3fb75b8056805a11a6852bcb80962d7609e6,0,0,0,0,0,
20200523,AR,5612,,97435,,totalTestsViral,103047,81,590,,,14,111,4029,5/23/2020 00:00,2020-05-23T00:00:00Z,05/22 20:00,113,590,2020-05-23T00:00:00Z,103047,,,5612,,,,,,,,,,,,,,,05,0,0,103047,0,103047,,0,6,6760d0d5efb7c9dc33d6ee091724dfcd7f321dc1,0,0,0,0,0,
20200522,AR,5612,,97435,,totalTestsViral,103047,86,584,,,14,110,4029,5/22/2020 00:00,2020-05-22T00:00:00Z,05/21 20:00,113,584,2020-05-22T00:00:00Z,103047,,,5612,,,,,,,,,,,,,,,05,154,3617,103047,3771,103047,,3,49,ac880b747dfc7d72cd68e6027b20c068385fafa7,0,0,0,0,0,
20200521,AR,5458,,93818,,totalTestsViral,99276,78,535,,,14,101,3915,5/21/2020 00:00,2020-05-21T00:00:00Z,05/20 20:00,110,535,2020-05-21T00:00:00Z,99276,,,5458,,,,,,,,,,,,,,,05,455,2563,99276,3018,99276,,3,0,736713e33bef8693c46e4adc9fa01c024e3ddaa9,0,0,0,0,0,
20200520,AR,5003,,91255,,totalTestsViral,96258,78,535,,,14,101,3852,5/20/2020 00:00,2020-05-20T00:00:00Z,05/19 20:00,107,535,2020-05-20T00:00:00Z,96258,,,5003,,,,,,,,,,,,,,,05,80,2477,96258,2557,96258,,5,0,971c5f130523c51bf73cce0756b836c616249a09,0,0,0,0,0,
20200519,AR,4923,,88778,,totalTestsViral,93701,78,535,,,14,101,3739,5/19/2020 00:00,2020-05-19T00:00:00Z,05/18 20:00,102,535,2020-05-19T00:00:00Z,93701,,,4923,,,,,,,,,,,,,,,05,110,8352,93701,8516,93701,,2,5,de8ff7d881fb8b488c7d09760cb319a13eef8b3b,0,0,0,0,0,
20200518,AR,4813,,80426,,totalTestsViral,85185,77,530,,,12,101,3645,5/18/2020 00:00,2020-05-18T00:00:00Z,05/17 20:00,100,530,2020-05-18T00:00:00Z,85185,,,4813,,,,,,,,,,,,,,,05,54,0,85239,0,85239,,2,10,f58f09e2bb3cedf2c82399ca93f82d60607d0499,0,0,0,0,0,
20200517,AR,4759,,80426,,totalTestsViral,85185,65,520,,,9,101,3590,5/17/2020 00:00,2020-05-17T00:00:00Z,05/16 20:00,98,520,2020-05-17T00:00:00Z,85185,,,4759,,,,,,,,,,,,,,,05,181,3360,85185,3656,85185,,0,0,5f961869969daf8f1c922a6f469ca81c8a35d1a4,0,0,0,0,0,
20200516,AR,4578,,77066,,totalTestsViral,81529,65,520,,,10,101,3472,5/15/2020 16:20,2020-05-15T16:20:00Z,05/15 12:20,98,520,2020-05-15T16:20:00Z,81529,,,4578,,,,,,,,,,,,,,,05,115,0,81644,0,81644,,0,0,f5b58b39216821a1b674ce4199ce2dfb237b12ce,0,0,0,0,0,
20200515,AR,4463,,77066,,totalTestsViral,81529,65,520,,,9,101,3390,5/15/2020 16:20,2020-05-15T16:20:00Z,05/15 12:20,98,520,2020-05-15T16:20:00Z,81529,,,4463,,,,,,,,,,,,,,,05,227,5484,81529,5711,81529,,1,11,77e6946701c3e280b115bac468a400fd3ce5333b,0,0,0,0,0,
20200514,AR,4236,,71582,,totalTestsViral,75818,64,509,,,13,100,3277,5/14/2020 08:20,2020-05-14T08:20:00Z,05/14 04:20,97,509,2020-05-14T08:20:00Z,75818,,,4236,,,,,,,,,,,,,,,05,72,2531,75818,2603,75818,,2,12,6c8684992c06d4e524b601dafed2539b53610ed1,0,0,0,0,0,
20200513,AR,4164,,69051,,totalTestsViral,73215,59,497,,,12,99,3220,5/12/2020 18:33,2020-05-12T18:33:00Z,05/12 14:33,95,497,2020-05-12T18:33:00Z,73215,,,4164,,,,,,,,,,,,,,,05,0,2771,73215,2771,73215,,0,12,6939398a61d5d2c43b44311fcd9bc8e3ea629f0a,0,0,0,0,0,
20200512,AR,4164,,66280,,totalTestsViral,70444,59,485,,,12,98,3220,5/11/2020 18:55,2020-05-11T18:55:00Z,05/11 14:55,95,485,2020-05-11T18:55:00Z,70444,,,4164,,,,,,,,,,,,,,,05,130,1284,70444,1414,70444,,1,5,e061af36953488b680deab0ae4378e74be8fe6a1,0,0,0,0,0,
20200511,AR,4034,,64996,,totalTestsViral,69030,61,480,,,11,98,3149,5/10/2020 19:05,2020-05-10T19:05:00Z,05/10 15:05,94,480,2020-05-10T19:05:00Z,69030,,,4034,,,,,,,,,,,,,,,05,287,3215,69030,3502,69030,,6,9,75a8b8105344a7bca4fbfde3937403a4157b7a74,0,0,0,0,0,
20200510,AR,3747,,61781,,totalTestsViral,65528,64,471,,,14,96,2968,5/10/2020 10:15,2020-05-10T10:15:00Z,05/10 06:15,88,471,2020-05-10T10:15:00Z,65528,,,3747,,,,,,,,,,,,,,,05,0,0,65528,0,65528,,0,0,16a4a3bb24a412fb4178a18ef2772cd097f359c8,0,0,0,0,0,
20200509,AR,3747,,61781,,totalTestsViral,65528,64,471,,,14,96,2968,5/9/2020 10:15,2020-05-09T10:15:00Z,05/09 06:15,88,471,2020-05-09T10:15:00Z,65528,,,3747,,,,,,,,,,,,,,,05,53,1481,65528,1534,65528,,0,5,e504655debbc1e2748b84d0b18830171c1a166de,0,0,0,0,0,
20200508,AR,3694,,60300,,totalTestsViral,63994,70,466,,,14,93,2159,5/8/2020 08:15,2020-05-08T08:15:00Z,05/08 04:15,88,466,2020-05-08T08:15:00Z,63994,,,3694,,,,,,,,,,,,,,,05,83,3916,63994,3999,63994,,1,4,d103f2adcf55fa20c2ac2932eaee40f53f1f5a3c,0,0,0,0,0,
20200507,AR,3611,,56384,,totalTestsViral,59995,69,462,,,14,93,2123,5/7/2020 09:43,2020-05-07T09:43:00Z,05/07 05:43,87,462,2020-05-07T09:43:00Z,59995,,,3611,,,,,,,,,,,,,,,05,43,949,59995,992,59995,,2,9,792e45f95ede87b66435892c36541a7187394404,0,0,0,0,0,
20200506,AR,3568,,55435,,totalTestsViral,59003,69,453,,,14,89,2109,5/6/2020 14:42,2020-05-06T14:42:00Z,05/06 10:42,85,453,2020-05-06T14:42:00Z,59003,,,3568,,,,,,,,,,,,,,,05,72,4296,59003,4368,59003,,2,0,288bf892bdf0512d9b6a5d23014c93d93b783a67,0,0,0,0,0,
20200505,AR,3496,,51139,,totalTestsViral,54635,89,453,,,16,89,2041,5/5/2020 16:10,2020-05-05T16:10:00Z,05/05 12:10,83,453,2020-05-05T16:10:00Z,54635,,,3496,,,,,,,,,,,,,,,05,38,155,54635,193,54635,,2,15,e7b879b7722f4ab7b2ad882622181655cc1dee06,0,0,0,0,0,
20200504,AR,3458,,50984,,totalTestsViral,54442,91,438,,,16,88,2016,5/3/2020 15:40,2020-05-03T15:40:00Z,05/03 11:40,81,438,2020-05-03T15:40:00Z,54442,,,3458,,,,,,,,,,,,,,,05,27,1525,54442,1552,54442,,5,11,fe38774e6b752007042dfa6aab8bfd2063059d5a,0,0,0,0,0,
20200503,AR,3431,,49459,,totalTestsViral,52890,100,427,,,20,88,1999,5/3/2020 13:30,2020-05-03T13:30:00Z,05/03 09:30,76,427,2020-05-03T13:30:00Z,52890,,,3431,,,,,,,,,,,,,,,05,59,1249,52890,1308,52890,,3,13,6691244ee7989fefd97d9f14d0ef2cb0b627f6a7,0,0,0,0,0,
20200502,AR,3372,,48210,,totalTestsViral,51582,95,414,,,20,85,1987,5/2/2020 14:47,2020-05-02T14:47:00Z,05/02 10:47,73,414,2020-05-02T14:47:00Z,51582,,,3372,,,,,,,,,,,,,,,05,51,1855,51582,1906,51582,,9,0,4655bbf482bbbec3f58ec21552889fd749cf9043,0,0,0,0,0,
20200501,AR,3321,,46355,,totalTestsViral,49676,95,414,,,23,85,1973,5/1/2020 14:50,2020-05-01T14:50:00Z,05/01 10:50,64,414,2020-05-01T14:50:00Z,49676,,,3321,,,,,,,,,,,,,,,05,66,1231,49676,1297,49676,,3,12,b56f41bb7bc866700f3cf6b6bee8300db7468e63,0,0,0,0,0,
20200430,AR,3255,,45124,,totalTestsViral,48379,95,402,,,23,85,1305,4/30/2020 14:49,2020-04-30T14:49:00Z,04/30 10:49,61,402,2020-04-30T14:49:00Z,48379,,,3255,,,,,,,,,,,,,,,05,63,2867,48379,2930,48379,,2,13,6aff65d03569ec306b83fa034c3ae9cd5816d61f,0,0,0,0,0,
20200429,AR,3192,,42257,,totalTestsViral,45449,93,389,,,18,82,1249,4/29/2020 09:00,2020-04-29T09:00:00Z,04/29 05:00,59,389,2020-04-29T09:00:00Z,45449,,,3192,,,,,,,,,,,,,,,05,81,4697,45449,4778,45449,,7,98,fd356563522bf14a1ae756f1a1f5b0ee3eb82624,0,0,0,0,0,
20200428,AR,3111,,37560,,totalTestsViral,40671,104,291,,,20,57,1146,4/28/2020 09:00,2020-04-28T09:00:00Z,04/28 05:00,52,291,2020-04-28T09:00:00Z,40671,,,3111,,,,,,,,,,,,,,,05,94,120,40671,214,40671,,2,0,6d8186dd891e4b2a02d150ca312070bb8355c688,0,0,0,0,0,
20200427,AR,3017,,37440,,totalTestsViral,40457,109,291,,,25,57,987,4/27/2020 15:00,2020-04-27T15:00:00Z,04/27 11:00,50,291,2020-04-27T15:00:00Z,40457,,,3017,,,,,,,,,,,,,,,05,76,912,40457,988,40457,,1,0,eee88418f56bd57412fa98878b52d73dc7a7274e,0,0,0,0,0,
20200426,AR,2941,,36528,,totalTestsViral,39469,104,291,,,25,57,985,4/26/2020 10:00,2020-04-26T10:00:00Z,04/26 06:00,49,291,2020-04-26T10:00:00Z,39469,,,2941,,,,,,,,,,,,,,,05,112,1304,39469,1416,39469,,2,0,9488e6a216984f88b52c709f61f0638a60125f71,0,0,0,0,0,
20200425,AR,2829,,35224,,totalTestsViral,38053,104,291,,,25,57,964,4/25/2020 10:47,2020-04-25T10:47:00Z,04/25 06:47,47,291,2020-04-25T10:47:00Z,38053,,,2829,,,,,,,,,,,,,,,05,88,2387,38053,2475,38053,,2,0,739ec657669823bae9106d0b25256ce2cd523d9c,0,0,0,0,0,
20200424,AR,2741,,32837,,totalTestsViral,35578,101,291,,,24,57,929,4/24/2020 10:47,2020-04-24T10:47:00Z,04/24 06:47,45,291,2020-04-24T10:47:00Z,35578,,,2741,,,,,,,,,,,,,,,05,276,3712,35578,3988,35578,,0,0,6bb745c1cf13b97d3bc485a94054ba4f7b8a696f,0,0,0,0,0,
20200423,AR,2465,,29125,,totalTestsViral,31590,101,291,,,24,57,902,4/23/2020 14:48,2020-04-23T14:48:00Z,04/23 10:48,45,291,2020-04-23T14:48:00Z,31590,,,2465,,,,,,,,,,,,,,,05,189,1688,31590,1877,31590,,3,0,f33398a7f3070ef352882ff86fa1624b02eca5bb,0,0,0,0,0,
20200422,AR,2276,,27437,,totalTestsViral,29713,97,291,,,23,57,863,4/22/2020 16:01,2020-04-22T16:01:00Z,04/22 12:01,42,291,2020-04-22T16:01:00Z,29713,,,2276,,,,,,,,,,,,,,,05,49,2223,29713,2272,29713,,-1,0,4e2ca4c058b069a54e12873648fe3a8650025f60,0,0,0,0,0,
20200421,AR,2227,,25214,,totalTestsViral,27441,86,291,,,27,57,809,4/21/2020 00:00,2020-04-21T00:00:00Z,04/20 20:00,43,291,2020-04-21T00:00:00Z,27441,,,2227,,,,,,,,,,,,,,,05,304,584,27441,888,27441,,1,0,4e0ed8fbac208f53f321c04432d0607be518e3ba,0,0,0,0,0,
20200420,AR,1923,,24630,,totalTestsViral,26553,93,291,,,24,57,749,4/20/2020 14:30,2020-04-20T14:30:00Z,04/20 10:30,42,291,2020-04-20T14:30:00Z,26553,,,1923,,,,,,,,,,,,,,,05,142,2202,26553,2344,26553,,2,0,4e93255cd77da1c70e7afeb639aa5debbca1975d,0,0,0,0,0,
20200419,AR,1781,,22428,,totalTestsViral,24209,88,291,,,25,57,721,4/19/2020 18:47,2020-04-19T18:47:00Z,04/19 14:47,40,291,2020-04-19T18:47:00Z,24209,,,1781,,,,,,,,,,,,,,,05,42,26,24209,68,24209,,2,0,0a367bdbc9152e81d706085f096a3a99dfa9e94c,0,0,0,0,0,
20200418,AR,1739,,22402,,totalTestsViral,24141,86,291,,,22,57,703,4/17/2020 19:00,2020-04-17T19:00:00Z,04/17 15:00,38,291,2020-04-17T19:00:00Z,24141,,,1739,,,,,,,,,,,,,,,05,44,603,24141,647,24141,,1,161,1372dbbe06f701140be51fe7ef62525d525f6f00,0,0,0,0,0,
20200417,AR,1695,,21799,,totalTestsViral,23494,83,130,,,21,39,593,4/17/2020 19:00,2020-04-17T19:00:00Z,04/17 15:00,37,130,2020-04-17T19:00:00Z,23494,,,1695,,,,,,,,,,,,,,,05,75,744,23494,819,23494,,0,0,5b6d15e8cfbad84bbdbccf7576a3a293c3f64a4c,0,0,0,0,0,
20200416,AR,1620,,21055,,totalTestsViral,22675,85,130,,,21,39,548,4/16/2020 14:45,2020-04-16T14:45:00Z,04/16 10:45,37,130,2020-04-16T14:45:00Z,22675,,,1620,,,,,,,,,,,,,,,05,51,790,22675,841,22675,,4,0,5296540ea6a04f1b1fe1c17ad91fe46ec2b4f733,0,0,0,0,0,
20200415,AR,1569,,20265,,totalTestsViral,21834,83,130,,43,26,39,489,4/15/2020 14:45,2020-04-15T14:45:00Z,04/15 10:45,33,130,2020-04-15T14:45:00Z,21834,,,1569,,,,,,,,,,,,,,,05,89,614,21834,703,21834,,3,0,1600d260c6421727db05fa0aa9f0f6bf0335cca8,0,0,0,0,0,
20200414,AR,1480,,19651,,totalTestsViral,21131,81,130,,43,29,39,427,4/14/2020 14:46,2020-04-14T14:46:00Z,04/14 10:46,30,130,2020-04-14T14:46:00Z,21131,,,1480,,,,,,,,,,,,,,,05,70,257,21131,327,21131,,0,0,78b32f0939b372bff4e16352b21d2bc60c4bc822,0,0,0,0,0,
20200413,AR,1410,,19394,,totalTestsViral,20804,74,130,,43,28,39,391,4/13/2020 13:33,2020-04-13T13:33:00Z,04/13 09:33,30,130,2020-04-13T13:33:00Z,20804,,,1410,,,,,,,,,,,,,,,05,130,952,20804,1082,20804,,3,0,693a78c2d78f825e578e0801629abbb81fecff17,0,0,0,0,0,
20200412,AR,1280,,18442,,totalTestsViral,19722,74,130,,43,30,39,367,4/12/2020 11:33,2020-04-12T11:33:00Z,04/12 07:33,27,130,2020-04-12T11:33:00Z,19722,,,1280,,,,,,,,,,,,,,,05,54,1090,19722,1144,19722,,3,0,cbf9b67019ad4d0b4c1c6ef6e18b761564b690ac,0,0,0,0,0,
20200411,AR,1226,,17352,,totalTestsViral,18578,86,130,,43,33,39,340,4/11/2020 13:20,2020-04-11T13:20:00Z,04/11 09:20,24,130,2020-04-11T13:20:00Z,18578,,,1226,,,,,,,,,,,,,,,05,55,1403,18578,1458,18578,,1,0,e8da130e6d89b4d54e0c573456f62a82ab987d45,0,0,0,0,0,
20200410,AR,1171,,15949,,totalTestsViral,17120,86,130,,43,33,39,312,4/10/2020 14:36,2020-04-10T14:36:00Z,04/10 10:36,23,130,2020-04-10T14:36:00Z,17120,,,1171,,,,,,,,,,,,,,,05,52,2117,17120,2169,17120,,2,0,342dea04cdc86e90a49011e4a061d0c2fab0917a,0,0,0,0,0,
20200409,AR,1119,,13832,,totalTestsViral,14951,73,130,,43,31,39,288,4/9/2020 14:35,2020-04-09T14:35:00Z,04/09 10:35,21,130,2020-04-09T14:35:00Z,14951,,,1119,,,,,,,,,,,,,,,05,119,302,14951,421,14951,,3,0,dfc4b246e9c2a6d175f9f450c992d90bdf607ccf,0,0,0,0,0,
20200408,AR,1000,,13530,,totalTestsViral,14530,76,130,,43,30,39,208,4/8/2020 14:35,2020-04-08T14:35:00Z,04/08 10:35,18,130,2020-04-08T14:35:00Z,14530,,,1000,,,,,,,,,,,,,,,05,54,838,14530,892,14530,,2,-18,9b9c9a48feb921b36da382254e645307aeee0989,0,0,0,0,0,
20200407,AR,946,,12692,,totalTestsViral,13638,74,148,,,26,43,142,4/7/2020 14:41,2020-04-07T14:41:00Z,04/07 10:41,16,148,2020-04-07T14:41:00Z,13638,,,946,,,,,,,,,,,,,,,05,71,722,13638,793,13638,,0,11,bd2f07d3cb4ac503d336e6193b8c9a8dea014813,0,0,0,0,0,
20200406,AR,875,,11970,,totalTestsViral,12845,74,137,,,22,39,102,4/6/2020 14:35,2020-04-06T14:35:00Z,04/06 10:35,16,137,2020-04-06T14:35:00Z,12845,,,875,,,,,,,,,,,,,,,05,45,1558,12845,1603,12845,,0,7,18a2f7d1a9866fb3e7a4254bd45e1a7017fb7f2d,0,0,0,0,0,
20200405,AR,830,,10412,,totalTestsViral,11242,67,130,,,27,39,97,4/5/2020 14:34,2020-04-05T14:34:00Z,04/05 10:34,16,130,2020-04-05T14:34:00Z,11242,,,830,,,,,,,,,,,,,,,05,87,785,11242,872,11242,,2,24,b31f75624d4f53d4b8e81eaa496ee0abf74dc481,0,0,0,0,0,
20200404,AR,743,,9627,,totalTestsViral,10370,72,106,,,23,39,79,4/4/2020 00:00,2020-04-04T00:00:00Z,04/03 20:00,14,106,2020-04-04T00:00:00Z,10370,,,743,,,,,,,,,,,,,,,05,39,632,10370,671,10370,,2,1,fdbeda78b5ca1b624246a22be1cf595d73e84ba2,0,0,0,0,0,
20200403,AR,704,,8995,,totalTestsViral,9699,71,105,,,26,39,60,4/3/2020 16:21,2020-04-03T16:21:00Z,04/03 12:21,12,105,2020-04-03T16:21:00Z,9699,,,704,,,,,,,,,,,,,,,05,61,1115,9699,1176,9699,,0,5,e6ec3b56c0f78009e3cb7ab3e8d4c3aed4a9dff7,0,0,0,0,0,
20200402,AR,643,,7880,,totalTestsViral,8523,66,100,,,23,32,47,4/2/2020 14:45,2020-04-02T14:45:00Z,04/02 10:45,12,100,2020-04-02T14:45:00Z,8523,,,643,,,,,,,,,,,,,,,05,59,526,8523,585,8523,,2,10,859144b8bb24677da87847eacb19ae5bf8479bf0,0,0,0,0,0,
20200401,AR,584,,7354,,totalTestsViral,7938,56,90,,,25,32,42,4/1/2020 13:26,2020-04-01T13:26:00Z,04/01 09:26,10,90,2020-04-01T13:26:00Z,7938,,,584,,,,,,,,,,,,,,,05,61,1395,7938,1456,7938,,2,90,290f03e2680e1562510bfce0b55f899dfcd995d2,0,0,0,0,0,
20200331,AR,523,,5959,,totalTestsViral,6482,64,,,,23,,35,3/31/2020 14:59,2020-03-31T14:59:00Z,03/31 10:59,8,,2020-03-31T14:59:00Z,6482,,,523,,,,,,,,,,,,,,,05,50,697,6482,747,6482,,1,0,e07857273671240c19cb318f949dcf91401ee6d8,0,0,0,0,0,
20200330,AR,473,,5262,,totalTestsViral,5735,62,,,,21,,29,3/30/2020 15:42,2020-03-30T15:42:00Z,03/30 11:42,7,,2020-03-30T15:42:00Z,5735,,,473,,,,,,,,,,,,,,,05,47,2235,5735,2282,5735,,1,0,3a7b16230f8cab84fa94739a117c9e271654031c,0,0,0,0,0,
20200329,AR,426,,3027,,totalTestsViral,3453,43,,,,16,,28,3/29/2020 11:10,2020-03-29T11:10:00Z,03/29 07:10,6,,2020-03-29T11:10:00Z,3453,,,426,,,,,,,,,,,,,,,05,22,89,3453,111,3453,,1,0,cdbfd97dedb8ce086c2df3de6539f6b27d9cd063,0,0,0,0,0,
20200328,AR,404,,2938,,totalTestsViral,3342,48,,,,17,,24,3/28/2020 00:00,2020-03-28T00:00:00Z,03/27 20:00,5,,2020-03-28T00:00:00Z,3342,,,404,,,,,,,,,,,,,,,05,23,1393,3342,1416,3342,,2,0,714056361d3338cc355fad6ae4e7e7c1e7c6bdb9,0,0,0,0,0,
20200327,AR,381,,1545,,totalTestsViral,1926,48,,,,17,,19,3/27/2020 14:05,2020-03-27T14:05:00Z,03/27 10:05,3,,2020-03-27T14:05:00Z,1926,,,381,,,,,,,,,,,,,,,05,46,41,1926,87,1926,,0,0,06baae123188930ddc9dd5837c815aaeb0c9a33e,0,0,0,0,0,
20200326,AR,335,,1504,,totalTestsViral,1839,41,,,,13,,13,3/26/2020 00:00,2020-03-26T00:00:00Z,03/25 20:00,3,,2020-03-26T00:00:00Z,1839,,,335,,,,,,,,,,,,,,,05,55,67,1839,122,1839,,1,0,15efd4013496de0c93b111823c794c449faafe20,0,0,0,0,0,
20200325,AR,280,,1437,,totalTestsViral,1717,22,,,,4,,11,3/25/2020 09:19,2020-03-25T09:19:00Z,03/25 05:19,2,,2020-03-25T09:19:00Z,1717,,,280,,,,,,,,,,,,,,,05,62,490,1717,552,1717,,2,0,77c8dc4d82014aeee9bc68cdf23d21fb1da00c6f,0,0,0,0,0,
20200324,AR,218,,947,,totalTestsViral,1165,22,,,,,,,3/24/2020 00:00,2020-03-24T00:00:00Z,03/23 20:00,0,,2020-03-24T00:00:00Z,1165,,,218,,,,,,,,,,,,,,,05,44,41,1165,85,1165,,0,0,a905588e1b57747117eb2b5982ac22412ae1d33a,0,0,0,0,0,
20200323,AR,174,,906,,totalTestsViral,1080,13,,,,,,,3/23/2020 00:00,2020-03-23T00:00:00Z,03/22 20:00,0,,2020-03-23T00:00:00Z,1080,,,174,,,,,,,,,,,,,,,05,9,195,1080,204,1080,,0,0,aca7b95dcd5ab8b847d0c41f7a6d2287c9d37e60,0,0,0,0,0,
20200322,AR,165,,711,119,totalTestsViral,876,13,,,,,,,3/22/2020 13:45,2020-03-22T13:45:00Z,03/22 09:45,0,,2020-03-22T13:45:00Z,876,,,165,,,,,,,,,,,,,,,05,47,144,995,191,876,,0,0,6190e3fdedcf71e4c00ba1bd2a2b52da3e4ad7c1,0,0,0,0,0,
20200321,AR,118,,567,154,totalTestsViral,685,,,,,,,,3/21/2020 13:47,2020-03-21T13:47:00Z,03/21 09:47,,,2020-03-21T13:47:00Z,685,,,118,,,,,,,,,,,,,,,05,22,216,839,238,685,,0,0,5650b2979851d72cf631227e4921f8a0d59bc23e,0,0,0,0,0,
20200320,AR,96,,351,203,totalTestsViral,447,,,,,,,,3/20/2020 14:19,2020-03-20T14:19:00Z,03/20 10:19,,,2020-03-20T14:19:00Z,447,,,96,,,,,,,,,,,,,,,05,50,41,650,91,447,,0,0,313dd5e81c4c03f0d2870c8740fc6ef7aada54b4,0,0,0,0,0,
20200319,AR,46,,310,113,totalTestsViral,356,,,,,,,,3/19/2020 11:23,2020-03-19T11:23:00Z,03/19 07:23,,,2020-03-19T11:23:00Z,356,,,46,,,,,,,,,,,,,,,05,13,74,469,87,356,,0,0,301321a2ac2b5071242f05dfcc0e7d548b8e3857,0,0,0,0,0,
20200318,AR,33,,236,50,totalTestsViral,269,,,,,,,,3/18/2020 00:00,2020-03-18T00:00:00Z,03/17 20:00,,,2020-03-18T00:00:00Z,269,,,33,,,,,,,,,,,,,,,05,11,39,319,50,269,,0,0,3d8cdafaca22effbcda942c561108624851d0a04,0,0,0,0,0,
20200317,AR,22,,197,41,totalTestsViral,219,,,,,,,,3/17/2020 00:00,2020-03-17T00:00:00Z,03/16 20:00,,,2020-03-17T00:00:00Z,219,,,22,,,,,,,,,,,,,,,05,0,65,260,65,219,,0,0,265b21cadcebc94c105e465a9bf124a09c5ab158,0,0,0,0,0,
20200316,AR,22,,132,14,totalTestsViral,154,,,,,,,,3/16/2020 15:08,2020-03-16T15:08:00Z,03/16 11:08,,,2020-03-16T15:08:00Z,154,,,22,,,,,,,,,,,,,,,05,6,29,168,35,154,,0,0,6b127c358fc8ba4d2f37bb6af0294875276da458,0,0,0,0,0,
20200315,AR,16,,103,30,totalTestsViral,119,,,,,,,,3/15/2020 00:00,2020-03-15T00:00:00Z,03/14 20:00,,,2020-03-15T00:00:00Z,119,,,16,,,,,,,,,,,,,,,05,4,38,149,42,119,,0,0,873aece322d901cf5d1e799b2df6fd62acafd0f8,0,0,0,0,0,
20200314,AR,12,,65,26,totalTestsViral,77,,,,,,,,3/13/2020 00:00,2020-03-13T00:00:00Z,03/12 20:00,,,2020-03-13T00:00:00Z,77,,,12,,,,,,,,,,,,,,,05,3,35,103,38,77,,0,0,6828f480ff8b2865d55a8b8a4ad4a7ae2520d0c4,0,0,0,0,0,
20200313,AR,9,,30,22,totalTestsViral,39,,,,,,,,3/13/2020 00:00,2020-03-13T00:00:00Z,03/12 20:00,,,2020-03-13T00:00:00Z,39,,,9,,,,,,,,,,,,,,,05,3,6,61,9,39,,0,0,3b850e10e4375886dc3ce229481d5236ec2a7d36,0,0,0,0,0,
20200312,AR,6,,24,20,totalTestsViral,30,,,,,,,,3/11/2020 00:00,2020-03-11T00:00:00Z,03/10 20:00,,,2020-03-11T00:00:00Z,30,,,6,,,,,,,,,,,,,,,05,6,12,50,18,30,,0,0,40ea3bf88ff82f99668c6cb1f0dc827107a4b7f8,0,0,0,0,0,
20200311,AR,0,,12,14,totalTestsViral,12,,,,,,,,,,,,,,12,,,0,,,,,,,,,,,,,,,05,0,0,26,0,12,,0,0,03a34942cc2ed1994a2875744a2e014b64cd2f29,0,0,0,0,0,
20200310,AR,0,,12,3,totalTestsViral,12,,,,,,,,,,,,,,12,,,0,,,,,,,,,,,,,,,05,0,0,15,0,12,,0,0,e1a7321c480bb7bb1258019b9a2bdfaf8e69e535,0,0,0,0,0,
20200309,AR,0,,12,0,totalTestsViral,12,,,,,,,,,,,,,,12,,,0,,,,,,,,,,,,,,,05,0,6,12,6,12,,0,0,85758d2055edcce9b86a0687c4f13a85e9c1f9ac,0,0,0,0,0,
20200308,AR,0,,6,0,totalTestsViral,6,,,,,,,,,,,,,,6,,,0,,,,,,,,,,,,,,,05,0,0,6,0,6,,0,0,962519f414acf2a768ce55d28339d16f34e687bc,0,0,0,0,0,
20200307,AR,0,,6,0,totalTestsViral,6,,,,,,,,,,,,,,6,,,0,,,,,,,,,,,,,,,05,0,0,6,0,6,,0,0,484529df74f96b603d12af243b5940d553e3bec1,0,0,0,0,0,
20200306,AR,0,,6,0,totalTestsViral,6,,,,,,,,,,,,,,6,,,0,,,,,,,,,,,,,,,05,0,0,6,0,6,,0,0,8877c8e870acf871ba0f457cc9fe4060ef49a591,0,0,0,0,0,
