date,state,positive,probableCases,negative,pending,totalTestResultsSource,totalTestResults,hospitalizedCurrently,hospitalizedCumulative,inIcuCurrently,inIcuCumulative,onVentilatorCurrently,onVentilatorCumulative,recovered,lastUpdateEt,dateModified,checkTimeEt,death,hospitalized,hospitalizedDischarged,dateChecked,totalTestsViral,positiveTestsViral,negativeTestsViral,positiveCasesViral,deathConfirmed,deathProbable,totalTestEncountersViral,totalTestsPeopleViral,totalTestsAntibody,positiveTestsAntibody,negativeTestsAntibody,totalTestsPeopleAntibody,positiveTestsPeopleAntibody,negativeTestsPeopleAntibody,totalTestsPeopleAntigen,positiveTestsPeopleAntigen,totalTestsAntigen,positiveTestsAntigen,fips,positiveIncrease,negativeIncrease,total,totalTestResultsIncrease,posNeg,dataQualityGrade,deathIncrease,hospitalizedIncrease,hash,commercialScore,negativeRegularScore,negativeScore,positiveScore,score,grade
20210303,IL,1191520,,17124002,,totalTestsViral,18315522,1260,,275,,138,,,3/3/2021 00:00,2021-03-03T00:00:00Z,03/02 19:00,22853,,,2021-03-03T00:00:00Z,18315522,,,,20626,2227,,,,,,,,,,,,,17,2104,78750,18315522,80854,18315522,,50,0,f49483a7353a21320924465feb5592e9637368df,0,0,0,0,0,
20210302,IL,1189416,,17045252,,totalTestsViral,18234668,1231,,281,,148,,,3/2/2021 00:00,2021-03-02T00:00:00Z,03/01 19:00,22803,,,2021-03-02T00:00:00Z,18234668,,,,20583,2220,,,,,,,,,,,,,17,1577,54604,18234668,56181,18234668,,44,0,33f46bcf9dc0b313bee3b7f3fce859fab02dddb9,0,0,0,0,0,
20210301,IL,1187839,,16990648,,totalTestsViral,18178487,1288,,308,,148,,,3/1/2021 00:00,2021-03-01T00:00:00Z,02/28 19:00,22759,,,2021-03-01T00:00:00Z,18178487,,,,20536,2223,,,,,,,,,,,,,17,1143,41091,18178487,42234,18178487,,24,0,50a8a8101184611f7f8911c4560a99ea88685ffe,0,0,0,0,0,
20210228,IL,1186696,,16949557,,totalTestsViral,18136253,1265,,303,,150,,,2/28/2021 00:00,2021-02-28T00:00:00Z,02/27 19:00,22735,,,2021-02-28T00:00:00Z,18136253,,,,20516,2219,,,,,,,,,,,,,17,1249,65251,18136253,66500,18136253,,25,0,4efacf346d3c0437d7d312519c16c6f715c55466,0,0,0,0,0,
20210227,IL,1185447,,16884306,,totalTestsViral,18069753,1353,,312,,160,,,2/27/2021 00:00,2021-02-27T00:00:00Z,02/26 19:00,22710,,,2021-02-27T00:00:00Z,18069753,,,,20494,2216,,,,,,,,,,,,,17,1780,79888,18069753,81668,18069753,,35,0,b69cb1a01749527c0270ace264c8e9200e40b461,0,0,0,0,0,
20210226,IL,1183667,,16804418,,totalTestsViral,17988085,1393,,336,,174,,,2/26/2021 00:00,2021-02-26T00:00:00Z,02/25 19:00,22675,,,2021-02-26T00:00:00Z,17988085,,,,20460,2215,,,,,,,,,,,,,17,2441,89815,17988085,92256,17988085,,68,0,a35bf69f443e2145ad4e4642014763ee3ba721a9,0,0,0,0,0,
20210225,IL,1181226,,16714603,,totalTestsViral,17895829,1463,,334,,168,,,2/25/2021 00:00,2021-02-25T00:00:00Z,02/24 19:00,22607,,,2021-02-25T00:00:00Z,17895829,,,,20406,2201,,,,,,,,,,,,,17,1884,89408,17895829,91292,17895829,,32,0,7c4a99d5d7a9448ed7b5605ec4a1be2077972b10,0,0,0,0,0,
20210224,IL,1179342,,16625195,,totalTestsViral,17804537,1511,,338,,172,,,2/24/2021 00:00,2021-02-24T00:00:00Z,02/23 19:00,22575,,,2021-02-24T00:00:00Z,17804537,,,,20374,2201,,,,,,,,,,,,,17,2022,80954,17804537,82976,17804537,,47,0,259606c44e8c02f9e7d065f44b0eccff81e69c20,0,0,0,0,0,
20210223,IL,1177320,,16544241,,totalTestsViral,17721561,1488,,361,,172,,,2/23/2021 00:00,2021-02-23T00:00:00Z,02/22 19:00,22528,,,2021-02-23T00:00:00Z,17721561,,,,20330,2198,,,,,,,,,,,,,17,1665,59735,17721561,61400,17721561,,22,0,c9873bf04d04d6344dfd9fba854c3fc34ea67cee,0,0,0,0,0,
20210222,IL,1175655,,16484506,,totalTestsViral,17660161,1504,,377,,169,,,2/22/2021 00:00,2021-02-22T00:00:00Z,02/21 19:00,22506,,,2021-02-22T00:00:00Z,17660161,,,,20303,2203,,,,,,,,,,,,,17,1246,36115,17660161,37361,17660161,,40,0,bddb23dbd2a414968e65a68631e7d40e99ef2cb9,0,0,0,0,0,
20210221,IL,1174409,,16448391,,totalTestsViral,17622800,1468,,356,,170,,,2/21/2021 00:00,2021-02-21T00:00:00Z,02/20 19:00,22466,,,2021-02-21T00:00:00Z,17622800,,,,20269,2197,,,,,,,,,,,,,17,1585,73684,17622800,75269,17622800,,40,0,f70f90986520778f05559c8c82c575cafbaace78,0,0,0,0,0,
20210220,IL,1172824,,16374707,,totalTestsViral,17547531,1551,,351,,171,,,2/20/2021 00:00,2021-02-20T00:00:00Z,02/19 19:00,22426,,,2021-02-20T00:00:00Z,17547531,,,,20234,2192,,,,,,,,,,,,,17,1922,71290,17547531,73212,17547531,,58,0,4612356f47b65ee41e1fac6f2a7d334d61d8125e,0,0,0,0,0,
20210219,IL,1170902,,16303417,,totalTestsViral,17474319,1596,,366,,190,,,2/19/2021 00:00,2021-02-19T00:00:00Z,02/18 19:00,22368,,,2021-02-19T00:00:00Z,17474319,,,,20192,2176,,,,,,,,,,,,,17,2219,83744,17474319,85963,17474319,,71,0,13deb4951c756b0ecc4be253f48d7ca0c7c93759,0,0,0,0,0,
20210218,IL,1168683,,16219673,,totalTestsViral,17388356,1655,,386,,184,,,2/18/2021 00:00,2021-02-18T00:00:00Z,02/17 19:00,22297,,,2021-02-18T00:00:00Z,17388356,,,,20129,2168,,,,,,,,,,,,,17,1966,65576,17388356,67542,17388356,,73,0,512aacebd21b8aa77e6e7df753aabe8483e0fd28,0,0,0,0,0,
20210217,IL,1166717,,16154097,,totalTestsViral,17320814,1719,,375,,176,,,2/17/2021 00:00,2021-02-17T00:00:00Z,02/16 19:00,22224,,,2021-02-17T00:00:00Z,17320814,,,,20057,2167,,,,,,,,,,,,,17,1795,48142,17320814,49937,17320814,,25,0,ac19f5f43dfcc0ef91b3ca544b446429fe7f9c2f,0,0,0,0,0,
20210216,IL,1164922,,16105955,,totalTestsViral,17270877,1726,,385,,179,,,2/16/2021 00:00,2021-02-16T00:00:00Z,02/15 19:00,22199,,,2021-02-16T00:00:00Z,17270877,,,,20034,2165,,,,,,,,,,,,,17,1348,45282,17270877,46630,17270877,,33,0,ffdf90cfa80a7610747cf4eae99acb8f85752c5c,0,0,0,0,0,
20210215,IL,1163574,,16060673,,totalTestsViral,17224247,1789,,389,,184,,,2/15/2021 00:00,2021-02-15T00:00:00Z,02/14 19:00,22166,,,2021-02-15T00:00:00Z,17224247,,,,20002,2164,,,,,,,,,,,,,17,1420,50969,17224247,52389,17224247,,45,0,f175bd8c0ce54cf6ba47623d4fab43317906c5c8,0,0,0,0,0,
20210214,IL,1162154,,16009704,,totalTestsViral,17171858,1777,,373,,189,,,2/14/2021 00:00,2021-02-14T00:00:00Z,02/13 19:00,22121,,,2021-02-14T00:00:00Z,17171858,,,,19961,2160,,,,,,,,,,,,,17,1631,63318,17171858,64949,17171858,,34,0,f41ea996f4d8a2de583e059bcaba42c3595f0a55,0,0,0,0,0,
20210213,IL,1160523,,15946386,,totalTestsViral,17106909,1892,,425,,202,,,2/13/2021 00:00,2021-02-13T00:00:00Z,02/12 19:00,22087,,,2021-02-13T00:00:00Z,17106909,,,,19926,2161,,,,,,,,,,,,,17,2092,82898,17106909,84990,17106909,,60,0,4d0943700028c5964e4f044b9af6437ed7a02d88,0,0,0,0,0,
20210212,IL,1158431,,15863488,,totalTestsViral,17021919,1910,,437,,211,,,2/12/2021 00:00,2021-02-12T00:00:00Z,02/11 19:00,22027,,,2021-02-12T00:00:00Z,17021919,,,,19873,2154,,,,,,,,,,,,,17,2598,100411,17021919,103009,17021919,,42,0,557f601b3b630ae013a46e55b7d3580fd234dd38,0,0,0,0,0,
20210211,IL,1155833,,15763077,,totalTestsViral,16918910,1954,,448,,227,,,2/11/2021 00:00,2021-02-11T00:00:00Z,02/10 19:00,21985,,,2021-02-11T00:00:00Z,16918910,,,,19841,2144,,,,,,,,,,,,,17,2838,93687,16918910,96525,16918910,,116,0,410868be17f7101dd569ca5e2b2c6bc26e4144bc,0,0,0,0,0,
20210210,IL,1152995,,15669390,,totalTestsViral,16822385,2082,,464,,232,,,2/10/2021 00:00,2021-02-10T00:00:00Z,02/09 19:00,21869,,,2021-02-10T00:00:00Z,16822385,,,,19739,2130,,,,,,,,,,,,,17,2825,80060,16822385,82885,16822385,,67,0,49f4afe18692a310d22a560aa165aa1be48f0423,0,0,0,0,0,
20210209,IL,1150170,,15589330,,totalTestsViral,16739500,2117,,497,,240,,,2/9/2021 00:00,2021-02-09T00:00:00Z,02/08 19:00,21802,,,2021-02-09T00:00:00Z,16739500,,,,19686,2116,,,,,,,,,,,,,17,2082,53623,16739500,55705,16739500,,23,0,633f7d6ab5bd6e54a82d6f64eef7e5ce6d827534,0,0,0,0,0,
20210208,IL,1148088,,15535707,,totalTestsViral,16683795,2161,,469,,251,,,2/8/2021 00:00,2021-02-08T00:00:00Z,02/07 19:00,21779,,,2021-02-08T00:00:00Z,16683795,,,,19668,2111,,,,,,,,,,,,,17,1747,45463,16683795,47210,16683795,,41,0,ca28341234fb2d68f7afd68c2700728fb6188070,0,0,0,0,0,
20210207,IL,1146341,,15490244,,totalTestsViral,16636585,2188,,507,,245,,,2/7/2021 00:00,2021-02-07T00:00:00Z,02/06 19:00,21738,,,2021-02-07T00:00:00Z,16636585,,,,19633,2105,,,,,,,,,,,,,17,2060,79490,16636585,81550,16636585,,62,0,b0ea1e856952b36ab17ca7d308f521352898e2a9,0,0,0,0,0,
20210206,IL,1144281,,15410754,,totalTestsViral,16555035,2271,,485,,246,,,2/6/2021 00:00,2021-02-06T00:00:00Z,02/05 19:00,21676,,,2021-02-06T00:00:00Z,16555035,,,,19585,2091,,,,,,,,,,,,,17,3062,87233,16555035,90295,16555035,,73,0,7734105e56a7639b73e654b7584eb41801cbc764,0,0,0,0,0,
20210205,IL,1141219,,15323521,,totalTestsViral,16464740,2318,,491,,254,,,2/5/2021 00:00,2021-02-05T00:00:00Z,02/04 19:00,21603,,,2021-02-05T00:00:00Z,16464740,,,,19526,2077,,,,,,,,,,,,,17,3660,101425,16464740,105085,16464740,,106,0,7bcc95605d5c818ed7dc28b43acc2359bb22f308,0,0,0,0,0,
20210204,IL,1137559,,15222096,,totalTestsViral,16359655,2341,,513,,265,,,2/4/2021 00:00,2021-02-04T00:00:00Z,02/03 19:00,21497,,,2021-02-04T00:00:00Z,16359655,,,,19444,2053,,,,,,,,,,,,,17,3328,97979,16359655,101307,16359655,,77,0,907fe80dead76c28341201548051c3964f32279c,0,0,0,0,0,
20210203,IL,1134231,,15124117,,totalTestsViral,16258348,2469,,520,,270,,,2/3/2021 00:00,2021-02-03T00:00:00Z,02/02 19:00,21420,,,2021-02-03T00:00:00Z,16258348,,,,19375,2045,,,,,,,,,,,,,17,3314,93580,16258348,96894,16258348,,84,0,5feabacd4dff3a80a40c07f753d5b10a48bb0a2e,0,0,0,0,0,
20210202,IL,1130917,,15030537,,totalTestsViral,16161454,2447,,533,,265,,,2/2/2021 00:00,2021-02-02T00:00:00Z,02/01 19:00,21336,,,2021-02-02T00:00:00Z,16161454,,,,19306,2030,,,,,,,,,,,,,17,2304,58595,16161454,60899,16161454,,63,0,880d82625997542ffd84dd61a23775f7531569bb,0,0,0,0,0,
20210201,IL,1128613,,14971942,,totalTestsViral,16100555,2387,,515,,278,,,2/1/2021 00:00,2021-02-01T00:00:00Z,01/31 19:00,21273,,,2021-02-01T00:00:00Z,16100555,,,,19259,2014,,,,,,,,,,,,,17,2312,58951,16100555,61263,16100555,,20,0,85e5a95821927b3307ab0d84251a7066538302fb,0,0,0,0,0,
20210131,IL,1126301,,14912991,,totalTestsViral,16039292,2467,,538,,289,,,1/31/2021 00:00,2021-01-31T00:00:00Z,01/30 19:00,21253,,,2021-01-31T00:00:00Z,16039292,,,,19243,2010,,,,,,,,,,,,,17,2428,84443,16039292,86871,16039292,,40,0,0a98e555ce2b4647e413d93bb12be6730a4860b7,0,0,0,0,0,
20210130,IL,1123873,,14828548,,totalTestsViral,15952421,2600,,522,,284,,,1/30/2021 00:00,2021-01-30T00:00:00Z,01/29 19:00,21213,,,2021-01-30T00:00:00Z,15952421,,,,19203,2010,,,,,,,,,,,,,17,3345,104457,15952421,107802,15952421,,67,0,101a1b34f0d4579cf0e542b75ee87f901fcb7dae,0,0,0,0,0,
20210129,IL,1120528,,14724091,,totalTestsViral,15844619,2735,,532,,297,,,1/29/2021 00:00,2021-01-29T00:00:00Z,01/28 19:00,21146,,,2021-01-29T00:00:00Z,15844619,,,,19138,2008,,,,,,,,,,,,,17,4156,106901,15844619,111057,15844619,,72,0,b9ac3a442977f267e50e8925c66e4fa498a3a642,0,0,0,0,0,
20210128,IL,1116372,,14617190,,totalTestsViral,15733562,2802,,567,,292,,,1/28/2021 00:00,2021-01-28T00:00:00Z,01/27 19:00,21074,,,2021-01-28T00:00:00Z,15733562,,,,19067,2007,,,,,,,,,,,,,17,4191,95928,15733562,100119,15733562,,125,0,14dc732ec6e0c26d9f20f99ff1e1969a054e4c69,0,0,0,0,0,
20210127,IL,1112181,,14521262,,totalTestsViral,15633443,2931,,591,,300,,,1/27/2021 00:00,2021-01-27T00:00:00Z,01/26 19:00,20949,,,2021-01-27T00:00:00Z,15633443,,,,18964,1985,,,,,,,,,,,,,17,3751,76373,15633443,80124,15633443,,96,0,78e9698ae7829f250c54cd8586e87167a06bda9c,0,0,0,0,0,
20210126,IL,1108430,,14444889,,totalTestsViral,15553319,3001,,608,,320,,,1/26/2021 00:00,2021-01-26T00:00:00Z,01/25 19:00,20853,,,2021-01-26T00:00:00Z,15553319,,,,18883,1970,,,,,,,,,,,,,17,3667,65618,15553319,69285,15553319,,109,0,5bf46342d4fb1e197ebe6cc77294638d7a0209e2,0,0,0,0,0,
20210125,IL,1104763,,14379271,,totalTestsViral,15484034,2962,,601,,302,,,1/25/2021 00:00,2021-01-25T00:00:00Z,01/24 19:00,20744,,,2021-01-25T00:00:00Z,15484034,,,,18798,1946,,,,,,,,,,,,,17,2944,71258,15484034,74202,15484034,,64,0,7197367bf3b556c89a50706a7f78038e9b6a0e5d,0,0,0,0,0,
20210124,IL,1101819,,14308013,,totalTestsViral,15409832,2994,,617,,321,,,1/24/2021 00:00,2021-01-24T00:00:00Z,01/23 19:00,20680,,,2021-01-24T00:00:00Z,15409832,,,,18750,1930,,,,,,,,,,,,,17,3292,86846,15409832,90138,15409832,,35,0,4ab0368e119bf1c9bf52e05d667c16ea50e7544e,0,0,0,0,0,
20210123,IL,1098527,,14221167,,totalTestsViral,15319694,3121,,644,,338,,,1/23/2021 00:00,2021-01-23T00:00:00Z,01/22 19:00,20645,,,2021-01-23T00:00:00Z,15319694,,,,18711,1934,,,,,,,,,,,,,17,5152,105026,15319694,110178,15319694,,111,0,f2cb7e9dcc0b55d72bdcd931073105055e5a531b,0,0,0,0,0,
20210122,IL,1093375,,14116141,,totalTestsViral,15209516,3179,,661,,348,,,1/22/2021 00:00,2021-01-22T00:00:00Z,01/21 19:00,20534,,,2021-01-22T00:00:00Z,15209516,,,,18615,1919,,,,,,,,,,,,,17,7042,118789,15209516,125831,15209516,,111,0,3f850aa454d80403ae3b89aa1b45280923ef31ec,0,0,0,0,0,
20210121,IL,1086333,,13997352,,totalTestsViral,15083685,3281,,662,,358,,,1/21/2021 00:00,2021-01-21T00:00:00Z,01/20 19:00,20423,,,2021-01-21T00:00:00Z,15083685,,,,18520,1903,,,,,,,,,,,,,17,4979,94057,15083685,99036,15083685,,138,0,704e006744295491aa565ede4bc70ef55a7e646d,0,0,0,0,0,
20210120,IL,1081354,,13903295,,totalTestsViral,14984649,3284,,722,,379,,,1/20/2021 00:00,2021-01-20T00:00:00Z,01/19 19:00,20285,,,2021-01-20T00:00:00Z,14984649,,,,18398,1887,,,,,,,,,,,,,17,4822,81299,14984649,86121,14984649,,132,0,5894d816537eeafed005c06a97252f90af948837,0,0,0,0,0,
20210119,IL,1076532,,13821996,,totalTestsViral,14898528,3335,,713,,395,,,1/18/2021 00:00,2021-01-18T00:00:00Z,01/17 19:00,20153,,,2021-01-18T00:00:00Z,14898528,,,,18291,1862,,,,,,,,,,,,,17,4318,67215,14898528,71533,14898528,,35,0,51641313a42496d167caa56ade5f9d12d35f091d,0,0,0,0,0,
20210118,IL,1072214,,13754781,,totalTestsViral,14826995,3345,,705,,392,,,1/18/2021 00:00,2021-01-18T00:00:00Z,01/17 19:00,20118,,,2021-01-18T00:00:00Z,14826995,,,,18258,1860,,,,,,,,,,,,,17,3385,59617,14826995,63002,14826995,,68,0,6b3bd15923f61e9c579d6e63ee9c5d2344f7c847,0,0,0,0,0,
20210117,IL,1068829,,13695164,,totalTestsViral,14763993,3408,,720,,387,,,1/17/2021 00:00,2021-01-17T00:00:00Z,01/16 19:00,20050,,,2021-01-17T00:00:00Z,14763993,,,,18208,1842,,,,,,,,,,,,,17,4162,92683,14763993,96845,14763993,,30,0,54fe69f6b4ae08d12ab872051394092474e91905,0,0,0,0,0,
20210116,IL,1064667,,13602481,,totalTestsViral,14667148,3406,,711,,379,,,1/16/2021 00:00,2021-01-16T00:00:00Z,01/15 19:00,20020,,,2021-01-16T00:00:00Z,14667148,,,,18179,1841,,,,,,,,,,,,,17,5343,97029,14667148,102372,14667148,,147,0,e88cfbf5da7c942c9d90a424681af48e885071f4,0,0,0,0,0,
20210115,IL,1059324,,13505452,,totalTestsViral,14564776,3446,,712,,386,,,1/15/2021 00:00,2021-01-15T00:00:00Z,01/14 19:00,19873,,,2021-01-15T00:00:00Z,14564776,,,,18049,1824,,,,,,,,,,,,,17,6642,100514,14564776,107156,14564776,,149,0,e1c7fde00d3d22c818ef6ec3939892ab05f39a4f,0,0,0,0,0,
20210114,IL,1052682,,13404938,,totalTestsViral,14457620,3511,,742,,382,,,1/14/2021 00:00,2021-01-14T00:00:00Z,01/13 19:00,19724,,,2021-01-14T00:00:00Z,14457620,,,,17928,1796,,,,,,,,,,,,,17,6652,111384,14457620,118036,14457620,,107,0,046c0ac499ceb82bb80e52cdef5a610600dad4f3,0,0,0,0,0,
20210113,IL,1046030,,13293554,,totalTestsViral,14339584,3642,,749,,386,,,1/13/2021 00:00,2021-01-13T00:00:00Z,01/12 19:00,19617,,,2021-01-13T00:00:00Z,14339584,,,,17840,1777,,,,,,,,,,,,,17,5862,70245,14339584,76107,14339584,,120,0,7008af04b90fb403dd02510be0ac6b34a9a69bb9,0,0,0,0,0,
20210112,IL,1040168,,13223309,,totalTestsViral,14263477,3553,,757,,409,,,1/12/2021 00:00,2021-01-12T00:00:00Z,01/11 19:00,19497,,,2021-01-12T00:00:00Z,14263477,,,,17743,1754,,,,,,,,,,,,,17,6642,86849,14263477,93491,14263477,,134,0,2848c606cb5781fb2c65b5d44b8ceca34c09e6a0,0,0,0,0,0,
20210111,IL,1033526,,13136460,,totalTestsViral,14169986,3540,,759,,401,,,1/11/2021 00:00,2021-01-11T00:00:00Z,01/10 19:00,19363,,,2021-01-11T00:00:00Z,14169986,,,,17627,1736,,,,,,,,,,,,,17,4776,61921,14169986,66697,14169986,,70,0,9f30b4d23874f12de87f3af5b42c50d3ae9b142c,0,0,0,0,0,
20210110,IL,1028750,,13074539,,totalTestsViral,14103289,3527,,740,,391,,,1/10/2021 00:00,2021-01-10T00:00:00Z,01/09 19:00,19293,,,2021-01-10T00:00:00Z,14103289,,,,17574,1719,,,,,,,,,,,,,17,4711,73064,14103289,77775,14103289,,83,0,cd6a91c9e4771007cd9ac6f3dafcb72234fa5bfb,0,0,0,0,0,
20210109,IL,1024039,,13001475,,totalTestsViral,14025514,3589,,742,,393,,,1/9/2021 00:00,2021-01-09T00:00:00Z,01/08 19:00,19210,,,2021-01-09T00:00:00Z,14025514,,,,17494,1716,,,,,,,,,,,,,17,6717,96186,14025514,102903,14025514,,102,0,9125744d10d738b5997f1b0ab2b604601827fb7c,0,0,0,0,0,
20210108,IL,1017322,,12905289,,totalTestsViral,13922611,3777,,780,,422,,,1/8/2021 00:00,2021-01-08T00:00:00Z,01/07 19:00,19108,,,2021-01-08T00:00:00Z,13922611,,,,17395,1713,,,,,,,,,,,,,17,9277,109388,13922611,118665,13922611,,167,0,4c018bdd9d60dc77391b6d8f5910ff2fe1e545cd,0,0,0,0,0,
20210107,IL,1008045,,12795901,,totalTestsViral,13803946,3921,,783,,450,,,1/7/2021 00:00,2021-01-07T00:00:00Z,01/06 19:00,18941,,,2021-01-07T00:00:00Z,13803946,,,,17272,1669,,,,,,,,,,,,,17,8757,96761,13803946,105518,13803946,,206,0,bb9e5c86c9bdfadddef6644aec380a5f81e7fd74,0,0,0,0,0,
20210106,IL,999288,,12699140,,totalTestsViral,13698428,3928,,812,,451,,,1/6/2021 00:00,2021-01-06T00:00:00Z,01/05 19:00,18735,,,2021-01-06T00:00:00Z,13698428,,,,17096,1639,,,,,,,,,,,,,17,7569,73405,13698428,80974,13698428,,173,0,3981b49e5c178303d39ed14d12c104a41f1c064e,0,0,0,0,0,
20210105,IL,991719,,12625735,,totalTestsViral,13617454,3905,,800,,457,,,1/5/2021 00:00,2021-01-05T00:00:00Z,01/04 19:00,18562,,,2021-01-05T00:00:00Z,13617454,,,,16959,1603,,,,,,,,,,,,,17,6839,80244,13617454,87083,13617454,,150,0,288b74073db10d2bb2d91174cab5c6f14f9c0f96,0,0,0,0,0,
20210104,IL,984880,,12545491,,totalTestsViral,13530371,3948,,816,,471,,,1/4/2021 00:00,2021-01-04T00:00:00Z,01/03 19:00,18412,,,2021-01-04T00:00:00Z,13530371,,,,16834,1578,,,,,,,,,,,,,17,5059,43195,13530371,48254,13530371,,90,0,0ba39b3b4ddbc365f9dbb022f27f1c1a04eabf25,0,0,0,0,0,
20210103,IL,979821,,12502296,,totalTestsViral,13482117,3817,,798,,462,,,1/3/2021 00:00,2021-01-03T00:00:00Z,01/02 19:00,18322,,,2021-01-03T00:00:00Z,13482117,,,,16755,1567,,,,,,,,,,,,,17,4469,40996,13482117,45465,13482117,,105,0,dcee6506b4717dfae96dcc37b7aae7dda095d261,0,0,0,0,0,
20210102,IL,975352,,12461300,,totalTestsViral,13436652,3799,,783,,458,,,1/2/2021 00:00,2021-01-02T00:00:00Z,01/01 19:00,18217,,,2021-01-02T00:00:00Z,13436652,,,,16674,1543,,,,,,,,,,,,,17,4762,57225,13436652,61987,13436652,,44,0,29af11b06fa2d1c1ce72f664ff04339708abc2ff,0,0,0,0,0,
20210101,IL,970590,,12404075,,totalTestsViral,13374665,3992,,808,,464,,,1/1/2021 00:00,2021-01-01T00:00:00Z,12/31 19:00,18173,,,2021-01-01T00:00:00Z,13374665,,,,16647,1526,,,,,,,,,,,,,17,7201,90021,13374665,97222,13374665,,195,0,1a58538e0a15e93a05ecc699f2263bb0bbd35efd,0,0,0,0,0,
20201231,IL,963389,,12314054,,totalTestsViral,13277443,4093,,837,,496,,,12/31/2020 00:00,2020-12-31T00:00:00Z,12/30 19:00,17978,,,2020-12-31T00:00:00Z,13277443,,,,16490,1488,,,,,,,,,,,,,17,8009,91417,13277443,99426,13277443,,167,0,38f09b59f12695c5900883a7945d61e3cc16f45e,0,0,0,0,0,
20201230,IL,955380,,12222637,,totalTestsViral,13178017,4244,,882,,496,,,12/30/2020 00:00,2020-12-30T00:00:00Z,12/29 19:00,17811,,,2020-12-30T00:00:00Z,13178017,,,,16357,1454,,,,,,,,,,,,,17,7374,67199,13178017,74573,13178017,,215,0,0ad724bf602181718fc6a0f13b1e5ae3bbdeca54,0,0,0,0,0,
20201229,IL,948006,,12155438,,totalTestsViral,13103444,4313,,904,,506,,,12/29/2020 00:00,2020-12-29T00:00:00Z,12/28 19:00,17596,,,2020-12-29T00:00:00Z,13103444,,,,16179,1417,,,,,,,,,,,,,17,5644,61142,13103444,66786,13103444,,126,0,28f84548eae80df485ec98ac69c5632da332da9e,0,0,0,0,0,
20201228,IL,942362,,12094296,,totalTestsViral,13036658,4243,,884,,515,,,12/28/2020 00:00,2020-12-28T00:00:00Z,12/27 19:00,17470,,,2020-12-28T00:00:00Z,13036658,,,,16074,1396,,,,,,,,,,,,,17,4453,46593,13036658,51046,13036658,,134,0,8fe189241b0a315de83a7e7098e8ae76f2ab295c,0,0,0,0,0,
20201227,IL,937909,,12047703,,totalTestsViral,12985612,4083,,905,,497,,,12/27/2020 00:00,2020-12-27T00:00:00Z,12/26 19:00,17336,,,2020-12-27T00:00:00Z,12985612,,,,15969,1367,,,,,,,,,,,,,17,3767,42459,12985612,46226,12985612,,112,0,a3bee73669b0275190cd0abd83c3be91d8852cfb,0,0,0,0,0,
20201226,IL,934142,,12005244,,totalTestsViral,12939386,4021,,874,,494,,,12/26/2020 00:00,2020-12-26T00:00:00Z,12/25 19:00,17224,,,2020-12-26T00:00:00Z,12939386,,,,15865,1359,,,,,,,,,,,,,17,3293,54155,12939386,57448,12939386,,70,0,80b0a3cf1abda8b8c959a3e179cfa3e65238c55a,0,0,0,0,0,
20201225,IL,930849,,11951089,,totalTestsViral,12881938,4352,,928,,538,,,12/25/2020 00:00,2020-12-25T00:00:00Z,12/24 19:00,17154,,,2020-12-25T00:00:00Z,12881938,,,,15799,1355,,,,,,,,,,,,,17,5742,93216,12881938,98958,12881938,,194,0,c809fd817071fbc2b8f0aa39847a4f3d8d63703e,0,0,0,0,0,
20201224,IL,925107,,11857873,,totalTestsViral,12782980,4488,,944,,518,,,12/24/2020 00:00,2020-12-24T00:00:00Z,12/23 19:00,16960,,,2020-12-24T00:00:00Z,12782980,,,,15643,1317,,,,,,,,,,,,,17,7037,87872,12782980,94909,12782980,,118,0,c032bb584ccd4b93cd856393d6de2ab22109d385,0,0,0,0,0,
20201223,IL,918070,,11770001,,totalTestsViral,12688071,4593,,953,,536,,,12/23/2020 00:00,2020-12-23T00:00:00Z,12/22 19:00,16842,,,2020-12-23T00:00:00Z,12688071,,,,15547,1295,,,,,,,,,,,,,17,6762,75566,12688071,82328,12688071,,171,0,5b704613a735f9d995666e8dc6df36b616c6292b,0,0,0,0,0,
20201222,IL,911308,,11694435,,totalTestsViral,12605743,4571,,981,,557,,,12/22/2020 00:00,2020-12-22T00:00:00Z,12/21 19:00,16671,,,2020-12-22T00:00:00Z,12605743,,,,15414,1257,,,,,,,,,,,,,17,6239,78525,12605743,84764,12605743,,144,0,eb701a85dfe2f0c16cd5b1b1de4687133c26b937,0,0,0,0,0,
20201221,IL,905069,,11615910,,totalTestsViral,12520979,4460,,981,,546,,,12/21/2020 00:00,2020-12-21T00:00:00Z,12/20 19:00,16527,,,2020-12-21T00:00:00Z,12520979,,,,15299,1228,,,,,,,,,,,,,17,4699,81755,12520979,86454,12520979,,120,0,3ae681e9b93c75b959dc14bfa028ec46b46a82d6,0,0,0,0,0,
20201220,IL,900370,,11534155,,totalTestsViral,12434525,4389,,991,,546,,,12/20/2020 00:00,2020-12-20T00:00:00Z,12/19 19:00,16407,,,2020-12-20T00:00:00Z,12434525,,,,15202,1205,,,,,,,,,,,,,17,6003,72076,12434525,78079,12434525,,81,0,1ba1d8ff226934a53e8474e1fd60c64b951e8348,0,0,0,0,0,
20201219,IL,894367,,11462079,,totalTestsViral,12356446,4624,,1000,,562,,,12/19/2020 00:00,2020-12-19T00:00:00Z,12/18 19:00,16326,,,2020-12-19T00:00:00Z,12356446,,,,15123,1203,,,,,,,,,,,,,17,7562,89289,12356446,96851,12356446,,120,0,c3dd71cca18796af041463fa8f20e3867b6711bf,0,0,0,0,0,
20201218,IL,886805,,11372790,,totalTestsViral,12259595,4690,,1023,,589,,,12/18/2020 00:00,2020-12-18T00:00:00Z,12/17 19:00,16206,,,2020-12-18T00:00:00Z,12259595,,,,15015,1191,,,,,,,,,,,,,17,7377,104915,12259595,112292,12259595,,221,0,3a262cabb70c282984a867f850eeaecc4d20865d,0,0,0,0,0,
20201217,IL,879428,,11267875,,totalTestsViral,12147303,4804,,1063,,575,,,12/17/2020 00:00,2020-12-17T00:00:00Z,12/16 19:00,15985,,,2020-12-17T00:00:00Z,12147303,,,,14835,1150,,,,,,,,,,,,,17,8828,83187,12147303,92015,12147303,,208,0,f4c8bb8e9ed7c6ffa2794dcd702eeaa7d00cbdf0,0,0,0,0,0,
20201216,IL,870600,,11184688,,totalTestsViral,12055288,4793,,1045,,590,,,12/16/2020 00:00,2020-12-16T00:00:00Z,12/15 19:00,15777,,,2020-12-16T00:00:00Z,12055288,,,,14655,1122,,,,,,,,,,,,,17,7123,86155,12055288,93278,12055288,,190,0,1be07fc57cff5ce5c88d3460440e2e72e2733b45,0,0,0,0,0,
20201215,IL,863477,,11098533,,totalTestsViral,11962010,4965,,1057,,598,,,12/15/2020 00:00,2020-12-15T00:00:00Z,12/14 19:00,15587,,,2020-12-15T00:00:00Z,11962010,,,,14509,1078,,,,,,,,,,,,,17,7359,85563,11962010,92922,11962010,,132,0,1df444b19136b6542b5ed4e3957a9e504441f6c3,0,0,0,0,0,
20201214,IL,856118,,11012970,,totalTestsViral,11869088,4951,,1070,,621,,,12/14/2020 00:00,2020-12-14T00:00:00Z,12/13 19:00,15455,,,2020-12-14T00:00:00Z,11869088,,,,14394,1061,,,,,,,,,,,,,17,7214,85042,11869088,92256,11869088,,116,0,1479b33c30b39e5a10cf2651fbfd77281926ca9e,0,0,0,0,0,
20201213,IL,848904,,10927928,,totalTestsViral,11776832,5073,,1080,,612,,,12/13/2020 00:00,2020-12-13T00:00:00Z,12/12 19:00,15339,,,2020-12-13T00:00:00Z,11776832,,,,14291,1048,,,,,,,,,,,,,17,7216,56432,11776832,63648,11776832,,107,0,24544bcd434881199fa457d11e1df7b2453083ac,0,0,0,0,0,
20201212,IL,841688,,10871496,,totalTestsViral,11713184,5048,,1072,,627,,,12/12/2020 00:00,2020-12-12T00:00:00Z,12/11 19:00,15232,,,2020-12-12T00:00:00Z,11713184,,,,14176,1056,,,,,,,,,,,,,17,8737,118151,11713184,126888,11713184,,165,0,cb6b81f50fe006e6db63ecf30238c0da18f0b1c4,0,0,0,0,0,
20201211,IL,832951,,10753345,,totalTestsViral,11586296,5141,,1081,,635,,,12/11/2020 00:00,2020-12-11T00:00:00Z,12/10 19:00,15067,,,2020-12-11T00:00:00Z,11586296,,,,14050,1017,,,,,,,,,,,,,17,9420,95028,11586296,104448,11586296,,222,0,adcd625c0ae0aa9b6b00e5e3dde53bea33343135,0,0,0,0,0,
20201210,IL,823531,,10658317,,totalTestsViral,11481848,5138,,1081,,606,,,12/10/2020 00:00,2020-12-10T00:00:00Z,12/09 19:00,14845,,,2020-12-10T00:00:00Z,11481848,,,,13861,984,,,,,,,,,,,,,17,11101,103402,11481848,114503,11481848,,232,0,851be7c5e6b20ef576e06872e4148cbf6a6ac330,0,0,0,0,0,
20201209,IL,812430,,10554915,,totalTestsViral,11367345,5284,,1176,,647,,,12/9/2020 00:00,2020-12-09T00:00:00Z,12/08 19:00,14613,,,2020-12-09T00:00:00Z,11367345,,,,13666,947,,,,,,,,,,,,,17,8256,84481,11367345,92737,11367345,,229,0,857fc65a2a987f3a03b632e59341c149d8c44b29,0,0,0,0,0,
20201208,IL,804174,,10470434,,totalTestsViral,11274608,5199,,1071,,626,,,12/8/2020 00:00,2020-12-08T00:00:00Z,12/07 19:00,14384,,,2020-12-08T00:00:00Z,11274608,,,,13487,897,,,,,,,,,,,,,17,7910,87915,11274608,95825,11274608,,168,0,800a8b8c8df24de3bef06f5cafa88d494ff533d3,0,0,0,0,0,
20201207,IL,796264,,10382519,,totalTestsViral,11178783,5190,,1123,,648,,,12/7/2020 00:00,2020-12-07T00:00:00Z,12/06 19:00,14216,,,2020-12-07T00:00:00Z,11178783,,,,13343,873,,,,,,,,,,,,,17,8691,68878,11178783,77569,11178783,,100,0,c54bfb273d3f0d56ead4cf639da4a82237ab7382,0,0,0,0,0,
20201206,IL,787573,,10313641,,totalTestsViral,11101214,5160,,1103,,643,,,12/6/2020 00:00,2020-12-06T00:00:00Z,12/05 19:00,14116,,,2020-12-06T00:00:00Z,11101214,,,,13255,861,,,,,,,,,,,,,17,7598,71940,11101214,79538,11101214,,99,0,16fdc90097c4acccf8aa1ff69347e88fa45a74df,0,0,0,0,0,
20201205,IL,779975,,10241701,,totalTestsViral,11021676,5331,,1134,,694,,,12/5/2020 00:00,2020-12-05T00:00:00Z,12/04 19:00,14017,,,2020-12-05T00:00:00Z,11021676,,,,13179,838,,,,,,,,,,,,,17,9887,92791,11021676,102678,11021676,,235,0,766ff9d89a32205fab6e22046123dc47b559d9df,0,0,0,0,0,
20201204,IL,770088,,10148910,,totalTestsViral,10918998,5453,,1153,,703,,,12/4/2020 00:00,2020-12-04T00:00:00Z,12/03 19:00,13782,,,2020-12-04T00:00:00Z,10918998,,,,12974,808,,,,,,,,,,,,,17,10526,102108,10918998,112634,10918998,,157,0,ac9032cc0b8aade80234df382e7edf12f008c037,0,0,0,0,0,
20201203,IL,759562,,10046802,,totalTestsViral,10806364,5653,,1170,,693,,,12/3/2020 00:00,2020-12-03T00:00:00Z,12/02 19:00,13625,,,2020-12-03T00:00:00Z,10806364,,,,12830,795,,,,,,,,,,,,,17,10959,95819,10806364,106778,10806364,,228,0,96701fe085239d2a42176ddb303d722959173fb7,0,0,0,0,0,
20201202,IL,748603,,9950983,,totalTestsViral,10699586,5764,,1190,,714,,,12/2/2020 00:00,2020-12-02T00:00:00Z,12/01 19:00,13397,,,2020-12-02T00:00:00Z,10699586,,,,12639,758,,,,,,,,,,,,,17,9757,75750,10699586,85507,10699586,,266,0,f433185a5c87ea9920e9e679b57b8a2a0edf4e85,0,0,0,0,0,
20201201,IL,738846,,9875233,,totalTestsViral,10614079,5835,,1195,,721,,,12/1/2020 00:00,2020-12-01T00:00:00Z,11/30 19:00,13131,,,2020-12-01T00:00:00Z,10614079,,,,12403,728,,,,,,,,,,,,,17,12542,103539,10614079,116081,10614079,,146,0,88c022e9467e51a26807a8215b37882c25df8b83,0,0,0,0,0,
20201130,IL,726304,,9771694,,totalTestsViral,10497998,5849,,1217,,715,,,11/30/2020 00:00,2020-11-30T00:00:00Z,11/29 19:00,12985,,,2020-11-30T00:00:00Z,10497998,,,,12278,707,,,,,,,,,,,,,17,6190,60790,10497998,66980,10497998,,103,0,12e778ba07e439611ba65330205fc9fc096c3748,0,0,0,0,0,
20201129,IL,720114,,9710904,,totalTestsViral,10431018,5858,,1185,,723,,,11/29/2020 00:00,2020-11-29T00:00:00Z,11/28 19:00,12882,,,2020-11-29T00:00:00Z,10431018,,,,12193,689,,,,,,,,,,,,,17,7178,55562,10431018,62740,10431018,,44,0,52a6c82c0f3dfe8d8229d7083e60aab876158553,0,0,0,0,0,
20201128,IL,712936,,9655342,,totalTestsViral,10368278,5775,,1211,,686,,,11/28/2020 00:00,2020-11-28T00:00:00Z,11/27 19:00,12838,,,2020-11-28T00:00:00Z,10368278,,,,12137,701,,,,,,,,,,,,,17,7873,71182,10368278,79055,10368278,,152,0,0acd5ec81c97cac0c2157e294e6daed3b9710d4b,0,0,0,0,0,
20201127,IL,705063,,9584160,,totalTestsViral,10289223,5829,,1215,,698,,,11/27/2020 00:00,2020-11-27T00:00:00Z,11/26 19:00,12686,,,2020-11-27T00:00:00Z,10289223,,,,12029,657,,,,,,,,,,,,,17,7574,69556,10289223,77130,10289223,,90,0,3aa02de34d6bf98a5a6edbd8456c78eac5f366bc,0,0,0,0,0,
20201126,IL,697489,,9514604,,totalTestsViral,10212093,6032,,1224,,724,,,11/26/2020 00:00,2020-11-26T00:00:00Z,11/25 19:00,12596,,,2020-11-26T00:00:00Z,10212093,,,,11963,633,,,,,,,,,,,,,17,12022,95534,10212093,107556,10212093,,156,0,14ea4a782df9f663198f1638545e5b6040f3aebb,0,0,0,0,0,
20201125,IL,685467,,9419070,,totalTestsViral,10104537,6133,,1208,,679,,,11/25/2020 00:00,2020-11-25T00:00:00Z,11/24 19:00,12440,,,2020-11-25T00:00:00Z,10104537,,,,11832,608,,,,,,,,,,,,,17,11378,102855,10104537,114233,10104537,,178,0,72dc90370181f41844dc796488720a841ba164ea,0,0,0,0,0,
20201124,IL,674089,,9316215,,totalTestsViral,9990304,6134,,1203,,668,,,11/24/2020 00:00,2020-11-24T00:00:00Z,11/23 19:00,12262,,,2020-11-24T00:00:00Z,9990304,,,,11677,585,,,,,,,,,,,,,17,9469,87854,9990304,97323,9990304,,150,0,76b13a94e9dcc2d5430a3a5978e718cb7783badb,0,0,0,0,0,
20201123,IL,664620,,9228361,,totalTestsViral,9892981,6171,,1206,,635,,,11/23/2020 00:00,2020-11-23T00:00:00Z,11/22 19:00,12112,,,2020-11-23T00:00:00Z,9892981,,,,11552,560,,,,,,,,,,,,,17,8322,83240,9892981,91562,9892981,,61,0,b82a3caab141bdc87a1b30d6c4d403c5017c3046,0,0,0,0,0,
20201122,IL,656298,,9145121,,totalTestsViral,9801419,6072,,1179,,589,,,11/22/2020 00:00,2020-11-22T00:00:00Z,11/21 19:00,12051,,,2020-11-22T00:00:00Z,9801419,,,,11506,545,,,,,,,,,,,,,17,10012,82425,9801419,92437,9801419,,99,0,595924885c7922ae7b159b7c3b098ab6e587b7b1,0,0,0,0,0,
20201121,IL,646286,,9062696,,totalTestsViral,9708982,6175,,1173,,595,,,11/21/2020 00:00,2020-11-21T00:00:00Z,11/20 19:00,11952,,,2020-11-21T00:00:00Z,9708982,,,,11430,522,,,,,,,,,,,,,17,11891,108393,9708982,120284,9708982,,157,0,49981fd4414c0d3fb4f42e268b46697a28e99807,0,0,0,0,0,
20201120,IL,634395,,8954303,,totalTestsViral,9588698,6111,,1196,,604,,,11/20/2020 00:00,2020-11-20T00:00:00Z,11/19 19:00,11795,,,2020-11-20T00:00:00Z,9588698,,,,11304,491,,,,,,,,,,,,,17,13012,103012,9588698,116024,9588698,,147,0,f84ce3939a8d859e42ae0eb73bed23f9eb76ffff,0,0,0,0,0,
20201119,IL,621383,,8851291,,totalTestsViral,9472674,6037,,1192,,587,,,11/19/2020 00:00,2020-11-19T00:00:00Z,11/18 19:00,11648,,,2020-11-19T00:00:00Z,9472674,,,,11178,470,,,,,,,,,,,,,17,14612,98835,9472674,113447,9472674,,180,0,4f321acd3fd56d2f5e6d68f9730965cc90c36979,0,0,0,0,0,
20201118,IL,606771,,8752456,,totalTestsViral,9359227,5953,,1146,,547,,,11/18/2020 00:00,2020-11-18T00:00:00Z,11/17 19:00,11468,,,2020-11-18T00:00:00Z,9359227,,,,11014,454,,,,,,,,,,,,,17,8922,94647,9359227,103569,9359227,,151,0,dcf40481d369d6815cbabebd991a01bc8575b21e,0,0,0,0,0,
20201117,IL,597849,,8657809,,totalTestsViral,9255658,5887,,1158,,545,,,11/17/2020 00:00,2020-11-17T00:00:00Z,11/16 19:00,11317,,,2020-11-17T00:00:00Z,9255658,,,,10875,442,,,,,,,,,,,,,17,12601,81604,9255658,94205,9255658,,113,0,5721b811ce1b10931cf66eed0557bbd2742e370f,0,0,0,0,0,
20201116,IL,585248,,8576205,,totalTestsViral,9161453,5581,,1144,,514,,,11/16/2020 00:00,2020-11-16T00:00:00Z,11/15 19:00,11204,,,2020-11-16T00:00:00Z,9161453,,,,10779,425,,,,,,,,,,,,,17,11632,78980,9161453,90612,9161453,,42,0,d287f63a5cf6a5fedec01786b4885f8b321ef74f,0,0,0,0,0,
20201115,IL,573616,,8497225,,totalTestsViral,9070841,5474,,1045,,490,,,11/15/2020 00:00,2020-11-15T00:00:00Z,11/14 19:00,11162,,,2020-11-15T00:00:00Z,9070841,,,,10742,420,,,,,,,,,,,,,17,10631,74200,9070841,84831,9070841,,74,0,6ab3655e9011a1a7a9580013f928f4c6ecf1b329,0,0,0,0,0,
20201114,IL,562985,,8423025,,totalTestsViral,8986010,5415,,1018,,499,,,11/14/2020 00:00,2020-11-14T00:00:00Z,11/13 19:00,11088,,,2020-11-14T00:00:00Z,8986010,,,,10670,418,,,,,,,,,,,,,17,11028,103342,8986010,114370,8986010,,197,0,c94c63eefbc4a0936e6d062c1abf5df7d6484b0e,0,0,0,0,0,
20201113,IL,551957,,8319683,,totalTestsViral,8871640,5362,,990,,488,,,11/13/2020 00:00,2020-11-13T00:00:00Z,11/12 19:00,10891,,,2020-11-13T00:00:00Z,8871640,,,,10504,387,,,,,,,,,,,,,17,15415,91125,8871640,106540,8871640,,45,0,3f6e39eb3ee22daf0def7c436126f4c2fe79227c,0,0,0,0,0,
20201112,IL,536542,,8228558,,totalTestsViral,8765100,5258,,956,,438,,,11/12/2020 00:00,2020-11-12T00:00:00Z,11/11 19:00,10846,,,2020-11-12T00:00:00Z,8765100,,,,10477,369,,,,,,,,,,,,,17,12702,87915,8765100,100617,8765100,,48,0,3dacc96e683f18a3f58742ba4a234808c11a43d8,0,0,0,0,0,
20201111,IL,523840,,8140643,,totalTestsViral,8664483,5042,,951,,404,,,11/11/2020 00:00,2020-11-11T00:00:00Z,11/10 19:00,10798,,,2020-11-11T00:00:00Z,8664483,,,,10434,364,,,,,,,,,,,,,17,12657,80807,8664483,93464,8664483,,153,0,01f5d805fb1cc096127dcae4eb8061a93bebe433,0,0,0,0,0,
20201110,IL,511183,,8059836,,totalTestsViral,8571019,4742,,911,,399,,,11/10/2020 00:00,2020-11-10T00:00:00Z,11/09 19:00,10645,,,2020-11-10T00:00:00Z,8571019,,,,10289,356,,,,,,,,,,,,,17,12623,89332,8571019,101955,8571019,,82,0,6da6c043f771137ad313f0680dd7483ca8dfe8d9,0,0,0,0,0,
20201109,IL,498560,,7970504,,totalTestsViral,8469064,4409,,857,,376,,,11/9/2020 00:00,2020-11-09T00:00:00Z,11/08 19:00,10563,,,2020-11-09T00:00:00Z,8469064,,,,10210,353,,,,,,,,,,,,,17,10573,54187,8469064,64760,8469064,,25,0,e6b40b094679438b04ecd32a3cc3605bc6aa4bd8,0,0,0,0,0,
20201108,IL,487987,,7916317,,totalTestsViral,8404304,4303,,833,,368,,,11/8/2020 00:00,2020-11-08T00:00:00Z,11/07 19:00,10538,,,2020-11-08T00:00:00Z,8404304,,,,10196,342,,,,,,,,,,,,,17,10009,80748,8404304,90757,8404304,,50,0,6481b8cc3457915620e3664c25b8a1aea7aa0682,0,0,0,0,0,
20201107,IL,477978,,7835569,,totalTestsViral,8313547,4250,,813,,367,,,11/7/2020 00:00,2020-11-07T00:00:00Z,11/06 19:00,10488,,,2020-11-07T00:00:00Z,8313547,,,,10154,334,,,,,,,,,,,,,17,12438,85980,8313547,98418,8313547,,91,0,abfeef7553bbe847a58bebeae79ef2351ca4c324,0,0,0,0,0,
20201106,IL,465540,,7749589,,totalTestsViral,8215129,4090,,786,,339,,,11/6/2020 00:00,2020-11-06T00:00:00Z,11/05 19:00,10397,,,2020-11-06T00:00:00Z,8215129,,,,10079,318,,,,,,,,,,,,,17,11790,80352,8215129,98401,8215129,,84,0,f1b857779c35b498fd30d6b077a3a1bec7d068fa,0,0,0,0,0,
20201105,IL,453750,6259,7669237,,totalTestsViral,8116728,3891,,772,,343,,,11/5/2020 00:00,2020-11-05T00:00:00Z,11/04 19:00,10313,,,2020-11-05T00:00:00Z,8116728,,,447491,10030,283,,,,,,,,,,,,,17,9935,76080,8122987,86015,8122987,,97,0,3f49bbe7afc2debe5736f6e7e2f6dd7233115a5d,0,0,0,0,0,
20201104,IL,443815,6259,7593157,,totalTestsViral,8030713,3761,,776,,327,,,11/4/2020 00:00,2020-11-04T00:00:00Z,11/03 19:00,10216,,,2020-11-04T00:00:00Z,8030713,,,437556,9933,283,,,,,,,,,,,,,17,7538,64319,8036972,71857,8036972,,55,0,9cfe97f529e42e58fb1c38dc6761fa4ce33b90d7,0,0,0,0,0,
20201103,IL,436277,6259,7528838,,totalTestsViral,7958856,3594,,755,,326,,,11/3/2020 00:00,2020-11-03T00:00:00Z,11/02 19:00,10161,,,2020-11-03T00:00:00Z,7958856,,,430018,9878,283,,,,,,,,,,,,,17,6516,75919,7965115,82435,7965115,,68,0,61cda29b670326016f61ffe45813165e4fad4edc,0,0,0,0,0,
20201102,IL,429761,6259,7452919,,totalTestsViral,7876421,3371,,722,,298,,,11/2/2020 00:00,2020-11-02T00:00:00Z,11/01 19:00,10093,,,2020-11-02T00:00:00Z,7876421,,,423502,9810,283,,,,,,,,,,,,,17,6222,61896,7882680,68118,7882680,,18,0,b1750cea145b00a968334153ec4048614bbf6d98,0,0,0,0,0,
20201101,IL,423539,6259,7391023,,totalTestsViral,7808303,3294,,692,,284,,,11/1/2020 00:00,2020-11-01T00:00:00Z,10/31 20:00,10075,,,2020-11-01T00:00:00Z,7808303,,,417280,9792,283,,,,,,,,,,,,,17,6980,71478,7814562,78458,7814562,,25,0,6e890ec24c74bd71a6bb2670a4ab3baf626218c4,0,0,0,0,0,
20201031,IL,416559,6259,7319545,,totalTestsViral,7729845,3228,,680,,290,,,10/31/2020 00:59,2020-10-31T00:59:00Z,10/30 20:59,10050,,,2020-10-31T00:59:00Z,7729845,,,410300,9757,283,,,,,,,,,,,,,17,7899,84737,7736104,92636,7736104,,56,0,9a02441f29dcb482d970b326ef893b8b3d3654be,0,0,0,0,0,
20201030,IL,408660,6259,7234808,,totalTestsViral,7637209,3092,,673,,288,,,10/30/2020 00:00,2020-10-30T00:00:00Z,10/29 20:00,9994,,,2020-10-30T00:00:00Z,7637209,,,402401,9711,283,,,,,,,,,,,,,17,8489,88168,7643468,95111,7643468,,49,0,dd98ef60e9aecd5391242ce0aea688143e4a91de,0,0,0,0,0,
20201029,IL,400171,4713,7146640,,totalTestsViral,7542098,3030,,643,,269,,,10/29/2020 00:00,2020-10-29T00:00:00Z,10/28 20:00,9945,,,2020-10-29T00:00:00Z,7542098,,,395458,9675,270,,,,,,,,,,,,,17,6363,76693,7546811,83056,7546811,,56,0,5f1e4c2db3083f2bc325ab550df4a7c9ef1d30c6,0,0,0,0,0,
20201028,IL,393808,4713,7069947,,totalTestsViral,7459042,2861,,600,,243,,,10/28/2020 00:00,2020-10-28T00:00:00Z,10/27 20:00,9889,,,2020-10-28T00:00:00Z,7459042,,,389095,9619,270,,,,,,,,,,,,,17,6110,64642,7463755,70752,7463755,,51,0,eebb9de79ef5e43c92ad4fcf5a2674310ae96c74,0,0,0,0,0,
20201027,IL,387698,4713,7005305,,totalTestsViral,7388290,2758,,595,,241,,,10/27/2020 00:00,2020-10-27T00:00:00Z,10/26 20:00,9838,,,2020-10-27T00:00:00Z,7388290,,,382985,9568,270,,,,,,,,,,,,,17,4000,58074,7393003,62074,7393003,,46,0,31339d73a91c2f753f73716e97168fa52957daf6,0,0,0,0,0,
20201026,IL,383698,4713,6947231,,totalTestsViral,7326216,2638,,589,,238,,,10/26/2020 00:00,2020-10-26T00:00:00Z,10/25 20:00,9792,,,2020-10-26T00:00:00Z,7326216,,,378985,9522,270,,,,,,,,,,,,,17,4729,52535,7330929,57264,7330929,,17,0,446f8ce294240a0394e68e8aa5918f143bca218c,0,0,0,0,0,
20201025,IL,378969,4713,6894696,,totalTestsViral,7268952,2605,,565,,214,,,10/25/2020 00:00,2020-10-25T00:00:00Z,10/24 20:00,9775,,,2020-10-25T00:00:00Z,7268952,,,374256,9505,270,,,,,,,,,,,,,17,4062,68035,7273665,72097,7273665,,24,0,1fd714196b29654655363b6e2224466da58bf9ec,0,0,0,0,0,
20201024,IL,374907,4713,6826661,,totalTestsViral,7196855,2616,,560,,222,,,10/24/2020 00:00,2020-10-24T00:00:00Z,10/23 20:00,9751,,,2020-10-24T00:00:00Z,7196855,,,370194,9481,270,,,,,,,,,,,,,17,6161,77356,7201568,83517,7201568,,63,0,e3857d591f443fa47b63d8fb218afb337da0e8c7,0,0,0,0,0,
20201023,IL,368746,4713,6749305,,totalTestsViral,7113338,2498,,511,,197,,,10/23/2020 00:00,2020-10-23T00:00:00Z,10/22 20:00,9688,,,2020-10-23T00:00:00Z,7113338,,,364033,9418,270,,,,,,,,,,,,,17,5000,78382,7118051,82256,7118051,,41,0,b2bc53c8924be1147d9cc32fa0fa1c3eb39d5a82,0,0,0,0,0,
20201022,IL,363746,3587,6670923,,totalTestsViral,7031082,2463,,525,,212,,,10/22/2020 00:00,2020-10-22T00:00:00Z,10/21 20:00,9647,,,2020-10-22T00:00:00Z,7031082,,,360159,9387,260,,,,,,,,,,,,,17,4942,76035,7034669,80977,7034669,,42,0,158f03e42f46fdbcaba9d6b161d12007a509341d,0,0,0,0,0,
20201021,IL,358804,3587,6594888,,totalTestsViral,6950105,2338,,502,,194,,,10/21/2020 00:00,2020-10-21T00:00:00Z,10/20 20:00,9605,,,2020-10-21T00:00:00Z,6950105,,,355217,9345,260,,,,,,,,,,,,,17,4342,62449,6953692,66791,6953692,,68,0,9fb6892bcfd57099ad8fa28c5e18fb0ed6a1bd01,0,0,0,0,0,
20201020,IL,354462,3587,6532439,,totalTestsViral,6883314,2261,,489,,195,,,10/19/2020 00:00,2020-10-19T00:00:00Z,10/18 20:00,9537,,,2020-10-19T00:00:00Z,6883314,,,350875,9277,260,,,,,,,,,,,,,17,3714,55363,6886901,59077,6886901,,41,0,36660b0d5d2eee7784220c28767af54570afe12d,0,0,0,0,0,
20201019,IL,350748,3587,6477076,,totalTestsViral,6824237,2096,,485,,179,,,10/19/2020 00:00,2020-10-19T00:00:00Z,10/18 20:00,9496,,,2020-10-19T00:00:00Z,6824237,,,347161,9236,260,,,,,,,,,,,,,17,3113,45571,6827824,48684,6827824,,22,0,485c379d5f07d1ce6f1f32663bae76bd0bdc8fec,0,0,0,0,0,
20201018,IL,347635,3587,6431505,,totalTestsViral,6775553,2012,,408,,157,,,10/18/2020 00:00,2020-10-18T00:00:00Z,10/17 20:00,9474,,,2020-10-18T00:00:00Z,6775553,,,344048,9214,260,,,,,,,,,,,,,17,4245,75051,6779140,79296,6779140,,22,0,91d05b856ec7443ad940179b3edec0d8b0fd0cd6,0,0,0,0,0,
20201017,IL,343390,3587,6356454,,totalTestsViral,6696257,2073,,422,,165,,,10/17/2020 00:00,2020-10-17T00:00:00Z,10/16 20:00,9452,,,2020-10-17T00:00:00Z,6696257,,,339803,9192,260,,,,,,,,,,,,,17,3629,73860,6699844,77489,6699844,,27,0,04ae3235edc2f312b170e538d5a2de8fdde90209,0,0,0,0,0,
20201016,IL,339761,3587,6282594,,totalTestsViral,6618768,2016,,410,,151,,,10/16/2020 00:00,2020-10-16T00:00:00Z,10/15 20:00,9425,,,2020-10-16T00:00:00Z,6618768,,,336174,9165,260,,,,,,,,,,,,,17,5103,83205,6622355,87759,6622355,,52,0,19daa3de0e064aa7c5a366306aec6a6f2c2b9fa2,0,0,0,0,0,
20201015,IL,334658,3038,6199389,,totalTestsViral,6531009,1932,,388,,147,,,10/15/2020 00:00,2020-10-15T00:00:00Z,10/14 20:00,9373,,,2020-10-15T00:00:00Z,6531009,,,331620,9127,246,,,,,,,,,,,,,17,4015,63071,6534047,67086,6534047,,53,0,ddce683c090cbfb78603ac48c2443aeb9a0d15b0,0,0,0,0,0,
20201014,IL,330643,3038,6136318,,totalTestsViral,6463923,1974,,390,,153,,,10/14/2020 00:00,2020-10-14T00:00:00Z,10/13 20:00,9320,,,2020-10-14T00:00:00Z,6463923,,,327605,9074,246,,,,,,,,,,,,,17,2862,49807,6466961,52669,6466961,,48,0,84e501dd1188b05efe47a7c0d0bfd3d34c17e10c,0,0,0,0,0,
20201013,IL,327781,3038,6086511,,totalTestsViral,6411254,1848,,406,,160,,,10/13/2020 00:00,2020-10-13T00:00:00Z,10/12 20:00,9272,,,2020-10-13T00:00:00Z,6411254,,,324743,9026,246,,,,,,,,,,,,,17,2851,53142,6414292,55993,6414292,,29,0,253a85b6c4c0fd507c8cff84cc4dc29c5c55c9f0,0,0,0,0,0,
20201012,IL,324930,3038,6033369,,totalTestsViral,6355261,1764,,377,,153,,,10/12/2020 00:00,2020-10-12T00:00:00Z,10/11 20:00,9243,,,2020-10-12T00:00:00Z,6355261,,,321892,8997,246,,,,,,,,,,,,,17,2742,44837,6358299,47579,6358299,,13,0,5cb5c8c6a4638f857eebbd7daa04e98863cd9173,0,0,0,0,0,
20201011,IL,322188,3038,5988532,,totalTestsViral,6307682,1776,,388,,159,,,10/11/2020 00:00,2020-10-11T00:00:00Z,10/10 20:00,9230,,,2020-10-11T00:00:00Z,6307682,,,319150,8984,246,,,,,,,,,,,,,17,2727,61320,6310720,64047,6310720,,9,0,d062adb4b71408fecf3eb575d854e742182e72c4,0,0,0,0,0,
20201010,IL,319461,3038,5927212,,totalTestsViral,6243635,1807,,406,,166,,,10/10/2020 00:00,2020-10-10T00:00:00Z,10/09 20:00,9221,,,2020-10-10T00:00:00Z,6243635,,,316423,8975,246,,,,,,,,,,,,,17,2905,63351,6246673,66256,6246673,,30,0,122429802e447c3703e17e1931567e61294cb575,0,0,0,0,0,
20201009,IL,316556,3038,5863861,,totalTestsViral,6177379,1812,,395,,153,,,10/9/2020 00:00,2020-10-09T00:00:00Z,10/08 20:00,9191,,,2020-10-09T00:00:00Z,6177379,,,313518,8945,246,,,,,,,,,,,,,17,3117,68781,6180417,71599,6180417,,32,0,effcfded3e670e3b741ee772c32199b428b2983a,0,0,0,0,0,
20201008,IL,313439,2739,5795080,,totalTestsViral,6105780,1755,,392,,163,,,10/8/2020 00:00,2020-10-08T00:00:00Z,10/07 20:00,9159,,,2020-10-08T00:00:00Z,6105780,,,310700,8910,249,,,,,,,,,,,,,17,3059,69432,6108519,72491,6108519,,32,0,46e9d09d67510bae5d52fe9c6963c5a1d0849c99,0,0,0,0,0,
20201007,IL,310380,2739,5725648,,totalTestsViral,6033289,1679,,372,,165,,,10/7/2020 00:00,2020-10-07T00:00:00Z,10/06 20:00,9127,,,2020-10-07T00:00:00Z,6033289,,,307641,8878,249,,,,,,,,,,,,,17,2630,56190,6036028,58820,6036028,,42,0,7b3f068911fa4c6cb840e5782b4e0c9663ed7ba3,0,0,0,0,0,
20201006,IL,307750,2739,5669458,,totalTestsViral,5974469,1673,,384,,159,,,10/6/2020 00:00,2020-10-06T00:00:00Z,10/05 20:00,9085,,,2020-10-06T00:00:00Z,5974469,,,305011,8836,249,,,,,,,,,,,,,17,1617,47896,5977208,49513,5977208,,31,0,5d5999fd10a16c62bf672f3ea6e22271a78b187d,0,0,0,0,0,
20201005,IL,306133,2739,5621562,,totalTestsViral,5924956,1631,,382,,155,,,10/5/2020 00:00,2020-10-05T00:00:00Z,10/04 20:00,9054,,,2020-10-05T00:00:00Z,5924956,,,303394,8805,249,,,,,,,,,,,,,17,1853,36685,5927695,38538,5927695,,14,0,21e7938521c98c93a32f1c4505afe1dddcddedea,0,0,0,0,0,
20201004,IL,304280,2739,5584877,,totalTestsViral,5886418,1521,,384,,140,,,10/4/2020 00:00,2020-10-04T00:00:00Z,10/03 20:00,9040,,,2020-10-04T00:00:00Z,5886418,,,301541,8791,249,,,,,,,,,,,,,17,1453,50203,5889157,51656,5889157,,17,0,542a5ed0138c50b7c5ce344522e738d92b074258,0,0,0,0,0,
20201003,IL,302827,2739,5534674,,totalTestsViral,5834762,1535,,361,,140,,,10/3/2020 00:00,2020-10-03T00:00:00Z,10/02 20:00,9023,,,2020-10-03T00:00:00Z,5834762,,,300088,8774,249,,,,,,,,,,,,,17,2442,69192,5837501,71634,5837501,,31,0,cc029e05fb0214a1d53a9c9bbab22ef438ba4135,0,0,0,0,0,
20201002,IL,300385,2739,5465482,,totalTestsViral,5763128,1678,,373,,162,,,10/2/2020 00:00,2020-10-02T00:00:00Z,10/01 20:00,8992,,,2020-10-02T00:00:00Z,5763128,,,297646,8743,249,,,,,,,,,,,,,17,2456,70485,5765867,72691,5765867,,52,0,8612858141f0eeb3a86c954377b5cf45e1718431,0,0,0,0,0,
20201001,IL,297929,2489,5394997,,totalTestsViral,5690437,1635,,359,,149,,,10/1/2020 00:00,2020-10-01T00:00:00Z,09/30 20:00,8940,,,2020-10-01T00:00:00Z,5690437,,,295440,8696,244,,,,,,,,,,,,,17,2166,63449,5692926,65615,5692926,,24,0,827aff059a31f3fb977f3ce2c365987cdfc41d27,0,0,0,0,0,
20200930,IL,295763,2489,5331548,,totalTestsViral,5624822,1632,,378,,152,,,9/30/2020 00:00,2020-09-30T00:00:00Z,09/29 20:00,8916,,,2020-09-30T00:00:00Z,5624822,,,293274,8672,244,,,,,,,,,,,,,17,2273,56273,5627311,58546,5627311,,35,0,78e74fe557b6fb75008e010ba18ad2de15662bcf,0,0,0,0,0,
20200929,IL,293490,2489,5275275,,totalTestsViral,5566276,1535,,363,,151,,,9/29/2020 00:00,2020-09-29T00:00:00Z,09/28 20:00,8881,,,2020-09-29T00:00:00Z,5566276,,,291001,8637,244,,,,,,,,,,,,,17,1362,44262,5568765,45624,5568765,,23,0,dc451687212389cb7c013f533d5ef31eb8bdef42,0,0,0,0,0,
20200928,IL,292128,2489,5231013,,totalTestsViral,5520652,1491,,346,,135,,,9/28/2020 00:00,2020-09-28T00:00:00Z,09/27 20:00,8858,,,2020-09-28T00:00:00Z,5520652,,,289639,8614,244,,,,,,,,,,,,,17,1709,39433,5523141,41142,5523141,,13,0,3d3651b1211081cb06b7e374b0b3db86f2f473f8,0,0,0,0,0,
20200927,IL,290419,2489,5191580,,totalTestsViral,5479510,1486,,350,,144,,,9/27/2020 00:00,2020-09-27T00:00:00Z,09/26 20:00,8845,,,2020-09-27T00:00:00Z,5479510,,,287930,8601,244,,,,,,,,,,,,,17,1604,49218,5481999,50822,5481999,,13,0,33bb8ea042c9a0fa9dd1d7775808e197bc7d357b,0,0,0,0,0,
20200926,IL,288815,2489,5142362,,totalTestsViral,5428688,1597,,355,,141,,,9/26/2020 00:00,2020-09-26T00:00:00Z,09/25 20:00,8832,,,2020-09-26T00:00:00Z,5428688,,,286326,8588,244,,,,,,,,,,,,,17,2441,62776,5431177,65217,5431177,,25,0,55224321623ebc2962bcf637067146d9fbecf369,0,0,0,0,0,
20200925,IL,286374,2489,5079586,,totalTestsViral,5363471,1637,,371,,124,,,9/25/2020 00:00,2020-09-25T00:00:00Z,09/24 20:00,8807,,,2020-09-25T00:00:00Z,5363471,,,283885,8563,244,,,,,,,,,,,,,17,2805,67279,5365960,69793,5365960,,33,0,c66db0688c00d70c42ad98a3401daa2f0cc011a6,0,0,0,0,0,
20200924,IL,283569,2198,5012307,,totalTestsViral,5293678,1713,,400,,155,,,9/24/2020 00:00,2020-09-24T00:00:00Z,09/23 20:00,8774,,,2020-09-24T00:00:00Z,5293678,,,281371,8538,236,,,,,,,,,,,,,17,2257,59814,5295876,62071,5295876,,30,0,c7cb0af743a69ba8896c10807ed4f1d745d94001,0,0,0,0,0,
20200923,IL,281312,2198,4952493,,totalTestsViral,5231607,1563,,351,,144,,,9/23/2020 00:00,2020-09-23T00:00:00Z,09/22 20:00,8744,,,2020-09-23T00:00:00Z,5231607,,,279114,8508,236,,,,,,,,,,,,,17,1848,44543,5233805,46391,5233805,,22,0,f5c283b3540b2eee171d485df3ff20f2938ecfbc,0,0,0,0,0,
20200922,IL,279464,2198,4907950,,totalTestsViral,5185216,1455,,367,,153,,,9/22/2020 00:00,2020-09-22T00:00:00Z,09/21 20:00,8722,,,2020-09-22T00:00:00Z,5185216,,,277266,8486,236,,,,,,,,,,,,,17,1531,40298,5187414,41829,5187414,,29,0,efaac6a1917de8fd7d72a97d11855ac45e189fd1,0,0,0,0,0,
20200921,IL,277933,2198,4867652,,totalTestsViral,5143387,1436,,364,,153,,,9/21/2020 00:00,2020-09-21T00:00:00Z,09/20 20:00,8693,,,2020-09-21T00:00:00Z,5143387,,,275735,8457,236,,,,,,,,,,,,,17,1477,36757,5145585,38234,5145585,,7,0,73deba334c3332cdd2d3476e009dabd1d36a97cf,0,0,0,0,0,
20200920,IL,276456,2198,4830895,,totalTestsViral,5105153,1417,,357,,151,,,9/20/2020 00:00,2020-09-20T00:00:00Z,09/19 20:00,8686,,,2020-09-20T00:00:00Z,5105153,,,274258,8450,236,,,,,,,,,,,,,17,1402,46609,5107351,48011,5107351,,14,0,8364d658274d4c5089e8b96c01fea68653c3f158,0,0,0,0,0,
20200919,IL,275054,2198,4784286,,totalTestsViral,5057142,1469,,326,,141,,,9/19/2020 00:00,2020-09-19T00:00:00Z,09/18 20:00,8672,,,2020-09-19T00:00:00Z,5057142,,,272856,8436,236,,,,,,,,,,,,,17,2529,71757,5059340,74286,5059340,,25,0,51893e0539ba16eba3ffc040ba3c49662bee7ea2,0,0,0,0,0,
20200918,IL,272525,2198,4712529,,totalTestsViral,4982856,1481,,329,,149,,,9/18/2020 00:00,2020-09-18T00:00:00Z,09/17 20:00,8647,,,2020-09-18T00:00:00Z,4982856,,,270327,8411,236,,,,,,,,,,,,,17,2223,59798,4985054,61918,4985054,,23,0,43f0158da4012c0563bc825578fe50145e18e597,0,0,0,0,0,
20200917,IL,270302,2095,4652731,,totalTestsViral,4920938,1558,,359,,144,,,9/17/2020 00:00,2020-09-17T00:00:00Z,09/16 20:00,8624,,,2020-09-17T00:00:00Z,4920938,,,268207,8392,232,,,,,,,,,,,,,17,2056,55744,4923033,57800,4923033,,25,0,b723477c674b6f451605185be0516fedd27ba1c6,0,0,0,0,0,
20200916,IL,268246,2095,4596987,,totalTestsViral,4863138,1565,,345,,143,,,9/16/2020 00:00,2020-09-16T00:00:00Z,09/15 20:00,8599,,,2020-09-16T00:00:00Z,4863138,,,266151,8367,232,,,,,,,,,,,,,17,1941,50370,4865233,52311,4865233,,35,0,a8a27ff16998dce0fc19c027211fbb8f4c997f7d,0,0,0,0,0,
20200915,IL,266305,2095,4546617,,totalTestsViral,4810827,1584,,373,,144,,,9/15/2020 00:00,2020-09-15T00:00:00Z,09/14 20:00,8564,,,2020-09-15T00:00:00Z,4810827,,,264210,8332,232,,,,,,,,,,,,,17,1466,37565,4812922,39031,4812922,,18,0,ab6f38cda7b0d5d204020689e478245083426627,0,0,0,0,0,
20200914,IL,264839,2095,4509052,,totalTestsViral,4771796,1431,,335,,131,,,9/14/2020 00:00,2020-09-14T00:00:00Z,09/13 20:00,8546,,,2020-09-14T00:00:00Z,4771796,,,262744,8314,232,,,,,,,,,,,,,17,1373,34557,4773891,35930,4773891,,5,0,feaa0e356bd5910d5eb477c822927b2d415857b0,0,0,0,0,0,
20200913,IL,263466,2095,4474495,,totalTestsViral,4735866,1422,,328,,136,,,9/13/2020 00:00,2020-09-13T00:00:00Z,09/12 20:00,8541,,,2020-09-13T00:00:00Z,4735866,,,261371,8309,232,,,,,,,,,,,,,17,1462,45428,4737961,46890,4737961,,14,0,0f6af8bcc463875f743eb46a13ad9f90e74e9260,0,0,0,0,0,
20200912,IL,262004,2095,4429067,,totalTestsViral,4688976,1509,,344,,170,,,9/12/2020 00:00,2020-09-12T00:00:00Z,09/11 20:00,8527,,,2020-09-12T00:00:00Z,4688976,,,259909,8295,232,,,,,,,,,,,,,17,2121,54473,4691071,56594,4691071,,22,0,445b6823c3b0d390a808390af1808af06b3ebff4,0,0,0,0,0,
20200911,IL,259883,2095,4374594,,totalTestsViral,4632382,1619,,359,,155,,,9/11/2020 00:00,2020-09-11T00:00:00Z,09/10 20:00,8505,,,2020-09-11T00:00:00Z,4632382,,,257788,8273,232,,,,,,,,,,,,,17,2312,54516,4634477,56661,4634477,,44,0,f4ec83c4b1c62fb8b8e9cacfc4591cc53ae2a2d7,0,0,0,0,0,
20200910,IL,257571,1928,4320078,,totalTestsViral,4575721,1609,,346,,141,,,9/10/2020 00:00,2020-09-10T00:00:00Z,09/09 20:00,8461,,,2020-09-10T00:00:00Z,4575721,,,255643,8242,219,,,,,,,,,,,,,17,1953,47029,4577649,48982,4577649,,28,0,49111a8934280a78757f9ecf43ff220e49eca97e,0,0,0,0,0,
20200909,IL,255618,1928,4273049,,totalTestsViral,4526739,1580,,357,,133,,,9/9/2020 00:00,2020-09-09T00:00:00Z,09/08 20:00,8433,,,2020-09-09T00:00:00Z,4526739,,,253690,8214,219,,,,,,,,,,,,,17,1337,46692,4528667,48029,4528667,,28,0,aa1bd4a42669ae545fc39097571760685d145a12,0,0,0,0,0,
20200908,IL,254281,1928,4226357,,totalTestsViral,4478710,1504,,343,,133,,,9/8/2020 00:00,2020-09-08T00:00:00Z,09/07 20:00,8405,,,2020-09-08T00:00:00Z,4478710,,,252353,8186,219,,,,,,,,,,,,,17,1392,29971,4480638,31363,4480638,,7,0,9fc9794ce8acba2e8ef01a115abfd433960d9875,0,0,0,0,0,
20200907,IL,252889,1928,4196386,,totalTestsViral,4447347,1484,,352,,137,,,9/7/2020 00:00,2020-09-07T00:00:00Z,09/06 20:00,8398,,,2020-09-07T00:00:00Z,4447347,,,250961,8179,219,,,,,,,,,,,,,17,1381,27594,4449275,28975,4449275,,8,0,ada28e4509a139badc65c3ff829f010f9251b4b9,0,0,0,0,0,
20200906,IL,251508,1928,4168792,,totalTestsViral,4418372,1504,,356,,134,,,9/6/2020 00:00,2020-09-06T00:00:00Z,09/05 20:00,8390,,,2020-09-06T00:00:00Z,4418372,,,249580,8171,219,,,,,,,,,,,,,17,1403,45093,4420300,46496,4420300,,5,0,d44486cd34281006ad5dd512dbaac72d8c5f7073,0,0,0,0,0,
20200905,IL,250105,1928,4123699,,totalTestsViral,4371876,1550,,363,,151,,,9/5/2020 00:00,2020-09-05T00:00:00Z,09/04 20:00,8385,,,2020-09-05T00:00:00Z,4371876,,,248177,8166,219,,,,,,,,,,,,,17,2806,59129,4373804,61935,4373804,,23,0,fbdbab90e4b39e9d3b4ed7fa866291492f48dece,0,0,0,0,0,
20200904,IL,247299,1928,4064570,,totalTestsViral,4309941,1621,,360,,155,,,9/4/2020 00:00,2020-09-04T00:00:00Z,09/03 20:00,8362,,,2020-09-04T00:00:00Z,4309941,,,245371,8143,219,,,,,,,,,,,,,17,5594,143905,4311869,149273,4311869,,38,0,7ecf65ae1f81d904e7ac8251349f725589e9ac40,0,0,0,0,0,
20200903,IL,241705,1702,3920665,,totalTestsViral,4160668,1620,,360,,144,,,9/3/2020 00:00,2020-09-03T00:00:00Z,09/02 20:00,8324,,,2020-09-03T00:00:00Z,4160668,,,240003,8115,209,,,,,,,,,,,,,17,1360,39435,4162370,40795,4162370,,24,0,0927df836d1bf968257ad693abfc9d5fa7380103,0,0,0,0,0,
20200902,IL,240345,1702,3881230,,totalTestsViral,4119873,1596,,347,,142,,,9/2/2020 00:00,2020-09-02T00:00:00Z,09/01 20:00,8300,,,2020-09-02T00:00:00Z,4119873,,,238643,8091,209,,,,,,,,,,,,,17,2128,30623,4121575,32751,4121575,,27,0,b0117b3b52340c8f6fc383f61d33513e7e9acdff,0,0,0,0,0,
20200901,IL,238217,1702,3850607,,totalTestsViral,4087122,1513,,362,,146,,,9/1/2020 00:00,2020-09-01T00:00:00Z,08/31 20:00,8273,,,2020-09-01T00:00:00Z,4087122,,,236515,8064,209,,,,,,,,,,,,,17,1492,21469,4088824,22961,4088824,,38,0,f9a3ad25788258fe1d50d4a23a1fd439d2002b7c,0,0,0,0,0,
20200831,IL,236725,1702,3829138,,totalTestsViral,4064161,1492,,347,,157,,,8/31/2020 00:00,2020-08-31T00:00:00Z,08/30 20:00,8235,,,2020-08-31T00:00:00Z,4064161,,,235023,8026,209,,,,,,,,,,,,,17,1668,45711,4065863,47379,4065863,,7,0,a8be1a38646d4f5539a662081344b38294831b32,0,0,0,0,0,
20200830,IL,235057,1702,3783427,,totalTestsViral,4016782,1472,,328,,155,,,8/30/2020 00:00,2020-08-30T00:00:00Z,08/29 20:00,8228,,,2020-08-30T00:00:00Z,4016782,,,233355,8019,209,,,,,,,,,,,,,17,1992,41701,4018484,43693,4018484,,11,0,c38d7375fb2c93dd17f5e8e30516af6fef7c6d73,0,0,0,0,0,
20200829,IL,233065,1702,3741726,,totalTestsViral,3973089,1563,,349,,134,,,8/29/2020 00:00,2020-08-29T00:00:00Z,08/28 20:00,8217,,,2020-08-29T00:00:00Z,3973089,,,231363,8008,209,,,,,,,,,,,,,17,1880,46904,3974791,48784,3974791,,11,0,3c95b60c4ca82edc488ffeec41f5c53af8195eda,0,0,0,0,0,
20200828,IL,231185,1702,3694822,,totalTestsViral,3924305,1546,,352,,132,,,8/28/2020 00:00,2020-08-28T00:00:00Z,08/27 20:00,8206,,,2020-08-28T00:00:00Z,3924305,,,229483,7997,209,,,,,,,,,,,,,17,2434,46234,3926007,48383,3926007,,20,0,ef3e663c459abce96a56bd7ba45d0b39a2769669,0,0,0,0,0,
20200827,IL,228751,1417,3648588,,totalTestsViral,3875922,1631,,390,,151,,,8/27/2020 00:00,2020-08-27T00:00:00Z,08/26 20:00,8186,,,2020-08-27T00:00:00Z,3875922,,,227334,7977,209,,,,,,,,,,,,,17,1707,42803,3877339,44510,3877339,,23,0,47d08f8858340355135f50734575a766e3b0d489,0,0,0,0,0,
20200826,IL,227044,1417,3605785,,totalTestsViral,3831412,1573,,350,,132,,,8/26/2020 00:00,2020-08-26T00:00:00Z,08/25 20:00,8163,,,2020-08-26T00:00:00Z,3831412,,,225627,7954,209,,,,,,,,,,,,,17,2157,48205,3832829,50362,3832829,,37,0,15c9e2fae3df44a7258781d29de33a419eeb0cea,0,0,0,0,0,
20200825,IL,224887,1417,3557580,,totalTestsViral,3781050,1549,,345,,135,,,8/25/2020 00:00,2020-08-25T00:00:00Z,08/24 20:00,8126,,,2020-08-25T00:00:00Z,3781050,,,223470,7917,209,,,,,,,,,,,,,17,1680,39179,3782467,40859,3782467,,29,0,1cfce2cfc04498c36c6be051ec352b0d1f4b9ef2,0,0,0,0,0,
20200824,IL,223207,1417,3518401,,totalTestsViral,3740191,1529,,334,,141,,,8/24/2020 00:00,2020-08-24T00:00:00Z,08/23 20:00,8097,,,2020-08-24T00:00:00Z,3740191,,,221790,7888,209,,,,,,,,,,,,,17,1612,34543,3741608,36155,3741608,,8,0,e2264e9f79a6ab75b9b4b4977d5bd11a96a88cfe,0,0,0,0,0,
20200823,IL,221595,1417,3483858,,totalTestsViral,3704036,1449,,339,,117,,,8/23/2020 00:00,2020-08-23T00:00:00Z,08/22 20:00,8089,,,2020-08-23T00:00:00Z,3704036,,,220178,7880,209,,,,,,,,,,,,,17,1893,52458,3705453,54351,3705453,,6,0,03b3b9d9c930cccc4d5df110be7750da6c9258e4,0,0,0,0,0,
20200822,IL,219702,1417,3431400,,totalTestsViral,3649685,1488,,322,,127,,,8/22/2020 00:00,2020-08-22T00:00:00Z,08/21 20:00,8083,,,2020-08-22T00:00:00Z,3649685,,,218285,7874,209,,,,,,,,,,,,,17,2356,54410,3651102,56766,3651102,,17,0,0c1f8fd664c722f1e9ee18c95ec4394fb838cf04,0,0,0,0,0,
20200821,IL,217346,1417,3376990,,totalTestsViral,3592919,1526,,351,,121,,,8/21/2020 00:00,2020-08-21T00:00:00Z,08/20 20:00,8066,,,2020-08-21T00:00:00Z,3592919,,,215929,7857,209,,,,,,,,,,,,,17,2293,49528,3594336,51736,3594336,,22,0,ae47ffe1e16d3152eb62f8cd0c965b6c7a3d042e,0,0,0,0,0,
20200820,IL,215053,1332,3327462,,totalTestsViral,3541183,1519,,357,,124,,,8/20/2020 00:00,2020-08-20T00:00:00Z,08/19 20:00,8044,,,2020-08-20T00:00:00Z,3541183,,,213721,7833,211,,,,,,,,,,,,,17,1832,49780,3542515,51612,3542515,,27,0,cc1307ebcf36cec6846e3ad0d7dc8e6087ecfa29,0,0,0,0,0,
20200819,IL,213221,1332,3277682,,totalTestsViral,3489571,1519,,334,,144,,,8/19/2020 00:00,2020-08-19T00:00:00Z,08/18 20:00,8017,,,2020-08-19T00:00:00Z,3489571,,,211889,7806,211,,,,,,,,,,,,,17,2295,48004,3490903,50299,3490903,,24,0,9777ff9e23c0310962a722e8969b08c834c03aad,0,0,0,0,0,
20200818,IL,210926,1332,3229678,,totalTestsViral,3439272,1510,,335,,128,,,8/18/2020 00:00,2020-08-18T00:00:00Z,08/17 20:00,7993,,,2020-08-18T00:00:00Z,3439272,,,209594,7782,211,,,,,,,,,,,,,17,1740,32435,3440604,34175,3440604,,26,0,d0380bd96578c91c6342efdda5d4a182f116c814,0,0,0,0,0,
20200817,IL,209186,1332,3197243,,totalTestsViral,3405097,1544,,340,,126,,,8/17/2020 00:00,2020-08-17T00:00:00Z,08/16 20:00,7967,,,2020-08-17T00:00:00Z,3405097,,,207854,7756,211,,,,,,,,,,,,,17,1773,36473,3406429,38246,3406429,,12,0,949051516e6a6ed58834438b183782e8dc449bce,0,0,0,0,0,
20200816,IL,207413,1332,3160770,,totalTestsViral,3366851,1581,,345,,116,,,8/16/2020 00:00,2020-08-16T00:00:00Z,08/15 20:00,7955,,,2020-08-16T00:00:00Z,3366851,,,206081,7744,211,,,,,,,,,,,,,17,1562,35527,3368183,37089,3368183,,18,0,7b364c6f11a3bf7faea54cd6a73f0e57020e16bf,0,0,0,0,0,
20200815,IL,205851,1332,3125243,,totalTestsViral,3329762,1538,,330,,127,,,8/15/2020 00:00,2020-08-15T00:00:00Z,08/14 20:00,7937,,,2020-08-15T00:00:00Z,3329762,,,204519,7726,211,,,,,,,,,,,,,17,1828,42586,3331094,44414,3331094,,5,0,2c00690db9fddd32166547298338f56514773f53,0,0,0,0,0,
20200814,IL,204023,1332,3082657,,totalTestsViral,3285348,1612,,345,,126,,,8/14/2020 00:00,2020-08-14T00:00:00Z,08/13 20:00,7932,,,2020-08-14T00:00:00Z,3285348,,,202691,7721,211,,,,,,,,,,,,,17,2296,47277,3286680,49541,3286680,,27,0,79a488b7eb6f6c0f869b7bc6dd3752fcdf20179e,0,0,0,0,0,
20200813,IL,201727,1300,3035380,,totalTestsViral,3235807,1628,,383,,127,,,8/13/2020 00:00,2020-08-13T00:00:00Z,08/12 20:00,7905,,,2020-08-13T00:00:00Z,3235807,,,200427,7696,209,,,,,,,,,,,,,17,1834,44172,3237107,46006,3237107,,24,0,5841103bc0cac6358b13d2874a545cc80941b998,0,0,0,0,0,
20200812,IL,199893,1300,2991208,,totalTestsViral,3189801,1525,,357,,129,,,8/12/2020 00:00,2020-08-12T00:00:00Z,08/11 20:00,7881,,,2020-08-12T00:00:00Z,3189801,,,198593,7672,209,,,,,,,,,,,,,17,1645,40453,3191101,42098,3191101,,15,0,7a369ff8cea290d93aeb75f4b1c0444dcb95be25,0,0,0,0,0,
20200811,IL,198248,1300,2950755,,totalTestsViral,3147703,1459,,336,,127,,,8/11/2020 00:00,2020-08-11T00:00:00Z,08/10 20:00,7866,,,2020-08-11T00:00:00Z,3147703,,,196948,7657,209,,,,,,,,,,,,,17,1549,39813,3149003,41362,3149003,,20,0,dd63024aca811e1d678fa72caf03b3804397173a,0,0,0,0,0,
20200810,IL,196699,1300,2910942,,totalTestsViral,3106341,1481,,352,,138,,,8/10/2020 00:00,2020-08-10T00:00:00Z,08/09 20:00,7846,,,2020-08-10T00:00:00Z,3106341,,,195399,7637,209,,,,,,,,,,,,,17,1319,31034,3107641,32353,3107641,,1,0,cf2765ff83f38eacebbc25aef6a0b3da4a7bcfb2,0,0,0,0,0,
20200809,IL,195380,1300,2879908,,totalTestsViral,3073988,1488,,322,,114,,,8/9/2020 00:00,2020-08-09T00:00:00Z,08/08 20:00,7845,,,2020-08-09T00:00:00Z,3073988,,,194080,7636,209,,,,,,,,,,,,,17,1382,39972,3075288,41354,3075288,,5,0,2b7c3ef6508b19aa5c4b32d275bf91c94d77962d,0,0,0,0,0,
20200808,IL,193998,1300,2839936,,totalTestsViral,3032634,1538,,338,,125,,,8/8/2020 00:00,2020-08-08T00:00:00Z,08/07 20:00,7840,,,2020-08-08T00:00:00Z,3032634,,,192698,7631,209,,,,,,,,,,,,,17,2190,45826,3033934,48016,3033934,,18,0,105d46982ad3178ea7bdc4bf21871f76251e9c6e,0,0,0,0,0,
20200807,IL,191808,1300,2794110,,totalTestsViral,2984618,1486,,333,,125,,,8/7/2020 00:00,2020-08-07T00:00:00Z,08/06 20:00,7822,,,2020-08-07T00:00:00Z,2984618,,,190508,7613,209,,,,,,,,,,,,,17,2103,44785,2985918,46869,2985918,,31,0,8c71e649923e5b8641d04bd8cb09defa75022b26,0,0,0,0,0,
20200806,IL,189705,1281,2749325,,totalTestsViral,2937749,1517,,346,,132,,,8/6/2020 00:00,2020-08-06T00:00:00Z,08/05 20:00,7791,,,2020-08-06T00:00:00Z,2937749,,,188424,7594,197,,,,,,,,,,,,,17,1953,39733,2939030,41686,2939030,,21,0,0df95555055c6e667e39848bf3b1c20c5a5fbda8,0,0,0,0,0,
20200805,IL,187752,1281,2709592,,totalTestsViral,2896063,1552,,368,,129,,,8/5/2020 00:00,2020-08-05T00:00:00Z,08/04 20:00,7770,,,2020-08-05T00:00:00Z,2896063,,,186471,7573,197,,,,,,,,,,,,,17,1759,44909,2897344,46668,2897344,,28,0,60379ef9fb3dfb53b066b1457a6d42dc397fec80,0,0,0,0,0,
20200804,IL,185993,1281,2664683,,totalTestsViral,2849395,1496,,365,,125,,,8/4/2020 00:00,2020-08-04T00:00:00Z,08/03 20:00,7742,,,2020-08-04T00:00:00Z,2849395,,,184712,7545,197,,,,,,,,,,,,,17,1471,41127,2850676,42598,2850676,,19,0,620e17deb291a6fc2147597d84021aa62c2d1084,0,0,0,0,0,
20200803,IL,184522,1281,2623556,,totalTestsViral,2806797,1418,,347,,132,,,8/3/2020 00:00,2020-08-03T00:00:00Z,08/02 20:00,7723,,,2020-08-03T00:00:00Z,2806797,,,183241,7526,197,,,,,,,,,,,,,17,1298,27177,2808078,28475,2808078,,9,0,763d9fd6b6efa31dfa6b84df8ee190c8296b500b,0,0,0,0,0,
20200802,IL,183224,1281,2596379,,totalTestsViral,2778322,1407,,339,,126,,,8/2/2020 00:00,2020-08-02T00:00:00Z,08/01 20:00,7714,,,2020-08-02T00:00:00Z,2778322,,,181943,7517,197,,,,,,,,,,,,,17,1467,37478,2779603,38945,2779603,,14,0,16b9f810672fd47918d2026cbaf7318f2308d558,0,0,0,0,0,
20200801,IL,181757,1281,2558901,,totalTestsViral,2739377,1347,,334,,148,,,8/1/2020 00:00,2020-08-01T00:00:00Z,07/31 20:00,7700,,,2020-08-01T00:00:00Z,2739377,,,180476,7503,197,,,,,,,,,,,,,17,1639,38170,2740658,39809,2740658,,8,0,b9c84ed9c9b6053045742120c890df7884b0f4c2,0,0,0,0,0,
20200731,IL,180118,1281,2520731,,totalTestsViral,2699568,1369,,346,,148,,,7/31/2020 00:00,2020-07-31T00:00:00Z,07/30 20:00,7692,,,2020-07-31T00:00:00Z,2699568,,,178837,7495,197,,,,,,,,,,,,,17,1980,47841,2700849,49782,2700849,,22,0,81ad7c40fb5bc1a52b0f517b3cffb770f67df84f,0,0,0,0,0,
20200730,IL,178138,1242,2472890,,totalTestsViral,2649786,1452,,353,,149,,,7/30/2020 00:00,2020-07-30T00:00:00Z,07/29 20:00,7670,,,2020-07-30T00:00:00Z,2649786,,,176896,7478,192,,,,,,,,,,,,,17,1772,39362,2651028,41134,2651028,,16,0,ea35b4ac933f8b375fc450e08e2eace720b8b35f,0,0,0,0,0,
20200729,IL,176366,1242,2433528,,totalTestsViral,2608652,1491,,355,,152,,,7/29/2020 00:00,2020-07-29T00:00:00Z,07/28 20:00,7654,,,2020-07-29T00:00:00Z,2608652,,,175124,7462,192,,,,,,,,,,,,,17,1393,36794,2609894,38187,2609894,,16,0,26f9ad827b5e5c6232f10ee2ccd60ecb92f93527,0,0,0,0,0,
20200728,IL,174973,1242,2396734,,totalTestsViral,2570465,1383,,329,,128,,,7/28/2020 00:00,2020-07-28T00:00:00Z,07/27 20:00,7638,,,2020-07-28T00:00:00Z,2570465,,,173731,7446,192,,,,,,,,,,,,,17,1076,27255,2571707,28331,2571707,,30,0,ce6e27d756a55105bb036da0a71b40327b9df850,0,0,0,0,0,
20200727,IL,173897,1242,2369479,,totalTestsViral,2542134,1417,,350,,124,,,7/27/2020 00:00,2020-07-27T00:00:00Z,07/26 20:00,7608,,,2020-07-27T00:00:00Z,2542134,,,172655,7416,192,,,,,,,,,,,,,17,1231,29336,2543376,30567,2543376,,18,0,9a29bc296c79081bfe37699db51676ef7296506e,0,0,0,0,0,
20200726,IL,172666,1242,2340143,,totalTestsViral,2511567,1394,,345,,119,,,7/26/2020 00:00,2020-07-26T00:00:00Z,07/25 20:00,7590,,,2020-07-26T00:00:00Z,2511567,,,171424,7398,192,,,,,,,,,,,,,17,1541,39303,2512809,40844,2512809,,1,0,f713b3124db2e9dd83555ad8027f45ffbd3e4bcd,0,0,0,0,0,
20200725,IL,171125,1242,2300840,,totalTestsViral,2470723,1438,,341,,110,,,7/25/2020 00:00,2020-07-25T00:00:00Z,07/24 20:00,7589,,,2020-07-25T00:00:00Z,2470723,,,169883,7397,192,,,,,,,,,,,,,17,1426,36774,2471965,38200,2471965,,12,0,c26af9a9c23173c4956fc1b03146cc0df985871f,0,0,0,0,0,
20200724,IL,169699,1242,2264066,,totalTestsViral,2432523,1471,,325,,115,,,7/24/2020 00:00,2020-07-24T00:00:00Z,07/23 20:00,7577,,,2020-07-24T00:00:00Z,2432523,,,168457,7385,192,,,,,,,,,,,,,17,1599,42798,2433765,44330,2433765,,17,0,a867515b4bbaca2a593b97a5ab0430a3936f507b,0,0,0,0,0,
20200723,IL,168100,1175,2221268,,totalTestsViral,2388193,1473,,309,,135,,,7/23/2020 00:00,2020-07-23T00:00:00Z,07/22 20:00,7560,,,2020-07-23T00:00:00Z,2388193,,,166925,7367,193,,,,,,,,,,,,,17,1624,38082,2389368,39706,2389368,,20,0,fc8a05282d3d4c74f779431f5046edb37999c767,0,0,0,0,0,
20200722,IL,166476,1175,2183186,,totalTestsViral,2348487,1456,,337,,132,,,7/22/2020 00:00,2020-07-22T00:00:00Z,07/21 20:00,7540,,,2020-07-22T00:00:00Z,2348487,,,165301,7347,193,,,,,,,,,,,,,17,1598,38035,2349662,39633,2349662,,23,0,3eee5057bd0356881bed1bd6c4912a0583f199cd,0,0,0,0,0,
20200721,IL,164878,1175,2145151,,totalTestsViral,2308854,1466,,320,,142,,,7/21/2020 00:00,2020-07-21T00:00:00Z,07/20 20:00,7517,,,2020-07-21T00:00:00Z,2308854,,,163703,7324,193,,,,,,,,,,,,,17,955,28790,2310029,29745,2310029,,23,0,579721124a0fda4ec005f320ea06d514128bf25c,0,0,0,0,0,
20200720,IL,163923,1175,2116361,,totalTestsViral,2279109,1410,,308,,133,,,7/20/2020 00:00,2020-07-20T00:00:00Z,07/19 20:00,7494,,,2020-07-20T00:00:00Z,2279109,,,162748,7301,193,,,,,,,,,,,,,17,1173,33425,2280284,34598,2280284,,6,0,7b930fe38a3196ce79f8fd704ab9a9e33889e544,0,0,0,0,0,
20200719,IL,162750,1175,2082936,,totalTestsViral,2244511,1356,,320,,132,,,7/19/2020 00:00,2020-07-19T00:00:00Z,07/18 20:00,7488,,,2020-07-19T00:00:00Z,2244511,,,161575,7295,193,,,,,,,,,,,,,17,965,31148,2245686,32113,2245686,,5,0,bcfcd775534e12cf0d8a4dfe00ed587dd254a17f,0,0,0,0,0,
20200718,IL,161785,1175,2051788,,totalTestsViral,2212398,1360,,326,,119,,,7/18/2020 00:00,2020-07-18T00:00:00Z,07/17 20:00,7483,,,2020-07-18T00:00:00Z,2212398,,,160610,7290,193,,,,,,,,,,,,,17,1276,44823,2213573,46099,2213573,,18,0,6ad71c9bdc9dedc43ee696a0e192829d97e21a8f,0,0,0,0,0,
20200717,IL,160509,1175,2006965,,totalTestsViral,2166299,1431,,309,,128,,,7/16/2020 00:00,2020-07-16T00:00:00Z,07/15 20:00,7465,,,2020-07-16T00:00:00Z,2166299,,,159334,7272,193,,,,,,,,,,,,,17,1427,42308,2167474,43692,2167474,,13,0,118f6656deb042eebb2c7ab0af9a95d3a1f537b2,0,0,0,0,0,
20200716,IL,159082,1132,1964657,,totalTestsViral,2122607,1434,,311,,127,,,7/16/2020 00:00,2020-07-16T00:00:00Z,07/15 20:00,7452,,,2020-07-16T00:00:00Z,2122607,,,157950,7251,201,,,,,,,,,,,,,17,1257,41749,2123739,43006,2123739,,25,0,093b80ae1a4fa3e660bbfc4587f669761b5aeffe,0,0,0,0,0,
20200715,IL,157825,1132,1922908,,totalTestsViral,2079601,1454,,324,,130,,,7/15/2020 00:00,2020-07-15T00:00:00Z,07/14 20:00,7427,,,2020-07-15T00:00:00Z,2079601,,,156693,7226,201,,,,,,,,,,,,,17,1187,36974,2080733,38161,2080733,,8,0,ccbb93266f89f28de0660260c0352f27aa41d17a,0,0,0,0,0,
20200714,IL,156638,1132,1885934,,totalTestsViral,2041440,1416,,333,,126,,,7/14/2020 00:00,2020-07-14T00:00:00Z,07/13 20:00,7419,,,2020-07-14T00:00:00Z,2041440,,,155506,7218,201,,,,,,,,,,,,,17,707,27739,2042572,28446,2042572,,25,0,7807535a59df78b02afd9a9f8a10f0c7f0a85ab6,0,0,0,0,0,
20200713,IL,155931,1132,1858195,,totalTestsViral,2012994,1362,,334,,136,,,7/13/2020 00:00,2020-07-13T00:00:00Z,07/12 20:00,7394,,,2020-07-13T00:00:00Z,2012994,,,154799,7193,201,,,,,,,,,,,,,17,883,29129,2014126,30012,2014126,,6,0,5fe1a8369aecdf5ac3efd3ae46d1d16c8cf2812a,0,0,0,0,0,
20200712,IL,155048,1132,1829066,,totalTestsViral,1982982,1342,,311,,127,,,7/12/2020 00:00,2020-07-12T00:00:00Z,07/11 20:00,7388,,,2020-07-12T00:00:00Z,1982982,,,153916,7187,201,,,,,,,,,,,,,17,954,37940,1984114,38894,1984114,,19,0,272d4091dd069beeddd5e8f250dff4447cb5a420,0,0,0,0,0,
20200711,IL,154094,1132,1791126,,totalTestsViral,1944088,1398,,321,,139,,,7/11/2020 00:00,2020-07-11T00:00:00Z,07/10 20:00,7369,,,2020-07-11T00:00:00Z,1944088,,,152962,7168,201,,,,,,,,,,,,,17,1195,31150,1945220,32345,1945220,,24,0,9a76205f1679caf087473215949070f329836248,0,0,0,0,0,
20200710,IL,152899,1132,1759976,,totalTestsViral,1911743,1436,,306,,155,,,7/10/2020 00:00,2020-07-10T00:00:00Z,07/09 20:00,7345,,,2020-07-10T00:00:00Z,1911743,,,151767,7144,201,,,,,,,,,,,,,17,1327,31670,1912875,32987,1912875,,16,0,5f3b61a2083b1f11436702542861ee28bdccf193,0,0,0,0,0,
20200709,IL,151572,1122,1728306,,totalTestsViral,1878756,1507,,317,,153,,,7/9/2020 00:00,2020-07-09T00:00:00Z,07/08 20:00,7329,,,2020-07-09T00:00:00Z,1878756,,,150450,7119,210,,,,,,,,,,,,,17,1018,35162,1879878,36180,1879878,,20,0,f50ebf7cecf9d12a70b18dbba4260a84a202ef9d,0,0,0,0,0,
20200708,IL,150554,1122,1693144,,totalTestsViral,1842576,1385,,320,,153,,,7/8/2020 00:00,2020-07-08T00:00:00Z,07/07 20:00,7309,,,2020-07-08T00:00:00Z,1842576,,,149432,7099,210,,,,,,,,,,,,,17,980,31762,1843698,32742,1843698,,36,0,0750b4f872283fb5a0f800a19519889bd7453b4f,0,0,0,0,0,
20200707,IL,149574,1122,1661382,,totalTestsViral,1809834,1385,,320,,153,,,7/7/2020 00:00,2020-07-07T00:00:00Z,07/06 20:00,7273,,,2020-07-07T00:00:00Z,1809834,,,148452,7063,210,,,,,,,,,,,,,17,587,26407,1810956,26994,1810956,,37,0,03fb89dec7f2982f84fa4b7195260218e5fab19a,0,0,0,0,0,
20200706,IL,148987,1122,1634975,,totalTestsViral,1782840,1395,,321,,151,,,7/6/2020 00:00,2020-07-06T00:00:00Z,07/05 20:00,7236,,,2020-07-06T00:00:00Z,1782840,,,147865,7026,210,,,,,,,,,,,,,17,614,20520,1783962,21134,1783962,,6,0,5cd0845850293996e2548f5819b3313f9a3e6ed8,0,0,0,0,0,
20200705,IL,148373,1122,1614455,,totalTestsViral,1761706,1326,,304,,165,,,7/5/2020 00:00,2020-07-05T00:00:00Z,07/04 20:00,7230,,,2020-07-05T00:00:00Z,1761706,,,147251,7020,210,,,,,,,,,,,,,17,639,26596,1762828,27235,1762828,,6,0,dd926cdefc0fcfcad126a251a735829c43c729af,0,0,0,0,0,
20200704,IL,147734,1122,1587859,,totalTestsViral,1734471,1346,,336,,182,,,7/4/2020 00:00,2020-07-04T00:00:00Z,07/03 20:00,7224,,,2020-07-04T00:00:00Z,1734471,,,146612,7014,210,,,,,,,,,,,,,17,862,32974,1735593,33836,1735593,,9,0,730568ef3436d93f8dc3bf0d3af4b05888eaf623,0,0,0,0,0,
20200703,IL,146872,1122,1554885,,totalTestsViral,1700635,1349,,334,,164,,,7/3/2020 00:00,2020-07-03T00:00:00Z,07/02 20:00,7215,,,2020-07-03T00:00:00Z,1700635,,,145750,7005,210,,,,,,,,,,,,,17,937,33450,1701757,34318,1701757,,27,0,4407061f0d4cfa3a60c341bcd2661b23df22cadc,0,0,0,0,0,
20200702,IL,145935,1053,1521435,,totalTestsViral,1666317,1651,,349,,195,,,7/2/2020 00:00,2020-07-02T00:00:00Z,07/01 20:00,7188,,,2020-07-02T00:00:00Z,1666317,,,144882,6987,201,,,,,,,,,,,,,17,869,29393,1667370,30262,1667370,,36,0,4de75e11c9d262a511be9e749c9010213c6ff7f7,0,0,0,0,0,
20200701,IL,145066,1053,1492042,,totalTestsViral,1636055,1511,,384,,189,,,7/1/2020 00:00,2020-07-01T00:00:00Z,06/30 20:00,7152,,,2020-07-01T00:00:00Z,1636055,,,144013,6951,201,,,,,,,,,,,,,17,828,32262,1637108,33090,1637108,,28,0,5c2f88222cb5402cffe1b89d389dcb0fe51585d8,0,0,0,0,0,
20200630,IL,144238,1053,1459780,,totalTestsViral,1602965,1560,,401,,185,,,6/30/2020 00:00,2020-06-30T00:00:00Z,06/29 20:00,7124,,,2020-06-30T00:00:00Z,1602965,,,143185,6923,201,,,,,,,,,,,,,17,724,30345,1604018,31069,1604018,,21,0,16ba7a3af82665a0758dbfca22cf4b39ce0d0547,0,0,0,0,0,
20200629,IL,143514,1053,1429435,,totalTestsViral,1571896,1501,,372,,187,,,6/29/2020 00:00,2020-06-29T00:00:00Z,06/28 20:00,7103,,,2020-06-29T00:00:00Z,1571896,,,142461,6902,201,,,,,,,,,,,,,17,738,26180,1572949,26918,1572949,,14,0,479db9f963809bf44a8079577d773fd7f922ed9a,0,0,0,0,0,
20200628,IL,142776,1053,1403255,,totalTestsViral,1544978,1464,,373,,193,,,6/28/2020 00:00,2020-06-28T00:00:00Z,06/27 20:00,7089,,,2020-06-28T00:00:00Z,1544978,,,141723,6888,201,,,,,,,,,,,,,17,646,23143,1546031,23789,1546031,,15,0,a06c37b8520f72262a8ffb176e7b11cf3f3b25e8,0,0,0,0,0,
20200627,IL,142130,1053,1380112,,totalTestsViral,1521189,1516,,400,,225,,,6/27/2020 00:00,2020-06-27T00:00:00Z,06/26 20:00,7074,,,2020-06-27T00:00:00Z,1521189,,,141077,6873,201,,,,,,,,,,,,,17,786,29451,1522242,30237,1522242,,26,0,a4a75ed15b233fb6e2c1cb503068f7ab261fa59b,0,0,0,0,0,
20200626,IL,141344,1053,1350661,,totalTestsViral,1490952,1516,,400,,225,,,6/26/2020 00:00,2020-06-26T00:00:00Z,06/25 20:00,7048,,,2020-06-26T00:00:00Z,1490952,,,140291,6847,201,,,,,,,,,,,,,17,910,29568,1492005,30425,1492005,,34,0,59ab1775b2193f9076b06296cf76f964b1fbefdb,0,0,0,0,0,
20200625,IL,140434,1000,1321093,,totalTestsViral,1460527,1626,,399,,216,,,6/25/2020 00:00,2020-06-25T00:00:00Z,06/24 20:00,7014,,,2020-06-25T00:00:00Z,1460527,,,139434,6810,204,,,,,,,,,,,,,17,894,30792,1461527,31686,1461527,,40,0,740a1203f299a31fe3e9fb351b8fabfe208e6898,0,0,0,0,0,
20200624,IL,139540,1000,1290301,,totalTestsViral,1428841,1614,,389,,219,,,6/24/2020 00:00,2020-06-24T00:00:00Z,06/23 20:00,6974,,,2020-06-24T00:00:00Z,1428841,,,138540,6770,204,,,,,,,,,,,,,17,715,28616,1429841,29331,1429841,,63,0,ed815e89f63280746e63d1c8af9ee5c485c5de31,0,0,0,0,0,
20200623,IL,138825,1000,1261685,,totalTestsViral,1399510,1648,,424,,236,,,6/23/2020 00:00,2020-06-23T00:00:00Z,06/22 20:00,6911,,,2020-06-23T00:00:00Z,1399510,,,137825,6707,204,,,,,,,,,,,,,17,601,19906,1400510,20507,1400510,,36,0,875d33b4ddb1fe8a16956b19aba3d4736b031eac,0,0,0,0,0,
20200622,IL,138224,1000,1241779,,totalTestsViral,1379003,1628,,419,,250,,,6/22/2020 00:00,2020-06-22T00:00:00Z,06/21 20:00,6875,,,2020-06-22T00:00:00Z,1379003,,,137224,6671,204,,,,,,,,,,,,,17,462,17757,1380003,18219,1380003,,24,0,77eee94ab83b805dbbced5ff0805adeab17a7ea4,0,0,0,0,0,
20200621,IL,137762,1000,1224022,,totalTestsViral,1360784,1631,,422,,256,,,6/20/2020 00:00,2020-06-20T00:00:00Z,06/19 20:00,6851,,,2020-06-20T00:00:00Z,1360784,,,136762,6647,204,,,,,,,,,,,,,17,658,23158,1361784,23816,1361784,,22,0,69a3f3b46bbe8318539363032aa476bc11b8e93e,0,0,0,0,0,
20200620,IL,137104,1000,1200864,,totalTestsViral,1336968,1696,,454,,274,,,6/20/2020 00:00,2020-06-20T00:00:00Z,06/19 20:00,6829,,,2020-06-20T00:00:00Z,1336968,,,136104,6625,204,,,,,,,,,,,,,17,634,25331,1337968,25965,1337968,,111,0,2a78186629f8db7893ad037bd9d2372c0879120d,0,0,0,0,0,
20200619,IL,136470,1000,1175533,,totalTestsViral,1311003,1837,,512,,293,,,6/18/2020 12:59,2020-06-18T12:59:00Z,06/18 08:59,6718,,,2020-06-18T12:59:00Z,1311003,,,135470,6580,204,,,,,,,,,,,,,17,831,26479,1312003,27171,1312003,,0,0,76abeca4adb096553f928a119e4ccf3f6aa24b72,0,0,0,0,0,
20200618,IL,135639,861,1149054,,totalTestsViral,1283832,1878,,538,,321,,,6/18/2020 00:00,2020-06-18T00:00:00Z,06/17 20:00,6718,,,2020-06-18T00:00:00Z,1283832,,,134778,6537,181,,,,,,,,,,,,,17,593,24911,1284693,25504,1284693,,52,0,40d60e38ab5daca7e6544c332cd788a2df41deb5,0,0,0,0,0,
20200617,IL,135046,861,1124143,,totalTestsViral,1258328,1878,,563,,331,,,6/17/2020 00:00,2020-06-17T00:00:00Z,06/16 20:00,6666,,,2020-06-17T00:00:00Z,1258328,,,134185,6485,181,,,,,,,,,,,,,17,546,29441,1259189,29987,1259189,,87,0,c8e14fdcf4917698d05770d9bd3f677b55542816,0,0,0,0,0,
20200616,IL,134500,861,1094702,,totalTestsViral,1228341,1939,,561,,331,,,6/16/2020 00:00,2020-06-16T00:00:00Z,06/15 20:00,6579,,,2020-06-16T00:00:00Z,1228341,,,133639,6398,181,,,,,,,,,,,,,17,623,18106,1229202,18729,1229202,,72,0,d70281911e30f7d2542bb53056fce981a61957da,0,0,0,0,0,
20200615,IL,133877,861,1076596,,totalTestsViral,1209612,1961,,569,,340,,,6/15/2020 00:00,2020-06-15T00:00:00Z,06/14 20:00,6507,,,2020-06-15T00:00:00Z,1209612,,,133016,6326,181,,,,,,,,,,,,,17,473,18154,1210473,18627,1210473,,18,0,db745b61031994aa10472fcda9dcfa25bdee1d1a,0,0,0,0,0,
20200614,IL,133404,861,1058442,,totalTestsViral,1190985,1914,,562,,328,,,6/14/2020 00:00,2020-06-14T00:00:00Z,06/13 20:00,6489,,,2020-06-14T00:00:00Z,1190985,,,132543,6308,181,,,,,,,,,,,,,17,672,21368,1191846,22040,1191846,,19,0,d9cb63bcbf96d4cb2d6963e66691b04701404c65,0,0,0,0,0,
20200613,IL,132732,861,1037074,,totalTestsViral,1168945,2117,,610,,352,,,6/13/2020 00:00,2020-06-13T00:00:00Z,06/12 20:00,6470,,,2020-06-13T00:00:00Z,1168945,,,131871,6289,181,,,,,,,,,,,,,17,673,21171,1169806,21844,1169806,,29,0,78986396337330100ae38e7ce48d8f5e85ee7614,0,0,0,0,0,
20200612,IL,132059,861,1015903,,totalTestsViral,1147101,2209,,648,,375,,,6/12/2020 00:00,2020-06-12T00:00:00Z,06/11 20:00,6441,,,2020-06-12T00:00:00Z,1147101,,,131198,6260,181,,,,,,,,,,,,,17,732,24179,1147962,24774,1147962,,78,0,de08e0ac83f4e06a481c4fe1cabf4da872924fb5,0,0,0,0,0,
20200611,IL,131327,724,991724,,totalTestsViral,1122327,2365,,638,,379,,,6/11/2020 00:00,2020-06-11T00:00:00Z,06/10 20:00,6363,,,2020-06-11T00:00:00Z,1122327,,,130603,6185,178,,1122327,,,,,,,,,,,17,766,21559,1123051,22325,1123051,,90,0,00cb57d2edb003ddbfd01f4c4a56df9cb3228f8a,0,0,0,0,0,
20200610,IL,130561,724,970165,,totalTestsViral,1100002,2458,,706,,394,,,6/10/2020 00:59,2020-06-10T00:59:00Z,06/09 20:59,6273,,,2020-06-10T00:59:00Z,1100002,,,129837,6095,178,,1100002,,,,,,,,,,,17,625,20195,1100726,20820,1100726,,77,0,6004ac94a302e8994de82b9d99762aad22898cbb,0,0,0,0,0,
20200609,IL,129936,724,949970,,totalTestsViral,1079182,2573,,726,,437,,,6/9/2020 00:59,2020-06-09T00:59:00Z,06/08 20:59,6196,,,2020-06-09T00:59:00Z,1079182,,,129212,6018,178,,1079182,,,,,,,,,,,17,797,19512,1079906,20309,1079906,,94,0,8db9b4b0484c87a5f699f2366355cece5521bc35,0,0,0,0,0,
20200608,IL,129139,724,930458,,totalTestsViral,1058873,2496,,713,,443,,,6/8/2020 00:59,2020-06-08T00:59:00Z,06/07 20:59,6102,,,2020-06-08T00:59:00Z,1058873,,,128415,5924,178,,1058873,,,,,,,,,,,17,1382,15441,1059597,16099,1059597,,198,0,5de1d8babbcad9f8f1592d379dce9245ccc02f8e,0,0,0,0,0,
20200607,IL,127757,,915017,,totalTestsViral,1042774,2550,,720,,438,,,6/7/2020 00:59,2020-06-07T00:59:00Z,06/06 20:59,5904,,,2020-06-07T00:59:00Z,1042774,,,127757,5904,,,1042774,,,,,,,,,,,17,867,19833,1042774,20700,1042774,,40,0,a63124a8917a8e076d2322540aea1979e2b06853,0,0,0,0,0,
20200606,IL,126890,,895184,,totalTestsViral,1022074,2702,,770,,476,,,6/6/2020 00:00,2020-06-06T00:00:00Z,06/05 20:00,5864,,,2020-06-06T00:00:00Z,1022074,,,126890,5864,,,1022074,,,,,,,,,,,17,975,20180,1022074,21155,1022074,,69,0,f2abf0b0e96ef3a11f65e17fe9e6ca611d4716a7,0,0,0,0,0,
20200605,IL,125915,,875004,,totalTestsViral,1000919,2911,,817,,500,,,6/5/2020 00:00,2020-06-05T00:00:00Z,06/04 20:00,5795,,,2020-06-05T00:00:00Z,1000919,,,125915,5795,,,1000919,,,,,,,,,,,17,1156,17747,1000919,18903,1000919,,59,0,631c23b17fdc504c7b2c61428c196ddc6ef8dd8c,0,0,0,0,0,
20200604,IL,124759,,857257,,totalTestsViral,982016,3044,,853,,516,,,6/4/2020 00:00,2020-06-04T00:00:00Z,06/03 20:00,5736,,,2020-06-04T00:00:00Z,982016,,,124759,5736,,,982016,,,,,,,,,,,17,929,21912,982016,22841,982016,,115,0,3be127cb545b94201e21c2c0a0a73c48b780e882,0,0,0,0,0,
20200603,IL,123830,,835345,,totalTestsViral,959175,3173,,844,,508,,,6/3/2020 00:00,2020-06-03T00:00:00Z,06/02 20:00,5621,,,2020-06-03T00:00:00Z,959175,,,123830,5621,,,959175,,,,,,,,,,,17,982,23489,959175,24471,959175,,96,0,0dde0cb91074c6ecaf43113fdbe0d65a04e04500,0,0,0,0,0,
20200602,IL,122848,,811856,,totalTestsViral,934704,3238,,874,,548,,,6/2/2020 00:00,2020-06-02T00:00:00Z,06/01 20:00,5525,,,2020-06-02T00:00:00Z,934704,,,122848,5525,,,934704,,,,,,,,,,,17,1614,14817,934704,16431,934704,,113,0,87d795da71bf9b0c78d4d30485fa6a4a56566eca,0,0,0,0,0,
20200601,IL,121234,,797039,,totalTestsViral,918273,3215,,902,,547,,,6/1/2020 00:59,2020-06-01T00:59:00Z,05/31 20:59,5412,,,2020-06-01T00:59:00Z,918273,,,121234,5412,,,918273,,,,,,,,,,,17,974,19040,918273,20014,918273,,22,0,59b087490fae0ca94c1eede2ac3cba5dec51dac8,0,0,0,0,0,
20200531,IL,120260,,777999,,totalTestsViral,898259,3296,,941,,550,,,5/31/2020 00:00,2020-05-31T00:00:00Z,05/30 20:00,5390,,,2020-05-31T00:00:00Z,898259,,,120260,5390,,,898259,,,,,,,,,,,17,1343,19811,898259,21154,898259,,60,0,54f903312734456a1987dc681770d7db65477dff,0,0,0,0,0,
20200530,IL,118917,,758188,,totalTestsViral,877105,3336,,925,,661,,,5/30/2020 00:00,2020-05-30T00:00:00Z,05/29 20:00,5330,,,2020-05-30T00:00:00Z,877105,,,118917,5330,,,,,,,,,,,,,,17,1462,23881,877105,25343,877105,,60,0,d3d4e4f11c7106111a2a904ba6b7445793fadf2f,0,0,0,0,0,
20200529,IL,117455,,734307,,totalTestsViral,851762,3599,,980,,593,,,5/29/2020 00:59,2020-05-29T00:59:00Z,05/28 20:59,5270,,,2020-05-29T00:59:00Z,851762,,,117455,5270,,,,,,,,,,,,,,17,1622,20174,851762,21796,851762,,84,0,c16925759c43f4b04ccb258d266e16d10815a575,0,0,0,0,0,
20200528,IL,115833,,714133,,totalTestsViral,829966,3649,,1009,,576,,,5/28/2020 00:00,2020-05-28T00:00:00Z,05/27 20:00,5186,,,2020-05-28T00:00:00Z,829966,,,115833,5186,,,,,,,,,,,,,,17,1527,24466,829966,25993,829966,,103,0,53ddbdaa9f267def199cdf70735a7ce52cead48e,0,0,0,0,0,
20200527,IL,114306,,689667,,totalTestsViral,803973,3826,,1031,,592,,,5/27/2020 00:00,2020-05-27T00:00:00Z,05/26 20:00,5083,,,2020-05-27T00:00:00Z,803973,,,114306,5083,,,,,,,,,,,,,,17,1111,16068,803973,17179,803973,,160,0,991b5be8e2679211f8ade0a452fff95bf9dae8ee,0,0,0,0,0,
20200526,IL,113195,,673599,,totalTestsViral,786794,3788,,1035,,590,,,5/26/2020 00:00,2020-05-26T00:00:00Z,05/25 20:00,4923,,,2020-05-26T00:00:00Z,786794,,,113195,4923,,,,,,,,,,,,,,17,1178,16052,786794,17230,786794,,39,0,22e4b445780c2dad69811bfe4e3e50906be3c710,0,0,0,0,0,
20200525,IL,112017,,657547,,totalTestsViral,769564,3762,,1025,,605,,,5/25/2020 00:00,2020-05-25T00:00:00Z,05/24 20:00,4884,,,2020-05-25T00:00:00Z,769564,,,112017,4884,,,,,,,,,,,,,,17,1713,19930,769564,21643,769564,,28,0,a827e5c474ffc76ca55e2166ddce18cb8c483b6d,0,0,0,0,0,
20200524,IL,110304,,637617,,totalTestsViral,747921,3667,,1007,,632,,,5/24/2020 00:00,2020-05-24T00:00:00Z,05/23 20:00,4856,,,2020-05-24T00:00:00Z,747921,,,110304,4856,,,747921,,,,,,,,,,,17,2508,23166,747921,25674,747921,,66,0,c154631c8b20a10deadcafeb357644134c6494d4,0,0,0,0,0,
20200523,IL,107796,,614451,,totalTestsViral,722247,3753,,1027,,607,,,5/22/2020 00:00,2020-05-22T00:00:00Z,05/21 20:00,4790,,,2020-05-22T00:00:00Z,722247,,,107796,4790,,,722247,,,,,,,,,,,17,2352,22762,722247,25114,722247,,75,0,62c3ad073d2eacbc220a018394fca5c281578a6a,0,0,0,0,0,
20200522,IL,105444,,591689,,totalTestsViral,697133,3928,,1060,,589,,,5/22/2020 00:00,2020-05-22T00:00:00Z,05/21 20:00,4715,,,2020-05-22T00:00:00Z,697133,,,105444,4715,,,697133,,,,,,,,,,,17,2758,22355,697133,25113,697133,,108,0,99ab7fb27352acc491304b72e3d0d49f0e9dd9ec,0,0,0,0,0,
20200521,IL,102686,,569334,,totalTestsViral,672020,4107,,1088,,609,,,5/21/2020 00:00,2020-05-21T00:00:00Z,05/20 20:00,4607,,,2020-05-21T00:00:00Z,672020,,,102686,4607,,,672020,,,,,,,,,,,17,2268,27039,672020,29307,672020,,82,0,e3e15b9846708c1faae05bb07c38b15c3bdb5004,0,0,0,0,0,
20200520,IL,100418,,542295,,totalTestsViral,642713,3914,,1005,,554,,,5/20/2020 00:00,2020-05-20T00:00:00Z,05/19 20:00,4525,,,2020-05-20T00:00:00Z,642713,,,100418,4525,,,642713,,,,,,,,,,,17,2388,18641,642713,21029,642713,,146,0,608d655f695e7fb99adb7dbd21b0f280ba8f9f38,0,0,0,0,0,
20200519,IL,98030,,523654,,totalTestsViral,621684,4002,,993,,576,,,5/19/2020 00:00,2020-05-19T00:00:00Z,05/18 20:00,4379,,,2020-05-19T00:00:00Z,621684,,,98030,4379,,,621684,,,,,,,,,,,17,1545,16898,621684,18443,621684,,145,0,dc7e63209e6e0000f5de210af0628602af122226,0,0,0,0,0,
20200518,IL,96485,,506756,,totalTestsViral,603241,4120,,1096,,636,,,5/18/2020 00:59,2020-05-18T00:59:00Z,05/17 20:59,4234,,,2020-05-18T00:59:00Z,603241,,,96485,4234,,,603241,,,,,,,,,,,17,2294,19003,603241,21297,603241,,57,0,c588d1b97ef7a802ed2a52c1b1aca7e2d245f185,0,0,0,0,0,
20200517,IL,94191,,487753,,totalTestsViral,581944,4190,,1144,,735,,,5/17/2020 00:00,2020-05-17T00:00:00Z,05/16 20:00,4177,,,2020-05-17T00:00:00Z,581944,,,94191,4177,,,,,,,,,,,,,,17,1734,18561,581944,20295,581944,,48,0,af74fb4f2f588acc9cab6c6770cf82165e2ad19c,0,0,0,0,0,
20200516,IL,92457,,469192,,totalTestsViral,561649,4306,,1135,,653,,,5/16/2020 00:00,2020-05-16T00:00:00Z,05/15 20:00,4129,,,2020-05-16T00:00:00Z,561649,,,92457,4129,,,561649,,,,,,,,,,,17,2088,20959,561649,23047,561649,,71,0,f131466b5d53fb4a63bbf240a3a39477e6510e8b,0,0,0,0,0,
20200515,IL,90369,,448233,,totalTestsViral,538602,4367,,1129,,675,,,5/15/2020 00:00,2020-05-15T00:00:00Z,05/14 20:00,4058,,,2020-05-15T00:00:00Z,538602,,,90369,4058,,,538602,,,,,,,,,,,17,2432,24133,538602,26565,538602,,130,0,1d02b8465ada2da8ec5386cb04982fe34bca8555,0,0,0,0,0,
20200514,IL,87937,,424100,,totalTestsViral,512037,4473,,1132,,689,,,5/14/2020 00:00,2020-05-14T00:00:00Z,05/13 20:00,3928,,,2020-05-14T00:00:00Z,512037,,,87937,3928,,,489359,,,,,,,,,,,17,3239,19439,512037,22678,512037,,136,0,8a74d556c2ce277c541be89186bab42b50178882,0,0,0,0,0,
20200513,IL,84698,,404661,,totalTestsViral,489359,4563,,1208,,714,,,5/13/2020 00:00,2020-05-13T00:00:00Z,05/12 20:00,3792,,,2020-05-13T00:00:00Z,489359,,,84698,3792,,,471691,,,,,,,,,,,17,1677,15991,489359,17668,489359,,191,0,97e9cbc6413a59157226e4e5aaf8852c6b47aad8,0,0,0,0,0,
20200512,IL,83021,,388670,,totalTestsViral,471691,4626,,1215,,730,,,5/12/2020 00:00,2020-05-12T00:00:00Z,05/11 20:00,3601,,,2020-05-12T00:00:00Z,471691,,,83021,3601,,,,,,,,,,,,,,17,4014,25252,471691,29266,471691,,142,0,2d805f40ec31c7dfe565db97b4fd3c6e40eb86af,0,0,0,0,0,
20200511,IL,79007,,363418,,totalTestsViral,442425,4319,,1248,,730,,,5/11/2020 00:00,2020-05-11T00:00:00Z,05/10 20:00,3459,,,2020-05-11T00:00:00Z,442425,,,79007,,,,,,,,,,,,,,,17,1266,11175,442425,12441,442425,,53,0,4fdf3e0eb9fa7b9c843a54c7ce64d038dc06738d,0,0,0,0,0,
20200510,IL,77741,,352243,,totalTestsViral,429984,4293,,1232,,709,,,5/10/2020 00:00,2020-05-10T00:00:00Z,05/09 20:00,3406,,,2020-05-10T00:00:00Z,429984,,,77741,,,,,,,,,,,,,,,17,1656,11997,429984,13653,429984,,57,0,256270d62617cb3d187169f6ee4ce0b561c950d6,0,0,0,0,0,
20200509,IL,76085,,340246,,totalTestsViral,416331,4739,,1215,,739,,,5/9/2020 00:00,2020-05-09T00:00:00Z,05/08 20:00,3349,,,2020-05-09T00:00:00Z,416331,,,76085,,,,,,,,,,,,,,,17,2325,14292,416331,16617,416331,,108,0,37829ce323d321d7edbfc93ad703b579b1750438,0,0,0,0,0,
20200508,IL,73760,,325954,,totalTestsViral,399714,4750,,1222,,727,,,5/8/2020 00:00,2020-05-08T00:00:00Z,05/07 20:00,3241,,,2020-05-08T00:00:00Z,399714,,,73760,,,,,,,,,,,,,,,17,2887,17784,399714,20671,399714,,130,0,2ee8c14e955432787848815690ea9b8ee63789ef,0,0,0,0,0,
20200507,IL,70873,,308170,,totalTestsViral,379043,4862,,1253,,766,,,5/7/2020 00:00,2020-05-07T00:00:00Z,05/06 20:00,3111,,,2020-05-07T00:00:00Z,379043,,,70873,,,,,,,,,,,,,,,17,2641,15142,379043,17783,379043,,137,0,bb0ca0bf5e28bcf66f0c6714b752fbb968f8e63a,0,0,0,0,0,
20200506,IL,68232,,293028,,totalTestsViral,361260,4832,,1231,,780,,,5/6/2020 00:00,2020-05-06T00:00:00Z,05/05 20:00,2974,,,2020-05-06T00:00:00Z,361260,,,68232,,,,,,,,,,,,,,,17,2270,12704,361260,14974,361260,,136,0,2eb67a109bcd73b0aad5cbc33081aea3ef5c53a4,0,0,0,0,0,
20200505,IL,65962,,280324,,totalTestsViral,346286,4780,,1266,,780,,,5/5/2020 00:00,2020-05-05T00:00:00Z,05/04 20:00,2838,,,2020-05-05T00:00:00Z,346286,,,65962,,,,,,,,,,,,,,,17,2122,11017,346286,13139,346286,,176,0,97261afa326ec953a453c0efb32cf4ae10165262,0,0,0,0,0,
20200504,IL,63840,,269307,,totalTestsViral,333147,4493,,1232,,763,,,5/4/2020 00:00,2020-05-04T00:00:00Z,05/03 20:00,2662,,,2020-05-04T00:00:00Z,333147,,,63840,,,,,,,,,,,,,,,17,2341,11493,333147,13834,333147,,44,0,bbd52bf1bcae1a089c2447371c5fe1369f9d4617,0,0,0,0,0,
20200503,IL,61499,,257814,,totalTestsViral,319313,4701,,1232,,759,,,5/2/2020 00:00,2020-05-02T00:00:00Z,05/01 20:00,2618,,,2020-05-02T00:00:00Z,319313,,,61499,,,,,,,,,,,,,,,17,2994,16423,319313,19417,319313,,59,0,b144c9f6525b50ae6261da20579d7074535cfcc0,0,0,0,0,0,
20200502,IL,58505,,241391,,totalTestsViral,299896,4717,,1250,,789,,,5/2/2020 00:00,2020-05-02T00:00:00Z,05/01 20:00,2559,,,2020-05-02T00:00:00Z,299896,,,58505,,,,,,,,,,,,,,,17,2450,12758,299896,15208,299896,,102,0,85dae918327135b0079fa71bc0af290b1e0f7cf1,0,0,0,0,0,
20200501,IL,56055,,228633,,totalTestsViral,284688,4900,,1263,,777,,,5/1/2020 00:00,2020-05-01T00:00:00Z,04/30 20:00,2457,,,2020-05-01T00:00:00Z,284688,,,56055,,,,,,,,,,,,,,,17,3137,11684,284688,14821,284688,,102,0,21fc9d398eba64653be80ac227e45685a760f4cf,0,0,0,0,0,
20200430,IL,52918,,216949,,totalTestsViral,269867,4953,,1289,,785,,,4/30/2020 00:00,2020-04-30T00:00:00Z,04/29 20:00,2355,,,2020-04-30T00:00:00Z,269867,,,52918,,,,,,,,,,,,,,,17,2563,10637,269867,13200,269867,,140,0,6877377a0c569db6059eeae92f533ab2b6177f8d,0,0,0,0,0,
20200429,IL,50355,,206312,,totalTestsViral,256667,5036,,1290,,777,,,4/29/2020 00:00,2020-04-29T00:00:00Z,04/28 20:00,2215,,,2020-04-29T00:00:00Z,256667,,,50355,,,,,,,,,,,,,,,17,2253,12225,256667,14478,256667,,90,0,f85749af4ff82cd0cf4cbb3a4b422f0d9d0c4d7a,0,0,0,0,0,
20200428,IL,48102,,194087,,totalTestsViral,242189,4738,,1245,,778,,,4/28/2020 00:00,2020-04-28T00:00:00Z,04/27 20:00,2125,,,2020-04-28T00:00:00Z,242189,,,,,,,,,,,,,,,,,,17,2219,12342,242189,14561,242189,,142,0,1e1cd0d2ba1925d74a16b0f3f3c2e0be673f8629,0,0,0,0,0,
20200427,IL,45883,,181745,,totalTestsViral,227628,4672,,1249,,763,,,4/27/2020 00:00,2020-04-27T00:00:00Z,04/26 20:00,1983,,,2020-04-27T00:00:00Z,227628,,,,,,,,,,,,,,,,,,17,1980,10696,227628,12676,227628,,50,0,52104ef7ddf38816760f5c11745c76e01b244ce8,0,0,0,0,0,
20200426,IL,43903,,171049,,totalTestsViral,214952,4595,,1267,,772,,,4/26/2020 00:00,2020-04-26T00:00:00Z,04/25 20:00,1933,,,2020-04-26T00:00:00Z,214952,,,,,,,,,,,,,,,,,,17,2126,11209,214952,13335,214952,,59,0,09014e52f15c34b9600b57536deeb3001c69b74f,0,0,0,0,0,
20200425,IL,41777,,159840,,totalTestsViral,201617,4699,,1244,,763,,,4/25/2020 00:00,2020-04-25T00:00:00Z,04/24 20:00,1874,,,2020-04-25T00:00:00Z,201617,,,,,,,,,,,,,,,,,,17,2119,9866,201617,11985,201617,,79,0,1bf0a1827a7ce9e0cfa3e0663bea141bb2030e2c,0,0,0,0,0,
20200424,IL,39658,,149974,,totalTestsViral,189632,4828,,1225,,709,,,4/24/2020 00:00,2020-04-24T00:00:00Z,04/23 20:00,1795,,,2020-04-24T00:00:00Z,189632,,,,,,,,,,,,,,,,,,17,2724,13592,189632,16124,189632,,107,0,c485ffc1335f872a2dcb08192b0245f3b95a790f,0,0,0,0,0,
20200423,IL,36934,,136382,,totalTestsViral,173508,4877,,1268,,766,,,4/23/2020 00:00,2020-04-23T00:00:00Z,04/22 20:00,1688,,,2020-04-23T00:00:00Z,173508,,,,,,,,,,,,,,,,,,17,1826,7144,173316,9162,173316,,123,0,f862bc114f2951414ea1721efb115ab5781d7d7c,0,0,0,0,0,
20200422,IL,35108,,129238,,totalTestsViral,164346,4665,,1220,,747,,,4/22/2020 00:00,2020-04-22T00:00:00Z,04/21 20:00,1565,,,2020-04-22T00:00:00Z,164346,,,,,,,,,,,,,,,,,,17,2049,7300,164346,9349,164346,,97,0,b138642ac2a5e07a931cda56896f623db3dc0da0,0,0,0,0,0,
20200421,IL,33059,,121938,,totalTestsViral,154997,4776,,1226,,781,,,4/21/2020 00:00,2020-04-21T00:00:00Z,04/20 20:00,1468,,,2020-04-21T00:00:00Z,154997,,,,,,,,,,,,,,,,,,17,1551,5088,154997,6639,154997,,119,0,f2c8081b2f1aadb42624aa071181e9a55975a130,0,0,0,0,0,
20200420,IL,31508,,116850,,totalTestsViral,148358,4599,,1239,,757,,,4/20/2020 00:00,2020-04-20T00:00:00Z,04/19 20:00,1349,,,2020-04-20T00:00:00Z,148358,,,,,,,,,,,,,,,,,,17,1151,3889,148358,5040,148358,,59,0,96060919e08e733c86e2bfa8a059e70b94b9b8ad,0,0,0,0,0,
20200419,IL,30357,,112961,,totalTestsViral,143318,4314,,1196,,749,,,4/19/2020 00:00,2020-04-19T00:00:00Z,04/18 20:00,1290,,,2020-04-19T00:00:00Z,143318,,,,,,,,,,,,,,,,,,17,1197,4717,143318,5914,143318,,31,0,77f7acdaace1e45395df06d7f6a09d852eb2a403,0,0,0,0,0,
20200418,IL,29160,,108244,,totalTestsViral,137404,4340,,1192,,740,,,4/18/2020 00:00,2020-04-18T00:00:00Z,04/17 20:00,1259,,,2020-04-18T00:00:00Z,137404,,,,,,,,,,,,,,,,,,17,1585,5656,137404,7241,137404,,125,0,e46cd0d9a2d79a056d6411d0be6894698d2f4452,0,0,0,0,0,
20200417,IL,27575,,102588,,totalTestsViral,130163,4454,,1196,,777,,,4/17/2020 00:00,2020-04-17T00:00:00Z,04/16 20:00,1134,,,2020-04-17T00:00:00Z,130163,,,,,,,,,,,,,,,,,,17,1842,5732,130163,7574,130163,,62,0,5094054e27dee6f53f859ea2039855482353c12f,0,0,0,0,0,
20200416,IL,25733,,96856,,totalTestsViral,122589,4423,,1248,,797,,,4/16/2020 00:00,2020-04-16T00:00:00Z,04/15 20:00,1072,,,2020-04-16T00:00:00Z,122589,,,,,,,,,,,,,,,,,,17,1140,4520,122589,5660,122589,,124,0,2b342ea267c4c7c5717c5b23b4c20c4094e9521a,0,0,0,0,0,
20200415,IL,24593,,92336,,totalTestsViral,116929,4283,,1189,,796,,,4/15/2020 00:00,2020-04-15T00:00:00Z,04/14 20:00,948,,,2020-04-15T00:00:00Z,116929,,,,,,,,,,,,,,,,,,17,1346,4967,116929,6313,116929,,80,0,4e5330643e869bc0230d72e6b8e9dfb21cf2222e,0,0,0,0,0,
20200414,IL,23247,,87369,,totalTestsViral,110616,4283,,1189,,796,,,4/14/2020 00:00,2020-04-14T00:00:00Z,04/13 20:00,868,,,2020-04-14T00:00:00Z,110616,,,,,,,,,,,,,,,,,,17,1222,3626,110616,4848,110616,,74,0,a405725ebcd6bd99842d19333d577717139ef8aa,0,0,0,0,0,
20200413,IL,22025,,83743,,totalTestsViral,105768,3680,,1166,,821,,,4/13/2020 00:00,2020-04-13T00:00:00Z,04/12 20:00,794,,,2020-04-13T00:00:00Z,105768,,,,,,,,,,,,,,,,,,17,1173,3860,105768,5033,105768,,74,0,9273fd1d0a246549ae3b3631c60402969d66d9d2,0,0,0,0,0,
20200412,IL,20852,,79883,,totalTestsViral,100735,3680,,1166,,821,,,4/12/2020 00:00,2020-04-12T00:00:00Z,04/11 20:00,720,,,2020-04-12T00:00:00Z,100735,,,,,,,,,,,,,,,,,,17,1672,6914,100735,7956,100735,,43,0,984cb15d0371a9fc5ce92d2627c0e3df5493de22,0,0,0,0,0,
20200411,IL,19180,,72969,,totalTestsViral,92779,3680,,1166,,821,,,4/11/2020 00:00,2020-04-11T00:00:00Z,04/10 20:00,677,,,2020-04-11T00:00:00Z,92779,,,,,,,,,,,,,,,,,,17,1293,3329,92149,5252,92149,,81,0,f61518f025007e97d1d374629a9f9deb0010d420,0,0,0,0,0,
20200410,IL,17887,,69640,,totalTestsViral,87527,3680,,1166,,821,,,4/10/2020 00:00,2020-04-10T00:00:00Z,04/09 20:00,596,,,2020-04-10T00:00:00Z,87527,,,,,,,,,,,,,,,,,,17,1465,5205,87527,6670,87527,,68,0,438435503e2c9e5b2251fb9077b26e3fe645db2a,0,0,0,0,0,
20200409,IL,16422,,64435,,totalTestsViral,80857,3680,,1166,,821,,,4/9/2020 00:00,2020-04-09T00:00:00Z,04/08 20:00,528,,,2020-04-09T00:00:00Z,80857,,,,,,,,,,,,,,,,,,17,1344,4447,80857,5791,80857,,66,0,8daee1c2ae12398619b15d464db445e7de65b3e9,0,0,0,0,0,
20200408,IL,15078,,59988,,totalTestsViral,75066,3680,,1166,,821,,,4/8/2020 00:00,2020-04-08T00:00:00Z,04/07 20:00,462,,,2020-04-08T00:00:00Z,75066,,,,,,,,,,,,,,,,,,17,1529,4805,75066,6334,75066,,82,0,28bca79503eaaa42c75e7c57014c2cf36f9625b8,0,0,0,0,0,
20200407,IL,13549,,55183,,totalTestsViral,68732,3680,,1166,,821,,,4/7/2020 00:00,2020-04-07T00:00:00Z,04/06 20:00,380,,,2020-04-07T00:00:00Z,68732,,,,,,,,,,,,,,,,,,17,1287,4503,68732,5790,68732,,73,0,620364dee816302f310a2bf04485a241e550892d,0,0,0,0,0,
20200406,IL,12262,,50680,,totalTestsViral,62942,,,,,,,,4/6/2020 00:00,2020-04-06T00:00:00Z,04/05 20:00,307,,,2020-04-06T00:00:00Z,62942,,,,,,,,,,,,,,,,,,17,1006,2953,62942,3959,62942,,33,0,36265001e122ddb6042c6d7f945cda11f3387e4b,0,0,0,0,0,
20200405,IL,11256,,47727,,totalTestsViral,58983,,,,,,,,4/5/2020 00:00,2020-04-05T00:00:00Z,04/04 20:00,274,,,2020-04-05T00:00:00Z,58983,,,,,,,,,,,,,,,,,,17,899,4503,58983,5402,58983,,31,0,44e0c25efdb39303fa8be7287bddb1a2191c16df,0,0,0,0,0,
20200404,IL,10357,,43224,,totalTestsViral,53581,,,,,,,,4/4/2020 00:00,2020-04-04T00:00:00Z,04/03 20:00,243,,,2020-04-04T00:00:00Z,53581,,,,,,,,,,,,,,,,,,17,1453,4080,53581,5533,53581,,33,0,8a4c6852409d53d8c3abc001009f05746637a680,0,0,0,0,0,
20200403,IL,8904,,39144,,totalTestsViral,48048,,,,,,,,4/3/2020 00:00,2020-04-03T00:00:00Z,04/02 20:00,210,,,2020-04-03T00:00:00Z,48048,,,,,,,,,,,,,,,,,,17,1209,3183,48048,4392,48048,,53,0,dd5f78c81fef3d937b31a562e94b8bdf77b9e7ee,0,0,0,0,0,
20200402,IL,7695,,35961,,totalTestsViral,43656,,,,,,,,4/2/2020 00:00,2020-04-02T00:00:00Z,04/01 20:00,157,,,2020-04-02T00:00:00Z,43656,,,,,,,,,,,,,,,,,,17,715,2557,43656,3272,43656,,16,0,6bd8352f69d95c9cb81178bc3e7033998c5d81e0,0,0,0,0,0,
20200401,IL,6980,,33404,,totalTestsViral,40384,,,,,,,,4/1/2020 02:00,2020-04-01T02:00:00Z,03/31 22:00,141,,,2020-04-01T02:00:00Z,40384,,,,,,,,,,,,,,,,,,17,986,4173,40384,5159,40384,,42,0,349436b10bbf4b3868b7732d7716111f6c4bea21,0,0,0,0,0,
20200331,IL,5994,,29231,,totalTestsViral,35225,,,,,,,,3/31/2020 00:00,2020-03-31T00:00:00Z,03/30 20:00,99,,,2020-03-31T00:00:00Z,35225,,,,,,,,,,,,,,,,,,17,937,3842,35225,4779,35225,,26,0,0eb7bdfefb09e40ad48d7226f7d69153a77a4d6e,0,0,0,0,0,
20200330,IL,5057,,25389,,totalTestsViral,30446,,,,,,,,3/29/2020 00:00,2020-03-29T00:00:00Z,03/28 20:00,73,,,2020-03-29T00:00:00Z,30446,,,,,,,,,,,,,,,,,,17,461,2223,30446,2684,30446,,8,0,7f01925d584e95c077af3f852e025fbbc0d6e5f2,0,0,0,0,0,
20200329,IL,4596,,23166,,totalTestsViral,27762,,,,,,,,3/29/2020 00:00,2020-03-29T00:00:00Z,03/28 20:00,65,,,2020-03-29T00:00:00Z,27762,,,,,,,,,,,,,,,,,,17,1105,1166,27762,2333,27762,,18,0,d745726971745c832dc03435e5dd914f27add1bb,0,0,0,0,0,
20200328,IL,3491,,22000,,totalTestsViral,25429,,,,,,,,3/28/2020 00:00,2020-03-28T00:00:00Z,03/27 20:00,47,,,2020-03-28T00:00:00Z,25429,,,,,,,,,,,,,,,,,,17,465,3484,25491,3887,25491,,13,0,5aa4ff69e5f52bb71a031ec7fd5837eeb566bfed,0,0,0,0,0,
20200327,IL,3026,,18516,,totalTestsViral,21542,,,,,,,,3/27/2020 00:00,2020-03-27T00:00:00Z,03/26 20:00,34,,,2020-03-27T00:00:00Z,21542,,,,,,,,,,,,,,,,,,17,488,4423,21542,4911,21542,,8,0,7697004602e45019d39638dd8e725275fe3c5a4e,0,0,0,0,0,
20200326,IL,2538,,14093,,totalTestsViral,16631,,,,,,,,3/26/2020 00:00,2020-03-26T00:00:00Z,03/25 20:00,26,,,2020-03-26T00:00:00Z,16631,,,,,,,,,,,,,,,,,,17,673,1749,16631,2422,16631,,7,0,f013be8b9cbb701c110025448a1aff9099886378,0,0,0,0,0,
20200325,IL,1865,,12344,,totalTestsViral,14209,,,,,,,,3/25/2020 00:00,2020-03-25T00:00:00Z,03/24 20:00,19,,,2020-03-25T00:00:00Z,14209,,,,,,,,,,,,,,,,,,17,330,2410,14209,2724,14209,,3,0,b132dca66c973e6dfa99eb336e2c91c820672ccf,0,0,0,0,0,
20200324,IL,1535,,9934,,totalTestsViral,11485,,,,,,,,3/24/2020 00:00,2020-03-24T00:00:00Z,03/23 20:00,16,,,2020-03-24T00:00:00Z,11485,,,,,,,,,,,,,,,,,,17,262,1351,11469,1617,11469,,4,0,e66dbe762bdcc363279a5f0798725952592c2c92,0,0,0,0,0,
20200323,IL,1273,,8583,,totalTestsViral,9868,,,,,,,,3/23/2020 00:00,2020-03-23T00:00:00Z,03/22 20:00,12,,,2020-03-23T00:00:00Z,9868,,,,,,,,,,,,,,,,,,17,224,1312,9856,1494,9856,,3,0,34bdc71e1dfc4237196845e1e4f767bf5e29e119,0,0,0,0,0,
20200322,IL,1049,,7271,,totalTestsViral,8374,,,,,,,,3/22/2020 00:00,2020-03-22T00:00:00Z,03/21 20:00,9,,,2020-03-22T00:00:00Z,8374,,,,,,,,,,,,,,,,,,17,296,1783,8320,2127,8320,,3,0,e3d9d2a3c3596be9b5dc783ab3168b236075c08d,0,0,0,0,0,
20200321,IL,753,,5488,,totalTestsViral,6247,,,,,,,,3/21/2020 00:00,2020-03-21T00:00:00Z,03/20 20:00,6,,,2020-03-21T00:00:00Z,6247,,,,,,,,,,,,,,,,,,17,168,1792,6241,1961,6241,,1,0,1830c9c613dadb8cb74062aa23adf404e61acba7,0,0,0,0,0,
20200320,IL,585,,3696,,totalTestsViral,4286,,,,,,,,3/20/2020 00:00,2020-03-20T00:00:00Z,03/19 20:00,5,,,2020-03-20T00:00:00Z,4286,,,,,,,,,,,,,,,,,,17,163,971,4281,1135,4281,,1,0,9d40011cef450f0d901522eaa9bf19b8475d256e,0,0,0,0,0,
20200319,IL,422,,2725,,totalTestsViral,3151,,,,,,,,3/19/2020 00:00,2020-03-19T00:00:00Z,03/18 20:00,4,,,2020-03-19T00:00:00Z,3151,,,,,,,,,,,,,,,,,,17,134,962,3147,1099,3147,,3,0,f1cfb054e0696a185c8cb97c8616edcbc825e2bc,0,0,0,0,0,
20200318,IL,288,,1763,,totalTestsViral,2052,,,,,,,,3/18/2020 00:00,2020-03-18T00:00:00Z,03/17 20:00,1,,,2020-03-18T00:00:00Z,2052,,,,,,,,,,,,,,,,,,17,129,423,2051,552,2051,,0,0,32902896f9c55efdd1db0e798efa832a0ce64823,0,0,0,0,0,
20200317,IL,159,,1340,,totalTestsViral,1500,,,,,,,,3/16/2020 00:00,2020-03-16T00:00:00Z,03/15 20:00,1,,,2020-03-16T00:00:00Z,1500,,,,,,,,,,,,,,,,,,17,66,408,1499,357,1499,,1,0,8a54ddaf5a7b21de922363ae5084396969b30bcc,0,0,0,0,0,
20200316,IL,93,,932,,totalTestsViral,1143,,,,,,,,3/16/2020 15:43,2020-03-16T15:43:00Z,03/16 11:43,,,,2020-03-16T15:43:00Z,1143,,,,,,,,,,,,,,,,,,17,29,483,1025,211,1025,,0,0,fb780c32db4034c685e3e1b8f378f79360d7f087,0,0,0,0,0,
20200315,IL,64,,449,195,totalTestsViral,932,,,,,,,,3/14/2020 00:00,2020-03-14T00:00:00Z,03/13 20:00,,,,2020-03-14T00:00:00Z,932,,,,,,,,,,,,,,,,,,17,18,133,708,224,513,,0,0,04c6021b715c49b295359d0eb2bdbc49b78099d3,0,0,0,0,0,
20200314,IL,46,,316,82,totalTestsViral,708,,,,,,,,3/13/2020 00:00,2020-03-13T00:00:00Z,03/12 20:00,,,,2020-03-13T00:00:00Z,708,,,,,,,,,,,,,,,,,,17,14,22,444,264,362,,0,0,6339f9797df3d2df65dd48098c95718b1b6befeb,0,0,0,0,0,
20200313,IL,32,,294,92,totalTestsViral,444,,,,,,,,3/12/2020 00:00,2020-03-12T00:00:00Z,03/11 20:00,,,,2020-03-12T00:00:00Z,444,,,,,,,,,,,,,,,,,,17,7,28,418,26,326,,0,0,d531c7f870e26ca304fe91db1d049f5d9f429572,0,0,0,0,0,
20200312,IL,25,,266,76,totalTestsViral,418,,,,,,,,3/11/2020 00:00,2020-03-11T00:00:00Z,03/10 20:00,,,,2020-03-11T00:00:00Z,418,,,,,,,,,,,,,,,,,,17,6,22,367,51,291,,0,0,b0e2e48c8af31d88e02e308679eb3e6d26f0c412,0,0,0,0,0,
20200311,IL,19,,244,63,totalTestsViral,367,,,,,,,,,,,,,,,367,,,,,,,,,,,,,,,,,,17,0,0,326,41,263,,0,0,010552b968754c21e23391e6a7e3f82ca69e94fa,0,0,0,0,0,
20200310,IL,19,,244,63,totalTestsViral,326,,,,,,,,,,,,,,,326,,,,,,,,,,,,,,,,,,17,12,53,326,326,263,,0,0,1027b6651217f63c68471e8c667146ca98a4beaf,0,0,0,0,0,
20200309,IL,7,,191,44,totalTestsViral,,,,,,,,,,,,,,,,,,,,,,,,,,,,,,,,,,17,1,0,242,0,198,,0,0,076ab10add9e3531eba22a0e64221a06bafc61b8,0,0,0,0,0,
20200308,IL,6,,191,44,totalTestsViral,,,,,,,,,,,,,,,,,,,,,,,,,,,,,,,,,,17,0,0,241,0,197,,0,0,3b9a2103bb14059b03c834737683bb07e8ac23d8,0,0,0,0,0,
20200307,IL,6,,191,44,totalTestsViral,,,,,,,,,,,,,,,,,,,,,,,,,,,,,,,,,,17,1,11,241,0,197,,0,0,af9113bfc0f7786fe3247d4fc24e2b9557aa7446,0,0,0,0,0,
20200306,IL,5,,180,35,totalTestsViral,,,,,,,,,,,,,,,,,,,,,,,,,,,,,,,,,,17,0,15,220,0,185,,0,0,934a877f49f63fa9abc0a035ef8bd207fabf8882,0,0,0,0,0,
20200305,IL,5,,165,27,totalTestsViral,,,,,,,,,,,,,,,,,,,,,,,,,,,,,,,,,,17,1,41,197,0,170,,0,0,09272fac794e7b8ccd267b7053483261684c5cba,0,0,0,0,0,
20200304,IL,4,,124,27,totalTestsViral,,,,,,,,,,,,,,,,,,,,,,,,,,,,,,,,,,17,0,0,155,0,128,,0,0,4f37e2dc970ff8813042757bd4c5c80248a1b7df,0,0,0,0,0,
