date,state,positive,probableCases,negative,pending,totalTestResultsSource,totalTestResults,hospitalizedCurrently,hospitalizedCumulative,inIcuCurrently,inIcuCumulative,onVentilatorCurrently,onVentilatorCumulative,recovered,lastUpdateEt,dateModified,checkTimeEt,death,hospitalized,hospitalizedDischarged,dateChecked,totalTestsViral,positiveTestsViral,negativeTestsViral,positiveCasesViral,deathConfirmed,deathProbable,totalTestEncountersViral,totalTestsPeopleViral,totalTestsAntibody,positiveTestsAntibody,negativeTestsAntibody,totalTestsPeopleAntibody,positiveTestsPeopleAntibody,negativeTestsPeopleAntibody,totalTestsPeopleAntigen,positiveTestsPeopleAntigen,totalTestsAntigen,positiveTestsAntigen,fips,positiveIncrease,negativeIncrease,total,totalTestResultsIncrease,posNeg,dataQualityGrade,deathIncrease,hospitalizedIncrease,hash,commercialScore,negativeRegularScore,negativeScore,positiveScore,score,grade
20210223,CT,276691,17846,5939862,,posNeg,6216553,511,12257,,,,,,2/22/2021 23:59,2021-02-22T23:59:00Z,02/22 18:59,7572,12257,,2021-02-22T23:59:00Z,6198707,315104,5875715,258845,6211,1361,,,,,,,,,,,343598,19450,09,1357,20680,6216553,22037,6216553,,10,0,c841e646c0172ce05887ab8715b8f56d8ebd78bf,0,0,0,0,0,
20210222,CT,275334,17041,5919182,,posNeg,6194516,500,12257,,,,,,2/21/2021 23:59,2021-02-21T23:59:00Z,02/21 18:59,7562,12257,,2021-02-21T23:59:00Z,6177475,314431,5855183,258293,6202,1360,,,,,,,,,,,330182,18301,09,2233,78807,6194516,81040,6194516,,39,0,9828e498cab15244d752529a4d5ed45f2a94e712,0,0,0,0,0,
20210221,CT,273101,16962,5840375,,posNeg,6113476,535,12257,,,,,,2/18/2021 23:59,2021-02-18T23:59:00Z,02/18 18:59,7523,12257,,2021-02-18T23:59:00Z,6096514,311736,5777127,256139,6166,1357,,,,,,,,,,,324744,18150,09,0,0,6113476,0,6113476,,0,0,d5b7821fe4579bf3d623695d00c90f0870eeb96d,0,0,0,0,0,
20210220,CT,273101,16962,5840375,,posNeg,6113476,535,12257,,,,,,2/18/2021 23:59,2021-02-18T23:59:00Z,02/18 18:59,7523,12257,,2021-02-18T23:59:00Z,6096514,311736,5777127,256139,6166,1357,,,,,,,,,,,324744,18150,09,0,0,6113476,0,6113476,,0,0,31e3e94ade7a8d939d3923b55dec277120d74aa9,0,0,0,0,0,
20210219,CT,273101,16962,5840375,,posNeg,6113476,535,12257,,,,,,2/18/2021 23:59,2021-02-18T23:59:00Z,02/18 18:59,7523,12257,,2021-02-18T23:59:00Z,6096514,311736,5777127,256139,6166,1357,,,,,,,,,,,324744,18150,09,1198,41805,6113476,43003,6113476,,27,0,0951ef40b4a872e3c14af445b5cf38560c4a8de3,0,0,0,0,0,
20210218,CT,271903,16923,5798570,,posNeg,6070473,568,12257,,,,,,2/17/2021 23:59,2021-02-17T23:59:00Z,02/17 18:59,7496,12257,,2021-02-17T23:59:00Z,6053550,310391,5735579,254980,6145,1351,,,,,,,,,,,321303,18068,09,547,24493,6070473,25040,6070473,,20,0,6d3633f399c6dff5eac599b7182d4017fb300ecc,0,0,0,0,0,
20210217,CT,271356,16836,5774077,,posNeg,6045433,584,12257,,,,,,2/16/2021 23:59,2021-02-16T23:59:00Z,02/16 18:59,7476,12257,,2021-02-16T23:59:00Z,6028597,309814,5711235,254520,6129,1347,,,,,,,,,,,319256,17961,09,534,23340,6045433,23874,6045433,,27,0,7fdc2ddf71d5618e832778d224e30bd63f5bd570,0,0,0,0,0,
20210216,CT,270822,16628,5750737,,posNeg,6021559,606,12257,,,,,,2/15/2021 23:59,2021-02-15T23:59:00Z,02/15 18:59,7449,12257,,2021-02-15T23:59:00Z,6004931,309330,5688069,254194,6106,1343,,,,,,,,,,,309117,17701,09,580,17774,6021559,18354,6021559,,2,0,9b83aeb64b5dda72fd028ef75b3d5c9a32b6a443,0,0,0,0,0,
20210215,CT,270242,16586,5732963,,posNeg,6003205,618,12257,,,,,,2/14/2021 23:59,2021-02-14T23:59:00Z,02/14 18:59,7447,12257,,2021-02-14T23:59:00Z,5986619,308684,5670458,253656,6105,1342,,,,,,,,,,,306944,17641,09,2905,85979,6003205,88884,6003205,,66,0,8088c272cad89f3e0213be26ab511be1eada4d92,0,0,0,0,0,
20210214,CT,267337,16422,5646984,,posNeg,5914321,674,12257,,,,,,2/11/2021 23:59,2021-02-11T23:59:00Z,02/11 18:59,7381,12257,,2021-02-11T23:59:00Z,5897899,305265,5585218,250915,6049,1332,,,,,,,,,,,299011,17354,09,0,0,5914321,0,5914321,,0,0,06295ac544b59bd5bdc42d65a3ebdc03c87b9edc,0,0,0,0,0,
20210213,CT,267337,16422,5646984,,posNeg,5914321,674,12257,,,,,,2/11/2021 23:59,2021-02-11T23:59:00Z,02/11 18:59,7381,12257,,2021-02-11T23:59:00Z,5897899,305265,5585218,250915,6049,1332,,,,,,,,,,,299011,17354,09,0,0,5914321,0,5914321,,0,0,99628c9e5c1c1739bf1253f3e74e710297182693,0,0,0,0,0,
20210212,CT,267337,16422,5646984,,posNeg,5914321,674,12257,,,,,,2/11/2021 23:59,2021-02-11T23:59:00Z,02/11 18:59,7381,12257,,2021-02-11T23:59:00Z,5897899,305265,5585218,250915,6049,1332,,,,,,,,,,,299011,17354,09,838,32309,5914321,33147,5914321,,27,0,9f949b4843f7e5aeb173f54ed0fa711102686878,0,0,0,0,0,
20210211,CT,266499,16368,5614675,,posNeg,5881174,731,12257,,,,,,2/10/2021 23:59,2021-02-10T23:59:00Z,02/10 18:59,7354,12257,,2021-02-10T23:59:00Z,5864806,304302,5553087,250131,6025,1329,,,,,,,,,,,294317,17255,09,1003,39299,5881174,40302,5881174,,28,0,b08e6e6a121f2d09e2319862b8f1ea3d9f629f0c,0,0,0,0,0,
20210210,CT,265496,16251,5575376,,posNeg,5840872,770,12257,,,,,,2/9/2021 23:59,2021-02-09T23:59:00Z,02/09 18:59,7326,12257,,2021-02-09T23:59:00Z,5824621,303237,5514000,249245,5999,1327,,,,,,,,,,,291264,17090,09,888,24787,5840872,25675,5840872,,28,0,e1260c715c945e97ae896acabc41e1d964e0e329,0,0,0,0,0,
20210209,CT,264608,16122,5550589,,posNeg,5815197,826,12257,,,,,,2/8/2021 23:59,2021-02-08T23:59:00Z,02/08 18:59,7298,12257,,2021-02-08T23:59:00Z,5799075,302302,5489419,248486,5979,1319,,,,,,,,,,,288150,16943,09,869,18430,5815197,19299,5815197,,16,0,89f50c39c3fe3504050dfd059eb9df6366a8759b,0,0,0,0,0,
20210208,CT,263739,16058,5532159,,posNeg,5795898,815,12257,,,,,,2/7/2021 23:59,2021-02-07T23:59:00Z,02/07 18:59,7282,12257,,2021-02-07T23:59:00Z,5779840,301260,5471222,247681,5966,1316,,,,,,,,,,,284789,16843,09,4367,108093,5795898,112460,5795898,,68,0,58e4360c9e2a7c19c3f1d9cb2c1d8d9470ad9be9,0,0,0,0,0,
20210207,CT,259372,15789,5424066,,posNeg,5683438,827,12257,,,,,,2/4/2021 23:59,2021-02-04T23:59:00Z,02/04 18:59,7214,12257,,2021-02-04T23:59:00Z,5667649,295992,5364339,243583,5895,1319,,,,,,,,,,,274842,16362,09,0,0,5683438,0,5683438,,0,0,9fb66bbb35360962487044f46fb9a5062da16c2e,0,0,0,0,0,
20210206,CT,259372,15789,5424066,,posNeg,5683438,827,12257,,,,,,2/4/2021 23:59,2021-02-04T23:59:00Z,02/04 18:59,7214,12257,,2021-02-04T23:59:00Z,5667649,295992,5364339,243583,5895,1319,,,,,,,,,,,274842,16362,09,0,0,5683438,0,5683438,,0,0,03588404934e62c6ab8ffcae09880793da3345eb,0,0,0,0,0,
20210205,CT,259372,15789,5424066,,posNeg,5683438,827,12257,,,,,,2/4/2021 23:59,2021-02-04T23:59:00Z,02/04 18:59,7214,12257,,2021-02-04T23:59:00Z,5667649,295992,5364339,243583,5895,1319,,,,,,,,,,,274842,16362,09,1431,42031,5683438,43462,5683438,,29,0,2e50de5098f7c8bc1e89aeb4084731057132cd79,0,0,0,0,0,
20210204,CT,257941,15667,5382035,,posNeg,5639976,837,12257,,,,,,2/3/2021 23:59,2021-02-03T23:59:00Z,02/03 18:59,7185,12257,,2021-02-03T23:59:00Z,5624309,294361,5322627,242274,5872,1313,,,,,,,,,,,271157,16175,09,937,25286,5639976,26223,5639976,,28,0,c58bb858cb2ebfc0b1bdd47fd04304d84ec96522,0,0,0,0,0,
20210203,CT,257004,15651,5356749,,posNeg,5613753,874,12257,,,,,,2/2/2021 23:59,2021-02-02T23:59:00Z,02/02 18:59,7157,12257,,2021-02-02T23:59:00Z,5598102,293161,5297652,241353,5839,1318,,,,,,,,,,,267549,16128,09,482,9094,5613753,9576,5613753,,24,0,38e3f27b3be38acbfc7fbcad284a58d3b5320fda,0,0,0,0,0,
20210202,CT,256522,15584,5347655,,posNeg,5604177,900,12257,,,,,,2/1/2021 20:30,2021-02-01T20:30:00Z,02/01 15:30,7133,12257,,2021-02-01T20:30:00Z,5588593,292660,5288674,240938,5822,1311,,,,,,,,,,,264276,16028,09,2568,49459,5604177,52027,5604177,,14,0,a8eaffc61ce28512a92282cf66c82d779b9c682f,0,0,0,0,0,
20210201,CT,253954,15419,5298196,,posNeg,5552150,912,12257,,,,,,1/31/2021 23:59,2021-01-31T23:59:00Z,01/31 18:59,7119,12257,,2021-01-31T23:59:00Z,5536731,289594,5239888,238535,5806,1313,,,,,,,,,,,257183,15705,09,3931,-3623,5552150,308,5552150,,73,0,3a4e2356fff0091335719128502bd37fd66ed200,0,0,0,0,0,
20210131,CT,250023,15209,5301819,,posNeg,5551842,985,12257,,,,,,1/28/2021 23:59,2021-01-28T23:59:00Z,01/28 18:59,7046,12257,,2021-01-28T23:59:00Z,5536633,289589,5239795,234814,5741,1305,,,,,,,,,,,249128,15351,09,0,1952,5551842,1952,5551842,,0,0,94fcc314d5856931f96554c84615831d9619c7d2,0,0,0,0,0,
20210130,CT,250023,15209,5299867,,posNeg,5549890,985,12257,,,,,,1/28/2021 23:59,2021-01-28T23:59:00Z,01/28 18:59,7046,12257,,2021-01-28T23:59:00Z,5534681,289498,5237934,234814,5741,1305,,,,,,,,,,,249128,15351,09,0,13839,5549890,13839,5549890,,0,0,d43cbe0df09b04d0034892aafb3fe8dc83b6ebbf,0,0,0,0,0,
20210129,CT,250023,15209,5286028,,posNeg,5536051,985,12257,,,,,,1/28/2021 23:59,2021-01-28T23:59:00Z,01/28 18:59,7046,12257,,2021-01-28T23:59:00Z,5520842,288783,5224810,234814,5741,1305,,,,,,,,,,,249128,15351,09,1258,24217,5536051,25475,5536051,,26,0,069b58a51d029d21d721ee71f1f28bdcf10748c2,0,0,0,0,0,
20210128,CT,248765,15104,5261811,,posNeg,5510576,995,12257,,,,,,1/27/2021 20:30,2021-01-27T20:30:00Z,01/27 15:30,7020,12257,,2021-01-27T20:30:00Z,5495472,287407,5200823,233661,5718,1302,,,,,,,,,,,246797,15185,09,1426,31581,5510576,33007,5510576,,44,0,2307a574f428547066bd14ffef6a0dd611b35b9a,0,0,0,0,0,
20210127,CT,247339,14985,5230230,,posNeg,5477569,1016,12257,,,,,,1/26/2021 20:30,2021-01-26T20:30:00Z,01/26 15:30,6976,12257,,2021-01-26T20:30:00Z,5462584,285869,5169488,232354,5679,1297,,,,,,,,,,,243173,15009,09,2440,41014,5477569,43454,5477569,,42,0,d2f6f1ffba7ad29187402204e48ffb0d54f3feea,0,0,0,0,0,
20210126,CT,244899,14754,5189216,,posNeg,5434115,1068,12257,,,,,,1/25/2021 20:30,2021-01-25T20:30:00Z,01/25 15:30,6934,12257,,2021-01-25T20:30:00Z,5419361,284041,5128108,230145,5638,1296,,,,,,,,,,,237037,14675,09,1267,52491,5434115,53758,5434115,,23,0,a837c9a58a97039234fc24d368688c11ff440e0b,0,0,0,0,0,
20210125,CT,243632,14655,5136725,,posNeg,5380357,1068,12257,,,,,,1/24/2021 20:30,2021-01-24T20:30:00Z,01/24 15:30,6911,12257,,2021-01-24T20:30:00Z,5365702,281700,5076818,228977,5621,1290,,,,,,,,,,,233960,14427,09,5817,11967,5380357,17784,5380357,,92,0,4f965291dcba95a9f76d2e2e7e727c29457e48cd,0,0,0,0,0,
20210124,CT,237815,14307,5124758,,posNeg,5362573,1058,12257,,,,,,1/21/2021 20:30,2021-01-21T20:30:00Z,01/21 15:30,6819,12257,,2021-01-21T20:30:00Z,5348266,280502,5060586,223508,5545,1274,,,,,,,,,,,221289,14025,09,0,18679,5362573,18679,5362573,,0,0,68dfe73330afca1d33034bdddb76dc0abef2ccb9,0,0,0,0,0,
20210123,CT,237815,14307,5106079,,posNeg,5343894,1058,12257,,,,,,1/21/2021 20:30,2021-01-21T20:30:00Z,01/21 15:30,6819,12257,,2021-01-21T20:30:00Z,5329587,278994,5043440,223508,5545,1274,,,,,,,,,,,221289,14025,09,0,33656,5343894,33656,5343894,,0,0,2f4beab334e3637e852585325ca6631659814a9f,0,0,0,0,0,
20210122,CT,237815,14307,5072423,,posNeg,5310238,1058,12257,,,,,,1/21/2021 20:30,2021-01-21T20:30:00Z,01/21 15:30,6819,12257,,2021-01-21T20:30:00Z,5295931,276716,5012080,223508,5545,1274,,,,,,,,,,,221289,14025,09,2019,36460,5310238,38479,5310238,,45,0,d06386364f4c946190436e19a4bd6c375bf99d36,0,0,0,0,0,
20210121,CT,235796,14151,5035963,,posNeg,5271759,1069,12257,,,,,,1/20/2021 20:30,2021-01-20T20:30:00Z,01/20 15:30,6774,12257,,2021-01-20T20:30:00Z,5257608,274382,4976108,221645,5511,1263,,,,,,,,,,,216470,13800,09,1662,39892,5271759,41554,5271759,,48,0,d533b488a1dc16a72c84723f3cac7a4e5eac8870,0,0,0,0,0,
20210120,CT,234134,14013,4996071,,posNeg,5230205,1124,12257,,,,,,1/19/2021 20:30,2021-01-19T20:30:00Z,01/19 15:30,6726,12257,,2021-01-19T20:30:00Z,5216192,272032,4937069,220121,5470,1256,,,,,,,,,,,213226,13651,09,1915,44944,5230205,46859,5230205,,44,0,e9ca27181232d3d175a67bd6c7f6700527970355,0,0,0,0,0,
20210119,CT,232219,13459,4951127,,posNeg,5183346,1141,12257,,,,,,1/18/2021 20:30,2021-01-18T20:30:00Z,01/18 15:30,6682,12257,,2021-01-18T20:30:00Z,5169887,269606,4893232,218760,5433,1249,,,,,,,,,,,204753,12967,09,2094,39690,5183346,41784,5183346,,12,0,1697069757a26a8737efc9a3378fb4a4d46a7086,0,0,0,0,0,
20210118,CT,230125,13433,4911437,,posNeg,5141562,1114,12257,,,,,,1/17/2021 20:30,2021-01-17T20:30:00Z,01/17 15:30,6670,12257,,2021-01-17T20:30:00Z,5128129,267326,4853775,216692,5355,1239,,,,,,,,,,,201942,12856,09,6703,10260,5141562,16963,5141562,,76,0,96b276bfa1eb627beb6ec36b31b66d7511997b4b,0,0,0,0,0,
20210117,CT,223422,13229,4901177,,posNeg,5124599,1098,12257,,,,,,1/14/2021 20:30,2021-01-14T20:30:00Z,01/14 15:30,6594,12257,,2021-01-14T20:30:00Z,5111370,265917,4838433,210193,5355,1239,,,,,,,,,,,190080,12124,09,0,18056,5124599,18056,5124599,,0,0,0dbeccb2e6809ab7ca79658ad5ca9e04cdd90ce1,0,0,0,0,0,
20210116,CT,223422,13229,4883121,,posNeg,5106543,1098,12257,,,,,,1/14/2021 20:30,2021-01-14T20:30:00Z,01/14 15:30,6594,12257,,2021-01-14T20:30:00Z,5093314,264343,4821960,210193,5355,1239,,,,,,,,,,,190080,12124,09,0,33017,5106543,33017,5106543,,0,0,5d7933afd6787e67ce1b9f1b38fbaf519cf05c1f,0,0,0,0,0,
20210115,CT,223422,13229,4850104,,posNeg,5073526,1098,12257,,,,,,1/14/2021 20:30,2021-01-14T20:30:00Z,01/14 15:30,6594,12257,,2021-01-14T20:30:00Z,5060297,261875,4791447,210193,5355,1239,,,,,,,,,,,190080,12124,09,1878,34529,5073526,36407,5073526,,41,0,2b43b82e2392388d926f35cbc926397cb98afc3b,0,0,0,0,0,
20210114,CT,221544,13055,4815575,,posNeg,5037119,1118,12257,,,,,,1/13/2021 20:30,2021-01-13T20:30:00Z,01/13 15:30,6553,12257,,2021-01-13T20:30:00Z,5024064,259263,4757850,208489,5319,1234,,,,,,,,,,,186871,11908,09,968,41700,5037119,42668,5037119,,17,0,81dfd8b68c9039fab21ac511d15f0da813540d15,0,0,0,0,0,
20210113,CT,220576,12836,4773875,,posNeg,4994451,1148,12257,,,,,,1/12/2021 20:30,2021-01-12T20:30:00Z,01/12 15:30,6536,12257,,2021-01-12T20:30:00Z,4981615,256632,4718071,207740,5305,1231,,,,,,,,,,,181632,11642,09,3529,41881,4994451,45410,4994451,,87,0,3cddc836785c659d949dd778bd74d8101db0d6e4,0,0,0,0,0,
20210112,CT,217047,12542,4731994,,posNeg,4949041,1154,12257,,,,,,1/11/2021 20:30,2021-01-11T20:30:00Z,01/11 15:30,6449,12257,,2021-01-11T20:30:00Z,4936499,253845,4675758,204505,5236,1213,,,,,,,,,,,175036,11299,09,3689,47226,4949041,50915,4949041,,33,0,28bc7b0c6b4260df098c4ee744b89c778b028d92,0,0,0,0,0,
20210111,CT,213358,12234,4684768,,posNeg,4898126,1142,12257,,,,,,1/10/2021 20:30,2021-01-10T20:30:00Z,01/10 15:30,6416,12257,,2021-01-10T20:30:00Z,4885892,250671,4628348,201124,5210,1206,,,,,,,,,,,171097,10919,09,7364,8113,4898126,15477,4898126,,92,0,889b1390702dd4c40cb308a6b9c3561dc46d5abc,0,0,0,0,0,
20210110,CT,205994,12003,4676655,,posNeg,4882649,1109,12257,,,,,,1/7/2021 20:30,2021-01-07T20:30:00Z,01/07 15:30,6324,12257,,2021-01-07T20:30:00Z,4870646,249197,4614584,193991,5127,1197,,,,,,,,,,,163058,10518,09,0,19635,4882649,19635,4882649,,0,0,71ba3b8fd4c32540c05afdc1f02cf71d6a6fb39c,0,0,0,0,0,
20210109,CT,205994,12003,4657020,,posNeg,4863014,1109,12257,,,,,,1/7/2021 20:30,2021-01-07T20:30:00Z,01/07 15:30,6324,12257,,2021-01-07T20:30:00Z,4851011,247138,4597025,193991,5127,1197,,,,,,,,,,,163058,10518,09,0,32281,4863014,32281,4863014,,0,0,6f0a473608f14816fed7f5801b33ea2f38803478,0,0,0,0,0,
20210108,CT,205994,12003,4624739,,posNeg,4830733,1109,12257,,,,,,1/7/2021 20:30,2021-01-07T20:30:00Z,01/07 15:30,6324,12257,,2021-01-07T20:30:00Z,4818730,244237,4567672,193991,5127,1197,,,,,,,,,,,163058,10518,09,3236,35201,4830733,38437,4830733,,37,0,b560152789bdd0f30fe859b9d827f7e958cd4dc1,0,0,0,0,0,
20210107,CT,202758,11991,4589538,,posNeg,4792296,1087,12257,,,,,,1/6/2021 20:30,2021-01-06T20:30:00Z,01/06 15:30,6287,12257,,2021-01-06T20:30:00Z,4780305,241182,4532364,190767,5096,1191,,,,,,,,,,,160663,10455,09,3304,40556,4792296,43860,4792296,,57,0,d5850750843980825a19ae0bee501b622724f103,0,0,0,0,0,
20210106,CT,199454,11705,4548982,,posNeg,4748436,1139,12257,,,,,,1/5/2021 20:30,2021-01-05T20:30:00Z,01/05 15:30,6230,12257,,2021-01-05T20:30:00Z,4736731,237731,4492309,187749,5048,1182,,,,,,,,,,,152840,10054,09,2486,44298,4748436,46784,4748436,,38,0,258d4f70e7c208d60c891066cc4cd2604f14ae8e,0,0,0,0,0,
20210105,CT,196968,11523,4504684,,posNeg,4701652,1149,12257,,,,,,1/4/2021 20:30,2021-01-04T20:30:00Z,01/04 15:30,6192,12257,,2021-01-04T20:30:00Z,4690129,233917,4449554,185445,5017,1175,,,,,,,,,,,149584,9844,09,2332,49264,4701652,51596,4701652,,24,0,054c755cbf09f51be736f4e554cd9a50144f560a,0,0,0,0,0,
20210104,CT,194636,11326,4455420,,posNeg,4650056,1111,12257,,,,,,1/3/2021 20:30,2021-01-03T20:30:00Z,01/03 15:30,6168,12257,,2021-01-03T20:30:00Z,4638730,230057,4402063,183310,4997,1171,,,,,,,,,,,145571,9609,09,4516,13223,4650056,17739,4650056,,69,0,7d6277f2a3be1febd32ef9af03b7b8f92bfdb3b2,0,0,0,0,0,
20210103,CT,190120,11171,4442197,,posNeg,4632317,1056,12257,,,,,,1/1/2021 20:30,2021-01-01T20:30:00Z,01/01 15:30,6099,12257,,2021-01-01T20:30:00Z,4621146,228170,4386384,178949,4937,1162,,,,,,,,,,,137821,9340,09,0,22317,4632317,22317,4632317,,0,0,3a6534f6706f99805481e859c4fb7aeadab37471,0,0,0,0,0,
20210102,CT,190120,11171,4419880,,posNeg,4610000,1056,12257,,,,,,1/1/2021 20:30,2021-01-01T20:30:00Z,01/01 15:30,6099,12257,,2021-01-01T20:30:00Z,4598829,225736,4366522,178949,4937,1162,,,,,,,,,,,137821,9340,09,4412,1099,4610000,5511,4610000,,104,0,6cea1389e6244be79f98ca99854c408289e92adb,0,0,0,0,0,
20210101,CT,185708,11029,4418781,,posNeg,4604489,1136,12257,,,,,,12/30/2020 20:30,2020-12-30T20:30:00Z,12/30 15:30,5995,12257,,2020-12-30T20:30:00Z,4593460,225168,4361730,174679,4854,1141,,,,,,,,,,,132201,9121,09,0,28386,4604489,28386,4604489,,0,0,812c67e2a9f9df69b58245b125c4df1ff9b22b87,0,0,0,0,0,
20201231,CT,185708,11029,4390395,,posNeg,4576103,1136,12257,,,,,,12/30/2020 20:30,2020-12-30T20:30:00Z,12/30 15:30,5995,12257,,2020-12-30T20:30:00Z,4565074,222595,4335940,174679,4854,1141,,,,,,,,,,,132201,9121,09,2045,39637,4576103,41682,4576103,,31,0,06d63237f3a7af3897d87dd0169fa733d9b5f1ae,0,0,0,0,0,
20201230,CT,183663,10756,4350758,,posNeg,4534421,1167,12257,,,,,,12/29/2020 20:30,2020-12-29T20:30:00Z,12/29 15:30,5964,12257,,2020-12-29T20:30:00Z,4523665,219317,4297866,172907,4828,1136,,,,,,,,,,,127711,8783,09,1696,43018,4534421,44714,4534421,,40,0,9c616e95e4c2a9c7ffc2b62ee7960b71a81c2b6e,0,0,0,0,0,
20201229,CT,181967,10638,4307740,,posNeg,4489707,1226,12257,,,,,,12/28/2020 20:30,2020-12-28T20:30:00Z,12/28 15:30,5924,12257,,2020-12-28T20:30:00Z,4479069,215854,4256777,171329,4792,1132,,,,,,,,,,,125114,8632,09,767,46364,4489707,47131,4489707,,20,0,161825866769ed227082a570a5759e9dd2f94a19,0,0,0,0,0,
20201228,CT,181200,10558,4261376,,posNeg,4442576,1219,12257,,,,,,12/27/2020 20:30,2020-12-27T20:30:00Z,12/27 15:30,5904,12257,,2020-12-27T20:30:00Z,4432018,212169,4213468,170642,4773,1131,,,,,,,,,,,123538,8544,09,8457,7223,4442576,15680,4442576,,113,0,985c554112faf025b2b5cdadf4d928023501e449,0,0,0,0,0,
20201227,CT,172743,10294,4254153,,posNeg,4426896,1200,12257,,,,,,12/23/2020 20:30,2020-12-23T20:30:00Z,12/23 15:30,5791,12257,,2020-12-23T20:30:00Z,4416602,210500,4199743,162449,4686,1105,,,,,,,,,,,113686,8079,09,0,17518,4426896,17518,4426896,,0,0,bff0a6d25a253526b7e15bac04b6d8904ca458e2,0,0,0,0,0,
20201226,CT,172743,10294,4236635,,posNeg,4409378,1200,12257,,,,,,12/23/2020 20:30,2020-12-23T20:30:00Z,12/23 15:30,5791,12257,,2020-12-23T20:30:00Z,4399084,208429,4184311,162449,4686,1105,,,,,,,,,,,113686,8079,09,0,2625,4409378,2625,4409378,,0,0,67b49d08b7d17298f8eae0d79cd87aa1fa8114ec,0,0,0,0,0,
20201225,CT,172743,10294,4234010,,posNeg,4406753,1200,12257,,,,,,12/23/2020 20:30,2020-12-23T20:30:00Z,12/23 15:30,5791,12257,,2020-12-23T20:30:00Z,4396459,208095,4182022,162449,4686,1105,,,,,,,,,,,113686,8079,09,0,20562,4406753,20562,4406753,,0,0,9a66330ffbc0929c99b21c14fe6279b43c70c0b8,0,0,0,0,0,
20201224,CT,172743,10294,4213448,,posNeg,4386191,1200,12257,,,,,,12/23/2020 20:30,2020-12-23T20:30:00Z,12/23 15:30,5791,12257,,2020-12-23T20:30:00Z,4375897,206231,4163338,162449,4686,1105,,,,,,,,,,,113686,8079,09,2038,37312,4386191,39350,4386191,,55,0,cb17b6b7090dcfe92550771980d57dad2003be2e,0,0,0,0,0,
20201223,CT,170705,10181,4176136,,posNeg,4346841,1155,12257,,,,,,12/22/2020 20:30,2020-12-22T20:30:00Z,12/22 15:30,5736,12257,,2020-12-22T20:30:00Z,4336660,203639,4126730,160524,4641,1095,,,,,,,,,,,110620,7910,09,1745,44181,4346841,45926,4346841,,33,0,4002f8505bf2b66d95e09590d13b69f9c21682b9,0,0,0,0,0,
20201222,CT,168960,10003,4131955,,posNeg,4300915,1159,12257,,,,,,12/21/2020 20:30,2020-12-21T20:30:00Z,12/21 15:30,5703,12257,,2020-12-21T20:30:00Z,4290912,200899,4083765,158957,4613,1090,,,,,,,,,,,106843,7660,09,1583,46446,4300915,48029,4300915,,27,0,e7c3a325fe668d4de6d19b0fb0ed79047dc436bc,0,0,0,0,0,
20201221,CT,167377,9869,4085509,,posNeg,4252886,1143,12257,,,,,,12/20/2020 20:30,2020-12-20T20:30:00Z,12/20 15:30,5676,12257,,2020-12-20T20:30:00Z,4243017,197812,4039016,157508,4590,1086,,,,,,,,,,,104234,7490,09,4595,11650,4252886,16245,4252886,,95,0,606633440c83919f6128928ac9126685533b4183,0,0,0,0,0,
20201220,CT,162782,9579,4073859,,posNeg,4236641,1167,12257,,,,,,12/17/2020 20:30,2020-12-17T20:30:00Z,12/17 15:30,5581,12257,,2020-12-17T20:30:00Z,4227062,196536,4024365,153203,4514,1067,,,,,,,,,,,98376,7093,09,0,17161,4236641,17161,4236641,,0,0,4b14289ce420b2ab8342f3ab36a74dac741b1666,0,0,0,0,0,
20201219,CT,162782,9579,4056698,,posNeg,4219480,1167,12257,,,,,,12/17/2020 20:30,2020-12-17T20:30:00Z,12/17 15:30,5581,12257,,2020-12-17T20:30:00Z,4209901,194862,4008911,153203,4514,1067,,,,,,,,,,,98376,7093,09,0,33151,4219480,33151,4219480,,0,0,34c4509b3ec78147ffba48f047364e50bdf73ebd,0,0,0,0,0,
20201218,CT,162782,9579,4023547,,posNeg,4186329,1167,12257,,,,,,12/17/2020 20:30,2020-12-17T20:30:00Z,12/17 15:30,5581,12257,,2020-12-17T20:30:00Z,4176750,192189,3978475,153203,4514,1067,,,,,,,,,,,98376,7093,09,2680,5695,4186329,8375,4186329,,29,0,91db99a1f0b422fff333728646a078c761deefd5,0,0,0,0,0,
20201217,CT,160102,9553,4017852,,posNeg,4177954,1205,12257,,,,,,12/16/2020 20:30,2020-12-16T20:30:00Z,12/16 15:30,5552,12257,,2020-12-16T20:30:00Z,4168401,191726,3970602,150549,4489,1063,,,,,,,,,,,96479,7015,09,2321,34776,4177954,37097,4177954,,46,0,0f2e9c7a84679d170fbb3a1ebb1331bb7d2a02bf,0,0,0,0,0,
20201216,CT,157781,9398,3983076,,posNeg,4140857,1254,12257,,,,,,12/15/2020 20:30,2020-12-15T20:30:00Z,12/15 15:30,5506,12257,,2020-12-15T20:30:00Z,4131459,189410,3936000,148383,4449,1057,,,,,,,,,,,93494,6816,09,2319,39822,4140857,42141,4140857,,40,0,aabe385f1301e02af55925b09264cb54aea1ec2c,0,0,0,0,0,
20201215,CT,155462,9348,3943254,,posNeg,4098716,1269,12257,,,,,,12/14/2020 20:30,2020-12-14T20:30:00Z,12/14 15:30,5466,12257,,2020-12-14T20:30:00Z,4089368,186624,3896731,146114,4414,1052,,,,,,,,,,,91514,6725,09,1470,44576,4098716,46046,4098716,,22,0,53da167ba5ed9c36017c0b9d10e718e37234f885,0,0,0,0,0,
20201214,CT,153992,9199,3898678,,posNeg,4052670,1243,12257,,,,,,12/13/2020 20:30,2020-12-13T20:30:00Z,12/13 15:30,5444,12257,,2020-12-13T20:30:00Z,4043471,183453,3854049,144793,4397,1047,,,,,,,,,,,88110,6499,09,7231,6610,4052670,13841,4052670,,81,0,36fd831f48e8588e7c1406b097d4c5cd87d61346,0,0,0,0,0,
20201213,CT,146761,8970,3892068,,posNeg,4038829,1210,12257,,,,,,12/10/2020 20:30,2020-12-10T20:30:00Z,12/10 15:30,5363,12257,,2020-12-10T20:30:00Z,4029859,182023,3841894,137791,4332,1031,,,,,,,,,,,81862,6144,09,0,17416,4038829,17416,4038829,,0,0,67aa863adc5430b4ad8a0fea03b81ca84b2873a6,0,0,0,0,0,
20201212,CT,146761,8970,3874652,,posNeg,4021413,1210,12257,,,,,,12/10/2020 20:30,2020-12-10T20:30:00Z,12/10 15:30,5363,12257,,2020-12-10T20:30:00Z,4012443,180190,3826335,137791,4332,1031,,,,,,,,,,,81862,6144,09,0,33402,4021413,33402,4021413,,0,0,39a9974efcdfebe3fe2b5e8c59f9fbed8b7946c2,0,0,0,0,0,
20201211,CT,146761,8970,3841250,,posNeg,3988011,1210,12257,,,,,,12/10/2020 20:30,2020-12-10T20:30:00Z,12/10 15:30,5363,12257,,2020-12-10T20:30:00Z,3979041,177423,3795767,137791,4332,1031,,,,,,,,,,,81862,6144,09,3782,33379,3988011,37161,3988011,,36,0,d85a2c03a9431280626d809db82c38e18cd942c1,0,0,0,0,0,
20201210,CT,142979,8693,3807871,,posNeg,3950850,1214,12257,,,,,,12/9/2020 20:30,2020-12-09T20:30:00Z,12/09 15:30,5327,12257,,2020-12-09T20:30:00Z,3942157,174750,3761642,134286,4303,1024,,,,,,,,,,,77245,5786,09,2431,39480,3950850,41911,3950850,,42,0,00d59a39bd9354b67623ecf24390677cfefc3a8a,0,0,0,0,0,
20201209,CT,140548,8662,3768391,,posNeg,3908939,1262,12257,,,,,,12/8/2020 20:30,2020-12-08T20:30:00Z,12/08 15:30,5285,12257,,2020-12-08T20:30:00Z,3900277,171929,3722683,131886,4264,1021,,,,,,,,,,,75093,5708,09,2290,38171,3908939,40461,3908939,,43,0,e14368801fe70b410bdf9eeed04483236a0f6d0f,0,0,0,0,0,
20201208,CT,138258,8629,3730220,,posNeg,3868478,1223,12257,,,,,,12/7/2020 20:30,2020-12-07T20:30:00Z,12/07 15:30,5242,12257,,2020-12-07T20:30:00Z,3859849,169096,3685175,129629,4228,1014,,,,,,,,,,,73439,5610,09,2414,38291,3868478,40705,3868478,,18,0,e2a21cec1c4a3afa07ea579c8a9293a4e416e220,0,0,0,0,0,
20201207,CT,135844,8433,3691929,,posNeg,3827773,1183,12257,,,,,,12/6/2020 20:30,2020-12-06T20:30:00Z,12/06 15:30,5224,12257,,2020-12-06T20:30:00Z,3819340,165936,3647920,127411,4212,1012,,,,,,,,,,,71276,5412,09,8129,6541,3827773,14670,3827773,,78,0,0aec9c6ee139b401c4f5eb82483085cb51ff21c5,0,0,0,0,0,
20201206,CT,127715,8131,3685388,,posNeg,3813103,1150,12257,,,,,,12/3/2020 20:30,2020-12-03T20:30:00Z,12/03 15:30,5146,12257,,2020-12-03T20:30:00Z,3804972,164510,3634989,119584,4143,1003,,,,,,,,,,,64103,4927,09,0,15709,3813103,15709,3813103,,0,0,3b5e52837ee90d0c09a7eed0e3b8c35959a06eda,0,0,0,0,0,
20201205,CT,127715,8131,3669679,,posNeg,3797394,1150,12257,,,,,,12/3/2020 20:30,2020-12-03T20:30:00Z,12/03 15:30,5146,12257,,2020-12-03T20:30:00Z,3789263,162880,3620929,119584,4143,1003,,,,,,,,,,,64103,4927,09,0,31226,3797394,31226,3797394,,0,0,93b2d3b915b4ea22671684107017f8e374bd8e6f,0,0,0,0,0,
20201204,CT,127715,8131,3638453,,posNeg,3766168,1150,12257,,,,,,12/3/2020 20:30,2020-12-03T20:30:00Z,12/03 15:30,5146,12257,,2020-12-03T20:30:00Z,3758037,159958,3592668,119584,4143,1003,,,,,,,,,,,64103,4927,09,1538,35643,3766168,37181,3766168,,35,0,1123c280e18c0da65c342e0295fb893edc849e1f,0,0,0,0,0,
20201203,CT,126177,7986,3602810,,posNeg,3728987,1191,12257,,,,,,12/2/2020 20:30,2020-12-02T20:30:00Z,12/02 15:30,5111,12257,,2020-12-02T20:30:00Z,3721001,156930,3558711,118191,4112,999,,,,,,,,,,,62592,4759,09,4751,36392,3728987,41143,3728987,,20,0,d55d562a633f3e98a5e2b990db7d39e81cf9777e,0,0,0,0,0,
20201202,CT,121426,7958,3566418,,posNeg,3687844,1202,12257,,,,,,12/1/2020 20:30,2020-12-01T20:30:00Z,12/01 15:30,5091,12257,,2020-12-01T20:30:00Z,3679886,153477,3521123,113468,4088,1003,,,,,,,,,,,60636,4600,09,2672,40383,3687844,43055,3687844,,51,0,669fe6bcf1fadd160ada34cc42955fdcbcbed667,0,0,0,0,0,
20201201,CT,118754,7729,3526035,,posNeg,3644789,1152,12257,,,,,,11/30/2020 20:30,2020-11-30T20:30:00Z,11/30 15:30,5040,12257,,2020-11-30T20:30:00Z,3637060,149984,3481846,111025,4045,995,,,,,,,,,,,56559,4225,09,1459,38525,3644789,39984,3644789,,20,0,66b8e923974fed2eaee3093a5c703bc04c5610cd,0,0,0,0,0,
20201130,CT,117295,7804,3487510,,posNeg,3604805,1098,12257,,,,,,11/29/2020 20:30,2020-11-29T20:30:00Z,11/29 15:30,5020,12257,,2020-11-29T20:30:00Z,3597001,146947,3444912,109491,4025,995,,,,,,,,,,,56343,4213,09,4714,8618,3604805,13332,3604805,,59,0,937e7ee1b3d9d4cf7c6e0491ff7a5965d2a7eb22,0,0,0,0,0,
20201129,CT,112581,7788,3478892,,posNeg,3591473,1017,12257,,,,,,11/26/2020 20:30,2020-11-26T20:30:00Z,11/26 15:30,4961,12257,,2020-11-26T20:30:00Z,3583685,145659,3432918,104793,3981,980,,,,,,,,,,,53136,3984,09,0,17255,3591473,17255,3591473,,0,0,c79300c3ffd7813913fa20f2f399e63b6b8f5f4e,0,0,0,0,0,
20201128,CT,112581,7788,3461637,,posNeg,3574218,1017,12257,,,,,,11/26/2020 20:30,2020-11-26T20:30:00Z,11/26 15:30,4961,12257,,2020-11-26T20:30:00Z,3566430,143793,3417579,104793,3981,980,,,,,,,,,,,53136,3984,09,0,30037,3574218,30037,3574218,,0,0,68170f025429a9b657588546fa82a0f311f68f47,0,0,0,0,0,
20201127,CT,112581,7788,3431600,,posNeg,3544181,1017,12257,,,,,,11/26/2020 20:30,2020-11-26T20:30:00Z,11/26 15:30,4961,12257,,2020-11-26T20:30:00Z,3536393,141279,3390156,104793,3981,980,,,,,,,,,,,53136,3984,09,3429,125,3544181,3554,3544181,,35,0,b00ecc3a34f81d6708f6308b9a132321d75e0db6,0,0,0,0,0,
20201126,CT,109152,7611,3431475,,posNeg,3540627,968,12257,,,,,,11/24/2020 20:30,2020-11-24T20:30:00Z,11/24 15:30,4926,12257,,2020-11-24T20:30:00Z,3533016,140912,3387156,101541,3957,969,,,,,,,,,,,49729,3760,09,0,40249,3540627,40249,3540627,,0,0,1aeb49143060ed79c7546bfc8b4dc37aeea996f6,0,0,0,0,0,
20201125,CT,109152,7611,3391226,,posNeg,3500378,968,12257,,,,,,11/24/2020 20:30,2020-11-24T20:30:00Z,11/24 15:30,4926,12257,,2020-11-24T20:30:00Z,3492767,138211,3349750,101541,3957,969,,,,,,,,,,,49729,3760,09,1872,50734,3500378,52606,3500378,,45,0,1fc38bb2faac2225049b3cc4f9286ad5dfc599f7,0,0,0,0,0,
20201124,CT,107280,7460,3340492,,posNeg,3447772,891,12257,,,,,,11/24/2020 20:30,2020-11-24T20:30:00Z,11/24 15:30,4881,12257,,2020-11-24T20:30:00Z,3440312,135409,3300265,99820,3922,959,,,,,,,,,,,48549,3665,09,540,52885,3447772,53425,3447772,,10,0,a8ae76c255ae9e2f7d3a225e80a9442350a0eaab,0,0,0,0,0,
20201123,CT,106740,7427,3287607,,posNeg,3394347,875,12257,,,,,,11/22/2020 20:30,2020-11-22T20:30:00Z,11/22 15:30,4871,12257,,2020-11-22T20:30:00Z,3386920,132564,3249828,99313,3915,956,,,,,,,,,,,47691,3629,09,5271,13926,3394347,19197,3394347,,43,0,5c283545efd91d0248e7b076e2e275493c9fd1f5,0,0,0,0,0,
20201122,CT,101469,7043,3273681,,posNeg,3375150,848,12257,,,,,,11/19/2020 20:30,2020-11-19T20:30:00Z,11/19 15:30,4828,12257,,2020-11-19T20:30:00Z,3368107,131283,3232317,94426,3878,950,,,,,,,,,,,42917,3269,09,0,20935,3375150,20935,3375150,,0,0,dbbbaa728f1c44b16bdb10fe00c404d03e91b96c,0,0,0,0,0,
20201121,CT,101469,7043,3252746,,posNeg,3354215,848,12257,,,,,,11/19/2020 20:30,2020-11-19T20:30:00Z,11/19 15:30,4828,12257,,2020-11-19T20:30:00Z,3347172,129650,3213042,94426,3878,950,,,,,,,,,,,42917,3269,09,0,41949,3354215,41949,3354215,,0,0,630283a58cca33afef6bcecdb60c12f918a4a8a6,0,0,0,0,0,
20201120,CT,101469,7043,3210797,,posNeg,3312266,848,12257,,,,,,11/19/2020 20:30,2020-11-19T20:30:00Z,11/19 15:30,4828,12257,,2020-11-19T20:30:00Z,3305223,127224,3173610,94426,3878,950,,,,,,,,,,,42917,3269,09,2088,41249,3312266,43337,3312266,,23,0,dce25c2c98f837c3b4635482de8385999bc56062,0,0,0,0,0,
20201119,CT,99381,6756,3169548,,posNeg,3268929,840,12257,,,,,,11/18/2020 20:30,2020-11-18T20:30:00Z,11/18 15:30,4805,12257,,2020-11-18T20:30:00Z,3262173,124778,3133084,92625,3862,943,,,,,,,,,,,40423,3058,09,2353,46308,3268929,48661,3268929,,21,0,ce6b04470dacdbd8a3906dcbfa3a3756eac3b7fa,0,0,0,0,0,
20201118,CT,97028,6499,3123240,,posNeg,3220268,816,12257,,,,,,11/17/2020 20:30,2020-11-17T20:30:00Z,11/17 15:30,4784,12257,,2020-11-17T20:30:00Z,3213769,122207,3087365,90529,3849,935,,,,,,,,,,,38269,2870,09,2042,44806,3220268,46848,3220268,,13,0,55f7adbd30503c53044cf0ff931a8a222ce4e800,0,0,0,0,0,
20201117,CT,94986,6408,3078434,,posNeg,3173420,777,12257,,,,,,11/16/2020 20:30,2020-11-16T20:30:00Z,11/16 15:30,4771,12257,,2020-11-16T20:30:00Z,3167012,119616,3043340,88578,3839,932,,,,,,,,,,,37398,2802,09,1702,48725,3173420,50427,3173420,,12,0,17f44d465efa27424f07dcc988de0005be550f96,0,0,0,0,0,
20201116,CT,93284,6066,3029709,,posNeg,3122993,757,12257,,,,,,11/15/2020 20:30,2020-11-15T20:30:00Z,11/15 15:30,4759,12257,,2020-11-15T20:30:00Z,3116927,116901,2996107,87218,3827,932,,,,,,,,,,,32727,2314,09,4639,12064,3122993,16703,3122993,,22,0,ade766dc49437f2b32d7639bdc9896f5c3139b89,0,0,0,0,0,
20201115,CT,88645,5791,3017645,,posNeg,3106290,659,12257,,,,,,11/12/2020 20:30,2020-11-12T20:30:00Z,11/12 15:30,4737,12257,,2020-11-12T20:30:00Z,3100499,115829,2980798,82854,3807,930,,,,,,,,,,,32399,2269,09,0,18471,3106290,18471,3106290,,0,0,8578586063f9154de7edac1cba63b4950499d172,0,0,0,0,0,
20201114,CT,88645,5791,2999174,,posNeg,3087819,659,12257,,,,,,11/12/2020 20:30,2020-11-12T20:30:00Z,11/12 15:30,4737,12257,,2020-11-12T20:30:00Z,3082028,114264,2963919,82854,3807,930,,,,,,,,,,,32399,2269,09,0,38769,3087819,38769,3087819,,0,0,3470e589812961d4696a73bba765165c3720024e,0,0,0,0,0,
20201113,CT,88645,5791,2960405,,posNeg,3049050,659,12257,,,,,,11/12/2020 20:30,2020-11-12T20:30:00Z,11/12 15:30,4737,12257,,2020-11-12T20:30:00Z,3043259,111844,2927651,82854,3807,930,,,,,,,,,,,32399,2269,09,2746,39019,3049050,41765,3049050,,11,0,8e177a5b1f5d77ceef671d697e8b20fe494090b7,0,0,0,0,0,
20201112,CT,85899,5683,2921386,,posNeg,3007285,617,12257,,,,,,11/11/2020 20:30,2020-11-11T20:30:00Z,11/11 15:30,4726,12257,,2020-11-11T20:30:00Z,3001602,109501,2888423,80216,3798,928,,,,,,,,,,,27240,1809,09,1158,41558,3007285,42716,3007285,,10,0,c2d235a98b7a4ee895ce997742b1f6b3be3f770d,0,0,0,0,0,
20201111,CT,84741,5408,2879828,,posNeg,2964569,584,12257,,,,,,11/10/2020 20:30,2020-11-10T20:30:00Z,11/10 15:30,4716,12257,,2020-11-10T20:30:00Z,2959161,107011,2848568,79333,3791,925,,,,,,,,,,,27240,1809,09,1754,46410,2964569,48164,2964569,,9,0,e8ddc8257fd0d1aa142cc855514bc9e74c633fc3,0,0,0,0,0,
20201110,CT,82987,5279,2833418,,posNeg,2916405,548,12257,,,,,,11/9/2020 20:30,2020-11-09T20:30:00Z,11/09 15:30,4707,12257,,2020-11-09T20:30:00Z,2911126,104513,2803130,77708,3785,922,,,,,,,,,,,27240,1809,09,1524,45302,2916405,46826,2916405,,9,0,05b999924bb184aaf5c0b4e508bfc8f918d59286,0,0,0,0,0,
20201109,CT,81463,5207,2788116,,posNeg,2869579,496,12257,,,,,,11/8/2020 20:30,2020-11-08T20:30:00Z,11/08 15:30,4698,12257,,2020-11-08T20:30:00Z,2864372,101915,2759057,76256,3779,919,,,,,,,,,,,27240,1809,09,3338,10006,2869579,13344,2869579,,27,0,5dd15bbf2f1bd18b9db49a2c5fa1c92f20d0a94a,0,0,0,0,0,
20201108,CT,78125,4919,2778110,,posNeg,2856235,402,12257,,,,,,11/5/2020 20:30,2020-11-05T20:30:00Z,11/05 15:30,4671,12257,,2020-11-05T20:30:00Z,2851316,100884,2747047,73206,3757,914,,,,,,,,,,,26855,1722,09,0,15214,2856235,15214,2856235,,0,0,00a27aa38c61510cf0b387d76ccd9c1a419fb011,0,0,0,0,0,
20201107,CT,78125,4919,2762896,,posNeg,2841021,402,12257,,,,,,11/5/2020 20:30,2020-11-05T20:30:00Z,11/05 15:30,4671,12257,,2020-11-05T20:30:00Z,2836102,99613,2733123,73206,3757,914,,,,,,,,,,,26855,1722,09,0,35667,2841021,35667,2841021,,0,0,69e820322e596b9731c233eaab6c09e6b5339397,0,0,0,0,0,
20201106,CT,78125,4919,2727229,,posNeg,2805354,402,12257,,,,,,11/5/2020 20:30,2020-11-05T20:30:00Z,11/05 15:30,4671,12257,,2020-11-05T20:30:00Z,2800435,97515,2699607,73206,3757,914,,,,,,,,,,,26855,1722,09,1065,39144,2805354,40209,2805354,,15,0,854f60ca4356bcc803cc1f8d381742d64637644c,0,0,0,0,0,
20201105,CT,77060,4799,2688085,,posNeg,2765145,380,12257,,,,,,11/4/2020 20:30,2020-11-04T20:30:00Z,11/04 15:30,4656,12257,,2020-11-04T20:30:00Z,2760346,95473,2661601,72261,3744,912,,,,,,,,,,,26512,,09,1687,38695,2765145,40382,2765145,,11,0,2386014b2095b12467ebe61100bf6b26770cb520,0,0,0,0,0,
20201104,CT,75373,4135,2649390,,posNeg,2724763,374,12257,,,,,,11/3/2020 20:30,2020-11-03T20:30:00Z,11/03 15:30,4645,12257,,2020-11-03T20:30:00Z,2720628,93570,2623849,71238,3736,909,,,,,,,,,,,,,09,1515,39170,2724763,40685,2724763,,18,0,8b0540d1b05696f94cb47b62d4d2364339f2c621,0,0,0,0,0,
20201103,CT,73858,4032,2610220,,posNeg,2684078,340,12257,,,,,,11/1/2020 20:30,2020-11-01T20:30:00Z,11/01 15:30,4627,12257,,2020-11-01T20:30:00Z,2680046,92229,2584649,69826,3718,909,,,,,,,,,,,,,09,0,42355,2684078,42355,2684078,,0,0,c68d471c483c1eb90950bfa0a6524046ccf31124,0,0,0,0,0,
20201102,CT,73858,4032,2567865,,posNeg,2641723,340,12257,,,,,,11/1/2020 20:30,2020-11-01T20:30:00Z,11/01 15:30,4627,12257,,2020-11-01T20:30:00Z,2637691,90671,2543887,69826,3718,909,,,,,,,,,,,,,09,2651,8816,2641723,11467,2641723,,11,0,7a7ce1816f61c695f3b082530f259ea16565dc47,0,0,0,0,0,
20201101,CT,71207,3688,2559049,,posNeg,2630256,329,12257,,,,,,10/29/2020 20:30,2020-10-29T20:30:00Z,10/29 16:30,4616,12257,,2020-10-29T20:30:00Z,2626568,90097,2533349,67519,3708,908,,,,,,,,,,,,,09,0,11758,2630256,11758,2630256,,0,0,76d002e67598ec5dc3b2b628b31491913c4b36e7,0,0,0,0,0,
20201031,CT,71207,3688,2547291,,posNeg,2618498,329,12257,,,,,,10/29/2020 20:30,2020-10-29T20:30:00Z,10/29 16:30,4616,12257,,2020-10-29T20:30:00Z,2614810,89454,2522249,67519,3708,908,,,,,,,,,,,,,09,0,26176,2618498,26176,2618498,,0,0,685049af99d84778a1ede40255b084620a2de934,0,0,0,0,0,
20201030,CT,71207,3688,2521115,,posNeg,2592322,329,12257,,,,,,10/29/2020 20:30,2020-10-29T20:30:00Z,10/29 16:30,4616,12257,,2020-10-29T20:30:00Z,2588634,88405,2497154,67519,3708,908,,,,,,,,,,,,,09,761,32701,2592322,33462,2592322,,7,0,41e6e3299a3e327833e9701a02614729cb3438ac,0,0,0,0,0,
20201029,CT,70446,3550,2488414,,posNeg,2558860,321,12257,,,,,,10/28/2020 20:30,2020-10-28T20:30:00Z,10/28 16:30,4609,12257,,2020-10-28T20:30:00Z,2555310,87329,2464993,66896,3702,907,,,,,,,,,,,,,09,1319,38456,2558860,39775,2558860,,5,0,6201ba400b8530726c9e6cc755690f543e7eef99,0,0,0,0,0,
20201028,CT,69127,2770,2449958,,posNeg,2519085,309,12257,,,,,9800,10/27/2020 20:30,2020-10-27T20:30:00Z,10/27 16:30,4604,12257,9800,2020-10-27T20:30:00Z,2516315,86143,2427256,66357,3697,907,,,,,,,,,,,,,09,490,45089,2519085,45579,2519085,,9,0,8070297fa4c13da4153a29ece665e1a6ce73487e,0,0,0,0,0,
20201027,CT,68637,2736,2404869,,posNeg,2473506,292,12257,,,,,9800,10/26/2020 20:30,2020-10-26T20:30:00Z,10/26 16:30,4595,12257,9800,2020-10-26T20:30:00Z,2470770,85038,2382930,65901,3687,908,,,,,,,,,,,,,09,538,39020,2473506,39558,2473506,,6,0,1f416522f79391cc52474ce8d7d30fda136ce7fd,0,0,0,0,0,
20201026,CT,68099,2678,2365849,,posNeg,2433948,270,12257,,,,,9800,10/25/2020 20:30,2020-10-25T20:30:00Z,10/25 16:30,4589,12257,9800,2020-10-25T20:30:00Z,2431270,83929,2344610,65421,3683,906,,,,,,,,,,,,,09,2047,8245,2433948,10292,2433948,,12,0,1012f1a0f032dbb5691cd4281f08b16a106a12e0,0,0,0,0,0,
20201025,CT,66052,2676,2357604,,posNeg,2423656,233,12257,,,,,9800,10/22/2020 20:30,2020-10-22T20:30:00Z,10/22 16:30,4577,12257,9800,2020-10-22T20:30:00Z,2420980,83488,2334776,63376,3674,903,,,,,,,,,,,,,09,0,11294,2423656,11294,2423656,,0,0,2769ddb7726a70d752c8b913f6a13ab9931b6599,0,0,0,0,0,
20201024,CT,66052,2676,2346310,,posNeg,2412362,233,12257,,,,,9800,10/22/2020 20:30,2020-10-22T20:30:00Z,10/22 16:30,4577,12257,9800,2020-10-22T20:30:00Z,2409686,82962,2324017,63376,3674,903,,,,,,,,,,,,,09,0,26052,2412362,26052,2412362,,0,0,6f099805647e0bfaa270f291f5567640800831d5,0,0,0,0,0,
20201023,CT,66052,2676,2320258,,posNeg,2386310,233,12257,,,,,9800,10/22/2020 20:30,2020-10-22T20:30:00Z,10/22 16:30,4577,12257,9800,2020-10-22T20:30:00Z,2383634,82117,2298838,63376,3674,903,,,,,,,,,,,,,09,679,32647,2386310,33326,2386310,,8,0,939ab3b9ef7b47d831bdebe1e9cfa9b657f833a2,0,0,0,0,0,
20201022,CT,65373,2630,2287611,,posNeg,2352984,232,12257,,,,,9800,10/21/2020 20:30,2020-10-21T20:30:00Z,10/21 16:30,4569,12257,9800,2020-10-21T20:30:00Z,2350354,81270,2266437,62743,3667,902,,,,,,,,,,,,,09,502,31466,2352984,31968,2352984,,2,214,739cd23361ad6a9193a746636df687de9a7a9706,0,0,0,0,0,
20201021,CT,64871,2610,2256145,,posNeg,2321016,213,12043,,,,,9651,10/20/2020 20:30,2020-10-20T20:30:00Z,10/20 16:30,4567,12043,9651,2020-10-20T20:30:00Z,2318406,80432,2235361,62261,3666,901,,,,,,,,,,,,,09,416,38315,2321016,38731,2321016,,8,0,51171eaf08de1616a4cbe5ba7815747159095ebf,0,0,0,0,0,
20201020,CT,64455,2592,2217830,,posNeg,2282285,217,12043,,,,,9651,10/19/2020 20:30,2020-10-19T20:30:00Z,10/19 16:30,4559,12043,9651,2020-10-19T20:30:00Z,2279693,79643,2197459,61863,3658,901,,,,,,,,,,,,,09,434,37078,2282285,37512,2282285,,5,0,3fb315246762295c4e50d03974ca894fcc28b8fc,0,0,0,0,0,
20201019,CT,64021,2580,2180752,,posNeg,2244773,195,12043,,,,,9651,10/18/2020 20:30,2020-10-18T20:30:00Z,10/18 16:30,4554,12043,9651,2020-10-18T20:30:00Z,2242193,78817,2160818,61441,3652,902,,,,,,,,,,,,,09,1191,9233,2244773,10424,2244773,,12,0,be3342ef5a67053ba6bbae374f32581afd8f406a,0,0,0,0,0,
20201018,CT,62830,2521,2171519,,posNeg,2234349,184,12043,,,,,9651,10/15/2020 20:30,2020-10-15T20:30:00Z,10/15 16:30,4542,12043,9651,2020-10-15T20:30:00Z,2231828,78484,2150801,60309,3641,901,,,,,,,,,,,,,09,0,10568,2234349,10568,2234349,,0,0,d47aab1eb488a1dddd0621e94724234c8200d5ec,0,0,0,0,0,
20201017,CT,62830,2521,2160951,,posNeg,2223781,184,12043,,,,,9651,10/15/2020 20:30,2020-10-15T20:30:00Z,10/15 16:30,4542,12043,9651,2020-10-15T20:30:00Z,2221260,78112,2140611,60309,3641,901,,,,,,,,,,,,,09,0,24842,2223781,24842,2223781,,0,0,e0cf882f0150bfeffa6639aac1baa790856d1bf7,0,0,0,0,0,
20201016,CT,62830,2521,2136109,,posNeg,2198939,184,12043,,,,,9651,10/15/2020 20:30,2020-10-15T20:30:00Z,10/15 16:30,4542,12043,9651,2020-10-15T20:30:00Z,2196418,77547,2116348,60309,3641,901,,,,,,,,,,,,,09,802,26922,2198939,27724,2198939,,2,0,97e2fdc300b964db387f2774cde3bae49d25c901,0,0,0,0,0,
20201015,CT,62028,2505,2109187,,posNeg,2171215,191,12043,,,,,9651,10/14/2020 20:30,2020-10-14T20:30:00Z,10/14 16:30,4540,12043,9651,2020-10-14T20:30:00Z,2168710,76982,2089217,59523,3640,900,,,,,,,,,,,,,09,167,29132,2171215,29299,2171215,,3,198,83b0f2f6d843f870958844870f3d7f1af7ec7c57,0,0,0,0,0,
20201014,CT,61861,2477,2080055,,posNeg,2141916,188,11845,,,,,9522,10/13/2020 20:30,2020-10-13T20:30:00Z,10/13 16:30,4537,11845,9522,2020-10-13T20:30:00Z,2139439,76442,2060495,59384,3637,900,,,,,,,,,,,,,09,164,28998,2141916,29162,2141916,,4,0,e314425d4bac508efa4450945e1c1bee4296976b,0,0,0,0,0,
20201013,CT,61697,2460,2051057,,posNeg,2112754,172,11845,,,,,9522,10/12/2020 20:30,2020-10-12T20:30:00Z,10/12 16:30,4533,11845,9522,2020-10-12T20:30:00Z,2110294,75889,2031923,59237,3634,899,,,,,,,,,,,,,09,320,27671,2112754,27991,2112754,,1,0,1d8d0658354da114ed5dbb6bd44ba5502961ca54,0,0,0,0,0,
20201012,CT,61377,2454,2023386,,posNeg,2084763,155,11845,,,,,9522,10/11/2020 20:30,2020-10-11T20:30:00Z,10/11 16:30,4532,11845,9522,2020-10-11T20:30:00Z,2082309,75387,2004458,58923,3633,899,,,,,,,,,,,,,09,1339,6321,2084763,7660,2084763,,2,0,03353d31a44eb75c915231d669de783027ddb033,0,0,0,0,0,
20201011,CT,60038,2440,2017065,,posNeg,2077103,134,11845,,,,,9522,10/8/2020 20:30,2020-10-08T20:30:00Z,10/08 16:30,4530,11845,9522,2020-10-08T20:30:00Z,2074663,75199,1997008,57598,3631,899,,,,,,,,,,,,,09,0,9520,2077103,9520,2077103,,0,0,3024c638d9ee33889e029f2f4bbbb9c735ddd736,0,0,0,0,0,
20201010,CT,60038,2440,2007545,,posNeg,2067583,134,11845,,,,,9522,10/8/2020 20:30,2020-10-08T20:30:00Z,10/08 16:30,4530,11845,9522,2020-10-08T20:30:00Z,2065143,74947,1987742,57598,3631,899,,,,,,,,,,,,,09,0,23792,2067583,23792,2067583,,0,0,a67dcf1ecce9fb846401c65e09b9f679fa583599,0,0,0,0,0,
20201009,CT,60038,2440,1983753,,posNeg,2043791,134,11845,,,,,9522,10/8/2020 20:30,2020-10-08T20:30:00Z,10/08 16:30,4530,11845,9522,2020-10-08T20:30:00Z,2041351,74474,1964451,57598,3631,899,,,,,,,,,,,,,09,290,27299,2043791,27589,2043791,,3,0,2fe755024d1767e42056e606fc83ecb7eeb5eb99,0,0,0,0,0,
20201008,CT,59748,2416,1956454,,posNeg,2016202,128,11845,,,,,9522,10/7/2020 20:30,2020-10-07T20:30:00Z,10/07 16:30,4527,11845,9522,2020-10-07T20:30:00Z,2013786,74007,1937368,57332,3629,898,,,,,,,,,,,,,09,384,30765,2016202,31149,2016202,,5,146,3010de2f736c98cff05ca4e980ad69e375a513fd,0,0,0,0,0,
20201007,CT,59364,2406,1925689,,posNeg,1985053,138,11699,,,,,9408,10/6/2020 20:30,2020-10-06T20:30:00Z,10/06 16:30,4522,11699,9408,2020-10-06T20:30:00Z,1982647,73405,1906846,56958,3624,898,,,,,,,,,,,,,09,123,34083,1985053,34206,1985053,,1,0,836da8a58321008811f8399e8f151c9913413209,0,0,0,0,0,
20201006,CT,59241,2412,1891606,,posNeg,1950847,129,11699,,,,,9408,10/5/2020 20:30,2020-10-05T20:30:00Z,10/05 16:30,4521,11699,9408,2020-10-05T20:30:00Z,1948435,72946,1873100,56829,3623,898,,,,,,,,,,,,,09,121,34087,1950847,34208,1950847,,4,0,383981f9b51f216882c9f24a87fcbec66ead193d,0,0,0,0,0,
20201005,CT,59120,2413,1857519,,posNeg,1916639,129,11699,,,,,9408,10/4/2020 20:30,2020-10-04T20:30:00Z,10/04 16:30,4517,11699,9408,2020-10-04T20:30:00Z,1914226,72526,1839324,56707,3619,898,,,,,,,,,,,,,09,823,6954,1916639,7777,1916639,,4,0,2155f8eae19290038d0526b03f8102978c48cf3c,0,0,0,0,0,
20201004,CT,58297,2435,1850565,,posNeg,1908862,110,11699,,,,,9408,10/1/2020 20:30,2020-10-01T20:30:00Z,10/01 16:30,4513,11699,9408,2020-10-01T20:30:00Z,1906427,72382,1831677,55862,3614,899,,,,,,,,,,,,,09,0,9772,1908862,9772,1908862,,0,0,d274c380afa2568de4408d2fef637a5569cf360f,0,0,0,0,0,
20201003,CT,58297,2435,1840793,,posNeg,1899090,110,11699,,,,,9408,10/1/2020 20:30,2020-10-01T20:30:00Z,10/01 16:30,4513,11699,9408,2020-10-01T20:30:00Z,1896655,72193,1822097,55862,3614,899,,,,,,,,,,,,,09,0,23364,1899090,23364,1899090,,0,0,cb910c58c0ae8825e07e65fd78f3e4981015a530,0,0,0,0,0,
20201002,CT,58297,2435,1817429,,posNeg,1875726,110,11699,,,,,9408,10/1/2020 20:30,2020-10-01T20:30:00Z,10/01 16:30,4513,11699,9408,2020-10-01T20:30:00Z,1873291,71793,1799143,55862,3614,899,,,,,,,,,,,,,09,555,26493,1875726,27048,1875726,,2,0,6e24b2cb5e9bd1b3599adec01c347fe85194ff43,0,0,0,0,0,
20201001,CT,57742,2436,1790936,,posNeg,1848678,107,11699,,,,,9408,9/30/2020 20:30,2020-09-30T20:30:00Z,09/30 16:30,4511,11699,9408,2020-09-30T20:30:00Z,1846242,71452,1772448,55306,3613,898,,,,,,,,,,,,,09,192,26586,1848678,26778,1848678,,3,139,6fe681e2e2eeb0a51070507110f0d6f7aaa4422a,0,0,0,0,0,
20200930,CT,57550,2421,1764350,,posNeg,1821900,104,11560,,,,,9310,9/29/2020 20:30,2020-09-29T20:30:00Z,09/29 16:30,4508,11560,9310,2020-09-29T20:30:00Z,1819479,71079,1746066,55129,3610,898,,,,,,,,,,,,,09,221,30420,1821900,30641,1821900,,3,0,6c6e5cbe2e62987c8558918172211e095a9e21ce,0,0,0,0,0,
20200929,CT,57329,2410,1733930,,posNeg,1791259,92,11560,,,,,9310,9/28/2020 20:30,2020-09-28T20:30:00Z,09/28 16:30,4505,11560,9310,2020-09-28T20:30:00Z,1788849,70668,1715856,54919,3608,897,,,,,,,,,,,,,09,182,28791,1791259,28973,1791259,,2,0,154136dad5639ac84250dd7da8ec29861f6885b3,0,0,0,0,0,
20200928,CT,57147,2404,1705139,,posNeg,1762286,75,11560,,,,,9310,9/27/2020 20:30,2020-09-27T20:30:00Z,09/27 16:30,4503,11560,9310,2020-09-27T20:30:00Z,1759882,70267,1687300,54743,3606,897,,,,,,,,,,,,,09,560,5161,1762286,5721,1762286,,2,0,57fd846b5f4669fa5c05930adc53f28155606831,0,0,0,0,0,
20200927,CT,56587,2371,1699978,,posNeg,1756565,76,11560,,,,,9310,9/24/2020 20:30,2020-09-24T20:30:00Z,09/24 16:30,4501,11560,9310,2020-09-24T20:30:00Z,1754194,70158,1681723,54216,3604,897,,,,,,,,,,,,,09,0,7854,1756565,7854,1756565,,0,0,8570140f22f320fea92560e6383f2539ccc9da5a,0,0,0,0,0,
20200926,CT,56587,2371,1692124,,posNeg,1748711,76,11560,,,,,9310,9/24/2020 20:30,2020-09-24T20:30:00Z,09/24 16:30,4501,11560,9310,2020-09-24T20:30:00Z,1746340,69960,1674070,54216,3604,897,,,,,,,,,,,,,09,0,19115,1748711,19115,1748711,,0,0,4d6f430aa25b4592ea56bba4c227e0dd729e179f,0,0,0,0,0,
20200925,CT,56587,2371,1673009,,posNeg,1729596,76,11560,,,,,9310,9/24/2020 20:30,2020-09-24T20:30:00Z,09/24 16:30,4501,11560,9310,2020-09-24T20:30:00Z,1727225,69673,1655249,54216,3604,897,,,,,,,,,,,,,09,115,22890,1729596,23005,1729596,,2,0,b14a8bf53569687d3b989ce1e961f22b86391118,0,0,0,0,0,
20200924,CT,56472,2359,1650119,,posNeg,1706591,72,11560,,,,,9310,9/23/2020 20:30,2020-09-23T20:30:00Z,09/23 16:30,4499,11560,9310,2020-09-23T20:30:00Z,1704232,69430,1632509,54113,3603,896,,,,,,,,,,,,,09,157,23616,1706591,23773,1706591,,2,113,e852745b3bce4f3ef34d191eaa315697594c0454,0,0,0,0,0,
20200923,CT,56315,2346,1626503,,posNeg,1682818,73,11447,,,,,9204,9/22/2020 20:30,2020-09-22T20:30:00Z,09/22 16:30,4497,11447,9204,2020-09-22T20:30:00Z,1680472,69174,1609029,53969,3601,896,,,,,,,,,,,,,09,155,27540,1682818,27695,1682818,,1,0,88b997521b59879d47d51718125befb8db33690b,0,0,0,0,0,
20200922,CT,56160,2346,1598963,,posNeg,1655123,70,11447,,,,,9204,9/21/2020 20:30,2020-09-21T20:30:00Z,09/21 16:30,4496,11447,9204,2020-09-21T20:30:00Z,1652777,68934,1581590,53814,3601,895,,,,,,,,,,,,,09,136,24150,1655123,24286,1655123,,1,0,1dfed2f7d38cf8289804187e391966d5596bf6af,0,0,0,0,0,
20200921,CT,56024,2332,1574813,,posNeg,1630837,68,11447,,,,,9204,9/20/2020 20:30,2020-09-20T20:30:00Z,09/20 16:30,4495,11447,9204,2020-09-20T20:30:00Z,1628505,68682,1557580,53692,3600,895,,,,,,,,,,,,,09,497,7147,1630837,7644,1630837,,3,0,666d6ebbc6d083c6dca9faf92a9e6d562827af9f,0,0,0,0,0,
20200920,CT,55527,2309,1567666,,posNeg,1623193,77,11447,,,,,9204,9/17/2020 20:30,2020-09-17T20:30:00Z,09/17 16:30,4492,11447,9204,2020-09-17T20:30:00Z,1620884,68593,1550050,53218,3597,895,,,,,,,,,,,,,09,0,7388,1623193,7388,1623193,,0,0,356befe6eea22fd684cc964619508f53c1e26eb6,0,0,0,0,0,
20200919,CT,55527,2309,1560278,,posNeg,1615805,77,11447,,,,,9204,9/17/2020 20:30,2020-09-17T20:30:00Z,09/17 16:30,4492,11447,9204,2020-09-17T20:30:00Z,1613496,68455,1542804,53218,3597,895,,,,,,,,,,,,,09,0,18179,1615805,18179,1615805,,0,0,6fc296217db00bd00dd4236019c09ac4a0dfa516,0,0,0,0,0,
20200918,CT,55527,2309,1542099,,posNeg,1597626,77,11447,,,,,9204,9/17/2020 20:30,2020-09-17T20:30:00Z,09/17 16:30,4492,11447,9204,2020-09-17T20:30:00Z,1595317,68264,1524819,53218,3597,895,,,,,,,,,,,,,09,141,21750,1597626,21891,1597626,,4,0,0403627084f3eee57e2352a35f34e0978a992ce0,0,0,0,0,0,
20200917,CT,55386,2299,1520349,,posNeg,1575735,75,11447,,,,,9204,9/16/2020 20:30,2020-09-16T20:30:00Z,09/16 16:30,4488,11447,9204,2020-09-16T20:30:00Z,1573436,68043,1503168,53087,3593,895,,,,,,,,,,,,,09,220,22931,1575735,23151,1575735,,1,90,f5f06657188a0f6f0b85e93bcfa92163976b18f0,0,0,0,0,0,
20200916,CT,55166,2288,1497418,,posNeg,1552584,70,11357,,,,,9142,9/15/2020 20:30,2020-09-15T20:30:00Z,09/15 16:30,4487,11357,9142,2020-09-15T20:30:00Z,1550296,67835,1480248,52878,3592,895,,,,,,,,,,,,,09,135,24881,1552584,25016,1552584,,2,0,6aea262c43a3a5763ce9781c3ea1c03b77eb516f,0,0,0,0,0,
20200915,CT,55031,2264,1472537,,posNeg,1527568,71,11357,,,,,9142,9/14/2020 20:30,2020-09-14T20:30:00Z,09/14 16:30,4485,11357,9142,2020-09-14T20:30:00Z,1525304,67639,1455459,52767,3590,895,,,,,,,,,,,,,09,136,23512,1527568,23648,1527568,,0,0,aa8f45ef5cbb6903e8a107ec019f5d070ca891d6,0,0,0,0,0,
20200914,CT,54895,2271,1449025,,posNeg,1503920,64,11357,,,,,9142,9/13/2020 20:30,2020-09-13T20:30:00Z,09/13 16:30,4485,11357,9142,2020-09-13T20:30:00Z,1501649,67356,1432096,52624,3590,895,,,,,,,,,,,,,09,569,6832,1503920,7401,1503920,,5,0,28bd884b34e4366f63b5e11a99d0c5034387635d,0,0,0,0,0,
20200913,CT,54326,2231,1442193,,posNeg,1496519,51,11357,,,,,9142,9/10/2020 20:30,2020-09-10T20:30:00Z,09/10 16:30,4480,11357,9142,2020-09-10T20:30:00Z,1494288,67265,1424834,52095,3595,885,,,,,,,,,,,,,09,0,7981,1496519,7981,1496519,,0,0,a227ffa1dbf3c60cd641059dac1f545e474721cc,0,0,0,0,0,
20200912,CT,54326,2231,1434212,,posNeg,1488538,51,11357,,,,,9142,9/10/2020 20:30,2020-09-10T20:30:00Z,09/10 16:30,4480,11357,9142,2020-09-10T20:30:00Z,1486307,67111,1417008,52095,3595,885,,,,,,,,,,,,,09,0,17365,1488538,17365,1488538,,0,0,73f9d845160d182fc76340c34d9e9a873db9856e,0,0,0,0,0,
20200911,CT,54326,2231,1416847,,posNeg,1471173,51,11357,,,,,9142,9/10/2020 20:30,2020-09-10T20:30:00Z,09/10 16:30,4480,11357,9142,2020-09-10T20:30:00Z,1468942,66911,1399849,52095,3595,885,,,,,,,,,,,,,09,233,21420,1471173,21653,1471173,,2,0,2e39ab33b6c226673e70c48c7d6b1b371588fa94,0,0,0,0,0,
20200910,CT,54093,2216,1395427,,posNeg,1449520,52,11357,,,,,9142,9/9/2020 20:30,2020-09-09T20:30:00Z,09/09 16:30,4478,11357,9142,2020-09-09T20:30:00Z,1447304,66714,1378415,51877,3593,885,,,,,,,,,,,,,09,222,27165,1449520,27387,1449520,,4,82,9da1581c902acf7af78b1f0d764191cc533eb5b7,0,0,0,0,0,
20200909,CT,53871,2205,1368262,,posNeg,1422133,57,11275,,,,,9049,9/8/2020 20:30,2020-09-08T20:30:00Z,09/08 16:30,4474,11275,9049,2020-09-08T20:30:00Z,1419928,66460,1351301,51666,3589,885,,,,,,,,,,,,,09,89,27767,1422133,27856,1422133,,0,0,4e7ed9b1bdaf6b1befef16b56fe04d8aa8a9314a,0,0,0,0,0,
20200908,CT,53782,2188,1340495,,posNeg,1394277,50,11275,,,,,9049,9/7/2020 20:30,2020-09-07T20:30:00Z,09/07 16:30,4474,11275,9049,2020-09-07T20:30:00Z,1392089,66175,1323758,51594,3589,885,,,,,,,,,,,,,09,417,8920,1394277,9337,1394277,,6,0,ccb473386729b87a99b0fb75936a3501fb7226fa,0,0,0,0,0,
20200907,CT,53365,2144,1331575,,posNeg,1384940,58,11275,,,,,9049,9/4/2020 20:30,2020-09-04T20:30:00Z,09/04 16:30,4468,11275,9049,2020-09-04T20:30:00Z,1382796,66093,1314551,51221,3583,885,,,,,,,,,,,,,09,0,5568,1384940,5568,1384940,,0,0,fc673296b8d8f1f6416834ae69802031ac9dd8e8,0,0,0,0,0,
20200906,CT,53365,2144,1326007,,posNeg,1379372,58,11275,,,,,9049,9/3/2020 20:30,2020-09-03T20:30:00Z,09/03 16:30,4468,11275,9049,2020-09-03T20:30:00Z,1377228,66016,1309062,51221,3583,885,,,,,,,,,,,,,09,0,7036,1379372,7036,1379372,,0,0,c490a1844e2977b4299d5d56ef44ece4963efea9,0,0,0,0,0,
20200905,CT,53365,2144,1318971,,posNeg,1372336,58,11275,,,,,9049,9/3/2020 20:30,2020-09-03T20:30:00Z,09/03 16:30,4468,11275,9049,2020-09-03T20:30:00Z,1370192,65906,1302142,51221,3583,885,,,,,,,,,,,,,09,0,16073,1372336,16073,1372336,,0,0,0b398fbd6a4d1f321fba9426100bf8ba77162629,0,0,0,0,0,
20200904,CT,53365,2144,1302898,,posNeg,1356263,58,11275,,,,,9049,9/3/2020 20:30,2020-09-03T20:30:00Z,09/03 16:30,4468,11275,9049,2020-09-03T20:30:00Z,1354119,65769,1286217,51221,3583,885,,,,,,,,,,,,,09,156,21852,1356263,22008,1356263,,0,0,78d814423a5651a41448db06433fb280b3cbada2,0,0,0,0,0,
20200903,CT,53209,2133,1281046,,posNeg,1334255,65,11275,,,,,9049,9/2/2020 20:30,2020-09-02T20:30:00Z,09/02 16:30,4468,11275,9049,2020-09-02T20:30:00Z,1332122,65570,1264436,51076,3583,885,,,,,,,,,,,,,09,101,19939,1334255,20040,1334255,,1,95,726f3f667503e8e9457028fb1a1f7acc05be2e17,0,0,0,0,0,
20200902,CT,53108,2130,1261107,,posNeg,1314215,65,11180,,,,,8967,9/1/2020 20:30,2020-09-01T20:30:00Z,09/01 16:30,4467,11180,8967,2020-09-01T20:30:00Z,1312085,65365,1244627,50978,3582,885,,,,,,,,,,,,,09,102,20428,1314215,20530,1314215,,1,0,cec22de98517092933d3558c2a8cd4250608ac8f,0,0,0,0,0,
20200901,CT,53006,2123,1240679,,posNeg,1293685,56,11180,,,,,8967,8/31/2020 20:30,2020-08-31T20:30:00Z,08/31 16:30,4466,11180,8967,2020-08-31T20:30:00Z,1291562,65164,1224334,50883,3581,885,,,,,,,,,,,,,09,127,20351,1293685,20478,1293685,,1,0,06a4c3a8c12227270935c5c8c353c883a487543e,0,0,0,0,0,
20200831,CT,52879,2126,1220328,,posNeg,1273207,52,11180,,,,,8967,8/30/2020 20:30,2020-08-30T20:30:00Z,08/30 16:30,4465,11180,8967,2020-08-30T20:30:00Z,1271081,64953,1204088,50753,3580,885,,,,,,,,,,,,,09,384,8033,1273207,8417,1273207,,0,0,b4e5ac578a1f070fd4f14a7b3c496239b4ff9acb,0,0,0,0,0,
20200830,CT,52495,2108,1212295,,posNeg,1264790,60,11180,,,,,8967,8/27/2020 18:30,2020-08-27T18:30:00Z,08/27 14:30,4465,11180,8967,2020-08-27T18:30:00Z,1262682,64890,1195754,50387,3579,886,,,,,,,,,,,,,09,0,8204,1264790,8204,1264790,,0,0,5f03a24d32e6a5d4633e2923e21c4a227fe96f15,0,0,0,0,0,
20200829,CT,52495,2108,1204091,,posNeg,1256586,60,11180,,,,,8967,8/27/2020 20:30,2020-08-27T20:30:00Z,08/27 16:30,4465,11180,8967,2020-08-27T20:30:00Z,1254478,64781,1187662,50387,3579,886,,,,,,,,,,,,,09,0,18161,1256586,18161,1256586,,0,0,6a04fb2045382bffa833e9ba953672731846c232,0,0,0,0,0,
20200828,CT,52495,2108,1185930,,posNeg,1238425,60,11180,,,,,8967,8/27/2020 20:30,2020-08-27T20:30:00Z,08/27 16:30,4465,11180,8967,2020-08-27T20:30:00Z,1236317,64575,1169714,50387,3579,886,,,,,,,,,,,,,09,145,19138,1238425,19283,1238425,,0,0,d8a91f885391243fb96118997727a7c5bde46f7a,0,0,0,0,0,
20200827,CT,52350,2095,1166792,,posNeg,1219142,56,11180,,,,,8967,8/26/2020 20:30,2020-08-26T20:30:00Z,08/26 16:30,4465,11180,8967,2020-08-26T20:30:00Z,1217047,64421,1150611,50255,3579,886,,,,,,,,,,,,,09,130,20465,1219142,20595,1219142,,2,93,421d4f2905fea7638aff2c5dcd275d5a4532c112,0,0,0,0,0,
20200826,CT,52220,2086,1146327,,posNeg,1198547,57,11087,,,,,8893,8/25/2020 20:30,2020-08-25T20:30:00Z,08/25 16:30,4463,11087,8893,2020-08-25T20:30:00Z,1196461,64255,1130206,50134,3579,884,,,,,,,,,,,,,09,180,20711,1198547,20891,1198547,,0,0,fb50ada5424dc3d52e5a7358ca8ee683361bb285,0,0,0,0,0,
20200825,CT,52040,2069,1125616,,posNeg,1177656,59,11087,,,,,8893,8/24/2020 20:30,2020-08-24T20:30:00Z,08/24 16:30,4463,11087,8893,2020-08-24T20:30:00Z,1175587,64065,1109525,49971,3580,883,,,,,,,,,,,,,09,29,19982,1177656,20011,1177656,,3,0,b85dd94ee730b9dc2bf119db8b728e13579075ee,0,0,0,0,0,
20200824,CT,52011,2071,1105634,,posNeg,1157645,57,11087,,,,,8893,8/23/2020 20:30,2020-08-23T20:30:00Z,08/23 16:30,4460,11087,8893,2020-08-23T20:30:00Z,1155574,63852,1089729,49940,3574,886,,,,,,,,,,,,,09,492,5361,1157645,5853,1157645,,0,0,028875e6f2134484a7bc593187619db5a00313d1,0,0,0,0,0,
20200823,CT,51519,2042,1100273,,posNeg,1151792,54,11087,,,,,8893,8/20/2020 20:30,2020-08-20T20:30:00Z,08/20 16:30,4460,11087,8893,2020-08-20T20:30:00Z,1149750,63793,1083965,49477,3574,886,,,,,,,,,,,,,09,0,6760,1151792,6760,1151792,,0,0,4380f43f3fbc5a221480da42424de19791517a81,0,0,0,0,0,
20200822,CT,51519,2042,1093513,,posNeg,1145032,54,11087,,,,,8893,8/20/2020 20:30,2020-08-20T20:30:00Z,08/20 16:30,4460,11087,8893,2020-08-20T20:30:00Z,1142990,63696,1077306,49477,3574,886,,,,,,,,,,,,,09,0,14515,1145032,14515,1145032,,0,0,266935c8d80926798b18a7a9df1335205627cb37,0,0,0,0,0,
20200821,CT,51519,2042,1078998,,posNeg,1130517,54,11087,,,,,8893,8/20/2020 20:30,2020-08-20T20:30:00Z,08/20 16:30,4460,11087,8893,2020-08-20T20:30:00Z,1128475,63580,1062914,49477,3574,886,,,,,,,,,,,,,09,87,17768,1130517,17855,1130517,,2,0,9701ff075affad18d5329ca933cc8a77d2ed1f6b,0,0,0,0,0,
20200820,CT,51432,2030,1061230,,posNeg,1112662,47,11087,,,,,8893,8/19/2020 20:30,2020-08-19T20:30:00Z,08/19 16:30,4458,11087,8893,2020-08-19T20:30:00Z,1110632,63429,1045227,49402,3572,886,,,,,,,,,,,,,09,118,17703,1112662,17821,1112662,,1,72,164150f26ca418bc6a029c4e6d513a8f971da9bb,0,0,0,0,0,
20200819,CT,51314,2025,1043527,,posNeg,1094841,49,11015,,,,,8809,8/18/2020 20:30,2020-08-18T20:30:00Z,08/18 16:30,4457,11015,8809,2020-08-18T20:30:00Z,1092816,63260,1027593,49289,3572,885,,,,,,,,,,,,,09,59,16944,1094841,17003,1094841,,1,0,8f228a35d1fddd9991ed06e565051d6bb176de15,0,0,0,0,0,
20200818,CT,51255,2019,1026583,,posNeg,1077838,47,11015,,,,,8809,8/17/2020 20:30,2020-08-17T20:30:00Z,08/17 16:30,4456,11015,8809,2020-08-17T20:30:00Z,1075819,63083,1010780,49236,3571,885,,,,,,,,,,,,,09,-12,19528,1077838,19516,1077838,,0,0,4ba6e6db86360803af78a45bc6ead058343d5fc0,0,0,0,0,0,
20200817,CT,51267,2016,1007055,,posNeg,1058322,42,11015,,,,,8809,8/16/2020 20:30,2020-08-16T20:30:00Z,08/16 16:30,4456,11015,8809,2020-08-16T20:30:00Z,1056306,62901,991454,49251,3572,884,,,,,,,,,,,,,09,370,8846,1058322,9216,1058322,,3,0,77a61661dbafd4429dbc340333cffb238f8631e6,0,0,0,0,0,
20200816,CT,50897,2010,998209,,posNeg,1049106,56,11015,,,,,8809,8/14/2020 16:00,2020-08-14T16:00:00Z,08/14 12:00,4453,11015,8809,2020-08-14T16:00:00Z,1047096,62850,982296,48887,3569,884,,,,,,,,,,,,,09,0,7239,1049106,7239,1049106,,0,0,89d61078c5246822b9eb23599dd1593cad8ede79,0,0,0,0,0,
20200815,CT,50897,2010,990970,,posNeg,1041867,56,11015,,,,,8809,8/14/2020 16:00,2020-08-14T16:00:00Z,08/14 12:00,4453,11015,8809,2020-08-14T16:00:00Z,1039857,62795,975116,48887,3569,884,,,,,,,,,,,,,09,0,14599,1041867,14599,1041867,,0,0,697c302103494e4ee32dd310b259f6aa4d899eca,0,0,0,0,0,
20200814,CT,50897,2010,976371,,posNeg,1027268,56,11015,,,,,8809,8/13/2020 20:30,2020-08-13T20:30:00Z,08/13 16:30,4453,11015,8809,2020-08-13T20:30:00Z,1025258,62643,960675,48887,3569,884,,,,,,,,,,,,,09,115,15743,1027268,15858,1027268,,3,0,b63ff6bfd2e89647fc69192d59c24c7dc5950ec7,0,0,0,0,0,
20200813,CT,50782,2008,960628,,posNeg,1011410,63,11015,,,,,8809,8/12/2020 20:30,2020-08-12T20:30:00Z,08/12 16:30,4450,11015,8809,2020-08-12T20:30:00Z,1009402,62508,944963,48774,3566,884,,,,,,,,,,,,,09,76,16340,1011410,16416,1011410,,0,95,2d082a40e144ce2c340a67f2cba54da5c34fa0bc,0,0,0,0,0,
20200812,CT,50706,2001,944288,,posNeg,994994,58,10920,,,,,8721,8/11/2020 20:30,2020-08-11T20:30:00Z,08/11 16:30,4450,10920,8721,2020-08-11T20:30:00Z,992993,62390,928680,48705,3566,884,,,,,,,,,,,,,09,22,15316,994994,15338,994994,,6,0,e7f6a7d13e2614e4f490630972fc3d1d09f0462d,0,0,0,0,0,
20200811,CT,50684,1994,928972,,posNeg,979656,70,10920,,,,,8721,8/10/2020 20:30,2020-08-10T20:30:00Z,08/10 16:30,4444,10920,8721,2020-08-10T20:30:00Z,977662,62261,913480,48690,3561,883,,,,,,,,,,,,,09,117,16042,979656,16159,979656,,0,0,4691cc2ad248fa573b5900dffeddfa96bc6a8069,0,0,0,0,0,
20200810,CT,50567,1990,912930,,posNeg,963497,64,10920,,,,,8721,8/9/2020 20:30,2020-08-09T20:30:00Z,08/09 16:30,4444,10920,8721,2020-08-09T20:30:00Z,961507,62149,897440,48577,3560,884,,,,,,,,,,,,,09,247,6266,963497,6513,963497,,3,0,7e983308078d85026002b0b95aa5137286d3797f,0,0,0,0,0,
20200809,CT,50320,1975,906664,,posNeg,956984,65,10920,,,,,8721,8/6/2020 20:30,2020-08-06T20:30:00Z,08/06 16:30,4441,10920,8721,2020-08-06T20:30:00Z,955009,62110,890981,48345,3558,883,,,,,,,,,,,,,09,0,5309,956984,5309,956984,,0,0,6448488ce3d6cb216718bed9d0b83fb442703104,0,0,0,0,0,
20200808,CT,50320,1975,901355,,posNeg,951675,65,10920,,,,,8721,8/6/2020 20:30,2020-08-06T20:30:00Z,08/06 16:30,4441,10920,8721,2020-08-06T20:30:00Z,949700,62067,885717,48345,3558,883,,,,,,,,,,,,,09,0,11524,951675,11524,951675,,0,0,751c113c3ee031c9516bd1af9f970e8bdde094ab,0,0,0,0,0,
20200807,CT,50320,1975,889831,,posNeg,940151,65,10920,,,,,8721,8/6/2020 20:30,2020-08-06T20:30:00Z,08/06 16:30,4441,10920,8721,2020-08-06T20:30:00Z,938176,61982,874279,48345,3558,883,,,,,,,,,,,,,09,75,15084,940151,15159,940151,,4,0,af09e59889abe0e1dd00e0d863e359f1edb8a26d,0,0,0,0,0,
20200806,CT,50245,1972,874747,,posNeg,924992,66,10920,,,,,8721,8/5/2020 20:30,2020-08-05T20:30:00Z,08/05 16:30,4437,10920,8721,2020-08-05T20:30:00Z,923020,61840,859277,48273,3555,882,,,,,,,,,,,,,09,20,13366,924992,13386,924992,,0,113,e09750c4d30e28d20b4f952f40e77ef5837ce00c,0,0,0,0,0,
20200805,CT,50225,1967,861381,,posNeg,911606,59,10807,,,,,8613,8/4/2020 20:30,2020-08-04T20:30:00Z,08/04 16:30,4437,10807,8613,2020-08-04T20:30:00Z,909639,61711,846030,48258,3555,882,,,,,,,,,,,,,09,115,12357,911606,12472,911606,,0,0,1ad59951cdce4a06ad90ea02009dd52091b1a6b4,0,0,0,0,0,
20200804,CT,50110,1968,849024,,posNeg,899134,60,10807,,,,,8613,8/3/2020 20:30,2020-08-03T20:30:00Z,08/03 16:30,4437,10807,8613,2020-08-03T20:30:00Z,897166,61586,833688,48142,3555,882,,,,,,,,,,,,,09,48,12854,899134,12902,899134,,0,0,30393ee4835783af2071c3d2abcd8351db262ac3,0,0,0,0,0,
20200803,CT,50062,1969,836170,,posNeg,886232,56,10807,,,,,8613,8/2/2020 20:30,2020-08-02T20:30:00Z,08/02 16:30,4437,10807,8613,2020-08-02T20:30:00Z,884263,61443,820935,48093,3555,882,,,,,,,,,,,,,09,252,7133,886232,7385,886232,,5,0,eaa7fc5195389a4a431a037ecf0b07708f1d0b8b,0,0,0,0,0,
20200802,CT,49810,1956,829037,,posNeg,878847,69,10807,,,,,8613,7/30/2020 20:30,2020-07-30T20:30:00Z,07/30 16:30,4432,10807,8613,2020-07-30T20:30:00Z,876891,61403,813606,47854,3551,881,,,,,,,,,,,,,09,0,5452,878847,5452,878847,,0,0,2dfe654db50cb7917c92c21673d4c4809f4bec81,0,0,0,0,0,
20200801,CT,49810,1956,823585,,posNeg,873395,69,10807,,,,,8613,7/30/2020 20:30,2020-07-30T20:30:00Z,07/30 16:30,4432,10807,8613,2020-07-30T20:30:00Z,871439,61353,808205,47854,3551,881,,,,,,,,,,,,,09,0,11681,873395,11681,873395,,0,0,95a25ddce81d61b5ab0b0c2fb47b54c1d944941b,0,0,0,0,0,
20200731,CT,49810,1956,811904,,posNeg,861714,69,10807,,,,,8613,7/30/2020 20:30,2020-07-30T20:30:00Z,07/30 16:30,4432,10807,8613,2020-07-30T20:30:00Z,859758,61256,796624,47854,3551,881,,,,,,,,,,,,,09,140,14359,861714,14499,861714,,1,0,1d8982bd71975fe008086aede129522d5f32bfb2,0,0,0,0,0,
20200730,CT,49670,1953,797545,,posNeg,847215,66,10807,,,,,8613,7/29/2020 20:30,2020-07-29T20:30:00Z,07/29 16:30,4431,10807,8613,2020-07-29T20:30:00Z,845262,61121,782270,47717,3550,881,,,,,,,,,,,,,09,130,15101,847215,15231,847215,,6,95,ec7b191c9912dbdcb4c3638dd6063946bdc68493,0,0,0,0,0,
20200729,CT,49540,1959,782444,,posNeg,831984,53,10712,,,,,8516,7/28/2020 20:30,2020-07-28T20:30:00Z,07/28 16:30,4425,10712,8516,2020-07-28T20:30:00Z,830025,60989,767175,47581,3544,881,,,,,,,,,,,,,09,463,13901,831984,14364,831984,,2,0,bba178433b368071c3e2b2de3bca93285a8be272,0,0,0,0,0,
20200728,CT,49077,1988,768543,,posNeg,817620,54,10712,,,,,8516,7/27/2020 20:30,2020-07-27T20:30:00Z,07/27 16:30,4423,10712,8516,2020-07-27T20:30:00Z,815632,60873,752910,47089,3541,882,,,,,,,,,,,,,09,94,13365,817620,13459,817620,,5,0,a5a18cc9ba992f405ccc32fc87caaeca10b3b690,0,0,0,0,0,
20200727,CT,48983,1989,755178,,posNeg,804161,59,10712,,,,,8516,7/26/2020 20:30,2020-07-26T20:30:00Z,07/26 16:30,4418,10712,8516,2020-07-26T20:30:00Z,802172,60713,739616,46994,3536,882,,,,,,,,,,,,,09,207,7075,804161,7282,804161,,5,0,5d81a402dae317a497e2590ef66d7ba70aa00aec,0,0,0,0,0,
20200726,CT,48776,1970,748103,,posNeg,796879,71,10712,,,,,8516,7/23/2020 20:30,2020-07-23T20:30:00Z,07/23 16:30,4413,10712,8516,2020-07-23T20:30:00Z,794909,60678,732393,46806,3531,882,,,,,,,,,,,,,09,0,5405,796879,5405,796879,,0,0,84f07dedaf4a8153255fc5afdf1af991c86832a4,0,0,0,0,0,
20200725,CT,48776,1970,742698,,posNeg,791474,71,10712,,,,,8516,7/23/2020 20:30,2020-07-23T20:30:00Z,07/23 16:30,4413,10712,8516,2020-07-23T20:30:00Z,789504,60614,727054,46806,3531,882,,,,,,,,,,,,,09,0,12220,791474,12220,791474,,0,0,7b9f3cffb54299ece72e873d9c13dc80a9e07d92,0,0,0,0,0,
20200724,CT,48776,1970,730478,,posNeg,779254,71,10712,,,,,8516,7/23/2020 20:30,2020-07-23T20:30:00Z,07/23 16:30,4413,10712,8516,2020-07-23T20:30:00Z,777284,60463,714994,46806,3531,882,,,,,,,,,,,,,09,544,14891,779254,15435,779254,,3,0,650c4dee345a440c29ce5742d2046d360c0dbe55,0,0,0,0,0,
20200723,CT,48232,2019,715587,,posNeg,763819,72,10712,,,,,8516,7/22/2020 20:30,2020-07-22T20:30:00Z,07/22 16:30,4410,10712,8516,2020-07-22T20:30:00Z,761800,60285,699702,46213,3530,880,,,,,,,,,,,,,09,9,14282,763819,14291,763819,,4,58,685f8fa39ab09a2c87d9dec4174108c1bfba1836,0,0,0,0,0,
20200722,CT,48223,2020,701305,,posNeg,749528,63,10654,,,,,8466,7/21/2020 20:30,2020-07-21T20:30:00Z,07/21 16:30,4406,10654,8466,2020-07-21T20:30:00Z,747508,60171,685537,46203,3527,879,,,,,,,,,,,,,09,127,13732,749528,13859,749528,,0,0,be9898c1ce74bf2b884907ed855fdee80cf4e2d5,0,0,0,0,0,
20200721,CT,48096,1980,687573,,posNeg,735669,62,10654,,,,,8466,7/20/2020 20:30,2020-07-20T20:30:00Z,07/20 16:30,4406,10654,8466,2020-07-20T20:30:00Z,733689,60021,671874,46116,3527,879,,,,,,,,,,,,,09,41,13003,735669,13044,735669,,0,0,e95cb8aa30b103458fe2d8ecce1fdf0cea11f711,0,0,0,0,0,
20200720,CT,48055,1984,674570,,posNeg,722625,54,10654,,,,,8466,7/19/2020 20:30,2020-07-19T20:30:00Z,07/19 16:30,4406,10654,8466,2020-07-19T20:30:00Z,720641,59891,658972,46071,3525,881,,,,,,,,,,,,,09,162,5936,722625,6098,722625,,10,0,de2e9015dbef2d4a910807afc680332be4fa560d,0,0,0,0,0,
20200719,CT,47893,1983,668634,,posNeg,716527,66,10654,,,,,8466,7/17/2020 20:30,2020-07-17T20:30:00Z,07/17 16:30,4396,10654,8466,2020-07-17T20:30:00Z,714544,59849,652922,45910,3519,877,,,,,,,,,,,,,09,0,3953,716527,3953,716527,,0,0,d15ee0065d845482c42a35135c92a6d61394bed1,0,0,0,0,0,
20200718,CT,47893,1983,664681,,posNeg,712574,66,10654,,,,,8466,7/16/2020 20:30,2020-07-16T20:30:00Z,07/16 16:30,4396,10654,8466,2020-07-16T20:30:00Z,710591,59790,649030,45910,3519,877,,,,,,,,,,,,,09,0,12933,712574,12933,712574,,0,0,80b160f022588ddbea2befebe860ed52d402c65b,0,0,0,0,0,
20200717,CT,47893,1983,651748,,posNeg,699641,66,10654,,,,,8466,7/16/2020 20:30,2020-07-16T20:30:00Z,07/16 16:30,4396,10654,8466,2020-07-16T20:30:00Z,697658,59702,636198,45910,3519,877,,,,,,,,,,,,,09,143,13072,699641,13215,699641,,7,0,40cadd11a4a4f812478575a0e8da6d58abe0b5a9,0,0,0,0,0,
20200716,CT,47750,1979,638676,,posNeg,686426,66,10654,,,,,8466,7/15/2020 20:30,2020-07-15T20:30:00Z,07/15 16:30,4389,10654,8466,2020-07-15T20:30:00Z,684447,59566,623133,45771,3515,874,,,,,,,,,,,,,09,114,14238,686426,14352,686426,,9,102,107dad733883df63a4347cade2558aae4591ad97,0,0,0,0,0,
20200715,CT,47636,1983,624438,,posNeg,672074,67,10552,,,,,8351,7/14/2020 20:30,2020-07-14T20:30:00Z,07/14 16:30,4380,10552,8351,2020-07-14T20:30:00Z,670091,59436,608918,45653,3505,875,,,,,,,,,,,,,09,106,15777,672074,15883,672074,,8,0,2cde6259bb630b29185c548e0bcf6f776d7fb4f4,0,0,0,0,0,
20200714,CT,47530,1983,608661,,posNeg,656191,66,10552,,,,,8351,7/13/2020 20:30,2020-07-13T20:30:00Z,07/13 16:30,4372,10552,8351,2020-07-13T20:30:00Z,654208,59283,593199,45547,3497,875,,,,,,,,,,,,,09,20,14411,656191,14431,656191,,1,0,9cb4e45b6de4dde26a37bce29344d5672815b556,0,0,0,0,0,
20200713,CT,47510,1987,594250,,posNeg,641760,74,10552,,,,,8351,7/12/2020 20:30,2020-07-12T20:30:00Z,07/12 16:30,4371,10552,8351,2020-07-12T20:30:00Z,639773,59128,578933,45523,3492,879,,,,,,,,,,,,,09,223,4047,641760,4270,641760,,23,0,ccce948adb8fe66bcfc2b28b6bb098d6f821ca81,0,0,0,0,0,
20200712,CT,47287,1979,590203,,posNeg,637490,77,10552,,,,,8351,7/9/2020 20:30,2020-07-09T20:30:00Z,07/09 16:30,4348,10552,8351,2020-07-09T20:30:00Z,635511,59079,574724,45308,3476,871,,,,,,,,,,,,,09,0,5121,637490,5121,637490,,0,0,4cdffe4f2ef8c2cccb3fd1f1e72b56e97c4c195d,0,0,0,0,0,
20200711,CT,47287,1979,585082,,posNeg,632369,77,10552,,,,,8351,7/9/2020 20:30,2020-07-09T20:30:00Z,07/09 16:30,4348,10552,8351,2020-07-09T20:30:00Z,630390,59014,569674,45308,3476,871,,,,,,,,,,,,,09,0,12281,632369,12281,632369,,0,0,6d6e4afd2a6005a03426e74c295397099b540f87,0,0,0,0,0,
20200710,CT,47287,1979,572801,,posNeg,620088,77,10552,,,,,8351,7/9/2020 20:30,2020-07-09T20:30:00Z,07/09 16:30,4348,10552,8351,2020-07-09T20:30:00Z,618109,58899,557519,45308,3476,871,,,,,,,,,,,,,09,78,12607,620088,12685,620088,,0,0,9b0d1de10d73e94114de0faa5c5cd02572fd7096,0,0,0,0,0,
20200709,CT,47209,1985,560194,,posNeg,607403,90,10552,,,,,8351,7/8/2020 20:30,2020-07-08T20:30:00Z,07/08 16:30,4348,10552,8351,2020-07-08T20:30:00Z,605418,58768,544970,45224,3476,872,,,,,,,,,,,,,09,101,14973,607403,15074,607403,,5,141,b148a0420f1b253dcddb775ab2ea53cb544e78aa,0,0,0,0,0,
20200708,CT,47108,1979,545221,,posNeg,592329,88,10411,,,,,8210,7/7/2020 20:30,2020-07-07T20:30:00Z,07/07 16:30,4343,10411,8210,2020-07-07T20:30:00Z,590350,58618,530071,45129,3471,872,,,,,,,,,,,,,09,75,14489,592329,14564,592329,,5,0,fc33c79541d62b67b2f02af002c401a9c85321b8,0,0,0,0,0,
20200707,CT,47033,1977,530732,,posNeg,577765,83,10411,,,,,8210,7/6/2020 20:30,2020-07-06T20:30:00Z,07/06 16:30,4338,10411,8210,2020-07-06T20:30:00Z,575788,58440,515709,45056,3466,872,,,,,,,,,,,,,09,57,15147,577765,15204,577765,,0,0,ef312fa0f17888157b225171b73ee6770ab950f6,0,0,0,0,0,
20200706,CT,46976,1979,515585,,posNeg,562561,69,10411,,,,,8210,7/5/2020 20:30,2020-07-05T20:30:00Z,07/05 16:30,4338,10411,8210,2020-07-05T20:30:00Z,560582,58275,500688,44997,3466,872,,,,,,,,,,,,,09,259,4060,562561,4319,562561,,3,0,ab70a2e498e4975f8f35abfe39df89fe8049918d,0,0,0,0,0,
20200705,CT,46717,1976,511525,,posNeg,558242,95,10411,,,,,8210,7/2/2020 20:30,2020-07-02T20:30:00Z,07/02 16:30,4335,10411,8210,2020-07-02T20:30:00Z,556266,58222,496429,44741,3463,872,,,,,,,,,,,,,09,0,2123,558242,2123,558242,,0,0,3680af5935a9a6f0b52136c666a7de9f446b6ebc,0,0,0,0,0,
20200704,CT,46717,1976,509402,,posNeg,556119,95,10411,,,,,8210,7/2/2020 20:30,2020-07-02T20:30:00Z,07/02 16:30,4335,10411,8210,2020-07-02T20:30:00Z,554143,58182,494348,44741,3463,872,,,,,,,,,,,,,09,0,5822,556119,5822,556119,,0,0,3c93534b046beb2fc597bb1f93a7ffe773e6bad5,0,0,0,0,0,
20200703,CT,46717,1976,503580,,posNeg,550297,95,10411,,,,,8210,7/2/2020 20:30,2020-07-02T20:30:00Z,07/02 16:30,4335,10411,8210,2020-07-02T20:30:00Z,548321,58097,488620,44741,3463,872,,,,,,,,,,,,,09,71,14035,550297,14106,550297,,9,0,47b916fa59bb30784a3f51dcb5d0bddbe89c8283,0,0,0,0,0,
20200702,CT,46646,1974,489545,,posNeg,536191,101,10411,,,,,8210,7/1/2020 20:30,2020-07-01T20:30:00Z,07/01 16:30,4326,10411,8210,2020-07-01T20:30:00Z,534217,57911,474717,44672,3459,867,,,,,,,,,,,,,09,74,13784,536191,13858,536191,,2,143,2591a29c85ca5e30d14d59e1916190ba3f1cbd48,0,0,0,0,0,
20200701,CT,46572,1979,475761,,posNeg,522333,100,10268,,,,,8053,6/30/2020 20:30,2020-06-30T20:30:00Z,06/30 16:30,4324,10268,8053,2020-06-30T20:30:00Z,520354,57711,461076,44593,3457,867,,,,,,,,,,,,,09,58,14975,522333,15033,522333,,2,0,14af3e12677d22d4582bb8debe03a02c0317f9d8,0,0,0,0,0,
20200630,CT,46514,1980,460786,,posNeg,507300,98,10268,,,,,8053,6/29/2020 20:30,2020-06-29T20:30:00Z,06/29 16:30,4322,10268,8053,2020-06-29T20:30:00Z,505320,57508,446265,44534,3453,869,,,,,,,,,,,,,09,152,13137,507300,13289,507300,,2,0,866b07b2c2649b4722fc32b85d88e8fa0f6ed8fe,0,0,0,0,0,
20200629,CT,46362,1978,447649,,posNeg,494011,99,10268,,,,,8053,6/28/2020 20:30,2020-06-28T20:30:00Z,06/28 16:30,4320,10268,8053,2020-06-28T20:30:00Z,492033,57346,433199,44384,3451,869,,,,,,,,,,,,,09,59,3783,494011,3842,494011,,4,0,28cd862ed8a568394680b5027429930584e22d63,0,0,0,0,0,
20200628,CT,46303,1979,443866,,posNeg,490169,103,10268,,,,,8053,6/27/2020 20:30,2020-06-27T20:30:00Z,06/27 16:30,4316,10268,8053,2020-06-27T20:30:00Z,488190,57294,429411,44324,3448,868,,,,,,,,,,,,,09,97,5226,490169,5323,490169,,5,0,9623063bbfc6c4a2af0f30c8e05b9cf0b1c89a1f,0,0,0,0,0,
20200627,CT,46206,1981,438640,,posNeg,484846,106,10268,,,,,8053,6/26/2020 20:30,2020-06-26T20:30:00Z,06/26 16:30,4311,10268,8053,2020-06-26T20:30:00Z,482865,57215,424169,44225,3443,868,,,,,,,,,,,,,09,147,11062,484846,11209,484846,,4,0,9d1248ed01e240909bfc66c4c9564d9570e8db41,0,0,0,0,0,
20200626,CT,46059,1973,427578,,posNeg,473637,127,10268,,,,,8053,6/25/2020 20:30,2020-06-25T20:30:00Z,06/25 16:30,4307,10268,8053,2020-06-25T20:30:00Z,471664,57071,413162,44086,3440,867,,,,,,,,,,,,,09,65,13803,473637,13868,473637,,9,0,4c7a9aacb968f29da49089500ecba0ef2d33800e,0,0,0,0,0,
20200625,CT,45994,1976,413775,,posNeg,459769,122,10268,,,,,8053,6/24/2020 20:30,2020-06-24T20:30:00Z,06/24 16:30,4298,10268,8053,2020-06-24T20:30:00Z,457793,56907,399481,44018,3434,864,,,,,,,,,,,,,09,81,13470,459769,13551,459769,,11,169,1e2b9a12fd1026cddbab9818a145ab3202c8ce52,0,0,0,0,0,
20200624,CT,45913,1959,400305,,posNeg,446218,124,10099,,,,,7842,6/23/2020 20:30,2020-06-23T20:30:00Z,06/23 16:30,4287,10099,7842,2020-06-23T20:30:00Z,444259,56721,386155,43954,3423,864,,,,,,,,,,,,,09,14,11989,446218,12003,446218,,10,0,406788b749b395c8cb0e472c9fafe048652653d5,0,0,0,0,0,
20200623,CT,45899,1958,388316,,posNeg,434215,138,10099,,,,,7842,6/23/2020 15:30,2020-06-23T15:30:00Z,06/23 11:30,4277,10099,7842,2020-06-23T15:30:00Z,432257,56556,374333,43941,3414,863,,,,,,,,,,,,,09,117,11913,434215,12030,434215,,14,0,d6dccc8eb78a1c5ebd4c47b3af37cad94abf424b,0,0,0,0,0,
20200622,CT,45782,1962,376403,,posNeg,422185,140,10099,,,,,7842,6/21/2020 20:30,2020-06-21T20:30:00Z,06/21 16:30,4263,10099,7842,2020-06-21T20:30:00Z,420223,56385,362481,43820,3403,860,,,,,,,,,,,,,09,27,3157,422185,3184,422185,,3,0,6e3e33f1e691abce0e83152091a7a3a2a54fee93,0,0,0,0,0,
20200621,CT,45755,1953,373246,,posNeg,419001,149,10099,,,,,7842,6/21/2020 20:30,2020-06-21T20:30:00Z,06/21 16:30,4260,10099,7842,2020-06-21T20:30:00Z,417048,56339,359353,43802,3401,859,,,,,,,,,,,,,09,40,4291,419001,4331,419001,,9,0,81579c764004ab9749e9a668118c048168849f98,0,0,0,0,0,
20200620,CT,45715,1952,368955,,posNeg,414670,150,10099,,,,,7842,6/19/2020 20:30,2020-06-19T20:30:00Z,06/19 16:30,4251,10099,7842,2020-06-19T20:30:00Z,412718,56258,355105,43763,3394,857,,,,,,,,,,,,,09,158,6458,414670,6616,414670,,13,0,bcdbf7752a83da34f21efba70753d9cbb2aaa819,0,0,0,0,0,
20200619,CT,45557,1947,362497,,posNeg,408054,172,10099,,,,,7842,6/18/2020 20:30,2020-06-18T20:30:00Z,06/18 16:30,4238,10099,7842,2020-06-18T20:30:00Z,406107,56110,348646,43610,3385,853,,,,,,,,,,,,,09,117,8749,408054,8866,408054,,12,0,bc807636cc909d601493d6ea257af29006790e98,0,0,0,0,0,
20200618,CT,45440,1947,353748,,posNeg,399188,176,10099,,,,,7842,6/17/2020 20:30,2020-06-17T20:30:00Z,06/17 16:30,4226,10099,7842,2020-06-17T20:30:00Z,397241,55939,339957,43493,3378,848,,,,,,,,,,,,,09,11,10178,399188,10189,399188,,7,187,e8189e0f80c41f0ad9ec4ecad61ebc58c68e32cf,0,0,0,0,0,
20200617,CT,45429,1942,343570,,posNeg,388999,186,9912,,,,,7611,6/17/2020 16:00,2020-06-17T16:00:00Z,06/17 12:00,4219,9912,7611,2020-06-17T16:00:00Z,387057,55715,330006,43487,3373,846,,,,,,,,,,,,,09,80,9808,388999,9888,388999,,9,0,a94a2c286c8ad50d885f2d9a34a197e5d5cf6c61,0,0,0,0,0,
20200616,CT,45349,1934,333762,,posNeg,379111,201,9912,,,,,7611,6/16/2020 20:30,2020-06-16T20:30:00Z,06/16 16:30,4210,9912,7611,2020-06-16T20:30:00Z,377177,55547,320305,43415,3362,848,,,,,,,,,,,,,09,114,8840,379111,8954,379111,,6,0,2b1dee950c4dede6e11b4d4758300b5a64992383,0,0,0,0,0,
20200615,CT,45235,1932,324922,,posNeg,370157,203,9912,,,,,7611,6/14/2020 20:30,2020-06-14T20:30:00Z,06/14 16:30,4204,9912,7611,2020-06-14T20:30:00Z,368225,55351,311560,43303,3356,848,,,,,,,,,,,,,09,147,2262,370157,2409,370157,,3,0,fb7d75671a616236f2986d79dae11803473ac38c,0,0,0,0,0,
20200614,CT,45088,1916,322660,,posNeg,367748,205,9912,,,,,7611,6/14/2020 16:00,2020-06-14T16:00:00Z,06/14 12:00,4201,9912,7611,2020-06-14T16:00:00Z,365832,55289,309232,43172,3355,846,,,,,,,,,,,,,09,94,2914,367748,3008,367748,,15,0,e659020823aea2cccfb5b4e304ce1c807a6ea8b9,0,0,0,0,0,
20200613,CT,44994,1916,319746,,posNeg,364740,233,9912,,,,,7611,6/12/2020 20:30,2020-06-12T20:30:00Z,06/12 16:30,4186,9912,7611,2020-06-12T20:30:00Z,362824,55208,306308,43078,3342,844,,,,,,,,,,,,,09,305,6217,364740,6522,364740,,27,0,36cc200d22b139a7617eb9a166c4336a1ae1a360,0,0,0,0,0,
20200612,CT,44689,1901,313529,,posNeg,358218,244,9912,,,,,7611,6/11/2020 20:30,2020-06-11T20:30:00Z,06/11 16:30,4159,9912,7611,2020-06-11T20:30:00Z,356317,55046,299978,42788,3321,838,,,,,,,,,,,,,09,228,7032,358218,7260,358218,,13,0,79c4395d1a201b1134a4643bf75d01ad3b2cd111,0,0,0,0,0,
20200611,CT,44461,1904,306497,,posNeg,350958,246,9912,,,,,7611,6/10/2020 20:30,2020-06-10T20:30:00Z,06/10 16:30,4146,9912,7611,2020-06-10T20:30:00Z,349054,54789,292985,42557,3308,838,,,,,,,,,,,,,09,114,9173,350958,9287,350958,,26,243,b734ecbda748a2baeaf7b28bfc47c613ec308af7,0,0,0,0,0,
20200610,CT,44347,1899,297324,,posNeg,341671,270,9669,,,,,7284,6/9/2020 20:30,2020-06-09T20:30:00Z,06/09 16:30,4120,9669,7284,2020-06-09T20:30:00Z,339772,54383,284142,42448,3283,837,,,,,,,,,,,,,09,168,8138,341671,8306,341671,,23,0,ce217ec9227c845914e31ae4c33db19726ffedcb,0,0,0,0,0,
20200609,CT,44179,1997,289186,,posNeg,333365,293,9669,,,,,7284,6/8/2020 20:30,2020-06-08T20:30:00Z,06/08 16:30,4097,9669,7284,2020-06-08T20:30:00Z,331368,54087,276052,42182,3266,831,,,,,,,,,,,,,09,87,8631,333365,8718,333365,,13,0,f619613df34370e0f416880544f81d888cbe7cd1,0,0,0,0,0,
20200608,CT,44092,2075,280555,,posNeg,324647,324,9669,,,,,7284,6/7/2020 20:30,2020-06-07T20:30:00Z,06/07 16:30,4084,9669,7284,2020-06-07T20:30:00Z,322572,53713,267646,42017,3239,845,,,,,,,,,,,,,09,124,2300,324647,2424,324647,,13,0,794774bf91dfcf9e1f2f67bd0f8855b7030bcc04,0,0,0,0,0,
20200607,CT,43968,2073,278255,,posNeg,322223,333,9669,,,,,7284,6/6/2020 20:30,2020-06-06T20:30:00Z,06/06 16:30,4071,9669,7284,2020-06-06T20:30:00Z,320150,53631,265311,41895,3229,842,,,,,,,,,,,,,09,150,3443,322223,3593,322223,,16,0,441f35df8b1dfba83506196e56afe68ca424dca7,0,0,0,0,0,
20200606,CT,43818,2075,274812,,posNeg,318630,333,9669,,,,,7284,6/5/2020 20:30,2020-06-05T20:30:00Z,06/05 16:30,4055,9669,7284,2020-06-05T20:30:00Z,316555,53510,261844,41743,3218,837,,,,,,,,,,,,,09,358,7684,318630,8042,318630,,17,0,0582a2eca3cbf4a014cd2f7ad06a8c0aee0e669c,0,0,0,0,0,
20200605,CT,43460,2073,267128,,posNeg,310588,350,9669,,,,,7284,6/4/2020 20:30,2020-06-04T20:30:00Z,06/04 16:30,4038,9669,7284,2020-06-04T20:30:00Z,308515,53248,254075,41387,3196,842,,,,,,,,,,,,,09,221,8060,310588,8281,310588,,31,0,512e3e32d5d1e36882c2ae194cfc1d1624dc0357,0,0,0,0,0,
20200604,CT,43239,2068,259068,,posNeg,302307,373,9669,,,,,7284,6/4/2020 16:00,2020-06-04T16:00:00Z,06/04 12:00,4007,9669,7284,2020-06-04T16:00:00Z,300239,52864,246207,41171,3171,836,,,,,,,,,,,,,09,148,7488,302307,7636,302307,,18,-4124,70449fd140976f81fa9aee6f721f792b9c43c307,0,0,0,0,0,
20200603,CT,43091,2040,251580,,posNeg,294671,406,13793,,,,,7511,6/2/2020 20:30,2020-06-02T20:30:00Z,06/02 16:30,3989,13793,7511,2020-06-02T20:30:00Z,292631,52525,238958,41051,3156,833,,,,,,,,,,,,,09,112,7453,294671,7565,294671,,17,0,ddbeaccd519d66330740b5b37420ce9e00a73e17,0,0,0,0,0,
20200602,CT,42979,2038,244127,,posNeg,287106,434,13793,,,,,7511,6/1/2020 20:30,2020-06-01T20:30:00Z,06/01 16:30,3972,13793,7511,2020-06-01T20:30:00Z,285068,52099,231839,40941,3139,833,,,,,,,,,,,,,09,236,7954,287106,8190,287106,,8,0,f26d866daa64b854b607d735f7d6a0d5e967ef36,0,0,0,0,0,
20200601,CT,42743,2073,236173,,posNeg,278916,454,13793,,,,,7511,5/31/2020 20:30,2020-05-31T20:30:00Z,05/31 16:30,3964,13793,7511,2020-05-31T20:30:00Z,276843,51616,224128,40670,3110,854,,,,,,,,,,,,,09,542,4020,278916,4562,278916,,20,1255,43812e1cf963fd8436c5ce103a672decbd5e2e4c,0,0,0,0,0,
20200531,CT,42201,,232153,,posNeg,274354,481,12538,,,,,7127,5/30/2020 20:30,2020-05-30T20:30:00Z,05/30 16:30,3944,12538,7127,2020-05-30T20:30:00Z,274354,51503,221755,,,,,,,,,,,,,,,,09,179,3567,274354,3746,274354,,32,0,9036ad9302b50981eac2b80ec35b488ccded3592,0,0,0,0,0,
20200530,CT,42022,,228586,,posNeg,270608,533,12538,,,,,7127,5/29/2020 20:30,2020-05-29T20:30:00Z,05/29 16:30,3912,12538,7127,2020-05-29T20:30:00Z,270608,51296,218226,,,,,,,,,,,,,,,,09,260,7193,270608,7453,270608,,44,0,031874a1cc82592d23c4097da1f056db626b4a86,0,0,0,0,0,
20200529,CT,41762,,221393,,posNeg,263155,577,12538,,,,,7127,5/28/2020 20:30,2020-05-28T20:30:00Z,05/28 16:30,3868,12538,7127,2020-05-28T20:30:00Z,263155,50951,211142,,,,,,,,,,,,,,,,09,203,8145,263155,8348,263155,,42,0,500383f97644b658f1fae6c9294ebe7f834557bc,0,0,0,0,0,
20200528,CT,41559,,213248,,posNeg,254807,648,12538,,,,,7127,5/27/2020 20:30,2020-05-27T20:30:00Z,05/27 16:30,3826,12538,7127,2020-05-27T20:30:00Z,254807,50506,203269,,,,,,,,,,,,,,,,09,271,8313,254807,8584,254807,,23,0,09b7aee50ca0d3e31cdef079b0fc30bdda956079,0,0,0,0,0,
20200527,CT,41288,,204935,,posNeg,246223,684,12538,,,,,7127,5/25/2020 20:30,2020-05-25T20:30:00Z,05/25 16:30,3803,12538,7127,2020-05-25T20:30:00Z,246223,49879,195342,,,,,,,,,,,,,,,,09,-15,9037,246223,9022,246223,,34,0,cc06ac8d1521d74e79105b0e243d2589429bfca4,0,0,0,0,0,
20200526,CT,41303,,195898,,posNeg,237201,694,12538,,,,,7127,5/25/2020 20:30,2020-05-25T20:30:00Z,05/25 16:30,3769,12538,7127,2020-05-25T20:30:00Z,237201,49235,187001,,,,,,,,,,,,,,,,09,430,1825,237201,2255,237201,,27,0,d7092ba0229faf8e17348553002200888a1a3fa9,0,0,0,0,0,
20200525,CT,40873,,194073,,posNeg,234946,706,12538,,,,,7127,5/24/2020 20:30,2020-05-24T20:30:00Z,05/24 16:30,3742,12538,7127,2020-05-24T20:30:00Z,234946,49091,184895,,,,,,,,,,,,,,,,09,405,2165,234946,2570,234946,,49,0,d210a283f8bfd231d4f3488df42a6c2869240c70,0,0,0,0,0,
20200524,CT,40468,,191908,,posNeg,232376,701,12538,,,,,7127,5/23/2020 20:30,2020-05-23T20:30:00Z,05/23 16:30,3693,12538,7127,2020-05-23T20:30:00Z,232376,48905,182515,,,,,,,,,,,,,,,,09,446,2954,232376,3400,232376,,18,0,5acd0868f8cbd079e81972996b5168595209355d,0,0,0,0,0,
20200523,CT,40022,,188954,,posNeg,228976,724,12538,,,,,7127,5/22/2020 20:30,2020-05-22T20:30:00Z,05/22 16:30,3675,12538,7127,2020-05-22T20:30:00Z,228976,48689,179333,,,,,,,,,,,,,,,,09,382,6843,228976,7225,228976,,38,0,e5317b5fd1ec0eb3b171ec79fd01c7144c6b410f,0,0,0,0,0,
20200522,CT,39640,,182111,,posNeg,221751,740,12538,,,,,7127,5/21/2020 20:30,2020-05-21T20:30:00Z,05/21 16:30,3637,12538,7127,2020-05-21T20:30:00Z,221751,48200,172616,,,,,,,,,,,,,,,,09,432,6874,221751,7306,221751,,55,1592,a127d25a0ceff5bc370fdd4829dc4a446640c8df,0,0,0,0,0,
20200521,CT,39208,,175237,,posNeg,214445,816,10946,,,,,6264,5/20/2020 08:30,2020-05-20T08:30:00Z,05/20 04:30,3582,10946,6264,2020-05-20T08:30:00Z,214445,47621,165919,,,,,,,,,,,,,,,,09,191,6874,214445,7065,214445,,53,0,e7790ab549c08a4b5101fe1a0564cc8baf9bf9c5,0,0,0,0,0,
20200520,CT,39017,,168363,,posNeg,207380,887,10946,,,,,6264,5/20/2020 16:00,2020-05-20T16:00:00Z,05/20 12:00,3529,10946,6264,2020-05-20T16:00:00Z,207380,46903,159595,,,,,,,,,,,,,,,,09,587,6328,207380,6915,207380,,57,0,2bd98350a7eed77c8ed2e96b4955e685caaa2359,0,0,0,0,0,
20200519,CT,38430,,162035,,posNeg,200465,914,10946,,,,,6264,5/18/2020 19:00,2020-05-18T19:00:00Z,05/18 15:00,3472,10946,6264,2020-05-18T19:00:00Z,200465,46117,153485,,,,,,,,,,,,,,,,09,314,6530,200465,6844,200465,,23,0,91ddaebddbe0c52f992e1f4f369b92c0d75bb7c5,0,0,0,0,0,
20200518,CT,38116,,155505,,posNeg,193621,920,10946,,,,,6264,5/17/2020 20:30,2020-05-17T20:30:00Z,05/17 16:30,3449,10946,6264,2020-05-17T20:30:00Z,193621,45404,147382,,,,,,,,,,,,,,,,09,697,1985,193621,2682,193621,,41,0,aa470320d5042e4847b7d33ce77095b235ff77e5,0,0,0,0,0,
20200517,CT,37419,,153520,,posNeg,190939,937,10946,,,,,6264,5/16/2020 20:30,2020-05-16T20:30:00Z,05/16 16:30,3408,10946,6264,2020-05-16T20:30:00Z,190939,45178,144932,,,,,,,,,,,,,,,,09,716,3001,190939,3717,190939,,69,0,d98570ddf5fb2b30469d0e3d40db26e56bee9121,0,0,0,0,0,
20200516,CT,36703,,150519,,posNeg,187222,994,10946,,,,,6264,5/15/2020 20:15,2020-05-15T20:15:00Z,05/15 16:15,3339,10946,6264,2020-05-15T20:15:00Z,187222,44870,141531,,,,,,,,,,,,,,,,09,618,6893,187222,7511,187222,,54,0,6d75e535ade7add9f295fc68bbec75c91e8d2754,0,0,0,0,0,
20200515,CT,36085,,143626,,posNeg,179711,1033,10946,,,,,6264,5/14/2020 20:30,2020-05-14T20:30:00Z,05/14 16:30,3285,10946,6264,2020-05-14T20:30:00Z,179711,44229,134696,,,,,,,,,,,,,,,,09,621,7080,179711,7701,179711,,66,0,36febe6bb04004eb10b9561924aa1b7328ab1cec,0,0,0,0,0,
20200514,CT,35464,,136546,,posNeg,172010,1103,10946,,,,,6264,5/13/2020 20:30,2020-05-13T20:30:00Z,05/13 16:30,3219,10946,6264,2020-05-13T20:30:00Z,172010,43430,127833,,,,,,,,,,,,,,,,09,609,7041,172010,7650,172010,,94,1557,29c3ffdf17dd35b220d0c7a74ae578e588c884bb,0,0,0,0,0,
20200513,CT,34855,,129505,,posNeg,164360,1158,9389,,,,,5413,5/13/2020 14:00,2020-05-13T14:00:00Z,05/13 10:00,3125,9389,5413,2020-05-13T14:00:00Z,164360,42499,121139,,,,,,,,,,,,,,,,09,522,7659,164360,8181,164360,,84,0,be3aa4c31d0417063eb89c2c55d448404fbb88d8,0,0,0,0,0,
20200512,CT,34333,,121846,,posNeg,156179,1189,9389,,,,,5413,5/12/2020 14:00,2020-05-12T14:00:00Z,05/12 10:00,3041,9389,5413,2020-05-12T14:00:00Z,156179,41688,113793,,,,,,,,,,,,,,,,09,568,5529,156179,6097,156179,,33,0,e0a7fbd852ff9fe0044b398822a4ea42bbc757ab,0,0,0,0,0,
20200511,CT,33765,,116317,,posNeg,150082,1212,9389,,,,,5413,5/11/2020 14:00,2020-05-11T14:00:00Z,05/11 10:00,3008,9389,5413,2020-05-11T14:00:00Z,150082,40809,108620,,2718,,,,,,,,,,,,,,09,211,2075,150082,2286,150082,,41,0,ab5b962c71f8faec5238fc4a39f3cee08a1a9aa4,0,0,0,0,0,
20200510,CT,33554,,114242,,posNeg,147796,1242,9389,,,,,5413,5/10/2020 14:00,2020-05-10T14:00:00Z,05/10 10:00,2967,9389,5413,2020-05-10T14:00:00Z,147796,40518,106634,,2633,,,,,,,,,,,,,,09,570,2338,147796,2908,147796,,35,0,00ff3b5ffb8c24e82eec51677fc6e8bc6759a0f8,0,0,0,0,0,
20200509,CT,32984,,111904,,posNeg,144888,1301,9389,,,,,5413,5/9/2020 14:00,2020-05-09T14:00:00Z,05/09 10:00,2932,9389,5413,2020-05-09T14:00:00Z,144888,40162,104090,,2495,,,,,,,,,,,,,,09,573,5499,144888,6072,144888,,58,0,ae2dd3aff12d267746899350abde5c4ad77b1bc6,0,0,0,0,0,
20200508,CT,32411,,106405,,posNeg,138816,1327,9389,,,,,5413,5/7/2020 20:30,2020-05-07T20:30:00Z,05/07 16:30,2874,9389,5413,2020-05-07T20:30:00Z,138816,39412,98806,,2436,,,,,,,,,,,,,,09,627,3892,138816,4519,138816,,77,0,2c207518f5216d517cca0fb1a477c7e3b569a72b,0,0,0,0,0,
20200507,CT,31784,,102513,,posNeg,134297,1385,9389,,,,,5413,5/6/2020 20:30,2020-05-06T20:30:00Z,05/06 16:30,2797,9389,5413,2020-05-06T20:30:00Z,134297,38617,95117,,2339,,,,,,,,,,,,,,09,789,3487,134297,4276,134297,,79,1631,0a2af051fb438559ce43f12ec7863b37fcb74e52,0,0,0,0,0,
20200506,CT,30995,,99026,,posNeg,130021,1445,7758,,,,,4346,5/5/2020 20:30,2020-05-05T20:30:00Z,05/05 16:30,2718,7758,4346,2020-05-05T20:30:00Z,130021,37937,91552,,2339,,,,,,,,,,,,,,09,374,4438,130021,4812,130021,,85,0,83816ca41be9e7006d2f52036bf777b1038ea9e1,0,0,0,0,0,
20200505,CT,30621,,94588,,posNeg,125209,1500,7758,,,,,4346,5/4/2020 16:00,2020-05-04T16:00:00Z,05/04 12:00,2633,7758,4346,2020-05-04T16:00:00Z,125209,37055,87665,,2257,,,,,,,,,,,,,,09,1334,3029,125209,4363,125209,,138,0,583c9160b3cb4a420100d8ba68f48d3a597178af,0,0,0,0,0,
20200504,CT,29287,,91559,,posNeg,120846,1488,7758,,,,,4346,5/3/2020 16:00,2020-05-03T16:00:00Z,05/03 12:00,2495,7758,4346,2020-05-03T16:00:00Z,120846,36195,84199,,2168,,,,,,,,,,,,,,09,0,2333,120846,2333,120846,,59,0,455af437e13968d62218c7004e800d6f21de375a,0,0,0,0,0,
20200503,CT,29287,,89226,,posNeg,118513,1551,7758,,,,,4346,5/2/2020 18:00,2020-05-02T18:00:00Z,05/02 14:00,2436,7758,4346,2020-05-02T18:00:00Z,118513,35758,82322,,2089,,,,,,,,,,,,,,09,523,2665,118513,3188,118513,,97,0,fa7b87287218808128273132dad0bdccbb57d070,0,0,0,0,0,
20200502,CT,28764,,86561,,posNeg,115325,1592,7758,,,,,4346,5/1/2020 12:00,2020-05-01T12:00:00Z,05/01 08:00,2339,7758,4346,2020-05-01T12:00:00Z,115325,35188,79731,,1998,,,,,,,,,,,,,,09,0,4028,115325,4028,115325,,0,0,76a8ef76b2428581bb86077f1107daaea5f020da,0,0,0,0,0,
20200501,CT,28764,,82533,,posNeg,111297,1592,7758,,,,,4346,5/1/2020 12:00,2020-05-01T12:00:00Z,05/01 08:00,2339,7758,4346,2020-05-01T12:00:00Z,111297,34308,76615,,1924,,,,,,,,,,,,,,09,1064,2497,111297,3561,111297,,82,7758,3cd7b82d1c2c97520784386f04091482c96b43c2,0,0,0,0,0,
20200430,CT,27700,,80036,,posNeg,107736,1650,,,,,,,4/30/2020 16:00,2020-04-30T16:00:00Z,04/30 12:00,2257,,,2020-04-30T16:00:00Z,107736,33527,73867,,1862,,,,,,,,,,,,,,09,933,3773,107736,4706,107736,,89,0,9c78affaea787cb2adb33a749cc4d07935ff1f6f,0,0,0,0,0,
20200429,CT,26767,,76263,,posNeg,103030,1691,,,,,,,4/29/2020 16:00,2020-04-29T16:00:00Z,04/29 12:00,2168,,,2020-04-29T16:00:00Z,103030,32538,70195,,1764,,,,,,,,,,,,,,09,455,3394,103030,3849,103030,,79,0,bf1611f9a4756b1357680def5a8a3475c4e6ef5e,0,0,0,0,0,
20200428,CT,26312,,72869,,posNeg,99181,1732,,,,,,,4/28/2020 16:00,2020-04-28T16:00:00Z,04/28 12:00,2089,,,2020-04-28T16:00:00Z,99181,31659,67264,,1639,,,,,,,,,,,,,,09,1043,3359,99181,4402,99181,,91,0,4780347defb8bdc7fb27810edd06e1cb613d0020,0,0,0,0,0,
20200427,CT,25269,,69510,,posNeg,94779,1758,,,,,,,4/27/2020 16:27,2020-04-27T16:27:00Z,04/27 12:27,1998,,,2020-04-27T16:27:00Z,94779,30635,63926,,1544,,,,,,,,,,,,,,09,0,1890,94779,1890,94779,,74,0,80256b9a664b9af1e7a15ec038561708f7b46a16,0,0,0,0,0,
20200426,CT,25269,,67620,,posNeg,92889,1766,,,,,,,4/26/2020 16:00,2020-04-26T16:00:00Z,04/26 12:00,1924,,,2020-04-26T16:00:00Z,92889,30218,62460,,1423,,,,,,,,,,,,,,09,687,1794,92889,2481,92889,,62,0,854f8c2e748cd4a4b6adbaafad0abcf514f51e09,0,0,0,0,0,
20200425,CT,24582,,65826,,posNeg,90408,1810,,,,,,,4/25/2020 16:00,2020-04-25T16:00:00Z,04/25 12:00,1862,,,2020-04-25T16:00:00Z,90408,29598,60618,,1331,,,,,,,,,,,,,,09,661,3675,90408,4336,90408,,98,0,ce744f35250bd1d8e4f98a76bd89ce0866e1f09d,0,0,0,0,0,
20200424,CT,23921,,62151,,posNeg,86072,1877,,,,,,,4/24/2020 16:00,2020-04-24T16:00:00Z,04/24 12:00,1764,,,2020-04-24T16:00:00Z,86072,28660,57245,,1086,,,,,,,,,,,,,,09,821,3240,86072,4061,86072,,125,0,111d5ec226352e0d069c49637e0e6a243159477c,0,0,0,0,0,
20200423,CT,23100,,58911,,posNeg,82011,1947,,,,,,,4/23/2020 16:00,2020-04-23T16:00:00Z,04/23 12:00,1639,,,2020-04-23T16:00:00Z,82011,27670,54198,,1036,,,,,,,,,,,,,,09,631,3378,82011,4009,82011,,95,0,52f87d07706af04514b130f25295119afc6b9dcd,0,0,0,0,0,
20200422,CT,22469,,55533,,posNeg,78002,1972,,,,,,,4/22/2020 16:00,2020-04-22T16:00:00Z,04/22 12:00,1544,,,2020-04-22T16:00:00Z,78002,26617,51267,,1036,,,,,,,,,,,,,,09,2109,915,78002,3024,78002,,121,0,401505760d630267069a75b8977ae2dcf754bebb,0,0,0,0,0,
20200421,CT,20360,,54618,,posNeg,74978,1949,,,,,,,4/21/2020 00:00,2020-04-21T00:00:00Z,04/20 20:00,1423,,,2020-04-21T00:00:00Z,74978,25660,49221,,971,,,,,,,,,,,,,,09,545,2948,74978,3493,74978,,92,0,65bac578dd527355f1cc553742c53b7f471c51ec,0,0,0,0,0,
20200420,CT,19815,,51670,,posNeg,71485,1919,,,,,,,4/20/2020 16:00,2020-04-20T16:00:00Z,04/20 12:00,1331,,,2020-04-20T16:00:00Z,71485,24500,46901,,868,,,,,,,,,,,,,,09,2265,-671,71485,1594,71485,,245,0,8b9e81eda33c8e70f42fb3f51df0d19297bca3b4,0,0,0,0,0,
20200419,CT,17550,,52341,,posNeg,69891,1938,,,,,,,4/19/2020 17:00,2020-04-19T17:00:00Z,04/19 13:00,1086,,,2020-04-19T17:00:00Z,69891,24060,45754,,671,,,,,,,,,,,,,,09,741,1486,69891,2227,69891,,50,0,5db646ef274486854342e7df08f4496b1b26ac45,0,0,0,0,0,
20200418,CT,16809,,50855,,posNeg,67664,1946,,,,,,,4/17/2020 16:00,2020-04-17T16:00:00Z,04/17 12:00,1036,,,2020-04-17T16:00:00Z,67664,23466,44127,,602,,,,,,,,,,,,,,09,0,3698,67664,3698,67664,,0,0,907e322302bd8b117c9fcdc2a67b44411ae6839a,0,0,0,0,0,
20200417,CT,16809,,47157,,posNeg,63966,1946,,,,,,,4/17/2020 16:00,2020-04-17T16:00:00Z,04/17 12:00,1036,,,2020-04-17T16:00:00Z,63966,22343,41564,,554,,,,,,,,,,,,,,09,925,2242,63966,3167,63966,,65,0,2a928108984002d83ed079a47f5e9cf7bd3afdc4,0,0,0,0,0,
20200416,CT,15884,,44915,,posNeg,60799,1926,,,,,,,4/16/2020 16:30,2020-04-16T16:30:00Z,04/16 12:30,971,,,2020-04-16T16:30:00Z,60799,21265,39483,,494,,,,,,,,,,,,,,09,1129,1981,60799,3110,60799,,103,0,5a67411f54adc5dd9503763d39ce39024fbe18cb,0,0,0,0,0,
20200415,CT,14755,,42934,,posNeg,57689,1908,,,,,,,4/15/2020 16:00,2020-04-15T16:00:00Z,04/15 12:00,868,,,2020-04-15T16:00:00Z,57689,20068,37576,,448,,,,,,,,,,,,,,09,766,2892,57689,3658,57689,,197,0,a3ae01b3032b770d7ff53dd8f9444484eff3ff28,0,0,0,0,0,
20200414,CT,13989,,40042,,posNeg,54031,1779,,,,,,,4/14/2020 16:00,2020-04-14T16:00:00Z,04/14 12:00,671,,,2020-04-14T16:00:00Z,54031,18750,35241,,380,,,,,,,,,,,,,,09,608,987,54031,1595,54031,,69,0,ea1678ec9cab617fb78829d3f356ef289f8337e8,0,0,0,0,0,
20200413,CT,13381,,39055,,posNeg,52436,1760,,,,,,,4/13/2020 16:00,2020-04-13T16:00:00Z,04/13 12:00,602,,,2020-04-13T16:00:00Z,52436,18014,34384,,277,,,,,,,,,,,,,,09,1346,-292,52436,1054,52436,,48,0,16d56afbcc4b4fbe628d1e0a73d4be927f9c46aa,0,0,0,0,0,
20200412,CT,12035,,39347,,posNeg,51382,1654,,,,,,,4/12/2020 16:00,2020-04-12T16:00:00Z,04/12 12:00,554,,,2020-04-12T16:00:00Z,51382,17602,33743,,277,,,,,,,,,,,,,,09,525,1280,51382,1805,51382,,60,0,39f6063b33cc8757393b86ed12d07800bf3f336a,0,0,0,0,0,
20200411,CT,11510,,38067,,posNeg,49577,1593,,,,,,,4/11/2020 15:30,2020-04-11T15:30:00Z,04/11 11:30,494,,,2020-04-11T15:30:00Z,49577,16908,32632,,206,,,,,,,,,,,,,,09,972,1829,49577,2801,49577,,46,0,628f134babf865d56c7a5405d99f4c0a41774558,0,0,0,0,0,
20200410,CT,10538,,36238,,posNeg,46776,1562,,,,,,,4/10/2020 17:00,2020-04-10T17:00:00Z,04/10 13:00,448,,,2020-04-10T17:00:00Z,46776,15741,31005,,189,,,,,,,,,,,,,,09,754,1820,46776,2574,46776,,68,0,022000e72f5d7caffe3a7d62de01a1dea250fd10,0,0,0,0,0,
20200409,CT,9784,,34418,,posNeg,44202,1464,,,,,,,4/9/2020 16:00,2020-04-09T16:00:00Z,04/09 12:00,380,,,2020-04-09T16:00:00Z,44202,14696,29479,,165,,,,,,,,,,,,,,09,2003,1003,44202,3006,44202,,103,0,fc03ef6a79d2d846764328d1467395286be55189,0,0,0,0,0,
20200408,CT,7781,,33415,,posNeg,41196,1308,,,,,,,4/7/2020 22:00,2020-04-07T22:00:00Z,04/07 18:00,277,,,2020-04-07T22:00:00Z,41196,13497,27673,,131,,,,,,,,,,,,,,09,0,2873,41196,2873,41196,,0,0,8eed02062bd8c2c2f5b75ba10b811fc91c48c80f,0,0,0,0,0,
20200407,CT,7781,,30542,,posNeg,38323,1308,,,,,,,4/7/2020 04:00,2020-04-07T04:00:00Z,04/07 00:00,277,,,2020-04-07T04:00:00Z,38323,12318,25984,,112,,,,,,,,,,,,,,09,875,1915,38323,2790,38323,,71,0,dde26b569c870398fea08925493d0089d4ebf532,0,0,0,0,0,
20200406,CT,6906,,28627,,posNeg,35533,1221,,,,,,,4/6/2020 15:15,2020-04-06T15:15:00Z,04/06 11:15,206,,,2020-04-06T15:15:00Z,35533,11219,24296,,85,,,,,,,,,,,,,,09,1231,-74,35533,1157,35533,,17,0,54808adf56cb97a28b4bdc9971ab694e2fc35e74,0,0,0,0,0,
20200405,CT,5675,,28701,,posNeg,34376,1142,,,,,,,4/5/2020 12:00,2020-04-05T12:00:00Z,04/05 08:00,189,,,2020-04-05T12:00:00Z,34376,10750,23609,,69,,,,,,,,,,,,,,09,399,1310,34376,1709,34376,,24,0,6bd02af79e4c42076079fd427bdcb295846371ed,0,0,0,0,0,
20200404,CT,5276,,27391,,posNeg,32667,1033,,,,,,,4/4/2020 13:00,2020-04-04T13:00:00Z,04/04 09:00,165,,,2020-04-04T13:00:00Z,32667,10057,22593,,36,,,,,,,,,,,,,,09,362,2078,32667,2440,32667,,34,0,f3a948b1403453b98e8eabac5f0f801992da8600,0,0,0,0,0,
20200403,CT,4914,,25313,,posNeg,30227,909,,,,,,,4/3/2020 15:30,2020-04-03T15:30:00Z,04/03 11:30,131,,,2020-04-03T15:30:00Z,30227,9176,21034,,34,,,,,,,,,,,,,,09,1090,1305,30227,2395,30227,,19,0,34c0128f0f048ffddbf1000113e144fe09f5a3cd,0,0,0,0,0,
20200402,CT,3824,,24008,,posNeg,27832,827,,,,,,,4/2/2020 15:30,2020-04-02T15:30:00Z,04/02 11:30,112,,,2020-04-02T15:30:00Z,27832,8240,19575,,27,,,,,,,,,,,,,,09,267,2217,27832,2484,27832,,27,0,2cdfe1fecfc9b2fafd93ae42d126555c73b6fa88,0,0,0,0,0,
20200401,CT,3557,,21791,,posNeg,25348,766,,,,,,,4/1/2020 13:30,2020-04-01T13:30:00Z,04/01 09:30,85,,,2020-04-01T13:30:00Z,25348,7270,18064,,27,,,,,,,,,,,,,,09,429,1801,25348,2230,25348,,16,0,2683801f07051c29ecd7d65e11fd0c69b821951a,0,0,0,0,0,
20200331,CT,3128,,19990,,posNeg,23118,608,,,,,,,3/31/2020 13:30,2020-03-31T13:30:00Z,03/31 09:30,69,,,2020-03-31T13:30:00Z,23118,6364,16744,,21,,,,,,,,,,,,,,09,557,1570,23118,2127,23118,,33,0,d9e263100f13a25cc44e55823e7dcc06ceef5a11,0,0,0,0,0,
20200330,CT,2571,,18420,,posNeg,20991,517,,,,,,,3/30/2020 11:30,2020-03-30T11:30:00Z,03/30 07:30,36,,,2020-03-30T11:30:00Z,20991,5506,15476,,19,,,,,,,,,,,,,,09,578,251,20991,829,20991,,2,0,bbdb6a3dbb4b6e9a59dee2ca916bbc441c62b008,0,0,0,0,0,
20200329,CT,1993,,18169,,posNeg,20162,404,,,,,,,3/29/2020 12:30,2020-03-29T12:30:00Z,03/29 08:30,34,,,2020-03-29T12:30:00Z,20162,5121,15032,,12,,,,,,,,,,,,,,09,469,859,20162,1328,20162,,1,0,3e2cb2a2f61e1bf68b894b9335ea80535effde11,0,0,0,0,0,
20200328,CT,1524,,17310,,posNeg,18834,205,,,,,,,3/27/2020 13:30,2020-03-27T13:30:00Z,03/27 09:30,33,,,2020-03-27T13:30:00Z,18834,4642,14184,,10,,,,,,,,,,,,,,09,233,1990,18834,2223,18834,,6,0,e349f0eeb53917ecabc405c3cf35d965b82b98a5,0,0,0,0,0,
20200327,CT,1291,,15320,,posNeg,16611,173,,,,,,,3/27/2020 13:30,2020-03-27T13:30:00Z,03/27 09:30,27,,,2020-03-27T13:30:00Z,16611,3971,12635,,5,,,,,,,,,,,,,,09,279,1983,16611,2262,16611,,6,0,d1af65a2e85b660e1d6eb83e20b05890274dd705,0,0,0,0,0,
20200326,CT,1012,,13337,,posNeg,14349,125,,,,,,,3/26/2020 16:00,2020-03-26T16:00:00Z,03/26 12:00,21,,,2020-03-26T16:00:00Z,14349,3270,11074,,4,,,,,,,,,,,,,,09,137,1819,14349,1956,14349,,2,0,f1087178313dd4db98cbd8fc5933415031535b25,0,0,0,0,0,
20200325,CT,875,,11518,,posNeg,12393,113,,,,,,,3/25/2020 16:00,2020-03-25T16:00:00Z,03/25 12:00,19,,,2020-03-25T16:00:00Z,12393,2751,9638,,3,,,,,,,,,,,,,,09,257,1791,12393,2048,12393,,7,0,08b5389c3379330585a668385f22a9366d807705,0,0,0,0,0,
20200324,CT,618,,9727,,posNeg,10345,71,,,,,,,3/24/2020 16:00,2020-03-24T16:00:00Z,03/24 12:00,12,,,2020-03-24T16:00:00Z,10345,2257,8084,,1,,,,,,,,,,,,,,09,203,1601,10345,1804,10345,,2,0,fa72aa05ea3afc12fdc7abd393ea15fc654b6bb0,0,0,0,0,0,
20200323,CT,415,,8126,,posNeg,8541,54,,,,,,,3/23/2020 16:00,2020-03-23T16:00:00Z,03/23 12:00,10,,,2020-03-23T16:00:00Z,8541,1769,6768,,,,,,,,,,,,,,,,09,192,501,8541,693,8541,,5,0,b4de79c2d9b6a460a52a7e34938b17aa75f3e25d,0,0,0,0,0,
20200322,CT,223,,7625,,posNeg,7848,43,,,,,,,3/21/2020 19:30,2020-03-21T19:30:00Z,03/21 15:30,5,,,2020-03-21T19:30:00Z,7848,1601,6243,,,,,,,,,,,,,,,,09,29,945,7848,974,7848,,1,0,4f46466e1e1c95b7663ea2327ba5ab1a3a50270b,0,0,0,0,0,
20200321,CT,194,,6680,,posNeg,6874,,,,,,,,3/20/2020 20:44,2020-03-20T20:44:00Z,03/20 16:44,4,,,2020-03-20T20:44:00Z,6874,1335,5535,,,,,,,,,,,,,,,,09,0,1685,6874,1685,6874,,1,0,658f995a73c34f9cc6cd5be1e5dcb3fa5db7cf7b,0,0,0,0,0,
20200320,CT,194,,4995,,posNeg,5189,,,,,,,,3/20/2020 15:30,2020-03-20T15:30:00Z,03/20 11:30,3,,,2020-03-20T15:30:00Z,5189,994,4191,,,,,,,,,,,,,,,,09,98,1428,5189,1526,5189,,2,0,4ed9baff6f64faf57a8132bce9d93100834866d0,0,0,0,0,0,
20200319,CT,96,,3567,,posNeg,3663,,,,,,,,3/18/2020 16:30,2020-03-18T16:30:00Z,03/18 12:30,1,,,2020-03-18T16:30:00Z,3663,694,2966,,,,,,,,,,,,,,,,09,28,1321,3663,1349,3663,,1,0,b386a9c6d29ab4fb611272257d216016455684a3,0,0,0,0,0,
20200318,CT,68,,2246,,posNeg,2314,,,,,,,,3/17/2020 16:30,2020-03-17T16:30:00Z,03/17 12:30,,,,2020-03-17T16:30:00Z,2314,448,1863,,,,,,,,,,,,,,,,09,27,962,2314,989,2314,,0,0,1d5706fa38fc1474556ae2b7e754a4f8cc0db44a,0,0,0,0,0,
20200317,CT,41,,1284,,posNeg,1325,,,,,,,,3/16/2020 17:00,2020-03-16T17:00:00Z,03/16 13:00,,,,2020-03-16T17:00:00Z,1325,288,1034,,,,,,,,,,,,,,,,09,15,555,1325,570,1325,,0,0,69af2817dc90ce6d6f21a8bc5c708be3efe2421b,0,0,0,0,0,
20200316,CT,26,,729,,posNeg,755,,,,,,,,3/16/2020 15:36,2020-03-16T15:36:00Z,03/16 11:36,,,,2020-03-16T15:36:00Z,755,154,598,,,,,,,,,,,,,,,,09,6,130,755,136,755,,0,0,b1c5025071fa6fbd9d060e460e633bc13fc6b87f,0,0,0,0,0,
20200315,CT,20,,599,,posNeg,619,,,,,,,,3/14/2020 17:00,2020-03-14T17:00:00Z,03/14 13:00,,,,2020-03-14T17:00:00Z,619,128,488,,,,,,,,,,,,,,,,09,9,114,619,123,619,,0,0,2954cc1aabe6c952f5baf0cce4ea46f0318b94c7,0,0,0,0,0,
20200314,CT,11,,485,,posNeg,496,,,,,,,,3/13/2020 16:00,2020-03-13T16:00:00Z,03/13 12:00,,,,2020-03-13T16:00:00Z,496,101,392,,,,,,,,,,,,,,,,09,5,138,496,143,496,,0,0,5a1533cad3055b47ea0c96ffeef3a170e0779051,0,0,0,0,0,
20200313,CT,6,,347,,posNeg,353,,,,,,,,3/12/2020 19:00,2020-03-12T19:00:00Z,03/12 15:00,,,,2020-03-12T19:00:00Z,353,70,280,,,,,,,,,,,,,,,,09,0,97,353,97,353,,0,0,75dfb3d6f7b10bb32b760512bcb0d3ba868102b5,0,0,0,0,0,
20200312,CT,6,,250,,posNeg,256,,,,,,,,3/12/2020 15:00,2020-03-12T15:00:00Z,03/12 11:00,,,,2020-03-12T15:00:00Z,256,25,229,,,,,,,,,,,,,,,,09,3,58,256,61,256,,0,0,1c65ef2088497ff281704bc5527abe9afd95a5eb,0,0,0,0,0,
20200311,CT,3,,192,,posNeg,195,,,,,,,,,,,,,,,195,14,179,,,,,,,,,,,,,,,,09,1,26,195,27,195,,0,0,0c221f15894d7eb4ec6383ec05069b461255a80f,0,0,0,0,0,
20200310,CT,2,,166,,posNeg,168,,,,,,,,,,,,,,,168,8,158,,,,,,,,,,,,,,,,09,1,45,168,46,168,,0,0,fa0a8e2e38d0bb43ae0499baab8edfec5a880589,0,0,0,0,0,
20200309,CT,1,,121,,posNeg,122,,,,,,,,,,,,,,,122,4,116,,,,,,,,,,,,,,,,09,0,35,122,35,122,,0,0,cb91b536f80f6a00d67c6c8de6c95e7f2ddfab90,0,0,0,0,0,
20200308,CT,1,,86,8,posNeg,87,,,,,,,,,,,,,,,87,2,83,,,,,,,,,,,,,,,,09,1,22,95,23,87,,0,0,3182b116fefce550034abdebe24e358beba701a7,0,0,0,0,0,
20200307,CT,0,,64,,posNeg,64,,,,,,,,,,,,,,,64,2,60,,,,,,,,,,,,,,,,09,0,13,64,13,64,,0,0,53621aa0fdc3ab1083450730f8efdaf1295a1999,0,0,0,0,0,
20200306,CT,,,51,,posNeg,51,,,,,,,,,,,,,,,51,0,49,,,,,,,,,,,,,,,,09,0,15,51,15,51,,0,0,e85a49756097928a1c7075c3c63dd2c5702b5bee,0,0,0,0,0,
20200305,CT,,,36,,posNeg,36,,,,,,,,,,,,,,,36,0,34,,,,,,,,,,,,,,,,09,0,12,36,12,36,,0,0,f3092280638286ab978f807dd41547a1a7655395,0,0,0,0,0,
20200304,CT,,,24,,posNeg,24,,,,,,,,,,,,,,,24,0,22,,,,,,,,,,,,,,,,09,0,12,24,12,24,,0,0,be6acd1f04b0f1cf26caf034a922afe9d2af2690,0,0,0,0,0,
20200303,CT,,,12,,posNeg,12,,,,,,,,,,,,,,,12,0,12,,,,,,,,,,,,,,,,09,0,4,12,4,12,,0,0,ba68270318723c2e387ae2b10a0ea182cc18fbf0,0,0,0,0,0,
20200302,CT,,,8,,posNeg,8,,,,,,,,,,,,,,,8,0,8,,,,,,,,,,,,,,,,09,0,4,8,4,8,,0,0,9264c112f4f2066815518692ca881cbdb692b969,0,0,0,0,0,
20200301,CT,,,4,,posNeg,4,,,,,,,,,,,,,,,4,0,4,,,,,,,,,,,,,,,,09,0,1,4,1,4,,0,0,c6a766189c315e80abeea65cb2a03051c9f3d784,0,0,0,0,0,
20200229,CT,,,3,,posNeg,3,,,,,,,,,,,,,,,3,0,3,,,,,,,,,,,,,,,,09,0,0,3,0,3,,0,0,4eea55d0c620beaf755aa65e11f671a335355fa4,0,0,0,0,0,
