date,state,positive,probableCases,negative,pending,totalTestResultsSource,totalTestResults,hospitalizedCurrently,hospitalizedCumulative,inIcuCurrently,inIcuCumulative,onVentilatorCurrently,onVentilatorCumulative,recovered,lastUpdateEt,dateModified,checkTimeEt,death,hospitalized,hospitalizedDischarged,dateChecked,totalTestsViral,positiveTestsViral,negativeTestsViral,positiveCasesViral,deathConfirmed,deathProbable,totalTestEncountersViral,totalTestsPeopleViral,totalTestsAntibody,positiveTestsAntibody,negativeTestsAntibody,totalTestsPeopleAntibody,positiveTestsPeopleAntibody,negativeTestsPeopleAntibody,totalTestsPeopleAntigen,positiveTestsPeopleAntigen,totalTestsAntigen,positiveTestsAntigen,fips,positiveIncrease,negativeIncrease,total,totalTestResultsIncrease,posNeg,dataQualityGrade,deathIncrease,hospitalizedIncrease,hash,commercialScore,negativeRegularScore,negativeScore,positiveScore,score,grade
20210222,NY,1584931,,,,totalTestEncountersViral,36603611,5804,89995,1148,,780,,142724,2/21/2021 14:00,2021-02-21T14:00:00Z,02/21 09:00,37941,89995,142724,2021-02-21T14:00:00Z,,,,,,,36603611,,,,,,,,,,,,36,6146,0,1584931,142019,1584931,,90,0,862bb0c58ff2976fe0bffa0a489967a3ec5a1410,0,0,0,0,0,
20210221,NY,1578785,,,,totalTestEncountersViral,36461592,5764,89995,1162,,794,,142307,2/20/2021 14:00,2021-02-20T14:00:00Z,02/20 09:00,37851,89995,142307,2021-02-20T14:00:00Z,,,,,,,36461592,,,,,,,,,,,,36,6610,0,1578785,221157,1578785,,75,0,d947788a0ea1b73ad642ddcd880da4dc6c880a73,0,0,0,0,0,
20210220,NY,1572175,,,,totalTestEncountersViral,36240435,5977,89995,1162,,801,,141592,2/19/2021 14:00,2021-02-19T14:00:00Z,02/19 09:00,37776,89995,141592,2021-02-19T14:00:00Z,,,,,,,36240435,,,,,,,,,,,,36,7692,0,1572175,251645,1572175,,101,0,d68161e2e2961bbc18b1769667627c6638e0140a,0,0,0,0,0,
20210219,NY,1564483,,,,totalTestEncountersViral,35988790,6155,89995,1199,,834,,140968,2/18/2021 14:00,2021-02-18T14:00:00Z,02/18 09:00,37675,89995,140968,2021-02-18T14:00:00Z,,,,,,,35988790,,,,,,,,,,,,36,8710,0,1564483,249248,1564483,,119,0,46b91880da4d662a95055b3830124e4603fbcc1a,0,0,0,0,0,
20210218,NY,1555773,,,,totalTestEncountersViral,35739542,6434,89995,1258,,863,,140215,2/17/2021 14:00,2021-02-17T14:00:00Z,02/17 09:00,37556,89995,140215,2021-02-17T14:00:00Z,,,,,,,35739542,,,,,,,,,,,,36,6794,0,1555773,215731,1555773,,116,0,87bb303cc4fe011235bedef35dbd82660cd1e599,0,0,0,0,0,
20210217,NY,1548979,,,,totalTestEncountersViral,35523811,6574,89995,1273,,854,,139544,2/16/2021 14:00,2021-02-16T14:00:00Z,02/16 09:00,37440,89995,139544,2021-02-16T14:00:00Z,,,,,,,35523811,,,,,,,,,,,,36,6092,0,1548979,169963,1548979,,112,0,45a954203c56f9055699eec2beb61796c76c5400,0,0,0,0,0,
20210216,NY,1542887,,,,totalTestEncountersViral,35353848,6620,89995,1271,,878,,138975,2/15/2021 14:00,2021-02-15T14:00:00Z,02/15 09:00,37328,89995,138975,2021-02-15T14:00:00Z,,,,,,,35353848,,,,,,,,,,,,36,6753,0,1542887,136392,1542887,,107,0,ca2a6b62069470ae5061afaa1f2629c61510056d,0,0,0,0,0,
20210215,NY,1536134,,,,totalTestEncountersViral,35217456,6623,89995,1270,,875,,138542,2/14/2021 14:00,2021-02-14T14:00:00Z,02/14 09:00,37221,89995,138542,2021-02-14T14:00:00Z,,,,,,,35217456,,,,,,,,,,,,36,6365,0,1536134,180504,1536134,,103,0,d3c36e57738dcc5b9b8f18054c8c557a80ae633d,0,0,0,0,0,
20210214,NY,1529769,,,,totalTestEncountersViral,35036952,6593,89995,1285,,881,,138050,2/13/2021 14:00,2021-02-13T14:00:00Z,02/13 09:00,37118,89995,138050,2021-02-13T14:00:00Z,,,,,,,35036952,,,,,,,,,,,,36,8316,0,1529769,234708,1529769,,109,0,7d8a5b36e5987b0193a7c04b7f7735e0bfa524dd,0,0,0,0,0,
20210213,NY,1521453,,,,totalTestEncountersViral,34802244,6888,89995,1328,,908,,137276,2/12/2021 14:00,2021-02-12T14:00:00Z,02/12 09:00,37009,89995,137276,2021-02-12T14:00:00Z,,,,,,,34802244,,,,,,,,,,,,36,8763,0,1521453,253563,1521453,,127,0,1cf799ab40103d273db2f4ff229ea237e0b33d52,0,0,0,0,0,
20210212,NY,1512690,,,,totalTestEncountersViral,34548681,7068,89995,1358,,941,,136491,2/11/2021 14:00,2021-02-11T14:00:00Z,02/11 09:00,36882,89995,136491,2021-02-11T14:00:00Z,,,,,,,34548681,,,,,,,,,,,,36,8404,0,1512690,237134,1512690,,139,0,0d01c74d6e2154f74dd359ca78705912a140f52b,0,0,0,0,0,
20210211,NY,1504286,,,,totalTestEncountersViral,34311547,7342,89995,1402,,941,,135657,2/10/2021 14:00,2021-02-10T14:00:00Z,02/10 09:00,36743,89995,135657,2021-02-10T14:00:00Z,,,,,,,34311547,,,,,,,,,,,,36,10099,0,1504286,285499,1504286,,124,0,a35e5edea622169cf228ed989226ea8476211c66,0,0,0,0,0,
20210210,NY,1494187,,,,totalTestEncountersViral,34026048,7593,89995,1423,,955,,134742,2/9/2021 14:00,2021-02-09T14:00:00Z,02/09 09:00,36619,89995,134742,2021-02-09T14:00:00Z,,,,,,,34026048,,,,,,,,,,,,36,7101,0,1494187,176750,1494187,,138,0,eb98479bcb54969dd9cd13efdcb0343f1ac8b5c3,0,0,0,0,0,
20210209,NY,1487086,,,,totalTestEncountersViral,33849298,7875,89995,1412,,971,,133869,2/8/2021 14:00,2021-02-08T14:00:00Z,02/08 09:00,36481,89995,133869,2021-02-08T14:00:00Z,,,,,,,33849298,,,,,,,,,,,,36,7866,0,1487086,153648,1487086,,142,0,502a3cb8c002d42f611df1ddd9af600294b32f96,0,0,0,0,0,
20210208,NY,1479220,,,,totalTestEncountersViral,33695650,7716,89995,1454,,961,,133470,2/7/2021 14:00,2021-02-07T14:00:00Z,02/07 09:00,36339,89995,133470,2021-02-07T14:00:00Z,,,,,,,33695650,,,,,,,,,,,,36,8448,0,1479220,197183,1479220,,115,0,7ccffdb8969cd155dae75064e7ebe3d4eac96c2c,0,0,0,0,0,
20210207,NY,1470772,,,,totalTestEncountersViral,33498467,7649,89995,1459,,979,,132905,2/6/2021 14:00,2021-02-06T14:00:00Z,02/06 09:00,36224,89995,132905,2021-02-06T14:00:00Z,,,,,,,33498467,,,,,,,,,,,,36,10025,0,1470772,250892,1470772,,145,0,9399e8cfc794f8e6445a0d0230aa5131eb689c5b,0,0,0,0,0,
20210206,NY,1460747,,,,totalTestEncountersViral,33247575,7804,89995,1481,,995,,132012,2/5/2021 14:00,2021-02-05T14:00:00Z,02/05 09:00,36079,89995,132012,2021-02-05T14:00:00Z,,,,,,,33247575,,,,,,,,,,,,36,11252,0,1460747,261285,1460747,,159,0,21f90482bf5febfa02b8f5398938c38698fb29be,0,0,0,0,0,
20210205,NY,1449495,,,,totalTestEncountersViral,32986290,7937,89995,1516,,1000,,131165,2/4/2021 14:00,2021-02-04T14:00:00Z,02/04 09:00,35920,89995,131165,2021-02-04T14:00:00Z,,,,,,,32986290,,,,,,,,,,,,36,8777,0,1449495,203627,1449495,,153,0,cabf66793600d1220a2fda01dcc5b492ad5f4bab,0,0,0,0,0,
20210204,NY,1440718,,,,totalTestEncountersViral,32782663,7967,89995,1506,,986,,130302,2/3/2021 14:00,2021-02-03T14:00:00Z,02/03 09:00,35767,89995,130302,2021-02-03T14:00:00Z,,,,,,,32782663,,,,,,,,,,,,36,7414,0,1440718,169186,1440718,,136,0,f6b4fe5fea385ac4cd95e8a1a9cf00a9aec10487,0,0,0,0,0,
20210203,NY,1433304,,,,totalTestEncountersViral,32613477,8082,89995,1522,,1003,,129378,2/2/2021 14:00,2021-02-02T14:00:00Z,02/02 09:00,35631,89995,129378,2021-02-02T14:00:00Z,,,,,,,32613477,,,,,,,,,,,,36,5925,0,1433304,126489,1433304,,165,0,2525f6f9ebff2376ad079d7c376acbe95783a8e9,0,0,0,0,0,
20210202,NY,1427379,,,,totalTestEncountersViral,32486988,8067,89995,1503,,1004,,128889,2/1/2021 14:00,2021-02-01T14:00:00Z,02/01 09:00,35466,89995,128889,2021-02-01T14:00:00Z,,,,,,,32486988,,,,,,,,,,,,36,8215,0,1427379,150199,1427379,,147,0,095ed44eb0bd8184e5a15794a2b68cc3d7642926,0,0,0,0,0,
20210201,NY,1419164,,,,totalTestEncountersViral,32336789,8003,89995,1500,,987,,128354,1/31/2021 14:00,2021-01-31T14:00:00Z,01/31 09:00,35319,89995,128354,2021-01-31T14:00:00Z,,,,,,,32336789,,,,,,,,,,,,36,8508,0,1419164,175038,1419164,,141,0,4970efb30e5dfb5bdbacf206982bccad04ced804,0,0,0,0,0,
20210131,NY,1410656,,,,totalTestEncountersViral,32161751,7976,89995,1534,,1008,,127798,1/30/2021 14:00,2021-01-30T14:00:00Z,01/30 09:00,35178,89995,127798,2021-01-30T14:00:00Z,,,,,,,32161751,,,,,,,,,,,,36,10793,0,1410656,243066,1410656,,142,0,84ffe985531b3c0eed2b82b31bbddced8c4753fe,0,0,0,0,0,
20210130,NY,1399863,,,,totalTestEncountersViral,31918685,8176,89995,1551,,1017,,126842,1/29/2021 14:00,2021-01-29T14:00:00Z,01/29 09:00,35036,89995,126842,2021-01-29T14:00:00Z,,,,,,,31918685,,,,,,,,,,,,36,12804,0,1399863,269350,1399863,,143,0,80944fde10d0e20514dd05189129105735377644,0,0,0,0,0,
20210129,NY,1387059,,,,totalTestEncountersViral,31649335,8357,89995,1543,,1012,,125909,1/28/2021 14:00,2021-01-28T14:00:00Z,01/28 09:00,34893,89995,125909,2021-01-28T14:00:00Z,,,,,,,31649335,,,,,,,,,,,,36,12579,0,1387059,270518,1387059,,151,0,88c72e75109b19e68d8689dbd75d7be4bbc1179a,0,0,0,0,0,
20210128,NY,1374480,,,,totalTestEncountersViral,31378817,8520,89995,1584,,1024,,124976,1/27/2021 14:00,2021-01-27T14:00:00Z,01/27 09:00,34742,89995,124976,2021-01-27T14:00:00Z,,,,,,,31378817,,,,,,,,,,,,36,13398,0,1374480,250668,1374480,,163,0,6dcc43c753efda03ce89de02f833b8a7d897e20b,0,0,0,0,0,
20210127,NY,1361082,,,,totalTestEncountersViral,31128149,8771,89995,1558,,1027,,124003,1/26/2021 14:00,2021-01-26T14:00:00Z,01/26 09:00,34579,89995,124003,2021-01-26T14:00:00Z,,,,,,,31128149,,,,,,,,,,,,36,11028,0,1361082,202661,1361082,,172,0,c01bd7400f87dfe8df978fb48d299ac86307a01c,0,0,0,0,0,
20210126,NY,1350054,,,,totalTestEncountersViral,30925488,8831,89995,1544,,1006,,123094,1/25/2021 14:00,2021-01-25T14:00:00Z,01/25 09:00,34407,89995,123094,2021-01-25T14:00:00Z,,,,,,,30925488,,,,,,,,,,,,36,11064,0,1350054,162938,1350054,,165,0,783cf768663620c71b5b7f342b0cfc61d775c868,0,0,0,0,0,
20210125,NY,1338990,,,,totalTestEncountersViral,30762550,8730,89995,1522,,1005,,122544,1/24/2021 14:00,2021-01-24T14:00:00Z,01/24 09:00,34242,89995,122544,2021-01-24T14:00:00Z,,,,,,,30762550,,,,,,,,,,,,36,12003,0,1338990,219538,1338990,,173,0,696c8e6c664055e4d71fd72de4d17fcaa81ab130,0,0,0,0,0,
20210124,NY,1326987,,,,totalTestEncountersViral,30543012,8613,89995,1527,,997,,121923,1/23/2021 14:00,2021-01-23T14:00:00Z,01/23 09:00,34069,89995,121923,2021-01-23T14:00:00Z,,,,,,,30543012,,,,,,,,,,,,36,12720,0,1326987,249955,1326987,,162,0,0ce2f832b77fca821b98bf9ec3f5b0f74bb68afa,0,0,0,0,0,
20210123,NY,1314267,,,,totalTestEncountersViral,30293057,8802,89995,1562,,1023,,120901,1/22/2021 14:00,2021-01-22T14:00:00Z,01/22 09:00,33907,89995,120901,2021-01-22T14:00:00Z,,,,,,,30293057,,,,,,,,,,,,36,13786,0,1314267,262106,1314267,,144,0,178293cc514634ed6a9c1050e4e658bcf6ac3693,0,0,0,0,0,
20210122,NY,1300481,,,,totalTestEncountersViral,30030951,8846,89995,1546,,992,,119953,1/21/2021 14:00,2021-01-21T14:00:00Z,01/21 09:00,33763,89995,119953,2021-01-21T14:00:00Z,,,,,,,30030951,,,,,,,,,,,,36,15144,0,1300481,268001,1300481,,169,0,a8a84367a8e2adb34b9ba204668b32dcd05412e2,0,0,0,0,0,
20210121,NY,1285337,,,,totalTestEncountersViral,29762950,9055,89995,1560,,1011,,118889,1/20/2021 14:00,2021-01-20T14:00:00Z,01/20 09:00,33594,89995,118889,2021-01-20T14:00:00Z,,,,,,,29762950,,,,,,,,,,,,36,13886,0,1285337,224569,1285337,,179,0,4a2325ed8b2529c559ebbed76b676f256b68f4f2,0,0,0,0,0,
20210120,NY,1271451,,,,totalTestEncountersViral,29538381,9273,89995,1621,,1044,,117882,1/18/2021 14:00,2021-01-18T14:00:00Z,01/18 09:00,33415,89995,117882,2021-01-18T14:00:00Z,,,,,,,29538381,,,,,,,,,,,,36,13364,0,1271451,195409,1271451,,191,0,cff6d7febd164dc71adfbf103ba5b07fc2177697,0,0,0,0,0,
20210119,NY,1258087,,,,totalTestEncountersViral,29342972,9236,89995,1614,,1049,,117052,1/18/2021 14:00,2021-01-18T14:00:00Z,01/18 09:00,33224,89995,117052,2021-01-18T14:00:00Z,,,,,,,29342972,,,,,,,,,,,,36,12512,0,1258087,177269,1258087,,172,0,5e46273b2ac112f3eb68dd05bdf56799eb134029,0,0,0,0,0,
20210118,NY,1245575,,,,totalTestEncountersViral,29165703,8868,89995,1523,,997,,116502,1/17/2021 14:00,2021-01-17T14:00:00Z,01/17 09:00,33052,89995,116502,2021-01-17T14:00:00Z,,,,,,,29165703,,,,,,,,,,,,36,12185,0,1245575,186205,1245575,,155,0,d035152d06f59d23cbe5592ae1fcee81275638af,0,0,0,0,0,
20210117,NY,1233390,,,,totalTestEncountersViral,28979498,8771,89995,1550,,1004,,115901,1/16/2021 14:00,2021-01-16T14:00:00Z,01/16 09:00,32897,89995,115901,2021-01-16T14:00:00Z,,,,,,,28979498,,,,,,,,,,,,36,13842,0,1233390,246507,1233390,,172,0,cfead02f91e9f0ac5d198693c514459e76c5ba17,0,0,0,0,0,
20210116,NY,1219548,,,,totalTestEncountersViral,28732991,8888,89995,1580,,983,,114868,1/15/2021 14:00,2021-01-15T14:00:00Z,01/15 09:00,32725,89995,114868,2021-01-15T14:00:00Z,,,,,,,28732991,,,,,,,,,,,,36,15998,0,1219548,277286,1219548,,159,0,2d1b5098206a3d8c4c20a9d61affac9d1ca31f93,0,0,0,0,0,
20210115,NY,1203550,,,,totalTestEncountersViral,28455705,8808,89995,1570,,962,,113919,1/14/2021 14:00,2021-01-14T14:00:00Z,01/14 09:00,32566,89995,113919,2021-01-14T14:00:00Z,,,,,,,28455705,,,,,,,,,,,,36,19942,0,1203550,324671,1203550,,187,0,9c0d3fb28f08b6ea15071d84d8068ce51fb328cc,0,0,0,0,0,
20210114,NY,1183608,,,,totalTestEncountersViral,28131034,8823,89995,1536,,956,,112979,1/13/2021 14:00,2021-01-13T14:00:00Z,01/13 09:00,32379,89995,112979,2021-01-13T14:00:00Z,,,,,,,28131034,,,,,,,,,,,,36,13661,0,1183608,212589,1183608,,204,0,1036d9cc57c30f8dd178b184c61aca18ef6c0edd,0,0,0,0,0,
20210113,NY,1169947,,,,totalTestEncountersViral,27918445,8929,89995,1501,,924,,112023,1/12/2021 14:00,2021-01-12T14:00:00Z,01/12 09:00,32175,89995,112023,2021-01-12T14:00:00Z,,,,,,,27918445,,,,,,,,,,,,36,14577,0,1169947,196868,1169947,,168,0,5d1bbacb01686ce581491755cfea1c20c8982563,0,0,0,0,0,
20210112,NY,1155370,,,,totalTestEncountersViral,27721577,8926,89995,1492,,909,,111141,1/11/2021 14:00,2021-01-11T14:00:00Z,01/11 09:00,32007,89995,111141,2021-01-11T14:00:00Z,,,,,,,27721577,,,,,,,,,,,,36,15214,0,1155370,196671,1155370,,166,0,59c2ea421813d85e1d903393326be7aa24a2ed07,0,0,0,0,0,
20210111,NY,1140156,,,,totalTestEncountersViral,27524906,8645,89995,1426,,891,,110600,1/10/2021 14:00,2021-01-10T14:00:00Z,01/10 09:00,31841,89995,110600,2021-01-10T14:00:00Z,,,,,,,27524906,,,,,,,,,,,,36,13714,0,1140156,203904,1140156,,169,0,5e6064f98f901cca4f886ffa6285972f97fa884d,0,0,0,0,0,
20210110,NY,1126442,,,,totalTestEncountersViral,27321002,8484,89995,1436,,892,,109982,1/9/2021 14:00,2021-01-09T14:00:00Z,01/09 09:00,31672,89995,109982,2021-01-09T14:00:00Z,,,,,,,27321002,,,,,,,,,,,,36,15355,0,1126442,246836,1126442,,153,0,f73c076b1c1cbb775f59f22660b4bb4074a40ffa,0,0,0,0,0,
20210109,NY,1111087,,,,totalTestEncountersViral,27074166,8527,89995,1428,,876,,109035,1/8/2021 14:00,2021-01-08T14:00:00Z,01/08 09:00,31519,89995,109035,2021-01-08T14:00:00Z,,,,,,,27074166,,,,,,,,,,,,36,16943,0,1111087,258031,1111087,,190,0,fe97ec48d6476987086a61f0ad1350aadf2f7ba1,0,0,0,0,0,
20210108,NY,1094144,,,,totalTestEncountersViral,26816135,8561,89995,1475,,912,,108144,1/7/2021 14:00,2021-01-07T14:00:00Z,01/07 09:00,31329,89995,108144,2021-01-07T14:00:00Z,,,,,,,26816135,,,,,,,,,,,,36,18832,0,1094144,243903,1094144,,165,0,9fbcc15db831fdf5b11193b2998fedc38402ad0a,0,0,0,0,0,
20210107,NY,1075312,,,,totalTestEncountersViral,26572232,8548,89995,1424,,859,,107243,1/6/2021 14:00,2021-01-06T14:00:00Z,01/06 09:00,31164,89995,107243,2021-01-06T14:00:00Z,,,,,,,26572232,,,,,,,,,,,,36,17636,0,1075312,238550,1075312,,199,0,6a41d6a2e07babc513446058907625af31433927,0,0,0,0,0,
20210106,NY,1057676,,,,totalTestEncountersViral,26333682,8665,89995,1408,,851,,105379,1/5/2021 14:00,2021-01-05T14:00:00Z,01/05 09:00,30965,89995,105379,2021-01-05T14:00:00Z,,,,,,,26333682,,,,,,,,,,,,36,16648,0,1057676,197816,1057676,,163,0,fb2ac2caeab100747a6f0df90d7c16f02c6b08a1,0,0,0,0,0,
20210105,NY,1041028,,,,totalTestEncountersViral,26135866,8590,89995,1392,,851,,105379,1/4/2021 14:00,2021-01-04T14:00:00Z,01/04 09:00,30802,89995,105379,2021-01-04T14:00:00Z,,,,,,,26135866,,,,,,,,,,,,36,12666,0,1041028,152402,1041028,,154,0,9d01fbafc19d312c8a26ad090818ac9dad4cf213,0,0,0,0,0,
20210104,NY,1028362,,,,totalTestEncountersViral,25983464,8251,89995,1357,,843,,104939,1/3/2021 14:00,2021-01-03T14:00:00Z,01/03 09:00,30648,89995,104939,2021-01-03T14:00:00Z,,,,,,,25983464,,,,,,,,,,,,36,11209,0,1028362,134360,1028362,,172,0,84d7c6ec82e6ee9f5d411be882ac36312e01ad55,0,0,0,0,0,
20210103,NY,1017153,,,,totalTestEncountersViral,25849104,7963,89995,1344,,815,,104402,1/2/2021 14:00,2021-01-02T14:00:00Z,01/02 09:00,30476,89995,104402,2021-01-02T14:00:00Z,,,,,,,25849104,,,,,,,,,,,,36,11368,0,1017153,142345,1017153,,139,0,548cc49d7ccfa5be9ea2c12bc9b620411056753a,0,0,0,0,0,
20210102,NY,1005785,,,,totalTestEncountersViral,25706759,7814,89995,1321,,786,,103828,1/1/2021 14:00,2021-01-01T14:00:00Z,01/01 09:00,30337,89995,103828,2021-01-01T14:00:00Z,,,,,,,25706759,,,,,,,,,,,,36,15074,0,1005785,202446,1005785,,129,0,82e0c6018c6368f1e6b89427bf7ce587b04a9b8a,0,0,0,0,0,
20210101,NY,990711,,,,totalTestEncountersViral,25504313,7886,89995,1292,,776,,102968,12/31/2020 14:00,2020-12-31T14:00:00Z,12/31 09:00,30208,89995,102968,2020-12-31T14:00:00Z,,,,,,,25504313,,,,,,,,,,,,36,16497,0,990711,219253,990711,,168,0,fd6a8c72aa0e0c40aaace86af8bbf3cb0b1f94aa,0,0,0,0,0,
20201231,NY,974214,,,,totalTestEncountersViral,25285060,7935,89995,1276,,723,,102129,12/30/2020 14:00,2020-12-30T14:00:00Z,12/30 09:00,30040,89995,102129,2020-12-30T14:00:00Z,,,,,,,25285060,,,,,,,,,,,,36,16802,0,974214,216587,974214,,135,0,47f389a2818c3f4dd2ccd2e4b4e322e0db5126a4,0,0,0,0,0,
20201230,NY,957412,,,,totalTestEncountersViral,25068473,7892,89995,1250,,702,,101295,12/29/2020 14:00,2020-12-29T14:00:00Z,12/29 09:00,29905,89995,101295,2020-12-29T14:00:00Z,,,,,,,25068473,,,,,,,,,,,,36,13422,0,957412,154949,957412,,149,0,c9d43f2d5cb457bd887f18d9a33835c6cc57b1b8,0,0,0,0,0,
20201229,NY,943990,,,,totalTestEncountersViral,24913524,7814,89995,1224,,711,,100442,12/28/2020 14:00,2020-12-28T14:00:00Z,12/28 09:00,29756,89995,100442,2020-12-28T14:00:00Z,,,,,,,24913524,,,,,,,,,,,,36,11438,0,943990,160164,943990,,127,0,bb0a556913a28f2dc56b88c798b74aa4b19be5c4,0,0,0,0,0,
20201228,NY,932552,,,,totalTestEncountersViral,24753360,7559,89995,1222,,717,,100008,12/27/2020 14:00,2020-12-27T14:00:00Z,12/27 09:00,29629,89995,100008,2020-12-27T14:00:00Z,,,,,,,24753360,,,,,,,,,,,,36,10407,0,932552,124866,932552,,118,0,6dc9a8761f40428d4a6e76c0fa968ee2ebad0c7f,0,0,0,0,0,
20201227,NY,922145,,,,totalTestEncountersViral,24628494,7183,89995,1187,,687,,99583,12/26/2020 14:00,2020-12-26T14:00:00Z,12/26 09:00,29511,89995,99583,2020-12-26T14:00:00Z,,,,,,,24628494,,,,,,,,,,,,36,7623,0,922145,130299,922145,,115,0,51463e9af4d81704b3f9c695c289bad64ab03d42,0,0,0,0,0,
20201226,NY,914522,,,,totalTestEncountersViral,24498195,6884,89995,1129,,638,,99156,12/25/2020 14:00,2020-12-25T14:00:00Z,12/25 09:00,29396,89995,99156,2020-12-25T14:00:00Z,,,,,,,24498195,,,,,,,,,,,,36,10806,0,914522,201442,914522,,126,0,b8bc6dec4cd0c49c7eea203b568ca668cc9023b8,0,0,0,0,0,
20201225,NY,903716,,,,totalTestEncountersViral,24296753,6950,89995,1148,,621,,98350,12/24/2020 14:00,2020-12-24T14:00:00Z,12/24 09:00,29270,89995,98350,2020-12-24T14:00:00Z,,,,,,,24296753,,,,,,,,,,,,36,12446,0,903716,226560,903716,,121,0,b6fa724d90cf8e62752feb810b11afb6fe6d7c75,0,0,0,0,0,
20201224,NY,891270,,,,totalTestEncountersViral,24070193,6928,89995,1160,,621,,97600,12/23/2020 14:00,2020-12-23T14:00:00Z,12/23 09:00,29149,89995,97600,2020-12-23T14:00:00Z,,,,,,,24070193,,,,,,,,,,,,36,12568,0,891270,226296,891270,,133,0,419466647f46d6d9c65a6a2014c29cd00ad85236,0,0,0,0,0,
20201223,NY,878702,,,,totalTestEncountersViral,23843897,6864,89995,1166,,633,,96857,12/22/2020 14:00,2020-12-22T14:00:00Z,12/22 09:00,29016,89995,96857,2020-12-22T14:00:00Z,,,,,,,23843897,,,,,,,,,,,,36,11937,0,878702,204361,878702,,166,0,731d4b73113081ed11abb2b7ecc12df3fcba161e,0,0,0,0,0,
20201222,NY,866765,,,,totalTestEncountersViral,23639536,6661,89995,1126,,614,,96185,12/21/2020 14:00,2020-12-21T14:00:00Z,12/21 09:00,28850,89995,96185,2020-12-21T14:00:00Z,,,,,,,23639536,,,,,,,,,,,,36,9716,0,866765,164868,866765,,141,0,a9decc79d437151e8e6094aa934071dbe0127c1a,0,0,0,0,0,
20201221,NY,857049,,,,totalTestEncountersViral,23474668,6331,89995,1095,,613,,95779,12/20/2020 14:00,2020-12-20T14:00:00Z,12/20 09:00,28709,89995,95779,2020-12-20T14:00:00Z,,,,,,,23474668,,,,,,,,,,,,36,9007,0,857049,156510,857049,,111,0,5f02ed5a0ca0e7b2682a71d1d9a4cfcffdb42c01,0,0,0,0,0,
20201220,NY,848042,,,,totalTestEncountersViral,23318158,6185,89995,1045,,600,,94579,12/19/2020 14:00,2020-12-19T14:00:00Z,12/19 09:00,28598,89995,94579,2020-12-19T14:00:00Z,,,,,,,23318158,,,,,,,,,,,,36,9957,0,848042,197251,848042,,124,0,9e10466a45b7f094d14436dcb13b516aedf5b1ee,0,0,0,0,0,
20201219,NY,838085,,,,totalTestEncountersViral,23120907,6208,89995,1088,,610,,94579,12/18/2020 14:00,2020-12-18T14:00:00Z,12/18 09:00,28474,89995,94579,2020-12-18T14:00:00Z,,,,,,,23120907,,,,,,,,,,,,36,9919,0,838085,191476,838085,,130,0,2a509c351c831ee99406339c7cad6cfd108d6a5f,0,0,0,0,0,
20201218,NY,828166,,,,totalTestEncountersViral,22929431,6081,89995,1068,,592,,94057,12/17/2020 14:00,2020-12-17T14:00:00Z,12/17 09:00,28344,89995,94057,2020-12-17T14:00:00Z,,,,,,,22929431,,,,,,,,,,,,36,12697,0,828166,249385,828166,,122,0,586ec25f549d6f9d8f3305dd4a9526f74f5af1d6,0,0,0,0,0,
20201217,NY,815469,,,,totalTestEncountersViral,22680046,6147,89995,1095,,611,,93418,12/16/2020 14:00,2020-12-16T14:00:00Z,12/16 09:00,28222,89995,93418,2020-12-16T14:00:00Z,,,,,,,22680046,,,,,,,,,,,,36,10914,0,815469,202772,815469,,122,0,84946ca5d1057f60a732048095a751828a53cc78,0,0,0,0,0,
20201216,NY,804555,,,,totalTestEncountersViral,22477274,6097,89995,1098,,611,,92735,12/15/2020 14:00,2020-12-15T14:00:00Z,12/15 09:00,28100,89995,92735,2020-12-15T14:00:00Z,,,,,,,22477274,,,,,,,,,,,,36,9998,0,804555,160947,804555,,98,0,be25cd93d79d5eeb7752832078b654a76b6efafc,0,0,0,0,0,
20201215,NY,794557,,,,totalTestEncountersViral,22316327,5982,89995,1065,,580,,92136,12/14/2020 14:00,2020-12-14T14:00:00Z,12/14 09:00,28002,89995,92136,2020-12-14T14:00:00Z,,,,,,,22316327,,,,,,,,,,,,36,10353,0,794557,194188,794557,,132,0,877179e5922e5ad6aa8a405d989dc36b541fd518,0,0,0,0,0,
20201214,NY,784204,,,,totalTestEncountersViral,22122139,5712,89995,1040,,567,,91366,12/13/2020 14:00,2020-12-13T14:00:00Z,12/13 09:00,27870,89995,91366,2020-12-13T14:00:00Z,,,,,,,22122139,,,,,,,,,,,,36,9044,0,784204,159844,784204,,85,0,473cb72c53f19eeb67c4943b1cd05b79f0e0421a,0,0,0,0,0,
20201213,NY,775160,,,,totalTestEncountersViral,21962295,5410,89995,1009,,567,,91366,12/12/2020 14:00,2020-12-12T14:00:00Z,12/12 09:00,27785,89995,91366,2020-12-12T14:00:00Z,,,,,,,21962295,,,,,,,,,,,,36,10194,0,775160,205250,775160,,110,0,f78892a6e7e7a7fdcb66ee028d29547e493b00e9,0,0,0,0,0,
20201212,NY,764966,,,,totalTestEncountersViral,21757045,5359,89995,1029,,563,,90747,12/11/2020 14:00,2020-12-11T14:00:00Z,12/11 09:00,27675,89995,90747,2020-12-11T14:00:00Z,,,,,,,21757045,,,,,,,,,,,,36,11129,0,764966,242927,764966,,88,0,c4648de05c7a3b5dfa49fe028de21a22922af1e1,0,0,0,0,0,
20201211,NY,753837,,,,totalTestEncountersViral,21514118,5321,89995,1007,,546,,90152,12/10/2020 14:00,2020-12-10T14:00:00Z,12/10 09:00,27587,89995,90152,2020-12-10T14:00:00Z,,,,,,,21514118,,,,,,,,,,,,36,10595,0,753837,212672,753837,,89,0,767f5d59cf5dbbe26c2aea973036bc44aa5ad038,0,0,0,0,0,
20201210,NY,743242,,,,totalTestEncountersViral,21301446,5164,89995,994,,539,,89600,12/9/2020 14:00,2020-12-09T14:00:00Z,12/09 09:00,27498,89995,89600,2020-12-09T14:00:00Z,,,,,,,21301446,,,,,,,,,,,,36,10178,0,743242,197406,743242,,94,0,d58aaef1605ac3db003ec2784ca1caaedf4f55e8,0,0,0,0,0,
20201209,NY,733064,,,,totalTestEncountersViral,21104040,4993,89995,952,,521,,89089,12/8/2020 14:00,2020-12-08T14:00:00Z,12/08 09:00,27404,89995,89089,2020-12-08T14:00:00Z,,,,,,,21104040,,,,,,,,,,,,36,10600,0,733064,194595,733064,,97,0,4140bfb5947bf706a6bd65e782e127f7b52480d6,0,0,0,0,0,
20201208,NY,722464,,,,totalTestEncountersViral,20909445,4835,89995,906,,493,,88584,12/7/2020 14:00,2020-12-07T14:00:00Z,12/07 09:00,27307,89995,88584,2020-12-07T14:00:00Z,,,,,,,20909445,,,,,,,,,,,,36,9335,0,722464,162464,722464,,75,0,562704d3e5dbd3e41872af5c2b8bc2240facfcc8,0,0,0,0,0,
20201207,NY,713129,,,,totalTestEncountersViral,20746981,4602,89995,872,,464,,87949,12/6/2020 14:00,2020-12-06T14:00:00Z,12/06 09:00,27232,89995,87949,2020-12-06T14:00:00Z,,,,,,,20746981,,,,,,,,,,,,36,7302,0,713129,152287,713129,,83,0,5fe6d4a0e9f9b79a1fc9d158e5f4da22b140b98e,0,0,0,0,0,
20201206,NY,705827,,,,totalTestEncountersViral,20594694,4442,89995,850,,464,,87949,12/5/2020 14:00,2020-12-05T14:00:00Z,12/05 09:00,27149,89995,87949,2020-12-05T14:00:00Z,,,,,,,20594694,,,,,,,,,,,,36,9702,0,705827,205832,705827,,60,0,1d1aab9855ba15e346d39ead162528659fd98e4a,0,0,0,0,0,
20201205,NY,696125,,,,totalTestEncountersViral,20388862,4318,89995,825,,435,,87473,12/4/2020 14:00,2020-12-04T14:00:00Z,12/04 09:00,27089,89995,87473,2020-12-04T14:00:00Z,,,,,,,20388862,,,,,,,,,,,,36,10761,0,696125,215401,696125,,72,0,2bff026dcc419dd89c5f20fdab697fc1fad1e529,0,0,0,0,0,
20201204,NY,685364,,,,totalTestEncountersViral,20173461,4222,89995,795,,377,,86638,12/3/2020 14:00,2020-12-03T14:00:00Z,12/03 09:00,27017,89995,86638,2020-12-03T14:00:00Z,,,,,,,20173461,,,,,,,,,,,,36,11271,0,685364,208297,685364,,62,0,b4909c29f44666eab5fca8518e45afed9a5e8cf2,0,0,0,0,0,
20201203,NY,674093,,,,totalTestEncountersViral,19965164,4063,89995,783,,373,,86201,12/2/2020 14:00,2020-12-02T14:00:00Z,12/02 09:00,26955,89995,86201,2020-12-02T14:00:00Z,,,,,,,19965164,,,,,,,,,,,,36,9855,0,674093,203440,674093,,66,0,8a117c8eee2c9a36d22505611ac1be1c347cedb9,0,0,0,0,0,
20201202,NY,664238,,,,totalTestEncountersViral,19761724,3924,89995,742,,373,,86201,12/1/2020 14:00,2020-12-01T14:00:00Z,12/01 09:00,26889,89995,86201,2020-12-01T14:00:00Z,,,,,,,19761724,,,,,,,,,,,,36,8973,0,664238,193551,664238,,73,0,b42b4b166dd3a76fa1b4c9b8dd48401ae782ae35,0,0,0,0,0,
20201201,NY,655265,,,,totalTestEncountersViral,19568173,3774,89995,718,,348,,85808,11/30/2020 14:00,2020-11-30T14:00:00Z,11/30 09:00,26816,89995,85808,2020-11-30T14:00:00Z,,,,,,,19568173,,,,,,,,,,,,36,7285,0,655265,146675,655265,,69,0,24c340fe4ffbb804197bf43521fa389178257f3e,0,0,0,0,0,
20201130,NY,647980,,,,totalTestEncountersViral,19421498,3532,89995,681,,325,,85556,11/29/2020 14:00,2020-11-29T14:00:00Z,11/29 09:00,26747,89995,85556,2020-11-29T14:00:00Z,,,,,,,19421498,,,,,,,,,,,,36,6819,0,647980,148974,647980,,57,0,077770764ce5e63741c240090541a4b8373689dd,0,0,0,0,0,
20201129,NY,641161,,,,totalTestEncountersViral,19272524,3372,89995,667,,326,,85287,11/28/2020 14:00,2020-11-28T14:00:00Z,11/28 09:00,26690,89995,85287,2020-11-28T14:00:00Z,,,,,,,19272524,,,,,,,,,,,,36,6723,0,641161,157320,641161,,58,0,2ad6122d5b897643bba456732a0c8eb3aac2b204,0,0,0,0,0,
20201128,NY,634438,,,,totalTestEncountersViral,19115204,3287,89995,654,,331,,84938,11/27/2020 14:00,2020-11-27T14:00:00Z,11/27 09:00,26632,89995,84938,2020-11-27T14:00:00Z,,,,,,,19115204,,,,,,,,,,,,36,6063,0,634438,152355,634438,,44,0,754ea2eaaa2fb7c089e0f4eb93dc6726ccff7a95,0,0,0,0,0,
20201127,NY,628375,,,,totalTestEncountersViral,18962849,3103,89995,636,,294,,84723,11/26/2020 23:59,2020-11-26T23:59:00Z,11/26 18:59,26588,89995,84723,2020-11-26T23:59:00Z,,,,,,,18962849,,,,,,,,,,,,36,8176,0,628375,219442,628375,,39,0,57bb25de42389587b97fd392114238830d500fd2,0,0,0,0,0,
20201126,NY,620199,,,,totalTestEncountersViral,18743407,3056,89995,628,,286,,84339,11/25/2020 23:59,2020-11-25T23:59:00Z,11/25 18:59,26549,89995,84339,2020-11-25T23:59:00Z,,,,,,,18743407,,,,,,,,,,,,36,6933,0,620199,217721,620199,,67,0,c9df9bb22e645b07f51bc06e1365219d53085024,0,0,0,0,0,
20201125,NY,613266,,,,totalTestEncountersViral,18525686,2982,89995,596,,277,,84001,11/24/2020 23:59,2020-11-24T23:59:00Z,11/24 18:59,26482,89995,84001,2020-11-24T23:59:00Z,,,,,,,18525686,,,,,,,,,,,,36,6265,0,613266,173085,613266,,41,0,ab509381c8c1991bfe0179ead00a22c64dd9a3c1,0,0,0,0,0,
20201124,NY,607001,,,,totalTestEncountersViral,18352601,2856,89995,559,,263,,83701,11/23/2020 23:59,2020-11-23T23:59:00Z,11/23 18:59,26441,89995,83701,2020-11-23T23:59:00Z,,,,,,,18352601,,,,,,,,,,,,36,4881,0,607001,164761,607001,,51,0,85a1a642a67c79c8c38642c7a385c5ea76c1b5a9,0,0,0,0,0,
20201123,NY,602120,,,,totalTestEncountersViral,18187840,2724,89995,545,,234,,83307,11/22/2020 23:59,2020-11-22T23:59:00Z,11/22 18:59,26390,89995,83307,2020-11-22T23:59:00Z,,,,,,,18187840,,,,,,,,,,,,36,5906,0,602120,191489,602120,,33,0,30fe5d3686fd356c4a9de87f076d0e7e446b3cd6,0,0,0,0,0,
20201122,NY,596214,,,,totalTestEncountersViral,17996351,2562,89995,502,,234,,83307,11/21/2020 23:59,2020-11-21T23:59:00Z,11/21 18:59,26357,89995,83307,2020-11-21T23:59:00Z,,,,,,,17996351,,,,,,,,,,,,36,5392,0,596214,196610,596214,,31,0,946781602cfd58f35767bb085771b738515a57b0,0,0,0,0,0,
20201121,NY,590822,,,,totalTestEncountersViral,17799741,2443,89995,467,,212,,83031,11/20/2020 23:59,2020-11-20T23:59:00Z,11/20 18:59,26326,89995,83031,2020-11-20T23:59:00Z,,,,,,,17799741,,,,,,,,,,,,36,5972,0,590822,207907,590822,,34,0,f5c3fea1cf790791520434c4f036ec30f00b8f3b,0,0,0,0,0,
20201120,NY,584850,,,,totalTestEncountersViral,17591834,2348,89995,445,,205,,82766,11/19/2020 23:59,2020-11-19T23:59:00Z,11/19 18:59,26292,89995,82766,2020-11-19T23:59:00Z,,,,,,,17591834,,,,,,,,,,,,36,5468,0,584850,205466,584850,,35,0,491ecb508840602db802da0b636a44691ae2d495,0,0,0,0,0,
20201119,NY,579382,,,,totalTestEncountersViral,17386368,2276,89995,437,,200,,82507,11/18/2020 23:59,2020-11-18T23:59:00Z,11/18 18:59,26257,89995,82507,2020-11-18T23:59:00Z,,,,,,,17386368,,,,,,,,,,,,36,5310,0,579382,195239,579382,,32,0,e76ee0e6e1deff322bb4ea41b43694a5f309bf36,0,0,0,0,0,
20201118,NY,574072,,,,totalTestEncountersViral,17191129,2202,89995,423,,176,,82022,11/17/2020 23:59,2020-11-17T23:59:00Z,11/17 18:59,26225,89995,82022,2020-11-17T23:59:00Z,,,,,,,17191129,,,,,,,,,,,,36,5294,0,574072,154434,574072,,36,0,af4c1ffb58839ca17677030f3d5b7143fb9333df,0,0,0,0,0,
20201117,NY,568778,,,,totalTestEncountersViral,17036695,2124,89995,408,,176,,82022,11/16/2020 23:59,2020-11-16T23:59:00Z,11/16 18:59,26189,89995,82022,2020-11-16T23:59:00Z,,,,,,,17036695,,,,,,,,,,,,36,5088,0,568778,159852,568778,,30,0,bcb69d845f9c86837faaf38d70f2baf8915dbec0,0,0,0,0,0,
20201116,NY,563690,,,,totalTestEncountersViral,16876843,1968,89995,391,,158,,81908,11/15/2020 23:59,2020-11-15T23:59:00Z,11/15 18:59,26159,89995,81908,2020-11-15T23:59:00Z,,,,,,,16876843,,,,,,,,,,,,36,3490,0,563690,124565,563690,,26,0,79c9d00b417e35f4b193166ac555b9635e7587e5,0,0,0,0,0,
20201115,NY,560200,,,,totalTestEncountersViral,16752278,1845,89995,378,,158,,81788,11/14/2020 23:59,2020-11-14T23:59:00Z,11/14 18:59,26133,89995,81788,2020-11-14T23:59:00Z,,,,,,,16752278,,,,,,,,,,,,36,3649,0,560200,133202,560200,,30,0,7940a01e3891548986af2c6ede4265d3619405f0,0,0,0,0,0,
20201114,NY,556551,,,,totalTestEncountersViral,16619076,1788,89995,367,,146,,81585,11/13/2020 23:59,2020-11-13T23:59:00Z,11/13 18:59,26103,89995,81585,2020-11-13T23:59:00Z,,,,,,,16619076,,,,,,,,,,,,36,5388,0,556551,184162,556551,,24,0,32bf3f36bd545eea5f805eb5ce479785d48dd0ef,0,0,0,0,0,
20201113,NY,551163,,,,totalTestEncountersViral,16434914,1737,89995,331,,137,,81390,11/12/2020 23:59,2020-11-12T23:59:00Z,11/12 18:59,26079,89995,81390,2020-11-12T23:59:00Z,,,,,,,16434914,,,,,,,,,,,,36,5401,0,551163,203721,551163,,24,0,e99d5fd20ae5f6e580c4d7904cedd257ae006a27,0,0,0,0,0,
20201112,NY,545762,,,,totalTestEncountersViral,16231193,1677,89995,308,,136,,81198,11/11/2020 23:59,2020-11-11T23:59:00Z,11/11 18:59,26055,89995,81198,2020-11-11T23:59:00Z,,,,,,,16231193,,,,,,,,,,,,36,4797,0,545762,162627,545762,,29,0,0f0dfad16ec5536faae217ea924ccd4340a75b93,0,0,0,0,0,
20201111,NY,540965,,,,totalTestEncountersViral,16068566,1628,89995,304,,135,,81020,11/10/2020 23:59,2020-11-10T23:59:00Z,11/10 18:59,26026,89995,81020,2020-11-10T23:59:00Z,,,,,,,16068566,,,,,,,,,,,,36,4820,0,540965,164300,540965,,21,0,4410ed42b49472530c5912eb45853d2c953855cf,0,0,0,0,0,
20201110,NY,536145,,,,totalTestEncountersViral,15904266,1548,89995,296,,128,,80854,11/9/2020 23:59,2020-11-09T23:59:00Z,11/09 18:59,26005,89995,80854,2020-11-09T23:59:00Z,,,,,,,15904266,,,,,,,,,,,,36,3965,0,536145,128036,536145,,32,0,411894e3b9ed3ae9c598095b9a9c93fbfc1dbc95,0,0,0,0,0,
20201109,NY,532180,,,,totalTestEncountersViral,15776230,1444,89995,282,,125,,80764,11/8/2020 23:59,2020-11-08T23:59:00Z,11/08 18:59,25973,89995,80764,2020-11-08T23:59:00Z,,,,,,,15776230,,,,,,,,,,,,36,3144,0,532180,111416,532180,,26,0,326dded373d0fc8d63888c66edb68297cfc27091,0,0,0,0,0,
20201108,NY,529036,,,,totalTestEncountersViral,15664814,1396,89995,295,,131,,80646,11/7/2020 23:59,2020-11-07T23:59:00Z,11/07 18:59,25947,89995,80646,2020-11-07T23:59:00Z,,,,,,,15664814,,,,,,,,,,,,36,3428,0,529036,145642,529036,,19,0,3bf856c02ce61ad9ee72043b22d9d2dd967fccb0,0,0,0,0,0,
20201107,NY,525608,,,,totalTestEncountersViral,15519172,1381,89995,308,,138,,80494,11/6/2020 23:59,2020-11-06T23:59:00Z,11/06 18:59,25928,89995,80494,2020-11-06T23:59:00Z,,,,,,,15519172,,,,,,,,,,,,36,3587,0,525608,163291,525608,,18,0,626cc5768183e8023d0eac72038b84c5bc0a902a,0,0,0,0,0,
20201106,NY,522021,,,,totalTestEncountersViral,15355881,1321,89995,285,,129,,80368,11/5/2020 23:59,2020-11-05T23:59:00Z,11/05 18:59,25910,89995,80368,2020-11-05T23:59:00Z,,,,,,,15355881,,,,,,,,,,,,36,3209,0,522021,160705,522021,,18,0,f8a13ea15b3c5b905b96ed59e90619a9101169ab,0,0,0,0,0,
20201105,NY,518812,,,,totalTestEncountersViral,15195176,1277,89995,268,,128,,80225,11/4/2020 23:59,2020-11-04T23:59:00Z,11/04 18:59,25892,89995,80225,2020-11-04T23:59:00Z,,,,,,,15195176,,,,,,,,,,,,36,2997,0,518812,161019,518812,,24,0,6192c623e7fb5d1efbf88c15b977ca86d52c6d59,0,0,0,0,0,
20201104,NY,515815,,,,totalTestEncountersViral,15034157,1253,89995,284,,129,,80109,11/3/2020 23:59,2020-11-03T23:59:00Z,11/03 18:59,25868,89995,80109,2020-11-03T23:59:00Z,,,,,,,15034157,,,,,,,,,,,,36,2126,0,515815,133534,515815,,15,0,60898d18dbceb2795eea5ad0102bfcf4f63b8b6e,0,0,0,0,0,
20201103,NY,513689,,,,totalTestEncountersViral,14900623,1227,89995,268,,120,,79990,11/2/2020 23:59,2020-11-02T23:59:00Z,11/02 18:59,25853,89995,79990,2020-11-02T23:59:00Z,,,,,,,14900623,,,,,,,,,,,,36,2321,0,513689,127869,513689,,15,0,1315f7548cda538d3e940ce5a8feeddb9de49572,0,0,0,0,0,
20201102,NY,511368,,,,totalTestEncountersViral,14772754,1151,89995,276,,117,,79831,11/1/2020 23:59,2020-11-01T23:59:00Z,11/01 18:59,25838,89995,79831,2020-11-01T23:59:00Z,,,,,,,14772754,,,,,,,,,,,,36,1633,0,511368,96101,511368,,14,0,8c9ced1314d3eb00c73a4392e97c867a8f23313f,0,0,0,0,0,
20201101,NY,509735,,,,totalTestEncountersViral,14676653,1125,89995,259,,117,,79831,10/31/2020 23:59,2020-10-31T23:59:00Z,10/31 19:59,25824,89995,79831,2020-10-31T23:59:00Z,,,,,,,14676653,,,,,,,,,,,,36,2255,0,509735,148935,509735,,17,0,ff18bd0dc4c733aa7268ea0c8d9b9e087c0cb5c6,0,0,0,0,0,
20201031,NY,507480,,,,totalTestEncountersViral,14527718,1121,89995,248,,122,,79717,10/30/2020 23:59,2020-10-30T23:59:00Z,10/30 19:59,25807,89995,79717,2020-10-30T23:59:00Z,,,,,,,14527718,,,,,,,,,,,,36,2049,0,507480,136962,507480,,3,0,2c4a4673fdb65345b6b6f7f84ab47b452c05b433,0,0,0,0,0,
20201030,NY,505431,,,,totalTestEncountersViral,14390756,1085,89995,243,,116,,79621,10/29/2020 23:59,2020-10-29T23:59:00Z,10/29 19:59,25804,89995,79621,2020-10-29T23:59:00Z,,,,,,,14390756,,,,,,,,,,,,36,2255,0,505431,146885,505431,,12,0,87f74ce62320bba7cf6b91aef3936bd8e8a7ed07,0,0,0,0,0,
20201029,NY,503176,,,,totalTestEncountersViral,14243871,1085,89995,237,,114,,79501,10/28/2020 23:59,2020-10-28T23:59:00Z,10/28 19:59,25792,89995,79501,2020-10-28T23:59:00Z,,,,,,,14243871,,,,,,,,,,,,36,2499,0,503176,168353,503176,,19,0,dcd4234c2228ef8d4d94c1a0f06a3726c710177b,0,0,0,0,0,
20201028,NY,500677,,,,totalTestEncountersViral,14075518,1085,89995,236,,120,,79366,10/27/2020 23:59,2020-10-27T23:59:00Z,10/27 19:59,25773,89995,79366,2020-10-27T23:59:00Z,,,,,,,14075518,,,,,,,,,,,,36,2031,0,500677,129660,500677,,15,0,a3bf34d23a5919f4a82568b33787d4917902a520,0,0,0,0,0,
20201027,NY,498646,,,,totalTestEncountersViral,13945858,1083,89995,233,,120,,79230,10/26/2020 23:59,2020-10-26T23:59:00Z,10/26 19:59,25758,89995,79230,2020-10-26T23:59:00Z,,,,,,,13945858,,,,,,,,,,,,36,1991,0,498646,111618,498646,,16,0,db43f2f36d6df5daf905fcb8906354a90f138ebb,0,0,0,0,0,
20201026,NY,496655,,,,totalTestEncountersViral,13834240,1059,89995,237,,118,,79162,10/25/2020 23:59,2020-10-25T23:59:00Z,10/25 19:59,25742,89995,79162,2020-10-25T23:59:00Z,,,,,,,13834240,,,,,,,,,,,,36,1191,0,496655,82117,496655,,12,0,8983bb937c3ba17dee769994907a2a4b5c8b4a38,0,0,0,0,0,
20201025,NY,495464,,,,totalTestEncountersViral,13752123,1015,89995,227,,118,,79092,10/24/2020 23:59,2020-10-24T23:59:00Z,10/24 19:59,25730,89995,79092,2020-10-24T23:59:00Z,,,,,,,13752123,,,,,,,,,,,,36,1632,0,495464,120830,495464,,12,0,c76d578ffcbf8a753298b754d3e36113f7d82791,0,0,0,0,0,
20201024,NY,493832,,,,totalTestEncountersViral,13631293,1045,89995,231,,113,,78960,10/23/2020 23:59,2020-10-23T23:59:00Z,10/23 19:59,25718,89995,78960,2020-10-23T23:59:00Z,,,,,,,13631293,,,,,,,,,,,,36,2061,0,493832,156940,493832,,13,0,0a85194d69cef9acb7d79781e288d2166f50af83,0,0,0,0,0,
20201023,NY,491771,,,,totalTestEncountersViral,13474353,1023,89995,223,,109,,78854,10/22/2020 23:59,2020-10-22T23:59:00Z,10/22 19:59,25705,89995,78854,2020-10-22T23:59:00Z,,,,,,,13474353,,,,,,,,,,,,36,1637,0,491771,141508,491771,,11,0,b2d91098fbe853bae9b25729e6faefa379cdc467,0,0,0,0,0,
20201022,NY,490134,,,,totalTestEncountersViral,13332845,986,89995,209,,106,,78753,10/21/2020 23:59,2020-10-21T23:59:00Z,10/21 19:59,25694,89995,78753,2020-10-21T23:59:00Z,,,,,,,13332845,,,,,,,,,,,,36,1628,0,490134,135341,490134,,15,0,d0001203f5178f0a730b88436c05524024cc8598,0,0,0,0,0,
20201021,NY,488506,,,,totalTestEncountersViral,13197504,950,89995,201,,103,,78645,10/20/2020 23:59,2020-10-20T23:59:00Z,10/20 19:59,25679,89995,78645,2020-10-20T23:59:00Z,,,,,,,13197504,,,,,,,,,,,,36,2026,0,488506,124789,488506,,7,0,51f346aebbed7556d8bbeaae9a8df61ed3255d6f,0,0,0,0,0,
20201020,NY,486480,,,,totalTestEncountersViral,13072715,942,89995,194,,99,,78530,10/19/2020 23:59,2020-10-19T23:59:00Z,10/19 19:59,25672,89995,78530,2020-10-19T23:59:00Z,,,,,,,13072715,,,,,,,,,,,,36,1201,0,486480,90540,486480,,13,0,5a8b27ae195d8e3028927239c06ec48fd41e7a1a,0,0,0,0,0,
20201019,NY,485279,,,,totalTestEncountersViral,12982175,934,89995,198,,106,,78442,10/18/2020 23:59,2020-10-18T23:59:00Z,10/18 19:59,25659,89995,78442,2020-10-18T23:59:00Z,,,,,,,12982175,,,,,,,,,,,,36,998,0,485279,82009,485279,,15,0,9025a4f59d73d426cb7c1c3fd56ab1e9867c04b3,0,0,0,0,0,
20201018,NY,484281,,,,totalTestEncountersViral,12900166,913,89995,200,,102,,78362,10/17/2020 23:59,2020-10-17T23:59:00Z,10/17 19:59,25644,89995,78362,2020-10-17T23:59:00Z,,,,,,,12900166,,,,,,,,,,,,36,1390,0,484281,128763,484281,,7,0,a16ea6da8879f8539bd07196ec0476f1ec91f65b,0,0,0,0,0,
20201017,NY,482891,,,,totalTestEncountersViral,12771403,929,89995,195,,103,,78235,10/16/2020 23:59,2020-10-16T23:59:00Z,10/16 19:59,25637,89995,78235,2020-10-16T23:59:00Z,,,,,,,12771403,,,,,,,,,,,,36,1784,0,482891,159972,482891,,9,0,b34c182a09e2cf7dc9407467bdb479e9c5d7b4ca,0,0,0,0,0,
20201016,NY,481107,,,,totalTestEncountersViral,12611431,918,89995,200,,97,,78117,10/15/2020 23:59,2020-10-15T23:59:00Z,10/15 19:59,25628,89995,78117,2020-10-15T23:59:00Z,,,,,,,12611431,,,,,,,,,,,,36,1707,0,481107,136039,481107,,10,0,f0af675d88d3b1fde5fe89f3d10e087650401cca,0,0,0,0,0,
20201015,NY,479400,,,,totalTestEncountersViral,12475392,897,89995,197,,95,,78006,10/14/2020 23:59,2020-10-14T23:59:00Z,10/14 19:59,25618,89995,78006,2020-10-14T23:59:00Z,,,,,,,12475392,,,,,,,,,,,,36,1460,0,479400,133212,479400,,13,0,163eeb2a2417b20e64c0ec27b3fdddc00e9d7742,0,0,0,0,0,
20201014,NY,477940,,,,totalTestEncountersViral,12342180,938,89995,201,,100,,77870,10/13/2020 23:59,2020-10-13T23:59:00Z,10/13 19:59,25605,89995,77870,2020-10-13T23:59:00Z,,,,,,,12342180,,,,,,,,,,,,36,1232,0,477940,111744,477940,,7,0,0aa8f548f05942672186a170ae5149b0ab411672,0,0,0,0,0,
20201013,NY,476708,,,,totalTestEncountersViral,12230436,923,89995,181,,90,,77755,10/12/2020 23:59,2020-10-12T23:59:00Z,10/12 19:59,25598,89995,77755,2020-10-12T23:59:00Z,,,,,,,12230436,,,,,,,,,,,,36,1393,0,476708,99070,476708,,11,0,7f5eda805c607dfcc2dcb88d25805516b4843b44,0,0,0,0,0,
20201012,NY,475315,,,,totalTestEncountersViral,12131366,878,89995,185,,84,,77631,10/11/2020 23:59,2020-10-11T23:59:00Z,10/11 19:59,25587,89995,77631,2020-10-11T23:59:00Z,,,,,,,12131366,,,,,,,,,,,,36,1029,0,475315,91793,475315,,13,0,a05c4335d4b3be1d22f04d28768e6a38cb923f01,0,0,0,0,0,
20201011,NY,474286,,,,totalTestEncountersViral,12039573,820,89995,186,,84,,77631,10/10/2020 23:59,2020-10-10T23:59:00Z,10/10 19:59,25574,89995,77631,2020-10-10T23:59:00Z,,,,,,,12039573,,,,,,,,,,,,36,1143,0,474286,118254,474286,,5,0,363a4ae54fad61c3f7469064ea9df3a8bc9a3e2e,0,0,0,0,0,
20201010,NY,473143,,,,totalTestEncountersViral,11921319,826,89995,179,,81,,77514,10/9/2020 23:59,2020-10-09T23:59:00Z,10/09 19:59,25569,89995,77514,2020-10-09T23:59:00Z,,,,,,,11921319,,,,,,,,,,,,36,1447,0,473143,134579,473143,,8,0,a906a6c009817e493cf831e4c9f5fc671d6ad64a,0,0,0,0,0,
20201009,NY,471696,,,,totalTestEncountersViral,11786740,779,89995,168,,78,,77432,10/8/2020 23:59,2020-10-08T23:59:00Z,10/08 19:59,25561,89995,77432,2020-10-08T23:59:00Z,,,,,,,11786740,,,,,,,,,,,,36,1592,0,471696,139300,471696,,6,0,b6ca3af4b34341cdd05e5bad017a93d4ef5afc6d,0,0,0,0,0,
20201008,NY,470104,,,,totalTestEncountersViral,11647440,754,89995,172,,67,,77351,10/7/2020 23:59,2020-10-07T23:59:00Z,10/07 19:59,25555,89995,77351,2020-10-07T23:59:00Z,,,,,,,11647440,,,,,,,,,,,,36,1836,0,470104,145811,470104,,10,0,f9d7b36c9b030e7cab276b9eb2fd53fd79112fa6,0,0,0,0,0,
20201007,NY,468268,,,,totalTestEncountersViral,11501629,748,89995,176,,72,,77267,10/6/2020 23:59,2020-10-06T23:59:00Z,10/06 19:59,25545,89995,77267,2020-10-06T23:59:00Z,,,,,,,11501629,,,,,,,,,,,,36,1360,0,468268,108246,468268,,9,0,7c56a95cb3e5afce7ae7d102b2cab3e8cf9dc17b,0,0,0,0,0,
20201006,NY,466908,,,,totalTestEncountersViral,11393383,705,89995,158,,72,,77192,10/5/2020 23:59,2020-10-05T23:59:00Z,10/05 19:59,25536,89995,77192,2020-10-05T23:59:00Z,,,,,,,11393383,,,,,,,,,,,,36,1393,0,466908,96359,466908,,9,0,268f63fd62591faa1fd70662c3fdc0fa8280593c,0,0,0,0,0,
20201005,NY,465515,,,,totalTestEncountersViral,11297024,636,89995,149,,70,,77141,10/4/2020 23:59,2020-10-04T23:59:00Z,10/04 19:59,25527,89995,77141,2020-10-04T23:59:00Z,,,,,,,11297024,,,,,,,,,,,,36,933,0,465515,76404,465515,,8,0,ca9c3b3a1e4e1e6efc4565dbfb3480ad3d7081a9,0,0,0,0,0,
20201004,NY,464582,,,,totalTestEncountersViral,11220620,618,89995,138,,67,,77090,10/3/2020 23:59,2020-10-03T23:59:00Z,10/03 19:59,25519,89995,77090,2020-10-03T23:59:00Z,,,,,,,11220620,,,,,,,,,,,,36,1222,0,464582,110329,464582,,14,0,4741ca6ed56abdcc5dc179a624beed1cdcb5fddc,0,0,0,0,0,
20201003,NY,463360,,,,totalTestEncountersViral,11110291,647,89995,149,,70,,77004,10/2/2020 23:59,2020-10-02T23:59:00Z,10/02 19:59,25505,89995,77004,2020-10-02T23:59:00Z,,,,,,,11110291,,,,,,,,,,,,36,1731,0,463360,134267,463360,,8,0,9750e226898fb66c258e705e97fe8ac721a22816,0,0,0,0,0,
20201002,NY,461629,,,,totalTestEncountersViral,10976024,648,89995,146,,63,,76834,10/1/2020 23:59,2020-10-01T23:59:00Z,10/01 19:59,25497,89995,76834,2020-10-01T23:59:00Z,,,,,,,10976024,,,,,,,,,,,,36,1598,0,461629,119493,461629,,7,0,271fa4d9a1257a7ab68ad90dfa2e5e48633d4739,0,0,0,0,0,
20201001,NY,460031,,,,totalTestEncountersViral,10856531,612,89995,141,,63,,76834,9/30/2020 23:59,2020-09-30T23:59:00Z,09/30 19:59,25490,89995,76834,2020-09-30T23:59:00Z,,,,,,,10856531,,,,,,,,,,,,36,1382,0,460031,109218,460031,,11,0,bb7264e8bb6bbb97ed5a5881e53ba6246f7a1025,0,0,0,0,0,
20200930,NY,458649,,,,totalTestEncountersViral,10747313,605,89995,144,,67,,76754,9/29/2020 23:59,2020-09-29T23:59:00Z,09/29 19:59,25479,89995,76754,2020-09-29T23:59:00Z,,,,,,,10747313,,,,,,,,,,,,36,1000,0,458649,97960,458649,,9,0,42207b90a7d29839e04ea9fa532a9b9b2c946a18,0,0,0,0,0,
20200929,NY,457649,,,,totalTestEncountersViral,10649353,541,89995,147,,61,,76649,9/28/2020 23:59,2020-09-28T23:59:00Z,09/28 19:59,25470,89995,76649,2020-09-28T23:59:00Z,,,,,,,10649353,,,,,,,,,,,,36,1189,0,457649,88231,457649,,2,0,7ac24bd2974013b30c1ed07ddf238aa229d8d129,0,0,0,0,0,
20200928,NY,456460,,,,totalTestEncountersViral,10561122,543,89995,135,,57,,76649,9/27/2020 23:59,2020-09-27T23:59:00Z,09/27 19:59,25468,89995,76649,2020-09-27T23:59:00Z,,,,,,,10561122,,,,,,,,,,,,36,834,0,456460,52936,456460,,12,0,9f79b22a8058fc43d3799733cbeb959df43d615e,0,0,0,0,0,
20200927,NY,455626,,,,totalTestEncountersViral,10508186,541,89995,155,,59,,76595,9/26/2020 23:59,2020-09-26T23:59:00Z,09/26 19:59,25456,89995,76595,2020-09-26T23:59:00Z,,,,,,,10508186,,,,,,,,,,,,36,866,0,455626,84770,455626,,6,0,6efc2f14c0bd66ace413a3a1bfd4154a9b304696,0,0,0,0,0,
20200926,NY,454760,,,,totalTestEncountersViral,10423416,527,89995,164,,75,,76528,9/25/2020 23:59,2020-09-25T23:59:00Z,09/25 19:59,25450,89995,76528,2020-09-25T23:59:00Z,,,,,,,10423416,,,,,,,,,,,,36,1005,0,454760,99953,454760,,4,0,f6d4aa256d74be2d4c076033efb04a0e14978000,0,0,0,0,0,
20200925,NY,453755,,,,totalTestEncountersViral,10323463,511,89995,154,,76,,76456,9/24/2020 23:59,2020-09-24T23:59:00Z,09/24 19:59,25446,89995,76456,2020-09-24T23:59:00Z,,,,,,,10323463,,,,,,,,,,,,36,908,0,453755,94818,453755,,7,0,9de08c1d057985d95161090134f0f6fdea3b8b23,0,0,0,0,0,
20200924,NY,452847,,,,totalTestEncountersViral,10228645,500,89995,145,,72,,76382,9/23/2020 23:59,2020-09-23T23:59:00Z,09/23 19:59,25439,89995,76382,2020-09-23T23:59:00Z,,,,,,,10228645,,,,,,,,,,,,36,955,0,452847,92953,452847,,2,0,41a3f008fda398a9d9da67e654a4ed19e77f4205,0,0,0,0,0,
20200923,NY,451892,,,,totalTestEncountersViral,10135692,490,89995,141,,68,,76306,9/22/2020 23:59,2020-09-22T23:59:00Z,09/22 19:59,25437,89995,76306,2020-09-22T23:59:00Z,,,,,,,10135692,,,,,,,,,,,,36,665,0,451892,70930,451892,,5,0,10efa18b187e4ec367420bac9b8a885ce6af64da,0,0,0,0,0,
20200922,NY,451227,,,,totalTestEncountersViral,10064762,470,89995,133,,67,,76246,9/21/2020 23:59,2020-09-21T23:59:00Z,09/21 19:59,25432,89995,76246,2020-09-21T23:59:00Z,,,,,,,10064762,,,,,,,,,,,,36,754,0,451227,83997,451227,,4,0,ec6e91358d77fc0d3fa0d18b1347177640fde092,0,0,0,0,0,
20200921,NY,450473,,,,totalTestEncountersViral,9980765,468,89995,134,,66,,76218,9/20/2020 23:59,2020-09-20T23:59:00Z,09/20 19:59,25428,89995,76218,2020-09-20T23:59:00Z,,,,,,,9980765,,,,,,,,,,,,36,573,0,450473,58319,450473,,1,0,2d380ce62d592c6246de876882e0fe427282dae2,0,0,0,0,0,
20200920,NY,449900,,,,totalTestEncountersViral,9922446,468,89995,132,,60,,76179,9/19/2020 23:59,2020-09-19T23:59:00Z,09/19 19:59,25427,89995,76179,2020-09-19T23:59:00Z,,,,,,,9922446,,,,,,,,,,,,36,862,0,449900,100355,449900,,2,0,6115fd22431a9ff5ca384513ea6952321a4695f7,0,0,0,0,0,
20200919,NY,449038,,,,totalTestEncountersViral,9822091,467,89995,144,,60,,76101,9/18/2020 23:59,2020-09-18T23:59:00Z,09/18 19:59,25425,89995,76101,2020-09-18T23:59:00Z,,,,,,,9822091,,,,,,,,,,,,36,986,0,449038,110444,449038,,2,0,a37f151bf6c34d097da86a7b11e66f7ed078634f,0,0,0,0,0,
20200918,NY,448052,,,,totalTestEncountersViral,9711647,478,89995,141,,62,,76036,9/17/2020 23:59,2020-09-17T23:59:00Z,09/17 19:59,25423,89995,76036,2020-09-17T23:59:00Z,,,,,,,9711647,,,,,,,,,,,,36,790,0,448052,89727,448052,,10,0,163238c640f788737ebb3ed9edd5b3314c95c5b9,0,0,0,0,0,
20200917,NY,447262,,,,totalTestEncountersViral,9621920,486,89995,135,,68,,75962,9/16/2020 23:59,2020-09-16T23:59:00Z,09/16 19:59,25413,89995,75962,2020-09-16T23:59:00Z,,,,,,,9621920,,,,,,,,,,,,36,896,0,447262,91504,447262,,3,0,ce1fa7b141214036c75d1f5bc6adeb107fbc683c,0,0,0,0,0,
20200916,NY,446366,,,,totalTestEncountersViral,9530416,483,89995,138,,67,,75903,9/15/2020 23:59,2020-09-15T23:59:00Z,09/15 19:59,25410,89995,75903,2020-09-15T23:59:00Z,,,,,,,9530416,,,,,,,,,,,,36,652,0,446366,75087,446366,,5,0,52ae882a7171f2cb0a24c7ec5f4cfd2f841b03f8,0,0,0,0,0,
20200915,NY,445714,,,,totalTestEncountersViral,9455329,481,89995,144,,60,,75847,9/14/2020 23:59,2020-09-14T23:59:00Z,09/14 19:59,25405,89995,75847,2020-09-14T23:59:00Z,,,,,,,9455329,,,,,,,,,,,,36,766,0,445714,73678,445714,,11,0,13b87097b4ae50bafb974cd463464f09e12135df,0,0,0,0,0,
20200914,NY,444948,,,,totalTestEncountersViral,9381651,464,89995,143,,59,,75814,9/13/2020 23:59,2020-09-13T23:59:00Z,09/13 19:59,25394,89995,75814,2020-09-13T23:59:00Z,,,,,,,9381651,,,,,,,,,,,,36,583,0,444948,63358,444948,,4,0,ee6b1ce29efd892775d54713f1d33d846b4fd7f6,0,0,0,0,0,
20200913,NY,444365,,,,totalTestEncountersViral,9318293,464,89995,131,,54,,75767,9/12/2020 23:59,2020-09-12T23:59:00Z,09/12 19:59,25390,89995,75767,2020-09-12T23:59:00Z,,,,,,,9318293,,,,,,,,,,,,36,725,0,444365,72668,444365,,6,0,b76963ae46f14fb73bd5364a1c50b6e9c5771d16,0,0,0,0,0,
20200912,NY,443640,,,,totalTestEncountersViral,9245625,467,89995,127,,51,,75707,9/11/2020 23:59,2020-09-11T23:59:00Z,09/11 19:59,25384,89995,75707,2020-09-11T23:59:00Z,,,,,,,9245625,,,,,,,,,,,,36,849,0,443640,102925,443640,,2,0,63ec6b9b323b9a75e24a88d52d35e329fdec6eba,0,0,0,0,0,
20200911,NY,442791,,,,totalTestEncountersViral,9142700,474,89995,120,,54,,75649,9/10/2020 23:59,2020-09-10T23:59:00Z,09/10 19:59,25382,89995,75649,2020-09-10T23:59:00Z,,,,,,,9142700,,,,,,,,,,,,36,880,0,442791,89722,442791,,5,0,88c1914b3fbf83d1a4af618e107c44c51165783e,0,0,0,0,0,
20200910,NY,441911,,,,totalTestEncountersViral,9052978,482,89995,120,,55,,75584,9/9/2020 23:59,2020-09-09T23:59:00Z,09/09 19:59,25377,89995,75584,2020-09-09T23:59:00Z,,,,,,,9052978,,,,,,,,,,,,36,757,0,441911,76813,441911,,7,0,e3a94742eabd178f208bb6781dcecc1a47aeaf1b,0,0,0,0,0,
20200909,NY,441154,,,,totalTestEncountersViral,8976165,463,89995,121,,59,,75539,9/8/2020 23:59,2020-09-08T23:59:00Z,09/08 19:59,25370,89995,75539,2020-09-08T23:59:00Z,,,,,,,8976165,,,,,,,,,,,,36,576,0,441154,63230,441154,,3,0,93cb7f4c12020f679d9a6858f5614f907c53d9c3,0,0,0,0,0,
20200908,NY,440578,,,,totalTestEncountersViral,8912935,445,89995,114,,52,,75503,9/7/2020 23:59,2020-09-07T23:59:00Z,09/07 19:59,25367,89995,75503,2020-09-07T23:59:00Z,,,,,,,8912935,,,,,,,,,,,,36,557,0,440578,57826,440578,,6,0,f10d062cb0dff26ba28daafc4e073586df415eb2,0,0,0,0,0,
20200907,NY,440021,,,,totalTestEncountersViral,8855109,413,89995,115,,57,,75471,9/6/2020 23:59,2020-09-06T23:59:00Z,09/06 19:59,25361,89995,75471,2020-09-06T23:59:00Z,,,,,,,8855109,,,,,,,,,,,,36,520,0,440021,58865,440021,,2,0,971343d09803440a4fc636d2ba459a8bc13dafba,0,0,0,0,0,
20200906,NY,439501,,,,totalTestEncountersViral,8796244,410,89995,119,,56,,75425,9/5/2020 23:59,2020-09-05T23:59:00Z,09/05 19:59,25359,89995,75425,2020-09-05T23:59:00Z,,,,,,,8796244,,,,,,,,,,,,36,729,0,439501,85630,439501,,9,0,78ec62f33f998071a54e68e9a969ff4ed704e498,0,0,0,0,0,
20200905,NY,438772,,,,totalTestEncountersViral,8710614,425,89995,115,,61,,75366,9/4/2020 23:59,2020-09-04T23:59:00Z,09/04 19:59,25350,89995,75366,2020-09-04T23:59:00Z,,,,,,,8710614,,,,,,,,,,,,36,801,0,438772,99761,438772,,2,0,0ed951acdb6890082bc40ac4fa5a1b0fb1012496,0,0,0,0,0,
20200904,NY,437971,,,,totalTestEncountersViral,8610853,428,89995,116,,61,,75307,9/3/2020 23:59,2020-09-03T23:59:00Z,09/03 19:59,25348,89995,75307,2020-09-03T23:59:00Z,,,,,,,8610853,,,,,,,,,,,,36,864,0,437971,93395,437971,,5,0,a45836cc26f70965310aa5693d24ce0dec8fca52,0,0,0,0,0,
20200903,NY,437107,,,,totalTestEncountersViral,8517458,430,89995,117,,61,,75255,9/2/2020 23:59,2020-09-02T23:59:00Z,09/02 19:59,25343,89995,75255,2020-09-02T23:59:00Z,,,,,,,8517458,,,,,,,,,,,,36,889,0,437107,88981,437107,,7,0,5f4eda8eee87cdeb1b91e81d1095ce6ff72da35a,0,0,0,0,0,
20200902,NY,436218,,,,totalTestEncountersViral,8428477,445,89995,117,,61,,75203,9/1/2020 23:59,2020-09-01T23:59:00Z,09/01 19:59,25336,89995,75203,2020-09-01T23:59:00Z,,,,,,,8428477,,,,,,,,,,,,36,708,0,436218,88447,436218,,5,0,f4fc5bd9fbcf7eb839a1b767e7e0bef8d7bb466b,0,0,0,0,0,
20200901,NY,435510,,,,totalTestEncountersViral,8340030,432,89995,109,,54,,75142,8/31/2020 23:59,2020-08-31T23:59:00Z,08/31 19:59,25331,89995,75142,2020-08-31T23:59:00Z,,,,,,,8340030,,,,,,,,,,,,36,754,0,435510,76997,435510,,3,0,88444202966ae2d0ae256e2634616ab26adb161e,0,0,0,0,0,
20200831,NY,434756,,,,totalTestEncountersViral,8263033,418,89995,109,,51,,75100,8/30/2020 23:59,2020-08-30T23:59:00Z,08/30 19:59,25328,89995,75100,2020-08-30T23:59:00Z,,,,,,,8263033,,,,,,,,,,,,36,656,0,434756,66241,434756,,1,0,aabdefd572b0d32a55fb3df3822af08db9169f7e,0,0,0,0,0,
20200830,NY,434100,,,,totalTestEncountersViral,8196792,429,89995,112,,47,,75062,8/29/2020 23:59,2020-08-29T23:59:00Z,08/29 19:59,25327,89995,75062,2020-08-29T23:59:00Z,,,,,,,8196792,,,,,,,,,,,,36,698,0,434100,100022,434100,,8,0,a664d30d01e7dc1c93b9f7d73a5a9cdf5783ea99,0,0,0,0,0,
20200829,NY,433402,,,,totalTestEncountersViral,8096770,458,89995,116,,48,,74990,8/28/2020 23:59,2020-08-28T23:59:00Z,08/28 19:59,25319,89995,74990,2020-08-28T23:59:00Z,,,,,,,8096770,,,,,,,,,,,,36,635,0,433402,93873,433402,,7,0,47e490e4d61b212f5cfbb27401bfe218767e1e7a,0,0,0,0,0,
20200828,NY,432767,,,,totalTestEncountersViral,8002897,478,89995,122,,51,,74923,8/27/2020 23:59,2020-08-27T23:59:00Z,08/27 19:59,25312,89995,74923,2020-08-27T23:59:00Z,,,,,,,8002897,,,,,,,,,,,,36,636,0,432767,97826,432767,,3,0,9dcb61a6d297be3d3e6430a7c6ed8b90fcc0bacf,0,0,0,0,0,
20200827,NY,432131,,,,totalTestEncountersViral,7905071,490,89995,126,,52,,74850,8/26/2020 23:59,2020-08-26T23:59:00Z,08/26 19:59,25309,89995,74850,2020-08-26T23:59:00Z,,,,,,,7905071,,,,,,,,,,,,36,791,0,432131,83437,432131,,4,0,7bd11d4a63414710b8ddb49aef1ea2586696b099,0,0,0,0,0,
20200826,NY,431340,,,,totalTestEncountersViral,7821634,492,89995,136,,54,,74791,8/25/2020 23:59,2020-08-25T23:59:00Z,08/25 19:59,25305,89995,74791,2020-08-25T23:59:00Z,,,,,,,7821634,,,,,,,,,,,,36,566,0,431340,71189,431340,,8,0,5ecbbd0802ca301f3b0ac9f1bb0c2c06b8c532db,0,0,0,0,0,
20200825,NY,430774,,,,totalTestEncountersViral,7750445,488,89995,133,,52,,74731,8/24/2020 23:59,2020-08-24T23:59:00Z,08/24 19:59,25297,89995,74731,2020-08-24T23:59:00Z,,,,,,,7750445,,,,,,,,,,,,36,629,0,430774,67255,430774,,2,0,22224d763440662abdc39b59e98e69cfd336f485,0,0,0,0,0,
20200824,NY,430145,,,,totalTestEncountersViral,7683190,482,89995,120,,54,,74684,8/23/2020 23:59,2020-08-23T23:59:00Z,08/23 19:59,25295,89995,74684,2020-08-23T23:59:00Z,,,,,,,7683190,,,,,,,,,,,,36,408,0,430145,62031,430145,,7,0,11e9ffd8cc13415777d8462266b4efda8a59d27d,0,0,0,0,0,
20200823,NY,429737,,,,totalTestEncountersViral,7621159,472,89995,110,,50,,74640,8/22/2020 23:59,2020-08-22T23:59:00Z,08/22 19:59,25288,89995,74640,2020-08-22T23:59:00Z,,,,,,,7621159,,,,,,,,,,,,36,572,0,429737,74043,429737,,6,0,776729be4e5b90be908d8349f4c9929bd3e6e143,0,0,0,0,0,
20200822,NY,429165,,,,totalTestEncountersViral,7547116,483,89995,116,,56,,74553,8/21/2020 23:59,2020-08-21T23:59:00Z,08/21 19:59,25282,89995,74553,2020-08-21T23:59:00Z,,,,,,,7547116,,,,,,,,,,,,36,653,0,429165,94849,429165,,4,0,785e6d866d70b4b584c73e4caedcd612841432f1,0,0,0,0,0,
20200821,NY,428512,,,,totalTestEncountersViral,7452267,490,89995,119,,58,,74485,8/20/2020 23:59,2020-08-20T23:59:00Z,08/20 19:59,25278,89995,74485,2020-08-20T23:59:00Z,,,,,,,7452267,,,,,,,,,,,,36,709,0,428512,98880,428512,,3,0,3c6f6a8d619da2ddcbb41575fcbe3dd7748372f5,0,0,0,0,0,
20200820,NY,427803,,,,totalTestEncountersViral,7353387,518,89995,120,,62,,74406,8/19/2020 23:59,2020-08-19T23:59:00Z,08/19 19:59,25275,89995,74406,2020-08-19T23:59:00Z,,,,,,,7353387,,,,,,,,,,,,36,601,0,427803,80984,427803,,5,0,86058d8e3d1d30a69aa9c60eebe3ee15c1cd3eb1,0,0,0,0,0,
20200819,NY,427202,,,,totalTestEncountersViral,7272403,548,89995,131,,60,,74328,8/18/2020 23:59,2020-08-18T23:59:00Z,08/18 19:59,25270,89995,74328,2020-08-18T23:59:00Z,,,,,,,7272403,,,,,,,,,,,,36,631,0,427202,80425,427202,,6,0,e75a6f34b7956fbabb272849697c49162f311476,0,0,0,0,0,
20200818,NY,426571,,,,totalTestEncountersViral,7191978,537,89995,126,,60,,74258,8/17/2020 23:59,2020-08-17T23:59:00Z,08/17 19:59,25264,89995,74258,2020-08-17T23:59:00Z,,,,,,,7191978,,,,,,,,,,,,36,655,0,426571,66891,426571,,8,0,d64e391a919a427ec3471071f0ec884a32bdea15,0,0,0,0,0,
20200817,NY,425916,,,,totalTestEncountersViral,7125087,534,89995,133,,64,,74207,8/16/2020 23:59,2020-08-16T23:59:00Z,08/16 19:59,25256,89995,74207,2020-08-16T23:59:00Z,,,,,,,7125087,,,,,,,,,,,,36,408,0,425916,56891,425916,,6,0,13307a6fc88c6498de4d4c12b11242783fed78b3,0,0,0,0,0,
20200816,NY,425508,,,,totalTestEncountersViral,7068196,527,89995,128,,59,,74154,8/15/2020 23:59,2020-08-15T23:59:00Z,08/15 19:59,25250,89995,74154,2020-08-15T23:59:00Z,,,,,,,7068196,,,,,,,,,,,,36,607,0,425508,77692,425508,,6,0,5eb48338a6d92d938656e814c088558f1bc6b49c,0,0,0,0,0,
20200815,NY,424901,,,,totalTestEncountersViral,6990504,523,89995,120,,58,,74081,8/14/2020 23:59,2020-08-14T23:59:00Z,08/14 19:59,25244,89995,74081,2020-08-14T23:59:00Z,,,,,,,6990504,,,,,,,,,,,,36,734,0,424901,88668,424901,,12,0,b98eb964d579ffe74706d0d1a03ac6d42398be39,0,0,0,0,0,
20200814,NY,424167,,,,totalTestEncountersViral,6901836,554,89995,127,,59,,73997,8/13/2020 23:59,2020-08-13T23:59:00Z,08/13 19:59,25232,89995,73997,2020-08-13T23:59:00Z,,,,,,,6901836,,,,,,,,,,,,36,727,0,424167,85455,424167,,4,0,dc12ed8663809fc1696b135a21b07aa8280deb3d,0,0,0,0,0,
20200813,NY,423440,,,,totalTestEncountersViral,6816381,555,89995,124,,56,,73907,8/12/2020 23:59,2020-08-12T23:59:00Z,08/12 19:59,25228,89995,73907,2020-08-12T23:59:00Z,,,,,,,6816381,,,,,,,,,,,,36,737,0,423440,87900,423440,,10,0,c62c5d76f16f9c274963e5141a025610a8be6fea,0,0,0,0,0,
20200812,NY,422703,,,,totalTestEncountersViral,6728481,558,89995,123,,62,,73842,8/11/2020 23:59,2020-08-11T23:59:00Z,08/11 19:59,25218,89995,73842,2020-08-11T23:59:00Z,,,,,,,6728481,,,,,,,,,,,,36,700,0,422703,87776,422703,,7,0,ffc7da433d3dc404688825124e2651ab8b9caa62,0,0,0,0,0,
20200811,NY,422003,,,,totalTestEncountersViral,6640705,540,89995,120,,60,,73779,8/10/2020 23:59,2020-08-10T23:59:00Z,08/10 19:59,25211,89995,73779,2020-08-10T23:59:00Z,,,,,,,6640705,,,,,,,,,,,,36,667,0,422003,77059,422003,,7,0,a95cbe8e431061a3c4361661ebaa55c3a08cb1ed,0,0,0,0,0,
20200810,NY,421336,,,,totalTestEncountersViral,6563646,535,89995,127,,62,,73736,8/9/2020 23:59,2020-08-09T23:59:00Z,08/09 19:59,25204,89995,73736,2020-08-09T23:59:00Z,,,,,,,6563646,,,,,,,,,,,,36,476,0,421336,54002,421336,,2,0,4791bf2076c336e5d13bfeb2ee794fe05e30e63d,0,0,0,0,0,
20200809,NY,420860,,,,totalTestEncountersViral,6509644,548,89995,131,,66,,73689,8/8/2020 23:59,2020-08-08T23:59:00Z,08/08 19:59,25202,89995,73689,2020-08-08T23:59:00Z,,,,,,,6509644,,,,,,,,,,,,36,515,0,420860,65812,420860,,7,0,667559bc8316a9dc5c2c2d0898329ca2fed26c73,0,0,0,0,0,
20200808,NY,420345,,,,totalTestEncountersViral,6443832,573,89995,133,,64,,73609,8/7/2020 23:59,2020-08-07T23:59:00Z,08/07 19:59,25195,89995,73609,2020-08-07T23:59:00Z,,,,,,,6443832,,,,,,,,,,,,36,703,0,420345,74857,420345,,5,0,dde91ec5f8149d1520b3eb388357e58ab0549dae,0,0,0,0,0,
20200807,NY,419642,,,,totalTestEncountersViral,6368975,579,89995,139,,66,,73530,8/6/2020 23:59,2020-08-06T23:59:00Z,08/06 19:59,25190,89995,73530,2020-08-06T23:59:00Z,,,,,,,6368975,,,,,,,,,,,,36,714,0,419642,70170,419642,,5,0,7d690d38b0a3c0e17058c77c4727d24569898e15,0,0,0,0,0,
20200806,NY,418928,,,,totalTestEncountersViral,6298805,570,89995,132,,69,,73472,8/5/2020 23:59,2020-08-05T23:59:00Z,08/05 19:59,25185,89995,73472,2020-08-05T23:59:00Z,,,,,,,6298805,,,,,,,,,,,,36,703,0,418928,72370,418928,,6,0,3aaa5fee760f624553630ecc28dae2aa7f44fbda,0,0,0,0,0,
20200805,NY,418225,,,,totalTestEncountersViral,6226435,564,89995,134,,69,,73410,8/4/2020 23:59,2020-08-04T23:59:00Z,08/04 19:59,25179,89995,73410,2020-08-04T23:59:00Z,,,,,,,6226435,,,,,,,,,,,,36,636,0,418225,72668,418225,,4,0,31cbc57c9bd90099fdf760a48c88cbdf261014a6,0,0,0,0,0,
20200804,NY,417589,,,,totalTestEncountersViral,6153767,568,89995,139,,69,,73326,8/3/2020 23:59,2020-08-03T23:59:00Z,08/03 19:59,25175,89995,73326,2020-08-03T23:59:00Z,,,,,,,6153767,,,,,,,,,,,,36,746,0,417589,70993,417589,,3,0,492361be9d1f2ee0a5d7b2b10cf19cf52d354756,0,0,0,0,0,
20200803,NY,416843,,,,totalTestEncountersViral,6082774,536,89995,136,,62,,73279,8/2/2020 23:59,2020-08-02T23:59:00Z,08/02 19:59,25172,89995,73279,2020-08-02T23:59:00Z,,,,,,,6082774,,,,,,,,,,,,36,545,0,416843,51839,416843,,2,0,9d2c50484003e60f4781652f48d0ce80c816e2f5,0,0,0,0,0,
20200802,NY,416298,,,,totalTestEncountersViral,6030935,556,89995,143,,71,,73222,8/1/2020 23:59,2020-08-01T23:59:00Z,08/01 19:59,25170,89995,73222,2020-08-01T23:59:00Z,,,,,,,6030935,,,,,,,,,,,,36,531,0,416298,58961,416298,,6,0,93812cc3222337ccef8c9ff75354ca28e119c16f,0,0,0,0,0,
20200801,NY,415767,,,,totalTestEncountersViral,5971974,581,89995,147,,72,,73134,7/31/2020 15:35,2020-07-31T15:35:00Z,07/31 11:35,25164,89995,73134,2020-07-31T15:35:00Z,,,,,,,5971974,,,,,,,,,,,,36,753,0,415767,82737,415767,,14,0,8718eaf264e6ac75665bf4a1d9e5eb5fb9d09dc1,0,0,0,0,0,
20200731,NY,415014,,,,totalTestEncountersViral,5889237,576,89995,140,,70,,73055,7/30/2020 23:59,2020-07-30T23:59:00Z,07/30 19:59,25150,89995,73055,2020-07-30T23:59:00Z,,,,,,,5889237,,,,,,,,,,,,36,644,0,415014,68869,415014,,5,0,a4992e4222ab18924308c74e1d94a047b780cdf3,0,0,0,0,0,
20200730,NY,414370,,,,totalTestEncountersViral,5820368,586,89995,142,,72,,72973,7/29/2020 23:59,2020-07-29T23:59:00Z,07/29 19:59,25145,89995,72973,2020-07-29T23:59:00Z,,,,,,,5820368,,,,,,,,,,,,36,777,0,414370,73546,414370,,13,0,c16492dc0e2d3f845cb78f5b0748ec23e8f0bd3d,0,0,0,0,0,
20200729,NY,413593,,,,totalTestEncountersViral,5746822,619,89995,154,,76,,72900,7/28/2020 23:59,2020-07-28T23:59:00Z,07/28 19:59,25132,89995,72900,2020-07-28T23:59:00Z,,,,,,,5746822,,,,,,,,,,,,36,715,0,413593,62276,413593,,6,0,cbc2c42c93e9a1acf1f51ce7a096246057e8f5ae,0,0,0,0,0,
20200728,NY,412878,,,,totalTestEncountersViral,5684546,648,89995,152,,81,,72813,7/27/2020 23:59,2020-07-27T23:59:00Z,07/27 19:59,25126,89995,72813,2020-07-27T23:59:00Z,,,,,,,5684546,,,,,,,,,,,,36,534,0,412878,57397,412878,,9,0,b71edcf83baca2233f17696aebba3779902491ef,0,0,0,0,0,
20200727,NY,412344,,,,totalTestEncountersViral,5627149,642,89995,149,,84,,72766,7/26/2020 23:59,2020-07-26T23:59:00Z,07/26 19:59,25117,89995,72766,2020-07-26T23:59:00Z,,,,,,,5627149,,,,,,,,,,,,36,608,0,412344,57270,412344,,11,0,2753ceeac4c5b1cea5ff413cf018bf1ffa02d7b2,0,0,0,0,0,
20200726,NY,411736,,,,totalTestEncountersViral,5569879,637,89995,155,,90,,72716,7/25/2020 23:59,2020-07-25T23:59:00Z,07/25 19:59,25106,89995,72716,2020-07-25T23:59:00Z,,,,,,,5569879,,,,,,,,,,,,36,536,0,411736,53568,411736,,3,0,d222c95f33337417a763cf31d7bfa2b1482e035a,0,0,0,0,0,
20200725,NY,411200,,,,totalTestEncountersViral,5516311,646,89995,149,,94,,72632,7/24/2020 23:59,2020-07-24T23:59:00Z,07/24 19:59,25103,89995,72632,2020-07-24T23:59:00Z,,,,,,,5516311,,,,,,,,,,,,36,750,0,411200,71466,411200,,13,0,47b7c6234ac4f7af276e8fe64294a3043c863df6,0,0,0,0,0,
20200724,NY,410450,,,,totalTestEncountersViral,5444845,650,89995,156,,93,,72552,7/23/2020 23:59,2020-07-23T23:59:00Z,07/23 19:59,25090,89995,72552,2020-07-23T23:59:00Z,,,,,,,5444845,,,,,,,,,,,,36,753,0,410450,76507,410450,,9,0,89ef08491bc954569d9ed391a93351e75a0d4be3,0,0,0,0,0,
20200723,NY,409697,,,,totalTestEncountersViral,5368338,706,89995,160,,93,,72466,7/22/2020 23:59,2020-07-22T23:59:00Z,07/22 19:59,25081,89995,72466,2020-07-22T23:59:00Z,,,,,,,5368338,,,,,,,,,,,,36,811,0,409697,69698,409697,,13,0,eeb8ef357960272c84f8a352289794d8bde94cb7,0,0,0,0,0,
20200722,NY,408886,,,,totalTestEncountersViral,5298640,714,89995,179,,96,,72386,7/21/2020 23:59,2020-07-21T23:59:00Z,07/21 19:59,25068,89995,72386,2020-07-21T23:59:00Z,,,,,,,5298640,,,,,,,,,,,,36,705,0,408886,67659,408886,,10,0,38fb5ae92326d30dc80963f79580f0d6e2f9a6ed,0,0,0,0,0,
20200721,NY,408181,,,,totalTestEncountersViral,5230981,724,89995,163,,91,,72302,7/20/2020 23:59,2020-07-20T23:59:00Z,07/20 19:59,25058,89995,72302,2020-07-20T23:59:00Z,,,,,,,5230981,,,,,,,,,,,,36,855,0,408181,66169,408181,,2,0,c74a071e3f4c3f619a7ad7032d50ec9c08f94fd4,0,0,0,0,0,
20200720,NY,407326,,,,totalTestEncountersViral,5164812,716,89995,158,,93,,72229,7/19/2020 23:59,2020-07-19T23:59:00Z,07/19 19:59,25056,89995,72229,2020-07-19T23:59:00Z,,,,,,,5164812,,,,,,,,,,,,36,519,0,407326,49342,407326,,8,0,bc82238df02d8f128bced9a19a0f6599ed7e30ea,0,0,0,0,0,
20200719,NY,406807,,,,totalTestEncountersViral,5115470,722,89995,160,,96,,72161,7/18/2020 23:59,2020-07-18T23:59:00Z,07/18 19:59,25048,89995,72161,2020-07-18T23:59:00Z,,,,,,,5115470,,,,,,,,,,,,36,502,0,406807,46204,406807,,13,0,4c7eb9a7271de83258b2d9c7eed272f324dea31a,0,0,0,0,0,
20200718,NY,406305,,,,totalTestEncountersViral,5069266,743,89995,172,,100,,72064,7/17/2020 23:59,2020-07-17T23:59:00Z,07/17 19:59,25035,89995,72064,2020-07-17T23:59:00Z,,,,,,,5069266,,,,,,,,,,,,36,754,0,406305,69817,406305,,11,0,226e0655e423337a0b1225ff31baf140fa63ca39,0,0,0,0,0,
20200717,NY,405551,,,,totalTestEncountersViral,4999449,765,89995,179,,98,,71970,7/16/2020 23:59,2020-07-16T23:59:00Z,07/16 19:59,25024,89995,71970,2020-07-16T23:59:00Z,,,,,,,4999449,,,,,,,,,,,,36,776,0,405551,78239,405551,,10,0,378187f12f2c6afe5434e26167ad7b3c83026791,0,0,0,0,0,
20200716,NY,404775,,,,totalTestEncountersViral,4921210,813,89995,165,,88,,71867,7/15/2020 23:59,2020-07-15T23:59:00Z,07/15 19:59,25014,89995,71867,2020-07-15T23:59:00Z,,,,,,,4921210,,,,,,,,,,,,36,769,0,404775,72685,404775,,11,0,f18f4acf996794bd8ae36ed9a2a948d2c8aaeb83,0,0,0,0,0,
20200715,NY,404006,,,,totalTestEncountersViral,4848525,831,89995,165,,94,,71782,7/14/2020 23:59,2020-07-14T23:59:00Z,07/14 19:59,25003,89995,71782,2020-07-14T23:59:00Z,,,,,,,4848525,,,,,,,,,,,,36,831,0,404006,63598,404006,,9,0,fc49d8ae676c56d19c010e46dfdfb7dc95bce8b6,0,0,0,0,0,
20200714,NY,403175,,,,totalTestEncountersViral,4784927,820,89995,167,,101,,71692,7/13/2020 23:59,2020-07-13T23:59:00Z,07/13 19:59,24994,89995,71692,2020-07-13T23:59:00Z,,,,,,,4784927,,,,,,,,,,,,36,912,0,403175,60045,403175,,5,0,5a9984160bed7863263d6bdb81474f789df24264,0,0,0,0,0,
20200713,NY,402263,,,,totalTestEncountersViral,4724882,792,89995,175,,103,,71643,7/12/2020 23:59,2020-07-12T23:59:00Z,07/12 19:59,24989,89995,71643,2020-07-12T23:59:00Z,,,,,,,4724882,,,,,,,,,,,,36,557,0,402263,51687,402263,,10,0,8ab9a7e1638e7b927f906b74637c12ea905322e7,0,0,0,0,0,
20200712,NY,401706,,,,totalTestEncountersViral,4673195,801,89995,174,,102,,71565,7/11/2020 23:59,2020-07-11T23:59:00Z,07/11 19:59,24979,89995,71565,2020-07-11T23:59:00Z,,,,,,,4673195,,,,,,,,,,,,36,677,0,401706,62418,401706,,5,0,1444a9f8312e0b2fac00712b883d03b81908a21d,0,0,0,0,0,
20200711,NY,401029,,,,totalTestEncountersViral,4610777,799,89995,177,,100,,71477,7/10/2020 23:59,2020-07-10T23:59:00Z,07/10 19:59,24974,89995,71477,2020-07-10T23:59:00Z,,,,,,,4610777,,,,,,,,,,,,36,730,0,401029,69203,401029,,6,0,4ecd3231cc831ed41bd68dbd5d0ed806db9eebac,0,0,0,0,0,
20200710,NY,400299,,,,totalTestEncountersViral,4541574,826,89995,178,,92,,71371,7/9/2020 23:59,2020-07-09T23:59:00Z,07/09 19:59,24968,89995,71371,2020-07-09T23:59:00Z,,,,,,,4541574,,,,,,,,,,,,36,786,0,400299,73558,400299,,9,0,ebda35feeb16316658f39231e97960dc8b8c1e63,0,0,0,0,0,
20200709,NY,399513,,,,totalTestEncountersViral,4468016,851,89995,173,,98,,71279,7/8/2020 23:59,2020-07-08T23:59:00Z,07/08 19:59,24959,89995,71279,2020-07-08T23:59:00Z,,,,,,,4468016,,,,,,,,,,,,36,584,0,399513,65564,399513,,15,0,8cffcec0158af640086c9ba634679616c7fb1cbb,0,0,0,0,0,
20200708,NY,398929,,,,totalTestEncountersViral,4402452,841,89995,166,,97,,71185,7/7/2020 23:59,2020-07-07T23:59:00Z,07/07 19:59,24944,89995,71185,2020-07-07T23:59:00Z,,,,,,,4402452,,,,,,,,,,,,36,692,0,398929,57585,398929,,20,0,3dcf6635d3f3bbc07a1f9c225c7246cb37ff7343,0,0,0,0,0,
20200707,NY,398237,,,,totalTestEncountersViral,4344867,836,89995,160,,103,,71091,7/6/2020 23:59,2020-07-06T23:59:00Z,07/06 19:59,24924,89995,71091,2020-07-06T23:59:00Z,,,,,,,4344867,,,,,,,,,,,,36,588,0,398237,56736,398237,,11,0,8f2897398978bfb59d383830cd893f68e92a7329,0,0,0,0,0,
20200706,NY,397649,,,,totalTestEncountersViral,4288131,817,89995,170,,103,,71040,7/5/2020 23:59,2020-07-05T23:59:00Z,07/05 19:59,24913,89995,71040,2020-07-05T23:59:00Z,,,,,,,4288131,,,,,,,,,,,,36,518,0,397649,54328,397649,,9,0,107a3826dd0d4a8cf9bfb7b9460c97cc1b30a11e,0,0,0,0,0,
20200705,NY,397131,,,,totalTestEncountersViral,4233803,832,89995,178,,116,,70968,7/4/2020 23:59,2020-07-04T23:59:00Z,07/04 19:59,24904,89995,70968,2020-07-04T23:59:00Z,,,,,,,4233803,,,,,,,,,,,,36,533,0,397131,63415,397131,,8,0,26f9683de45888b514d43afdc4ce1a91c8568dda,0,0,0,0,0,
20200704,NY,396598,,,,totalTestEncountersViral,4170388,844,89995,190,,119,,70877,7/3/2020 23:59,2020-07-03T23:59:00Z,07/03 19:59,24896,89995,70877,2020-07-03T23:59:00Z,,,,,,,4170388,,,,,,,,,,,,36,726,0,396598,62403,396598,,11,0,ba62c915efc459289b6d49a9687aad6540cb36f5,0,0,0,0,0,
20200703,NY,395872,,,,totalTestEncountersViral,4107985,857,89995,188,,125,,70794,7/2/2020 23:59,2020-07-02T23:59:00Z,07/02 19:59,24885,89995,70794,2020-07-02T23:59:00Z,,,,,,,4107985,,,,,,,,,,,,36,918,0,395872,66392,395872,,8,0,65e4425c7147791bd0ce7e0dd5389ff0d8dc2e26,0,0,0,0,0,
20200702,NY,394954,,,,totalTestEncountersViral,4041593,878,89995,209,,129,,70698,7/1/2020 23:59,2020-07-01T23:59:00Z,07/01 19:59,24877,89995,70698,2020-07-01T23:59:00Z,,,,,,,4041593,,,,,,,,,,,,36,875,0,394954,69945,394954,,11,0,50dd9d515cec97d8a3b1cbfd07de51f740efddfd,0,0,0,0,0,
20200701,NY,394079,,,,totalTestEncountersViral,3971648,879,89995,226,,139,,70590,6/30/2020 23:59,2020-06-30T23:59:00Z,06/30 19:59,24866,89995,70590,2020-06-30T23:59:00Z,,,,,,,3971648,,,,,,,,,,,,36,625,0,394079,56710,394079,,11,0,2e38f1ad5a3dc2d36c9b9ce105d33f9c87bd37e9,0,0,0,0,0,
20200630,NY,393454,,,,totalTestEncountersViral,3914938,891,89995,217,,137,,70487,6/29/2020 00:00,2020-06-29T00:00:00Z,06/28 20:00,24855,89995,70487,2020-06-29T00:00:00Z,,,,,,,3914938,,,,,,,,,,,,36,524,0,393454,52025,393454,,13,0,f35113ecf01a0dc49e1a14a759c967a162085cb7,0,0,0,0,0,
20200629,NY,392930,,,,totalTestEncountersViral,3862913,853,89995,216,,136,,70435,6/28/2020 23:59,2020-06-28T23:59:00Z,06/28 19:59,24842,89995,70435,2020-06-28T23:59:00Z,,,,,,,3862913,,,,,,,,,,,,36,391,0,392930,46428,392930,,7,0,2cf7f71fe054d993125b53c03ffee7107877c3ee,0,0,0,0,0,
20200628,NY,392539,,,,totalTestEncountersViral,3816485,869,89995,229,,167,,70010,6/27/2020 23:59,2020-06-27T23:59:00Z,06/27 19:59,24835,89995,70010,2020-06-27T23:59:00Z,,,,,,,3816485,,,,,,,,,,,,36,616,0,392539,61906,392539,,5,0,ce406d8cb867acf26ec7a2db7ca28377bf603851,0,0,0,0,0,
20200627,NY,391923,,,,totalTestEncountersViral,3754579,908,89995,230,,167,,70010,6/26/2020 23:59,2020-06-26T23:59:00Z,06/26 19:59,24830,89995,70010,2020-06-26T23:59:00Z,,,,,,,3754579,,,,,,,,,,,,36,703,0,391923,73262,391923,,16,0,e57237cb73df12a607843e4e1a1f2c1abd7a4a73,0,0,0,0,0,
20200626,NY,391220,,,,totalTestEncountersViral,3681317,951,89995,244,,167,,70010,6/25/2020 23:59,2020-06-25T23:59:00Z,06/25 19:59,24814,89995,70010,2020-06-25T23:59:00Z,,,,,,,3681317,,,,,,,,,,,,36,805,0,391220,61723,391220,,14,0,25c691c4b8bc2d3eb0b3e50ec64479ab966316d0,0,0,0,0,0,
20200625,NY,390415,,,,totalTestEncountersViral,3619594,996,89995,270,,167,,70010,6/24/2020 23:59,2020-06-24T23:59:00Z,06/24 19:59,24800,89995,70010,2020-06-24T23:59:00Z,,,,,,,3619594,,,,,,,,,,,,36,749,0,390415,67642,390415,,18,0,a14490e447f8e5b580cfd4357e16bcae4d3c0599,0,0,0,0,0,
20200624,NY,389666,,,,totalTestEncountersViral,3551952,1071,89995,290,,228,,69710,6/23/2020 23:59,2020-06-23T23:59:00Z,06/23 19:59,24782,89995,69710,2020-06-23T23:59:00Z,,,,,,,3551952,,,,,,,,,,,,36,581,0,389666,51144,389666,,16,0,589c4110f88d2a3e68a0e56e85d77c71e140cad0,0,0,0,0,0,
20200623,NY,389085,,,,totalTestEncountersViral,3500808,1104,89995,302,,228,,69710,6/22/2020 23:59,2020-06-22T23:59:00Z,06/22 19:59,24766,89995,69710,2020-06-22T23:59:00Z,,,,,,,3500808,,,,,,,,,,,,36,597,0,389085,48709,389085,,27,0,7dde83af4edbfa5667e84f3817e32ca65f46167b,0,0,0,0,0,
20200622,NY,388488,,,,totalTestEncountersViral,3452099,1122,89995,330,,228,,69710,6/21/2020 23:59,2020-06-21T23:59:00Z,06/21 19:59,24739,89995,69710,2020-06-21T23:59:00Z,,,,,,,3452099,,,,,,,,,,,,36,552,0,388488,56780,388488,,14,0,15ba8a17cdb3b3c4bd1c9fb3ea1418c79839f5fd,0,0,0,0,0,
20200621,NY,387936,,,,totalTestEncountersViral,3395319,1142,89995,332,,237,,69506,6/20/2020 23:59,2020-06-20T23:59:00Z,06/20 19:59,24725,89995,69506,2020-06-20T23:59:00Z,,,,,,,3395319,,,,,,,,,,,,36,664,0,387936,67526,387936,,15,0,b411510fa92ade6c99d3534a530937f118222a1a,0,0,0,0,0,
20200620,NY,387272,,,,totalTestEncountersViral,3327793,1220,89995,335,,237,,69506,6/19/2020 23:59,2020-06-19T23:59:00Z,06/19 19:59,24710,89995,69506,2020-06-19T23:59:00Z,,,,,,,3327793,,,,,,,,,,,,36,716,0,387272,68830,387272,,24,0,1642b0e661ceec6f0ed477a7329cf5c52534a99e,0,0,0,0,0,
20200619,NY,386556,,,,totalTestEncountersViral,3258963,1284,89995,359,,256,,69377,6/19/2020 00:00,2020-06-19T00:00:00Z,06/18 20:00,24686,89995,69377,2020-06-19T00:00:00Z,,,,,,,3258963,,,,,,,,,,,,36,796,0,386556,79303,386556,,25,0,91fdadb12509fd702ce2e54c51ccc58ba456ef6e,0,0,0,0,0,
20200618,NY,385760,,,,totalTestEncountersViral,3179660,1358,89995,388,,278,,69243,6/18/2020 00:00,2020-06-18T00:00:00Z,06/17 20:00,24661,89995,69243,2020-06-18T00:00:00Z,,,,,,,3179660,,,,,,,,,,,,36,618,0,385760,68541,385760,,32,0,b5077337d1643ad7de73c52107d85b8d5d26c9b5,0,0,0,0,0,
20200617,NY,385142,,,,totalTestEncountersViral,3111119,1479,89995,431,,304,,69085,6/17/2020 00:00,2020-06-17T00:00:00Z,06/16 20:00,24629,89995,69085,2020-06-17T00:00:00Z,,,,,,,3111119,,,,,,,,,,,,36,567,0,385142,59341,385142,,21,0,e516a523706c61ae52516daf08fdc1a8b262f5be,0,0,0,0,0,
20200616,NY,384575,,,,totalTestEncountersViral,3051778,1538,89995,449,,303,,68938,6/16/2020 00:00,2020-06-16T00:00:00Z,06/15 20:00,24608,89995,68938,2020-06-16T00:00:00Z,,,,,,,3051778,,,,,,,,,,,,36,631,0,384575,60568,384575,,29,0,b4bdb2ddc23c9e6f574900ac21cdd91f1077809b,0,0,0,0,0,
20200615,NY,383944,,,,totalTestEncountersViral,2991210,1608,89995,470,,323,,68851,6/15/2020 00:00,2020-06-15T00:00:00Z,06/14 20:00,24579,89995,68851,2020-06-15T00:00:00Z,,,,,,,2991210,,,,,,,,,,,,36,620,0,383944,56611,383944,,28,0,26fb56a2e31a627009fe8477ec155280f3c4454c,0,0,0,0,0,
20200614,NY,383324,,,,totalTestEncountersViral,2934599,1657,89995,499,,346,,68761,6/13/2020 00:00,2020-06-13T00:00:00Z,06/12 20:00,24551,89995,68761,2020-06-13T00:00:00Z,,,,,,,2934599,,,,,,,,,,,,36,694,0,383324,62359,383324,,24,0,da01eecc807bfe180fe2a478b6b74325febd79f7,0,0,0,0,0,
20200613,NY,382630,,,,totalTestEncountersViral,2872240,1734,89995,517,,360,,68584,6/12/2020 00:00,2020-06-12T00:00:00Z,06/11 20:00,24527,89995,68584,2020-06-12T00:00:00Z,,,,,,,2872240,,,,,,,,,,,,36,916,0,382630,70840,382630,,32,0,f57cae4f2acd01ce25bf5dd94ed83a1c86fa9b27,0,0,0,0,0,
20200612,NY,381714,,,,totalTestEncountersViral,2801400,1898,89995,552,,387,,68399,6/12/2020 00:00,2020-06-12T00:00:00Z,06/11 20:00,24495,89995,68399,2020-06-12T00:00:00Z,,,,,,,2801400,,,,,,,,,,,,36,822,0,381714,72395,381714,,53,0,b2bca919a1a7bc7254127acb0c8857fb15d01665,0,0,0,0,0,
20200611,NY,380892,,,,totalTestEncountersViral,2729005,2042,89995,581,,424,,68211,6/11/2020 00:00,2020-06-11T00:00:00Z,06/10 20:00,24442,89995,68211,2020-06-11T00:00:00Z,,,,,,,2729005,,,,,,,,,,,,36,736,0,380892,60839,380892,,38,0,af9b9d63981c4a9062b196545f4dc6b1842393da,0,0,0,0,0,
20200610,NY,380156,,,,totalTestEncountersViral,2668166,2190,89995,630,,462,,68019,6/10/2020 00:00,2020-06-10T00:00:00Z,06/09 20:00,24404,89995,68019,2020-06-10T00:00:00Z,,,,,,,2668166,,,,,,,,,,,,36,674,0,380156,62297,380156,,56,0,039b1038341bb474473a0cf4299a7a6f5a090090,0,0,0,0,0,
20200609,NY,379482,,,,totalTestEncountersViral,2605869,2344,89995,663,,485,,67808,6/9/2020 00:00,2020-06-09T00:00:00Z,06/08 20:00,24348,89995,67808,2020-06-09T00:00:00Z,,,,,,,2605869,,,,,,,,,,,,36,683,0,379482,49973,379482,,49,0,7bcfe8951a25ad50cf12605a3a94bae83f5e61fd,0,0,0,0,0,
20200608,NY,378799,,,,totalTestEncountersViral,2555896,2371,89995,678,,507,,67687,6/8/2020 00:00,2020-06-08T00:00:00Z,06/07 20:00,24299,89995,67687,2020-06-08T00:00:00Z,,,,,,,2555896,,,,,,,,,,,,36,702,0,378799,58054,378799,,40,0,06a22a1096b91c200fa8a70aee084b64be755423,0,0,0,0,0,
20200607,NY,378097,,,,totalTestEncountersViral,2497842,2427,89995,704,,534,,67544,6/7/2020 00:00,2020-06-07T00:00:00Z,06/06 20:00,24259,89995,67544,2020-06-07T00:00:00Z,,,,,,,2497842,,,,,,,,,,,,36,781,0,378097,60435,378097,,47,0,655e6ea3c84437ac6ca821bc7d255434cf987671,0,0,0,0,0,
20200606,NY,377316,,,,totalTestEncountersViral,2437407,2603,89995,720,,554,,67261,6/6/2020 00:00,2020-06-06T00:00:00Z,06/05 20:00,24212,89995,67261,2020-06-06T00:00:00Z,,,,,,,2437407,,,,,,,,,,,,36,1108,0,377316,77895,377316,,37,0,8c95a1305af33b1ab0876a5edde5391f819b0614,0,0,0,0,0,
20200605,NY,376208,,,,totalTestEncountersViral,2359512,2728,89995,758,,583,,66992,6/5/2020 00:00,2020-06-05T00:00:00Z,06/04 20:00,24175,89995,66992,2020-06-05T00:00:00Z,,,,,,,2359512,,,,,,,,,,,,36,1075,0,376208,66480,376208,,42,0,a475079061917a19e0864eb333a2230913492d3c,0,0,0,0,0,
20200604,NY,375133,,,,totalTestEncountersViral,2293032,2849,89995,832,,613,,66756,6/4/2020 00:00,2020-06-04T00:00:00Z,06/03 20:00,24133,89995,66756,2020-06-04T00:00:00Z,,,,,,,2293032,,,,,,,,,,,,36,1048,0,375133,63559,375133,,54,0,74062dfede9345b4946f7654e7a6640f64cb3235,0,0,0,0,0,
20200603,NY,374085,,,,totalTestEncountersViral,2229473,2978,89995,865,,638,,66502,6/3/2020 00:00,2020-06-03T00:00:00Z,06/02 20:00,24079,89995,66502,2020-06-03T00:00:00Z,,,,,,,2229473,,,,,,,,,,,,36,1045,0,374085,61642,374085,,56,134,6f34e7239b4834c2b917527a7b2958e6ec3d2e6c,0,0,0,0,0,
20200602,NY,373040,,,,totalTestEncountersViral,2167831,3121,89861,907,,673,,66262,6/2/2020 00:00,2020-06-02T00:00:00Z,06/01 20:00,24023,89861,66262,2020-06-02T00:00:00Z,,,,,,,2167831,,,,,,,,,,,,36,1329,0,373040,54054,373040,,64,158,c308d341ead7ea3d23f47d27caa917d1639faf98,0,0,0,0,0,
20200601,NY,371711,,,,totalTestEncountersViral,2113777,3331,89703,999,,746,,66110,6/1/2020 00:00,2020-06-01T00:00:00Z,05/31 20:00,23959,89703,66110,2020-06-01T00:00:00Z,,,,,,,2113777,,,,,,,,,,,,36,941,0,371711,49952,371711,,54,113,1822f98d224d617845378f6369a23a708041e6e7,0,0,0,0,0,
20200531,NY,370770,,,,totalTestEncountersViral,2063825,3436,89590,1050,,791,,65934,5/31/2020 00:00,2020-05-31T00:00:00Z,05/30 20:00,23905,89590,65934,2020-05-31T00:00:00Z,,,,,,,2063825,,,,,,,,,,,,36,1110,0,370770,58444,370770,,57,190,3caa3ce7f8171d280a147efc5cad35b6a2c03304,0,0,0,0,0,
20200530,NY,369660,,,,totalTestEncountersViral,2005381,3619,89400,1124,,857,,65609,5/30/2020 00:00,2020-05-30T00:00:00Z,05/29 20:00,23848,89400,65609,2020-05-30T00:00:00Z,,,,,,,2005381,,,,,,,,,,,,36,1376,0,369660,61251,369660,,68,206,3ddf58c88b77ca831d51be80954a5130d940fd83,0,0,0,0,0,
20200529,NY,368284,,,,totalTestEncountersViral,1944130,3781,89194,1164,,889,,65289,5/29/2020 00:00,2020-05-29T00:00:00Z,05/28 20:00,23780,89194,65289,2020-05-29T00:00:00Z,,,,,,,1944130,,,,,,,,,,,,36,1551,0,368284,67341,368284,,58,152,85afcf51cf6eda2252c118f6a3fbbaaa77f2835d,0,0,0,0,0,
20200528,NY,366733,,,,totalTestEncountersViral,1876789,4010,89042,1219,,931,,64954,5/28/2020 00:00,2020-05-28T00:00:00Z,05/27 20:00,23722,89042,64954,2020-05-28T00:00:00Z,,,,,,,1876789,,,,,,,,,,,,36,1768,0,366733,65245,366733,,79,176,de77d6105cc7e337018d35b18d7c9d5877119ef4,0,0,0,0,0,
20200527,NY,364965,,,,totalTestEncountersViral,1811544,4208,88866,1261,,988,,64632,5/27/2020 00:00,2020-05-27T00:00:00Z,05/26 20:00,23643,88866,64632,2020-05-27T00:00:00Z,,,,,,,1811544,,,,,,,,,,,,36,1129,0,364965,37416,364965,,79,180,f901eb98df2c93e4c8dffedbd983d813eece692f,0,0,0,0,0,
20200526,NY,363836,,,,totalTestEncountersViral,1774128,4265,88686,1273,,1002,,64443,5/26/2020 00:00,2020-05-26T00:00:00Z,05/25 20:00,23564,88686,64443,2020-05-26T00:00:00Z,,,,,,,1774128,,,,,,,,,,,,36,1072,0,363836,34679,363836,,76,132,c4c5fbcf09ec60fb80917ed0955a8184f108a996,0,0,0,0,0,
20200525,NY,362764,,,,totalTestEncountersViral,1739449,4348,88554,1366,,1058,,64280,5/25/2020 00:00,2020-05-25T00:00:00Z,05/24 20:00,23488,88554,64280,2020-05-25T00:00:00Z,,,,,,,1739449,,,,,,,,,,,,36,1249,0,362764,39623,362764,,97,230,c6032ca2b2603787619a4f33512fcf3d455dbf01,0,0,0,0,0,
20200524,NY,361515,,,,totalTestEncountersViral,1699826,4393,88324,1406,,1067,,64080,5/24/2020 00:00,2020-05-24T00:00:00Z,05/23 20:00,23391,88324,64080,2020-05-24T00:00:00Z,,,,,,,1699826,,,,,,,,,,,,36,1589,0,361515,47765,361515,,109,241,32255ef5ca3833d02de806c8f3037e7c8fba681f,0,0,0,0,0,
20200523,NY,359926,,,,totalTestEncountersViral,1652061,4642,88083,1502,,1254,,63292,5/22/2020 00:00,2020-05-22T00:00:00Z,05/21 20:00,23282,88083,63292,2020-05-22T00:00:00Z,,,,,,,1652061,,,,,,,,,,,,36,1772,0,359926,51268,359926,,87,240,7e3944735a381c90cb1271949cb023c0e53e3ec2,0,0,0,0,0,
20200522,NY,358154,,,,totalTestEncountersViral,1600793,4844,87843,1581,,1254,,63292,5/22/2020 00:00,2020-05-22T00:00:00Z,05/21 20:00,23195,87843,63292,2020-05-22T00:00:00Z,,,,,,,1600793,,,,,,,,,,,,36,1696,0,358154,45738,358154,,112,205,d0970e4a3c086fc8047063842d09c7493c91dd55,0,0,0,0,0,
20200521,NY,356458,,,,totalTestEncountersViral,1555055,5187,87638,1695,,1345,,62826,5/21/2020 00:00,2020-05-21T00:00:00Z,05/20 20:00,23083,87638,62826,2020-05-21T00:00:00Z,,,,,,,1555055,,,,,,,,,,,,36,2088,0,356458,49219,356458,,107,179,c7097a5d57b5023e7b3ae2fea3eb0b18616a0478,0,0,0,0,0,
20200520,NY,354370,,,,totalTestEncountersViral,1505836,5570,87459,1761,,1421,,61886,5/20/2020 00:00,2020-05-20T00:00:00Z,05/19 20:00,22976,87459,61886,2020-05-20T00:00:00Z,,,,,,,1505836,,,,,,,,,,,,36,1525,0,354370,38097,354370,,133,290,9ee2acfe565e091fe5a7308475c91f5c8b753e6f,0,0,0,0,0,
20200519,NY,352845,,,,totalTestEncountersViral,1467739,5818,87169,1836,,1481,,61886,5/19/2020 00:00,2020-05-19T00:00:00Z,05/18 20:00,22843,87169,61886,2020-05-19T00:00:00Z,,,,,,,1467739,,,,,,,,,,,,36,1474,0,352845,28182,352845,,114,268,a1ee19287952220c41a5ee02a7eaa26a487fe080,0,0,0,0,0,
20200518,NY,351371,,,,totalTestEncountersViral,1439557,5840,86901,1908,,1538,,61681,5/18/2020 00:00,2020-05-18T00:00:00Z,05/17 20:00,22729,86901,61681,2020-05-18T00:00:00Z,,,,,,,1439557,,,,,,,,,,,,36,1250,0,351371,26161,351371,,110,326,5cdc3a456d0cf0c91fedb10cc67684ae10e0a6de,0,0,0,0,0,
20200517,NY,350121,,,,totalTestEncountersViral,1413396,5897,86575,1981,,1601,,61381,5/17/2020 00:00,2020-05-17T00:00:00Z,05/16 20:00,22619,86575,61381,2020-05-17T00:00:00Z,,,,,,,1413396,,,,,,,,,,,,36,1889,0,350121,34679,350121,,141,368,2d6dbb61696bc9fcea7ba2ddc46fcf6812944564,0,0,0,0,0,
20200516,NY,348232,,,,totalTestEncountersViral,1378717,6220,86207,2077,,1674,,60796,5/16/2020 00:00,2020-05-16T00:00:00Z,05/15 20:00,22478,86207,60796,2020-05-16T00:00:00Z,,,,,,,1378717,,,,,,,,,,,,36,2419,0,348232,40669,348232,,174,425,d92373f18d23d96ab3220bcb7f8518b85390f7eb,0,0,0,0,0,
20200515,NY,345813,,,,totalTestEncountersViral,1338048,6394,85782,2156,,1774,,60302,5/14/2020 00:00,2020-05-14T00:00:00Z,05/13 20:00,22304,85782,60302,2020-05-14T00:00:00Z,,,,,,,1338048,,,,,,,,,,,,36,2762,0,345813,39291,345813,,134,328,bef73f8ca222512082b7189e13217ba206149a15,0,0,0,0,0,
20200514,NY,343051,,,,totalTestEncountersViral,1298757,6706,85454,2223,,1846,,59758,5/14/2020 00:00,2020-05-14T00:00:00Z,05/13 20:00,22170,85454,59758,2020-05-14T00:00:00Z,,,,,,,1298757,,,,,,,,,,,,36,2390,0,343051,39850,343051,,157,446,ae76348dc7e9f8172b2a43ac9c5913c62bd9aec9,0,0,0,0,0,
20200513,NY,340661,,,,totalTestEncountersViral,1258907,6946,85008,2308,,1908,,59193,5/13/2020 00:00,2020-05-13T00:00:00Z,05/12 20:00,22013,85008,59193,2020-05-13T00:00:00Z,,,,,,,1258907,,,,,,,,,,,,36,2176,0,340661,33794,340661,,168,519,7eed7f37cfa9ba6d52db1253ede3dfbda0908a39,0,0,0,0,0,
20200512,NY,338485,,,,totalTestEncountersViral,1225113,7063,84489,2375,,1964,,58679,5/12/2020 00:00,2020-05-12T00:00:00Z,05/11 20:00,21845,84489,58679,2020-05-12T00:00:00Z,,,,,,,1225113,,,,,,,,,,,,36,1430,0,338485,20463,338485,,205,295,d48f5b6959dbb8a3f93cf4efa83537cc7d73b137,0,0,0,0,0,
20200511,NY,337055,,,,totalTestEncountersViral,1204650,7226,84194,2450,,2020,,58363,5/10/2020 00:00,2020-05-10T00:00:00Z,05/09 20:00,21640,84194,58363,2020-05-10T00:00:00Z,,,,,,,1204650,,,,,,,,,,,,36,1660,0,337055,21652,337055,,162,433,3490aae106c530728acd4de999d2374d0114c570,0,0,0,0,0,
20200510,NY,335395,,,,totalTestEncountersViral,1182998,7262,83761,2488,,2073,,58006,5/10/2020 00:00,2020-05-10T00:00:00Z,05/09 20:00,21478,83761,58006,2020-05-10T00:00:00Z,,,,,,,1182998,,,,,,,,,,,,36,2273,0,335395,29230,335395,,207,476,07b9dd0ecfa9fcd24e311461c513b25a904f403d,0,0,0,0,0,
20200509,NY,333122,,,,totalTestEncountersViral,1153768,7776,83285,2664,,2203,,57180,5/9/2020 00:00,2020-05-09T00:00:00Z,05/08 20:00,21271,83285,57180,2020-05-09T00:00:00Z,,,,,,,1153768,,,,,,,,,,,,36,2715,0,333122,32225,333122,,226,555,07e33393c3a3bcfd9fbe3b3ce23d2a5c86334d1d,0,0,0,0,0,
20200508,NY,330407,,,,totalTestEncountersViral,1121543,8196,82730,2811,,2295,,56378,5/8/2020 00:00,2020-05-08T00:00:00Z,05/07 20:00,21045,82730,56378,2020-05-08T00:00:00Z,,,,,,,1121543,,,,,,,,,,,,36,2938,0,330407,31627,330407,,217,533,3f32765f7bb1cc3d5c6b440942b2f492f790e3f7,0,0,0,0,0,
20200507,NY,327469,,,,totalTestEncountersViral,1089916,8665,82197,2976,,2425,,55547,5/7/2020 00:00,2020-05-07T00:00:00Z,05/06 20:00,20828,82197,55547,2020-05-07T00:00:00Z,,,,,,,1089916,,,,,,,,,,,,36,3491,0,327469,33995,327469,,951,627,3707b082c6349a841238517831ff3356952beda2,0,0,0,0,0,
20200506,NY,323978,,,,totalTestEncountersViral,1055921,9179,81570,3098,,,,54597,5/6/2020 00:00,2020-05-06T00:00:00Z,05/05 20:00,19877,81570,54597,2020-05-06T00:00:00Z,,,,,,,1055921,,,,,,,,,,,,36,2786,0,323978,27022,323978,,232,652,79b3f903d544fa1a5b394c396a2f7addf2ab8c6a,0,0,0,0,0,
20200505,NY,321192,,,,totalTestEncountersViral,1028899,9600,80918,3281,,,,58950,5/5/2020 00:00,2020-05-05T00:00:00Z,05/04 20:00,19645,80918,58950,2020-05-05T00:00:00Z,,,,,,,1028899,,,,,,,,,,,,36,2239,0,321192,21589,321192,,230,542,90b5cf3fd9f1c0d4eaccab129e86fc24a287d42d,0,0,0,0,0,
20200504,NY,318953,,,,totalTestEncountersViral,1007310,9647,80376,3330,,,,58950,5/4/2020 00:00,2020-05-04T00:00:00Z,05/03 20:00,19415,80376,58950,2020-05-04T00:00:00Z,,,,,,,1007310,,,,,,,,,,,,36,2538,0,318953,21399,318953,,226,608,535dd4e9b7d399d4cfbc03e027bfd00cf5c7e326,0,0,0,0,0,
20200503,NY,316415,,,,totalTestEncountersViral,985911,9786,79768,3430,,,,58950,5/3/2020 00:00,2020-05-03T00:00:00Z,05/02 20:00,19189,79768,58950,2020-05-03T00:00:00Z,,,,,,,985911,,,,,,,,,,,,36,3438,0,316415,26894,316415,,280,826,6a3b005d7f8b3db03479b84d07c4491dfb72246c,0,0,0,0,0,
20200502,NY,312977,,,,totalTestEncountersViral,959017,10350,78942,3501,,,,57540,5/2/2020 00:00,2020-05-02T00:00:00Z,05/01 20:00,18909,78942,57540,2020-05-02T00:00:00Z,,,,,,,959017,,,,,,,,,,,,36,4663,0,312977,31579,312977,,299,718,eeea1f8c58d59a81562e5556a8f0b588264d4aa0,0,0,0,0,0,
20200501,NY,308314,,,,totalTestEncountersViral,927438,10993,78224,3640,,,,56187,5/1/2020 00:00,2020-05-01T00:00:00Z,04/30 20:00,18610,78224,56187,2020-05-01T00:00:00Z,,,,,,,927438,,,,,,,,,,,,36,3942,0,308314,26802,308314,,289,824,97b896b246eac54766a2aa4d4c01cb8a4eb6a60f,0,0,0,0,0,
20200430,NY,304372,,,,totalTestEncountersViral,900636,11598,77400,3769,,,,54771,4/30/2020 00:00,2020-04-30T00:00:00Z,04/29 20:00,18321,77400,54771,2020-04-30T00:00:00Z,,,,,,,900636,,,,,,,,,,,,36,4681,0,304372,28155,304372,,306,950,4069816b303b2a9745c11b23084ad70dd7872cd0,0,0,0,0,0,
20200429,NY,299691,,,,totalTestEncountersViral,872481,12159,76450,3923,,,,53238,4/29/2020 00:00,2020-04-29T00:00:00Z,04/28 20:00,18015,76450,53238,2020-04-29T00:00:00Z,,,,,,,872481,,,,,,,,,,,,36,4585,0,299691,27487,299691,,377,1088,d4e1341b4daf15015efe05ac53a7992ca6525a8e,0,0,0,0,0,
20200428,NY,295106,,,,totalTestEncountersViral,844994,12646,75362,4071,,,,51673,4/28/2020 00:00,2020-04-28T00:00:00Z,04/27 20:00,17638,75362,51673,2020-04-28T00:00:00Z,,,,,,,844994,,,,,,,,,,,,36,3110,0,295106,18899,295106,,335,760,eda3450d4411773f158595577b64ea6286cb4bb6,0,0,0,0,0,
20200427,NY,291996,,,,totalTestEncountersViral,826095,12819,74602,4157,,,,50751,4/27/2020 00:00,2020-04-27T00:00:00Z,04/26 20:00,17303,74602,50751,2020-04-27T00:00:00Z,,,,,,,826095,,,,,,,,,,,,36,3951,0,291996,20745,291996,,337,1062,925c7d07f007dfa0a58a702b53f89b78a777358d,0,0,0,0,0,
20200426,NY,288045,,,,totalTestEncountersViral,805350,12839,73540,4284,,,,49687,4/26/2020 00:00,2020-04-26T00:00:00Z,04/25 20:00,16966,73540,49687,2020-04-26T00:00:00Z,,,,,,,805350,,,,,,,,,,,,36,5902,0,288045,27782,288045,,367,1096,295f2d926e837e40f84f91009073961bde005f64,0,0,0,0,0,
20200425,NY,282143,,,,totalTestEncountersViral,777568,13524,72444,4410,,,,47935,4/25/2020 00:00,2020-04-25T00:00:00Z,04/24 20:00,16599,72444,47935,2020-04-25T00:00:00Z,,,,,,,777568,,,,,,,,,,,,36,10553,0,282143,46912,282143,,437,1071,115c1c7f5b5dd36e4d7ffb1f0dd012366ccab7bf,0,0,0,0,0,
20200424,NY,271590,,,,totalTestEncountersViral,730656,14258,71373,4540,,,,46156,4/24/2020 00:00,2020-04-24T00:00:00Z,04/23 20:00,16162,71373,46156,2020-04-24T00:00:00Z,,,,,,,730656,,,,,,,,,,,,36,8130,0,271590,34736,271590,,422,1191,358f04150b94a4de4d223a02b2b2147d6d544855,0,0,0,0,0,
20200423,NY,263460,,,,totalTestEncountersViral,695920,15021,70182,4597,,,,44244,4/23/2020 00:00,2020-04-23T00:00:00Z,04/22 20:00,15740,70182,44244,2020-04-23T00:00:00Z,,,,,,,695920,,,,,,,,,,,,36,6244,0,263460,25938,263460,,438,1409,6685dc33f712d375ee79eef670ba9e8f5d81b262,0,0,0,0,0,
20200422,NY,257216,,,,totalTestEncountersViral,669982,15599,68773,4690,,,,42308,4/22/2020 00:00,2020-04-22T00:00:00Z,04/21 20:00,15302,68773,42308,2020-04-22T00:00:00Z,,,,,,,669982,,,,,,,,,,,,36,5526,0,257216,20657,257216,,474,1502,8ac21498ff1ba3e69f8baade1329c8c034dee0f8,0,0,0,0,0,
20200421,NY,251690,,,,totalTestEncountersViral,649325,16135,67271,4729,,,,40482,4/21/2020 00:00,2020-04-21T00:00:00Z,04/20 20:00,14828,67271,40482,2020-04-21T00:00:00Z,,,,,,,649325,,,,,,,,,,,,36,4178,0,251690,15464,251690,,481,1302,83258aa4b7ed959007403031806eb97e33eb710c,0,0,0,0,0,
20200420,NY,247512,,,,totalTestEncountersViral,633861,16103,65969,4814,,,,39085,4/20/2020 00:00,2020-04-20T00:00:00Z,04/19 20:00,14347,65969,39085,2020-04-20T00:00:00Z,,,,,,,633861,,,,,,,,,,,,36,4726,0,247512,16306,247512,,478,1419,64ab394186a19ea555b3c856a4e3e60585d245b2,0,0,0,0,0,
20200419,NY,242786,,,,totalTestEncountersViral,617555,16213,64550,4878,,,,37596,4/19/2020 00:00,2020-04-19T00:00:00Z,04/18 20:00,13869,64550,37596,2020-04-19T00:00:00Z,,,,,,,617555,,,,,,,,,,,,36,6054,0,242786,21023,242786,,507,1447,44fd66cafede7b9f27a7bea3629c9de242afcf10,0,0,0,0,0,
20200418,NY,236732,,,,totalTestEncountersViral,596532,16967,63103,4996,,,,35458,4/18/2020 00:00,2020-04-18T00:00:00Z,04/17 20:00,13362,63103,35458,2020-04-18T00:00:00Z,,,,,,,596532,,,,,,,,,,,,36,7090,0,236732,23309,236732,,540,1983,ffe071a52dd472d2438264542925921ee1235d7a,0,0,0,0,0,
20200417,NY,229642,,,,totalTestEncountersViral,573223,17316,61120,5039,,,,33392,4/17/2020 14:00,2020-04-17T14:00:00Z,04/17 10:00,12822,61120,33392,2020-04-17T14:00:00Z,,,,,,,573223,,,,,,,,,,,,36,7358,0,229642,22644,229642,,630,2068,a7ea3c5559089416ef6aace7e973f698d615b091,0,0,0,0,0,
20200416,NY,222284,,,,totalTestEncountersViral,550579,17735,59052,5071,,,,30800,4/16/2020 00:00,2020-04-16T00:00:00Z,04/15 20:00,12192,59052,30800,2020-04-16T00:00:00Z,,,,,,,550579,,,,,,,,,,,,36,8505,0,222284,24567,222284,,606,2084,1e19dff3fbf5c532c63bfc16dc0f48ae324fb10a,0,0,0,0,0,
20200415,NY,213779,,,,totalTestEncountersViral,526012,18335,56968,5205,,,,28004,4/15/2020 00:00,2020-04-15T00:00:00Z,04/14 20:00,11586,56968,28004,2020-04-15T00:00:00Z,,,,,,,526012,,,,,,,,,,,,36,11571,0,213779,26869,213779,,752,2315,6d7896832802dcf49ae2a0876b5c14a6b3fab43e,0,0,0,0,0,
20200414,NY,202208,,,,totalTestEncountersViral,499143,18697,54653,5225,,,,25589,4/14/2020 00:00,2020-04-14T00:00:00Z,04/13 20:00,10834,54653,25589,2020-04-14T00:00:00Z,,,,,,,499143,,,,,,,,,,,,36,7177,0,202208,20786,202208,,778,1717,edd413f4f1c48a3c98ae309e4f836a7ac814dab0,0,0,0,0,0,
20200413,NY,195031,,,,totalTestEncountersViral,478357,18825,52936,5156,,,,23887,4/13/2020 00:00,2020-04-13T00:00:00Z,04/12 20:00,10056,52936,23887,2020-04-13T00:00:00Z,,,,,,,478357,,,,,,,,,,,,36,6337,0,195031,16756,195031,,671,2017,1814f9f7f2d153db2ee2689753287a9a7e10b46c,0,0,0,0,0,
20200412,NY,188694,,,,totalTestEncountersViral,461601,18707,50919,5198,,,,23887,4/12/2020 00:00,2020-04-12T00:00:00Z,04/11 20:00,9385,50919,23887,2020-04-12T00:00:00Z,,,,,,,461601,,,,,,,,,,,,36,8236,0,188694,20621,188694,,758,2622,46f4b6748ae5f0ceb74f870b095d5ebf9a3cc992,0,0,0,0,0,
20200411,NY,180458,,,,totalTestEncountersViral,440980,18654,48297,5009,,,,22025,4/11/2020 00:00,2020-04-11T00:00:00Z,04/10 20:00,8627,48297,22025,2020-04-11T00:00:00Z,,,,,,,440980,,,,,,,,,,,,36,9946,0,180458,23095,180458,,783,2529,1d9fc02728c5f9f2bc6632cb575fbd46a3e97da0,0,0,0,0,0,
20200410,NY,170512,,,,totalTestEncountersViral,417885,18569,45768,4908,,,,20249,4/10/2020 00:00,2020-04-10T00:00:00Z,04/09 20:00,7844,45768,20249,2020-04-10T00:00:00Z,,,,,,,417885,,,,,,,,,,,,36,10575,0,170512,26336,170512,,777,2916,2a6e50e2126d92877cc7772ccc66076b6fa4e3b6,0,0,0,0,0,
20200409,NY,159937,,,,totalTestEncountersViral,391549,18279,42852,4925,,,,18297,4/9/2020 00:00,2020-04-09T00:00:00Z,04/08 20:00,7067,42852,18297,2020-04-09T00:00:00Z,,,,,,,391549,,,,,,,,,,,,36,10621,0,159937,26396,159937,,799,2870,621376ca7377f6657ad8a3120dd579c112a7ac88,0,0,0,0,0,
20200408,NY,149316,,,,totalTestEncountersViral,365153,18079,39982,4841,,,,16353,4/7/2020 00:00,2020-04-07T00:00:00Z,04/06 20:00,6268,39982,16353,2020-04-07T00:00:00Z,,,,,,,365153,,,,,,,,,,,,36,10453,0,149316,25095,149316,,779,3050,c06eee30942852c68966a1c01f0b40a52130483b,0,0,0,0,0,
20200407,NY,138863,,,,totalTestEncountersViral,340058,17493,36932,4539,,,,14590,4/6/2020 00:00,2020-04-06T00:00:00Z,04/05 20:00,5489,36932,14590,2020-04-06T00:00:00Z,,,,,,,340058,,,,,,,,,,,,36,8174,0,138863,19247,138863,,731,2555,00320cb4349700508bbc2a43390c05df0f0fdc3e,0,0,0,0,0,
20200406,NY,130689,,,,totalTestEncountersViral,320811,16837,34377,4504,,,,13366,4/6/2020 00:00,2020-04-06T00:00:00Z,04/05 20:00,4758,34377,13366,2020-04-06T00:00:00Z,,,,,,,320811,,,,,,,,,,,,36,8658,0,130689,18531,130689,,599,2084,6c0ff5bfcd8445ba5d2f9be48fd91d14921bc68d,0,0,0,0,0,
20200405,NY,122031,,,,totalTestEncountersViral,302280,16479,32293,4376,,,,12187,4/4/2020 00:00,2020-04-04T00:00:00Z,04/03 20:00,4159,32293,12187,2020-04-04T00:00:00Z,,,,,,,302280,,,,,,,,,,,,36,8327,0,122031,18659,122031,,594,2822,1145ba9624d8e3cfff9aade9fb891b460d10e971,0,0,0,0,0,
20200404,NY,113704,,,,totalTestEncountersViral,283621,15905,29471,4126,,,,10478,4/3/2020 11:00,2020-04-03T11:00:00Z,04/03 07:00,3565,29471,10478,2020-04-03T11:00:00Z,,,,,,,283621,,,,,,,,,,,,36,10841,0,113704,23101,113704,,630,3261,8c4a442aac96ffdf1c58264a01be64b1a937a83d,0,0,0,0,0,
20200403,NY,102863,,,,totalTestEncountersViral,260520,14810,26210,3731,,,,8886,4/3/2020 11:00,2020-04-03T11:00:00Z,04/03 07:00,2935,26210,8886,2020-04-03T11:00:00Z,,,,,,,260520,,,,,,,,,,,,36,10482,0,102863,21555,102863,,562,3424,d0864269d560e59c7556bb92bd51bb38c2fe657e,0,0,0,0,0,
20200402,NY,92381,,,,totalTestEncountersViral,238965,13383,22786,3396,,,,7434,4/2/2020 11:45,2020-04-02T11:45:00Z,04/02 07:45,2373,22786,7434,2020-04-02T11:45:00Z,,,,,,,238965,,,,,,,,,,,,36,8669,0,92381,18031,92381,,432,2857,8b823a9eba0b1a537a6ff017bee5d5d86bd55fc3,0,0,0,0,0,
20200401,NY,83712,,,,totalTestEncountersViral,220934,12226,19929,3022,,,,6142,4/1/2020 12:00,2020-04-01T12:00:00Z,04/01 08:00,1941,19929,6142,2020-04-01T12:00:00Z,,,,,,,220934,,,,,,,,,,,,36,7917,0,83712,15701,83712,,391,2844,94093dc67420bcfb44eae106ba791d3608af19c8,0,0,0,0,0,
20200331,NY,75795,,,,totalTestEncountersViral,205233,10929,17085,2710,,,,4975,3/29/2020 09:16,2020-03-29T09:16:00Z,03/29 05:16,1550,17085,4975,2020-03-29T09:16:00Z,,,,,,,205233,,,,,,,,,,,,36,9298,0,75795,18648,75795,,332,2507,4b0dae9f55c0f5e928a66b45b08b14c767db98c0,0,0,0,0,0,
20200330,NY,66497,,,,totalTestEncountersViral,186585,9517,14578,2352,,,,4204,3/29/2020 09:16,2020-03-29T09:16:00Z,03/29 05:16,1218,14578,4204,2020-03-29T09:16:00Z,,,,,,,186585,,,,,,,,,,,,36,6984,0,66497,14115,66497,,253,1883,bfefa18e342aeb6e64570b0d6256c998d4b42d80,0,0,0,0,0,
20200329,NY,59513,,,,totalTestEncountersViral,172470,8503,12695,2037,,,,3572,3/29/2020 09:16,2020-03-29T09:16:00Z,03/29 05:16,965,12695,3572,2020-03-29T09:16:00Z,,,,,,,172470,,,,,,,,,,,,36,7195,0,59513,16401,59513,,237,2241,0a68eeadd5e1316027bccba7c2e7889c2cbf8b83,0,0,0,0,0,
20200328,NY,52318,,,,totalTestEncountersViral,156069,7328,10454,1755,,,,2726,3/28/2020 13:15,2020-03-28T13:15:00Z,03/28 09:15,728,10454,2726,2020-03-28T13:15:00Z,,,,,,,156069,,,,,,,,,,,,36,7681,0,52318,17444,52318,,209,1722,3d441e36d4161b1eefd89daa4fec5e0ca8af348c,0,0,0,0,0,
20200327,NY,44637,,,,totalTestEncountersViral,138625,6481,8732,1583,,,,2045,3/27/2020 11:15,2020-03-27T11:15:00Z,03/27 07:15,519,8732,2045,2020-03-27T11:15:00Z,,,,,,,138625,,,,,,,,,,,,36,7379,0,44637,16315,44637,,134,1811,0e565f8aa34a5cdb5ba81526d67d6543bf925690,0,0,0,0,0,
20200326,NY,37258,,,,totalTestEncountersViral,122310,5327,6921,1290,,,,,3/26/2020 16:59,2020-03-26T16:59:00Z,03/26 12:59,385,6921,,2020-03-26T16:59:00Z,,,,,,,122310,,,,,,,,,,,,36,6448,0,37258,18651,37258,,100,1795,74388736c1eab22b67d2286c3b4645a9448a71cf,0,0,0,0,0,
20200325,NY,30810,,,,totalTestEncountersViral,103659,4079,5126,,,,,,3/25/2020 11:45,2020-03-25T11:45:00Z,03/25 07:45,285,5126,,2020-03-25T11:45:00Z,,,,,,,103659,,,,,,,,,,,,36,5145,0,30810,12142,30810,,75,1085,ec92ead0e39147b870b20cd1ff1794000c60c070,0,0,0,0,0,
20200324,NY,25665,,,,totalTestEncountersViral,91517,3343,4041,,,,,,3/24/2020 11:30,2020-03-24T11:30:00Z,03/24 07:30,210,4041,,2020-03-24T11:30:00Z,,,,,,,91517,,,,,,,,,,,,36,4790,0,25665,12952,25665,,96,916,92a1d186dc05559c550a88bca72483f80a07fcc4,0,0,0,0,0,
20200323,NY,20875,,,,totalTestEncountersViral,78565,2629,3125,,,,,,3/23/2020 11:36,2020-03-23T11:36:00Z,03/23 07:36,114,3125,,2020-03-23T11:36:00Z,,,,,,,78565,,,,,,,,,,,,36,5707,0,20875,16812,20875,,0,771,67f7a263090ce098f7d79423fe7052f6ad629980,0,0,0,0,0,
20200322,NY,15168,,,,totalTestEncountersViral,61753,2043,2354,,,,,,3/22/2020 11:00,2020-03-22T11:00:00Z,03/22 07:00,114,2354,,2020-03-22T11:00:00Z,,,,,,,61753,,,,,,,,,,,,36,4812,0,15168,16029,15168,,70,823,fbdcd39f2f2fb7473c5cbad3b2f8534cc38565a0,0,0,0,0,0,
20200321,NY,10356,,,,totalTestEncountersViral,45724,1436,1531,,,,,,3/20/2020 21:22,2020-03-20T21:22:00Z,03/20 17:22,44,1531,,2020-03-20T21:22:00Z,,,,,,,45724,,,,,,,,,,,,36,3254,0,10356,13087,10356,,9,1531,f3c52ac066588efec35d322d6e9c8a0d747e9be8,0,0,0,0,0,
20200320,NY,7102,,,,totalTestEncountersViral,32637,1042,,,,,,,3/20/2020 13:20,2020-03-20T13:20:00Z,03/20 09:20,35,,,2020-03-20T13:20:00Z,,,,,,,32637,,,,,,,,,,,,36,2950,0,7102,10124,7102,,23,0,d54cebf6b59362c56b5ef5bc8ffcded9a9d065e9,0,0,0,0,0,
20200319,NY,4152,,,,totalTestEncountersViral,22513,617,,,,,,,3/19/2020 13:20,2020-03-19T13:20:00Z,03/19 09:20,12,,,2020-03-19T13:20:00Z,,,,,,,22513,,,,,,,,,,,,36,1769,0,4152,7698,4152,,0,0,4de72ec1713c2c9953b26994dc5cb65ae17596c7,0,0,0,0,0,
20200318,NY,2383,,,,totalTestEncountersViral,14815,416,,,,,,,3/18/2020 15:05,2020-03-18T15:05:00Z,03/18 11:05,12,,,2020-03-18T15:05:00Z,,,,,,,14815,,,,,,,,,,,,36,1009,0,2383,4553,2383,,5,0,694d6c64876caf9b72daf7aeff012f64a258a13a,0,0,0,0,0,
20200317,NY,1374,,,,totalTestEncountersViral,10262,325,,,,,,,3/16/2020 15:00,2020-03-16T15:00:00Z,03/16 11:00,7,,,2020-03-16T15:00:00Z,,,,,,,10262,,,,,,,,,,,,36,432,0,1374,2907,1374,,0,0,16b1718013a666cf8d5e13ac21ae5c4dbcf6af68,0,0,0,0,0,
20200316,NY,942,,,,totalTestEncountersViral,7355,,,,,,,,3/16/2020 16:22,2020-03-16T16:22:00Z,03/16 12:22,7,,,2020-03-16T16:22:00Z,,,,,,,7355,,,,,,,,,,,,36,294,0,942,1936,942,,4,0,0af7dfa76482974b0831ff2d1ae224d6ff3544b4,0,0,0,0,0,
20200315,NY,648,,,,totalTestEncountersViral,5419,,,,,,,,3/15/2020 00:00,2020-03-15T00:00:00Z,03/14 20:00,3,,,2020-03-15T00:00:00Z,,,,,,,5419,,,,,,,,,,,,36,131,0,648,1293,648,,3,0,9128c63e111b8ff32af7d7ec430c608a49dc28d5,0,0,0,0,0,
20200314,NY,517,,,,totalTestEncountersViral,4126,,,,,,,,3/14/2020 12:30,2020-03-14T12:30:00Z,03/14 08:30,,,,2020-03-14T12:30:00Z,,,,,,,4126,,,,,,,,,,,,36,164,0,517,1290,517,,0,0,628882159f6f5e48ed57b732f4d81dd2cfe1af32,0,0,0,0,0,
20200313,NY,353,,,,totalTestEncountersViral,2836,,,,,,,,3/12/2020 16:00,2020-03-12T16:00:00Z,03/12 12:00,,,,2020-03-12T16:00:00Z,,,,,,,2836,,,,,,,,,,,,36,102,0,353,762,353,,0,0,d8d29ed7ff7b713627621192b4eea8e40111f17f,0,0,0,0,0,
20200312,NY,251,,,,totalTestEncountersViral,2074,,,,,,,,3/11/2020 16:00,2020-03-11T16:00:00Z,03/11 12:00,,,,2020-03-11T16:00:00Z,,,,,,,2074,,,,,,,,,,,,36,56,0,251,553,251,,0,0,517fee71118f73755dbb0806cf9f585904f53cc5,0,0,0,0,0,
20200311,NY,195,,,,totalTestEncountersViral,1521,,,,,,,,,,,,,,,,,,,,,1521,,,,,,,,,,,,36,44,0,195,425,195,,0,0,5b970ce185791660ab76b08d73d94f8015919e9e,0,0,0,0,0,
20200310,NY,151,,,,totalTestEncountersViral,1096,,,,,,,,,,,,,,,,,,,,,1096,,,,,,,,,,,,36,63,0,151,401,151,,0,0,add30e6fc2cdd69d3ab64f94472eed1fc93b61df,0,0,0,0,0,
20200309,NY,88,,,,totalTestEncountersViral,695,,,,,,,,,,,,,,,,,,,,,695,,,,,,,,,,,,36,28,0,88,307,88,,0,0,e5b9a7b61793e3dfd6e7c941a3f02d6fa754fc48,0,0,0,0,0,
20200308,NY,60,,,,totalTestEncountersViral,388,,,,,,,,,,,,,,,,,,,,,388,,,,,,,,,,,,36,24,0,60,200,60,,0,0,ffc2521d3a8b7d1db4c71fd3ed42e3f29e779a56,0,0,0,0,0,
20200307,NY,36,,,236,totalTestEncountersViral,188,,,,,,,,,,,,,,,,,,,,,188,,,,,,,,,,,,36,11,0,272,66,36,,0,0,d8b00fdd707cfcec7e7dd5f580a0fad157a1f86c,0,0,0,0,0,
20200306,NY,25,,,236,totalTestEncountersViral,122,,,,,,,,,,,,,,,,,,,,,122,,,,,,,,,,,,36,22,0,261,92,25,,0,0,9e99ccc04e6d33397cc412ee1b0fbecddbaeecd8,0,0,0,0,0,
20200305,NY,3,,,24,totalTestEncountersViral,30,,,,,,,,,,,,,,,,,,,,,30,,,,,,,,,,,,36,2,0,27,20,3,,0,0,04e82e80db72556a73999ead493c993e90b8969e,0,0,0,0,0,
20200304,NY,1,,,24,totalTestEncountersViral,10,,,,,,,,,,,,,,,,,,,0,,10,,,,,,,,,,,,36,0,0,25,9,1,,0,0,3feb3bdb879194f81d11c8bbf994d8e3ea2a5252,0,0,0,0,0,
20200303,NY,1,,,,totalTestEncountersViral,1,,,,,,,,,,,,,,,,,,,,,1,,,,,,,,,,,,36,1,0,1,1,1,,0,0,9e3daed71a696c0c3fa30150ee6423a0a94de8f5,0,0,0,0,0,
20200302,NY,0,,,,totalTestEncountersViral,0,,,,,,,,,,,,,,,,,,,,,0,,,,,,,,,,,,36,0,0,0,0,0,,0,0,b348e3592c0b30cb944b37ddbc88044ceeeadfc9,0,0,0,0,0,
