date,state,positive,probableCases,negative,pending,totalTestResultsSource,totalTestResults,hospitalizedCurrently,hospitalizedCumulative,inIcuCurrently,inIcuCumulative,onVentilatorCurrently,onVentilatorCumulative,recovered,lastUpdateEt,dateModified,checkTimeEt,death,hospitalized,dateChecked,totalTestsViral,positiveTestsViral,negativeTestsViral,positiveCasesViral,deathConfirmed,deathProbable,totalTestEncountersViral,totalTestsPeopleViral,totalTestsAntibody,positiveTestsAntibody,negativeTestsAntibody,totalTestsPeopleAntibody,positiveTestsPeopleAntibody,negativeTestsPeopleAntibody,totalTestsPeopleAntigen,positiveTestsPeopleAntigen,totalTestsAntigen,positiveTestsAntigen,fips,positiveIncrease,negativeIncrease,total,totalTestResultsIncrease,posNeg,dataQualityGrade,deathIncrease,hospitalizedIncrease,hash,commercialScore,negativeRegularScore,negativeScore,positiveScore,score,grade
20210217,MD,372980,,2938416,,totalTestsViral,7519063,1096,34078,272,,,,9571,2/17/2021 10:00,2021-02-17T10:00:00Z,02/17 05:00,7630,34078,2021-02-17T10:00:00Z,7519063,454985,,372980,7449,181,,3311396,,,,193813,26456,167357,,,,,24,759,4835,3311396,23155,3311396,,18,98,668d40fd8071cddac68185373e4d7c899be0cfc1,0,0,0,0,0,
20210216,MD,372221,,2933581,,totalTestsViral,7495908,1110,33980,293,,,,9571,2/16/2021 10:00,2021-02-16T10:00:00Z,02/16 05:00,7612,33980,2021-02-16T10:00:00Z,7495908,453991,,372221,7430,182,,3305802,,,,191877,25610,166267,,,,,24,516,2843,3305802,9967,3305802,,32,77,5c8e68eb80af1d9adc3ba5d3b0ecfbb3ed724f1f,0,0,0,0,0,
20210215,MD,371705,,2930738,,totalTestsViral,7485941,1113,33903,285,,,,9569,2/15/2021 10:00,2021-02-15T10:00:00Z,02/15 05:00,7580,33903,2021-02-15T10:00:00Z,7485941,453329,,371705,7400,180,,3302443,,,,191877,25610,166267,,,,,24,722,4336,3302443,19761,3302443,,26,95,49fbfaa011fe90216ef13080f9518c36b04213fc,0,0,0,0,0,
20210214,MD,370983,,2926402,,totalTestsViral,7466180,1166,33808,293,,,,9569,2/14/2021 10:00,2021-02-14T10:00:00Z,02/14 05:00,7554,33808,2021-02-14T10:00:00Z,7466180,452414,,370983,7374,180,,3297385,,,,191877,25610,166267,,,,,24,847,5051,3297385,36438,3297385,,18,80,99080b70a325b4e7560b30c9b74a9585413f0d3f,0,0,0,0,0,
20210213,MD,370136,,2921351,,totalTestsViral,7429742,1192,33728,316,,,,9565,2/13/2021 10:00,2021-02-13T10:00:00Z,02/13 05:00,7536,33728,2021-02-13T10:00:00Z,7429742,451276,,370136,7356,180,,3291487,,,,191877,25610,166267,,,,,24,1159,7608,3291487,41128,3291487,,33,99,bcdaeba09846d191d9ebc37d4739a18a1920b559,0,0,0,0,0,
20210212,MD,368977,,2913743,,totalTestsViral,7388614,1225,33629,326,,,,9559,2/12/2021 10:00,2021-02-12T10:00:00Z,02/12 05:00,7503,33629,2021-02-12T10:00:00Z,7388614,449777,,368977,7324,179,,3282720,,,,191877,25610,166267,,,,,24,1112,7812,3282720,44606,3282720,,36,121,0aa91faea54e3c46db0218368cde4c6510d9b1a6,0,0,0,0,0,
20210211,MD,367865,,2905931,,totalTestsViral,7344008,1272,33508,324,,,,9554,2/11/2021 10:00,2021-02-11T10:00:00Z,02/11 05:00,7467,33508,2021-02-11T10:00:00Z,7344008,448364,,367865,7288,179,,3273796,,,,191877,25610,166267,,,,,24,1199,7395,3273796,39191,3273796,,21,110,ec85346ca9b6ee21e2742023ee72a63b705ed4b1,0,0,0,0,0,
20210210,MD,366666,,2898536,,totalTestsViral,7304817,1282,33398,324,,,,9526,2/10/2021 10:00,2021-02-10T10:00:00Z,02/10 05:00,7446,33398,2021-02-10T10:00:00Z,7304817,446903,,366666,7267,179,,3265202,,,,191877,25610,166267,,,,,24,1137,4880,3265202,30366,3265202,,33,110,a0efc383bba51c2a2a9abba9dfa5a4c7d9165275,0,0,0,0,0,
20210209,MD,365529,,2893656,,totalTestsViral,7274451,1377,33288,326,,,,9526,2/9/2021 10:00,2021-02-09T10:00:00Z,02/09 05:00,7413,33288,2021-02-09T10:00:00Z,7274451,445481,,365529,7234,179,,3259185,,,,189428,24579,164849,,,,,24,976,3417,3259185,14360,3259185,,41,101,48ecdd7eebe698cf8b77fba6fcbb083616c06167,0,0,0,0,0,
20210208,MD,364553,,2890239,,totalTestsViral,7260091,1413,33187,318,,,,9526,2/8/2021 10:00,2021-02-08T10:00:00Z,02/08 05:00,7372,33187,2021-02-08T10:00:00Z,7260091,444221,,364553,7193,179,,3254792,,,,189428,24579,164849,,,,,24,903,5187,3254792,22844,3254792,,23,122,ec79efb382d25cb3bec0eda9ce43c4a487064ef5,0,0,0,0,0,
20210207,MD,363650,,2885052,,totalTestsViral,7237247,1402,33065,326,,,,9525,2/7/2021 10:00,2021-02-07T10:00:00Z,02/07 05:00,7349,33065,2021-02-07T10:00:00Z,7237247,443007,,363650,7170,179,,3248702,,,,189428,24579,164849,,,,,24,1566,8174,3248702,48609,3248702,,20,202,1a692eb18fd3189f793fe2fe000badd5dd1c791a,0,0,0,0,0,
20210206,MD,362084,,2876878,,totalTestsViral,7188638,1419,32863,337,,,,9514,2/6/2021 10:00,2021-02-06T10:00:00Z,02/06 05:00,7329,32863,2021-02-06T10:00:00Z,7188638,439220,,362084,7150,179,,3238962,,,,189428,24579,164849,,,,,24,1500,6751,3238962,44020,3238962,,42,176,87671f30ee9795d5b2260882ebc37dfdecc88690,0,0,0,0,0,
20210205,MD,360584,,2870127,,totalTestsViral,7144618,1444,32687,341,,,,9514,2/5/2021 10:00,2021-02-05T10:00:00Z,02/05 05:00,7287,32687,2021-02-05T10:00:00Z,7144618,439220,,360584,7109,178,,3230711,,,,189428,24579,164849,,,,,24,1547,7637,3230711,42260,3230711,,36,156,6fc1c8d602f82cc5617a468962bd588517d2c9e0,0,0,0,0,0,
20210204,MD,359037,,2862490,,totalTestsViral,7102358,1426,32531,340,,,,9511,2/4/2021 10:00,2021-02-04T10:00:00Z,02/04 05:00,7251,32531,2021-02-04T10:00:00Z,7102358,437155,,359037,7074,177,,3221527,,,,189428,24579,164849,,,,,24,1554,8652,3221527,35487,3221527,,31,125,f202e74dd36f0b8884d87cacb1c10751f3caad3e,0,0,0,0,0,
20210203,MD,357483,,2853838,,totalTestsViral,7066871,1485,32406,361,,,,9511,2/3/2021 10:00,2021-02-03T10:00:00Z,02/03 05:00,7220,32406,2021-02-03T10:00:00Z,7066871,435241,,357483,7043,177,,3211321,,,,189428,24579,164849,,,,,24,942,2148,3211321,14607,3211321,,32,115,758b43aedf52a1c583f4166eeaa00d4b09ebd838,0,0,0,0,0,
20210202,MD,356541,,2851690,,totalTestsViral,7052264,1467,32291,366,,,,9502,2/2/2021 10:00,2021-02-02T10:00:00Z,02/02 05:00,7188,32291,2021-02-02T10:00:00Z,7052264,434121,,356541,7012,176,,3208231,,,,186392,23333,163059,,,,,24,905,3127,3208231,13702,3208231,,34,110,cb3c124bf3098c344710d50bbecce8f432fcb02f,0,0,0,0,0,
20210201,MD,355636,,2848563,,totalTestsViral,7038562,1437,32181,371,,,,9501,2/1/2021 10:00,2021-02-01T10:00:00Z,02/01 05:00,7154,32181,2021-02-01T10:00:00Z,7038562,433006,,355636,6978,176,,3204199,,,,186392,23333,163059,,,,,24,1163,7449,3204199,25408,3204199,,27,126,607f691f430c58071a0e0dfbfe0a0c99cf6d0757,0,0,0,0,0,
20210131,MD,354473,,2841114,,totalTestsViral,7013154,1471,32055,364,,,,9499,1/31/2021 10:00,2021-01-31T10:00:00Z,01/31 05:00,7127,32055,2021-01-31T10:00:00Z,7013154,429336,,354473,6951,176,,3195587,,,,186392,23333,163059,,,,,24,1747,9301,3195587,46230,3195587,,20,167,59b784dd67b63a28cd5cd9f6a013455246fb582a,0,0,0,0,0,
20210130,MD,352726,,2831813,,totalTestsViral,6966924,1560,31888,380,,,,9491,1/30/2021 10:00,2021-01-30T10:00:00Z,01/30 05:00,7107,31888,2021-01-30T10:00:00Z,6966924,429336,,352726,6931,176,,3184539,,,,186392,23333,163059,,,,,24,2097,10634,3184539,48616,3184539,,31,129,9b7bb342b980694a124f6198baa6bfc869d10978,0,0,0,0,0,
20210129,MD,350629,,2821179,,totalTestsViral,6918308,1616,31759,367,,,,9482,1/29/2021 10:00,2021-01-29T10:00:00Z,01/29 05:00,7076,31759,2021-01-29T10:00:00Z,6918308,426842,,350629,6900,176,,3171808,,,,186392,23333,163059,,,,,24,1880,10653,3171808,52783,3171808,,39,145,010f842adf27eea98aa7bcb79c7c740f655886d9,0,0,0,0,0,
20210128,MD,348749,,2810526,,totalTestsViral,6865525,1636,31614,376,,,,9482,1/28/2021 10:00,2021-01-28T10:00:00Z,01/28 05:00,7037,31614,2021-01-28T10:00:00Z,6865525,424593,,348749,6861,176,,3159275,,,,186392,23333,163059,,,,,24,2190,8555,3159275,46476,3159275,,41,146,c1863b544f5a2db39b2b86325a1b03fbccc93ae4,0,0,0,0,0,
20210127,MD,346559,,2801971,,totalTestsViral,6819049,1647,31468,374,,,,9479,1/27/2021 10:00,2021-01-27T10:00:00Z,01/27 05:00,6996,31468,2021-01-27T10:00:00Z,6819049,421831,,346559,6821,175,,3148530,,,,186392,23333,163059,,,,,24,1939,8555,3148530,34887,3148530,,33,138,bac988cb3fa68fff416034ecfe1015a3aa10d37a,0,0,0,0,0,
20210126,MD,344620,,2793416,,totalTestsViral,6784162,1642,31330,367,,,,9477,1/26/2021 10:00,2021-01-26T10:00:00Z,01/26 05:00,6963,31330,2021-01-26T10:00:00Z,6784162,419497,,344620,6788,175,,3138036,,,,183103,22101,161002,,,,,24,1482,6332,3138036,25926,3138036,,63,142,32dee5b2e42c6106d48a05ad4c8339674f7083c4,0,0,0,0,0,
20210125,MD,343138,,2787084,,totalTestsViral,6758236,1669,31188,395,,,,9476,1/25/2021 10:00,2021-01-25T10:00:00Z,01/25 05:00,6900,31188,2021-01-25T10:00:00Z,6758236,417738,,343138,6726,174,,3130222,,,,183103,22101,161002,,,,,24,1686,7679,3130222,34734,3130222,,35,154,15cf7686dea5d5dbeff2cdb2a4d94ad8a3c8b216,0,0,0,0,0,
20210124,MD,341452,,2779405,,totalTestsViral,6723502,1668,31034,392,,,,9474,1/24/2021 10:00,2021-01-24T10:00:00Z,01/24 05:00,6865,31034,2021-01-24T10:00:00Z,6723502,415608,,341452,6690,175,,3120857,,,,183103,22101,161002,,,,,24,2145,7679,3120857,45247,3120857,,28,168,9b530de0a134b4f1f1601b4000a8aa6827c9e978,0,0,0,0,0,
20210123,MD,339307,,2771726,,totalTestsViral,6678255,1717,30866,405,,,,9471,1/23/2021 10:00,2021-01-23T10:00:00Z,01/23 05:00,6837,30866,2021-01-23T10:00:00Z,6678255,413118,,339307,6662,175,,3111033,,,,183103,22101,161002,,,,,24,2392,11008,3111033,47691,3111033,,45,169,62be897549039705b744c1451e79927bc2afdd64,0,0,0,0,0,
20210122,MD,336915,,2760718,,totalTestsViral,6630564,1768,30697,424,,,,9469,1/22/2021 10:00,2021-01-22T10:00:00Z,01/22 05:00,6792,30697,2021-01-22T10:00:00Z,6630564,410142,,336915,6617,175,,3097633,,,,183103,22101,161002,,,,,24,2396,11091,3097633,51989,3097633,,57,199,167bef66549a010037bc1ad3de7a037b5653340d,0,0,0,0,0,
20210121,MD,334519,,2749627,,totalTestsViral,6578575,1812,30498,424,,,,9459,1/21/2021 10:00,2021-01-21T10:00:00Z,01/21 05:00,6735,30498,2021-01-21T10:00:00Z,6578575,407168,,334519,6560,175,,3084146,,,,183103,22101,161002,,,,,24,2166,9466,3084146,37523,3084146,,46,171,0741a6dd4c61a12b01a17cb87cda4eb83f7c64a7,0,0,0,0,0,
20210120,MD,332353,,2740161,,totalTestsViral,6541052,1858,30327,420,,,,9457,1/20/2021 10:00,2021-01-20T10:00:00Z,01/20 05:00,6689,30327,2021-01-20T10:00:00Z,6541052,404342,,332353,6514,175,,3072514,,,,183103,22101,161002,,,,,24,2167,8240,3072514,30896,3072514,,39,170,4a90e6c1ba08f5c3aa1c1ec228fe86ac60ef44b1,0,0,0,0,0,
20210119,MD,330186,,2731921,,totalTestsViral,6510156,1875,30157,411,,,,9456,1/19/2021 10:00,2021-01-19T10:00:00Z,01/19 05:00,6650,30157,2021-01-19T10:00:00Z,6510156,401702,,330186,6476,174,,3062107,,,,179774,20915,158859,,,,,24,1972,7430,3062107,29370,3062107,,54,315,f8b65badc9bd3f65d5a6272f95551e162b8c8c18,0,0,0,0,0,
20210118,MD,328214,,2724491,,totalTestsViral,6480786,1850,29842,421,,,,9455,1/18/2021 10:00,2021-01-18T10:00:00Z,01/18 05:00,6596,29842,2021-01-18T10:00:00Z,6480786,399284,,328214,6423,173,,3052705,,,,179774,20915,158859,,,,,24,1769,8027,3052705,25738,3052705,,29,211,deb3ed01da5f10a6f57f59479ebed926adc008a0,0,0,0,0,0,
20210117,MD,326445,,2716464,,totalTestsViral,6455048,1823,29631,408,,,,9454,1/17/2021 10:00,2021-01-17T10:00:00Z,01/17 05:00,6567,29631,2021-01-17T10:00:00Z,6455048,393883,,326445,6394,173,,3042909,,,,179774,20915,158859,,,,,24,2414,11257,3042909,46725,3042909,,26,219,962047e4f6ea5662b193fcbc7f7c1160d92884ee,0,0,0,0,0,
20210116,MD,324031,,2705207,,totalTestsViral,6408323,1821,29412,412,,,,9451,1/16/2021 10:00,2021-01-16T10:00:00Z,01/16 05:00,6541,29412,2021-01-16T10:00:00Z,6408323,393883,,324031,6369,172,,3029238,,,,179774,20915,158859,,,,,24,3292,13534,3029238,55848,3029238,,47,127,e0b97d7c3ccd291de5ffc7eca45582b1fe81e635,0,0,0,0,0,
20210115,MD,320739,,2691673,,totalTestsViral,6352475,1848,29285,421,,,,9444,1/15/2021 10:00,2021-01-15T10:00:00Z,01/15 05:00,6494,29285,2021-01-15T10:00:00Z,6352475,389956,,320739,6322,172,,3012412,,,,179774,20915,158859,,,,,24,2924,12328,3012412,54297,3012412,,45,162,547d386a401e61b64048b926bef45930997db413,0,0,0,0,0,
20210114,MD,317815,,2679345,,totalTestsViral,6298178,1843,29123,425,,,,9443,1/14/2021 10:00,2021-01-14T10:00:00Z,01/14 05:00,6449,29123,2021-01-14T10:00:00Z,6298178,386395,,317815,6277,172,,2997160,,,,179774,20915,158859,,,,,24,2948,11783,2997160,43825,2997160,,45,137,9eeba76b3779f52c6c6bf77d85d1e865c90929a2,0,0,0,0,0,
20210113,MD,314867,,2667562,,totalTestsViral,6254353,1929,28986,454,,,,9439,1/13/2021 10:00,2021-01-13T10:00:00Z,01/13 05:00,6404,28986,2021-01-13T10:00:00Z,6254353,382784,,314867,6233,171,,2982429,,,,179774,20915,158859,,,,,24,2516,8820,2982429,34334,2982429,,37,126,11412d2dfbefe86038bcb412052e525d8c86e753,0,0,0,0,0,
20210112,MD,312351,,2658742,,totalTestsViral,6220019,1952,28860,456,,,,9434,1/12/2021 10:00,2021-01-12T10:00:00Z,01/12 05:00,6367,28860,2021-01-12T10:00:00Z,6220019,379748,,312351,6196,171,,2971093,,,,173751,19059,154692,,,,,24,2665,9164,2971093,31254,2971093,,66,129,2ee8e405e10bb72549ea82201c17c6af6e0b4c98,0,0,0,0,0,
20210111,MD,309686,,2649578,,totalTestsViral,6188765,1957,28731,447,,,,9431,1/11/2021 10:00,2021-01-11T10:00:00Z,01/11 05:00,6301,28731,2021-01-11T10:00:00Z,6188765,376250,,309686,6129,172,,2959264,,,,173751,19059,154692,,,,,24,3012,13513,2959264,43520,2959264,,29,208,b74e726b12b12626376a91ed30a7c0a4d1d5f32e,0,0,0,0,0,
20210110,MD,306674,,2636065,,totalTestsViral,6145245,1950,28523,485,,,,9427,1/10/2021 10:00,2021-01-10T10:00:00Z,01/10 05:00,6272,28523,2021-01-10T10:00:00Z,6145245,372717,,306674,6100,172,,2942739,,,,173751,19059,154692,,,,,24,3310,14820,2942739,60177,2942739,,26,227,62719a3da061a3c9418b73f47b3b1fb15bffd9c1,0,0,0,0,0,
20210109,MD,303364,,2621245,,totalTestsViral,6085068,1877,28296,449,,,,9427,1/9/2021 10:00,2021-01-09T10:00:00Z,01/09 05:00,6246,28296,2021-01-09T10:00:00Z,6085068,368626,,303364,6075,171,,2924609,,,,173751,19059,154692,,,,,24,3758,12654,2924609,55586,2924609,,30,228,033d01b9ebf53dcb71830a6600183ee93eec71a4,0,0,0,0,0,
20210108,MD,299606,,2608591,,totalTestsViral,6029482,1885,28068,447,,,,9419,1/8/2021 10:00,2021-01-08T10:00:00Z,01/08 05:00,6216,28068,2021-01-08T10:00:00Z,6029482,359707,,299606,6047,169,,2908197,,,,173751,19059,154692,,,,,24,3732,12977,2908197,57050,2908197,,43,168,1b914c1c5b526f00d7c31979adba06b99d017435,0,0,0,0,0,
20210107,MD,295874,,2595614,,totalTestsViral,5972432,1834,27900,427,,,,9404,1/7/2021 10:00,2021-01-07T10:00:00Z,01/07 05:00,6173,27900,2021-01-07T10:00:00Z,5972432,359707,,295874,6004,169,,2891488,,,,173751,19059,154692,,,,,24,2970,9368,2891488,39652,2891488,,41,189,c19532ea0164cec7c340ccb12dabddabb54d6d13,0,0,0,0,0,
20210106,MD,292904,,2586246,,totalTestsViral,5932780,1862,27711,444,,,,9391,1/6/2021 10:00,2021-01-06T10:00:00Z,01/06 05:00,6132,27711,2021-01-06T10:00:00Z,5932780,356165,,292904,5960,172,,2879150,,,,173751,19059,154692,,,,,24,3146,10904,2879150,38281,2879150,,50,169,39f5074c3a879a0fff7227b1f42596c76d4e8de8,0,0,0,0,0,
20210105,MD,289758,,2575342,,totalTestsViral,5894499,1771,27542,410,,,,9388,1/5/2021 10:00,2021-01-05T10:00:00Z,01/05 05:00,6082,27542,2021-01-05T10:00:00Z,5894499,352155,,289758,5913,169,,2865100,,,,173751,19059,154692,,,,,24,1956,5670,2865100,24882,2865100,,55,175,b6973e0ac01cfe7223aff9a7d4c81c8dd140bdc2,0,0,0,0,0,
20210104,MD,287802,,2569672,,totalTestsViral,5869617,1751,27367,418,,,,9383,1/4/2021 10:00,2021-01-04T10:00:00Z,01/04 05:00,6027,27367,2021-01-04T10:00:00Z,5869617,349733,,287802,5859,168,,2857474,,,,173751,19059,154692,,,,,24,2483,11291,2857474,35491,2857474,,33,171,395e95dd360ea6b24add734159b3fd2d87afb274,0,0,0,0,0,
20210103,MD,285319,,2558381,,totalTestsViral,5834126,1709,27196,412,,,,9378,1/3/2021 10:00,2021-01-03T10:00:00Z,01/03 05:00,5994,27196,2021-01-03T10:00:00Z,5834126,346444,,285319,5826,168,,2843700,,,,173751,19059,154692,,,,,24,2148,7841,2843700,26460,2843700,,27,145,322e22c02fb248786cb4f3ff09f07e29c6986af6,0,0,0,0,0,
20210102,MD,283171,,2550540,,totalTestsViral,5807666,1692,27051,415,,,,9374,1/2/2021 10:00,2021-01-02T10:00:00Z,01/02 05:00,5967,27051,2021-01-02T10:00:00Z,5807666,343848,,283171,5799,168,,2833711,,,,173751,19059,154692,,,,,24,2952,12398,2833711,46132,2833711,,25,232,1496328db6849ba200fb8ff85f90aa6239201450,0,0,0,0,0,
20210101,MD,280219,,2538142,,totalTestsViral,5761534,1734,26819,388,,,,9358,1/1/2021 10:00,2021-01-01T10:00:00Z,01/01 05:00,5942,26819,2021-01-01T10:00:00Z,5761534,340048,,280219,5774,168,,2818361,,,,173751,19059,154692,,,,,24,3557,12336,2818361,53504,2818361,,47,183,284b39fc5500f000daa038ac74629d460efd53af,0,0,0,0,0,
20201231,MD,276662,,2525806,,totalTestsViral,5708030,1773,26636,399,,,,9355,12/31/2020 10:00,2020-12-31T10:00:00Z,12/31 05:00,5895,26636,2020-12-31T10:00:00Z,5708030,335400,,276662,5727,168,,2802468,,,,173751,19059,154692,,,,,24,2973,8950,2802468,35350,2802468,,47,189,aa784da0a6e15e229d006f331c3d842855d36e35,0,0,0,0,0,
20201230,MD,273689,,2516856,,totalTestsViral,5672680,1756,26447,410,,,,9302,12/30/2020 10:00,2020-12-30T10:00:00Z,12/30 05:00,5848,26447,2020-12-30T10:00:00Z,5672680,331887,,273689,5681,167,,2790545,,,,173751,19059,154692,,,,,24,2628,8777,2790545,40279,2790545,,45,200,991e3d325e484c67120cfed15cc2ced22b13384b,0,0,0,0,0,
20201229,MD,271061,,2508079,,totalTestsViral,5632401,1725,26247,420,,,,9302,12/29/2020 10:00,2020-12-29T10:00:00Z,12/29 05:00,5803,26247,2020-12-29T10:00:00Z,5632401,328355,,271061,5636,167,,2779140,,,,171409,18370,153039,,,,,24,1878,5754,2779140,20710,2779140,,63,169,343b3047ab278f0afc0d54cb1b2d520cf1e88493,0,0,0,0,0,
20201228,MD,269183,,2502325,,totalTestsViral,5611691,1738,26078,423,,,,9300,12/28/2020 10:00,2020-12-28T10:00:00Z,12/28 05:00,5740,26078,2020-12-28T10:00:00Z,5611691,325932,,269183,5573,167,,2771508,,,,171409,18370,153039,,,,,24,1985,11384,2771508,38928,2771508,,28,227,22a96316313bd0c07681add97b10d1826f466632,0,0,0,0,0,
20201227,MD,267198,,2490941,,totalTestsViral,5572763,1692,25851,418,,,,9300,12/27/2020 10:00,2020-12-27T10:00:00Z,12/27 05:00,5712,25851,2020-12-27T10:00:00Z,5572763,323186,,267198,5545,167,,2758139,,,,171409,18370,153039,,,,,24,1758,8221,2758139,26728,2758139,,32,134,cc760a3dcf09e1c5f7e630a7f078bf2ce63a4164,0,0,0,0,0,
20201226,MD,265440,,2482720,,totalTestsViral,5546035,1685,25717,424,,,,9272,12/26/2020 10:00,2020-12-26T10:00:00Z,12/26 05:00,5680,25717,2020-12-26T10:00:00Z,5546035,320964,,265440,5514,166,,2748160,,,,171409,18370,153039,,,,,24,2280,10916,2748160,38087,2748160,,21,176,f969d406b4383a8933d0e8c33cc3a9e760ba35e3,0,0,0,0,0,
20201225,MD,263160,,2471804,,totalTestsViral,5507948,1721,25541,424,,,,9272,12/25/2020 10:00,2020-12-25T10:00:00Z,12/25 05:00,5659,25541,2020-12-25T10:00:00Z,5507948,315361,,263160,5493,166,,2734964,,,,171409,18370,153039,,,,,24,2432,11313,2734964,42080,2734964,,32,469,3f7af73d0c864203276c0a9d400c1c0958c43c19,0,0,0,0,0,
20201224,MD,260728,,2460491,,totalTestsViral,5465868,1760,25072,426,,,,9197,12/24/2020 10:00,2020-12-24T10:00:00Z,12/24 05:00,5627,25072,2020-12-24T10:00:00Z,5465868,315361,,260728,5462,165,,2721219,,,,171409,18370,153039,,,,,24,2866,13413,2721219,45869,2721219,,59,0,be671ec810b3f209d457fd1a3d0cc4bc1a067587,0,0,0,0,0,
20201223,MD,257862,,2447078,,totalTestsViral,5419999,1776,25072,419,,,,9197,12/23/2020 10:00,2020-12-23T10:00:00Z,12/23 05:00,5568,25072,2020-12-23T10:00:00Z,5419999,311814,,257862,5402,166,,2704940,,,,171409,18370,153039,,,,,24,2465,11725,2704940,39810,2704940,,49,117,b46209172c1fec699a98f31b8c5519b02e949975,0,0,0,0,0,
20201222,MD,255397,,2435353,,totalTestsViral,5380189,1717,24955,400,,,,9128,12/22/2020 10:00,2020-12-22T10:00:00Z,12/22 05:00,5519,24955,2020-12-22T10:00:00Z,5380189,308655,,255397,5353,166,,2690750,,,,168378,17546,150832,,,,,24,2324,14936,2690750,55698,2690750,,48,197,62437fc0b69a5db50c3becec803639d07a704a14,0,0,0,0,0,
20201221,MD,253073,,2420417,,totalTestsViral,5324491,1676,24758,399,,,,9128,12/21/2020 10:00,2020-12-21T10:00:00Z,12/21 05:00,5471,24758,2020-12-21T10:00:00Z,5324491,304829,,253073,5302,169,,2673490,,,,168378,17546,150832,,,,,24,2265,12634,2673490,40320,2673490,,23,135,8c7a8b6262e826f0eb2c6b80fec952bce38a4d86,0,0,0,0,0,
20201220,MD,250808,,2407783,,totalTestsViral,5284171,1662,24623,406,,,,9114,12/20/2020 10:00,2020-12-20T10:00:00Z,12/20 05:00,5448,24623,2020-12-20T10:00:00Z,5284171,301795,,250808,5279,169,,2658591,,,,168378,17546,150832,,,,,24,2054,11063,2658591,42612,2658591,,36,201,6839d3943bec41404af70e3cb9ebdde750ca0e9a,0,0,0,0,0,
20201219,MD,248754,,2396720,,totalTestsViral,5241559,1635,24422,385,,,,9098,12/19/2020 10:00,2020-12-19T10:00:00Z,12/19 05:00,5412,24422,2020-12-19T10:00:00Z,5241559,299395,,248754,5242,170,,2645474,,,,168378,17546,150832,,,,,24,2201,9543,2645474,36405,2645474,,54,112,05f385b0231f5341f098162b9f13ff3814ad0bdd,0,0,0,0,0,
20201218,MD,246553,,2387177,,totalTestsViral,5205154,1686,24310,399,,,,9064,12/18/2020 10:00,2020-12-18T10:00:00Z,12/18 05:00,5358,24310,2020-12-18T10:00:00Z,5205154,296808,,246553,5188,170,,2633730,,,,168378,17546,150832,,,,,24,2569,12635,2633730,44178,2633730,,39,174,fdd123d5647daa89bdc256514eb5a4f8130247e8,0,0,0,0,0,
20201217,MD,243984,,2374542,,totalTestsViral,5160976,1702,24136,394,,,,9044,12/17/2020 10:00,2020-12-17T10:00:00Z,12/17 05:00,5319,24136,2020-12-17T10:00:00Z,5160976,293698,,243984,5152,167,,2618526,,,,168378,17546,150832,,,,,24,2217,8698,2618526,29546,2618526,,49,228,23296f8daa26c3ae232feac87e27c642caa6da0c,0,0,0,0,0,
20201216,MD,241767,,2365844,,totalTestsViral,5131430,1762,23908,399,,,,8966,12/16/2020 10:00,2020-12-16T10:00:00Z,12/16 05:00,5270,23908,2020-12-16T10:00:00Z,5131430,290913,,241767,5103,167,,2607611,,,,168378,17546,150832,,,,,24,2405,11329,2607611,36858,2607611,,64,197,8b6e509ca91b32e4b7dad9d000b938ccb25616e5,0,0,0,0,0,
20201215,MD,239362,,2354515,,totalTestsViral,5094572,1799,23711,411,,,,8958,12/15/2020 10:00,2020-12-15T10:00:00Z,12/15 05:00,5206,23711,2020-12-15T10:00:00Z,5094572,287692,,239362,5039,167,,2593877,,,,164680,16775,147905,,,,,24,2401,10492,2593877,33185,2593877,,64,153,a2bb5109c0de82935cde361c2457986b7b9effbd,0,0,0,0,0,
20201214,MD,236961,,2344023,,totalTestsViral,5061387,1742,23558,404,,,,8951,12/14/2020 10:00,2020-12-14T10:00:00Z,12/14 05:00,5142,23558,2020-12-14T10:00:00Z,5061387,284843,,236961,4978,164,,2580984,,,,164680,16775,147905,,,,,24,2314,13022,2580984,40010,2580984,,25,165,c83a36eb18003cf3fdec3d1ccb62acfca288153b,0,0,0,0,0,
20201213,MD,234647,,2331001,,totalTestsViral,5021377,1679,23393,424,,,,8944,12/13/2020 10:00,2020-12-13T10:00:00Z,12/13 05:00,5117,23393,2020-12-13T10:00:00Z,5021377,281931,,234647,4954,163,,2565648,,,,164680,16775,147905,,,,,24,2638,15556,2565648,51393,2565648,,17,204,d08e9426b49267d962858afa729d736581a3212e,0,0,0,0,0,
20201212,MD,232009,,2315445,,totalTestsViral,4969984,1719,23189,406,,,,8938,12/12/2020 10:00,2020-12-12T10:00:00Z,12/12 05:00,5100,23189,2020-12-12T10:00:00Z,4969984,278541,,232009,4937,163,,2547454,,,,164680,16775,147905,,,,,24,3538,16756,2547454,65832,2547454,,36,180,a1d9700f89c027881d974038566839bf4cdb7a8a,0,0,0,0,0,
20201211,MD,228471,,2298689,,totalTestsViral,4904152,1729,23009,416,,,,8910,12/11/2020 10:00,2020-12-11T10:00:00Z,12/11 05:00,5064,23009,2020-12-11T10:00:00Z,4904152,274107,,228471,4901,163,,2527160,,,,164680,16775,147905,,,,,24,2616,14338,2527160,48197,2527160,,52,176,b7b175636a7a83082abc9ab282b1c5d984d766c2,0,0,0,0,0,
20201210,MD,225855,,2284351,,totalTestsViral,4855955,1720,22833,416,,,,8878,12/10/2020 10:00,2020-12-10T10:00:00Z,12/10 05:00,5012,22833,2020-12-10T10:00:00Z,4855955,270854,,225855,4850,162,,2510206,,,,164680,16775,147905,,,,,24,3202,16766,2510206,49110,2510206,,50,211,018390eb37c03e1822cbddfcfbd35adc14775f83,0,0,0,0,0,
20201209,MD,222653,,2267585,,totalTestsViral,4806845,1715,22622,416,,,,8833,12/9/2020 10:00,2020-12-09T10:00:00Z,12/09 05:00,4962,22622,2020-12-09T10:00:00Z,4806845,267020,,222653,4801,161,,2490238,,,,164680,16775,147905,,,,,24,2692,13071,2490238,36013,2490238,,46,201,44a444ec32efd55e08449f4bc950a86ab3552137,0,0,0,0,0,
20201208,MD,219961,,2254514,,totalTestsViral,4770832,1653,22421,396,,,,8801,12/8/2020 10:00,2020-12-08T10:00:00Z,12/08 05:00,4916,22421,2020-12-08T10:00:00Z,4770832,263785,,219961,4755,161,,2474475,,,,160122,15776,144346,,,,,24,2632,13814,2474475,40400,2474475,,51,162,3e6609b019012e348359c2081aa13d7aec8ab6c2,0,0,0,0,0,
20201207,MD,217329,,2240700,,totalTestsViral,4730432,1561,22259,388,,,,8797,12/7/2020 10:00,2020-12-07T10:00:00Z,12/07 05:00,4865,22259,2020-12-07T10:00:00Z,4730432,260509,,217329,4705,160,,2458029,,,,160122,15776,144346,,,,,24,2302,15105,2458029,44956,2458029,,19,164,be41702d811283c1b793ab3bef6cb86dc2026819,0,0,0,0,0,
20201206,MD,215027,,2225595,,totalTestsViral,4685476,1576,22095,393,,,,8785,12/6/2020 10:00,2020-12-06T10:00:00Z,12/06 05:00,4846,22095,2020-12-06T10:00:00Z,4685476,257412,,215027,4685,161,,2440622,,,,160122,15776,144346,,,,,24,2643,14799,2440622,48348,2440622,,26,183,0e46e38dfadbda988b165304c1a0b384e88dfaea,0,0,0,0,0,
20201205,MD,212384,,2210796,,totalTestsViral,4637128,1598,21912,379,,,,8780,12/5/2020 10:00,2020-12-05T10:00:00Z,12/05 05:00,4820,21912,2020-12-05T10:00:00Z,4637128,254161,,212384,4659,161,,2423180,,,,160122,15776,144346,,,,,24,3193,16700,2423180,53900,2423180,,30,156,cf05d9306e1ec46f8ec6a62f4ce948ad10aff140,0,0,0,0,0,
20201204,MD,209191,,2194096,,totalTestsViral,4583228,1594,21756,367,,,,8751,12/4/2020 10:00,2020-12-04T10:00:00Z,12/04 05:00,4790,21756,2020-12-04T10:00:00Z,4583228,250295,,209191,4630,160,,2403287,,,,160122,15776,144346,,,,,24,3792,16154,2403287,55912,2403287,,26,198,6bd2f7ff42cf3b80f19344f8d0a365ad3bd4facb,0,0,0,0,0,
20201203,MD,205399,,2177942,,totalTestsViral,4527316,1573,21558,364,,,,8675,12/3/2020 10:00,2020-12-03T10:00:00Z,12/03 05:00,4764,21558,2020-12-03T10:00:00Z,4527316,245667,,205399,4606,158,,2383341,,,,160122,15776,144346,,,,,24,2044,9939,2383341,31305,2383341,,49,163,554f652ba20d0e30e6cfbd171ba6935f68609d78,0,0,0,0,0,
20201202,MD,203355,,2168003,,totalTestsViral,4496011,1578,21395,359,,,,8648,12/2/2020 10:00,2020-12-02T10:00:00Z,12/02 05:00,4715,21395,2020-12-02T10:00:00Z,4496011,243152,,203355,4558,157,,2371358,,,,160122,15776,144346,,,,,24,2220,11427,2371358,35566,2371358,,42,189,e8263bbf150944b0ce778f3fd46210d81d9eabd6,0,0,0,0,0,
20201201,MD,201135,,2156576,,totalTestsViral,4460445,1583,21206,350,,,,8613,12/1/2020 10:00,2020-12-01T10:00:00Z,12/01 05:00,4673,21206,2020-12-01T10:00:00Z,4460445,240267,,201135,4516,157,,2357711,,,,158510,15413,143097,,,,,24,2765,10037,2357711,30696,2357711,,32,155,c9a30efc68816b7ca9d2ca90e17bfef7d61d4441,0,0,0,0,0,
20201130,MD,198370,,2146539,,totalTestsViral,4429749,1527,21051,344,,,,8608,11/30/2020 10:00,2020-11-30T10:00:00Z,11/30 05:00,4641,21051,2020-11-30T10:00:00Z,4429749,237188,,198370,4486,155,,2344909,,,,158510,15413,143097,,,,,24,1923,10147,2344909,27350,2344909,,16,174,f19868d722757ad6794769b03f933bc96c18b552,0,0,0,0,0,
20201129,MD,196447,,2136392,,totalTestsViral,4402399,1461,20877,359,,,,8607,11/29/2020 10:00,2020-11-29T10:00:00Z,11/29 05:00,4625,20877,2020-11-29T10:00:00Z,4402399,234821,,196447,4470,155,,2332839,,,,158510,15413,143097,,,,,24,1999,13270,2332839,39249,2332839,,23,164,c584e2aca0ce579f20534dfca1332d864519e00c,0,0,0,0,0,
20201128,MD,194448,,2123122,,totalTestsViral,4363150,1446,20713,351,,,,8599,11/28/2020 10:00,2020-11-28T10:00:00Z,11/28 05:00,4602,20713,2020-11-28T10:00:00Z,4363150,232458,,194448,4447,155,,2317570,,,,158510,15413,143097,,,,,24,1590,10435,2317570,27708,2317570,,33,201,10955c797bfa114635dd84306a89e172949fba14,0,0,0,0,0,
20201127,MD,192858,,2112687,,totalTestsViral,4335442,1435,20512,343,,,,8565,11/27/2020 10:00,2020-11-27T10:00:00Z,11/27 05:00,4569,20512,2020-11-27T10:00:00Z,4335442,230545,,192858,4414,155,,2305545,,,,158510,15413,143097,,,,,24,2378,16000,2305545,47320,2305545,,22,232,cdda04adb3fdf8bf1729eee3c7550b0d9817e4ce,0,0,0,0,0,
20201126,MD,190480,,2096687,,totalTestsViral,4288122,1453,20280,339,,,,8561,11/26/2020 10:00,2020-11-26T10:00:00Z,11/26 05:00,4547,20280,2020-11-26T10:00:00Z,4288122,227713,,190480,4392,155,,2287167,,,,158510,15413,143097,,,,,24,2319,14188,2287167,41771,2287167,,29,212,04adb43374b1d6dc1a91907ca55af0b4bfe0e207,0,0,0,0,0,
20201125,MD,188161,,2082499,,totalTestsViral,4246351,1406,20068,308,,,,8549,11/25/2020 10:00,2020-11-25T10:00:00Z,11/25 05:00,4518,20068,2020-11-25T10:00:00Z,4246351,224826,,188161,4363,155,,2270660,,,,158510,15413,143097,,,,,24,2697,15939,2270660,45515,2270660,,37,154,35fbbd2dbd6789462a2f5ea0f33b1f91460a8014,0,0,0,0,0,
20201124,MD,185464,,2066560,,totalTestsViral,4200836,1341,19914,314,,,,8517,11/24/2020 10:00,2020-11-24T10:00:00Z,11/24 05:00,4481,19914,2020-11-24T10:00:00Z,4200836,221744,,185464,4325,156,,2252024,,,,155805,14868,140937,,,,,24,1667,11865,2252024,29162,2252024,,33,145,a29ed0044802813dbe08eec303ed9c2364e59226,0,0,0,0,0,
20201123,MD,183797,,2054695,,totalTestsViral,4171674,1276,19769,289,,,,8511,11/23/2020 10:00,2020-11-23T10:00:00Z,11/23 05:00,4448,19769,2020-11-23T10:00:00Z,4171674,219779,,183797,4293,155,,2238492,,,,155805,14868,140937,,,,,24,1658,11445,2238492,30947,2238492,,14,133,ddd8ef9bd4b7b6645c57838825d093b3cd1bee1f,0,0,0,0,0,
20201122,MD,182139,,2043250,,totalTestsViral,4140727,1237,19636,268,,,,8506,11/22/2020 10:00,2020-11-22T10:00:00Z,11/22 05:00,4434,19636,2020-11-22T10:00:00Z,4140727,217845,,182139,4279,155,,2225389,,,,155805,14868,140937,,,,,24,2168,16932,2225389,49895,2225389,,19,202,d9c3f779e05cb1bc2ea72f7da184b4156c28d460,0,0,0,0,0,
20201121,MD,179971,,2026318,,totalTestsViral,4090832,1229,19434,278,,,,8498,11/21/2020 10:00,2020-11-21T10:00:00Z,11/21 05:00,4415,19434,2020-11-21T10:00:00Z,4090832,215371,,179971,4261,154,,2206289,,,,155805,14868,140937,,,,,24,2885,17973,2206289,51510,2206289,,17,152,65fa3aeb063db0ab19f2d3c5cc74aadf985902e3,0,0,0,0,0,
20201120,MD,177086,,2008345,,totalTestsViral,4039322,1207,19282,261,,,,8474,11/20/2020 10:00,2020-11-20T10:00:00Z,11/20 05:00,4398,19282,2020-11-20T10:00:00Z,4039322,212068,,177086,4245,153,,2185431,,,,155805,14868,140937,,,,,24,2353,13570,2185431,41252,2185431,,26,148,30d8c977b4513221dbd28a3559187eff0f4ceaa9,0,0,0,0,0,
20201119,MD,174733,,1994775,,totalTestsViral,3998070,1192,19134,260,,,,8441,11/19/2020 10:00,2020-11-19T10:00:00Z,11/19 05:00,4372,19134,2020-11-19T10:00:00Z,3998070,209359,,174733,4220,152,,2169508,,,,155805,14868,140937,,,,,24,2910,17263,2169508,43963,2169508,,21,175,1f3cd576f7e08fa720b75725954122cb1c938ac7,0,0,0,0,0,
20201118,MD,171823,,1977512,,totalTestsViral,3954107,1144,18959,270,,,,8421,11/18/2020 10:00,2020-11-18T10:00:00Z,11/18 05:00,4351,18959,2020-11-18T10:00:00Z,3954107,205861,,171823,4201,150,,2149335,,,,155805,14868,140937,,,,,24,2018,11716,2149335,31801,2149335,,16,147,c4da3f855a317ea9c0cc2a072ece513573313135,0,0,0,0,0,
20201117,MD,169805,,1965796,,totalTestsViral,3922306,1046,18812,255,,,,8408,11/17/2020 10:00,2020-11-17T10:00:00Z,11/17 05:00,4335,18812,2020-11-17T10:00:00Z,3922306,203530,,169805,4186,149,,2135601,,,,152750,14367,138383,,,,,24,2149,10177,2135601,27740,2135601,,26,124,b16ec41b969091231301a1f602177f5516f7f203,0,0,0,0,0,
20201116,MD,167656,,1955619,,totalTestsViral,3894566,985,18688,237,,,,8380,11/16/2020 10:00,2020-11-16T10:00:00Z,11/16 05:00,4309,18688,2020-11-16T10:00:00Z,3894566,201117,,167656,4160,149,,2123275,,,,152750,14367,138383,,,,,24,1726,11083,2123275,34833,2123275,,7,112,ec2ed8dd5541bcb6cb5d1cad5e8d44fa515c9417,0,0,0,0,0,
20201115,MD,165930,,1944536,,totalTestsViral,3859733,938,18576,238,,,,8374,11/15/2020 10:00,2020-11-15T10:00:00Z,11/15 05:00,4302,18576,2020-11-15T10:00:00Z,3859733,199077,,165930,4153,149,,2110466,,,,152750,14367,138383,,,,,24,1840,10457,2110466,28574,2110466,,9,118,cbefb8b7910911c3f62bd2796545cfaea53d9378,0,0,0,0,0,
20201114,MD,164090,,1934079,,totalTestsViral,3831159,921,18458,218,,,,8362,11/14/2020 10:00,2020-11-14T10:00:00Z,11/14 05:00,4293,18458,2020-11-14T10:00:00Z,3831159,197046,,164090,4144,149,,2098169,,,,152750,14367,138383,,,,,24,2321,11546,2098169,37627,2098169,,20,177,0b9f38f190a5749aa49154236948e96352fa5e36,0,0,0,0,0,
20201113,MD,161769,,1922533,,totalTestsViral,3793532,914,18281,208,,,,8343,11/13/2020 10:00,2020-11-13T10:00:00Z,11/13 05:00,4273,18281,2020-11-13T10:00:00Z,3793532,194537,,161769,4124,149,,2084302,,,,152750,14367,138383,,,,,24,1869,10448,2084302,32019,2084302,,12,142,39a116663d50e46ec5821fab67d236f4432dfca4,0,0,0,0,0,
20201112,MD,159900,,1912085,,totalTestsViral,3761513,863,18139,199,,,,8323,11/12/2020 10:00,2020-11-12T10:00:00Z,11/12 05:00,4261,18139,2020-11-12T10:00:00Z,3761513,192393,,159900,4112,149,,2071985,,,,152750,14367,138383,,,,,24,1477,9672,2071985,31598,2071985,,12,127,005b7d80913daeeb46d96f59c5aed6ea5a12d54c,0,0,0,0,0,
20201111,MD,158423,,1902413,,totalTestsViral,3729915,805,18012,193,,,,8313,11/11/2020 10:00,2020-11-11T10:00:00Z,11/11 05:00,4249,18012,2020-11-11T10:00:00Z,3729915,190702,,158423,4100,149,,2060836,,,,152750,14367,138383,,,,,24,1714,11275,2060836,27257,2060836,,16,98,0617e42d5090cf603d82c704ec81beb700491382,0,0,0,0,0,
20201110,MD,156709,,1891138,,totalTestsViral,3702658,761,17914,176,,,,8305,11/10/2020 10:00,2020-11-10T10:00:00Z,11/10 05:00,4233,17914,2020-11-10T10:00:00Z,3702658,188516,,156709,4084,149,,2047847,,,,150653,14048,136605,,,,,24,1338,8864,2047847,24549,2047847,,12,81,12fd9f78bcb23fb62197970961653d8a30b11d2e,0,0,0,0,0,
20201109,MD,155371,,1882274,,totalTestsViral,3678109,707,17833,168,,,,8297,11/9/2020 10:00,2020-11-09T10:00:00Z,11/09 05:00,4221,17833,2020-11-09T10:00:00Z,3678109,187035,,155371,4072,149,,2037645,,,,150653,14048,136605,,,,,24,1375,9978,2037645,23650,2037645,,9,103,f53fca9b37a08728f2f1a5fc68359e5c32bab700,0,0,0,0,0,
20201108,MD,153996,,1872296,,totalTestsViral,3654459,655,17730,163,,,,8291,11/8/2020 10:00,2020-11-08T10:00:00Z,11/08 05:00,4212,17730,2020-11-08T10:00:00Z,3654459,185455,,153996,4063,149,,2026292,,,,150653,14048,136605,,,,,24,1081,9897,2026292,30266,2026292,,11,103,4cc709a2cfc1da777d50057beb482af1b1a2ca32,0,0,0,0,0,
20201107,MD,152915,,1862399,,totalTestsViral,3624193,632,17627,153,,,,8284,11/7/2020 10:00,2020-11-07T10:00:00Z,11/07 05:00,4201,17627,2020-11-07T10:00:00Z,3624193,184180,,152915,4052,149,,2015314,,,,150653,14048,136605,,,,,24,1410,10734,2015314,36496,2015314,,7,90,c019e6083223319f55bb306899d8579268c507ee,0,0,0,0,0,
20201106,MD,151505,,1851665,,totalTestsViral,3587697,609,17537,152,,,,8262,11/6/2020 10:00,2020-11-06T10:00:00Z,11/06 05:00,4194,17537,2020-11-06T10:00:00Z,3587697,182511,,151505,4046,148,,2003170,,,,150653,14048,136605,,,,,24,1541,11606,2003170,35366,2003170,,12,102,43be3ddf817030441a1ea1bd7fb4e029348c1682,0,0,0,0,0,
20201105,MD,149964,,1840059,,totalTestsViral,3552331,588,17435,157,,,,8255,11/5/2020 10:00,2020-11-05T10:00:00Z,11/05 05:00,4182,17435,2020-11-05T10:00:00Z,3552331,180737,,149964,4035,147,,1990023,,,,150653,14048,136605,,,,,24,1198,9758,1990023,27944,1990023,,10,72,b819d838de05ae05003a234bd79719eb3795316e,0,0,0,0,0,
20201104,MD,148766,,1830301,,totalTestsViral,3524387,595,17363,154,,,,8235,11/4/2020 10:00,2020-11-04T10:00:00Z,11/04 05:00,4172,17363,2020-11-04T10:00:00Z,3524387,179340,,148766,4025,147,,1979067,,,,150653,14048,136605,,,,,24,1000,10167,1979067,25270,1979067,,10,51,e6ee5d562dcbb77e3c210ab72206b99ce72f140c,0,0,0,0,0,
20201103,MD,147766,,1820134,,totalTestsViral,3499117,562,17312,143,,,,8223,11/3/2020 10:00,2020-11-03T10:00:00Z,11/03 05:00,4162,17312,2020-11-03T10:00:00Z,3499117,178077,,147766,4015,147,,1967900,,,,148073,13664,134409,,,,,24,771,6684,1967900,19887,1967900,,7,60,efebab88a650a2f864bdb73ce90eb757d3bf7577,0,0,0,0,0,
20201102,MD,146995,,1813450,,totalTestsViral,3479230,529,17252,133,,,,8201,11/2/2020 10:00,2020-11-02T10:00:00Z,11/02 05:00,4155,17252,2020-11-02T10:00:00Z,3479230,177158,,146995,4007,148,,1960445,,,,148073,13664,134409,,,,,24,850,10415,1960445,26814,1960445,,3,74,47414bdd7d276b1731190786f7c58072fa837e70,0,0,0,0,0,
20201101,MD,146145,,1803035,,totalTestsViral,3452416,523,17178,127,,,,8199,11/1/2020 10:00,2020-11-01T10:00:00Z,11/01 05:00,4152,17178,2020-11-01T10:00:00Z,3452416,176150,,146145,4004,148,,1949180,,,,148073,13664,134409,,,,,24,864,9644,1949180,29754,1949180,,5,85,680719ecc000e754d1e579d6b2e3b44e640fce9a,0,0,0,0,0,
20201031,MD,145281,,1793391,,totalTestsViral,3422662,520,17093,126,,,,8181,10/31/2020 10:00,2020-10-31T10:00:00Z,10/31 06:00,4147,17093,2020-10-31T10:00:00Z,3422662,175075,,145281,4000,147,,1938672,,,,148073,13664,134409,,,,,24,967,11187,1938672,32984,1938672,,10,70,abf22dcff6d9f7eda788c7551d7ae35daa861840,0,0,0,0,0,
20201030,MD,144314,,1782204,,totalTestsViral,3389678,513,17023,126,,,,8164,10/30/2020 10:00,2020-10-30T10:00:00Z,10/30 06:00,4137,17023,2020-10-30T10:00:00Z,3389678,173940,,144314,3990,147,,1926518,,,,148073,13664,134409,,,,,24,927,8743,1926518,28397,1926518,,10,52,3978b95a33c4564996724afbf81b4fd7d28f0d45,0,0,0,0,0,
20201029,MD,143387,,1773461,,totalTestsViral,3361281,502,16971,120,,,,8144,10/29/2020 10:00,2020-10-29T10:00:00Z,10/29 06:00,4127,16971,2020-10-29T10:00:00Z,3361281,172797,,143387,3980,147,,1916848,,,,148073,13664,134409,,,,,24,962,9934,1916848,27719,1916848,,12,61,7ca8bcf1fed4a8fd1c645298271a5204c2525560,0,0,0,0,0,
20201028,MD,142425,,1763527,,totalTestsViral,3333562,501,16910,114,,,,8117,10/28/2020 10:00,2020-10-28T10:00:00Z,10/28 06:00,4115,16910,2020-10-28T10:00:00Z,3333562,171618,,142425,3969,146,,1905952,,,,148073,13664,134409,,,,,24,684,7174,1905952,22419,1905952,,7,51,1668ae0dc1ddaf57ef87cb2c0a772225abcb6df3,0,0,0,0,0,
20201027,MD,141741,,1756353,,totalTestsViral,3311143,471,16859,105,,,,8099,10/27/2020 10:00,2020-10-27T10:00:00Z,10/27 06:00,4108,16859,2020-10-27T10:00:00Z,3311143,170766,,141741,3962,146,,1898094,,,,145215,13261,131954,,,,,24,897,8826,1898094,23187,1898094,,9,40,a4d0385f5dc3652ed6d6a1663fae42d4d3a2ac9d,0,0,0,0,0,
20201026,MD,140844,,1747527,,totalTestsViral,3287956,456,16819,112,,,,8067,10/26/2020 10:00,2020-10-26T10:00:00Z,10/26 06:00,4099,16819,2020-10-26T10:00:00Z,3287956,169684,,140844,3953,146,,1888371,,,,145215,13261,131954,,,,,24,565,8877,1888371,21807,1888371,,3,62,f8d8d664392c3f1f720158d21e7eb6c0da22c25f,0,0,0,0,0,
20201025,MD,140279,,1738650,,totalTestsViral,3266149,446,16757,103,,,,8064,10/25/2020 10:00,2020-10-25T10:00:00Z,10/25 06:00,4096,16757,2020-10-25T10:00:00Z,3266149,169003,,140279,3950,146,,1878929,,,,145215,13261,131954,,,,,24,792,11210,1878929,31865,1878929,,5,52,12a2f7f75601a59f27d3e10eea436d430127ac15,0,0,0,0,0,
20201024,MD,139487,,1727440,,totalTestsViral,3234284,455,16705,109,,,,8055,10/24/2020 10:00,2020-10-24T10:00:00Z,10/24 06:00,4091,16705,2020-10-24T10:00:00Z,3234284,168014,,139487,3945,146,,1866927,,,,145215,13261,131954,,,,,24,796,10837,1866927,32510,1866927,,13,55,cc37c2212f1afab92b73aa63e25c549409716c41,0,0,0,0,0,
20201023,MD,138691,,1716603,,totalTestsViral,3201774,458,16650,122,,,,8030,10/23/2020 10:00,2020-10-23T10:00:00Z,10/23 06:00,4078,16650,2020-10-23T10:00:00Z,3201774,167025,,138691,3932,146,,1855294,,,,145215,13261,131954,,,,,24,712,11227,1855294,32472,1855294,,8,47,205f58979962e98f8313d71950f782349951b23e,0,0,0,0,0,
20201022,MD,137979,,1705376,,totalTestsViral,3169302,458,16603,125,,,,7999,10/22/2020 10:00,2020-10-22T10:00:00Z,10/22 06:00,4070,16603,2020-10-22T10:00:00Z,3169302,166166,,137979,3924,146,,1843355,,,,145215,13261,131954,,,,,24,743,10605,1843355,30427,1843355,,12,54,f7f604c1c6028eb16b932ee71aa21c2dc81fb37b,0,0,0,0,0,
20201021,MD,137236,,1694771,,totalTestsViral,3138875,463,16549,131,,,,7960,10/21/2020 10:00,2020-10-21T10:00:00Z,10/21 06:00,4058,16549,2020-10-21T10:00:00Z,3138875,165228,,137236,3912,146,,1832007,,,,145215,13261,131954,,,,,24,492,6610,1832007,17076,1832007,,8,33,d6f43b8abeae340122fa4b7069c78e458928210c,0,0,0,0,0,
20201020,MD,136744,,1688161,,totalTestsViral,3121799,464,16516,123,,,,7926,10/20/2020 10:00,2020-10-20T10:00:00Z,10/20 06:00,4050,16516,2020-10-20T10:00:00Z,3121799,164580,,136744,3904,146,,1824905,,,,142054,12794,129260,,,,,24,590,7593,1824905,17966,1824905,,9,41,37dfeb6461f7e94aefbd4b8b2895458a2d169cf6,0,0,0,0,0,
20201019,MD,136154,,1680568,,totalTestsViral,3103833,434,16475,116,,,,7892,10/19/2020 10:00,2020-10-19T10:00:00Z,10/19 06:00,4041,16475,2020-10-19T10:00:00Z,3103833,163872,,136154,3895,146,,1816722,,,,142054,12794,129260,,,,,24,497,9563,1816722,24671,1816722,,4,40,8df83afc07e4c9a1f1dbd964d75e3c7fa13f08d0,0,0,0,0,0,
20201018,MD,135657,,1671005,,totalTestsViral,3079162,433,16435,115,,,,7890,10/18/2020 10:00,2020-10-18T10:00:00Z,10/18 06:00,4037,16435,2020-10-18T10:00:00Z,3079162,163239,,135657,3891,146,,1806662,,,,142054,12794,129260,,,,,24,530,11228,1806662,29528,1806662,,1,83,2a2c64cf0a9191fbb494dbf768c7f37c432cb319,0,0,0,0,0,
20201017,MD,135127,,1659777,,totalTestsViral,3049634,422,16352,108,,,,7880,10/17/2020 10:00,2020-10-17T10:00:00Z,10/17 06:00,4036,16352,2020-10-17T10:00:00Z,3049634,162576,,135127,3891,145,,1794904,,,,142054,12794,129260,,,,,24,798,11649,1794904,36527,1794904,,4,64,e37291e15b2cbd302e63c7d41d1fdecf0a3ce373,0,0,0,0,0,
20201016,MD,134329,,1648128,,totalTestsViral,3013107,416,16288,111,,,,7869,10/16/2020 10:00,2020-10-16T10:00:00Z,10/16 06:00,4032,16288,2020-10-16T10:00:00Z,3013107,161583,,134329,3887,145,,1782457,,,,142054,12794,129260,,,,,24,781,10841,1782457,27647,1782457,,4,33,34a24a2b2dff46bd86960d3b5dd23163d1b647d2,0,0,0,0,0,
20201015,MD,133548,,1637287,,totalTestsViral,2985460,412,16255,109,,,,7851,10/15/2020 10:00,2020-10-15T10:00:00Z,10/15 06:00,4028,16255,2020-10-15T10:00:00Z,2985460,160667,,133548,3883,145,,1770835,,,,142054,12794,129260,,,,,24,630,9551,1770835,28636,1770835,,6,40,18bc1d9d230f309a97fd7a9d62e693fa87d89590,0,0,0,0,0,
20201014,MD,132918,,1627736,,totalTestsViral,2956824,417,16215,113,,,,7812,10/14/2020 10:00,2020-10-14T10:00:00Z,10/14 06:00,4022,16215,2020-10-14T10:00:00Z,2956824,159744,,132918,3877,145,,1760654,,,,142054,12794,129260,,,,,24,575,8770,1760654,21891,1760654,,10,65,8e551d050f24950d58ca7d334cea262f0873569f,0,0,0,0,0,
20201013,MD,132343,,1618966,,totalTestsViral,2934933,402,16150,102,,,,7744,10/13/2020 10:00,2020-10-13T10:00:00Z,10/13 06:00,4012,16150,2020-10-13T10:00:00Z,2934933,158779,,132343,3868,144,,1751309,,,,138627,12358,126269,,,,,24,482,8392,1751309,18713,1751309,,9,43,ee55337ddd86e9c5cf72464afb71251dbbea9624,0,0,0,0,0,
20201012,MD,131861,,1610574,,totalTestsViral,2916220,384,16107,93,,,,7738,10/12/2020 10:00,2020-10-12T10:00:00Z,10/12 06:00,4003,16107,2020-10-12T10:00:00Z,2916220,158129,,131861,3859,144,,1742435,,,,138627,12358,126269,,,,,24,504,10087,1742435,23955,1742435,,4,49,fa1ba99a4214f6c6f15a2c6403af6837fa4a8a2e,0,0,0,0,0,
20201011,MD,131357,,1600487,,totalTestsViral,2892265,393,16058,90,,,,7738,10/11/2020 10:00,2020-10-11T10:00:00Z,10/11 06:00,3999,16058,2020-10-11T10:00:00Z,2892265,157516,,131357,3854,145,,1731844,,,,138627,12358,126269,,,,,24,562,11480,1731844,29182,1731844,,4,52,d9d9db85c2fca857466bdf2b0ed2ff6b569d4dce,0,0,0,0,0,
20201010,MD,130795,,1589007,,totalTestsViral,2863083,383,16006,91,,,,7721,10/10/2020 10:00,2020-10-10T10:00:00Z,10/10 06:00,3995,16006,2020-10-10T10:00:00Z,2863083,156068,,130795,3850,145,,1719802,,,,138627,12358,126269,,,,,24,636,11799,1719802,33660,1719802,,5,50,3500c142084598d6b5f4132f32adb25a0707e4d5,0,0,0,0,0,
20201009,MD,130159,,1577208,,totalTestsViral,2829423,391,15956,96,,,,7704,10/9/2020 10:00,2020-10-09T10:00:00Z,10/09 06:00,3990,15956,2020-10-09T10:00:00Z,2829423,156068,,130159,3845,145,,1707367,,,,138627,12358,126269,,,,,24,734,10334,1707367,27120,1707367,,11,58,57ab467a771577f3f9ae429546d0dad6c46c11a7,0,0,0,0,0,
20201008,MD,129425,,1566874,,totalTestsViral,2802303,403,15898,98,,,,7676,10/8/2020 10:00,2020-10-08T10:00:00Z,10/08 06:00,3979,15898,2020-10-08T10:00:00Z,2802303,155177,,129425,3835,144,,1696299,,,,138627,12358,126269,,,,,24,761,11634,1696299,29023,1696299,,6,55,81f81229d800290260638616768db0ba4e009a61,0,0,0,0,0,
20201007,MD,128664,,1555240,,totalTestsViral,2773280,391,15843,93,,,,7665,10/7/2020 10:00,2020-10-07T10:00:00Z,10/07 06:00,3973,15843,2020-10-07T10:00:00Z,2773280,154217,,128664,3829,144,,1683904,,,,138627,12358,126269,,,,,24,460,8217,1683904,20734,1683904,,6,52,1179d5d6529182724f2fc77c01392af57566d9a8,0,0,0,0,0,
20201006,MD,128204,,1547023,,totalTestsViral,2752546,360,15791,88,,,,7661,10/6/2020 10:00,2020-10-06T10:00:00Z,10/06 06:00,3967,15791,2020-10-06T10:00:00Z,2752546,153621,,128204,3823,144,,1675227,,,,135193,11906,123287,,,,,24,413,6497,1675227,17746,1675227,,6,46,9094c75e0cd3cf4846941c6cd2edf596ffebacc0,0,0,0,0,0,
20201005,MD,127791,,1540526,,totalTestsViral,2734800,338,15745,85,,,,7657,10/5/2020 10:00,2020-10-05T10:00:00Z,10/05 06:00,3961,15745,2020-10-05T10:00:00Z,2734800,153142,,127791,3817,144,,1668317,,,,135193,11906,123287,,,,,24,501,7969,1668317,19570,1668317,,3,40,e266e7c436028a604af78c25be60c3f5fe08cb7d,0,0,0,0,0,
20201004,MD,127290,,1532557,,totalTestsViral,2715230,320,15705,77,,,,7653,10/4/2020 10:00,2020-10-04T10:00:00Z,10/04 06:00,3958,15705,2020-10-04T10:00:00Z,2715230,152548,,127290,3814,144,,1659847,,,,135193,11906,123287,,,,,24,471,9651,1659847,26364,1659847,,1,35,6aba18eb69e13ab727c87003347b88f16e4d7be2,0,0,0,0,0,
20201003,MD,126819,,1522906,,totalTestsViral,2688866,323,15670,78,,,,7652,10/3/2020 10:00,2020-10-03T10:00:00Z,10/03 06:00,3957,15670,2020-10-03T10:00:00Z,2688866,151997,,126819,3813,144,,1649725,,,,135193,11906,123287,,,,,24,597,9343,1649725,28066,1649725,,7,96,e42b37785fc5383c9a51c7989456d55bd55292b8,0,0,0,0,0,
20201002,MD,126222,,1513563,,totalTestsViral,2660800,323,15574,80,,,,7606,10/2/2020 10:00,2020-10-02T10:00:00Z,10/02 06:00,3950,15574,2020-10-02T10:00:00Z,2660800,151268,,126222,3806,144,,1639785,,,,135193,11906,123287,,,,,24,712,10873,1639785,30902,1639785,,1,32,c360648800468d0750ea45b723ff11c40884d8ca,0,0,0,0,0,
20201001,MD,125510,,1502690,,totalTestsViral,2629898,331,15542,74,,,,7568,10/1/2020 10:00,2020-10-01T10:00:00Z,10/01 06:00,3949,15542,2020-10-01T10:00:00Z,2629898,150425,,125510,3805,144,,1628200,,,,135193,11906,123287,,,,,24,785,9408,1628200,23985,1628200,,0,12,f4fa8679c5b526ebee9d7c45304af92a9ebec674,0,0,0,0,0,
20200930,MD,124725,,1493282,,totalTestsViral,2605913,334,15530,77,,,,7536,9/30/2020 10:00,2020-09-30T10:00:00Z,09/30 06:00,3949,15530,2020-09-30T10:00:00Z,2605913,149458,,124725,3805,144,,1618007,,,,135193,11906,123287,,,,,24,414,7283,1618007,17223,1618007,,3,70,18af66cf2e0cab0f94ae1926b219318093b19b5c,0,0,0,0,0,
20200929,MD,124311,,1485999,,totalTestsViral,2588690,344,15460,79,,,,7509,9/29/2020 10:00,2020-09-29T10:00:00Z,09/29 06:00,3946,15460,2020-09-29T10:00:00Z,2588690,148896,,124311,3802,144,,1610310,,,,132108,11517,120591,,,,,24,431,6780,1610310,15083,1610310,,8,32,0acf7bb4021fb4a238f00577fdeb40a2b3ef3cac,0,0,0,0,0,
20200928,MD,123880,,1479219,,totalTestsViral,2573607,315,15428,82,,,,7476,9/28/2020 10:00,2020-09-28T10:00:00Z,09/28 06:00,3938,15428,2020-09-28T10:00:00Z,2573607,148419,,123880,3793,145,,1603099,,,,132108,11517,120591,,,,,24,477,8259,1603099,17902,1603099,,3,30,88248e5d3440dc089d549e22d9d96b719469716b,0,0,0,0,0,
20200927,MD,123403,,1470960,,totalTestsViral,2555705,328,15398,90,,,,7463,9/27/2020 10:00,2020-09-27T10:00:00Z,09/27 06:00,3935,15398,2020-09-27T10:00:00Z,2555705,147832,,123403,3790,145,,1594363,,,,132108,11517,120591,,,,,24,431,9632,1594363,30047,1594363,,10,16,499fbfe10db72de7183205408739fd9d578a7a8c,0,0,0,0,0,
20200926,MD,122972,,1461328,,totalTestsViral,2525658,347,15382,81,,,,7458,9/26/2020 10:00,2020-09-26T10:00:00Z,09/26 06:00,3925,15382,2020-09-26T10:00:00Z,2525658,147256,,122972,3780,145,,1584300,,,,132108,11517,120591,,,,,24,613,11203,1584300,31639,1584300,,8,54,6683893e4a0478ada37dc6bf15bae5aff3baeeaa,0,0,0,0,0,
20200925,MD,122359,,1450125,,totalTestsViral,2494019,344,15328,79,,,,7431,9/25/2020 10:00,2020-09-25T10:00:00Z,09/25 06:00,3917,15328,2020-09-25T10:00:00Z,2494019,146476,,122359,3772,145,,1572484,,,,132108,11517,120591,,,,,24,559,10346,1572484,29092,1572484,,8,29,ea0208829733f5b14f1886238917fc15e67a9cf9,0,0,0,0,0,
20200924,MD,121800,,1439779,,totalTestsViral,2464927,349,15299,81,,,,7416,9/24/2020 10:00,2020-09-24T10:00:00Z,09/24 06:00,3909,15299,2020-09-24T10:00:00Z,2464927,145786,,121800,3765,144,,1561579,,,,132108,11517,120591,,,,,24,503,8971,1561579,23702,1561579,,7,31,55fff3afdb981b4ebd7d2bae6eb3bd02c4f1c848,0,0,0,0,0,
20200923,MD,121297,,1430808,,totalTestsViral,2441225,332,15268,79,,,,7396,9/23/2020 10:00,2020-09-23T10:00:00Z,09/23 06:00,3902,15268,2020-09-23T10:00:00Z,2441225,145163,,121297,3756,146,,1552105,,,,132108,11517,120591,,,,,24,385,7706,1552105,19158,1552105,,7,31,69ca32fd68a05ed83f20e5b66cd2184d23bfca59,0,0,0,0,0,
20200922,MD,120912,,1423102,,totalTestsViral,2422067,309,15237,77,,,,7394,9/22/2020 10:00,2020-09-22T10:00:00Z,09/22 06:00,3895,15237,2020-09-22T10:00:00Z,2422067,144660,,120912,3748,147,,1544014,,,,128640,10993,117647,,,,,24,344,6041,1544014,14449,1544014,,12,66,debee98188a7623984d577aaa2203bfb075aa513,0,0,0,0,0,
20200921,MD,120568,,1417061,,totalTestsViral,2407618,290,15171,71,,,,7378,9/21/2020 10:00,2020-09-21T10:00:00Z,09/21 06:00,3883,15171,2020-09-21T10:00:00Z,2407618,144212,,120568,3739,144,,1537629,,,,128640,10993,117647,,,,,24,412,7741,1537629,17349,1537629,,4,52,c5e60680556d04eb8daa7e1090109a587240108b,0,0,0,0,0,
20200920,MD,120156,,1409320,,totalTestsViral,2390269,281,15119,68,,,,7377,9/20/2020 10:00,2020-09-20T10:00:00Z,09/20 06:00,3879,15119,2020-09-20T10:00:00Z,2390269,143721,,120156,3735,144,,1529476,,,,128640,10993,117647,,,,,24,412,10260,1529476,28886,1529476,,3,0,89d15e68154230c939efeecbac16d0175d502aaf,0,0,0,0,0,
20200919,MD,119744,,1399060,,totalTestsViral,2361383,324,15119,75,,,,7374,9/19/2020 10:00,2020-09-19T10:00:00Z,09/19 06:00,3876,15119,2020-09-19T10:00:00Z,2361383,143174,,119744,3732,144,,1518804,,,,128640,10993,117647,,,,,24,682,13255,1518804,37131,1518804,,7,49,98063e00742a7147572bf64eb384ee30be78aa70,0,0,0,0,0,
20200918,MD,119062,,1385805,,totalTestsViral,2324252,347,15070,84,,,,7351,9/18/2020 10:00,2020-09-18T10:00:00Z,09/18 06:00,3869,15070,2020-09-18T10:00:00Z,2324252,142395,,119062,3724,145,,1504867,,,,128640,10993,117647,,,,,24,543,9982,1504867,24644,1504867,,8,62,742bc01c0d1ad1d992e5574fb2c84b9fb9a06bea,0,0,0,0,0,
20200917,MD,118519,,1375823,,totalTestsViral,2299608,353,15008,83,,,,7311,9/17/2020 10:00,2020-09-17T10:00:00Z,09/17 06:00,3861,15008,2020-09-17T10:00:00Z,2299608,141723,,118519,3717,144,,1494342,,,,128640,10993,117647,,,,,24,631,10753,1494342,27343,1494342,,6,49,1ff51d088c47f86a2a70de20a0c31cbb7e708e91,0,0,0,0,0,
20200916,MD,117888,,1365070,,totalTestsViral,2272265,347,14959,86,,,,7286,9/16/2020 10:00,2020-09-16T10:00:00Z,09/16 06:00,3855,14959,2020-09-16T10:00:00Z,2272265,140960,,117888,3712,143,,1482958,,,,128640,10993,117647,,,,,24,643,9533,1482958,26599,1482958,,6,41,6ced15fcdfeabe5d9d4fc61a53aec2eebcd3a8fa,0,0,0,0,0,
20200915,MD,117245,,1355537,,totalTestsViral,2245666,371,14918,93,,,,7254,9/15/2020 10:00,2020-09-15T10:00:00Z,09/15 06:00,3849,14918,2020-09-15T10:00:00Z,2245666,140136,,117245,3706,143,,1472782,,,,125277,10638,114639,,,,,24,599,7320,1472782,19011,1472782,,10,34,64552c009f158eaedb62aff543038a1df070f906,0,0,0,0,0,
20200914,MD,116646,,1348217,,totalTestsViral,2226655,347,14884,90,,,,7229,9/14/2020 10:00,2020-09-14T10:00:00Z,09/14 06:00,3839,14884,2020-09-14T10:00:00Z,2226655,139370,,116646,3696,143,,1464863,,,,125277,10638,114639,,,,,24,536,8482,1464863,19197,1464863,,1,33,8c8a343583ce793698a3727a61b1a5485ee9c29c,0,0,0,0,0,
20200913,MD,116110,,1339735,,totalTestsViral,2207458,351,14851,89,,,,7225,9/13/2020 10:00,2020-09-13T10:00:00Z,09/13 06:00,3838,14851,2020-09-13T10:00:00Z,2207458,138731,,116110,3695,143,,1455845,,,,125277,10638,114639,,,,,24,577,10816,1455845,23517,1455845,,2,55,6f8d4cf9e7201873bf067d2dab9807771768d700,0,0,0,0,0,
20200912,MD,115533,,1328919,,totalTestsViral,2183941,361,14796,85,,,,7221,9/12/2020 10:00,2020-09-12T10:00:00Z,09/12 06:00,3836,14796,2020-09-12T10:00:00Z,2183941,137934,,115533,3693,143,,1444452,,,,125277,10638,114639,,,,,24,809,10767,1444452,33303,1444452,,8,40,86d336d3886aa371fd8bf7d9e96989ca143da53b,0,0,0,0,0,
20200911,MD,114724,,1318152,,totalTestsViral,2150638,369,14756,89,,,,7186,9/11/2020 10:00,2020-09-11T10:00:00Z,09/11 06:00,3828,14756,2020-09-11T10:00:00Z,2150638,136897,,114724,3685,143,,1432876,,,,125277,10638,114639,,,,,24,646,8503,1432876,22614,1432876,,4,50,a4233e0dfc8b6376c4099420ea49965532730afb,0,0,0,0,0,
20200910,MD,114078,,1309649,,totalTestsViral,2128024,358,14706,92,,,,7166,9/10/2020 10:00,2020-09-10T10:00:00Z,09/10 06:00,3824,14706,2020-09-10T10:00:00Z,2128024,136095,,114078,3679,145,,1423727,,,,125277,10638,114639,,,,,24,503,7702,1423727,18551,1423727,,8,34,882e0ae619f18efcf90f8f9c85ff3c5044bd0f85,0,0,0,0,0,
20200909,MD,113575,,1301947,,totalTestsViral,2109473,370,14672,95,,,,7157,9/9/2020 10:00,2020-09-09T10:00:00Z,09/09 06:00,3816,14672,2020-09-09T10:00:00Z,2109473,135426,,113575,3672,144,,1415522,,,,125277,10638,114639,,,,,24,336,4588,1415522,9911,1415522,,9,36,385b42919f703138363c801fbb4be6e44eb370a4,0,0,0,0,0,
20200908,MD,113239,,1297359,,totalTestsViral,2099562,365,14636,102,,,,7142,9/8/2020 10:00,2020-09-08T10:00:00Z,09/08 06:00,3807,14636,2020-09-08T10:00:00Z,2099562,135007,,113239,3663,144,,1410598,,,,122033,10303,111730,,,,,24,356,5053,1410598,12953,1410598,,3,33,92bbb972b6dc9623cd82ce641dff101b35b05908,0,0,0,0,0,
20200907,MD,112883,,1292306,,totalTestsViral,2086609,362,14603,109,,,,7112,9/7/2020 10:00,2020-09-07T10:00:00Z,09/07 06:00,3804,14603,2020-09-07T10:00:00Z,2086609,134549,,112883,3660,144,,1405189,,,,122033,10303,111730,,,,,24,764,11101,1405189,22370,1405189,,5,30,bdab15adca74774da8ea744ec049793b20e7e090,0,0,0,0,0,
20200906,MD,112119,,1281205,,totalTestsViral,2064239,341,14573,96,,,,7103,9/6/2020 10:00,2020-09-06T10:00:00Z,09/06 06:00,3799,14573,2020-09-06T10:00:00Z,2064239,133590,,112119,3655,144,,1393324,,,,122033,10303,111730,,,,,24,512,8357,1393324,16723,1393324,,3,57,9b1077ef14272b52933e9a05e34f59fe1965eb3c,0,0,0,0,0,
20200905,MD,111607,,1272848,,totalTestsViral,2047516,353,14516,100,,,,7099,9/5/2020 10:00,2020-09-05T10:00:00Z,09/05 06:00,3796,14516,2020-09-05T10:00:00Z,2047516,132974,,111607,3652,144,,1384455,,,,122033,10303,111730,,,,,24,776,12214,1384455,28192,1384455,,7,43,cf6a13fe4bd44468651e42744d475e4404e7c3f6,0,0,0,0,0,
20200904,MD,110831,,1260634,,totalTestsViral,2019324,395,14473,108,,,,7072,9/4/2020 10:00,2020-09-04T10:00:00Z,09/04 06:00,3789,14473,2020-09-04T10:00:00Z,2019324,132036,,110831,3645,144,,1371465,,,,122033,10303,111730,,,,,24,819,13041,1371465,29433,1371465,,11,46,2161b8d3e46b12932771bbb76092a11e583685eb,0,0,0,0,0,
20200903,MD,110012,,1247593,,totalTestsViral,1989891,382,14427,112,,,,7039,9/3/2020 10:00,2020-09-03T10:00:00Z,09/03 06:00,3778,14427,2020-09-03T10:00:00Z,1989891,131077,,110012,3634,144,,1357605,,,,122033,10303,111730,,,,,24,693,11266,1357605,24960,1357605,,12,76,42e00a9d283e676395903be869c9817259e37bae,0,0,0,0,0,
20200902,MD,109319,,1236327,,totalTestsViral,1964931,370,14351,113,,,,7026,9/2/2020 10:00,2020-09-02T10:00:00Z,09/02 06:00,3766,14351,2020-09-02T10:00:00Z,1964931,130196,,109319,3623,143,,1345646,,,,122033,10303,111730,,,,,24,456,6273,1345646,12430,1345646,,5,14,9fbeab157fae04cdc4df0f363633bc5af2e0256c,0,0,0,0,0,
20200901,MD,108863,,1230054,,totalTestsViral,1952501,385,14337,112,,,,6976,9/1/2020 10:00,2020-09-01T10:00:00Z,09/01 06:00,3761,14337,2020-09-01T10:00:00Z,1952501,129682,,108863,3617,144,,1338917,,,,117902,9906,107996,,,,,24,614,7450,1338917,13655,1338917,,6,34,069bb44d638fe9243e7f767731ad9a4045d07faf,0,0,0,0,0,
20200831,MD,108249,,1222604,,totalTestsViral,1938846,377,14303,107,,,,6124,8/31/2020 10:00,2020-08-31T10:00:00Z,08/31 06:00,3755,14303,2020-08-31T10:00:00Z,1938846,129045,,108249,3612,143,,1330853,,,,117902,9906,107996,,,,,24,458,11157,1330853,19331,1330853,,3,48,31f9d6fe929e9d213fa400cfe46350abec92cec4,0,0,0,0,0,
20200830,MD,107791,,1211447,,totalTestsViral,1919515,358,14255,107,,,,6124,8/30/2020 10:00,2020-08-30T10:00:00Z,08/30 06:00,3752,14255,2020-08-30T10:00:00Z,1919515,128493,,107791,3609,143,,1319238,,,,117902,9906,107996,,,,,24,497,14258,1319238,25105,1319238,,6,38,e9b970e9359d5001c040249b2aeabf8c0061c356,0,0,0,0,0,
20200829,MD,107294,,1197189,,totalTestsViral,1894410,387,14217,106,,,,6124,8/29/2020 10:00,2020-08-29T10:00:00Z,08/29 06:00,3746,14217,2020-08-29T10:00:00Z,1894410,127872,,107294,3603,143,,1304483,,,,117902,9906,107996,,,,,24,630,12583,1304483,25483,1304483,,10,33,a35c8e7b2c3d7c0cf3b010c6dcbae3060513aa67,0,0,0,0,0,
20200828,MD,106664,,1184606,,totalTestsViral,1868927,412,14184,106,,,,6124,8/28/2020 10:00,2020-08-28T10:00:00Z,08/28 06:00,3736,14184,2020-08-28T10:00:00Z,1868927,125830,,106664,3593,143,,1291270,,,,117902,9906,107996,,,,,24,601,15587,1291270,27502,1291270,,14,43,2656bcc0715d197b99d097987b95b308a31ca240,0,0,0,0,0,
20200827,MD,106063,,1169019,,totalTestsViral,1841425,412,14141,107,,,,6080,8/27/2020 10:00,2020-08-27T10:00:00Z,08/27 06:00,3722,14141,2020-08-27T10:00:00Z,1841425,125056,,106063,3580,142,,1275082,,,,117902,9906,107996,,,,,24,577,11334,1275082,21475,1275082,,5,51,b8d6b9d04ade25664d34d85a0d9ba11534cf553d,0,0,0,0,0,
20200826,MD,105486,,1157685,,totalTestsViral,1819950,432,14090,106,,,,6061,8/26/2020 10:00,2020-08-26T10:00:00Z,08/26 06:00,3717,14090,2020-08-26T10:00:00Z,1819950,124368,,105486,3574,143,,1263171,,,,117902,9906,107996,,,,,24,440,7166,1263171,12377,1263171,,10,39,d10d290875a60c865a23062e19ebb4b5c593a57b,0,0,0,0,0,
20200825,MD,105046,,1150519,,totalTestsViral,1807573,411,14051,97,,,,6056,8/25/2020 10:00,2020-08-25T10:00:00Z,08/25 06:00,3707,14051,2020-08-25T10:00:00Z,1807573,123831,,105046,3564,143,,1255565,,,,113157,9431,103726,,,,,24,377,7595,1255565,12870,1255565,,13,44,6d286e23e48c579b502093792c999098e72dd60f,0,0,0,0,0,
20200824,MD,104669,,1142924,,totalTestsViral,1794703,407,14007,103,,,,6047,8/24/2020 10:00,2020-08-24T10:00:00Z,08/24 06:00,3694,14007,2020-08-24T10:00:00Z,1794703,123344,,104669,3554,140,,1247593,,,,113157,9431,103726,,,,,24,567,14130,1247593,22047,1247593,,3,51,0482edf23311dfc563decc016ed4d1cd79496854,0,0,0,0,0,
20200823,MD,104102,,1128794,,totalTestsViral,1772656,407,13956,99,,,,6047,8/23/2020 10:00,2020-08-23T10:00:00Z,08/23 06:00,3691,13956,2020-08-23T10:00:00Z,1772656,122660,,104102,3552,139,,1232896,,,,113157,9431,103726,,,,,24,579,11876,1232896,21141,1232896,,6,92,21a2b25a11c2c4a5d9b979904aece7ec2fd8402e,0,0,0,0,0,
20200822,MD,103523,,1116918,,totalTestsViral,1751515,441,13864,98,,,,6047,8/22/2020 10:00,2020-08-22T10:00:00Z,08/22 06:00,3685,13864,2020-08-22T10:00:00Z,1751515,122025,,103523,3546,139,,1220441,,,,113157,9431,103726,,,,,24,624,15550,1220441,28558,1220441,,11,41,690067770ff244a60e9a97d3fcaa9121086d0a1f,0,0,0,0,0,
20200821,MD,102899,,1101368,,totalTestsViral,1722957,455,13823,102,,,,6047,8/21/2020 10:00,2020-08-21T10:00:00Z,08/21 06:00,3674,13823,2020-08-21T10:00:00Z,1722957,121174,,102899,3536,138,,1204267,,,,113157,9431,103726,,,,,24,670,15921,1204267,29386,1204267,,5,38,d9d15385f9b13ddcd003d5fa7682ec52c1e0525e,0,0,0,0,0,
20200820,MD,102229,,1085447,,totalTestsViral,1693571,455,13785,107,,,,6040,8/20/2020 10:00,2020-08-20T10:00:00Z,08/20 06:00,3669,13785,2020-08-20T10:00:00Z,1693571,120372,,102229,3531,138,,1187676,,,,113157,9431,103726,,,,,24,580,11328,1187676,18041,1187676,,8,41,c80fd6620e1239781923b9090748ef60b6fcd6cd,0,0,0,0,0,
20200819,MD,101649,,1074119,,totalTestsViral,1675530,475,13744,107,,,,6030,8/19/2020 10:00,2020-08-19T10:00:00Z,08/19 06:00,3661,13744,2020-08-19T10:00:00Z,1675530,119743,,101649,3522,139,,1175768,,,,113157,9431,103726,,,,,24,414,8049,1175768,13829,1175768,,11,46,09bb5039698f224caa9dd00cd28b165f21d7e017,0,0,0,0,0,
20200818,MD,101235,,1066070,,totalTestsViral,1661701,453,13698,102,,,,6008,8/18/2020 10:00,2020-08-18T10:00:00Z,08/18 06:00,3650,13698,2020-08-18T10:00:00Z,1661701,119238,,101235,3511,139,,1167305,,,,109333,9051,100282,,,,,24,520,9173,1167305,16059,1167305,,9,40,434539fd3d7724f436da55f4f61ef6071746b7ee,0,0,0,0,0,
20200817,MD,100715,,1056897,,totalTestsViral,1645642,435,13658,106,,,,6008,8/17/2020 10:00,2020-08-17T10:00:00Z,08/17 06:00,3641,13658,2020-08-17T10:00:00Z,1645642,118601,,100715,3504,137,,1157612,,,,109333,9051,100282,,,,,24,503,14699,1157612,34401,1157612,,2,44,43801e43487ce5048445e8fce8a8cfed14b2dc68,0,0,0,0,0,
20200816,MD,100212,,1042198,,totalTestsViral,1611241,475,13614,115,,,,6004,8/16/2020 10:00,2020-08-16T10:00:00Z,08/16 06:00,3639,13614,2020-08-16T10:00:00Z,1611241,117988,,100212,3502,137,,1142410,,,,109333,9051,100282,,,,,24,519,14239,1142410,25571,1142410,,3,58,68d2fc49938955fb363e076e3468e04c4b83679d,0,0,0,0,0,
20200815,MD,99693,,1027959,,totalTestsViral,1585670,460,13556,107,,,,5995,8/15/2020 10:00,2020-08-15T10:00:00Z,08/15 06:00,3636,13556,2020-08-15T10:00:00Z,1585670,117306,,99693,3499,137,,1127652,,,,109333,9051,100282,,,,,24,818,16561,1127652,33600,1127652,,5,48,edfece5b502bf006b8b30ae3b04dec2b03a281e8,0,0,0,0,0,
20200814,MD,98875,,1011398,,totalTestsViral,1552070,457,13508,107,,,,5986,8/14/2020 10:00,2020-08-14T10:00:00Z,08/14 06:00,3631,13508,2020-08-14T10:00:00Z,1552070,116321,,98875,3495,136,,1110273,,,,109333,9051,100282,,,,,24,715,14464,1110273,24140,1110273,,11,45,b6b27ec6638017ad45ec9b4d335dacf268ede803,0,0,0,0,0,
20200813,MD,98160,,996934,,totalTestsViral,1527930,470,13463,111,,,,5962,8/13/2020 10:00,2020-08-13T10:00:00Z,08/13 06:00,3620,13463,2020-08-13T10:00:00Z,1527930,115312,,98160,3483,137,,1095094,,,,109333,9051,100282,,,,,24,776,15480,1095094,29842,1095094,,8,115,cf3769352d38c3c2b24e0576912aad07113a92a4,0,0,0,0,0,
20200812,MD,97384,,981454,,totalTestsViral,1498088,488,13348,117,,,,5956,8/12/2020 10:00,2020-08-12T10:00:00Z,08/12 06:00,3612,13348,2020-08-12T10:00:00Z,1498088,114406,,97384,3474,138,,1078838,,,,102116,8370,93746,,,,,24,541,10838,1078838,18015,1078838,,8,82,3c7072f2c3fcda7f0a9b56e1574969458cb37e99,0,0,0,0,0,
20200811,MD,96843,,970616,,totalTestsViral,1480073,529,13266,121,,,,5935,8/11/2020 10:00,2020-08-11T10:00:00Z,08/11 06:00,3604,13266,2020-08-11T10:00:00Z,1480073,113761,,96843,3467,137,,1067459,,,,102116,8370,93746,,,,,24,585,10064,1067459,17145,1067459,,13,19,e9d06b650b025436a6bfbb22797e8f6be7539887,0,0,0,0,0,
20200810,MD,96258,,960552,,totalTestsViral,1462928,534,13247,119,,,,5910,8/10/2020 10:00,2020-08-10T10:00:00Z,08/10 06:00,3591,13247,2020-08-10T10:00:00Z,1462928,113011,,96258,3454,137,,1056810,,,,102116,8370,93746,,,,,24,755,16710,1056810,29532,1056810,,6,70,df7f656fe8b946d51e5ce401c36bef7be9b8bd1d,0,0,0,0,0,
20200809,MD,95503,,943842,,totalTestsViral,1433396,525,13177,128,,,,5910,8/9/2020 10:00,2020-08-09T10:00:00Z,08/09 06:00,3585,13177,2020-08-09T10:00:00Z,1433396,112072,,95503,3448,137,,1039345,,,,102116,8370,93746,,,,,24,922,18900,1039345,40672,1039345,,8,72,3f6a620d633e35186ea99ac40f0822170a3c5ba8,0,0,0,0,0,
20200808,MD,94581,,924942,,totalTestsViral,1392724,515,13105,127,,,,5899,8/8/2020 10:00,2020-08-08T10:00:00Z,08/08 06:00,3577,13105,2020-08-08T10:00:00Z,1392724,110972,,94581,3440,137,,1019523,,,,102116,8370,93746,,,,,24,775,11924,1019523,20807,1019523,,12,58,8611f11e54b493eeaec1fe3d38c1f8172d72fb51,0,0,0,0,0,
20200807,MD,93806,,913018,,totalTestsViral,1371917,528,13047,135,,,,5838,8/7/2020 10:00,2020-08-07T10:00:00Z,08/07 06:00,3565,13047,2020-08-07T10:00:00Z,1371917,110068,,93806,3429,136,,1006824,,,,102116,8370,93746,,,,,24,801,13882,1006824,28583,1006824,,14,69,dca81c17f762f15042425934d1deac7ee97303ff,0,0,0,0,0,
20200806,MD,93005,,899136,,totalTestsViral,1343334,535,12978,139,,,,5790,8/6/2020 10:00,2020-08-06T10:00:00Z,08/06 06:00,3551,12978,2020-08-06T10:00:00Z,1343334,109142,,93005,3415,136,,992141,,,,102116,8370,93746,,,,,24,579,9167,992141,16699,992141,,15,56,671398f32f9fa4b2cd98942698361f9d51928223,0,0,0,0,0,
20200805,MD,92426,,889969,,totalTestsViral,1326635,555,12922,134,,,,5749,8/5/2020 10:00,2020-08-05T10:00:00Z,08/05 06:00,3536,12922,2020-08-05T10:00:00Z,1326635,108502,,92426,3402,134,,982395,,,,102116,8370,93746,,,,,24,572,9477,982395,21762,982395,,6,34,7356c972de93c1f11fe4b0ad9283264d0028575c,0,0,0,0,0,
20200804,MD,91854,,880492,,totalTestsViral,1304873,547,12888,137,,,,5740,8/4/2020 10:00,2020-08-04T10:00:00Z,08/04 06:00,3530,12888,2020-08-04T10:00:00Z,1304873,107832,,91854,3396,134,,972346,,,,96518,7891,88627,,,,,24,710,10999,972346,16377,972346,,7,56,846fe576d72d08334eb9d77905a7b5a2e71c6f6e,0,0,0,0,0,
20200803,MD,91144,,869493,,totalTestsViral,1288496,548,12832,135,,,,5740,8/3/2020 10:00,2020-08-03T10:00:00Z,08/03 06:00,3523,12832,2020-08-03T10:00:00Z,1288496,107019,,91144,3389,134,,960637,,,,96518,7891,88627,,,,,24,870,14981,960637,24484,960637,,8,86,e4690cf4166c3811ad0785a5df799ad2b94fb1b2,0,0,0,0,0,
20200802,MD,90274,,854512,,totalTestsViral,1264012,553,12746,129,,,,5713,8/2/2020 10:00,2020-08-02T10:00:00Z,08/02 06:00,3515,12746,2020-08-02T10:00:00Z,1264012,106014,,90274,3381,134,,944786,,,,96518,7891,88627,,,,,24,909,14523,944786,23785,944786,,9,74,57288ad661b7318f16063e4f01553d37fe84bbff,0,0,0,0,0,
20200801,MD,89365,,839989,,totalTestsViral,1240227,592,12672,132,,,,5713,8/1/2020 10:00,2020-08-01T10:00:00Z,08/01 06:00,3506,12672,2020-08-01T10:00:00Z,1240227,104907,,89365,3374,132,,929354,,,,96518,7891,88627,,,,,24,1019,17144,929354,31004,929354,,13,79,bd0e3c128846df4b5891f592b1980e826a4ee493,0,0,0,0,0,
20200731,MD,88346,,822845,,totalTestsViral,1209223,590,12593,128,,,,5689,7/31/2020 10:00,2020-07-31T10:00:00Z,07/31 06:00,3493,12593,2020-07-31T10:00:00Z,1209223,103840,,88346,3362,131,,911191,,,,96518,7891,88627,,,,,24,1169,16057,911191,28632,911191,,5,93,ffa43d691def7fc77306de2ec3fc55bc5ff7df2e,0,0,0,0,0,
20200730,MD,87177,,806788,,totalTestsViral,1180591,585,12500,139,,,,5592,7/30/2020 10:00,2020-07-30T10:00:00Z,07/30 06:00,3488,12500,2020-07-30T10:00:00Z,1180591,102659,,87177,3357,131,,893965,,,,96518,7891,88627,,,,,24,892,14114,893965,25689,893965,,10,52,865ed11feaeb7801ad3d26c478be31795a4bf8a0,0,0,0,0,0,
20200729,MD,86285,,792674,,totalTestsViral,1154902,571,12448,145,,,,5592,7/29/2020 10:00,2020-07-29T10:00:00Z,07/29 06:00,3478,12448,2020-07-29T10:00:00Z,1154902,101638,,86285,3347,131,,878959,,,,96518,7891,88627,,,,,24,761,9942,878959,15747,878959,,20,59,b3735688ca066540b939752cd7a9e9d8a7933612,0,0,0,0,0,
20200728,MD,85524,,782732,,totalTestsViral,1139155,544,12389,150,,,,5592,7/28/2020 10:00,2020-07-28T10:00:00Z,07/28 06:00,3458,12389,2020-07-28T10:00:00Z,1139155,100717,,85524,3327,131,,868256,,,,,,,,,,,24,648,12090,868256,23944,868256,,11,50,7a76ba684c4d423b737edbe784b90bb9f2076e3f,0,0,0,0,0,
20200727,MD,84876,,770642,,totalTestsViral,1115211,536,12339,145,,,,5434,7/27/2020 10:00,2020-07-27T10:00:00Z,07/27 06:00,3447,12339,2020-07-27T10:00:00Z,1115211,99680,,84876,3315,132,,855518,,,,,,,,,,,24,1128,15818,855518,23395,855518,,7,56,730f87e8c484756ae017662e7cce15c3b44108fb,0,0,0,0,0,
20200726,MD,83748,,754824,,totalTestsViral,1091816,540,12283,153,,,,5434,7/26/2020 10:00,2020-07-26T10:00:00Z,07/26 06:00,3440,12283,2020-07-26T10:00:00Z,1091816,98314,,83748,3309,131,,838572,,,,,,,,,,,24,694,12552,838572,22041,838572,,7,95,71cfb58e4141e1b36c9990ea2c3b4d1162fbbe01,0,0,0,0,0,
20200725,MD,83054,,742272,,totalTestsViral,1069775,545,12188,157,,,,5434,7/25/2020 10:00,2020-07-25T10:00:00Z,07/25 06:00,3433,12188,2020-07-25T10:00:00Z,1069775,97488,,83054,3304,129,,825326,,,,,,,,,,,24,1288,19688,825326,34874,825326,,11,69,6c0b07860cc29e7a8f20c12985cf7264a297724c,0,0,0,0,0,
20200724,MD,81766,,722584,,totalTestsViral,1034901,533,12119,143,,,,5434,7/24/2020 10:00,2020-07-24T10:00:00Z,07/24 06:00,3422,12119,2020-07-24T10:00:00Z,1034901,96121,,81766,3293,129,,804350,,,,,,,,,,,24,930,14379,804350,24220,804350,,13,82,085db34b7bd3bf6461dc6c2e471e038557c9733f,0,0,0,0,0,
20200723,MD,80836,,708205,,totalTestsViral,1010681,528,12037,133,,,,5434,7/23/2020 10:00,2020-07-23T10:00:00Z,07/23 06:00,3409,12037,2020-07-23T10:00:00Z,1010681,95073,,80836,3281,128,,789041,,,,,,,,,,,24,664,5544,789041,16044,789041,,4,40,585b4f0230cdf2f713fc5059bf7aaf238fac5c3b,0,0,0,0,0,
20200722,MD,80172,,702661,,totalTestsViral,994637,505,11997,137,,,,5434,7/22/2020 10:00,2020-07-22T10:00:00Z,07/22 06:00,3405,11997,2020-07-22T10:00:00Z,994637,94213,,80172,3276,129,,782833,,,,,,,,,,,24,627,17839,782833,21021,782833,,3,48,917109125d444c3497786a1bf77ccd42ec1788a6,0,0,0,0,0,
20200721,MD,79545,,684822,,totalTestsViral,973616,484,11949,131,,,,5380,7/21/2020 10:00,2020-07-21T10:00:00Z,07/21 06:00,3402,11949,2020-07-21T10:00:00Z,973616,93322,,79545,3272,130,,764367,,,,,,,,,,,24,860,14228,764367,20550,764367,,20,52,be4217134cf67cb7ce96cac01102997676e741dd,0,0,0,0,0,
20200720,MD,78685,,670594,,totalTestsViral,953066,463,11897,136,,,,5344,7/20/2020 10:00,2020-07-20T10:00:00Z,07/20 06:00,3382,11897,2020-07-20T10:00:00Z,953066,92337,,78685,3252,130,,749279,,,,,,,,,,,24,554,8940,749279,14755,749279,,5,56,9e81c642fb80d3ebe9f9ec5b28c0b092d08077d2,0,0,0,0,0,
20200719,MD,78131,,661654,,totalTestsViral,938311,449,11841,131,,,,5344,7/19/2020 10:00,2020-07-19T10:00:00Z,07/19 06:00,3377,11841,2020-07-19T10:00:00Z,938311,91615,,78131,3247,130,,739785,,,,,,,,,,,24,925,17874,739785,28899,739785,,9,53,d4f365944bd0d2755e3fb80ff23437cb1c67a77f,0,0,0,0,0,
20200718,MD,77206,,643780,,totalTestsViral,909412,448,11788,137,,,,5344,7/18/2020 10:00,2020-07-18T10:00:00Z,07/18 06:00,3368,11788,2020-07-18T10:00:00Z,909412,90508,,77206,3238,130,,720986,,,,,,,,,,,24,835,11935,720986,18053,720986,,9,60,274266fbe48dc27405bad94541a1e9f7f0281217,0,0,0,0,0,
20200717,MD,76371,,631845,,totalTestsViral,891359,434,11728,128,,,,5286,7/17/2020 10:00,2020-07-17T10:00:00Z,07/17 06:00,3359,11728,2020-07-17T10:00:00Z,891359,89541,,76371,3227,132,,708216,,,,,,,,,,,24,707,14980,708216,24171,708216,,12,41,d8191de6fe229765f6cc5af707fcac6e1ee94b94,0,0,0,0,0,
20200716,MD,75664,,616865,,totalTestsViral,867188,436,11687,137,,,,5286,7/16/2020 10:00,2020-07-16T10:00:00Z,07/16 06:00,3347,11687,2020-07-16T10:00:00Z,867188,88713,,75664,3215,132,,692529,,,,,,,,,,,24,648,11793,692529,16891,692529,,6,62,9ae143ff108042f8da710913138115d32d01bea7,0,0,0,0,0,
20200715,MD,75016,,605072,,totalTestsViral,850297,447,11625,129,,,,5238,7/15/2020 10:00,2020-07-15T10:00:00Z,07/15 06:00,3341,11625,2020-07-15T10:00:00Z,850297,87891,,75016,3209,132,,680088,,,,,,,,,,,24,756,13263,680088,21535,680088,,7,140,ae6ca7bb4e0e98f64337ad93ca254df7885ce728,0,0,0,0,0,
20200714,MD,74260,,591809,,totalTestsViral,828762,415,11485,118,,,,5238,7/14/2020 10:00,2020-07-14T10:00:00Z,07/14 06:00,3334,11485,2020-07-14T10:00:00Z,828762,86973,,74260,3202,132,,666069,,,,,,,,,,,24,733,13379,666069,15415,666069,,9,18,2faa406e3ca2fff2e3f1d51cb5403057bba53d22,0,0,0,0,0,
20200713,MD,73527,,578430,,totalTestsViral,813347,386,11467,108,,,,5230,7/13/2020 10:00,2020-07-13T10:00:00Z,07/13 06:00,3325,11467,2020-07-13T10:00:00Z,813347,86221,,73527,3194,131,,651957,,,,,,,,,,,24,418,8148,651957,11067,651957,,6,47,eaebdcac63a7ed7c4075b68ac0d017c5700799b1,0,0,0,0,0,
20200712,MD,73109,,570282,,totalTestsViral,802280,392,11420,114,,,,5230,7/12/2020 10:00,2020-07-12T10:00:00Z,07/12 06:00,3319,11420,2020-07-12T10:00:00Z,802280,85712,,73109,3188,131,,643391,,,,,,,,,,,24,642,13472,643391,21140,643391,,9,67,4b21865527a3e19b544bac429a7519a7fe68b480,0,0,0,0,0,
20200711,MD,72467,,556810,,totalTestsViral,781140,390,11353,120,,,,5190,7/11/2020 10:00,2020-07-11T10:00:00Z,07/11 06:00,3310,11353,2020-07-11T10:00:00Z,781140,84938,,72467,3179,131,,629277,,,,,,,,,,,24,557,7657,629277,12129,629277,,7,53,292320b332d1dd28b2f9154849d5dc14b5ddf756,0,0,0,0,0,
20200710,MD,71910,,549153,,totalTestsViral,769011,385,11300,122,,,,5157,7/10/2020 10:00,2020-07-10T10:00:00Z,07/10 06:00,3303,11300,2020-07-10T10:00:00Z,769011,84290,,71910,3172,131,,621063,,,,,,,,,,,24,463,8019,621063,13298,621063,,15,79,73d920fa12cf88a5aa891781611ba9fd1a8fa414,0,0,0,0,0,
20200709,MD,71447,,541134,,totalTestsViral,755713,406,11221,139,,,,5132,7/9/2020 10:00,2020-07-09T10:00:00Z,07/09 06:00,3288,11221,2020-07-09T10:00:00Z,755713,83673,,71447,3160,128,,612581,,,,,,,,,,,24,586,8887,612581,15119,612581,,13,37,a49012a1ff2907757d1099664f2e90a07036c616,0,0,0,0,0,
20200708,MD,70861,,532247,,totalTestsViral,740594,398,11184,136,,,,5085,7/8/2020 10:00,2020-07-08T10:00:00Z,07/08 06:00,3275,11184,2020-07-08T10:00:00Z,740594,83057,,70861,3149,126,,603108,,,,,,,,,,,24,465,8265,603108,11934,603108,,9,73,ca03ccd70110419ee927eb63b258e6937ae4fc5d,0,0,0,0,0,
20200707,MD,70396,,523982,,totalTestsViral,728660,404,11111,145,,,,5036,7/7/2020 10:00,2020-07-07T10:00:00Z,07/07 06:00,3266,11111,2020-07-07T10:00:00Z,728660,82431,,70396,3140,126,,594378,,,,,,,,,,,24,492,6525,594378,9879,594378,,20,15,a714df5d8b2d168e5e8ae64757b117c25cdadf4b,0,0,0,0,0,
20200706,MD,69904,,517457,,totalTestsViral,718781,403,11096,142,,,,5029,7/6/2020 10:00,2020-07-06T10:00:00Z,07/06 06:00,3246,11096,2020-07-06T10:00:00Z,718781,81953,,69904,3121,125,,587361,,,,,,,,,,,24,272,7127,587361,10937,587361,,3,25,fc1b9de5b349de8b0b0f93649d1feaea35d595b7,0,0,0,0,0,
20200705,MD,69632,,510330,,totalTestsViral,707844,409,11071,144,,,,5029,7/5/2020 10:00,2020-07-05T10:00:00Z,07/05 06:00,3243,11071,2020-07-05T10:00:00Z,707844,81585,,69632,3118,125,,579962,,,,,,,,,,,24,291,6329,579962,9076,579962,,7,37,0b1408351ad7d830438e080de08cc0b3183dd70a,0,0,0,0,0,
20200704,MD,69341,,504001,,totalTestsViral,698768,410,11034,143,,,,5025,7/4/2020 10:00,2020-07-04T10:00:00Z,07/04 06:00,3236,11034,2020-07-04T10:00:00Z,698768,81192,,69341,3111,125,,573342,,,,,,,,,,,24,380,9128,573342,12955,573342,,13,61,106d0bf69cf991458ee40e5789eff0ecf39818cf,0,0,0,0,0,
20200703,MD,68961,,494873,,totalTestsViral,685813,422,10973,143,,,,5023,7/3/2020 10:00,2020-07-03T10:00:00Z,07/03 06:00,3223,10973,2020-07-03T10:00:00Z,685813,80684,,68961,3099,124,,563834,,,,,,,,,,,24,538,10121,563834,15564,563834,,11,34,04c224ff57d52f0c3918ead4fb89632de4be6201,0,0,0,0,0,
20200702,MD,68423,,484752,,totalTestsViral,670249,441,10939,149,,,,5013,7/2/2020 10:00,2020-07-02T10:00:00Z,07/02 06:00,3212,10939,2020-07-02T10:00:00Z,670249,79758,,68423,3086,126,,553175,,,,,,,,,,,24,505,10066,553175,13659,553175,,7,37,6c205e08d286ec1a5c5baad398d15d1ceb859abf,0,0,0,0,0,
20200701,MD,67918,,474686,,totalTestsViral,656590,461,10902,154,,,,5001,7/1/2020 10:00,2020-07-01T10:00:00Z,07/01 06:00,3205,10902,2020-07-01T10:00:00Z,656590,79129,,67918,3077,128,,542604,,,,,,,,,,,24,359,6390,542604,9571,542604,,15,58,68de86ab7275de3813713828a3f97e64fb8b19d6,0,0,0,0,0,
20200630,MD,67559,,468296,,totalTestsViral,647019,452,10844,152,,,,4982,6/30/2020 10:00,2020-06-30T10:00:00Z,06/30 06:00,3190,10844,2020-06-30T10:00:00Z,647019,78682,,67559,3062,128,,535855,,,,,,,,,,,24,305,6237,535855,8682,535855,,15,22,973f9a7520dfe2d50662a53d27f1eba8a13cd462,0,0,0,0,0,
20200629,MD,67254,,462059,,totalTestsViral,638337,447,10822,160,,,,4979,6/29/2020 10:00,2020-06-29T10:00:00Z,06/29 06:00,3175,10822,2020-06-29T10:00:00Z,638337,78273,,67254,3048,127,,529313,,,,,,,,,,,24,477,9363,529313,12536,529313,,7,29,3c0808927d79c534200b049b6e37f62b9c054a6e,0,0,0,0,0,
20200628,MD,66777,,452696,,totalTestsViral,625801,446,10793,158,,,,4976,6/28/2020 10:00,2020-06-28T10:00:00Z,06/28 06:00,3168,10793,2020-06-28T10:00:00Z,625801,77679,,66777,3042,126,,519473,,,,,,,,,,,24,327,5330,519473,7564,519473,,11,42,aa2133b2e50e78fce8d3f729184cc5b49fe05f05,0,0,0,0,0,
20200627,MD,66450,,447366,,totalTestsViral,618237,478,10751,181,,,,4935,6/27/2020 10:00,2020-06-27T10:00:00Z,06/27 06:00,3157,10751,2020-06-27T10:00:00Z,618237,77264,,66450,3030,127,,513816,,,,,,,,,,,24,335,7084,513816,10414,513816,,15,26,643bceff117e173dd0475fe5b07517e90a9ad1dd,0,0,0,0,0,
20200626,MD,66115,,440282,,totalTestsViral,607823,487,10725,190,,,,4903,6/26/2020 10:00,2020-06-26T10:00:00Z,06/26 06:00,3142,10725,2020-06-26T10:00:00Z,607823,76821,,66115,3015,127,,506397,,,,,,,,,,,24,338,7100,506397,9914,506397,,13,42,e10f9552f3b68b7ec1830ae3d4a15e7cd6aa44ee,0,0,0,0,0,
20200625,MD,65777,,433182,,totalTestsViral,597909,511,10683,209,,,,4874,6/25/2020 10:00,2020-06-25T10:00:00Z,06/25 06:00,3129,10683,2020-06-25T10:00:00Z,597909,76340,,65777,3001,128,,498959,,,,,,,,,,,24,440,8062,498959,11637,498959,,21,35,ecf886cbc601537d869151d4afd7a0c21b4015ac,0,0,0,0,0,
20200624,MD,65337,,425120,,totalTestsViral,586272,544,10648,213,,,,4810,6/24/2020 10:00,2020-06-24T10:00:00Z,06/24 06:00,3108,10648,2020-06-24T10:00:00Z,586272,75828,,65337,2978,130,,490457,,,,,,,,,,,24,330,6592,490457,8887,490457,,16,37,6d93233690c1f6c22313f0627ce22bc289fe6600,0,0,0,0,0,
20200623,MD,65007,,418528,,totalTestsViral,577385,561,10611,212,,,,4797,6/23/2020 10:00,2020-06-23T10:00:00Z,06/23 06:00,3092,10611,2020-06-23T10:00:00Z,577385,75363,,65007,2963,129,,483535,,,,,,,,,,,24,404,8406,483535,10360,483535,,18,39,050008d4bd7919c0986d8c6bb22568084f5c432a,0,0,0,0,0,
20200622,MD,64603,,410122,,totalTestsViral,567025,602,10572,232,,,,4776,6/22/2020 10:00,2020-06-22T10:00:00Z,06/22 06:00,3074,10572,2020-06-22T10:00:00Z,567025,74856,,64603,2945,129,,474725,,,,,,,,,,,24,297,5397,474725,7433,474725,,8,28,8ee2f24dfcf20f50c4a660ef8c3e868f34c42e2b,0,0,0,0,0,
20200621,MD,64306,,404725,,totalTestsViral,559592,608,10544,230,,,,4773,6/21/2020 10:00,2020-06-21T10:00:00Z,06/21 06:00,3066,10544,2020-06-21T10:00:00Z,559592,74473,,64306,2937,129,,469031,,,,,,,,,,,24,350,6401,469031,9424,469031,,14,47,9514180bc896790553ff57db05d39be5e6976665,0,0,0,0,0,
20200620,MD,63956,,398324,,totalTestsViral,550168,644,10497,238,,,,4745,6/20/2020 10:00,2020-06-20T10:00:00Z,06/20 06:00,3052,10497,2020-06-20T10:00:00Z,550168,73980,,63956,2923,129,,462280,,,,,,,,,,,24,408,8203,462280,11802,462280,,22,50,57224d7dafe020ed4ca21cd7ce65627fe6d75a53,0,0,0,0,0,
20200619,MD,63548,,390121,,totalTestsViral,538366,648,10447,261,,,,4685,6/19/2020 10:00,2020-06-19T10:00:00Z,06/19 06:00,3030,10447,2020-06-19T10:00:00Z,538366,73424,,63548,2901,129,,453669,,,,,,,,,,,24,319,5742,453669,8628,453669,,14,90,210881f6a6c3327b1bbd6a797094dd37c86ad65c,0,0,0,0,0,
20200618,MD,63229,,384379,,totalTestsViral,529738,660,10357,269,,,,4640,6/18/2020 10:00,2020-06-18T10:00:00Z,06/18 06:00,3016,10357,2020-06-18T10:00:00Z,529738,72930,,63229,2886,130,,447608,,,,,,,,,,,24,260,6005,447608,8562,447608,,20,48,01e9c2574500eb5d21a222b4354ef9c841ba7650,0,0,0,0,0,
20200617,MD,62969,,378374,,totalTestsViral,521176,702,10309,283,,,,4596,6/17/2020 10:00,2020-06-17T10:00:00Z,06/17 06:00,2996,10309,2020-06-17T10:00:00Z,521176,72479,,62969,2866,130,,441343,,,,,,,,,,,24,560,11558,441343,15594,441343,,14,47,7639f006e6ae71265cad5abdba666212ef87a17d,0,0,0,0,0,
20200616,MD,62409,,366816,,totalTestsViral,505582,742,10262,284,,,,4579,6/16/2020 10:00,2020-06-16T10:00:00Z,06/16 06:00,2982,10262,2020-06-16T10:00:00Z,505582,71784,,62409,2851,131,,429225,,,,,,,,,,,24,377,7740,429225,10497,429225,,35,40,dfaad8794ce7700e4c8e885599bb702381e8560b,0,0,0,0,0,
20200615,MD,62032,,359076,,totalTestsViral,495085,745,10222,292,,,,4567,6/15/2020 10:00,2020-06-15T10:00:00Z,06/15 06:00,2947,10222,2020-06-15T10:00:00Z,495085,71293,,62032,2817,130,,421108,,,,,,,,,,,24,331,5468,421108,8486,421108,,8,57,b37e87b2196983bf4595bdb96c7c3efdad78d7cd,0,0,0,0,0,
20200614,MD,61701,,353608,,totalTestsViral,486599,751,10165,313,,,,4541,6/14/2020 10:00,2020-06-14T10:00:00Z,06/14 06:00,2939,10165,2020-06-14T10:00:00Z,486599,70855,,61701,2811,128,,415309,,,,,,,,,,,24,396,6155,415309,8480,415309,,13,112,27b6be24517f9c5b3031b23d162d7743e24fae92,0,0,0,0,0,
20200613,MD,61305,,347453,,totalTestsViral,478119,799,10053,321,,,,4536,6/13/2020 10:00,2020-06-13T10:00:00Z,06/13 06:00,2926,10053,2020-06-13T10:00:00Z,478119,70320,,61305,2799,127,,408758,,,,,,,,,,,24,692,7971,408758,10555,408758,,26,130,36f5166661f36135320704ef312577a70496fc4f,0,0,0,0,0,
20200612,MD,60613,,339482,,totalTestsViral,467564,836,9923,331,,,,4474,6/12/2020 10:00,2020-06-12T10:00:00Z,06/12 06:00,2900,9923,2020-06-12T10:00:00Z,467564,69655,,60613,2773,127,,400095,,,,,,,,,,,24,416,7309,400095,9748,400095,,25,134,a12818b15b9dd9f2467f563a6384b3ba174b55c2,0,0,0,0,0,
20200611,MD,60197,,332173,,totalTestsViral,457816,902,9789,358,,,,4365,6/11/2020 10:00,2020-06-11T10:00:00Z,06/11 06:00,2875,9789,2020-06-11T10:00:00Z,457816,69087,,60197,2750,125,,392370,,,,,,,,,,,24,732,6996,392370,11547,392370,,31,34,1022990b6344f12823338cda2a4bf5d0b4186189,0,0,0,0,0,
20200610,MD,59465,,325177,,totalTestsViral,446269,955,9755,379,,,,4310,6/10/2020 10:00,2020-06-10T10:00:00Z,06/10 06:00,2844,9755,2020-06-10T10:00:00Z,446269,68174,,59465,2719,125,,384642,,,,,,,,,,,24,561,5999,384642,8496,384642,,33,79,661b33c13365687a006bbfa236e87957aa461dca,0,0,0,0,0,
20200609,MD,58904,,319178,,totalTestsViral,437773,970,9676,386,,,,4279,6/9/2020 10:00,2020-06-09T10:00:00Z,06/09 06:00,2811,9676,2020-06-09T10:00:00Z,437773,67562,,58904,2686,125,,378082,,,,,,,,,,,24,500,6079,378082,8118,378082,,35,47,ad55a6ff07046d9bfb1be0627c18070eb1064eba,0,0,0,0,0,
20200608,MD,58404,,313099,,totalTestsViral,429655,979,9629,392,,,,4240,6/8/2020 10:00,2020-06-08T10:00:00Z,06/08 06:00,2776,9629,2020-06-08T10:00:00Z,429655,66983,,58404,2653,123,,371503,,,,,,,,,,,24,431,6269,371503,8101,371503,,27,83,d6dbb9a5dd2bc385178ef3b40ed5e8343b69ad2a,0,0,0,0,0,
20200607,MD,57973,,306830,,totalTestsViral,421554,1003,9546,404,,,,4240,6/7/2020 10:00,2020-06-07T10:00:00Z,06/07 06:00,2749,9546,2020-06-07T10:00:00Z,421554,66470,,57973,2625,124,,364803,,,,,,,,,,,24,491,6936,364803,9251,364803,,9,95,41714929248317c5cbf6486cb3a185c0622704f1,0,0,0,0,0,
20200606,MD,57482,,299894,,totalTestsViral,412303,1059,9451,418,,,,4175,6/6/2020 10:00,2020-06-06T10:00:00Z,06/06 06:00,2740,9451,2020-06-06T10:00:00Z,412303,65856,,57482,2616,124,,357376,,,,,,,,,,,24,712,8938,357376,12490,357376,,38,105,60d8d8035d1d3daeeee248af324f95468fa5e705,0,0,0,0,0,
20200605,MD,56770,,290956,,totalTestsViral,399813,1076,9346,455,,,,4159,6/5/2020 10:00,2020-06-05T10:00:00Z,06/05 06:00,2702,9346,2020-06-05T10:00:00Z,399813,64919,,56770,2580,122,,347726,,,,,,,,,,,24,912,9796,347726,13210,347726,,34,129,44eaa6fd5419f51ae00d5595fa4b601757e32ba4,0,0,0,0,0,
20200604,MD,55858,,281160,,totalTestsViral,386603,1096,9217,456,,,,3985,6/4/2020 10:00,2020-06-04T10:00:00Z,06/04 06:00,2668,9217,2020-06-04T10:00:00Z,386603,63859,,55858,2546,122,,337018,,,,,,,,,,,24,876,8517,337018,11524,337018,,2,106,c737c76d2148a0f33a834efdc58d12be65f7f4f7,0,0,0,0,0,
20200603,MD,54982,,272643,,totalTestsViral,375079,1109,9111,471,,,,3970,6/3/2020 10:00,2020-06-03T10:00:00Z,06/03 06:00,2666,9111,2020-06-03T10:00:00Z,375079,62955,,54982,2544,122,,327625,,,,,,,,,,,24,807,11003,327625,14385,327625,,20,154,53b8a26b3083aeb057e39406546bd78ca32a294a,0,0,0,0,0,
20200602,MD,54175,,261640,,totalTestsViral,360694,1148,8957,481,,,,3855,6/2/2020 10:00,2020-06-02T10:00:00Z,06/02 06:00,2646,8957,2020-06-02T10:00:00Z,360694,62014,,54175,2525,121,,315815,,,,,,,,,,,24,848,6237,315815,8786,315815,,21,71,630514708de03dd3814c2b92a5bdc895a011ae84,0,0,0,0,0,
20200601,MD,53327,,255403,,totalTestsViral,351908,1174,8886,479,,,,3782,6/1/2020 10:00,2020-06-01T10:00:00Z,06/01 06:00,2625,8886,2020-06-01T10:00:00Z,351908,61245,,53327,2505,120,,308730,,,,,,,,,,,24,549,6300,308730,8772,308730,,29,148,2c94348c3608a2aedfb86e5c7de90cc84d2f9fbb,0,0,0,0,0,
20200531,MD,52778,,249103,,totalTestsViral,343136,1183,8738,479,,,,3764,5/31/2020 10:00,2020-05-31T10:00:00Z,05/31 06:00,2596,8738,2020-05-31T10:00:00Z,343136,60534,,52778,2476,120,,301881,,,,,,,,,,,24,763,7172,301881,9412,301881,,34,119,7a79d07f34105cdd43e7a30fb0337e1e0bfc10d2,0,0,0,0,0,
20200530,MD,52015,,241931,,totalTestsViral,333724,1239,8619,492,,,,3649,5/30/2020 00:00,2020-05-30T00:00:00Z,05/29 20:00,2562,8619,2020-05-30T00:00:00Z,333724,59667,,52015,2444,118,,293946,,,,,,,,,,,24,1027,8401,293946,10845,293946,,24,140,bd6c6cb720c2f63df32760dcae11feb51f012c39,0,0,0,0,0,
20200529,MD,50988,,233530,,totalTestsViral,322879,1296,8479,507,,,,3571,5/29/2020 10:00,2020-05-29T10:00:00Z,05/29 06:00,2538,8479,2020-05-29T10:00:00Z,322879,58514,,50988,2421,117,,284518,,,,,,,,,,,24,1279,8381,284518,11719,284518,,37,87,b8c6f8e15a4d3ff9bc6169a704928919c46d10d7,0,0,0,0,0,
20200528,MD,49709,,225149,,totalTestsViral,311160,1334,8392,511,,,,3468,5/28/2020 10:00,2020-05-28T10:00:00Z,05/28 06:00,2501,8392,2020-05-28T10:00:00Z,311160,57193,,49709,2386,115,,274858,,,,,,,,,,,24,1286,11517,274858,16354,274858,,43,111,2eadb8f122b79ae33a32c6d8edb461899be9102b,0,0,0,0,0,
20200527,MD,48423,,213632,,totalTestsViral,294806,1338,8281,520,,,,3401,5/27/2020 10:00,2020-05-27T10:00:00Z,05/27 06:00,2458,8281,2020-05-27T10:00:00Z,294806,55245,,48423,2343,115,,262055,,,,,,,,,,,24,736,6832,262055,10556,262055,,41,102,02b87c0d7da63099a67c6e2c1821995d6b2d74e4,0,0,0,0,0,
20200526,MD,47687,,206800,,totalTestsViral,284250,1315,8179,520,,,,3334,5/26/2020 10:00,2020-05-26T10:00:00Z,05/26 06:00,2417,8179,2020-05-26T10:00:00Z,284250,53775,,47687,2302,115,,254487,,,,,,,,,,,24,535,4375,254487,6126,254487,,38,87,487190145ea7100790173eaf57fc6b278d691f1c,0,0,0,0,0,
20200525,MD,47152,,202425,,totalTestsViral,278124,1279,8092,517,,,,3329,5/25/2020 10:00,2020-05-25T10:00:00Z,05/25 06:00,2379,8092,2020-05-25T10:00:00Z,278124,53142,,47152,2267,112,,249577,,,,,,,,,,,24,839,8376,249577,10831,249577,,38,153,cd20e89ed68528d73764893f9f9a43849be18da9,0,0,0,0,0,
20200524,MD,46313,,194049,,totalTestsViral,267293,1290,7939,503,,,,3319,5/24/2020 10:00,2020-05-24T10:00:00Z,05/24 06:00,2341,7939,2020-05-24T10:00:00Z,267293,52169,,46313,2229,112,,240362,,,,,,,,,,,24,818,7217,240362,6731,240362,,35,114,1748bb3c6eec43435c867a7974012ade05bb533f,0,0,0,0,0,
20200523,MD,45495,,186832,,totalTestsViral,260562,1320,7825,524,,,,3283,5/23/2020 10:00,2020-05-23T10:00:00Z,05/23 06:00,2306,7825,2020-05-23T10:00:00Z,260562,51210,,45495,2197,109,,232327,,,,,,,,,,,24,1071,3354,232327,8715,232327,,32,191,4b06b16e18e4decf22dd3db8f967e8a944034fd5,0,0,0,0,0,
20200522,MD,44424,,183478,,totalTestsViral,251847,1329,7634,506,,,,3243,5/22/2020 10:00,2020-05-22T10:00:00Z,05/22 06:00,2274,7634,2020-05-22T10:00:00Z,251847,50019,,44424,2169,105,,227902,,,,,,,,,,,24,893,6776,227902,6462,227902,,53,149,4b1f4ad09ffe4d9930e854d48a3cbc8a24ef8f7d,0,0,0,0,0,
20200521,MD,43531,,176702,,totalTestsViral,245385,1374,7485,526,,,,3099,5/21/2020 10:00,2020-05-21T10:00:00Z,05/21 06:00,2221,7485,2020-05-21T10:00:00Z,245385,49129,,43531,2116,105,,220233,,,,,,,,,,,24,1208,3695,220233,9592,220233,,23,92,3b5b8213d78cb30a812fbb4491379c0a096ef64f,0,0,0,0,0,
20200520,MD,42323,,173007,,totalTestsViral,235793,1410,7393,539,,,,2993,5/20/2020 10:00,2020-05-20T10:00:00Z,05/20 06:00,2198,7393,2020-05-20T10:00:00Z,235793,47697,,42323,2093,105,,215330,,,,,,,,,,,24,777,5895,215330,7535,215330,,34,194,9c536ef6780bba00acf9c44216b7482e0f3f4245,0,0,0,0,0,
20200519,MD,41546,,167112,,totalTestsViral,228258,1421,7199,537,,,,2868,5/19/2020 10:00,2020-05-19T10:00:00Z,05/19 06:00,2164,7199,2020-05-19T10:00:00Z,228258,46787,,41546,2061,103,,208658,,,,,,,,,,,24,1784,5368,208658,5757,208658,,42,113,9ea8e7ee9413f4edf82b8c6e2b73c91ea8dcfd46,0,0,0,0,0,
20200518,MD,39762,,161744,,totalTestsViral,222501,1447,7086,555,,,,2817,5/18/2020 10:00,2020-05-18T10:00:00Z,05/18 06:00,2122,7086,2020-05-18T10:00:00Z,222501,45932,,39762,2020,102,,201506,,,,,,,,,,,24,958,5622,201506,6706,201506,,32,93,f7951774e12a345cb34a5300d644029b20276083,0,0,0,0,0,
20200517,MD,38804,,156122,,totalTestsViral,215795,1460,6993,562,,,,2816,5/17/2020 10:00,2020-05-17T10:00:00Z,05/17 06:00,2090,6993,2020-05-17T10:00:00Z,215795,45056,,38804,1989,101,,194926,,,,,,,,,,,24,836,3915,194926,6335,194926,,50,238,75517d4efc3513ca06df97b1ef7d1ed91c1eaf64,0,0,0,0,0,
20200516,MD,37968,,152207,,totalTestsViral,209460,1500,6755,598,,,,2806,5/16/2020 10:00,2020-05-16T10:00:00Z,05/16 06:00,2040,6755,2020-05-16T10:00:00Z,209460,44114,,37968,1943,97,,190175,,,,,,,,,,,24,982,6367,190175,7598,190175,,49,76,be9f8c0cf009d6d3ba5d0340dfd728d6f18ce23f,0,0,0,0,0,
20200515,MD,36986,,145840,,totalTestsViral,201862,1496,6679,598,,,,2685,5/15/2020 10:00,2020-05-15T10:00:00Z,05/15 06:00,1991,6679,2020-05-15T10:00:00Z,201862,42939,,36986,1896,95,,182826,,,,,,,,,,,24,1083,3289,182826,7267,182826,,56,126,95d45ff4c74b014afc28f588a7237b3c68c7f261,0,0,0,0,0,
20200514,MD,35903,,142551,,totalTestsViral,194595,1538,6553,569,,,,2569,5/14/2020 10:00,2020-05-14T10:00:00Z,05/14 06:00,1935,6553,2020-05-14T10:00:00Z,194595,41635,,35903,1840,95,,173574,,,,,,,,,,,24,1091,3789,178454,6028,178454,,54,149,077543e5dd4ce274db08fc04d1975d1ab41fc451,0,0,0,0,0,
20200513,MD,34812,,138762,,totalTestsViral,188567,1550,6404,572,,,,2456,5/13/2020 10:00,2020-05-13T10:00:00Z,05/13 06:00,1881,6404,2020-05-13T10:00:00Z,188567,40581,,34812,1787,94,,169503,,,,,,,,,,,24,751,3320,173574,5425,173574,,47,117,47298e6f14ff0e0dcc6193892042e5d9188278e3,0,0,0,0,0,
20200512,MD,34061,,135442,,totalTestsViral,183142,1563,6287,590,,,,2394,5/12/2020 10:00,2020-05-12T10:00:00Z,05/12 06:00,1834,6287,2020-05-12T10:00:00Z,183142,39787,,34061,1742,92,,,,,,,,,,,,,24,688,4035,169503,3754,169503,,46,104,7d671ea1169bcc13ae3abed69feaa72680dff24e,0,0,0,0,0,
20200511,MD,33373,,131407,,totalTestsViral,179388,1544,6183,585,,,,2298,5/11/2020 10:00,2020-05-11T10:00:00Z,05/11 06:00,1788,6183,2020-05-11T10:00:00Z,179388,38979,,33373,1698,90,,,,,,,,,,,,,24,786,4063,164780,7930,164780,,49,228,7155485db58fed1cacec3fba86d8d5bec4068270,0,0,0,0,0,
20200510,MD,32587,,127344,,totalTestsViral,171458,1640,5955,611,,,,2293,5/10/2020 10:00,2020-05-10T10:00:00Z,05/10 06:00,1739,5955,2020-05-10T10:00:00Z,171458,37984,,32587,1652,87,,,,,,,,,,,,,24,1053,2850,159931,7340,159931,,47,23,3b79e3764525cecce8c940087ca0ce6d0e18d642,0,0,0,0,0,
20200509,MD,31534,,124494,,totalTestsViral,164118,1665,5932,575,,,,2159,5/9/2020 10:00,2020-05-09T10:00:00Z,05/09 06:00,1692,5932,2020-05-09T10:00:00Z,164118,36612,,31534,1609,83,,,,,,,,,,,,,24,1049,2792,156028,6049,156028,,49,121,8460440c745ab6bd360c8dc008c3759e4adaf350,0,0,0,0,0,
20200508,MD,30485,,121702,,totalTestsViral,158069,1674,5811,571,,,,2041,5/8/2020 10:00,2020-05-08T10:00:00Z,05/08 06:00,1643,5811,2020-05-08T10:00:00Z,158069,35288,,30485,1561,82,,,,,,,,,,,,,24,1111,2476,152187,5048,152187,,63,148,b72244fe01ef464fd358d09ad4d77ff40a710260,0,0,0,0,0,
20200507,MD,29374,,119226,,totalTestsViral,153021,1683,5663,584,,,,2029,5/7/2020 10:00,2020-05-07T10:00:00Z,05/07 06:00,1580,5663,2020-05-07T10:00:00Z,153021,34106,,29374,1500,80,,,,,,,,,,,,,24,1211,3377,148600,6357,148600,,60,166,e3a84342a2614bca28a689726fda8a92aa919838,0,0,0,0,0,
20200506,MD,28163,,115849,,totalTestsViral,146664,1707,5497,584,,,,1903,5/6/2020 10:00,2020-05-06T10:00:00Z,05/06 06:00,1520,5497,2020-05-06T10:00:00Z,146664,32710,,28163,1444,76,,,,,,,,,,,,,24,1046,2863,144012,4537,144012,,44,160,5c433abbf407ebcb0cd921dfba8749cfbaf7721b,0,0,0,0,0,
20200505,MD,27117,,112986,,totalTestsViral,142127,1693,5337,573,,,,1810,5/5/2020 10:00,2020-05-05T10:00:00Z,05/05 06:00,1476,5337,2020-05-05T10:00:00Z,142127,31544,,27117,1402,74,,,,,,,,,,,,,24,709,2399,140103,3143,140103,,52,138,bb099568712b61a642f5cdac1f8913177b4e810f,0,0,0,0,0,
20200504,MD,26408,,110587,,totalTestsViral,138984,1649,5199,563,,,,1695,5/4/2020 10:00,2020-05-04T10:00:00Z,05/04 06:00,1424,5199,2020-05-04T10:00:00Z,138984,30845,,26408,1353,71,,,,,,,,,,,,,24,946,3255,136995,5617,136995,,52,148,b3f99700dadf7e6a7d09485f3287a1a2748c338e,0,0,0,0,0,
20200503,MD,25462,,107332,,totalTestsViral,133367,1635,5051,565,,,,1666,5/3/2020 10:00,2020-05-03T10:00:00Z,05/03 06:00,1372,5051,2020-05-03T10:00:00Z,133367,29716,,25462,1302,70,,,,,,,,,,,,,24,989,6283,132794,4636,132794,,49,141,14bf5c547a38a97cd235ae4abb1db8e1d294d91f,0,0,0,0,0,
20200502,MD,24473,,101049,,totalTestsViral,128731,1657,4910,566,,,,1590,5/2/2020 10:00,2020-05-02T10:00:00Z,05/02 06:00,1323,4910,2020-05-02T10:00:00Z,128731,28643,,24473,1258,65,,,,,,,,,,,,,24,1001,3538,125522,5128,125522,,47,192,7dada0e74047c001c5c3ce825478b5f952293399,0,0,0,0,0,
20200501,MD,23472,,97511,,totalTestsViral,123603,1668,4718,568,,,,1517,5/1/2020 10:00,2020-05-01T10:00:00Z,05/01 06:00,1276,4718,2020-05-01T10:00:00Z,123603,27477,,23472,1214,62,,,,,,,,,,,,,24,1730,4894,120983,5278,120983,,50,159,6c070dec9ff6652d4e33b68fe22f5b297a326ee3,0,0,0,0,0,
20200430,MD,21742,,92617,,totalTestsViral,118325,1711,4559,590,,,,1432,4/30/2020 10:00,2020-04-30T10:00:00Z,04/30 06:00,1226,4559,2020-04-30T10:00:00Z,118325,26198,,21742,1167,59,,,,,,,,,,,,,24,893,2537,114359,5433,114359,,58,157,582f3f24f9cee19f23e864b16dfdb984dec8c33c,0,0,0,0,0,
20200429,MD,20849,,90080,,totalTestsViral,112892,1610,4402,586,,,,1361,4/29/2020 10:00,2020-04-29T10:00:00Z,04/29 06:00,1168,4402,2020-04-29T10:00:00Z,112892,24841,,20849,1110,58,,,,,,,,,,,,,24,736,2408,110929,3055,110929,,69,134,1c4aad9eab6498082d848f16318e44c78760e689,0,0,0,0,0,
20200428,MD,20113,,87672,,totalTestsViral,109837,1528,4268,551,,,,1295,4/28/2020 10:00,2020-04-28T10:00:00Z,04/28 06:00,1099,4268,2020-04-28T10:00:00Z,109837,24059,,20113,1042,57,,,,,,,,,,,,,24,626,2183,107785,2827,107785,,54,167,110385e96682ff6f6e2687e12602e5450ff39211,0,0,0,0,0,
20200427,MD,19487,,85489,,totalTestsViral,107010,1513,4101,535,,,,1263,4/27/2020 10:00,2020-04-27T10:00:00Z,04/27 06:00,1045,4101,2020-04-27T10:00:00Z,107010,23404,,19487,990,55,,,,,,,,,,,,,24,906,7405,104976,4033,104976,,44,139,2849bff391592e177a9ed4dc97cc7c4863440838,0,0,0,0,0,
20200426,MD,18581,,78084,,totalTestsViral,102977,1463,3962,530,,,,1177,4/26/2020 10:00,2020-04-26T10:00:00Z,04/26 06:00,1001,3962,2020-04-26T10:00:00Z,102977,22350,,18581,950,51,,,,,,,,,,,,,24,815,6727,96665,4288,96665,,53,202,48a1d4bbf144cf2a30f29a56e7f3260a0882589a,0,0,0,0,0,
20200425,MD,17766,,71357,,totalTestsViral,98689,1408,3760,538,,,,1165,4/25/2020 10:00,2020-04-25T10:00:00Z,04/25 06:00,948,3760,2020-04-25T10:00:00Z,98689,21393,,17766,900,48,,,,,,,,,,,,,24,1150,3257,89123,4486,89123,,49,142,53d280803ab6255cf29b613ab13fb05befa30648,0,0,0,0,0,
20200424,MD,16616,,68100,,totalTestsViral,94203,1425,3618,547,,,,1108,4/24/2020 10:00,2020-04-24T10:00:00Z,04/24 06:00,899,3618,2020-04-24T10:00:00Z,94203,20267,,16616,853,46,,,,,,,,,,,,,24,879,3737,84716,4870,84716,,68,141,2bd135bac74d25e31fc87b8f2547aee13a2272df,0,0,0,0,0,
20200423,MD,15737,,64363,,totalTestsViral,89333,1405,3477,515,,,,1040,4/23/2020 10:00,2020-04-23T10:00:00Z,04/23 06:00,831,3477,2020-04-23T10:00:00Z,89333,19161,,15737,789,42,,,,,,,,,,,,,24,962,2609,80100,3906,80100,,52,152,eb6abba13c7d68145f6b203b8020cbde83c48470,0,0,0,0,0,
20200422,MD,14775,,61754,,totalTestsViral,85427,1432,3325,527,,,,981,4/21/2020 10:00,2020-04-21T10:00:00Z,04/21 06:00,779,3325,2020-04-21T10:00:00Z,85427,18054,,14775,738,41,,,,,,,,,,,,,24,582,2312,76529,3298,76529,,47,167,df2cb0c73afb0440dd1c264b4be09674ba4c919b,0,0,0,0,0,
20200421,MD,14193,,59442,,totalTestsViral,82129,1433,3158,526,,,,930,4/21/2020 10:00,2020-04-21T10:00:00Z,04/21 06:00,732,3158,2020-04-21T10:00:00Z,82129,17293,,14193,692,40,,,,,,,,,,,,,24,509,1729,73635,2188,73635,,49,144,93398da69a656a42f98ea8a52da0d04c21f90789,0,0,0,0,0,
20200420,MD,13684,,57713,,totalTestsViral,79941,,3014,,,,,917,4/20/2020 10:00,2020-04-20T10:00:00Z,04/20 06:00,683,3014,2020-04-20T10:00:00Z,79941,16749,,13684,644,39,,,,,,,,,,,,,24,854,2652,71397,3952,71397,,57,128,6a67a81e2a998f3f26ebddb93cf259d0054ff693,0,0,0,0,0,
20200419,MD,12830,,55061,,totalTestsViral,75989,,2886,,,,,914,4/19/2020 10:00,2020-04-19T10:00:00Z,04/19 06:00,626,2886,2020-04-19T10:00:00Z,75989,15669,,12830,592,34,,,,,,,,,,,,,24,522,1999,67891,2739,67891,,44,129,d8d15e6c7bcbf066f6885d4bb99feec93a0c6a8f,0,0,0,0,0,
20200418,MD,12308,,53062,,totalTestsViral,73250,,2757,,,,,771,4/18/2020 10:00,2020-04-18T10:00:00Z,04/18 06:00,582,2757,2020-04-18T10:00:00Z,73250,15055,,12308,550,32,,,,,,,,,,,,,24,736,2625,65370,3776,65370,,41,145,eb447e53de8360d18ac8d426cf183fa05ce58b91,0,0,0,0,0,
20200417,MD,11572,,50437,,totalTestsViral,69474,,2612,,,,,736,4/17/2020 10:00,2020-04-17T10:00:00Z,04/17 06:00,541,2612,2020-04-17T10:00:00Z,69474,14075,,11572,512,29,,,,,,,,,,,,,24,788,2378,62009,3439,62009,,42,161,1ecef3354c2653582b6b40ff0a5ac03e09825c61,0,0,0,0,0,
20200416,MD,10784,,48059,,totalTestsViral,66035,,2451,,,,,736,4/16/2020 10:00,2020-04-16T10:00:00Z,04/16 06:00,499,2451,2020-04-16T10:00:00Z,66035,13166,,10784,471,28,,,,,,,,,,,,,24,752,2328,58843,3578,58843,,30,220,3ce7d55a21357974ab65ae8f627d221231b4f1f5,0,0,0,0,0,
20200415,MD,10032,,45731,,totalTestsViral,62457,,2231,,,,,607,4/15/2020 10:00,2020-04-15T10:00:00Z,04/15 06:00,469,2231,2020-04-15T10:00:00Z,62457,12107,,10032,441,28,,,,,,,,,,,,,24,560,1470,55763,2406,55763,,48,109,2c001ec5c53118315fb5922b597f3357d2d32e8e,0,0,0,0,0,
20200414,MD,9472,,44261,,totalTestsViral,60051,,2122,,,,,607,4/14/2020 10:00,2020-04-14T10:00:00Z,04/14 06:00,421,2122,2020-04-14T10:00:00Z,60051,11399,,9472,396,25,,,,,,,,,,,,,24,536,1446,53733,1583,53733,,37,147,5ec93911d3afdb73dd5b6bd8649064792319a316,0,0,0,0,0,
20200413,MD,8936,,42815,,totalTestsViral,58468,,1975,,,,,603,4/13/2020 10:00,2020-04-13T10:00:00Z,04/13 06:00,384,1975,2020-04-13T10:00:00Z,58468,10971,,8936,360,24,,,,,,,,,,,,,24,711,1276,51751,3804,51751,,49,115,96ce23441d0bd049c46e9a026180c5eeccc355cf,0,0,0,0,0,
20200412,MD,8225,,41539,,totalTestsViral,54664,,1860,,,,,456,4/12/2020 10:00,2020-04-12T10:00:00Z,04/12 06:00,335,1860,2020-04-12T10:00:00Z,54664,10004,,8225,317,18,,,,,,,,,,,,,24,531,1995,49764,2175,49764,,37,151,0b8a23755f197a18691e18c61cf4d7daf79e5cee,0,0,0,0,0,
20200411,MD,7694,,39544,,totalTestsViral,52489,,1709,,,,,431,4/11/2020 10:00,2020-04-11T10:00:00Z,04/11 06:00,298,1709,2020-04-11T10:00:00Z,52489,9469,,7694,286,12,,,,,,,,,,,,,24,726,2064,47238,3632,47238,,43,296,1ef05f3b23eaaa8816c4a09d527bffd9f3077104,0,0,0,0,0,
20200410,MD,6968,,37480,,totalTestsViral,48857,,1413,,,,,397,4/10/2020 10:00,2020-04-10T10:00:00Z,04/10 06:00,255,1413,2020-04-10T10:00:00Z,48857,8595,,6968,244,11,,,,,,,,,,,,,24,783,2136,44448,3924,44448,,34,65,90ded72bed9581821bd9e9fa9c83dda42a4da978,0,0,0,0,0,
20200409,MD,6185,,35344,,totalTestsViral,44933,,1348,,,,,376,4/9/2020 10:00,2020-04-09T10:00:00Z,04/09 06:00,221,1348,2020-04-09T10:00:00Z,44933,7660,,6185,210,11,,,,,,,,,,,,,24,656,2411,41529,3155,41529,,30,138,7892e5c87047aca32be98b68e133fa4069e6b84f,0,0,0,0,0,
20200408,MD,5529,,32933,,totalTestsViral,41778,,1210,,,,,365,4/8/2020 10:00,2020-04-08T10:00:00Z,04/08 06:00,191,1210,2020-04-08T10:00:00Z,41778,6976,,5529,181,10,,,,,,,,,,,,,24,1158,5677,38462,7936,38462,,31,104,df4b363e7d00a0069a7fa20549d3c724384b7eb9,0,0,0,0,0,
20200407,MD,4371,,27256,,totalTestsViral,33842,,1106,,,,,288,4/7/2020 10:00,2020-04-07T10:00:00Z,04/07 06:00,160,1106,2020-04-07T10:00:00Z,33842,5376,,4371,152,8,,,,,,,,,,,,,24,326,1684,31627,1404,31627,,22,47,0279e6d206b526e2cbb83983135ea3850e00e977,0,0,0,0,0,
20200406,MD,4045,,25572,,totalTestsViral,32438,,1059,,,,,184,4/6/2020 10:00,2020-04-06T10:00:00Z,04/06 06:00,138,1059,2020-04-06T10:00:00Z,32438,5070,,4045,131,7,,,,,,,,,,,,,24,436,844,29617,2633,29617,,16,123,30705b0beb4c4aa5c0cbbeed5d124f61c3d06570,0,0,0,0,0,
20200405,MD,3609,,24728,,totalTestsViral,29805,,936,,,,,159,4/5/2020 10:00,2020-04-05T10:00:00Z,04/05 06:00,122,936,2020-04-05T10:00:00Z,29805,4444,,3609,115,7,,,,,,,,,,,,,24,484,2243,28337,3401,28337,,21,115,56667cfacd8266b42429dabd6d46ab6583b25bf3,0,0,0,0,0,
20200404,MD,3125,,22485,,totalTestsViral,26404,,821,,,,,159,4/4/2020 10:00,2020-04-04T10:00:00Z,04/04 06:00,101,821,2020-04-04T10:00:00Z,26404,3825,,3125,94,7,,,,,,,,,,,,,24,367,1553,25610,2629,25610,,17,157,c90a0c0b82aa4b890c249d719acd20746b66b0e3,0,0,0,0,0,
20200403,MD,2758,,20932,,totalTestsViral,23775,,664,,,,,159,4/3/2020 10:00,2020-04-03T10:00:00Z,04/03 06:00,84,664,2020-04-03T10:00:00Z,23775,3364,,2758,79,5,,,,,,,,,,,,,24,427,2042,23690,3036,23690,,20,82,7106afbb63b42240a954bf4069a112592f86f6dc,0,0,0,0,0,
20200402,MD,2331,,18890,,totalTestsViral,20739,,582,,,,,81,4/2/2020 10:00,2020-04-02T10:00:00Z,04/02 06:00,64,582,2020-04-02T10:00:00Z,20739,2806,,2331,60,4,,,,,,,,,,,,,24,346,1657,21221,2536,21221,,12,60,9b48f66143ca6f7ef930816a63d09a59f9e2aede,0,0,0,0,0,
20200401,MD,1985,,17233,,totalTestsViral,18203,,522,,,,,,4/1/2020 10:00,2020-04-01T10:00:00Z,04/01 06:00,52,522,2020-04-01T10:00:00Z,18203,2356,,1985,50,2,,,,,,,,,,,,,24,325,2365,19218,2945,19218,,9,93,e6a2d4245977cef3cf01675d999051c1b1952f34,0,0,0,0,0,
20200331,MD,1660,,14868,,totalTestsViral,15258,,429,,,,,,3/31/2020 10:00,2020-03-31T10:00:00Z,03/31 06:00,43,429,2020-03-31T10:00:00Z,15258,1861,,1660,42,1,,,,,,,,,,,,,24,247,1552,16528,2054,16528,,8,76,c34e451b20d3a521143b27ae5b89a83cc8e47687,0,0,0,0,0,
20200330,MD,1413,,13316,,totalTestsViral,13204,,353,,,,,,3/30/2020 10:00,2020-03-30T10:00:00Z,03/30 06:00,35,353,2020-03-30T10:00:00Z,13204,1537,,1413,34,1,,,,,,,,,,,,,24,174,962,14729,1585,14729,,11,76,338059f3b003a1f2949c21b01dd2e04a4bb6226f,0,0,0,0,0,
20200329,MD,1239,,12354,,totalTestsViral,11619,,277,,,,,,3/29/2020 10:00,2020-03-29T10:00:00Z,03/29 06:00,24,277,2020-03-29T10:00:00Z,11619,1294,,1239,23,1,,,,,,,,,,,,,24,247,838,13593,1308,13593,,7,51,32c85edac7c9f8a1b230cbfbe669e32b036c3df7,0,0,0,0,0,
20200328,MD,992,,11516,,totalTestsViral,10311,,226,,,,,,3/28/2020 10:00,2020-03-28T10:00:00Z,03/28 06:00,17,226,2020-03-28T10:00:00Z,10311,1117,,992,17,,,,,,,,,,,,,,24,218,11422,12508,3075,12508,,7,53,83c0845ace293b758f0ae19ad12f52675224b229,0,0,0,0,0,
20200327,MD,774,,94,,totalTestsViral,7236,,173,,,,,25,3/27/2020 10:00,2020-03-27T10:00:00Z,03/27 06:00,10,173,2020-03-27T10:00:00Z,7236,769,,774,10,,,,,,,,,,,,,,24,194,0,868,1820,868,,3,41,2753e106d87dd7c62421d01e5d3261f77344ff3b,0,0,0,0,0,
20200326,MD,580,,94,,totalTestsViral,5416,,132,,,,,,3/26/2020 10:00,2020-03-26T10:00:00Z,03/26 06:00,7,132,2020-03-26T10:00:00Z,5416,563,,580,7,,,,,,,,,,,,,,24,157,0,674,3341,674,,2,132,50cdedd0871608f0563d94513cad3fd18725f288,0,0,0,0,0,
20200325,MD,423,,94,,totalTestsViral,2075,,,,,,,,3/25/2020 10:00,2020-03-25T10:00:00Z,03/25 06:00,5,,2020-03-25T10:00:00Z,2075,161,,423,5,,,,,,,,,,,,,,24,74,0,517,1120,517,,0,0,16764494697c128f59306739fc8a0643987ce19c,0,0,0,0,0,
20200324,MD,349,,94,,totalTestsViral,955,,,,,,,,3/24/2020 10:00,2020-03-24T10:00:00Z,03/24 06:00,5,,2020-03-24T10:00:00Z,955,77,,349,5,,,,,,,,,,,,,,24,61,0,443,955,443,,1,0,194cd72fa312fb1da445197f1afab66e1863577c,0,0,0,0,0,
20200323,MD,288,,94,,totalTestsViral,,,,,,,,,3/23/2020 10:00,2020-03-23T10:00:00Z,03/23 06:00,4,,2020-03-23T10:00:00Z,,,,288,4,,,,,,,,,,,,,,24,44,0,382,0,382,,0,0,e8fd682677a2b7517590cb8cfd4fbe097bdc69d3,0,0,0,0,0,
20200322,MD,244,,94,,totalTestsViral,,,,,,,,,3/22/2020 10:00,2020-03-22T10:00:00Z,03/22 06:00,4,,2020-03-22T10:00:00Z,,,,244,4,,,,,,,,,,,,,,24,54,0,338,0,338,,1,0,c10220f60a206a1d11c33beb75eb994f5d6d58e4,0,0,0,0,0,
20200321,MD,190,,94,,totalTestsViral,,,,,,,,,3/21/2020 10:00,2020-03-21T10:00:00Z,03/21 06:00,3,,2020-03-21T10:00:00Z,,,,190,3,,,,,,,,,,,,,,24,41,0,284,0,284,,0,0,7d7b287edc0790cf438f2930a82d9003f5ed3b55,0,0,0,0,0,
20200320,MD,149,,94,,totalTestsViral,,,,,,,,,3/20/2020 10:00,2020-03-20T10:00:00Z,03/20 06:00,3,,2020-03-20T10:00:00Z,,,,149,3,,,,,,,,,,,,,,24,42,0,243,0,243,,1,0,b26c8ef0d9d7dd0dfcabc4eecd01c1421c564e54,0,0,0,0,0,
20200319,MD,107,,94,,totalTestsViral,,,,,,,,,3/19/2020 10:00,2020-03-19T10:00:00Z,03/19 06:00,2,,2020-03-19T10:00:00Z,,,,107,2,,,,,,,,,,,,,,24,22,0,201,0,201,,0,0,5db77ee4d33c74a0a5d8d17a9410d2f37dc35a7b,0,0,0,0,0,
20200318,MD,85,,94,,totalTestsViral,,,,,,,,,3/18/2020 10:00,2020-03-18T10:00:00Z,03/18 06:00,2,,2020-03-18T10:00:00Z,,,,85,2,,,,,,,,,,,,,,24,28,0,179,0,179,,2,0,7232e0fc3c05cfac945ed52bbd62c3bfa42ef453,0,0,0,0,0,
20200317,MD,57,,94,,totalTestsViral,,,,,,,,,3/17/2020 10:00,2020-03-17T10:00:00Z,03/17 06:00,,,2020-03-17T10:00:00Z,,,,57,,,,,,,,,,,,,,,24,20,0,151,0,151,,-2,0,3c3a858b17299ba82e113b4119316c1a0168a813,0,0,0,0,0,
20200316,MD,37,,94,,totalTestsViral,,,,,,,,,3/16/2020 15:49,2020-03-16T15:49:00Z,03/16 11:49,2,,2020-03-16T15:49:00Z,,,,37,,,,,,,,,,,,,,,24,6,0,131,0,131,,2,0,f964be6a8945235a563e843c9dd068463df46556,0,0,0,0,0,
20200315,MD,31,,94,,totalTestsViral,,,,,,,,,3/15/2020 00:00,2020-03-15T00:00:00Z,03/14 20:00,,,2020-03-15T00:00:00Z,,,,31,,,,,,,,,,,,,,,24,5,0,125,0,125,,0,0,9ff18ce55b11194af4544ea6ead9627763be0597,0,0,0,0,0,
20200314,MD,26,,94,,totalTestsViral,,,,,,,,,3/14/2020 00:00,2020-03-14T00:00:00Z,03/13 20:00,,,2020-03-14T00:00:00Z,,,,26,,,,,,,,,,,,,,,24,9,0,120,0,120,,0,0,e2fa7dd5207a78de176b0e24eb880183240d99b0,0,0,0,0,0,
20200313,MD,17,,94,,totalTestsViral,,,,,,,,,3/13/2020 00:00,2020-03-13T00:00:00Z,03/12 20:00,,,2020-03-13T00:00:00Z,,,,17,,,,,,,,,,,,,,,24,5,0,111,0,111,,0,0,e967191f8f2981c87e091dde4ae4684df66a3164,0,0,0,0,0,
20200312,MD,12,,94,,totalTestsViral,,,,,,,,,3/12/2020 00:00,2020-03-12T00:00:00Z,03/11 20:00,,,2020-03-12T00:00:00Z,,,,12,,,,,,,,,,,,,,,24,3,0,106,0,106,,0,0,4c9babb1ad7fdcd6192972f4bee18130ebfb0f8a,0,0,0,0,0,
20200311,MD,9,,94,,totalTestsViral,,,,,,,,,,,,,,,,,,9,,,,,,,,,,,,,,,24,3,5,103,0,103,,0,0,f8b425a3add0ae4edd7edc42a3dfd4a2979bee1d,0,0,0,0,0,
20200310,MD,6,,89,,totalTestsViral,,,,,,,,,,,,,,,,,,6,,,,,,,,,,,,,,,24,1,16,95,0,95,,0,0,b38228b7da21fabf59b71dddf3ab75ecca530c90,0,0,0,0,0,
20200309,MD,5,,73,,totalTestsViral,,,,,,,,,,,,,,,,,,5,,,,,,,,,,,,,,,24,2,21,78,0,78,,0,0,2440ca6317977560a4a6d4028bf31fe8fd2571f9,0,0,0,0,0,
20200308,MD,3,,52,,totalTestsViral,,,,,,,,,,,,,,,,,,3,,,,,,,,,,,,,,,24,0,11,55,0,55,,0,0,7b991089ef44365c653f8acbd7021ef451020e36,0,0,0,0,0,
20200307,MD,3,,41,,totalTestsViral,,,,,,,,,,,,,,,,,,3,,,,,,,,,,,,,,,24,0,15,44,0,44,,0,0,35f68a20c2a36c4ad386b3b1f31c9fc971912e83,0,0,0,0,0,
20200306,MD,3,,26,12,totalTestsViral,,,,,,,,,,,,,,,,,,3,,,,,,,,,,,,,,,24,3,9,41,0,29,,0,0,ef5005974414f326294a040fb638e65cf293addf,0,0,0,0,0,
20200305,MD,0,,17,14,totalTestsViral,,,,,,,,,,,,,,,,,,0,,,,,,,,,,,,,,,24,0,0,31,0,17,,0,0,6e4bc0e2b5dd241cf7495b2355a4ab7d6600bece,0,0,0,0,0,
