date,state,positive,probableCases,negative,pending,totalTestResultsSource,totalTestResults,hospitalizedCurrently,hospitalizedCumulative,inIcuCurrently,inIcuCumulative,onVentilatorCurrently,onVentilatorCumulative,recovered,lastUpdateEt,dateModified,checkTimeEt,death,hospitalized,dateChecked,totalTestsViral,positiveTestsViral,negativeTestsViral,positiveCasesViral,deathConfirmed,deathProbable,totalTestEncountersViral,totalTestsPeopleViral,totalTestsAntibody,positiveTestsAntibody,negativeTestsAntibody,totalTestsPeopleAntibody,positiveTestsPeopleAntibody,negativeTestsPeopleAntibody,totalTestsPeopleAntigen,positiveTestsPeopleAntigen,totalTestsAntigen,positiveTestsAntigen,fips,positiveIncrease,negativeIncrease,total,totalTestResultsIncrease,posNeg,dataQualityGrade,deathIncrease,hospitalizedIncrease,hash,commercialScore,negativeRegularScore,negativeScore,positiveScore,score,grade
20210219,AL,485212,104618,1867861,,totalTestsPeopleViral,2248455,951,44767,,2619,,1488,275245,2/19/2021 11:00,2021-02-19T11:00:00Z,02/19 06:00,9573,44767,2021-02-19T11:00:00Z,,,,380594,7514,2059,,2248455,,,,114143,,,,,,,01,847,4264,2353073,5063,2353073,,149,0,f15282fa10c00473cfb4dd1c9e2130030e137490,0,0,0,0,0,
20210218,AL,484365,104570,1863597,,totalTestsPeopleViral,2243392,1003,44767,,2616,,1485,275245,2/18/2021 11:00,2021-02-18T11:00:00Z,02/18 06:00,9424,44767,2021-02-18T11:00:00Z,,,,379795,7391,2033,,2243392,,,,113810,,,,,,,01,1198,4081,2347962,5091,2347962,,78,226,e952f5c04b1e1da88c6db06ad10ba91b2fed34c9,0,0,0,0,0,
20210217,AL,483167,104382,1859516,,totalTestsPeopleViral,2238301,1030,44541,,2609,,1479,264621,2/17/2021 11:00,2021-02-17T11:00:00Z,02/17 06:00,9346,44541,2021-02-17T11:00:00Z,,,,378785,7324,2022,,2238301,,,,113251,,,,,,,01,679,2428,2342683,2844,2342683,,89,0,3d4a8eef551e9cf3e5ab585388add5a45719e97b,0,0,0,0,0,
20210216,AL,482488,104119,1857088,,totalTestsPeopleViral,2235457,1104,44541,,2607,,1479,264621,2/16/2021 11:00,2021-02-16T11:00:00Z,02/16 06:00,9257,44541,2021-02-16T11:00:00Z,,,,378369,7261,1996,,2235457,,,,113087,,,,,,,01,883,3250,2339576,3816,2339576,,13,199,6fa21cc19ec9087a8e0a332e5f38ecb8167dafbd,0,0,0,0,0,
20210215,AL,481605,103802,1853838,,totalTestsPeopleViral,2231641,1087,44342,,2605,,1479,264621,2/15/2021 11:00,2021-02-15T11:00:00Z,02/15 06:00,9244,44342,2021-02-15T11:00:00Z,,,,377803,7252,1992,,2231641,,,,112933,,,,,,,01,674,2230,2335443,2735,2335443,,2,194,21a07b590ddec909819094569662e403b547886c,0,0,0,0,0,
20210214,AL,480931,103633,1851608,,totalTestsPeopleViral,2228906,1136,44148,,2605,,1479,264621,2/14/2021 11:00,2021-02-14T11:00:00Z,02/14 06:00,9242,44148,2021-02-14T11:00:00Z,,,,377298,7250,1992,,2228906,,,,112730,,,,,,,01,1075,3050,2332539,3890,2332539,,0,0,a098de85b320e9be7c7d3710bb117b425b59adf3,0,0,0,0,0,
20210213,AL,479856,103398,1848558,,totalTestsPeopleViral,2225016,1140,44148,,2604,,1479,264621,2/13/2021 11:00,2021-02-13T11:00:00Z,02/13 06:00,9242,44148,2021-02-13T11:00:00Z,,,,376458,7250,1992,,2225016,,,,112337,,,,,,,01,1189,6042,2328414,6873,2328414,,62,0,391c44033910ad2aafad86df66ff61729165e832,0,0,0,0,0,
20210212,AL,478667,103040,1842516,,totalTestsPeopleViral,2218143,1267,44148,,2595,,1472,264621,2/12/2021 11:00,2021-02-12T11:00:00Z,02/12 06:00,9180,44148,2021-02-12T11:00:00Z,,,,375627,7204,1976,,2218143,,,,111655,,,,,,,01,1097,5891,2321183,6772,2321183,,159,242,1cf01bd2d2e58125906492a944035739779120d1,0,0,0,0,0,
20210211,AL,477570,102824,1836625,,totalTestsPeopleViral,2211371,1281,43906,,2588,,1465,264621,2/11/2021 11:00,2021-02-11T11:00:00Z,02/11 06:00,9021,43906,2021-02-11T11:00:00Z,,,,374746,7089,1932,,2211371,,,,111066,,,,,,,01,1503,5952,2314195,7097,2314195,,133,221,50c77facc327cb93535afd490908fa7551e30bde,0,0,0,0,0,
20210210,AL,476067,102466,1830673,,totalTestsPeopleViral,2204274,1401,43685,,2584,,1463,264621,2/10/2021 11:00,2021-02-10T11:00:00Z,02/10 06:00,8888,43685,2021-02-10T11:00:00Z,,,,373601,6990,1898,,2204274,,,,110429,,,,,,,01,1401,5488,2306740,6463,2306740,,309,186,d8b70bb476bd59452ee20f642230e76a72f24e0a,0,0,0,0,0,
20210209,AL,474666,102040,1825185,,totalTestsPeopleViral,2197811,1441,43499,,2583,,1463,252880,2/9/2021 11:00,2021-02-09T11:00:00Z,02/09 06:00,8579,43499,2021-02-09T11:00:00Z,,,,372626,6783,1796,,2197811,,,,109997,,,,,,,01,1318,5105,2299851,5960,2299851,,56,116,bbb0f3f3cd740fa665314f440acb927fd2446473,0,0,0,0,0,
20210208,AL,473348,101577,1820080,,totalTestsPeopleViral,2191851,1524,43383,,2577,,1460,252880,2/8/2021 11:00,2021-02-08T11:00:00Z,02/08 06:00,8523,43383,2021-02-08T11:00:00Z,,,,371771,6753,1770,,2191851,,,,109716,,,,,,,01,925,3807,2293428,4522,2293428,,8,378,ace5e779c426670fee4ca12b84ed3d96319645a9,0,0,0,0,0,
20210207,AL,472423,101367,1816273,,totalTestsPeopleViral,2187329,1513,43005,,2576,,1460,252880,2/7/2021 11:00,2021-02-07T11:00:00Z,02/07 06:00,8515,43005,2021-02-07T11:00:00Z,,,,371056,6747,1768,,2187329,,,,109260,,,,,,,01,1112,4462,2288696,5308,2288696,,2,0,d438f4555a2b02ea6227696f2f073cfb96c787c6,0,0,0,0,0,
20210206,AL,471311,101101,1811811,,totalTestsPeopleViral,2182021,1551,43005,,2575,,1460,252880,2/6/2021 11:00,2021-02-06T11:00:00Z,02/06 06:00,8513,43005,2021-02-06T11:00:00Z,,,,370210,6746,1767,,2182021,,,,108818,,,,,,,01,1992,29900,2283122,32337,2283122,,64,0,b41c9cf3986d326faf0f2cd639295480fdb1b18f,0,0,0,0,0,
20210205,AL,469319,100466,1781911,,totalTestsPeopleViral,2149684,1671,43005,,2566,,1458,252880,2/5/2021 11:00,2021-02-05T11:00:00Z,02/05 06:00,8449,43005,2021-02-05T11:00:00Z,,,,368853,6697,1752,,2149684,,,,140376,,,,,,,01,1496,0,2251230,0,2251230,,84,194,9b13600ff9d3aefc80f34a4e92b50883267a87ab,0,0,0,0,0,
20210204,AL,467823,100050,1781911,,totalTestsPeopleViral,2149684,1666,42811,,2564,,1457,252880,2/4/2021 11:00,2021-02-04T11:00:00Z,02/04 06:00,8365,42811,2021-02-04T11:00:00Z,,,,367773,6642,1723,,2149684,,,,140376,,,,,,,01,2767,7810,2249734,9765,2249734,,162,84,0d0767308a80e73b47282f41a5868fefb82321f3,0,0,0,0,0,
20210203,AL,465056,99238,1774101,,totalTestsPeopleViral,2139919,1777,42727,,2561,,1457,242143,2/3/2021 11:00,2021-02-03T11:00:00Z,02/03 06:00,8203,42727,2021-02-03T11:00:00Z,,,,365818,6529,1674,,2139919,,,,139309,,,,,,,01,2118,4663,2239157,6083,2239157,,309,399,527ca233234e0bddb05068673bfc228bb9646582,0,0,0,0,0,
20210202,AL,462938,98540,1769438,,totalTestsPeopleViral,2133836,1868,42328,,2555,,1456,242143,2/2/2021 11:00,2021-02-02T11:00:00Z,02/02 06:00,7894,42328,2021-02-02T11:00:00Z,,,,364398,6314,1580,,2133836,,,,138639,,,,,,,01,2078,-11759,2232376,-10589,2232376,,206,469,d38710eaee6d01677b61ea7dfd84934a4eb0481a,0,0,0,0,0,
20210201,AL,460860,97632,1781197,,totalTestsPeopleViral,2144425,1888,41859,,2552,,1456,242143,2/1/2021 00:00,2021-02-01T00:00:00Z,01/31 19:00,7688,41859,2021-02-01T00:00:00Z,,,,363228,6171,1517,,2144425,,,,105851,,,,,,,01,1221,2811,2242057,3720,2242057,,0,0,674786fa7b2360995339e10cbce832281b295ad7,0,0,0,0,0,
20210131,AL,459639,97320,1778386,,totalTestsPeopleViral,2140705,1884,41859,,2551,,1455,242143,1/31/2021 00:00,2021-01-31T00:00:00Z,01/30 19:00,7688,41859,2021-01-31T00:00:00Z,,,,362319,6171,1517,,2140705,,,,105584,,,,,,,01,4057,10433,2238025,13397,2238025,,122,0,d86bdd901b5d192c17c4e3db1fb2d0bb619de992,0,0,0,0,0,
20210130,AL,455582,96227,1767953,,totalTestsPeopleViral,2127308,1879,41859,,2539,,1452,242143,1/30/2021 00:00,2021-01-30T00:00:00Z,01/29 19:00,7566,41859,2021-01-30T00:00:00Z,,,,359355,6094,1472,,2127308,,,,104420,,,,,,,01,0,0,2223535,0,2223535,,0,376,656b870fe6070ebaf7810ecdfdb1677d8c6a03d1,0,0,0,0,0,
20210129,AL,455582,96227,1767953,,totalTestsPeopleViral,2127308,1978,41483,,2539,,1452,242143,1/29/2021 11:00,2021-01-29T11:00:00Z,01/29 06:00,7566,41483,2021-01-29T11:00:00Z,,,,359355,6094,1472,,2127308,,,,104420,,,,,,,01,2848,8782,2223535,10666,2223535,,226,0,41ee1e76f98bca80a26a242ba7dee90ee79742ab,0,0,0,0,0,
20210128,AL,452734,95263,1759171,,totalTestsPeopleViral,2116642,2052,41483,,2533,,1449,242143,1/28/2021 11:00,2021-01-28T11:00:00Z,01/28 06:00,7340,41483,2021-01-28T11:00:00Z,,,,357471,5928,1412,,2116642,,,,103530,,,,,,,01,3648,8103,2211905,10607,2211905,,168,0,0a2cb883ebc45a4f2715f4cacdc3daed4293dbcd,0,0,0,0,0,
20210127,AL,449086,94119,1751068,,totalTestsPeopleViral,2106035,2122,41483,,2524,,1444,233211,1/27/2021 11:00,2021-01-27T11:00:00Z,01/27 06:00,7172,41483,2021-01-27T11:00:00Z,,,,354967,5817,1355,,2106035,,,,102717,,,,,,,01,3177,6016,2200154,8065,2200154,,276,168,56ad5f8e7fb5d4b0e1d6db39c8702a533bf2d416,0,0,0,0,0,
20210126,AL,445909,92991,1745052,,totalTestsPeopleViral,2097970,2222,41315,,2518,,1440,233211,1/26/2021 11:00,2021-01-26T11:00:00Z,01/26 06:00,6896,41315,2021-01-26T11:00:00Z,,,,352918,5638,1258,,2097970,,,,102195,,,,,,,01,2900,5029,2190961,6959,2190961,,234,246,1d757b819a402f3c354c48dc8ed42ae98faebf3c,0,0,0,0,0,
20210125,AL,443009,92021,1740023,,totalTestsPeopleViral,2091011,2285,41069,,2511,,1433,233211,1/25/2021 11:00,2021-01-25T11:00:00Z,01/25 06:00,6662,41069,2021-01-25T11:00:00Z,,,,350988,5469,1193,,2091011,,,,101423,,,,,,,01,1839,2929,2183032,4456,2183032,,2,555,4aab18eb2a1c1de2ff19116c6ca5f8e4b831b8e6,0,0,0,0,0,
20210124,AL,441170,91709,1737094,,totalTestsPeopleViral,2086555,2254,40514,,2511,,1433,233211,1/24/2021 11:00,2021-01-24T11:00:00Z,01/24 06:00,6660,40514,2021-01-24T11:00:00Z,,,,349461,5467,1193,,2086555,,,,101051,,,,,,,01,1728,6623,2178264,8067,2178264,,3,0,43d1dfbcf127dfc0e2634065cc08e68869eabb9d,0,0,0,0,0,
20210123,AL,439442,91425,1730471,,totalTestsPeopleViral,2078488,2258,40514,,2510,,1432,233211,1/23/2021 11:00,2021-01-23T11:00:00Z,01/23 06:00,6657,40514,2021-01-23T11:00:00Z,,,,348017,5464,1193,,2078488,,,,100580,,,,,,,01,3355,9797,2169913,12137,2169913,,171,0,95211d7934e8b380b586a3acef25dcf1b03068c3,0,0,0,0,0,
20210122,AL,436087,90410,1720674,,totalTestsPeopleViral,2066351,2408,40514,,2500,,1426,233211,1/22/2021 11:00,2021-01-22T11:00:00Z,01/22 06:00,6486,40514,2021-01-22T11:00:00Z,,,,345677,5350,1136,,2066351,,,,99830,,,,,,,01,3551,5432,2156761,8127,2156761,,107,237,8717bf3e834cbd6e5b5fef58cd3672b5d494db82,0,0,0,0,0,
20210121,AL,432536,89554,1715242,,totalTestsPeopleViral,2058224,2478,40277,,2495,,1424,233211,1/21/2021 11:00,2021-01-21T11:00:00Z,01/21 06:00,6379,40277,2021-01-21T11:00:00Z,,,,342982,5279,1100,,2058224,,,,99018,,,,,,,01,2881,5492,2147778,7587,2147778,,96,349,849a4c7658c5ad051881e742cabab559b4c5b813,0,0,0,0,0,
20210120,AL,429655,88768,1709750,,totalTestsPeopleViral,2050637,2522,39928,,2493,,1423,233211,1/20/2021 11:00,2021-01-20T11:00:00Z,01/20 06:00,6283,39928,2021-01-20T11:00:00Z,,,,340887,5211,1072,,2050637,,,,98329,,,,,,,01,3112,7626,2139405,9530,2139405,,157,424,2cea2e0519bab445a1e0779e7490b9650b582464,0,0,0,0,0,
20210119,AL,426543,87560,1702124,,totalTestsPeopleViral,2041107,2724,39504,,2486,,1421,221961,1/19/2021 11:00,2021-01-19T11:00:00Z,01/19 06:00,6126,39504,2021-01-19T11:00:00Z,,,,338983,5101,1025,,2041107,,,,97744,,,,,,,01,2515,5109,2128667,6912,2128667,,5,0,35388c32254d0986750a64b21be66531437be5bf,0,0,0,0,0,
20210118,AL,424028,86848,1697015,,totalTestsPeopleViral,2034195,2798,39504,,2485,,1420,221961,1/18/2021 11:00,2021-01-18T11:00:00Z,01/18 06:00,6121,39504,2021-01-18T11:00:00Z,,,,337180,5099,1022,,2034195,,,,97349,,,,,,,01,1430,3580,2121043,4707,2121043,,1,741,a6495204b14d2cd52ed6155273caabbcffa82ba7,0,0,0,0,0,
20210117,AL,422598,86545,1693435,,totalTestsPeopleViral,2029488,2716,38763,,2484,,1420,221961,1/17/2021 11:00,2021-01-17T11:00:00Z,01/17 06:00,6120,38763,2021-01-17T11:00:00Z,,,,336053,5098,1022,,2029488,,,,97007,,,,,,,01,1917,6755,2116033,8365,2116033,,1,0,6e4bd1bb5b44b9abe8877297bca02ecc99e7b95c,0,0,0,0,0,
20210116,AL,420681,86238,1686680,,totalTestsPeopleViral,2021123,2772,38763,,2483,,1419,221961,1/16/2021 11:00,2021-01-16T11:00:00Z,01/16 06:00,6119,38763,2021-01-16T11:00:00Z,,,,334443,5098,1021,,2021123,,,,96429,,,,,,,01,3153,6552,2107361,8910,2107361,,89,0,905b04814da1e0e12ebb7e51bf459db068063f5b,0,0,0,0,0,
20210115,AL,417528,85443,1680128,,totalTestsPeopleViral,2012213,2863,38763,,2476,,1415,221961,1/15/2021 11:00,2021-01-15T11:00:00Z,01/15 06:00,6030,38763,2021-01-15T11:00:00Z,,,,332085,5038,992,,2012213,,,,95644,,,,,,,01,2945,10166,2097656,12520,2097656,,85,313,ddc11282826ce35c859e2740ccd5cb9658940daf,0,0,0,0,0,
20210114,AL,414583,84852,1669962,,totalTestsPeopleViral,1999693,2850,38450,,2470,,1412,221961,1/13/2021 11:00,2021-01-13T11:00:00Z,01/13 06:00,5945,38450,2021-01-13T11:00:00Z,,,,329731,4977,968,,1999693,,,,94965,,,,,,,01,3588,7366,2084545,9969,2084545,,185,221,ff886b68c2b864e213e5e03206d22cdf24f3da81,0,0,0,0,0,
20210113,AL,410995,83867,1662596,,totalTestsPeopleViral,1989724,2975,38229,,2466,,1410,211684,1/13/2021 11:00,2021-01-13T11:00:00Z,01/13 06:00,5760,38229,2021-01-13T11:00:00Z,,,,327128,4862,898,,1989724,,,,94370,,,,,,,01,3147,6653,2073591,8705,2073591,,187,642,cd7566de2c77a15f90f37fc2816335bfc305e809,0,0,0,0,0,
20210112,AL,407848,82772,1655943,,totalTestsPeopleViral,1981019,3076,37587,,2462,,1409,211684,1/12/2021 11:00,2021-01-12T11:00:00Z,01/12 06:00,5573,37587,2021-01-12T11:00:00Z,,,,325076,4732,841,,1981019,,,,93710,,,,,,,01,3848,6125,2063791,8156,2063791,,226,0,eba899eeedb9bf97016e9fc650a1842ee5ed6859,0,0,0,0,0,
20210111,AL,404000,80955,1649818,,totalTestsPeopleViral,1972863,3088,37587,,2459,,1406,211684,1/11/2021 11:00,2021-01-11T11:00:00Z,01/11 06:00,5347,37587,2021-01-11T11:00:00Z,,,,323045,4593,754,,1972863,,,,93355,,,,,,,01,2100,4447,2053818,6207,2053818,,13,833,aba4d8f6497b8b615de7f7d8435d80df6d375f15,0,0,0,0,0,
20210110,AL,401900,80615,1645371,,totalTestsPeopleViral,1966656,2863,36754,,2459,,1405,211684,1/10/2021 11:00,2021-01-10T11:00:00Z,01/10 06:00,5334,36754,2021-01-10T11:00:00Z,,,,321285,4587,747,,1966656,,,,92956,,,,,,,01,2750,7584,2047271,9870,2047271,,35,0,875e7fd976ebabb8f8f68c43e32c2e8e6bda18bb,0,0,0,0,0,
20210109,AL,399150,80151,1637787,,totalTestsPeopleViral,1956786,2995,36754,,2459,,1405,211684,1/9/2021 11:00,2021-01-09T11:00:00Z,01/09 06:00,5299,36754,2021-01-09T11:00:00Z,,,,318999,4563,736,,1956786,,,,92210,,,,,,,01,4863,8919,2036937,12553,2036937,,108,0,e4b4d4a7256983acc3cd2edaec9642d192424080,0,0,0,0,0,
20210108,AL,394287,78922,1628868,,totalTestsPeopleViral,1944233,3046,36754,,2456,,1404,211684,1/8/2021 11:00,2021-01-08T11:00:00Z,01/08 06:00,5191,36754,2021-01-08T11:00:00Z,,,,315365,4482,709,,1944233,,,,91475,,,,,,,01,5057,8420,2023155,12202,2023155,,111,343,d2a0c2315cb608c3afe29d0f3c6abaf2607fccb4,0,0,0,0,0,
20210107,AL,389230,77647,1620448,,totalTestsPeopleViral,1932031,3015,36411,,2449,,1404,211684,1/7/2021 11:00,2021-01-07T11:00:00Z,01/07 06:00,5080,36411,2021-01-07T11:00:00Z,,,,311583,4408,672,,1932031,,,,90442,,,,,,,01,5046,7507,2009678,10821,2009678,,86,352,1f75811f445639c4f9795c3f03cc451faf8661ac,0,0,0,0,0,
20210106,AL,384184,75915,1612941,,totalTestsPeopleViral,1921210,2967,36059,,2448,,1404,211684,1/6/2021 11:00,2021-01-06T11:00:00Z,01/06 06:00,4994,36059,2021-01-06T11:00:00Z,,,,308269,4346,648,,1921210,,,,89641,,,,,,,01,4591,7150,1997125,10329,1997125,,108,629,6173ec778deb536a9b37c69a9d2e3b3e7ac9c1ef,0,0,0,0,0,
20210105,AL,379593,74503,1605791,,totalTestsPeopleViral,1910881,3080,35430,,2445,,1400,202137,1/5/2021 11:00,2021-01-05T11:00:00Z,01/05 06:00,4886,35430,2021-01-05T11:00:00Z,,,,305090,4266,620,,1910881,,,,89088,,,,,,,01,5498,3889,1985384,7493,1985384,,8,0,9c2371af5fb264e11437ec7f4530eb237773bab1,0,0,0,0,0,
20210104,AL,374095,72609,1601902,,totalTestsPeopleViral,1903388,3064,35430,,2445,,1399,202137,1/4/2021 11:00,2021-01-04T11:00:00Z,01/04 06:00,4878,35430,2021-01-04T11:00:00Z,,,,301486,4259,619,,1903388,,,,88653,,,,,,,01,2161,1632,1975997,3318,1975997,,5,1057,e85a49b1134dfb8f2a7be82f2b42c28d9feaa7a5,0,0,0,0,0,
20210103,AL,371934,72134,1600270,,totalTestsPeopleViral,1900070,2885,34373,,2442,,1399,202137,1/3/2021 11:00,2021-01-03T11:00:00Z,01/03 06:00,4873,34373,2021-01-03T11:00:00Z,,,,299800,4255,618,,1900070,,,,88557,,,,,,,01,2476,6555,1972204,8602,1972204,,1,0,64b91db9309e41db7a6f2a81fa6d9e6d3f8555d7,0,0,0,0,0,
20210102,AL,369458,71705,1593715,,totalTestsPeopleViral,1891468,2815,34373,,2440,,1398,202137,1/2/2021 11:00,2021-01-02T11:00:00Z,01/02 06:00,4872,34373,2021-01-02T11:00:00Z,,,,297753,4254,618,,1891468,,,,88383,,,,,,,01,3711,2965,1963173,6252,1963173,,0,0,892fea8524bf1a433e232a4dbd226340b3c568ac,0,0,0,0,0,
20210101,AL,365747,71281,1590750,,totalTestsPeopleViral,1885216,2815,34373,,2440,,1398,202137,1/1/2021 11:00,2021-01-01T11:00:00Z,01/01 06:00,4872,34373,2021-01-01T11:00:00Z,,,,294466,4254,618,,1885216,,,,87982,,,,,,,01,4521,7331,1956497,11216,1956497,,45,189,b317953e1d1244bd4643e43643d423108d4627fc,0,0,0,0,0,
20201231,AL,361226,70645,1583419,,totalTestsPeopleViral,1874000,2815,34184,,2438,,1396,202137,12/31/2020 11:00,2020-12-31T11:00:00Z,12/31 06:00,4827,34184,2020-12-31T11:00:00Z,,,,290581,4219,608,,1874000,,,,87409,,,,,,,01,4406,8344,1944645,11752,1944645,,53,353,7918abaaa650dbd5b1c627363208456790e1fcdf,0,0,0,0,0,
20201230,AL,356820,69647,1575075,,totalTestsPeopleViral,1862248,2813,33831,,2429,,1396,202137,12/30/2020 11:00,2020-12-30T11:00:00Z,12/30 06:00,4774,33831,2020-12-30T11:00:00Z,,,,287173,4174,600,,1862248,,,,86794,,,,,,,01,5016,3822,1931895,7056,1931895,,37,379,6bcaaa21fffca21ae697dd424488c9a596c52d62,0,0,0,0,0,
20201229,AL,351804,67865,1571253,,totalTestsPeopleViral,1855192,2804,33452,,2424,,1394,193149,12/29/2020 11:00,2020-12-29T11:00:00Z,12/29 06:00,4737,33452,2020-12-29T11:00:00Z,,,,283939,4138,599,,1855192,,,,86415,,,,,,,01,3907,5055,1923057,7075,1923057,,25,453,0f07f32862f9404817bd644e864b6023406629e4,0,0,0,0,0,
20201228,AL,347897,65978,1566198,,totalTestsPeopleViral,1848117,2802,32999,,2421,,1388,193149,12/28/2020 11:00,2020-12-28T11:00:00Z,12/28 06:00,4712,32999,2020-12-28T11:00:00Z,,,,281919,4120,592,,1848117,,,,86081,,,,,,,01,2269,2717,1914095,4377,1914095,,21,884,27389a21103a334ff9f9825d56f357bae7dd8bcf,0,0,0,0,0,
20201227,AL,345628,65369,1563481,,totalTestsPeopleViral,1843740,2585,32115,,2421,,1388,193149,12/27/2020 11:00,2020-12-27T11:00:00Z,12/27 06:00,4691,32115,2020-12-27T11:00:00Z,,,,280259,4105,586,,1843740,,,,85907,,,,,,,01,2170,2503,1909109,4105,1909109,,6,0,a58feac73783d1aadaf13e84e163872baf6c8ae5,0,0,0,0,0,
20201226,AL,343458,64801,1560978,,totalTestsPeopleViral,1839635,2470,32115,,2421,,1387,193149,12/26/2020 11:00,2020-12-26T11:00:00Z,12/26 06:00,4685,32115,2020-12-26T11:00:00Z,,,,278657,4101,584,,1839635,,,,85602,,,,,,,01,1032,4308,1904436,5211,1904436,,5,161,d1a45fc6406e4d81387c7c16ff7754aaff685b42,0,0,0,0,0,
20201225,AL,342426,64672,1556670,,totalTestsPeopleViral,1834424,2465,31954,,2421,,1387,193149,12/25/2020 11:00,2020-12-25T11:00:00Z,12/25 06:00,4680,31954,2020-12-25T11:00:00Z,,,,277754,4096,584,,1834424,,,,85353,,,,,,,01,3625,6668,1899096,9743,1899096,,4,0,95064bacb16492b2637febf4c54f0f7ff7adc022,0,0,0,0,0,
20201224,AL,338801,64122,1550002,,totalTestsPeopleViral,1824681,2542,31954,,2418,,1387,193149,12/24/2020 11:00,2020-12-24T11:00:00Z,12/24 06:00,4676,31954,2020-12-24T11:00:00Z,,,,274679,4093,583,,1824681,,,,84371,,,,,,,01,4232,8151,1888803,11330,1888803,,89,303,2526ba355a9224968e825f3ffcb482cf4d95c6dc,0,0,0,0,0,
20201223,AL,334569,63069,1541851,,totalTestsPeopleViral,1813351,2535,31651,,2412,,1385,193149,12/23/2020 11:00,2020-12-23T11:00:00Z,12/23 06:00,4587,31651,2020-12-23T11:00:00Z,,,,271500,4023,564,,1813351,,,,83461,,,,,,,01,4758,9211,1876420,12372,1876420,,135,346,9f5f4c91bfafc09b05e308a985b521d8165b72d8,0,0,0,0,0,
20201222,AL,329811,61472,1532640,,totalTestsPeopleViral,1800979,2527,31305,,2399,,1381,183625,12/22/2020 11:00,2020-12-22T11:00:00Z,12/22 06:00,4452,31305,2020-12-22T11:00:00Z,,,,268339,3910,542,,1800979,,,,82834,,,,,,,01,4979,7130,1862451,10678,1862451,,63,311,0c071ec324e3bfe36d53bdd694feba5e2c687991,0,0,0,0,0,
20201221,AL,324832,60041,1525510,,totalTestsPeopleViral,1790301,2526,30994,,2391,,1377,183625,12/21/2020 11:00,2020-12-21T11:00:00Z,12/21 06:00,4389,30994,2020-12-21T11:00:00Z,,,,264791,3849,540,,1790301,,,,82229,,,,,,,01,2380,4218,1850342,6411,1850342,,0,770,c5f8a19f0d25f9ec1c82c4bbc07c0c8080637a9e,0,0,0,0,0,
20201220,AL,322452,59854,1521292,,totalTestsPeopleViral,1783890,2337,30224,,2390,,1377,183625,12/20/2020 11:00,2020-12-20T11:00:00Z,12/20 06:00,4389,30224,2020-12-20T11:00:00Z,,,,262598,3849,540,,1783890,,,,82020,,,,,,,01,2548,6365,1843744,8462,1843744,,0,0,07804f3addaaa5720ac23cfc480bfc6982de54da,0,0,0,0,0,
20201219,AL,319904,59403,1514927,,totalTestsPeopleViral,1775428,2318,30224,,2389,,1377,183625,12/19/2020 11:00,2020-12-19T11:00:00Z,12/19 06:00,4389,30224,2020-12-19T11:00:00Z,,,,260501,3849,540,,1775428,,,,81525,,,,,,,01,4221,7723,1834831,10678,1834831,,93,0,be2bbcbaec7b8ecf5f2f2257ac803c13096f975a,0,0,0,0,0,
20201218,AL,315683,58137,1507204,,totalTestsPeopleViral,1764750,2447,30224,,2384,,1371,183625,12/18/2020 11:00,2020-12-18T11:00:00Z,12/18 06:00,4296,30224,2020-12-18T11:00:00Z,,,,257546,3772,524,,1764750,,,,80872,,,,,,,01,5348,7855,1822887,12037,1822887,,42,665,bf7e4c35dcd812e6a2b2cdfbc4f26e5768772dfd,0,0,0,0,0,
20201217,AL,310335,56971,1499349,,totalTestsPeopleViral,1752713,2425,29559,,2383,,1369,183625,12/17/2020 11:00,2020-12-17T11:00:00Z,12/17 06:00,4254,29559,2020-12-17T11:00:00Z,,,,253364,3745,509,,1752713,,,,80026,,,,,,,01,4695,8070,1809684,11585,1809684,,56,0,2b66acfdc073953f78f5ec18b18acfa22eb7e495,0,0,0,0,0,
20201216,AL,305640,55791,1491279,,totalTestsPeopleViral,1741128,2310,29559,,2380,,1364,183625,12/16/2020 11:00,2020-12-16T11:00:00Z,12/16 06:00,4198,29559,2020-12-16T11:00:00Z,,,,249849,3704,494,,1741128,,,,79047,,,,,,,01,4107,6097,1796919,8943,1796919,,74,300,b1ccd01ab5029ba90837f7197e1850e8f65f05c7,0,0,0,0,0,
20201215,AL,301533,54530,1485182,,totalTestsPeopleViral,1732185,2353,29259,,2374,,1360,174805,12/15/2020 11:00,2020-12-15T11:00:00Z,12/15 06:00,4124,29259,2020-12-15T11:00:00Z,,,,247003,3642,482,,1732185,,,,78493,,,,,,,01,3638,6275,1786715,8516,1786715,,22,346,a0a60b86bb87470e954fb9b962899f9d61ba0947,0,0,0,0,0,
20201214,AL,297895,53133,1478907,,totalTestsPeopleViral,1723669,2286,28913,,2363,,1353,174805,12/14/2020 11:00,2020-12-14T11:00:00Z,12/14 06:00,4102,28913,2020-12-14T11:00:00Z,,,,244762,3624,478,,1723669,,,,78262,,,,,,,01,2264,20347,1776802,27230,1776802,,0,767,cf4677dc5ce926e48489981f4cf07ab21aee29f8,0,0,0,0,0,
20201213,AL,295631,52801,1458560,,totalTestsPeopleViral,1696439,2248,28146,,2357,,1351,174805,12/13/2020 11:00,2020-12-13T11:00:00Z,12/13 06:00,4102,28146,2020-12-13T11:00:00Z,,,,242830,3624,478,,1696439,,,,76958,,,,,,,01,2790,0,1754191,0,1754191,,0,0,380d42491f5c083e4c79805e76e8ab01e5417269,0,0,0,0,0,
20201212,AL,292841,52306,1458560,,totalTestsPeopleViral,1696439,2161,28146,,2356,,1350,174805,12/12/2020 11:00,2020-12-12T11:00:00Z,12/12 06:00,4102,28146,2020-12-12T11:00:00Z,,,,240535,3624,478,,1696439,,,,76958,,,,,,,01,4066,0,1751401,0,1751401,,16,0,53b218b32038665fd50d03a73ebbd0417598b113,0,0,0,0,0,
20201211,AL,288775,50896,1458560,,totalTestsPeopleViral,1696439,2111,28146,,2351,,1349,174805,12/11/2020 11:00,2020-12-11T11:00:00Z,12/11 06:00,4086,28146,2020-12-11T11:00:00Z,,,,237879,3612,474,,1696439,,,,76958,,,,,,,01,3853,9190,1747335,12077,1747335,,52,528,fe011d632c93f920ee7a925a0aabfee61f705d20,0,0,0,0,0,
20201210,AL,284922,49930,1449370,,totalTestsPeopleViral,1684362,2170,27618,,2342,,1341,174805,12/10/2020 11:00,2020-12-10T11:00:00Z,12/10 06:00,4034,27618,2020-12-10T11:00:00Z,,,,234992,3569,465,,1684362,,,,76322,,,,,,,01,4735,7745,1734292,11198,1734292,,49,0,08882017d8e9d08c3959293e255fa80a35ff1a25,0,0,0,0,0,
20201209,AL,280187,48648,1441625,,totalTestsPeopleViral,1673164,2111,27618,,2321,,1329,174805,12/9/2020 11:00,2020-12-09T11:00:00Z,12/09 06:00,3985,27618,2020-12-09T11:00:00Z,,,,231539,3525,460,,1673164,,,,75780,,,,,,,01,3522,6542,1721812,9074,1721812,,43,295,b71b05f55e9787d21c6e8375508604ec5f96a53a,0,0,0,0,0,
20201208,AL,276665,47658,1435083,,totalTestsPeopleViral,1664090,2097,27323,,2305,,1323,168387,12/8/2020 11:00,2020-12-08T11:00:00Z,12/08 06:00,3942,27323,2020-12-08T11:00:00Z,,,,229007,3496,446,,1664090,,,,75221,,,,,,,01,4436,9299,1711748,12517,1711748,,50,279,09ddf50be336dc870b94336550d294e36debea21,0,0,0,0,0,
20201207,AL,272229,46440,1425784,,totalTestsPeopleViral,1651573,2079,27044,,2290,,1317,168387,12/7/2020 11:00,2020-12-07T11:00:00Z,12/07 06:00,3892,27044,2020-12-07T11:00:00Z,,,,225789,3465,427,,1651573,,,,74956,,,,,,,01,2352,4658,1698013,6532,1698013,,3,713,236023611510213343774c8f0b33e25de18a196d,0,0,0,0,0,
20201206,AL,269877,45962,1421126,,totalTestsPeopleViral,1645041,1927,26331,,2290,,1317,168387,12/6/2020 11:00,2020-12-06T11:00:00Z,12/06 06:00,3889,26331,2020-12-06T11:00:00Z,,,,223915,3462,427,,1645041,,,,74784,,,,,,,01,2288,5769,1691003,7880,1691003,,12,0,f3ce07592ccfab2c14c37b0c8c4b7037109bb8bb,0,0,0,0,0,
20201205,AL,267589,45785,1415357,,totalTestsPeopleViral,1637161,1867,26331,,2290,,1317,168387,12/5/2020 11:00,2020-12-05T11:00:00Z,12/05 06:00,3877,26331,2020-12-05T11:00:00Z,,,,221804,3454,423,,1637161,,,,74594,,,,,,,01,3390,8058,1682946,10793,1682946,,46,0,5a52fd55f5ef284d2a19e0066b2aab25c6fce7ab,0,0,0,0,0,
20201204,AL,264199,45130,1407299,,totalTestsPeopleViral,1626368,1875,26331,,2274,,1312,168387,12/4/2020 11:00,2020-12-04T11:00:00Z,12/04 06:00,3831,26331,2020-12-04T11:00:00Z,,,,219069,3411,420,,1626368,,,,74069,,,,,,,01,3840,7289,1671498,10420,1671498,,55,269,9ac7ff27f44fb5df7db3aca6ae5525339efd998a,0,0,0,0,0,
20201203,AL,260359,44421,1400010,,totalTestsPeopleViral,1615948,1827,26062,,2259,,1302,168387,12/3/2020 11:00,2020-12-03T11:00:00Z,12/03 06:00,3776,26062,2020-12-03T11:00:00Z,,,,215938,3375,401,,1615948,,,,73588,,,,,,,01,3531,9659,1660369,12425,1660369,,65,241,30b0d22721fc57add9b3006abe6e5b6dc5ef72de,0,0,0,0,0,
20201202,AL,256828,43656,1390351,,totalTestsPeopleViral,1603523,1801,25821,,2252,,1298,168387,12/2/2020 11:00,2020-12-02T11:00:00Z,12/02 06:00,3711,25821,2020-12-02T11:00:00Z,,,,213172,3326,385,,1603523,,,,73187,,,,,,,01,3928,6546,1647179,9681,1647179,,73,211,59aae9c598c35ccb9249a06a2f5b6c4993b8f6b9,0,0,0,0,0,
20201201,AL,252900,42863,1383805,,totalTestsPeopleViral,1593842,1785,25610,,2242,,1291,161946,12/1/2020 11:00,2020-12-01T11:00:00Z,12/01 06:00,3638,25610,2020-12-01T11:00:00Z,,,,210037,3280,358,,1593842,,,,71828,,,,,,,01,3376,7481,1636705,9495,1636705,,60,272,3a185251711c9c8c7f0cf5b999fffd03c7dfbb3f,0,0,0,0,0,
20201130,AL,249524,41501,1376324,,totalTestsPeopleViral,1584347,1717,25338,,2237,,1288,161946,11/30/2020 11:00,2020-11-30T11:00:00Z,11/30 06:00,3578,25338,2020-11-30T11:00:00Z,,,,208023,3246,332,,1584347,,,,71698,,,,,,,01,2295,2554,1625848,4634,1625848,,1,668,4f5c1990023d24a1965c6a290d20221e408708ba,0,0,0,0,0,
20201129,AL,247229,41286,1373770,,totalTestsPeopleViral,1579713,1609,24670,,2234,,1287,161946,11/29/2020 11:00,2020-11-29T11:00:00Z,11/29 06:00,3577,24670,2020-11-29T11:00:00Z,,,,205943,3245,332,,1579713,,,,71698,,,,,,,01,2236,3978,1620999,5811,1620999,,5,0,7c6081a061f5dd84415f7d24b75d85a21d99d9b6,0,0,0,0,0,
20201128,AL,244993,40883,1369792,,totalTestsPeopleViral,1573902,1571,24670,,2231,,1286,161946,11/28/2020 11:00,2020-11-28T11:00:00Z,11/28 06:00,3572,24670,2020-11-28T11:00:00Z,,,,204110,3240,332,,1573902,,,,71335,,,,,,,01,2119,4552,1614785,6189,1614785,,0,219,e380a4620c1e3c45fffc6844fb9ef16026dfd83c,0,0,0,0,0,
20201127,AL,242874,40401,1365240,,totalTestsPeopleViral,1567713,1526,24451,,2228,,1284,161946,11/27/2020 11:00,2020-11-27T11:00:00Z,11/27 06:00,3572,24451,2020-11-27T11:00:00Z,,,,202473,3240,332,,1567713,,,,71131,,,,,,,01,917,4053,1608114,4771,1608114,,0,50,fc2e9da6216005f449ef966e04ee3dfd0c91a0ab,0,0,0,0,0,
20201126,AL,241957,40202,1361187,,totalTestsPeopleViral,1562942,1434,24401,,2227,,1282,161946,11/26/2020 11:00,2020-11-26T11:00:00Z,11/26 06:00,3572,24401,2020-11-26T11:00:00Z,,,,201755,3240,332,,1562942,,,,70846,,,,,,,01,2639,7226,1603144,9355,1603144,,40,25,873f206bf91635840681e58ae716dd61e1e3d41b,0,0,0,0,0,
20201125,AL,239318,39692,1353961,,totalTestsPeopleViral,1553587,1483,24376,,2217,,1276,161946,11/25/2020 11:00,2020-11-25T11:00:00Z,11/25 06:00,3532,24376,2020-11-25T11:00:00Z,,,,199626,3207,325,,1553587,,,,70609,,,,,,,01,2453,6944,1593279,8722,1593279,,60,216,46ac1e3c6e977eb31c93353b93b566568370a918,0,0,0,0,0,
20201124,AL,236865,39017,1347017,,totalTestsPeopleViral,1544865,1428,24160,,2211,,1276,90702,11/24/2020 11:00,2020-11-24T11:00:00Z,11/24 06:00,3472,24160,2020-11-24T11:00:00Z,,,,197848,3165,307,,1544865,,,,70247,,,,,,,01,2785,9276,1583882,11237,1583882,,13,218,8cc31496d7a4b6965811438016c6a6b9fa0bbcc1,0,0,0,0,0,
20201123,AL,234080,38193,1337741,,totalTestsPeopleViral,1533628,1427,23942,,2201,,1268,90702,11/23/2020 11:00,2020-11-23T11:00:00Z,11/23 06:00,3459,23942,2020-11-23T11:00:00Z,,,,195887,3155,304,,1533628,,,,70036,,,,,,,01,1574,6940,1571821,8242,1571821,,2,493,f1dce0a94eb76e0532e4c7fdf2190c78a558ebb9,0,0,0,0,0,
20201122,AL,232506,37921,1330801,,totalTestsPeopleViral,1525386,1332,23449,,2199,,1268,90702,11/22/2020 11:00,2020-11-22T11:00:00Z,11/22 06:00,3457,23449,2020-11-22T11:00:00Z,,,,194585,3153,304,,1525386,,,,69857,,,,,,,01,1798,5710,1563307,7200,1563307,,0,0,38e2c3dd9273496934394f557be6c0590ab40371,0,0,0,0,0,
20201121,AL,230708,37613,1325091,,totalTestsPeopleViral,1518186,1300,23449,,2197,,1268,90702,11/21/2020 11:00,2020-11-21T11:00:00Z,11/21 06:00,3457,23449,2020-11-21T11:00:00Z,,,,193095,3153,304,,1518186,,,,69591,,,,,,,01,2335,8287,1555799,9974,1555799,,6,0,7809eae8db4c32f649896a07b127681b25c6abfc,0,0,0,0,0,
20201120,AL,228373,36965,1316804,,totalTestsPeopleViral,1508212,1329,23449,,2189,,1265,90702,11/20/2020 11:00,2020-11-20T11:00:00Z,11/20 06:00,3451,23449,2020-11-20T11:00:00Z,,,,191408,3148,303,,1508212,,,,69249,,,,,,,01,2463,9548,1545177,11495,1545177,,32,154,ddd7d6bae73e891257e06a93db069a0af5867f23,0,0,0,0,0,
20201119,AL,225910,36449,1307256,,totalTestsPeopleViral,1496717,1315,23295,,2182,,1261,90702,11/19/2020 11:00,2020-11-19T11:00:00Z,11/19 06:00,3419,23295,2020-11-19T11:00:00Z,,,,189461,3123,296,,1496717,,,,68847,,,,,,,01,2424,13211,1533166,15049,1533166,,72,207,3fd464f25db6bbfc1e524b145ccd3a306e315c7b,0,0,0,0,0,
20201118,AL,223486,35863,1294045,,totalTestsPeopleViral,1481668,1303,23088,,2165,,1249,88038,11/18/2020 11:00,2020-11-18T11:00:00Z,11/18 06:00,3347,23088,2020-11-18T11:00:00Z,,,,187623,3073,274,,1481668,,,,68534,,,,,,,01,2638,6373,1517531,8122,1517531,,46,372,277c5e99627c4ce356b915d9041166e5d6b1e902,0,0,0,0,0,
20201117,AL,220848,34974,1287672,,totalTestsPeopleViral,1473546,1289,22716,,2158,,1246,88038,11/17/2020 11:00,2020-11-17T11:00:00Z,11/17 06:00,3301,22716,2020-11-17T11:00:00Z,,,,185874,3040,261,,1473546,,,,68223,,,,,,,01,1616,5714,1508520,6943,1508520,,52,0,ed1e91e55104f050fa24ebda10c35ee3595b8396,0,0,0,0,0,
20201116,AL,219232,34587,1281958,,totalTestsPeopleViral,1466603,1262,22716,,2153,,1244,88038,11/16/2020 11:00,2020-11-16T11:00:00Z,11/16 06:00,3249,22716,2020-11-16T11:00:00Z,,,,184645,3001,248,,1466603,,,,68042,,,,,,,01,1410,6043,1501190,7197,1501190,,1,441,12190bd3a12fa6a4bea059796782e4e69e8e6b3a,0,0,0,0,0,
20201115,AL,217822,34331,1275915,,totalTestsPeopleViral,1459406,1195,22275,,2151,,1244,88038,11/15/2020 11:00,2020-11-15T11:00:00Z,11/15 06:00,3248,22275,2020-11-15T11:00:00Z,,,,183491,3000,248,,1459406,,,,67964,,,,,,,01,1979,4655,1493737,6251,1493737,,2,0,d48c94fe457a4db3fc6113722bc75f81a31d5fa9,0,0,0,0,0,
20201114,AL,215843,33948,1271260,,totalTestsPeopleViral,1453155,1120,22275,,2151,,1244,88038,11/14/2020 11:00,2020-11-14T11:00:00Z,11/14 06:00,3246,22275,2020-11-14T11:00:00Z,,,,181895,2998,248,,1453155,,,,67747,,,,,,,01,2226,10660,1487103,12280,1487103,,15,0,2b5e5ebee219e812dbf4d794d66c675614c2dcca,0,0,0,0,0,
20201113,AL,213617,33342,1260600,,totalTestsPeopleViral,1440875,1177,22275,,2148,,1243,88038,11/13/2020 11:00,2020-11-13T11:00:00Z,11/13 06:00,3231,22275,2020-11-13T11:00:00Z,,,,180275,2989,242,,1440875,,,,67410,,,,,,,01,2980,15365,1474217,19285,1474217,,18,85,636292961139f5d5dba5175066e77bfdc3ea5334,0,0,0,0,0,
20201112,AL,210637,32624,1245235,,totalTestsPeopleViral,1421590,1233,22190,,2144,,1240,88038,11/12/2020 11:00,2020-11-12T11:00:00Z,11/12 06:00,3213,22190,2020-11-12T11:00:00Z,,,,178013,2970,243,,1421590,,,,67066,,,,,,,01,2000,0,1455872,0,1455872,,12,304,4865b1d1c1774d637870c23f41e4a9da0f0a0808,0,0,0,0,0,
20201111,AL,208637,32282,1245235,,totalTestsPeopleViral,1421590,1210,21886,,2142,,1239,84471,11/11/2020 11:00,2020-11-11T11:00:00Z,11/11 06:00,3201,21886,2020-11-11T11:00:00Z,,,,176355,2958,243,,1421590,,,,66749,,,,,,,01,2070,14083,1453872,15451,1453872,,81,0,a983e861859fec4c950243f4869925a7289ac825,0,0,0,0,0,
20201110,AL,206567,31580,1231152,,totalTestsPeopleViral,1406139,1206,21886,,2128,,1231,84471,11/10/2020 11:00,2020-11-10T11:00:00Z,11/10 06:00,3120,21886,2020-11-10T11:00:00Z,,,,174987,2890,230,,1406139,,,,66544,,,,,,,01,1710,-1823,1437719,-690,1437719,,36,592,81ed71358bf2952734a6dde355cca2f478a833bc,0,0,0,0,0,
20201109,AL,204857,31003,1232975,,totalTestsPeopleViral,1406829,1174,21294,,2122,,1226,84471,11/9/2020 11:00,2020-11-09T11:00:00Z,11/09 06:00,3084,21294,2020-11-09T11:00:00Z,,,,173854,2865,219,,1406829,,,,66370,,,,,,,01,1170,3158,1437832,4138,1437832,,0,0,7f397471a4c94b300735aa16cda4f3a8b536bd89,0,0,0,0,0,
20201108,AL,203687,30813,1229817,,totalTestsPeopleViral,1402691,1060,21294,,2121,,1225,84471,11/8/2020 11:00,2020-11-08T11:00:00Z,11/08 06:00,3084,21294,2020-11-08T11:00:00Z,,,,172874,2865,219,,1402691,,,,66292,,,,,,,01,1205,5222,1433504,6323,1433504,,2,0,e68caa9478c35384ddc1a6809dc53fe2ab1bcea2,0,0,0,0,0,
20201107,AL,202482,30709,1224595,,totalTestsPeopleViral,1396368,1015,21294,,2121,,1225,84471,11/7/2020 11:00,2020-11-07T11:00:00Z,11/07 06:00,3082,21294,2020-11-07T11:00:00Z,,,,171773,2864,218,,1396368,,,,66104,,,,,,,01,1768,7593,1427077,8920,1427077,,33,0,78c42ccb243e170f3768c537d3a4908ce0f00866,0,0,0,0,0,
20201106,AL,200714,30268,1217002,,totalTestsPeopleViral,1387448,1022,21294,,2110,,1220,84471,11/6/2020 11:00,2020-11-06T11:00:00Z,11/06 06:00,3049,21294,2020-11-06T11:00:00Z,,,,170446,2839,210,,1387448,,,,65871,,,,,,,01,1556,7161,1417716,8341,1417716,,23,267,2dfe310ae817091610080555b13da48e68f879a6,0,0,0,0,0,
20201105,AL,199158,29892,1209841,,totalTestsPeopleViral,1379107,994,21027,,2100,,1214,84471,11/5/2020 11:00,2020-11-05T11:00:00Z,11/05 06:00,3026,21027,2020-11-05T11:00:00Z,,,,169266,2818,208,,1379107,,,,65657,,,,,,,01,1381,6344,1408999,7495,1408999,,20,0,e9d4ee860ac38ef798f6caaf687e346854fe0150,0,0,0,0,0,
20201104,AL,197777,29662,1203497,,totalTestsPeopleViral,1371612,1017,21027,,2089,,1207,84471,11/4/2020 11:00,2020-11-04T11:00:00Z,11/04 06:00,3006,21027,2020-11-04T11:00:00Z,,,,168115,2799,207,,1371612,,,,65256,,,,,,,01,1848,7075,1401274,8563,1401274,,19,126,1c596b026c5657d1e78fd3c77a083cd7cdb4a3bc,0,0,0,0,0,
20201103,AL,195929,29302,1196422,,totalTestsPeopleViral,1363049,1022,20901,,2081,,1203,81005,11/3/2020 11:00,2020-11-03T11:00:00Z,11/03 06:00,2987,20901,2020-11-03T11:00:00Z,,,,166627,2782,205,,1363049,,,,65053,,,,,,,01,1037,5986,1392351,6629,1392351,,14,451,d754690abf6737751fe9139013e91a3d505de58a,0,0,0,0,0,
20201102,AL,194892,28908,1190436,,totalTestsPeopleViral,1356420,967,20450,,2067,,1193,81005,11/2/2020 11:00,2020-11-02T11:00:00Z,11/02 06:00,2973,20450,2020-11-02T11:00:00Z,,,,165984,2767,206,,1356420,,,,64932,,,,,,,01,907,3095,1385328,3840,1385328,,0,0,e921e128a698cfc06ba42c3563392b593fdaf88d,0,0,0,0,0,
20201101,AL,193985,28746,1187341,,totalTestsPeopleViral,1352580,967,20450,,2066,,1193,81005,11/1/2020 11:00,2020-11-01T11:00:00Z,11/01 06:00,2973,20450,2020-11-01T11:00:00Z,,,,165239,2767,206,,1352580,,,,64859,,,,,,,01,1700,5383,1381326,6327,1381326,,6,0,c1a73e7db445907a57dd19cc0e2049fbac962172,0,0,0,0,0,
20201031,AL,192285,27990,1181958,,totalTestsPeopleViral,1346253,960,20450,,2065,,1192,81005,10/31/2020 11:00,2020-10-31T11:00:00Z,10/31 07:00,2967,20450,2020-10-31T11:00:00Z,,,,164295,2761,206,,1346253,,,,64693,,,,,,,01,1789,8989,1374243,10564,1374243,,35,0,6b11c22c6b91f7222664454471fbe528a009ab8f,0,0,0,0,0,
20201030,AL,190496,27776,1172969,,totalTestsPeopleViral,1335689,1013,20450,,2061,,1187,81005,10/30/2020 11:00,2020-10-30T11:00:00Z,10/30 07:00,2932,20450,2020-10-30T11:00:00Z,,,,162720,2735,197,,1335689,,,,64432,,,,,,,01,1347,7071,1363465,8254,1363465,,18,204,1ce918005a76dbba6411d2d59a3188a71d47d312,0,0,0,0,0,
20201029,AL,189149,27612,1165898,,totalTestsPeopleViral,1327435,1013,20246,,2056,,1183,81005,10/29/2020 11:00,2020-10-29T11:00:00Z,10/29 07:00,2914,20246,2020-10-29T11:00:00Z,,,,161537,2718,196,,1327435,,,,64185,,,,,,,01,1443,5972,1355047,7129,1355047,,3,130,5051b6cf2d71368c172ab1600f8d68c003003a85,0,0,0,0,0,
20201028,AL,187706,27326,1159926,,totalTestsPeopleViral,1320306,1013,20116,,2049,,1176,74439,10/28/2020 11:00,2020-10-28T11:00:00Z,10/28 07:00,2911,20116,2020-10-28T11:00:00Z,,,,160380,2713,198,,1320306,,,,63860,,,,,,,01,1269,6478,1347632,7419,1347632,,19,142,66320c22b4cdbf1b1ff0e8df30f21706bf8c5753,0,0,0,0,0,
20201027,AL,186437,26998,1153448,,totalTestsPeopleViral,1312887,1001,19974,,2035,,1164,74439,10/27/2020 11:00,2020-10-27T11:00:00Z,10/27 07:00,2892,19974,2020-10-27T11:00:00Z,,,,159439,2699,193,,1312887,,,,63683,,,,,,,01,1115,4455,1339885,5193,1339885,,26,0,29bd3e49c9fefcca58fbdbfc5f42fa2772424a8d,0,0,0,0,0,
20201026,AL,185322,26621,1148993,,totalTestsPeopleViral,1307694,967,19974,,2025,,1159,74439,10/26/2020 11:00,2020-10-26T11:00:00Z,10/26 07:00,2866,19974,2020-10-26T11:00:00Z,,,,158701,2680,186,,1307694,,,,63683,,,,,,,01,967,4208,1334315,5028,1334315,,0,379,11bba484e030bde7cb54c20f7fefc6c1427013b1,0,0,0,0,0,
20201025,AL,184355,26474,1144785,,totalTestsPeopleViral,1302666,922,19595,,2022,,1157,74439,10/25/2020 11:00,2020-10-25T11:00:00Z,10/25 07:00,2866,19595,2020-10-25T11:00:00Z,,,,157881,2680,186,,1302666,,,,63508,,,,,,,01,1079,5863,1329140,6798,1329140,,0,0,10d6bae9381747008f4adcd12a8600765d2b5603,0,0,0,0,0,
20201024,AL,183276,26330,1138922,,totalTestsPeopleViral,1295868,920,19595,,2021,,1157,74439,10/24/2020 11:00,2020-10-24T11:00:00Z,10/24 07:00,2866,19595,2020-10-24T11:00:00Z,,,,156946,2680,186,,1295868,,,,63359,,,,,,,01,2360,5064,1322198,6095,1322198,,7,0,d22f78d3324c845b373418147adccaa690a8b60d,0,0,0,0,0,
20201023,AL,180916,25001,1133858,,totalTestsPeopleViral,1289773,888,19595,,2001,,1148,74439,10/23/2020 11:00,2020-10-23T11:00:00Z,10/23 07:00,2859,19595,2020-10-23T11:00:00Z,,,,155915,2674,185,,1289773,,,,62498,,,,,,,01,3852,8105,1314774,9078,1314774,,16,147,8a394ac4220ad9e0ad73f7a61eb9adcaa6e897b4,0,0,0,0,0,
20201022,AL,177064,22122,1125753,,totalTestsPeopleViral,1280695,864,19448,,1985,,1137,74439,10/22/2020 11:00,2020-10-22T11:00:00Z,10/22 07:00,2843,19448,2020-10-22T11:00:00Z,,,,154942,2660,183,,1280695,,,,62257,,,,,,,01,2536,5246,1302817,7172,1302817,,38,118,e5c239d295495c5d11347ec98f7585760792f9d5,0,0,0,0,0,
20201021,AL,174528,21512,1120507,,totalTestsPeopleViral,1273523,863,19330,,1967,,1121,74439,10/20/2020 11:00,2020-10-20T11:00:00Z,10/20 07:00,2805,19330,2020-10-20T11:00:00Z,,,,153016,2633,172,,1273523,,,,62008,,,,,,,01,0,7948,1295035,7948,1295035,,0,249,f57c5f3a55ea250043a45ad6565cfb85f6038fce,0,0,0,0,0,
20201020,AL,174528,21512,1112559,,totalTestsPeopleViral,1265575,846,19081,,1954,,1114,74238,10/20/2020 11:00,2020-10-20T11:00:00Z,10/20 07:00,2805,19081,2020-10-20T11:00:00Z,,,,153016,2633,172,,1265575,,,,61855,,,,,,,01,1043,4731,1287087,5475,1287087,,16,0,b6c240d7e77625902c2f5f298e007f5258ecc039,0,0,0,0,0,
20201019,AL,173485,21213,1107828,,totalTestsPeopleViral,1260100,859,19081,,1939,,1106,74238,10/19/2020 11:00,2020-10-19T11:00:00Z,10/19 07:00,2789,19081,2020-10-19T11:00:00Z,,,,152272,2621,168,,1260100,,,,61800,,,,,,,01,859,5459,1281313,6204,1281313,,1,226,22099e72c965ff3cd1a3282f279262c00cd87dd7,0,0,0,0,0,
20201018,AL,172626,21099,1102369,,totalTestsPeopleViral,1253896,823,18855,,1934,,1103,74238,10/18/2020 11:00,2020-10-18T11:00:00Z,10/18 07:00,2788,18855,2020-10-18T11:00:00Z,,,,151527,2620,168,,1253896,,,,61573,,,,,,,01,964,4270,1274995,5101,1274995,,0,0,11a0f4f3f6ff59c502b208647b5148effbf4ab94,0,0,0,0,0,
20201017,AL,171662,20966,1098099,,totalTestsPeopleViral,1248795,823,18855,,1933,,1102,74238,10/17/2020 11:00,2020-10-17T11:00:00Z,10/17 07:00,2788,18855,2020-10-17T11:00:00Z,,,,150696,2620,168,,1248795,,,,61431,,,,,,,01,1288,6641,1269761,7613,1269761,,2,0,0465a97e3bd498534a778f9a3d6cccfafbbb05d2,0,0,0,0,0,
20201016,AL,170374,20650,1091458,,totalTestsPeopleViral,1241182,859,18855,,1926,,1099,74238,10/16/2020 11:00,2020-10-16T11:00:00Z,10/16 07:00,2786,18855,2020-10-16T11:00:00Z,,,,149724,2618,168,,1241182,,,,61222,,,,,,,01,1212,6043,1261832,7108,1261832,,30,220,f0491cb66bd26f6f1b47a3d9b18d8485979ff1f0,0,0,0,0,0,
20201015,AL,169162,20503,1085415,,totalTestsPeopleViral,1234074,844,18635,,1914,,1091,74238,10/15/2020 11:00,2020-10-15T11:00:00Z,10/15 07:00,2756,18635,2020-10-15T11:00:00Z,,,,148659,2590,166,,1234074,,,,60916,,,,,,,01,1185,6939,1254577,7853,1254577,,50,0,44b00ec858c6ad1d28a095fd01d4f9ac8e99dc03,0,0,0,0,0,
20201014,AL,167977,20232,1078476,,totalTestsPeopleViral,1226221,834,18635,,1907,,1085,74238,10/14/2020 11:00,2020-10-14T11:00:00Z,10/14 07:00,2706,18635,2020-10-14T11:00:00Z,,,,147745,2549,157,,1226221,,,,60687,,,,,,,01,784,4352,1246453,5014,1246453,,41,195,3e3e94b47e9e9b0f681c57a4f4681efdfa5f2a76,0,0,0,0,0,
20201013,AL,167193,20110,1074124,,totalTestsPeopleViral,1221207,823,18440,,1896,,1072,71240,10/13/2020 11:00,2020-10-13T11:00:00Z,10/13 07:00,2665,18440,2020-10-13T11:00:00Z,,,,147083,2509,156,,1221207,,,,60552,,,,,,,01,1117,5737,1241317,6597,1241317,,0,261,f0c1d5108f0e462c8ea624f8cd862170677ce1ad,0,0,0,0,0,
20201012,AL,166076,19853,1068387,,totalTestsPeopleViral,1214610,856,18179,,1892,,1068,71240,10/12/2020 11:00,2020-10-12T11:00:00Z,10/12 07:00,2665,18179,2020-10-12T11:00:00Z,,,,146223,2509,156,,1214610,,,,60414,,,,,,,01,734,3970,1234463,4603,1234463,,1,0,fdcfeb37bc223a83806e1d67a8d7f44a6bb043b3,0,0,0,0,0,
20201011,AL,165342,19752,1064417,,totalTestsPeopleViral,1210007,812,18179,,1890,,1067,71240,10/11/2020 11:00,2020-10-11T11:00:00Z,10/11 07:00,2664,18179,2020-10-11T11:00:00Z,,,,145590,2508,156,,1210007,,,,60353,,,,,,,01,816,4998,1229759,5687,1229759,,0,0,933f10fed6f4f02a042110f985dc83d545e80f72,0,0,0,0,0,
20201010,AL,164526,19625,1059419,,totalTestsPeopleViral,1204320,792,18179,,1889,,1065,71240,10/10/2020 11:00,2020-10-10T11:00:00Z,10/10 07:00,2664,18179,2020-10-10T11:00:00Z,,,,144901,2508,156,,1204320,,,,60161,,,,,,,01,1061,6867,1223945,7868,1223945,,11,190,b259ccd59a5b4cf4c5882a4fc83389d57cf231ba,0,0,0,0,0,
20201009,AL,163465,19565,1052552,,totalTestsPeopleViral,1196452,816,17989,,1884,,1063,71240,10/9/2020 11:00,2020-10-09T11:00:00Z,10/09 07:00,2653,17989,2020-10-09T11:00:00Z,,,,143900,2496,157,,1196452,,,,59957,,,,,,,01,1490,10506,1216017,11742,1216017,,16,0,4ea32750ac8c421c1cba1318a8761ddeb5684c18,0,0,0,0,0,
20201008,AL,161975,19311,1042046,,totalTestsPeopleViral,1184710,754,17989,,1876,,1061,71240,10/8/2020 11:00,2020-10-08T11:00:00Z,10/08 07:00,2637,17989,2020-10-08T11:00:00Z,,,,142664,2484,153,,1184710,,,,59685,,,,,,,01,557,3520,1204021,3892,1204021,,36,74,aaefc0b65a831f26f93591a2e67ad8493da36cb4,0,0,0,0,0,
20201007,AL,161418,19126,1038526,,totalTestsPeopleViral,1180818,777,17915,,1867,,1057,67948,10/7/2020 11:00,2020-10-07T11:00:00Z,10/07 07:00,2601,17915,2020-10-07T11:00:00Z,,,,142292,2454,147,,1180818,,,,59483,,,,,,,01,941,7233,1199944,7971,1199944,,21,216,0505eb57d066d8633f4334e834baf2656831af82,0,0,0,0,0,
20201006,AL,160477,18923,1031293,,totalTestsPeopleViral,1172847,764,17699,,1862,,1056,67948,10/6/2020 11:00,2020-10-06T11:00:00Z,10/06 07:00,2580,17699,2020-10-06T11:00:00Z,,,,141554,2436,144,,1172847,,,,59331,,,,,,,01,764,4702,1191770,5334,1191770,,21,0,9598e273c03e193f828cd31ec46435b1e65f5340,0,0,0,0,0,
20201005,AL,159713,18791,1026591,,totalTestsPeopleViral,1167513,791,17699,,1847,,1047,67948,10/5/2020 11:00,2020-10-05T11:00:00Z,10/05 07:00,2559,17699,2020-10-05T11:00:00Z,,,,140922,2417,142,,1167513,,,,59283,,,,,,,01,544,4518,1186304,4995,1186304,,1,279,87e5fb64a68b05dad67b8a0b139a23a4e2a326fa,0,0,0,0,0,
20201004,AL,159169,18724,1022073,,totalTestsPeopleViral,1162518,757,17420,,1845,,1046,67948,10/4/2020 11:00,2020-10-04T11:00:00Z,10/04 07:00,2558,17420,2020-10-04T11:00:00Z,,,,140445,2416,142,,1162518,,,,59243,,,,,,,01,789,5754,1181242,6473,1181242,,0,0,8488d7d9e1d4bbd5b1f56b32319414d6c0336476,0,0,0,0,0,
20201003,AL,158380,18654,1016319,,totalTestsPeopleViral,1156045,738,17420,,1843,,1045,67948,10/3/2020 11:00,2020-10-03T11:00:00Z,10/03 07:00,2558,17420,2020-10-03T11:00:00Z,,,,139726,2416,142,,1156045,,,,59075,,,,,,,01,1682,9707,1174699,10444,1174699,,8,0,b86235e9505671af250f6e6bf7992c24d6597559,0,0,0,0,0,
20201002,AL,156698,17709,1006612,,totalTestsPeopleViral,1145601,752,17420,,1840,,1043,67948,10/2/2020 11:00,2020-10-02T11:00:00Z,10/02 07:00,2550,17420,2020-10-02T11:00:00Z,,,,138989,2409,141,,1145601,,,,58858,,,,,,,01,954,6042,1163310,6869,1163310,,2,163,48609aafac7faa40ae6c149d319323c92e02b2be,0,0,0,0,0,
20201001,AL,155744,17582,1000570,,totalTestsPeopleViral,1138732,760,17257,,1832,,1037,67948,10/1/2020 11:00,2020-10-01T11:00:00Z,10/01 07:00,2548,17257,2020-10-01T11:00:00Z,,,,138162,2405,143,,1138732,,,,58605,,,,,,,01,1043,6095,1156314,6693,1156314,,8,0,3fa9cafeaa5e04d86b95cdd91b57e415945fc054,0,0,0,0,0,
20200930,AL,154701,17137,994475,,totalTestsPeopleViral,1132039,776,17257,,1815,,1025,67948,9/30/2020 11:00,2020-09-30T11:00:00Z,09/30 07:00,2540,17257,2020-09-30T11:00:00Z,,,,137564,2399,141,,1132039,,,,58393,,,,,,,01,1147,11312,1149176,12327,1149176,,23,75,c61c301bd232624ef59d93d04774a44dfe4afc49,0,0,0,0,0,
20200929,AL,153554,17005,983163,,totalTestsPeopleViral,1119712,773,17182,,1802,,1014,64583,9/29/2020 11:00,2020-09-29T11:00:00Z,09/29 07:00,2517,17182,2020-09-29T11:00:00Z,,,,136549,2378,139,,1119712,,,,58235,,,,,,,01,571,2872,1136717,3366,1136717,,16,91,ab942ade289c5b0bc43d60352a4de214bcb472d8,0,0,0,0,0,
20200928,AL,152983,16928,980291,,totalTestsPeopleViral,1116346,753,17091,,1798,,1012,64583,9/28/2020 11:00,2020-09-28T11:00:00Z,09/28 07:00,2501,17091,2020-09-28T11:00:00Z,,,,136055,2364,137,,1116346,,,,58151,,,,,,,01,662,4606,1133274,5107,1133274,,0,239,00eb684fb69ea20105e1540b2fc1397e07c2e3f2,0,0,0,0,0,
20200927,AL,152321,16767,975685,,totalTestsPeopleViral,1111239,741,16852,,1791,,1007,64583,9/27/2020 11:00,2020-09-27T11:00:00Z,09/27 07:00,2501,16852,2020-09-27T11:00:00Z,,,,135554,2364,137,,1111239,,,,58032,,,,,,,01,730,5637,1128006,6307,1128006,,0,0,314c3b1c44bea7aa2dc73b7f5fd276db8d4d946c,0,0,0,0,0,
20200926,AL,151591,16707,970048,,totalTestsPeopleViral,1104932,709,16852,,1791,,1007,64583,9/26/2020 11:00,2020-09-26T11:00:00Z,09/26 07:00,2501,16852,2020-09-26T11:00:00Z,,,,134884,2364,137,,1104932,,,,57800,,,,,,,01,933,6684,1121639,7337,1121639,,10,0,c7c4a4c6342bbba9b702f6c7f8367f44142d4c48,0,0,0,0,0,
20200925,AL,150658,16427,963364,,totalTestsPeopleViral,1097595,718,16852,,1782,,1000,64583,9/25/2020 11:00,2020-09-25T11:00:00Z,09/25 07:00,2491,16852,2020-09-25T11:00:00Z,,,,134231,2357,134,,1097595,,,,57589,,,,,,,01,2452,18617,1114022,19415,1114022,,-15,74,06d418d96ed8927dd8dda018db353300977eac3d,0,0,0,0,0,
20200924,AL,148206,14773,944747,,totalTestsPeopleViral,1078180,744,16778,,1679,,931,64583,9/24/2020 11:00,2020-09-24T11:00:00Z,09/24 07:00,2506,16778,2020-09-24T11:00:00Z,,,,133433,2349,157,,1078180,,,,57387,,,,,,,01,1053,6296,1092953,7277,1092953,,18,80,04ecefab2ede0bd5f178492bf8f950413a93a557,0,0,0,0,0,
20200923,AL,147153,14701,938451,,totalTestsPeopleViral,1070903,768,16698,,1669,,920,64583,9/23/2020 11:00,2020-09-23T11:00:00Z,09/23 07:00,2488,16698,2020-09-23T11:00:00Z,,,,132452,2335,153,,1070903,,,,57192,,,,,,,01,569,4886,1085604,5350,1085604,,31,94,3953a7ec571d40e521d2d8d51956adf7dc29978f,0,0,0,0,0,
20200922,AL,146584,14596,933565,,totalTestsPeopleViral,1065553,796,16604,,1659,,910,61232,9/22/2020 11:00,2020-09-22T11:00:00Z,09/22 07:00,2457,16604,2020-09-22T11:00:00Z,,,,131988,2304,153,,1065553,,,,57042,,,,,,,01,804,5453,1080149,6036,1080149,,18,117,1261a44b281eddaed4d09242c556a0ec3cc12e97,0,0,0,0,0,
20200921,AL,145780,14375,928112,,totalTestsPeopleViral,1059517,802,16487,,1645,,904,61232,9/21/2020 11:00,2020-09-21T11:00:00Z,09/21 07:00,2439,16487,2020-09-21T11:00:00Z,,,,131405,2292,147,,1059517,,,,56961,,,,,,,01,818,4746,1073892,5500,1073892,,2,260,e5619cdb8ed832dbe42c22e8522c511f05dbf4bf,0,0,0,0,0,
20200920,AL,144962,14311,923366,,totalTestsPeopleViral,1054017,780,16227,,1643,,904,61232,9/19/2020 11:00,2020-09-19T11:00:00Z,09/19 07:00,2437,16227,2020-09-19T11:00:00Z,,,,130651,2290,147,,1054017,,,,56887,,,,,,,01,798,4918,1068328,5595,1068328,,0,0,651ed22fcfed60067c8e5107e118f958327f5718,0,0,0,0,0,
20200919,AL,144164,14190,918448,,totalTestsPeopleViral,1048422,747,16227,,1642,,904,61232,9/19/2020 11:00,2020-09-19T11:00:00Z,09/19 07:00,2437,16227,2020-09-19T11:00:00Z,,,,129974,2290,147,,1048422,,,,56797,,,,,,,01,1301,8256,1062612,9412,1062612,,9,0,b0cf052141050c228fd884a0b41cdac3d387bd8a,0,0,0,0,0,
20200918,AL,142863,14045,910192,,totalTestsPeopleViral,1039010,744,16227,,1638,,904,61232,9/18/2020 11:00,2020-09-18T11:00:00Z,09/18 07:00,2428,16227,2020-09-18T11:00:00Z,,,,128818,2284,144,,1039010,,,,56411,,,,,,,01,1106,7036,1053055,7757,1053055,,27,148,992d04f99be3c148908821a41fc0cfd5bb634e97,0,0,0,0,0,
20200917,AL,141757,13660,903156,,totalTestsPeopleViral,1031253,740,16079,,1631,,900,61232,9/17/2020 11:00,2020-09-17T11:00:00Z,09/17 07:00,2401,16079,2020-09-17T11:00:00Z,,,,128097,2264,137,,1031253,,,,56181,,,,,,,01,670,3472,1044913,4046,1044913,,9,137,6f6f271fa2b5c2d0506ad30f1ee0ff826ee6cc84,0,0,0,0,0,
20200916,AL,141087,13564,899684,,totalTestsPeopleViral,1027207,722,15942,,1629,,901,61232,9/16/2020 11:00,2020-09-16T11:00:00Z,09/16 07:00,2392,15942,2020-09-16T11:00:00Z,,,,127523,2257,135,,1027207,,,,55976,,,,,,,01,927,6874,1040771,7584,1040771,,5,186,27e3c9f30385c59902825c710831ac3fba50ec85,0,0,0,0,0,
20200915,AL,140160,13347,892810,,totalTestsPeopleViral,1019623,716,15756,,1622,,898,54223,9/15/2020 11:00,2020-09-15T11:00:00Z,09/15 07:00,2387,15756,2020-09-15T11:00:00Z,,,,126813,2253,134,,1019623,,,,55856,,,,,,,01,701,4718,1032970,5232,1032970,,32,0,f955270c14a125a2a5bd5e0c2b3ad89325ec3eb5,0,0,0,0,0,
20200914,AL,139459,13160,888092,,totalTestsPeopleViral,1014391,792,15756,,1611,,892,54223,9/14/2020 11:00,2020-09-14T11:00:00Z,09/14 07:00,2355,15756,2020-09-14T11:00:00Z,,,,126299,2221,134,,1014391,,,,55780,,,,,,,01,704,3660,1027551,4164,1027551,,4,229,08838db5c505b60d2059a709f1bfcd7fbbe4198a,0,0,0,0,0,
20200913,AL,138755,12960,884432,,totalTestsPeopleViral,1010227,790,15527,,1610,,892,54223,9/13/2020 11:00,2020-09-13T11:00:00Z,09/13 07:00,2351,15527,2020-09-13T11:00:00Z,,,,125795,2218,133,,1010227,,,,55599,,,,,,,01,1109,5709,1023187,6681,1023187,,1,0,021ee58232b28941642521c372ed3a6837de0851,0,0,0,0,0,
20200912,AL,137646,12823,878723,,totalTestsPeopleViral,1003546,793,15527,,1608,,891,54223,9/12/2020 11:00,2020-09-12T11:00:00Z,09/12 07:00,2350,15527,2020-09-12T11:00:00Z,,,,124823,2217,133,,1003546,,,,55442,,,,,,,01,943,4504,1016369,5230,1016369,,17,0,8bfba531c615ba99ccbe13382f0038e73b230e2f,0,0,0,0,0,
20200911,AL,136703,12606,874219,,totalTestsPeopleViral,998316,811,15527,,1593,,877,54223,9/11/2020 11:00,2020-09-11T11:00:00Z,09/11 07:00,2333,15527,2020-09-11T11:00:00Z,,,,124097,2204,129,,998316,,,,55157,,,,,,,01,1138,4046,1010922,4876,1010922,,32,188,49a31cbf6769246fec5529af2eede8302feec8ba,0,0,0,0,0,
20200910,AL,135565,12298,870173,,totalTestsPeopleViral,993440,834,15339,,1572,,864,54223,9/10/2020 11:00,2020-09-10T11:00:00Z,09/10 07:00,2301,15339,2020-09-10T11:00:00Z,,,,123267,2176,125,,993440,,,,55417,,,,,,,01,1148,6191,1005738,6878,1005738,,16,0,f22e4ea8bae11aad209456eab4358ce28a81a895,0,0,0,0,0,
20200909,AL,134417,11837,863982,,totalTestsPeopleViral,986562,857,15339,,1551,,854,54223,9/9/2020 11:00,2020-09-09T11:00:00Z,09/09 07:00,2285,15339,2020-09-09T11:00:00Z,,,,122580,2161,124,,986562,,,,55320,,,,,,,01,811,5193,998399,5894,998399,,8,202,85577bad9e429b5237c31d98b12d52d2a0b0cb49,0,0,0,0,0,
20200908,AL,133606,11727,858789,,totalTestsPeopleViral,980668,778,15137,,1538,,848,51154,9/8/2020 11:00,2020-09-08T11:00:00Z,09/08 07:00,2277,15137,2020-09-08T11:00:00Z,,,,121879,2153,124,,980668,,,,55234,,,,,,,01,633,3767,992395,4172,992395,,1,223,92ddfa7d022e1d21378c9bcd9bd7ef1cf8907c2c,0,0,0,0,0,
20200907,AL,132973,11499,855022,,totalTestsPeopleViral,976496,858,14914,,1537,,848,51154,9/7/2020 11:00,2020-09-07T11:00:00Z,09/07 07:00,2276,14914,2020-09-07T11:00:00Z,,,,121474,2152,124,,976496,,,,55192,,,,,,,01,659,3028,987995,3687,987995,,0,0,c7a8ce3e4e0e47b3a4b0e647e3d9b424666a520a,0,0,0,0,0,
20200906,AL,132314,11499,851994,,totalTestsPeopleViral,972809,841,14914,,1537,,848,51154,9/6/2020 11:00,2020-09-06T11:00:00Z,09/06 07:00,2276,14914,2020-09-06T11:00:00Z,,,,120815,2152,124,,972809,,,,55174,,,,,,,01,511,5824,984308,6312,984308,,1,0,9c83f53ebfc198f4b877798772d106f2cc34c8dc,0,0,0,0,0,
20200905,AL,131803,11476,846170,,totalTestsPeopleViral,966497,818,14914,,1537,,848,51154,9/5/2020 11:00,2020-09-05T11:00:00Z,09/05 07:00,2275,14914,2020-09-05T11:00:00Z,,,,120327,2151,124,,966497,,,,54959,,,,,,,01,1410,6150,977973,7188,977973,,9,113,336ceb370dbe75e546db4b6e19c1f9caa04b9bad,0,0,0,0,0,
20200904,AL,130393,11104,840020,,totalTestsPeopleViral,959309,880,14801,,1525,,839,51154,9/4/2020 11:00,2020-09-04T11:00:00Z,09/04 07:00,2266,14801,2020-09-04T11:00:00Z,,,,119289,2144,122,,959309,,,,54774,,,,,,,01,1108,3331,970413,4019,970413,,33,0,225b78a1a17133e72caae9364f8b5e67b2c94e88,0,0,0,0,0,
20200903,AL,129285,10684,836689,,totalTestsPeopleViral,955290,872,14801,,1511,,827,51154,9/3/2020 11:00,2020-09-03T11:00:00Z,09/03 07:00,2233,14801,2020-09-03T11:00:00Z,,,,118601,2120,113,,955290,,,,54557,,,,,,,01,1046,695,965974,1076,965974,,16,48,8e5c94041bc16e965f1c12c4a9f1f446b4908812,0,0,0,0,0,
20200902,AL,128239,10019,835994,,totalTestsPeopleViral,954214,959,14753,,1501,,827,51154,9/2/2020 11:00,2020-09-02T11:00:00Z,09/02 07:00,2217,14753,2020-09-02T11:00:00Z,,,,118220,2114,103,,954214,,,,54160,,,,,,,01,623,4690,964233,4776,964233,,17,215,03e38b1dd036bb5289ba5b1b5d88b6ddf2eea8db,0,0,0,0,0,
20200901,AL,127616,9482,831304,,totalTestsPeopleViral,949438,990,14538,,1487,,817,48028,9/1/2020 11:00,2020-09-01T11:00:00Z,09/01 07:00,2200,14538,2020-09-01T11:00:00Z,,,,118134,2102,98,,949438,,,,54076,,,,,,,01,1558,-27925,958920,-26943,958920,,18,271,5fd639b3f0c93701c4c108b7e3d78077d6518099,0,0,0,0,0,
20200831,AL,126058,8906,859229,,totalTestsPeopleViral,976381,1004,14267,,1474,,807,48028,8/31/2020 11:00,2020-08-31T11:00:00Z,08/31 07:00,2182,14267,2020-08-31T11:00:00Z,,,,117152,2083,99,,976381,,,,,,,,,,,01,823,3402,985287,4098,985287,,20,0,2ffb62ee9a6585d0b5ed5691fafd4c97f94757bc,0,0,0,0,0,
20200830,AL,125235,8779,855827,,totalTestsPeopleViral,972283,969,14267,,1467,,804,48028,8/30/2020 11:00,2020-08-30T11:00:00Z,08/30 07:00,2162,14267,2020-08-30T11:00:00Z,,,,116456,2067,95,,972283,,,,,,,,,,,01,1346,3898,981062,5070,981062,,10,0,8d836c02afe6421b66a5458e2e4c31aec79be2e9,0,0,0,0,0,
20200829,AL,123889,8605,851929,,totalTestsPeopleViral,967213,986,14267,,1459,,801,48028,8/29/2020 11:00,2020-08-29T11:00:00Z,08/29 07:00,2152,14267,2020-08-29T11:00:00Z,,,,115284,2059,93,,967213,,,,,,,,,,,01,1704,9251,975818,10812,975818,,45,0,4c39efc4a3ffeb708304e49b419e3d9775aa6589,0,0,0,0,0,
20200828,AL,122185,8462,842678,,totalTestsPeopleViral,956401,1002,14267,,1450,,794,48028,8/28/2020 11:00,2020-08-28T11:00:00Z,08/28 07:00,2107,14267,2020-08-28T11:00:00Z,,,,113723,2017,90,,956401,,,,,,,,,,,01,1162,6892,964863,7821,964863,,31,262,3245aa3f14b686ebd4a60edef05fda2217665d70,0,0,0,0,0,
20200827,AL,121023,8229,835786,,totalTestsPeopleViral,948580,1052,14005,,1430,,782,48028,8/27/2020 11:00,2020-08-27T11:00:00Z,08/27 07:00,2076,14005,2020-08-27T11:00:00Z,,,,112794,1990,86,,948580,,,,,,,,,,,01,1769,11355,956809,12023,956809,,31,0,4a830be3b70b011200f4ecb5b71369303e894fd3,0,0,0,0,0,
20200826,AL,119254,7128,824431,,totalTestsPeopleViral,936557,1077,14005,,1412,,770,48028,8/26/2020 11:00,2020-08-26T11:00:00Z,08/26 07:00,2045,14005,2020-08-26T11:00:00Z,,,,112126,1965,80,,936557,,,,,,,,,,,01,2012,14396,943685,15568,943685,,8,212,fcbf0301b10e7076316bfd9141d5883e03885dd1,0,0,0,0,0,
20200825,AL,117242,6288,810035,,totalTestsPeopleViral,920989,1097,13793,,1399,,764,44684,8/25/2020 11:00,2020-08-25T11:00:00Z,08/25 07:00,2037,13793,2020-08-25T11:00:00Z,,,,110954,1959,78,,920989,,,,,,,,,,,01,532,3426,927277,4625,927277,,13,0,e52670d9b2a75bbabf9e5d5e77b13bfca67aafed,0,0,0,0,0,
20200824,AL,116710,5941,806609,,totalTestsPeopleViral,916364,1149,13793,,1391,,754,44684,8/24/2020 11:00,2020-08-24T11:00:00Z,08/24 07:00,2024,13793,2020-08-24T11:00:00Z,,,,110769,1950,74,,916364,,,,,,,,,,,01,1650,0,923319,-339,923319,,11,291,ca9e673f7eef0b0517b6efd345991bdf055257d3,0,0,0,0,0,
20200823,AL,115060,4966,806609,,totalTestsPeopleViral,916703,1093,13502,,1348,,734,44684,8/23/2020 11:00,2020-08-23T11:00:00Z,08/23 07:00,2013,13502,2020-08-23T11:00:00Z,,,,110094,1944,69,,916703,,,,,,,,,,,01,528,4859,921669,5387,921669,,2,0,69d2a1445403525e67fe3f94e9b301d2806377ae,0,0,0,0,0,
20200822,AL,114532,4966,801750,,totalTestsPeopleViral,911316,1067,13502,,1348,,734,44684,8/22/2020 11:00,2020-08-22T11:00:00Z,08/22 07:00,2011,13502,2020-08-22T11:00:00Z,,,,109566,1942,69,,911316,,,,,,,,,,,01,1762,17420,916282,19503,916282,,21,172,66f9a1f9a24054c4a761cbbdd4155b48a7b1a805,0,0,0,0,0,
20200821,AL,112770,4966,784330,,totalTestsPeopleViral,891813,1168,13330,,1348,,734,44684,8/21/2020 11:00,2020-08-21T11:00:00Z,08/21 07:00,1990,13330,2020-08-21T11:00:00Z,,,,107804,1921,69,,891813,,,,,,,,,,,01,321,0,897100,0,897100,,16,0,319026b76265c61f6b0c48d2a3f4a11dc3e00d18,0,0,0,0,0,
20200820,AL,112449,4966,784330,,totalTestsPeopleViral,891813,1105,13330,,1348,,734,44684,8/20/2020 11:00,2020-08-20T11:00:00Z,08/20 07:00,1974,13330,2020-08-20T11:00:00Z,,,,107483,1905,69,,891813,,,,,,,,,,,01,971,10462,896779,11161,896779,,30,250,60a34d41f24b166184f5af08331da87bed7633b5,0,0,0,0,0,
20200819,AL,111478,4694,773868,,totalTestsPeopleViral,880652,1198,13080,,1336,,731,41523,8/19/2020 11:00,2020-08-19T11:00:00Z,08/19 07:00,1944,13080,2020-08-19T11:00:00Z,,,,106784,1876,68,,880652,,,,,,,,,,,01,1117,15970,885346,16939,885346,,8,122,e4ff9655b16c557aa186d425e252db49ee47e7d1,0,0,0,0,0,
20200818,AL,110361,4546,757898,,totalTestsPeopleViral,863713,1280,12958,,1329,,729,41523,8/18/2020 11:00,2020-08-18T11:00:00Z,08/18 07:00,1936,12958,2020-08-18T11:00:00Z,,,,105815,1867,69,,863713,,,,,,,,,,,01,1357,13979,868259,15199,868259,,11,0,739abef3568f6eac856c2a814047695252d582b8,0,0,0,0,0,
20200817,AL,109004,4409,743919,,totalTestsPeopleViral,848514,1301,12958,,1319,,720,41523,8/17/2020 11:00,2020-08-17T11:00:00Z,08/17 07:00,1925,12958,2020-08-17T11:00:00Z,,,,104595,1855,70,,848514,,,,,,,,,,,01,571,5928,852923,6444,852923,,27,351,329c3042adb49e8b6241fac55d97ec4f4f07117e,0,0,0,0,0,
20200816,AL,108433,4354,737991,,totalTestsPeopleViral,842070,1289,12607,,1316,,720,41523,8/16/2020 11:00,2020-08-16T11:00:00Z,08/16 07:00,1898,12607,2020-08-16T11:00:00Z,,,,104079,1830,68,,842070,,,,,,,,,,,01,853,8554,846424,9276,846424,,2,0,d9ea4f41d7add2601537f5e9274c20d2912d3283,0,0,0,0,0,
20200815,AL,107580,4223,729437,,totalTestsPeopleViral,832794,1259,12607,,1313,,719,41523,8/15/2020 11:00,2020-08-15T11:00:00Z,08/15 07:00,1896,12607,2020-08-15T11:00:00Z,,,,103357,1828,68,,832794,,,,,,,,,,,01,1271,10762,837017,11923,837017,,3,151,3293b9acc9681785d040107dac6fc9f2526c8b47,0,0,0,0,0,
20200814,AL,106309,4113,718675,,totalTestsPeopleViral,820871,1326,12456,,1305,,716,41523,8/14/2020 11:00,2020-08-14T11:00:00Z,08/14 07:00,1893,12456,2020-08-14T11:00:00Z,,,,102196,1825,68,,820871,,,,,,,,,,,01,752,21670,824984,22370,824984,,3,0,e4e3395010fbfc087c2458049bc387c14b6539ad,0,0,0,0,0,
20200813,AL,105557,4061,697005,,totalTestsPeopleViral,798501,1341,12456,,1292,,707,41523,8/13/2020 11:00,2020-08-13T11:00:00Z,08/13 07:00,1890,12456,2020-08-13T11:00:00Z,,,,101496,1821,69,,798501,,,,,,,,,,,01,771,6020,802562,6715,802562,,8,164,8d918a0e61c79062403098b9db73602e8437fb8a,0,0,0,0,0,
20200812,AL,104786,3985,690985,,totalTestsPeopleViral,791786,1386,12292,,1282,,700,41523,8/12/2020 11:00,2020-08-12T11:00:00Z,08/12 07:00,1882,12292,2020-08-12T11:00:00Z,,,,100801,1814,68,,791786,,,,,,,,,,,01,935,11147,795771,12022,795771,,35,222,d37ee48a2c24d9d6a268eb50f68df2ebcede7420,0,0,0,0,0,
20200811,AL,103851,3925,679838,,totalTestsPeopleViral,779764,1504,12070,,1270,,691,37923,8/11/2020 11:00,2020-08-11T11:00:00Z,08/11 07:00,1847,12070,2020-08-11T11:00:00Z,,,,99926,1781,66,,779764,,,,,,,,,,,01,831,2291,783689,2827,783689,,50,0,7e6b1c862577136613ec27a430bece98c495ee85,0,0,0,0,0,
20200810,AL,103020,3630,677547,,totalTestsPeopleViral,776937,1551,12070,,1249,,680,37923,8/10/2020 11:00,2020-08-10T11:00:00Z,08/10 07:00,1797,12070,2020-08-10T11:00:00Z,,,,99390,1733,64,,776937,,,,,,,,,,,01,1686,16430,780567,18085,780567,,29,533,237a91fdb601f4694d6be5961309eb05f1205d2e,0,0,0,0,0,
20200809,AL,101334,3599,661117,,totalTestsPeopleViral,758852,1449,11537,,1242,,674,37923,8/9/2020 11:00,2020-08-09T11:00:00Z,08/09 07:00,1768,11537,2020-08-09T11:00:00Z,,,,97735,1707,61,,758852,,,,,,,,,,,01,2947,10002,762451,12910,762451,,33,0,913688c917804dc436c28da3eaa79d683e66c0b2,0,0,0,0,0,
20200808,AL,98387,3560,651115,,totalTestsPeopleViral,745942,1454,11537,,1228,,661,37923,8/8/2020 11:00,2020-08-08T11:00:00Z,08/08 07:00,1735,11537,2020-08-08T11:00:00Z,,,,94827,1674,61,,745942,,,,,,,,,,,01,86,0,749502,0,749502,,0,0,471102fdde92bae58622adb33cd77bed94b864ec,0,0,0,0,0,
20200807,AL,98301,3474,651115,,totalTestsPeopleViral,745942,1403,11537,,1219,,658,37923,8/7/2020 11:00,2020-08-07T11:00:00Z,08/07 07:00,1735,11537,2020-08-07T11:00:00Z,,,,94827,1674,61,,745942,,,,,,,,,,,01,1709,7923,749416,9348,749416,,21,224,834d41dbffd79588cd7e2b6c892efb8c5999a0ec,0,0,0,0,0,
20200806,AL,96592,3190,643192,,totalTestsPeopleViral,736594,1613,11313,,1211,,654,37923,8/6/2020 11:00,2020-08-06T11:00:00Z,08/06 07:00,1714,11313,2020-08-06T11:00:00Z,,,,93402,1654,60,,736594,,,,,,,,,,,01,1938,10386,739784,12012,739784,,19,213,332c4c7e0a645884d1809ef8f1d2e512e0938ff1,0,0,0,0,0,
20200805,AL,94654,2878,632806,,totalTestsPeopleViral,724582,1572,11100,,1200,,645,37923,8/5/2020 11:00,2020-08-05T11:00:00Z,08/05 07:00,1695,11100,2020-08-05T11:00:00Z,,,,91776,1639,56,,724582,,,,,,,,,,,01,952,4207,727460,5093,727460,,29,0,c950d85384bd677fb3f03995351e0874718f719a,0,0,0,0,0,
20200804,AL,93702,2812,628599,,totalTestsPeopleViral,719489,1572,11100,,1173,,634,35401,8/4/2020 11:00,2020-08-04T11:00:00Z,08/04 07:00,1666,11100,2020-08-04T11:00:00Z,,,,90890,1611,55,,719489,,,,,,,,,,,01,1041,7209,722301,8172,722301,,33,235,562713fcbd907af271b90d58f6c348e0f4ffa30c,0,0,0,0,0,
20200803,AL,92661,2734,621390,,totalTestsPeopleViral,711317,1540,10865,,1153,,619,35401,8/3/2020 11:00,2020-08-03T11:00:00Z,08/03 07:00,1633,10865,2020-08-03T11:00:00Z,,,,89927,1580,53,,711317,,,,,,,,,,,01,1217,6764,714051,7880,714051,,6,344,9f495e2598e48892403cdc3011a88731faf71212,0,0,0,0,0,
20200802,AL,91444,2633,614626,,totalTestsPeopleViral,703437,1538,10521,,1151,,616,35401,8/2/2020 11:00,2020-08-02T11:00:00Z,08/02 07:00,1627,10521,2020-08-02T11:00:00Z,,,,88811,1576,51,,703437,,,,,,,,,,,01,2095,6604,706070,8635,706070,,24,0,8283b11b26729e8f5c390cd85647a318516ebdb1,0,0,0,0,0,
20200801,AL,89349,2569,608022,,totalTestsPeopleViral,694802,1416,10521,,1150,,616,35401,8/1/2020 11:00,2020-08-01T11:00:00Z,08/01 07:00,1603,10521,2020-08-01T11:00:00Z,,,,86780,1553,50,,694802,,,,,,,,,,,01,1626,6278,697371,7780,697371,,23,0,76709f9efdf6640cae1fdfaa134854d8381309ef,0,0,0,0,0,
20200731,AL,87723,2445,601744,,totalTestsPeopleViral,687022,1596,10521,,1144,,613,35401,7/31/2020 11:00,2020-07-31T11:00:00Z,07/31 07:00,1580,10521,2020-07-31T11:00:00Z,,,,85278,1531,49,,687022,,,,,,,,,,,01,1961,7398,689467,9181,689467,,15,451,d8a1916333c24fe1ca3bbf48d5da5831bc883c23,0,0,0,0,0,
20200730,AL,85762,2267,594346,,totalTestsPeopleViral,677841,1512,10070,,1129,,605,35401,7/30/2020 11:00,2020-07-30T11:00:00Z,07/30 07:00,1565,10070,2020-07-30T11:00:00Z,,,,83495,1516,49,,677841,,,,,,,,,,,01,1980,9853,680108,11776,680108,,27,177,72c104715d7fba2bb1209520f2d054a971f25a83,0,0,0,0,0,
20200729,AL,83782,2210,584493,,totalTestsPeopleViral,666065,1605,9893,,1109,,595,32510,7/29/2020 11:00,2020-07-29T11:00:00Z,07/29 07:00,1538,9893,2020-07-29T11:00:00Z,,,,81572,1489,49,,666065,,,,,,,,,,,01,1416,1460,668275,2723,668275,,47,0,9117bc8207324354bfde89ee6b626d632f1323d1,0,0,0,0,0,
20200728,AL,82366,2057,583033,,totalTestsPeopleViral,663342,1598,9893,,1094,,584,32510,7/28/2020 11:00,2020-07-28T11:00:00Z,07/28 07:00,1491,9893,2020-07-28T11:00:00Z,,,,80309,1446,45,,663342,,,,,,,,,,,01,1251,6189,665399,7369,665399,,0,199,4276a329ecf6b9b88e03c8ea447f890d089b3ea6,0,0,0,0,0,
20200727,AL,81115,1986,576844,,totalTestsPeopleViral,655973,1473,9694,,1081,,577,32510,7/27/2020 11:00,2020-07-27T11:00:00Z,07/27 07:00,1491,9694,2020-07-27T11:00:00Z,,,,79129,1446,45,,655973,,,,,,,,,,,01,1821,6452,657959,8230,657959,,18,537,d9c9da1f8e29a77d0d33f8bf10a1a5d1ebe351a2,0,0,0,0,0,
20200726,AL,79294,1943,570392,,totalTestsPeopleViral,647743,1512,9157,,1076,,573,32510,7/26/2020 11:00,2020-07-26T11:00:00Z,07/26 07:00,1473,9157,2020-07-26T11:00:00Z,,,,77351,1428,45,,647743,,,,,,,,,,,01,1164,6911,649686,7948,649686,,17,0,3f0574782284fc9c5a624e236e0d8b977694d632,0,0,0,0,0,
20200725,AL,78130,1816,563481,,totalTestsPeopleViral,639795,1499,9157,,1069,,567,32510,7/25/2020 11:00,2020-07-25T11:00:00Z,07/25 07:00,1456,9157,2020-07-25T11:00:00Z,,,,76314,1413,43,,639795,,,,,,,,,,,01,2125,10502,641611,12451,641611,,18,0,adf3f115c0d7facfea8bad9467e7c744a871e547,0,0,0,0,0,
20200724,AL,76005,1640,552979,,totalTestsPeopleViral,627344,1536,9157,,1058,,565,32510,7/24/2020 11:00,2020-07-24T11:00:00Z,07/24 07:00,1438,9157,2020-07-24T11:00:00Z,,,,74365,1395,43,,627344,,,,,,,,,,,01,1793,7664,628984,9333,628984,,41,162,7bc6364e78a2710aa27d21830595cea0b16a97db,0,0,0,0,0,
20200723,AL,74212,1516,545315,,totalTestsPeopleViral,618011,1561,8995,,1043,,553,32510,7/23/2020 11:00,2020-07-23T11:00:00Z,07/23 07:00,1397,8995,2020-07-23T11:00:00Z,,,,72696,1357,40,,618011,,,,,,,,,,,01,2399,7640,619527,9923,619527,,33,457,0149055bf9b3f652d626f426e15369d682a95842,0,0,0,0,0,
20200722,AL,71813,1400,537675,,totalTestsPeopleViral,608088,1468,8538,,1018,,540,29736,7/22/2020 11:00,2020-07-22T11:00:00Z,07/22 07:00,1364,8538,2020-07-22T11:00:00Z,,,,70413,1325,39,,608088,,,,,,,,,,,01,1455,7652,609488,8990,609488,,61,0,fa48ef43768bf7f179c69f39cb6e5096c9cd3cb3,0,0,0,0,0,
20200721,AL,70358,1283,530023,,totalTestsPeopleViral,599098,1549,8538,,1009,,535,29736,7/21/2020 11:00,2020-07-21T11:00:00Z,07/21 07:00,1303,8538,2020-07-21T11:00:00Z,,,,69075,1268,35,,599098,,,,,,,,,,,01,1467,5126,600381,6490,600381,,12,170,0538ba48a44304f0cf20e38e2bb297069dcff51e,0,0,0,0,0,
20200720,AL,68891,1180,524897,,totalTestsPeopleViral,592608,1571,8368,,994,,528,29736,7/20/2020 11:00,2020-07-20T11:00:00Z,07/20 07:00,1291,8368,2020-07-20T11:00:00Z,,,,67711,1257,34,,592608,,,,,,,,,,,01,1880,6375,593788,8221,593788,,4,586,7600ec32ee294062646a7c282e4e6672814b8a48,0,0,0,0,0,
20200719,AL,67011,1146,518522,,totalTestsPeopleViral,584387,1524,7782,,988,,526,29736,7/18/2020 11:00,2020-07-18T11:00:00Z,07/18 07:00,1287,7782,2020-07-18T11:00:00Z,,,,65865,1254,33,,584387,,,,,,,,,,,01,1777,9261,585533,10946,585533,,1,0,57f1d5742b351f29b905fe326a3a40d8cc83accd,0,0,0,0,0,
20200718,AL,65234,1054,509261,,totalTestsPeopleViral,573441,1463,7782,,982,,524,29736,7/18/2020 11:00,2020-07-18T11:00:00Z,07/18 07:00,1286,7782,2020-07-18T11:00:00Z,,,,64180,1253,33,,573441,,,,,,,,,,,01,2143,9237,574495,11306,574495,,21,198,ead7113e5d17cbe0ea3c6cd27f7c7f7c10157582,0,0,0,0,0,
20200717,AL,63091,980,500024,,totalTestsPeopleViral,562135,1433,7584,,967,,521,29736,7/17/2020 11:00,2020-07-17T11:00:00Z,07/17 07:00,1265,7584,2020-07-17T11:00:00Z,,,,62111,1232,33,,562135,,,,,,,,,,,01,2003,10003,563115,11956,563115,,35,0,a91027591eabb733d696c2c1a52c61887d3866ef,0,0,0,0,0,
20200716,AL,61088,930,490021,,totalTestsPeopleViral,550179,1395,7584,,950,,516,29736,7/16/2020 11:00,2020-07-16T11:00:00Z,07/16 07:00,1230,7584,2020-07-16T11:00:00Z,,,,60158,1200,30,,550179,,,,,,,,,,,01,2021,8039,551109,9972,551109,,19,293,210392f8d1cf340f9d4c426a4bbf25977038471d,0,0,0,0,0,
20200715,AL,59067,842,481982,,totalTestsPeopleViral,540207,1332,7291,,941,,514,29736,7/15/2020 11:00,2020-07-15T11:00:00Z,07/15 07:00,1211,7291,2020-07-15T11:00:00Z,,,,58225,1183,28,,540207,,,,,,,,,,,01,1812,10148,541049,11932,541049,,47,168,fb7c1cc003c31c57cb35b5748c7f2787d77f7460,0,0,0,0,0,
20200714,AL,57255,814,471834,,totalTestsPeopleViral,528275,1362,7123,,931,,511,25783,7/14/2020 11:00,2020-07-14T11:00:00Z,07/14 07:00,1164,7123,2020-07-14T11:00:00Z,,,,56441,1136,28,,528275,,,,,,,,,,,01,1710,7775,529089,9448,529089,,40,378,4650ea828f4816deb344554eed29a27b00067183,0,0,0,0,0,
20200713,AL,55545,777,464059,,totalTestsPeopleViral,518827,1335,6745,,919,,505,25783,7/13/2020 11:00,2020-07-13T11:00:00Z,07/13 07:00,1124,6745,2020-07-13T11:00:00Z,,,,54768,1096,28,,518827,,,,,,,,,,,01,1958,6140,519604,8000,519604,,3,0,56f03ed4d3bb427accca16facb4c8a0082b47daa,0,0,0,0,0,
20200712,AL,53587,679,457919,,totalTestsPeopleViral,510827,1163,6745,,911,,503,25783,7/12/2020 11:00,2020-07-12T11:00:00Z,07/12 07:00,1121,6745,2020-07-12T11:00:00Z,,,,52908,1093,28,,510827,,,,,,,,,,,01,1640,7846,511506,9460,511506,,7,0,d6b4ca9202e48d59cf795d18b84918b076848f55,0,0,0,0,0,
20200711,AL,51947,653,450073,,totalTestsPeopleViral,501367,1093,6745,,904,,496,25783,7/10/2020 11:00,2020-07-10T11:00:00Z,07/10 07:00,1114,6745,2020-07-10T11:00:00Z,,,,51294,1086,28,,501367,,,,,,,,,,,01,1439,8365,502020,9767,502020,,10,3656,fbe7c76fafba2f0df1f457d4aff28a759e4537ef,0,0,0,0,0,
20200710,AL,50508,616,441708,,totalTestsPeopleViral,491600,1201,3089,,888,,493,25783,7/10/2020 11:00,2020-07-10T11:00:00Z,07/10 07:00,1104,3089,2020-07-10T11:00:00Z,,,,49892,1077,27,,491600,,,,,,,,,,,01,1334,20378,492216,23846,492216,,36,50,0046a5881e8ef63596a0b61c01bcf64c0d51aa0f,0,0,0,0,0,
20200709,AL,49174,586,421330,,totalTestsPeopleViral,467754,1135,3039,,877,,490,25783,7/9/2020 11:00,2020-07-09T11:00:00Z,07/09 07:00,1068,3039,2020-07-09T11:00:00Z,,,,48588,1042,26,,467754,,,,,,,,,,,01,2212,0,470504,0,470504,,10,33,f73026ce07f134bac142d86a220a7bd5b979f177,0,0,0,0,0,
20200708,AL,46962,538,421330,,totalTestsPeopleViral,467754,1116,3006,,871,,486,22082,7/8/2020 11:00,2020-07-08T11:00:00Z,07/08 07:00,1058,3006,2020-07-08T11:00:00Z,,,,46424,1032,26,,467754,,,,,,,,,,,01,1177,5751,468292,6912,468292,,25,45,326493a30c8875621082bd6de5af9d32b7a18e2f,0,0,0,0,0,
20200707,AL,45785,522,415579,,totalTestsPeopleViral,460842,1078,2961,,858,,479,22082,7/7/2020 11:00,2020-07-07T11:00:00Z,07/07 07:00,1033,2961,2020-07-07T11:00:00Z,,,,45263,1007,26,,460842,,,,,,,,,,,01,907,5362,461364,6250,461364,,26,47,b727f935953e3b37d06062793239f57d400cc3e4,0,0,0,0,0,
20200706,AL,44878,503,410217,,totalTestsPeopleViral,454592,1025,2914,,843,,473,22082,7/6/2020 11:00,2020-07-06T11:00:00Z,07/06 07:00,1007,2914,2020-07-06T11:00:00Z,,,,44375,984,23,,454592,,,,,,,,,,,01,925,4284,455095,5209,455095,,0,5,f7253bd64addc21a94592732a95080453fae51bc,0,0,0,0,0,
20200705,AL,43953,503,405933,,totalTestsPeopleViral,449383,919,2909,,843,,473,22082,7/5/2020 11:00,2020-07-05T11:00:00Z,07/05 07:00,1007,2909,2020-07-05T11:00:00Z,,,,43450,984,23,,449383,,,,,,,,,,,01,1091,6707,449886,7798,449886,,0,3,26ca1f773c0cbe72b1a072407426af3e7a49d922,0,0,0,0,0,
20200704,AL,42862,503,399226,,totalTestsPeopleViral,441585,818,2906,,843,,473,22082,7/4/2020 11:00,2020-07-04T11:00:00Z,07/04 07:00,1007,2906,2020-07-04T11:00:00Z,,,,42359,984,23,,441585,,,,,,,,,,,01,997,10460,442088,11457,442088,,1,23,74aba3608156d335355eed61ccd71844698bed10,0,0,0,0,0,
20200703,AL,41865,503,388766,,totalTestsPeopleViral,430128,838,2883,,838,,474,22082,7/3/2020 11:00,2020-07-03T11:00:00Z,07/03 07:00,1006,2883,2020-07-03T11:00:00Z,,,,41362,983,23,,430128,,,,,,,,,,,01,1754,9149,430631,10907,430631,,21,48,4006180611aea7dd698a74b8a2ada117e24aa382,0,0,0,0,0,
20200702,AL,40111,507,379617,,totalTestsPeopleViral,419221,843,2835,,826,,468,22082,7/2/2020 11:00,2020-07-02T11:00:00Z,07/02 07:00,985,2835,2020-07-02T11:00:00Z,,,,39604,961,24,,419221,,,,,,,,,,,01,1149,4626,419728,5788,419728,,13,32,feb63bc2fde3e9c0178834bb282849cf902e69c4,0,0,0,0,0,
20200701,AL,38962,520,374991,,totalTestsPeopleViral,413433,809,2803,,814,,464,18866,7/1/2020 11:00,2020-07-01T11:00:00Z,07/01 07:00,972,2803,2020-07-01T11:00:00Z,,,,38442,947,25,,413433,,,,,,,,,,,01,917,6384,413953,7290,413953,,22,34,f1228a9ed37b20872bf085ce0cb8d74428d519fc,0,0,0,0,0,
20200630,AL,38045,509,368607,,totalTestsPeopleViral,406143,775,2769,,806,,458,18866,6/30/2020 11:00,2020-06-30T11:00:00Z,06/30 07:00,950,2769,2020-06-30T11:00:00Z,,,,37536,926,24,,406143,,,,,,,,,,,01,870,12489,406652,13343,406652,,21,44,4f02ab74f00bc7f17f61a9838873ffc2bfd0fe28,0,0,0,0,0,
20200629,AL,37175,493,356118,,totalTestsPeopleViral,392800,726,2725,,801,,457,18866,6/29/2020 11:00,2020-06-29T11:00:00Z,06/29 07:00,929,2725,2020-06-29T11:00:00Z,,,,36682,905,24,,392800,,,,,,,,,,,01,1734,5279,393293,6997,393293,,10,22,33feabbb78ed94a3e50ce65c7753163b16abd770,0,0,0,0,0,
20200628,AL,35441,477,350839,,totalTestsPeopleViral,385803,650,2703,,790,,454,18866,6/28/2020 11:00,2020-06-28T11:00:00Z,06/28 07:00,919,2703,2020-06-28T11:00:00Z,,,,34964,898,21,,385803,,,,,,,,,,,01,358,1896,386280,1777,386280,,0,6,65c502c14f666129b3d4562167ee06784bc5c223,0,0,0,0,0,
20200627,AL,35083,478,348943,,totalTestsPeopleViral,384026,655,2697,,789,,453,18866,6/27/2020 11:00,2020-06-27T11:00:00Z,06/27 07:00,919,2697,2020-06-27T11:00:00Z,,,,34605,898,21,,384026,,,,,,,,,,,01,900,4803,384026,6169,384026,,12,44,fdee099b1c11f8c82017b981f973f563423844c7,0,0,0,0,0,
20200626,AL,34183,466,344140,,totalTestsPeopleViral,377857,668,2653,,772,,450,18866,6/26/2020 11:00,2020-06-26T11:00:00Z,06/26 07:00,907,2653,2020-06-26T11:00:00Z,,,,33717,887,20,,377857,,,,,,,,,,,01,977,7888,378323,8852,378323,,11,41,d4a938efe920f6296dbef9c9f79fec63af023bfd,0,0,0,0,0,
20200625,AL,33206,453,336252,,totalTestsPeopleViral,369005,694,2612,,761,,447,18866,6/25/2020 11:00,2020-06-25T11:00:00Z,06/25 07:00,896,2612,2020-06-25T11:00:00Z,,,,32753,880,16,,369005,,,,,,,,,,,01,1142,9557,369458,10686,369458,,5,45,7c1cb5f32d11a962f140115aa987a45436813671,0,0,0,0,0,
20200624,AL,32064,440,326695,,totalTestsPeopleViral,358319,683,2567,,749,,441,18866,6/24/2020 11:00,2020-06-24T11:00:00Z,06/24 07:00,891,2567,2020-06-24T11:00:00Z,,,,31624,879,12,,358319,,,,,,,,,,,01,967,3754,358759,4708,358759,,27,46,796ca9a062b1a45b3f15a4504cec367036559f69,0,0,0,0,0,
20200623,AL,31097,427,322941,,totalTestsPeopleViral,353611,681,2521,,737,,430,15974,6/23/2020 11:00,2020-06-23T11:00:00Z,06/23 07:00,864,2521,2020-06-23T11:00:00Z,,,,30670,854,10,,353611,,,,,,,,,,,01,643,4285,354038,4924,354038,,23,50,883306886cc0ee88dc1891da76a86face956ca85,0,0,0,0,0,
20200622,AL,30454,423,318656,,totalTestsPeopleViral,348687,663,2471,,725,,424,15974,6/22/2020 11:00,2020-06-22T11:00:00Z,06/22 07:00,841,2471,2020-06-22T11:00:00Z,,,,30031,831,10,,348687,,,,,,,,,,,01,433,3999,349110,4432,349110,,2,11,4f09d64c410ce73b9a3623937b0ccdf19fd50e32,0,0,0,0,0,
20200621,AL,30021,423,314657,,totalTestsPeopleViral,344255,625,2460,,721,,424,15974,6/21/2020 11:00,2020-06-21T11:00:00Z,06/21 07:00,839,2460,2020-06-21T11:00:00Z,,,,29598,829,10,,344255,,,,,,,,,,,01,472,4683,344678,5155,344678,,1,17,804b1c485dab086201aa880e575479948b701552,0,0,0,0,0,
20200620,AL,29549,423,309974,,totalTestsPeopleViral,339100,638,2443,,717,,418,15974,6/20/2020 11:00,2020-06-20T11:00:00Z,06/20 07:00,838,2443,2020-06-20T11:00:00Z,,,,29126,828,10,,339100,,,,,,,,,,,01,547,7651,339523,8194,339523,,16,27,4d7087d19b51411397817cc53ed5a364bfedebfd,0,0,0,0,0,
20200619,AL,29002,419,302323,,totalTestsPeopleViral,330906,650,2416,,710,,415,15974,6/19/2020 11:00,2020-06-19T11:00:00Z,06/19 07:00,822,2416,2020-06-19T11:00:00Z,,,,28583,812,10,,330906,,,,,,,,,,,01,796,7995,331325,8782,331325,,12,43,bc23d8bb53e6beedd5b5a19ed772743dc8adcc3c,0,0,0,0,0,
20200618,AL,28206,410,294328,,totalTestsPeopleViral,322124,668,2373,,695,,405,15974,6/18/2020 11:00,2020-06-18T11:00:00Z,06/18 07:00,810,2373,2020-06-18T11:00:00Z,,,,27796,801,9,,322124,,,,,,,,,,,01,894,10917,322534,11799,322534,,20,21,1dcc19a9770bdd53fdf7f5c9bcf34a56d4c9a9f0,0,0,0,0,0,
20200617,AL,27312,398,283411,,totalTestsPeopleViral,310325,688,2352,,687,,401,15974,6/17/2020 11:00,2020-06-17T11:00:00Z,06/17 07:00,790,2352,2020-06-17T11:00:00Z,,,,26914,784,6,,310325,,,,,,,,,,,01,400,4899,310723,5289,310723,,5,37,3359e020183dd4d4fa616fa754e79303b757099c,0,0,0,0,0,
20200616,AL,26912,388,278512,,totalTestsPeopleViral,305036,683,2315,,682,,399,13508,6/16/2020 11:00,2020-06-16T11:00:00Z,06/16 07:00,785,2315,2020-06-16T11:00:00Z,,,,26524,779,6,,305036,,,,,,,,,,,01,640,2110,305424,2742,305424,,11,56,c1d358786440629e636bbee0b42befda89ff8e73,0,0,0,0,0,
20200615,AL,26272,380,276402,,totalTestsPeopleViral,302294,641,2259,,676,,395,13508,6/15/2020 11:00,2020-06-15T11:00:00Z,06/15 07:00,774,2259,2020-06-15T11:00:00Z,,,,25892,769,5,,302294,,,,,,,,,,,01,657,4562,302674,5219,302674,,1,4,ec284b5e0fbee556ac067a105fd16f82953c2a53,0,0,0,0,0,
20200614,AL,25615,380,271840,,totalTestsPeopleViral,297075,576,2255,,675,,395,13508,6/14/2020 11:00,2020-06-14T11:00:00Z,06/14 07:00,773,2255,2020-06-14T11:00:00Z,,,,25235,768,5,,297075,,,,,,,,,,,01,1014,3189,297455,4203,297455,,0,14,9efc07ceff7870e4f80a9835d90007a981066c64,0,0,0,0,0,
20200613,AL,24601,380,268651,,totalTestsPeopleViral,292872,563,2241,,672,,395,13508,6/13/2020 11:00,2020-06-13T11:00:00Z,06/13 07:00,773,2241,2020-06-13T11:00:00Z,,,,24221,768,5,,292872,,,,,,,,,,,01,891,5976,293252,6864,293252,,4,39,39fb3826e8356115ec5333daa76bdca368ece8a2,0,0,0,0,0,
20200612,AL,23710,377,262675,,totalTestsPeopleViral,286008,624,2202,,658,,384,13508,6/12/2020 11:00,2020-06-12T11:00:00Z,06/12 07:00,769,2202,2020-06-12T11:00:00Z,,,,23333,764,5,,286008,,,,,,,,,,,01,865,6694,286385,7553,286385,,14,37,6256e210162af70359111f21aacb42093e05fe1d,0,0,0,0,0,
20200611,AL,22845,371,255981,,totalTestsPeopleViral,278455,647,2165,,650,,380,13508,6/11/2020 11:00,2020-06-11T11:00:00Z,06/11 07:00,755,2165,2020-06-11T11:00:00Z,,,,22474,750,5,,278455,,,,,,,,,,,01,856,4913,278826,5761,278826,,11,36,8bee53f774fb6955f1916bd74e8bca36a0fe5919,0,0,0,0,0,
20200610,AL,21989,363,251068,,totalTestsPeopleViral,272694,646,2129,,646,,378,13508,6/10/2020 11:00,2020-06-10T11:00:00Z,06/10 07:00,744,2129,2020-06-10T11:00:00Z,,,,21626,739,5,,272694,,,,,,,,,,,01,567,4751,273057,5306,273057,,15,42,eeaaeea6019616a78398d285115acad6efbb404c,0,0,0,0,0,
20200609,AL,21422,351,246317,,totalTestsPeopleViral,267388,628,2087,,631,,375,11395,6/9/2020 11:00,2020-06-09T11:00:00Z,06/09 07:00,729,2087,2020-06-09T11:00:00Z,,,,21071,725,4,,267388,,,,,,,,,,,01,497,7251,267739,8156,267739,,11,33,2d7d0c01cd47e8f367cc3c5110e9ad396f875c02,0,0,0,0,0,
20200608,AL,20925,335,239066,,totalTestsPeopleViral,259232,593,2054,,623,,371,11395,6/8/2020 11:00,2020-06-08T11:00:00Z,06/08 07:00,718,2054,2020-06-08T11:00:00Z,,,,20590,714,4,,259232,,,,,,,,,,,01,425,0,259991,0,259991,,26,32,0487f940248b5082ecb626a008a93a3165023879,0,0,0,0,0,
20200607,AL,20500,334,239066,,totalTestsPeopleViral,259232,518,2022,,615,,364,11395,6/7/2020 11:00,2020-06-07T11:00:00Z,06/07 07:00,692,2022,2020-06-07T11:00:00Z,,,,20166,688,4,,259232,,,,,,,,,,,01,457,13465,259566,13922,259566,,3,29,43e0926f3ddb0f4fca5792a23d81e001ac6002b2,0,0,0,0,0,
20200606,AL,20043,334,225601,,totalTestsPeopleViral,245310,473,1993,,612,,363,11395,6/6/2020 11:00,2020-06-06T11:00:00Z,06/06 07:00,689,1993,2020-06-06T11:00:00Z,,,,19709,685,4,,245310,,,,,,,,,,,01,656,5515,245644,6151,245644,,13,44,4355daa5e5d8620abdde0a347cc31396c37741f0,0,0,0,0,0,
20200605,AL,19387,314,220086,,totalTestsPeopleViral,239159,582,1949,,603,,358,11395,6/5/2020 11:00,2020-06-05T11:00:00Z,06/05 07:00,676,1949,2020-06-05T11:00:00Z,,,,19073,672,4,,239159,,,,,,,,,,,01,315,3859,239473,3860,239473,,23,20,1b9d556e657f9efa965448bc9e9dd41ad9c76de0,0,0,0,0,0,
20200604,AL,19072,306,216227,,totalTestsPeopleViral,235299,601,1929,,601,,357,11395,6/4/2020 00:00,2020-06-04T00:00:00Z,06/03 20:00,653,1929,2020-06-04T00:00:00Z,,,,18766,651,2,,235299,,,,,,,,,,,01,221,3484,235299,4002,235299,,0,29,f8acdb60d466405b0e3caa54b8a7168e5645f944,0,0,0,0,0,
20200603,AL,18851,297,212743,,totalTestsPeopleViral,231297,610,1900,,591,,355,11395,6/3/2020 00:00,2020-06-03T00:00:00Z,06/02 20:00,653,1900,2020-06-03T00:00:00Z,,,,18554,651,2,,231297,,,,,,,,,,,01,209,7583,231594,7495,231594,,2,21,58344585a79199ee9da85bbdb39732633a230b90,0,0,0,0,0,
20200602,AL,18642,288,205160,,totalTestsPeopleViral,223802,606,1879,,591,,355,9355,6/1/2020 00:00,2020-06-01T00:00:00Z,05/31 20:00,651,1879,2020-06-01T00:00:00Z,,,,18354,649,2,,223802,,,,,,,,,,,01,279,0,223802,567,223802,,5,23,7f705c6c0f62cf8e609c986a42621d1ecaa54a34,0,0,0,0,0,
20200601,AL,18363,288,205160,,totalTestsPeopleViral,223235,596,1856,,591,,355,9355,6/1/2020 00:00,2020-06-01T00:00:00Z,05/31 20:00,646,1856,2020-06-01T00:00:00Z,,,,18075,644,2,,223235,,,,,,,,,,,01,460,5510,223523,1928,223523,,15,12,b6ea1dc58e3b4e8ad80403b9101be56b3071de47,0,0,0,0,0,
20200531,AL,17903,289,199650,,totalTestsPeopleViral,221307,527,1844,,589,,355,9355,5/31/2020 00:00,2020-05-31T00:00:00Z,05/30 20:00,631,1844,2020-05-31T00:00:00Z,,,,17614,629,2,,221307,,,,,,,,,,,01,544,4808,217553,9106,217553,,13,18,44b988272ec923031733cd1a65e31b2fc6bd33ee,0,0,0,0,0,
20200530,AL,17359,,194842,,totalTestsPeopleViral,212201,536,1826,,583,,349,9355,5/30/2020 00:00,2020-05-30T00:00:00Z,05/29 20:00,618,1826,2020-05-30T00:00:00Z,,,,17359,618,,,212201,,,,,,,,,,,01,536,2782,212201,3318,212201,,13,26,89cb64748f79f61f4211dcfb3288b249f5baab7e,0,0,0,0,0,
20200529,AL,16823,,192060,,totalTestsPeopleViral,208883,590,1800,,577,,344,9355,5/29/2020 00:00,2020-05-29T00:00:00Z,05/28 20:00,605,1800,2020-05-29T00:00:00Z,,,,16823,605,,,208883,,,,,,,,,,,01,513,7889,208883,8402,208883,,15,35,3d4f54eab83cb6577a93bb1e70b3ac724f2a30b0,0,0,0,0,0,
20200528,AL,16310,,184171,,totalTestsPeopleViral,200481,527,1765,,566,,338,9355,5/28/2020 00:00,2020-05-28T00:00:00Z,05/27 20:00,590,1765,2020-05-28T00:00:00Z,,,,16310,590,,,200481,,,,,,,,,,,01,467,4220,200481,4687,200481,,9,46,a4d70fb87e32e47e4d00fff80b2b948283c14066,0,0,0,0,0,
20200527,AL,15843,,179951,,totalTestsPeopleViral,195794,607,1719,,560,,334,7951,5/27/2020 00:00,2020-05-27T00:00:00Z,05/26 20:00,581,1719,2020-05-27T00:00:00Z,,,,15843,581,,,195794,,,,,,,,,,,01,447,1588,195794,2035,195794,,6,48,3a037824270bd80b4dea376b8a49e6ce9960d004,0,0,0,0,0,
20200526,AL,15396,,178363,,totalTestsPeopleViral,193759,569,1671,,551,,327,7951,5/26/2020 00:00,2020-05-26T00:00:00Z,05/25 20:00,575,1671,2020-05-26T00:00:00Z,,,,15396,575,,,193759,,,,,,,,,,,01,666,2778,193759,3444,193759,,13,42,f2c134740b989fc7bb604446630da49238e4bad1,0,0,0,0,0,
20200525,AL,14730,,175585,,totalTestsPeopleViral,190315,450,1629,,543,,323,7951,5/25/2020 00:00,2020-05-25T00:00:00Z,05/24 20:00,562,1629,2020-05-25T00:00:00Z,,,,14730,562,,,190315,,,,,,,,,,,01,403,4113,190315,4516,190315,,11,17,357bdf0e4938d305f8919714bb7123c137e345b8,0,0,0,0,0,
20200524,AL,14327,,171472,,totalTestsPeopleViral,185799,440,1612,,537,,320,7951,5/24/2020 00:00,2020-05-24T00:00:00Z,05/23 20:00,551,1612,2020-05-24T00:00:00Z,,,,14327,551,,,185799,,,,,,,,,,,01,389,2734,185799,3123,185799,,5,23,24426449f6adbfbabc77993606eb7db8a8e79b60,0,0,0,0,0,
20200523,AL,13938,,168738,,totalTestsPeopleViral,182676,446,1589,,538,,319,7951,5/23/2020 00:00,2020-05-23T00:00:00Z,05/22 20:00,546,1589,2020-05-23T00:00:00Z,,,,13938,546,,,182676,,,,,,,,,,,01,375,4533,182676,4908,182676,,9,28,154ad71e812eb5a0dc07b1674bc304bbf574bc04,0,0,0,0,0,
20200522,AL,13563,,164205,,totalTestsPeopleViral,177768,598,1561,,531,,315,7951,5/22/2020 00:00,2020-05-22T00:00:00Z,05/21 20:00,537,1561,2020-05-22T00:00:00Z,,,,13563,537,,,177768,,,,,,,,,,,01,444,6585,177768,7029,177768,,8,33,c54fb0e35244a7f6968c767706a0c0f5b6ab70b2,0,0,0,0,0,
20200521,AL,13119,,157620,,totalTestsPeopleViral,170739,574,1528,,526,,311,,5/21/2020 00:00,2020-05-21T00:00:00Z,05/20 20:00,529,1528,2020-05-21T00:00:00Z,,,,13119,529,,,170739,,,,,,,,,,,01,375,5914,170739,6289,170739,,12,35,d878327e914e723dffba963e5200ac4af4990f5d,0,0,0,0,0,
20200520,AL,12744,,151706,,totalTestsPeopleViral,164450,560,1493,,524,,309,,5/19/2020 00:00,2020-05-19T00:00:00Z,05/18 20:00,517,1493,2020-05-19T00:00:00Z,,,,12744,517,,,164450,,,,,,,,,,,01,368,6516,164450,6884,164450,,13,40,d7743af2bb7b00606b8ec057d48b32a0e01ff29a,0,0,0,0,0,
20200519,AL,12376,,145190,,totalTestsPeopleViral,157566,489,1453,,517,,306,,5/18/2020 00:00,2020-05-18T00:00:00Z,05/17 20:00,504,1453,2020-05-18T00:00:00Z,,,,12376,504,,,157566,,,,,,,,,,,01,290,153,157566,443,157566,,15,37,176b3b8cc12428bb7b4c532e90d4bb9ba66f05dd,0,0,0,0,0,
20200518,AL,12086,,145037,,totalTestsPeopleViral,157123,536,1416,,512,,302,,5/18/2020 00:00,2020-05-18T00:00:00Z,05/17 20:00,489,1416,2020-05-18T00:00:00Z,,,,12086,489,,,157123,,,,,,,,,,,01,315,458,157123,773,157123,,1,24,0fd96afb769c145527b72db520ffa5e97bc9d44b,0,0,0,0,0,
20200517,AL,11771,,144579,,totalTestsPeopleViral,156350,460,1392,,504,,296,,5/16/2020 00:00,2020-05-16T00:00:00Z,05/15 20:00,488,1392,2020-05-16T00:00:00Z,,,,11771,488,,,156350,,,,,,,,,,,01,248,2608,156350,2856,156350,,3,5,75cd18b6c7d3912d65d6e674a7fc2c5bfc6cdc7f,0,0,0,0,0,
20200516,AL,11523,,141971,,totalTestsPeopleViral,153494,455,1387,,501,,295,,5/16/2020 00:00,2020-05-16T00:00:00Z,05/15 20:00,485,1387,2020-05-16T00:00:00Z,,,,11523,485,,,153494,,,,,,,,,,,01,307,7124,153494,7431,153494,,9,10,a4d12ad9a1e13803a69cb0036c01c0e3a2899b36,0,0,0,0,0,
20200515,AL,11216,,134847,,totalTestsPeopleViral,146063,519,1377,,497,,293,,5/15/2020 00:00,2020-05-15T00:00:00Z,05/14 20:00,476,1377,2020-05-15T00:00:00Z,,,,11216,476,,,146063,,,,,,,,,,,01,248,3830,146063,9691,146063,,9,27,90ebea60572cf6317fa71878c30eab4690ef64d9,0,0,0,0,0,
20200514,AL,10968,,131017,,totalTestsPeopleViral,136372,509,1350,,489,,291,,5/14/2020 00:00,2020-05-14T00:00:00Z,05/13 20:00,467,1350,2020-05-14T00:00:00Z,,,,10968,467,,,136372,,,,,,,,,,,01,351,5262,141985,3154,141985,,18,33,3bbae485c8a1dc590e07574871e631253a0b1543,0,0,0,0,0,
20200513,AL,10617,,125755,,totalTestsPeopleViral,133218,524,1317,,477,,284,,5/13/2020 00:00,2020-05-13T00:00:00Z,05/12 20:00,449,1317,2020-05-13T00:00:00Z,,,,10617,449,,,133218,,,,,,,,,,,01,307,2847,136372,0,136372,,20,30,6e84afc26823f311a86dfcdd76e5eb0e2f51c663,0,0,0,0,0,
20200512,AL,10310,,122908,,totalTestsPeopleViral,133218,529,1287,,468,,280,,5/12/2020 00:00,2020-05-12T00:00:00Z,05/11 20:00,429,1287,2020-05-12T00:00:00Z,,,,10310,429,,,133218,,,,,,,,,,,01,301,3473,133218,3774,133218,,28,31,8c92aec75edf2932ee05a611ef9d05d92ec5326c,0,0,0,0,0,
20200511,AL,10009,,119435,,totalTestsPeopleViral,129444,458,1256,,463,,276,,5/11/2020 00:00,2020-05-11T00:00:00Z,05/10 20:00,401,1256,2020-05-11T00:00:00Z,,,,10009,401,,,129444,,,,,,,,,,,01,232,1791,129444,2023,129444,,8,16,d035cfda882a7c0e8e87e9744bddc676b65c9afd,0,0,0,0,0,
20200510,AL,9777,,117644,,totalTestsPeopleViral,127421,424,1240,,460,,274,,5/10/2020 00:00,2020-05-10T00:00:00Z,05/09 20:00,393,1240,2020-05-10T00:00:00Z,,,,9777,393,,,127421,,,,,,,,,,,01,210,1717,127421,1927,127421,,5,12,ff8f1d671833c1fea2a95bba09f1b2a3633f4b44,0,0,0,0,0,
20200509,AL,9567,,115927,,totalTestsPeopleViral,125494,437,1228,,459,,272,,5/9/2020 00:00,2020-05-09T00:00:00Z,05/08 20:00,388,1228,2020-05-09T00:00:00Z,,,,9567,388,,,125494,,,,,,,,,,,01,346,5034,125494,5380,125494,,13,21,0f484538827f48a77211d16497f9b676d51f5133,0,0,0,0,0,
20200508,AL,9221,,110893,,totalTestsPeopleViral,120114,481,1207,,454,,266,,5/8/2020 00:00,2020-05-08T00:00:00Z,05/07 20:00,375,1207,2020-05-08T00:00:00Z,,,,9221,375,,,120114,,,,,,,,,,,01,323,4618,120114,4941,120114,,26,29,dbce12ab7593f684d0aff9418e096e2cd2caa794,0,0,0,0,0,
20200507,AL,8898,,106275,,totalTestsPeopleViral,115173,502,1178,,448,,266,,5/7/2020 00:00,2020-05-07T00:00:00Z,05/06 20:00,349,1178,2020-05-07T00:00:00Z,,,,8898,349,,,115173,,,,,,,,,,,01,317,5340,115173,5657,115173,,9,20,3b7624ce052852cc6e4ca8b52efb0cc2c9e71f83,0,0,0,0,0,
20200506,AL,8581,,100935,,totalTestsPeopleViral,109516,485,1158,,442,,264,,5/6/2020 00:00,2020-05-06T00:00:00Z,05/05 20:00,340,1158,2020-05-06T00:00:00Z,,,,8581,340,,,109516,,,,,,,,,,,01,296,2454,109516,2750,109516,,27,51,fc3e5854f76cf7e9b4611ad8313b19e11ff2e530,0,0,0,0,0,
20200505,AL,8285,,98481,,totalTestsPeopleViral,106766,522,1107,,428,,255,,5/5/2020 00:00,2020-05-05T00:00:00Z,05/04 20:00,313,1107,2020-05-05T00:00:00Z,,,,8285,313,,,106766,,,,,,,,,,,01,260,3389,106766,3649,106766,,17,43,3c516a3bc360e9e2abb0e647a281fa872f69fcad,0,0,0,0,0,
20200504,AL,8025,,95092,,totalTestsPeopleViral,103117,517,1064,,411,,247,,5/4/2020 00:00,2020-05-04T00:00:00Z,05/03 20:00,296,1064,2020-05-04T00:00:00Z,,,,8025,296,,,103117,,,,,,,,,,,01,300,10317,103117,10617,103117,,6,29,2a8ef07d07e143d2d68c75e567d84ac312505f23,0,0,0,0,0,
20200503,AL,7725,,84775,,totalTestsPeopleViral,92500,427,1035,,403,,242,,5/3/2020 00:00,2020-05-03T00:00:00Z,05/02 20:00,290,1035,2020-05-03T00:00:00Z,,,,7725,290,,,92500,,,,,,,,,,,01,291,0,92500,291,92500,,2,12,7f04a959cc1d5105145152508564eee71cd680c9,0,0,0,0,0,
20200502,AL,7434,,84775,,totalTestsPeopleViral,92209,420,1023,,335,,195,,5/2/2020 00:00,2020-05-02T00:00:00Z,05/01 20:00,288,1023,2020-05-02T00:00:00Z,,,,7434,,,,92209,,,,,,,,,,,01,276,0,92209,276,92209,,9,15,838c0647ebcd2be52337444481b58f41679375b2,0,0,0,0,0,
20200501,AL,7158,,84775,,totalTestsPeopleViral,91933,495,1008,,335,,195,,5/1/2020 00:00,2020-05-01T00:00:00Z,04/30 20:00,279,1008,2020-05-01T00:00:00Z,,,,7158,,,,91933,,,,,,,,,,,01,139,4598,91933,4737,91933,,10,30,96bbf79c14f9e1f41333d1a8143ca18721e5619f,0,0,0,0,0,
20200430,AL,7019,,80177,,totalTestsPeopleViral,87196,479,978,,335,,195,,4/30/2020 00:00,2020-04-30T00:00:00Z,04/29 20:00,269,978,2020-04-30T00:00:00Z,,,,7019,,,,87196,,,,,,,,,,,01,177,6570,87196,6747,87196,,24,33,11e453d2e98830db08696ce0ff14f79e073bdad5,0,0,0,0,0,
20200429,AL,6842,,73607,,totalTestsPeopleViral,80449,498,945,,335,,195,,4/29/2020 00:00,2020-04-29T00:00:00Z,04/28 20:00,245,945,2020-04-29T00:00:00Z,,,,6842,,,,80449,,,,,,,,,,,01,155,4467,80449,4622,80449,,3,34,240cf6e7a9d8ca9d125d80a79620a86a27e480c6,0,0,0,0,0,
20200428,AL,6687,,69140,,totalTestsPeopleViral,75827,530,911,,335,,195,,4/28/2020 00:00,2020-04-28T00:00:00Z,04/27 20:00,242,911,2020-04-28T00:00:00Z,,,,6687,,,,75827,,,,,,,,,,,01,188,1642,75827,1830,75827,,20,39,38147fbdfdd5ccbf75897d4bf2d73c4e8d19f334,0,0,0,0,0,
20200427,AL,6499,,67498,,totalTestsPeopleViral,73997,426,872,,335,,195,,4/27/2020 00:00,2020-04-27T00:00:00Z,04/26 20:00,222,872,2020-04-27T00:00:00Z,,,,6499,,,,73997,,,,,,,,,,,01,229,217,73997,446,73997,,6,27,2ee125a2625db86e633da440be4493d174795537,0,0,0,0,0,
20200426,AL,6270,,67281,,totalTestsPeopleViral,73551,384,845,,288,,170,,4/26/2020 00:00,2020-04-26T00:00:00Z,04/25 20:00,216,845,2020-04-26T00:00:00Z,,,,6270,,,,73551,,,,,,,,,,,01,133,2074,73551,2207,73551,,4,6,3f4d93ef76be2dfb875dd827e3464d4be3d06bb1,0,0,0,0,0,
20200425,AL,6137,,65207,,totalTestsPeopleViral,71344,351,839,,288,,170,,4/25/2020 00:00,2020-04-25T00:00:00Z,04/24 20:00,212,839,2020-04-25T00:00:00Z,,,,6137,,,,71344,,,,,,,,,,,01,305,18344,71344,18649,71344,,15,71,029cc05ccca5a3aeca43427c2334be5bf89e6f28,0,0,0,0,0,
20200424,AL,5832,,46863,,totalTestsPeopleViral,52695,429,768,,288,,170,,4/24/2020 00:00,2020-04-24T00:00:00Z,04/23 20:00,197,768,2020-04-24T00:00:00Z,,,,5832,,,,52695,,,,,,,,,,,01,54,0,52695,54,52695,,0,0,08de4c3230cea9d1c7af026b2a36be224dd46ae5,0,0,0,0,0,
20200423,AL,5778,,46863,,totalTestsPeopleViral,52641,406,768,,288,,170,,4/23/2020 00:00,2020-04-23T00:00:00Z,04/22 20:00,197,768,2020-04-23T00:00:00Z,,,,5778,,,,52641,,,,,,,,,,,01,313,3568,52641,3881,52641,,3,38,43acd417c235c322b91eedde87a15291d372fba5,0,0,0,0,0,
20200422,AL,5465,,43295,,totalTestsPeopleViral,48760,440,730,,288,,170,,4/22/2020 00:00,2020-04-22T00:00:00Z,04/21 20:00,194,730,2020-04-22T00:00:00Z,,,,5465,,,,48760,,,,,,,,,,,01,234,0,48760,234,48760,,17,31,c4699fa332c36b7aea324b2fcac49ef8fe7b7eb3,0,0,0,0,0,
20200421,AL,5231,,43295,,totalTestsPeopleViral,48526,401,699,,260,,157,,4/21/2020 00:00,2020-04-21T00:00:00Z,04/20 20:00,177,699,2020-04-21T00:00:00Z,,,,5231,,,,48526,,,,,,,,,,,01,206,2420,48526,2626,48526,,10,58,f565bfe662d937b8f1b8b60d33c8cf49d8831b3e,0,0,0,0,0,
20200420,AL,5025,,40875,,totalTestsPeopleViral,45900,397,641,,260,,157,,4/20/2020 00:00,2020-04-20T00:00:00Z,04/19 20:00,167,641,2020-04-20T00:00:00Z,,,,5025,,,,45900,,,,,,,,,,,01,188,0,45900,188,45900,,13,0,842ac2a9abc37d0860057914210035ac5cd5a21f,0,0,0,0,0,
20200419,AL,4837,,40875,,totalTestsPeopleViral,45712,360,641,,260,,157,,4/19/2020 00:00,2020-04-19T00:00:00Z,04/18 20:00,154,641,2020-04-19T00:00:00Z,,,,4837,,,,45712,,,,,,,,,,,01,182,2992,45712,3174,45712,,8,21,7b51b5917f33df76b6572e3ce89b2ab142f75e45,0,0,0,0,0,
20200418,AL,4655,,37883,,totalTestsPeopleViral,42538,359,620,,247,,148,,4/18/2020 00:00,2020-04-18T00:00:00Z,04/17 20:00,146,620,2020-04-18T00:00:00Z,,,,4655,,,,42538,,,,,,,,,,,01,125,4565,42538,4690,42538,,2,26,104121bd74374507d8811852874d7448b0060652,0,0,0,0,0,
20200417,AL,4530,,33318,,totalTestsPeopleViral,37848,364,594,,247,,148,,4/17/2020 00:00,2020-04-17T00:00:00Z,04/16 20:00,144,594,2020-04-17T00:00:00Z,,,,4530,,,,37848,,,,,,,,,,,01,185,1272,37848,1457,37848,,11,41,58a004aa6700d0bf32fcd4dc8855e692168ffd88,0,0,0,0,0,
20200416,AL,4345,,32046,,totalTestsPeopleViral,36391,360,553,,227,,137,,4/16/2020 00:00,2020-04-16T00:00:00Z,04/15 20:00,133,553,2020-04-16T00:00:00Z,,,,4345,,,,36391,,,,,,,,,,,01,232,2082,36391,2314,36391,,12,28,a634b4f3d953865f3a13fb8d294077d7fdca8bd1,0,0,0,0,0,
20200415,AL,4113,,29964,,totalTestsPeopleViral,34077,402,525,,219,,134,,4/15/2020 00:00,2020-04-15T00:00:00Z,04/14 20:00,121,525,2020-04-15T00:00:00Z,,,,4113,,,,34077,,,,,,,,,,,01,237,723,34077,960,34077,,11,32,728ff26f02b9b0f26b41a7214d61d119a63ab244,0,0,0,0,0,
20200414,AL,3876,,29241,,totalTestsPeopleViral,33117,380,493,,210,,132,,4/14/2020 00:00,2020-04-14T00:00:00Z,04/13 20:00,110,493,2020-04-14T00:00:00Z,,,,3876,,,,33117,,,,,,,,,,,01,142,3793,33117,3935,33117,,11,36,10f0f7801631a12c909e172684e4ae05ac56556b,0,0,0,0,0,
20200413,AL,3734,,25448,,totalTestsPeopleViral,29182,380,457,,189,,119,,4/13/2020 00:00,2020-04-13T00:00:00Z,04/12 20:00,99,457,2020-04-13T00:00:00Z,,,,3734,,,,29182,,,,,,,,,,,01,209,7390,29182,7599,29182,,6,20,2419b75fcff4ddbfe274ec74325eb943816a4e2f,0,0,0,0,0,
20200412,AL,3525,,18058,,totalTestsPeopleViral,21583,290,437,,189,,119,,4/12/2020 00:00,2020-04-12T00:00:00Z,04/11 20:00,93,437,2020-04-12T00:00:00Z,,,,3525,,,,21583,,,,,,,,,,,01,334,0,21583,334,21583,,2,35,4a2662f436087fe49c7452d5115c475d07f3596b,0,0,0,0,0,
20200411,AL,3191,,18058,,totalTestsPeopleViral,21249,343,402,,177,,113,,4/11/2020 00:00,2020-04-11T00:00:00Z,04/10 20:00,91,402,2020-04-11T00:00:00Z,,,,3191,,,,21249,,,,,,,,,,,01,223,0,21249,223,21249,,11,34,bfbb0f31fae4ff7d83cfcccc72fd3c900f3b50ec,0,0,0,0,0,
20200410,AL,2968,,18058,,totalTestsPeopleViral,21026,350,368,,,,,,4/10/2020 00:00,2020-04-10T00:00:00Z,04/09 20:00,80,368,2020-04-10T00:00:00Z,,,,2968,,,,21026,,,,,,,,,,,01,199,0,21026,199,21026,,6,35,7a867a278098dc8f44dc40386e169635940f7df5,0,0,0,0,0,
20200409,AL,2769,,18058,,totalTestsPeopleViral,20827,324,333,,,,,,4/9/2020 00:00,2020-04-09T00:00:00Z,04/08 20:00,74,333,2020-04-09T00:00:00Z,,,,2769,,,,20827,,,,,,,,,,,01,400,1305,20827,1705,20827,,8,19,70265429b290d71e036e13ca9f42bd31a8579eeb,0,0,0,0,0,
20200408,AL,2369,,16753,,totalTestsPeopleViral,19122,308,314,,,,,,4/8/2020 00:00,2020-04-08T00:00:00Z,04/07 20:00,66,314,2020-04-08T00:00:00Z,,,,2369,,,,19122,,,,,,,,,,,01,250,3956,19122,4206,19122,,10,43,ccae7e8b8b5f09cbd0cb5fea782708926c6e26f3,0,0,0,0,0,
20200407,AL,2119,,12797,,totalTestsPeopleViral,14916,302,271,,,,,,4/7/2020 00:00,2020-04-07T00:00:00Z,04/06 20:00,56,271,2020-04-07T00:00:00Z,,,,2119,,,,14916,,,,,,,,,,,01,151,0,14916,151,14916,,6,31,31284413e349d21f542e9b1844c81d24aa00b613,0,0,0,0,0,
20200406,AL,1968,,12797,,totalTestsPeopleViral,14765,297,240,,,,,,4/6/2020 00:00,2020-04-06T00:00:00Z,04/05 20:00,50,240,2020-04-06T00:00:00Z,,,,1968,,,,14765,,,,,,,,,,,01,172,1515,14765,1687,14765,,5,9,d36d345d09e782317a5e578349c762da4d43a9a1,0,0,0,0,0,
20200405,AL,1796,,11282,,totalTestsPeopleViral,13078,282,231,,,,,,4/5/2020 00:00,2020-04-05T00:00:00Z,04/04 20:00,45,231,2020-04-05T00:00:00Z,,,,1796,,,,13078,,,,,,,,,,,01,216,2009,13078,2225,13078,,2,19,42f923c87096424e9d3b05c6709a6eca8f915096,0,0,0,0,0,
20200404,AL,1580,,9273,,totalTestsPeopleViral,10853,238,212,,,,,,4/4/2020 00:00,2020-04-04T00:00:00Z,04/03 20:00,43,212,2020-04-04T00:00:00Z,,,,1580,,,,10853,,,,,,,,,,,01,148,1086,10853,1234,10853,,8,212,555c8c3d3d2a35c99b6f359c69987c8a74444251,0,0,0,0,0,
20200403,AL,1432,,8187,,totalTestsPeopleViral,9619,238,,,,,,,4/3/2020 00:00,2020-04-03T00:00:00Z,04/02 20:00,35,,2020-04-03T00:00:00Z,,,,1432,,,,9619,,,,,,,,,,,01,199,684,9619,883,9619,,3,0,5fce6f909dae0771b9a2470829d4ca6af178abb7,0,0,0,0,0,
20200402,AL,1233,,7503,,totalTestsPeopleViral,8736,226,,,,,,,4/2/2020 00:00,2020-04-02T00:00:00Z,04/01 20:00,32,,2020-04-02T00:00:00Z,,,,1233,,,,8736,,,,,,,,,,,01,156,806,8736,962,8736,,6,0,810c1184f379e5db67c0d6ef293f8b8e11d28290,0,0,0,0,0,
20200401,AL,1077,,6697,,totalTestsPeopleViral,7774,258,,,,,,,4/1/2020 00:00,2020-04-01T00:00:00Z,03/31 20:00,26,,2020-04-01T00:00:00Z,,,,1077,,,,7774,,,,,,,,,,,01,96,399,7774,495,7774,,13,0,f422fca985b8848c82ad2d0a7916331a1b1937f9,0,0,0,0,0,
20200331,AL,981,,6298,,totalTestsPeopleViral,7279,172,,,,,,,3/31/2020 00:00,2020-03-31T00:00:00Z,03/30 20:00,13,,2020-03-31T00:00:00Z,,,,981,,,,7279,,,,,,,,,,,01,122,604,7279,726,7279,,7,0,cc2257da419626a87b9d7bed8decdbdfe70da0ca,0,0,0,0,0,
20200330,AL,859,,5694,,totalTestsPeopleViral,6553,156,,,,,,,3/29/2020 00:00,2020-03-29T00:00:00Z,03/28 20:00,6,,2020-03-29T00:00:00Z,,,,859,,,,6553,,,,,,,,,,,01,53,1510,6553,1563,6553,,2,0,560f809f9faa057a10cfad451508db78e1730c06,0,0,0,0,0,
20200329,AL,806,,4184,,totalTestsPeopleViral,4990,158,,,,,,,3/29/2020 00:00,2020-03-29T00:00:00Z,03/28 20:00,4,,2020-03-29T00:00:00Z,,,,806,,,,4990,,,,,,,,,,,01,110,0,4990,110,4990,,1,0,6b84580136aa2d864697052e29d876b196160692,0,0,0,0,0,
20200328,AL,696,,4184,,totalTestsPeopleViral,4880,134,,,,,,,3/28/2020 00:00,2020-03-28T00:00:00Z,03/27 20:00,3,,2020-03-28T00:00:00Z,,,,696,,,,4880,,,,,,,,,,,01,109,0,4880,109,4880,,0,0,00c87874523fd9351fe129246166f8c150bad5e7,0,0,0,0,0,
20200327,AL,587,,4184,,totalTestsPeopleViral,4771,112,,,,,,,3/27/2020 00:00,2020-03-27T00:00:00Z,03/26 20:00,3,,2020-03-27T00:00:00Z,,,,587,,,,4771,,,,,,,,,,,01,81,591,4771,672,4771,,2,0,152a1b510fa7ee040629e4a0f56860f785a34dc7,0,0,0,0,0,
20200326,AL,506,,3593,,totalTestsPeopleViral,4099,106,,,,,,,3/26/2020 00:00,2020-03-26T00:00:00Z,03/25 20:00,1,,2020-03-26T00:00:00Z,,,,506,,,,4099,,,,,,,,,,,01,223,1064,4099,1287,4099,,1,0,9bfdee84107777b9cc69aaa2e8d00ddfd27f28e8,0,0,0,0,0,
20200325,AL,283,,2529,,totalTestsPeopleViral,2812,91,,,,,,,3/25/2020 11:30,2020-03-25T11:30:00Z,03/25 07:30,0,,2020-03-25T11:30:00Z,,,,283,,,,2812,,,,,,,,,,,01,68,423,2812,491,2812,,0,0,99bb0851d521230069e23c182249aa6388890ff3,0,0,0,0,0,
20200324,AL,215,,2106,,totalTestsPeopleViral,2321,74,,,,,,,3/24/2020 12:00,2020-03-24T12:00:00Z,03/24 08:00,0,,2020-03-24T12:00:00Z,,,,215,,,,2321,,,,,,,,,,,01,48,441,2321,489,2321,,0,0,16d96b72c7ba32518083ca04dbf8c22ec74f81c7,0,0,0,0,0,
20200323,AL,167,,1665,,totalTestsPeopleViral,1832,,,,,,,,3/23/2020 12:00,2020-03-23T12:00:00Z,03/23 08:00,0,,2020-03-23T12:00:00Z,,,,167,,,,1832,,,,,,,,,,,01,29,201,1832,230,1832,,0,0,2794d74fb03986167bc9f001c7fcd1290e00c6a0,0,0,0,0,0,
20200322,AL,138,,1464,,totalTestsPeopleViral,1602,,,,,,,,3/22/2020 10:37,2020-03-22T10:37:00Z,03/22 06:37,0,,2020-03-22T10:37:00Z,,,,138,,,,1602,,,,,,,,,,,01,14,1436,1602,1450,1602,,0,0,ed4e9f0ce4982f49f1b0a2ac246c541e5e06acaa,0,0,0,0,0,
20200321,AL,124,,28,,totalTestsPeopleViral,152,,,,,,,,3/21/2020 11:20,2020-03-21T11:20:00Z,03/21 07:20,0,,2020-03-21T11:20:00Z,,,,124,,,,152,,,,,,,,,,,01,43,0,152,43,152,,0,0,4f5bb314eb45b75f34bbcf792ad5a2971587dffe,0,0,0,0,0,
20200320,AL,81,,28,,totalTestsPeopleViral,109,,,,,,,,3/20/2020 11:00,2020-03-20T11:00:00Z,03/20 07:00,0,,2020-03-20T11:00:00Z,,,,81,,,,109,,,,,,,,,,,01,13,0,109,13,109,,0,0,b1d871113b1b0485202380eaf0ebe44e17e6d6ad,0,0,0,0,0,
20200319,AL,68,,28,,totalTestsPeopleViral,96,,,,,,,,3/19/2020 10:45,2020-03-19T10:45:00Z,03/19 06:45,0,,2020-03-19T10:45:00Z,,,,68,,,,96,,,,,,,,,,,01,22,0,96,22,96,,0,0,eeccf9812f09927ae752f818bb4f291016d82b98,0,0,0,0,0,
20200318,AL,46,,28,,totalTestsPeopleViral,74,,,,,,,,3/18/2020 11:05,2020-03-18T11:05:00Z,03/18 07:05,0,,2020-03-18T11:05:00Z,,,,46,,,,74,,,,,,,,,,,01,10,0,74,10,74,,0,0,6a5ea1fd0401090af304db537097dcf3063bdbb8,0,0,0,0,0,
20200317,AL,36,,28,,totalTestsPeopleViral,64,,,,,,,,3/17/2020 11:15,2020-03-17T11:15:00Z,03/17 07:15,0,,2020-03-17T11:15:00Z,,,,36,,,,64,,,,,,,,,,,01,8,0,64,8,64,,0,0,8704ed87a4b3d0c65ca4f199e33a20bee53ff5ae,0,0,0,0,0,
20200316,AL,28,,28,40,totalTestsPeopleViral,56,,,,,,,,3/16/2020 15:08,2020-03-16T15:08:00Z,03/16 11:08,0,,2020-03-16T15:08:00Z,,,,28,,,,56,,,,,,,,,,,01,16,0,96,16,56,,0,0,21403de48429718f4104c5ec2698c5f6e4cb540e,0,0,0,0,0,
20200315,AL,12,,28,46,totalTestsPeopleViral,40,,,,,,,,3/15/2020 14:12,2020-03-15T14:12:00Z,03/15 10:12,0,,2020-03-15T14:12:00Z,,,,12,,,,40,,,,,,,,,,,01,6,6,86,12,40,,0,0,f3eb6e612ca73b144bd599b49edded198c827880,0,0,0,0,0,
20200314,AL,6,,22,46,totalTestsPeopleViral,28,,,,,,,,3/13/2020 00:00,2020-03-13T00:00:00Z,03/12 20:00,,,2020-03-13T00:00:00Z,,,,6,,,,28,,,,,,,,,,,01,5,11,74,16,28,,0,0,892ad2056525fecc6a762df717eac27217b66956,0,0,0,0,0,
20200313,AL,1,,11,,totalTestsPeopleViral,12,,,,,,,,3/13/2020 00:00,2020-03-13T00:00:00Z,03/12 20:00,,,2020-03-13T00:00:00Z,,,,1,,,,12,,,,,,,,,,,01,1,1,12,2,12,,0,0,bda08ebbb85a2178e97acd9781ed756f8c505d68,0,0,0,0,0,
20200312,AL,0,,10,,totalTestsPeopleViral,10,,,,,,,,3/9/2020 00:00,2020-03-09T00:00:00Z,03/08 20:00,,,2020-03-09T00:00:00Z,,,,0,,,,10,,,,,,,,,,,01,0,0,10,0,10,,0,0,937cbab90b52ef60349cfa61abc8bda2a9776b0f,0,0,0,0,0,
20200311,AL,0,,10,,totalTestsPeopleViral,10,,,,,,,,3/9/2020 00:00,2020-03-09T00:00:00Z,03/08 20:00,,,2020-03-09T00:00:00Z,,,,0,,,,10,,,,,,,,,,,01,0,10,10,10,10,,0,0,d3f19d34b4c98e8c7602ce8bcdbd2c7d671c8d61,0,0,0,0,0,
20200310,AL,0,,0,0,totalTestsPeopleViral,0,,,,,,,,,,,,,,,,,0,,,,0,,,,,,,,,,,01,0,0,0,0,0,,0,0,19ba2b60958f0da19b21611736a2b819555f9d55,0,0,0,0,0,
20200309,AL,0,,,,totalTestsPeopleViral,0,,,,,,,,,,,,,,,,,0,,,,0,,,,,,,,,,,01,0,0,0,0,0,,0,0,7a9245cd555e2fb96c415fa66002fb923970ad19,0,0,0,0,0,
20200308,AL,0,,,,totalTestsPeopleViral,0,,,,,,,,,,,,,,,,,0,,,,0,,,,,,,,,,,01,0,0,0,0,0,,0,0,5dac8882a5bf45d03c2ebe4a94f0ad42d2699b23,0,0,0,0,0,
20200307,AL,0,,,,totalTestsPeopleViral,0,,,,,,,,,,,,,,,,,0,,,,0,,,,,,,,,,,01,0,0,0,0,0,,0,0,f13219e92a2a0abb73b4609f39597eaf7cfe8da6,0,0,0,0,0,
