date,state,positive,probableCases,negative,pending,totalTestResultsSource,totalTestResults,hospitalizedCurrently,hospitalizedCumulative,inIcuCurrently,inIcuCumulative,onVentilatorCurrently,onVentilatorCumulative,recovered,lastUpdateEt,dateModified,checkTimeEt,death,hospitalized,hospitalizedDischarged,dateChecked,totalTestsViral,positiveTestsViral,negativeTestsViral,positiveCasesViral,deathConfirmed,deathProbable,totalTestEncountersViral,totalTestsPeopleViral,totalTestsAntibody,positiveTestsAntibody,negativeTestsAntibody,totalTestsPeopleAntibody,positiveTestsPeopleAntibody,negativeTestsPeopleAntibody,totalTestsPeopleAntigen,positiveTestsPeopleAntigen,totalTestsAntigen,positiveTestsAntigen,fips,positiveIncrease,negativeIncrease,total,totalTestResultsIncrease,posNeg,dataQualityGrade,deathIncrease,hospitalizedIncrease,hash,commercialScore,negativeRegularScore,negativeScore,positiveScore,score,grade
20210222,RI,123980,,659066,,totalTestEncountersViral,2891439,186,8815,27,,18,,7648,2/22/2021 13:00,2021-02-22T13:00:00Z,02/22 08:00,2466,8815,7648,2021-02-22T13:00:00Z,,147884,2743555,,,,2891439,783046,,,,,,,,,,,44,159,787,783046,6094,783046,,3,-55,393b0018e108d8ea4f51792010aa14113cb2180b,0,0,0,0,0,
20210221,RI,123821,,658279,,totalTestEncountersViral,2885345,177,8870,29,,18,,7705,2/22/2021 16:42,2021-02-22T16:42:00Z,02/22 11:42,2463,8870,7705,2021-02-22T16:42:00Z,,147691,2737654,,,,2885345,782100,,,,,,,,,,,44,273,1336,782100,10911,782100,,1,0,2e78e886c24f31e051f24a1acc0ddfa527095f97,0,0,0,0,0,
20210220,RI,123548,,656943,,totalTestEncountersViral,2874434,177,8870,29,,18,,7705,2/22/2021 16:42,2021-02-22T16:42:00Z,02/22 11:42,2462,8870,7705,2021-02-22T16:42:00Z,,147351,2727083,,,,2874434,780491,,,,,,,,,,,44,403,1249,780491,20650,780491,,86,0,53f45043b21c985aa83bf1e806481838838b21b7,0,0,0,0,0,
20210219,RI,123145,,655694,,totalTestEncountersViral,2853784,177,8870,29,,18,,7705,2/19/2021 13:00,2021-02-19T13:00:00Z,02/19 08:00,2376,8870,7705,2021-02-19T13:00:00Z,,146886,2706898,,,,2853784,778839,,,,,,,,,,,44,286,1386,778839,21423,778839,,9,24,b150e18ef6b8787a5bbef75c4143147af2cdb221,0,0,0,0,0,
20210218,RI,122859,,654308,,totalTestEncountersViral,2832361,180,8846,32,,18,,7679,2/18/2021 13:00,2021-02-18T13:00:00Z,02/18 08:00,2367,8846,7679,2021-02-18T13:00:00Z,,146502,2685859,,,,2832361,777167,,,,,,,,,,,44,419,1508,777167,22035,777167,,15,35,945849695d7210d035f37cd76a953a3a4224ff60,0,0,0,0,0,
20210217,RI,122440,,652800,,totalTestEncountersViral,2810326,193,8811,30,,19,,7633,2/17/2021 13:00,2021-02-17T13:00:00Z,02/17 08:00,2352,8811,7633,2021-02-17T13:00:00Z,,146052,2664274,,,,2810326,775240,,,,,,,,,,,44,368,1773,775240,19330,775240,,8,25,6a106dc944af7dc280d8c1e1cdb83b1d458de727,0,0,0,0,0,
20210216,RI,122072,,651027,,totalTestEncountersViral,2790996,197,8786,36,,20,,7607,2/16/2021 13:00,2021-02-16T13:00:00Z,02/16 08:00,2344,8786,7607,2021-02-16T13:00:00Z,,145600,2645396,,,,2790996,773099,,,,,,,,,,,44,285,1107,773099,10557,773099,,10,32,c9c378107120e83c176c52358f0e39a9fefa5b41,0,0,0,0,0,
20210215,RI,121787,,649920,,totalTestEncountersViral,2780439,181,8754,35,,16,,7591,2/15/2021 13:00,2021-02-15T13:00:00Z,02/15 08:00,2334,8754,7591,2021-02-15T13:00:00Z,,145248,2635191,,,,2780439,771707,,,,,,,,,,,44,203,780,771707,5975,771707,,2,65,11c77e16f1a8759ef744930c254c3e3ae37016bb,0,0,0,0,0,
20210214,RI,121584,,649140,,totalTestEncountersViral,2774464,222,8689,39,,20,,7496,2/15/2021 16:42,2021-02-15T16:42:00Z,02/15 11:42,2332,8689,7496,2021-02-15T16:42:00Z,,145010,2629454,,,,2774464,770724,,,,,,,,,,,44,320,1525,770724,14090,770724,,3,0,f4e52efe24c9e1fb684c025b6f08ebf5e90bb8dc,0,0,0,0,0,
20210213,RI,121264,,647615,,totalTestEncountersViral,2760374,222,8689,39,,20,,7496,2/15/2021 16:42,2021-02-15T16:42:00Z,02/15 11:42,2329,8689,7496,2021-02-15T16:42:00Z,,144637,2615737,,,,2760374,768879,,,,,,,,,,,44,443,1448,768879,23401,768879,,39,0,467e76eb3dfa9489fbe941902195fafa7ddda26b,0,0,0,0,0,
20210212,RI,120821,,646167,,totalTestEncountersViral,2736973,222,8689,39,,20,,7496,2/12/2021 13:00,2021-02-12T13:00:00Z,02/12 08:00,2290,8689,7496,2021-02-12T13:00:00Z,,144182,2592791,,,,2736973,766988,,,,,,,,,,,44,440,1860,766988,22782,766988,,16,32,2acb75ca8033325663d0a0cd3e8e4991e8cefa5a,0,0,0,0,0,
20210211,RI,120381,,644307,,totalTestEncountersViral,2714191,238,8657,45,,22,,7453,2/11/2021 13:00,2021-02-11T13:00:00Z,02/11 08:00,2274,8657,7453,2021-02-11T13:00:00Z,,143674,2570517,,,,2714191,764688,,,,,,,,,,,44,488,1795,764688,23169,764688,,15,42,b9b9ec52d9a822af04e52bff183da2f29e227c5b,0,0,0,0,0,
20210210,RI,119893,,642512,,totalTestEncountersViral,2691022,238,8615,42,,22,,7416,2/10/2021 13:00,2021-02-10T13:00:00Z,02/10 08:00,2259,8615,7416,2021-02-10T13:00:00Z,,143111,2547911,,,,2691022,762405,,,,,,,,,,,44,459,1384,762405,17674,762405,,11,28,5dadcd19624f1ddf71e5f5dbd0ecb9b7011df5ab,0,0,0,0,0,
20210209,RI,119434,,641128,,totalTestEncountersViral,2673348,242,8587,44,,20,,7385,2/9/2021 13:00,2021-02-09T13:00:00Z,02/09 08:00,2248,8587,7385,2021-02-09T13:00:00Z,,142593,2530755,,,,2673348,760562,,,,,,,,,,,44,330,-33962,760562,5498,760562,,12,38,207066db52645820b2b8e5fad5db1939e6db13f7,0,0,0,0,0,
20210208,RI,119104,,675090,,totalTestEncountersViral,2667850,241,8549,42,,20,,7354,2/8/2021 13:00,2021-02-08T13:00:00Z,02/08 08:00,2236,8549,7354,2021-02-08T13:00:00Z,,142319,2525531,,,,2667850,794194,,,,,,,,,,,44,211,3437,794194,5088,794194,,8,81,69a96b929816d8f3f000cd6bddaef0ec351f0aca,0,0,0,0,0,
20210207,RI,118893,,671653,,totalTestEncountersViral,2662762,288,8468,41,,20,,7233,2/8/2021 16:42,2021-02-08T16:42:00Z,02/08 11:42,2228,8468,7233,2021-02-08T16:42:00Z,,142088,2520674,,,,2662762,790546,,,,,,,,,,,44,372,11005,790546,17710,790546,,5,0,c3f387546f1e0637720b69bb3c1d9e4c55abd9da,0,0,0,0,0,
20210206,RI,118521,,660648,,totalTestEncountersViral,2645052,288,8468,41,,20,,7233,2/8/2021 16:42,2021-02-08T16:42:00Z,02/08 11:42,2223,8468,7233,2021-02-08T16:42:00Z,,141671,2503381,,,,2645052,779169,,,,,,,,,,,44,630,25801,779169,33795,779169,,11,0,51021b4b6467a681257c4071980525d90a05b06a,0,0,0,0,0,
20210205,RI,117891,,634847,,totalTestEncountersViral,2611257,288,8468,41,,20,,7233,2/5/2021 13:00,2021-02-05T13:00:00Z,02/05 08:00,2212,8468,7233,2021-02-05T13:00:00Z,,140457,2470800,,,,2611257,752738,,,,,,,,,,,44,600,1897,752738,22174,752738,,3,56,ebbe1c375465d8c1ca87115f62b7c4fa099a0c17,0,0,0,0,0,
20210204,RI,117291,,632950,,totalTestEncountersViral,2589083,290,8412,43,,23,,7182,2/4/2021 13:00,2021-02-04T13:00:00Z,02/04 08:00,2209,8412,7182,2021-02-04T13:00:00Z,,139763,2449320,,,,2589083,750241,,,,,,,,,,,44,587,1850,750241,20760,750241,,11,43,f525e74e389ec66bd425074b2cd9b89e1e6921ac,0,0,0,0,0,
20210203,RI,116704,,631100,,totalTestEncountersViral,2568323,298,8369,42,,23,,7136,2/3/2021 13:00,2021-02-03T13:00:00Z,02/03 08:00,2198,8369,7136,2021-02-03T13:00:00Z,,139091,2429232,,,,2568323,747804,,,,,,,,,,,44,513,1646,747804,14579,747804,,12,38,15cd48b95e972ad48bb900f7ca908f764b5acf65,0,0,0,0,0,
20210202,RI,116191,,629454,,totalTestEncountersViral,2553744,307,8331,41,,25,,7096,2/2/2021 13:00,2021-02-02T13:00:00Z,02/02 08:00,2186,8331,7096,2021-02-02T13:00:00Z,,138536,2415208,,,,2553744,745645,,,,,,,,,,,44,235,660,745645,8240,745645,,13,35,d3b37fd27b327f964fafbcd7aee9d9bf62ce9301,0,0,0,0,0,
20210201,RI,115956,,628794,,totalTestEncountersViral,2545504,316,8296,47,,29,,7054,2/1/2021 13:00,2021-02-01T13:00:00Z,02/01 08:00,2173,8296,7054,2021-02-01T13:00:00Z,,138279,2407225,,,,2545504,744750,,,,,,,,,,,44,249,975,744750,6710,744750,,5,117,ac580138ff533c1484f903874f53b3fa315e3ede,0,0,0,0,0,
20210131,RI,115707,,627819,,totalTestEncountersViral,2538794,324,8179,50,,31,,6941,2/1/2021 16:42,2021-02-01T16:42:00Z,02/01 11:42,2168,8179,6941,2021-02-01T16:42:00Z,,137983,2400811,,,,2538794,743526,,,,,,,,,,,44,569,2295,743526,16768,743526,,4,0,d4a28f6d2672bff3155ff28f690e003de183e40d,0,0,0,0,0,
20210130,RI,115138,,625524,,totalTestEncountersViral,2522026,324,8179,50,,31,,6941,2/1/2021 16:42,2021-02-01T16:42:00Z,02/01 11:42,2164,8179,6941,2021-02-01T16:42:00Z,,137294,2384732,,,,2522026,740662,,,,,,,,,,,44,700,2072,740662,24755,740662,,10,0,31dbe31c4ed5a989c64a3a12ca0a5ada75529b49,0,0,0,0,0,
20210129,RI,114438,,623452,,totalTestEncountersViral,2497271,324,8179,50,,31,,6941,1/29/2021 13:00,2021-01-29T13:00:00Z,01/29 08:00,2154,8179,6941,2021-01-29T13:00:00Z,,136503,2360768,,,,2497271,737890,,,,,,,,,,,44,684,2893,737890,23241,737890,,10,48,df1f5630e7961feb45d270c670983fe2c31f4fa6,0,0,0,0,0,
20210128,RI,113754,,620559,,totalTestEncountersViral,2474030,335,8131,47,,31,,6885,1/28/2021 13:00,2021-01-28T13:00:00Z,01/28 08:00,2144,8131,6885,2021-01-28T13:00:00Z,,135724,2338306,,,,2474030,734313,,,,,,,,,,,44,745,2939,734313,22883,734313,,9,33,c50d6cbf27d5794199702b8eaf0f82ad5cb0d4b0,0,0,0,0,0,
20210127,RI,113009,,617620,,totalTestEncountersViral,2451147,334,8098,50,,35,,6862,1/27/2021 13:00,2021-01-27T13:00:00Z,01/27 08:00,2135,8098,6862,2021-01-27T13:00:00Z,,134852,2316295,,,,2451147,730629,,,,,,,,,,,44,613,2953,730629,19224,730629,,9,35,eea49d357ed2668e900feaad193cac80a3e277b1,0,0,0,0,0,
20210126,RI,112396,,614667,,totalTestEncountersViral,2431923,346,8063,51,,35,,6827,1/26/2021 13:00,2021-01-26T13:00:00Z,01/26 08:00,2126,8063,6827,2021-01-26T13:00:00Z,,134139,2297784,,,,2431923,727063,,,,,,,,,,,44,642,2054,727063,13904,727063,,16,57,29d3ac46d32dc471a5b3d2d77d3e216d773b1542,0,0,0,0,0,
20210125,RI,111754,,612613,,totalTestEncountersViral,2418019,347,8006,50,,33,,6778,1/25/2021 13:00,2021-01-25T13:00:00Z,01/25 08:00,2110,8006,6778,2021-01-25T13:00:00Z,,133427,2284592,,,,2418019,724367,,,,,,,,,,,44,301,1164,724367,7994,724367,,9,162,1f268f8100b66f4da4231aa19ed7fa2064716501,0,0,0,0,0,
20210124,RI,111453,,611449,,totalTestEncountersViral,2410025,352,7844,43,,31,,6626,1/25/2021 16:42,2021-01-25T16:42:00Z,01/25 11:42,2101,7844,6626,2021-01-25T16:42:00Z,,133057,2276968,,,,2410025,722902,,,,,,,,,,,44,742,3108,722902,19787,722902,,4,0,b65f6a49da8d979bd0a1aa2a61447452022a7914,0,0,0,0,0,
20210123,RI,110711,,608341,,totalTestEncountersViral,2390238,352,7844,43,,31,,6626,1/25/2021 16:42,2021-01-25T16:42:00Z,01/25 11:42,2097,7844,6626,2021-01-25T16:42:00Z,,132156,2258082,,,,2390238,719052,,,,,,,,,,,44,976,2638,719052,27107,719052,,14,0,cd225a10c3a9f35acebb4029c961e94d0e90027b,0,0,0,0,0,
20210122,RI,109735,,605703,,totalTestEncountersViral,2363131,352,7844,43,,31,,6626,1/22/2021 13:00,2021-01-22T13:00:00Z,01/22 08:00,2083,7844,6626,2021-01-22T13:00:00Z,,131027,2232104,,,,2363131,715438,,,,,,,,,,,44,949,3266,715438,22450,715438,,7,57,1616432eeb3ac9542e50f0c2bc43ba3747ee684d,0,0,0,0,0,
20210121,RI,108786,,602437,,totalTestEncountersViral,2340681,379,7787,51,,36,,6553,1/21/2021 13:00,2021-01-21T13:00:00Z,01/21 08:00,2076,7787,6553,2021-01-21T13:00:00Z,,129882,2210799,,,,2340681,711223,,,,,,,,,,,44,910,3115,711223,26772,711223,,18,67,2c64e5afcb1e3e9b3c5e2de6bb4bf77e96a6cf65,0,0,0,0,0,
20210120,RI,107876,,599322,,totalTestEncountersViral,2313909,379,7720,48,,36,,6495,1/20/2021 13:00,2021-01-20T13:00:00Z,01/20 08:00,2058,7720,6495,2021-01-20T13:00:00Z,,128772,2185137,,,,2313909,707198,,,,,,,,,,,44,810,2504,707198,15908,707198,,13,70,5ab40ba6eaf7091fdfdd828735e9143fcd4ff59d,0,0,0,0,0,
20210119,RI,107066,,596818,,totalTestEncountersViral,2298001,366,7650,50,,37,,6445,1/19/2021 13:00,2021-01-19T13:00:00Z,01/19 08:00,2045,7650,6445,2021-01-19T13:00:00Z,,127862,2170139,,,,2298001,703884,,,,,,,,,,,44,361,1196,703884,8736,703884,,12,218,4ad3ae8649b9b0a2b09e46b9032c5845878f0c07,0,0,0,0,0,
20210118,RI,106705,,595622,,totalTestEncountersViral,2289265,384,7432,51,,35,,6229,1/19/2021 17:28,2021-01-19T17:28:00Z,01/19 12:28,2033,7432,6229,2021-01-19T17:28:00Z,,127399,2161866,,,,2289265,702327,,,,,,,,,,,44,481,1713,702327,9479,702327,,5,0,25a66feea098cf7b84f7c3ef5a66ff09f21a11a2,0,0,0,0,0,
20210117,RI,106224,,593909,,totalTestEncountersViral,2279786,384,7432,51,,35,,6229,1/19/2021 17:28,2021-01-19T17:28:00Z,01/19 12:28,2028,7432,6229,2021-01-19T17:28:00Z,,126802,2152984,,,,2279786,700133,,,,,,,,,,,44,752,2846,700133,17237,700133,,9,0,f8f087e0e9e9a5c95b366e5bf2550b4358fe5ac9,0,0,0,0,0,
20210116,RI,105472,,591063,,totalTestEncountersViral,2262549,384,7432,51,,35,,6229,1/19/2021 17:28,2021-01-19T17:28:00Z,01/19 12:28,2019,7432,6229,2021-01-19T17:28:00Z,,125913,2136636,,,,2262549,696535,,,,,,,,,,,44,1029,2354,696535,20254,696535,,14,0,9618aa2118db68f3897a0c5ffcef4df5326419ce,0,0,0,0,0,
20210115,RI,104443,,588709,,totalTestEncountersViral,2242295,384,7432,51,,35,,6229,1/15/2021 13:00,2021-01-15T13:00:00Z,01/15 08:00,2005,7432,6229,2021-01-15T13:00:00Z,,124747,2117548,,,,2242295,693152,,,,,,,,,,,44,1057,3519,693152,22490,693152,,9,66,9c2d571b6f9f401209de01d06f46363e5b5c84eb,0,0,0,0,0,
20210114,RI,103386,,585190,,totalTestEncountersViral,2219805,375,7366,53,,34,,6175,1/14/2021 13:00,2021-01-14T13:00:00Z,01/14 08:00,1996,7366,6175,2021-01-14T13:00:00Z,,123555,2096250,,,,2219805,688576,,,,,,,,,,,44,901,3467,688576,20175,688576,,9,56,d0b3dc9a57d1333f8e037252a50b9d1c490b124b,0,0,0,0,0,
20210113,RI,102485,,581723,,totalTestEncountersViral,2199630,402,7310,49,,35,,6101,1/13/2021 13:00,2021-01-13T13:00:00Z,01/13 08:00,1987,7310,6101,2021-01-13T13:00:00Z,,122522,2077108,,,,2199630,684208,,,,,,,,,,,44,1092,3226,684208,19809,684208,,17,69,8f27a32994a018beb0ba25e8fe5566f1d3efa487,0,0,0,0,0,
20210112,RI,101393,,578497,,totalTestEncountersViral,2179821,402,7241,53,,34,,6042,1/12/2021 13:00,2021-01-12T13:00:00Z,01/12 08:00,1970,7241,6042,2021-01-12T13:00:00Z,,121227,2058594,,,,2179821,679890,,,,,,,,,,,44,786,2695,679890,13001,679890,,23,50,823f914ae6203179a9bd9fdf7f5658844bd188a2,0,0,0,0,0,
20210111,RI,100607,,575802,,totalTestEncountersViral,2166820,399,7191,47,,33,,6000,1/11/2021 13:00,2021-01-11T13:00:00Z,01/11 08:00,1947,7191,6000,2021-01-11T13:00:00Z,,120360,2046460,,,,2166820,676409,,,,,,,,,,,44,568,1975,676409,8328,676409,,7,164,dad941bb0b7e87b85c5b327433cf087a30ed399f,0,0,0,0,0,
20210110,RI,100039,,573827,,totalTestEncountersViral,2158492,390,7027,55,,39,,5860,1/11/2021 18:43,2021-01-11T18:43:00Z,01/11 13:43,1940,7027,5860,2021-01-11T18:43:00Z,,119688,2038804,,,,2158492,673866,,,,,,,,,,,44,1038,3398,673866,18188,673866,,10,0,426976e8e83bfa10d13661000d33d2ff270bc49a,0,0,0,0,0,
20210109,RI,99001,,570429,,totalTestEncountersViral,2140304,390,7027,55,,39,,5860,1/11/2021 18:43,2021-01-11T18:43:00Z,01/11 13:43,1930,7027,5860,2021-01-11T18:43:00Z,,118445,2021859,,,,2140304,669430,,,,,,,,,,,44,1387,2773,669430,24337,669430,,14,0,afa82f7b721ecbee5cd16d9d7cd1f2eb16ff0ff3,0,0,0,0,0,
20210108,RI,97614,,567656,,totalTestEncountersViral,2115967,390,7027,55,,39,,5860,1/8/2021 13:00,2021-01-08T13:00:00Z,01/08 08:00,1916,7027,5860,2021-01-08T13:00:00Z,,116884,1999083,,,,2115967,665270,,,,,,,,,,,44,1023,2557,665270,16222,665270,,6,71,0e689648d4de6cacf49efdf63f9b534c9eb0c7b0,0,0,0,0,0,
20210107,RI,96591,,565099,,totalTestEncountersViral,2099745,397,6956,59,,40,,5794,1/7/2021 13:00,2021-01-07T13:00:00Z,01/07 08:00,1910,6956,5794,2021-01-07T13:00:00Z,,115715,1984030,,,,2099745,661690,,,,,,,,,,,44,1128,2465,661690,19820,661690,,20,51,ce2513657c12c23ec4d649a3a4e2f501b6de9480,0,0,0,0,0,
20210106,RI,95463,,562634,,totalTestEncountersViral,2079925,405,6905,59,,40,,5743,1/6/2021 13:00,2021-01-06T13:00:00Z,01/06 08:00,1890,6905,5743,2021-01-06T13:00:00Z,,114397,1965528,,,,2079925,658097,,,,,,,,,,,44,1611,2945,658097,20481,658097,,20,68,e2c3a41534a2d1825f1b2ecb9f4f763b8b4810b4,0,0,0,0,0,
20210105,RI,93852,,559689,,totalTestEncountersViral,2059444,409,6837,56,,40,,5682,1/5/2021 13:00,2021-01-05T13:00:00Z,01/05 08:00,1870,6837,5682,2021-01-05T13:00:00Z,,112563,1946881,,,,2059444,653541,,,,,,,,,,,44,1144,2411,653541,13069,653541,,15,50,df56d988e6e92197fb4df47d1045122fdf021956,0,0,0,0,0,
20210104,RI,92708,,557278,,totalTestEncountersViral,2046375,415,6787,53,,40,,5636,1/4/2021 13:00,2021-01-04T13:00:00Z,01/04 08:00,1855,6787,5636,2021-01-04T13:00:00Z,,111253,1935122,,,,2046375,649986,,,,,,,,,,,44,633,2111,649986,8691,649986,,12,281,486b7498101db7dcafe69f4a86f301a10332f219,0,0,0,0,0,
20210103,RI,92075,,555167,,totalTestEncountersViral,2037684,426,6506,61,,47,,5381,1/4/2021 16:31,2021-01-04T16:31:00Z,01/04 11:31,1843,6506,5381,2021-01-04T16:31:00Z,,110523,1927161,,,,2037684,647242,,,,,,,,,,,44,888,2178,647242,10629,647242,,10,0,9dc0d5d78c5255edb85c512ca94f049226617ccb,0,0,0,0,0,
20210102,RI,91187,,552989,,totalTestEncountersViral,2027055,426,6506,61,,47,,5381,1/4/2021 16:31,2021-01-04T16:31:00Z,01/04 11:31,1833,6506,5381,2021-01-04T16:31:00Z,,109530,1917525,,,,2027055,644176,,,,,,,,,,,44,783,1961,644176,11599,644176,,10,0,e90cf2f30b666558b44163155361372924215ed9,0,0,0,0,0,
20210101,RI,90404,,551028,,totalTestEncountersViral,2015456,426,6506,61,,47,,5381,1/4/2021 16:31,2021-01-04T16:31:00Z,01/04 11:31,1823,6506,5381,2021-01-04T16:31:00Z,,108618,1906838,,,,2015456,641432,,,,,,,,,,,44,863,2904,641432,14674,641432,,14,0,dc8b8545d5965020d926fefdcc9d4fda37cd4c3a,0,0,0,0,0,
20201231,RI,89541,,548124,,totalTestEncountersViral,2000782,426,6506,61,,47,,5381,1/4/2021 16:31,2021-01-04T16:31:00Z,01/04 11:31,1809,6506,5381,2021-01-04T16:31:00Z,,107635,1893147,,,,2000782,637665,,,,,,,,,,,44,1592,2460,637665,26284,637665,,32,0,6245a8e47f9bd2174b958e1df3f477aa9cab3ad1,0,0,0,0,0,
20201230,RI,87949,,545664,,totalTestEncountersViral,1974498,426,6506,61,,47,,5381,12/30/2020 13:00,2020-12-30T13:00:00Z,12/30 08:00,1777,6506,5381,2020-12-30T13:00:00Z,,105661,1868837,,,,1974498,633613,,,,,,,,,,,44,1160,1581,633613,13252,633613,,17,53,446d904dfc65afe69cdf73f183b10b46d5cf201a,0,0,0,0,0,
20201229,RI,86789,,544083,,totalTestEncountersViral,1961246,423,6453,55,,46,,5335,12/29/2020 13:00,2020-12-29T13:00:00Z,12/29 08:00,1760,6453,5335,2020-12-29T13:00:00Z,,104505,1856741,,,,1961246,630872,,,,,,,,,,,44,1187,2423,630872,13139,630872,,18,50,1ebe5afd6d5fe9c1a00d2e3a8bd02fa7b3b50a41,0,0,0,0,0,
20201228,RI,85602,,541660,,totalTestEncountersViral,1948107,412,6403,54,,47,,5306,12/28/2020 13:00,2020-12-28T13:00:00Z,12/28 08:00,1742,6403,5306,2020-12-28T13:00:00Z,,103151,1844956,,,,1948107,627262,,,,,,,,,,,44,661,1935,627262,8118,627262,,3,272,7a715213ba35c5929d34c9f585fa2e11a411f4d1,0,0,0,0,0,
20201227,RI,84941,,539725,,totalTestEncountersViral,1939989,442,6131,49,,35,,5041,12/28/2020 16:31,2020-12-28T16:31:00Z,12/28 11:31,1739,6131,5041,2020-12-28T16:31:00Z,,102386,1837603,,,,1939989,624666,,,,,,,,,,,44,733,1916,624666,10188,624666,,7,0,960910be657eaaac110fd99e73a731cc4860acd3,0,0,0,0,0,
20201226,RI,84208,,537809,,totalTestEncountersViral,1929801,442,6131,49,,35,,5041,12/28/2020 16:31,2020-12-28T16:31:00Z,12/28 11:31,1732,6131,5041,2020-12-28T16:31:00Z,,101517,1828284,,,,1929801,622017,,,,,,,,,,,44,226,604,622017,3504,622017,,10,0,ba637b2b30cbb278c369f7723e133ac4932afe24,0,0,0,0,0,
20201225,RI,83982,,537205,,totalTestEncountersViral,1926297,442,6131,49,,35,,5041,12/28/2020 16:31,2020-12-28T16:31:00Z,12/28 11:31,1722,6131,5041,2020-12-28T16:31:00Z,,101233,1825064,,,,1926297,621187,,,,,,,,,,,44,870,3410,621187,17783,621187,,7,0,f46f2ec0b90a722455e67d92cbce0a7b9d822344,0,0,0,0,0,
20201224,RI,83112,,533795,,totalTestEncountersViral,1908514,442,6131,49,,35,,5041,12/28/2020 16:31,2020-12-28T16:31:00Z,12/28 11:31,1715,6131,5041,2020-12-28T16:31:00Z,,100180,1808334,,,,1908514,616907,,,,,,,,,,,44,1046,2022,616907,21057,616907,,11,0,202672147fbcb9447b8759efb1b82805b19d4378,0,0,0,0,0,
20201223,RI,82066,,531773,,totalTestEncountersViral,1887457,442,6131,49,,35,,5041,12/23/2020 13:00,2020-12-23T13:00:00Z,12/23 08:00,1704,6131,5041,2020-12-23T13:00:00Z,,99063,1788394,,,,1887457,613839,,,,,,,,,,,44,879,3032,613839,18029,613839,,26,72,c39feae29314a468238148574bdc60ae2effd859,0,0,0,0,0,
20201222,RI,81187,,528741,,totalTestEncountersViral,1869428,440,6059,54,,38,,4980,12/22/2020 13:00,2020-12-22T13:00:00Z,12/22 08:00,1678,6059,4980,2020-12-22T13:00:00Z,,97959,1771469,,,,1869428,609928,,,,,,,,,,,44,956,3000,609928,12711,609928,,8,73,1c75729b14da3da0f1b31dba301d10728a078ef2,0,0,0,0,0,
20201221,RI,80231,,525741,,totalTestEncountersViral,1856717,429,5986,57,,36,,4927,12/21/2020 13:00,2020-12-21T13:00:00Z,12/21 08:00,1670,5986,4927,2020-12-21T13:00:00Z,,96877,1759840,,,,1856717,605972,,,,,,,,,,,44,419,1649,605972,7193,605972,,11,164,061c60d0f6f0158c331bc3f23513cb275471bcec,0,0,0,0,0,
20201220,RI,79812,,524092,,totalTestEncountersViral,1849524,459,5822,56,,29,,4761,12/21/2020 16:42,2020-12-21T16:42:00Z,12/21 11:42,1659,5822,4761,2020-12-21T16:42:00Z,,96349,1753175,,,,1849524,603904,,,,,,,,,,,44,1029,3109,603904,17614,603904,,15,0,20781f6946e6dfb27c84bcc3dce347303fc1e85b,0,0,0,0,0,
20201219,RI,78783,,520983,,totalTestEncountersViral,1831910,459,5822,56,,29,,4761,12/21/2020 16:42,2020-12-21T16:42:00Z,12/21 11:42,1644,5822,4761,2020-12-21T16:42:00Z,,95042,1736868,,,,1831910,599766,,,,,,,,,,,44,971,1172,599766,14550,599766,,19,0,a7f09cc4b2c769b2f3fa063938ba1f8b45c21a43,0,0,0,0,0,
20201218,RI,77812,,519811,,totalTestEncountersViral,1817360,459,5822,56,,29,,4761,12/18/2020 13:00,2020-12-18T13:00:00Z,12/18 08:00,1625,5822,4761,2020-12-18T13:00:00Z,,93896,1723464,,,,1817360,597623,,,,,,,,,,,44,522,1157,597623,11156,597623,,23,56,67f9cf55b9ad15e8e72853d70fe2cc19d0ba043c,0,0,0,0,0,
20201217,RI,77290,,518654,,totalTestEncountersViral,1806204,479,5766,59,,29,,4695,12/17/2020 13:00,2020-12-17T13:00:00Z,12/17 08:00,1602,5766,4695,2020-12-17T13:00:00Z,,93289,1712915,,,,1806204,595944,,,,,,,,,,,44,1081,3165,595944,19541,595944,,12,66,0036159467b47fdeb1cad698720437a13a51f636,0,0,0,0,0,
20201216,RI,76209,,515489,,totalTestEncountersViral,1786663,469,5700,62,,30,,4646,12/16/2020 13:00,2020-12-16T13:00:00Z,12/16 08:00,1590,5700,4646,2020-12-16T13:00:00Z,,92036,1694627,,,,1786663,591698,,,,,,,,,,,44,972,2337,591698,15229,591698,,20,84,40f41990234363c4eb8c60b3ffcfef8a79f035e2,0,0,0,0,0,
20201215,RI,75237,,513152,,totalTestEncountersViral,1771434,455,5616,53,,29,,4585,12/15/2020 13:00,2020-12-15T13:00:00Z,12/15 08:00,1570,5616,4585,2020-12-15T13:00:00Z,,90879,1680555,,,,1771434,588389,,,,,,,,,,,44,1166,2856,588389,12476,588389,,15,82,67cbeecb402f082276193faeb1016bcb1871da6b,0,0,0,0,0,
20201214,RI,74071,,510296,,totalTestEncountersViral,1758958,433,5534,47,,31,,4537,12/14/2020 13:00,2020-12-14T13:00:00Z,12/14 08:00,1555,5534,4537,2020-12-14T13:00:00Z,,89578,1669380,,,,1758958,584367,,,,,,,,,,,44,552,1973,584367,7648,584367,,17,0,43b39bc9a937b9cd4f408c079a799610c519a9cc,0,0,0,0,0,
20201213,RI,73519,,508323,,totalTestEncountersViral,1751310,433,5534,47,,31,,4537,12/14/2020 16:42,2020-12-14T16:42:00Z,12/14 11:42,1538,5534,4537,2020-12-14T16:42:00Z,,88908,1662402,,,,1751310,581842,,,,,,,,,,,44,870,3115,581842,14114,581842,,12,48,a5a250c956928d84a971244d506dd0a28db3d3fa,0,0,0,0,0,
20201212,RI,72649,,505208,,totalTestEncountersViral,1737196,440,5486,55,,32,,4491,12/14/2020 16:42,2020-12-14T16:42:00Z,12/14 11:42,1526,5486,4491,2020-12-14T16:42:00Z,,87817,1649379,,,,1737196,577857,,,,,,,,,,,44,1831,2337,577857,19629,577857,,17,198,c3b661ac80b2f4e8b06882688e59541df004af59,0,0,0,0,0,
20201211,RI,70818,,502871,,totalTestEncountersViral,1717567,466,5288,48,,25,,4288,12/11/2020 13:00,2020-12-11T13:00:00Z,12/11 08:00,1509,5288,4288,2020-12-11T13:00:00Z,,86080,1631487,,,,1717567,573689,,,,,,,,,,,44,1571,3914,573689,22765,573689,,11,0,af72e4327bd464699d2b2997522df0ee8673c925,0,0,0,0,0,
20201210,RI,69247,,498957,,totalTestEncountersViral,1694802,466,5288,48,,25,,4288,12/10/2020 13:00,2020-12-10T13:00:00Z,12/10 08:00,1498,5288,4288,2020-12-10T13:00:00Z,,84192,1610610,,,,1694802,568204,,,,,,,,,,,44,948,1227,568204,13473,568204,,14,72,387dff1490cc905b46df4028986c0ce014e243a4,0,0,0,0,0,
20201209,RI,68299,,497730,,totalTestEncountersViral,1681329,461,5216,42,,24,,4227,12/9/2020 13:00,2020-12-09T13:00:00Z,12/09 08:00,1484,5216,4227,2020-12-09T13:00:00Z,,83164,1598165,,,,1681329,566029,,,,,,,,,,,44,1232,3911,566029,18041,566029,,14,83,940592e74674ad8955c1d115492af3fba79066e9,0,0,0,0,0,
20201208,RI,67067,,493819,,totalTestEncountersViral,1663288,444,5133,43,,25,,4167,12/8/2020 13:00,2020-12-08T13:00:00Z,12/08 08:00,1470,5133,4167,2020-12-08T13:00:00Z,,81512,1581776,,,,1663288,560886,,,,,,,,,,,44,1249,2677,560886,11667,560886,,22,94,6432b4c27403a2eadbf8fdb92729e658e534f3f9,0,0,0,0,0,
20201207,RI,65818,,491142,,totalTestEncountersViral,1651621,422,5039,45,,30,,4104,12/7/2020 13:00,2020-12-07T13:00:00Z,12/07 08:00,1448,5039,4104,2020-12-07T13:00:00Z,,80128,1571493,,,,1651621,556960,,,,,,,,,,,44,844,2169,556960,7856,556960,,11,0,caf2a57d8176a17c84d96e59205a54844be98833,0,0,0,0,0,
20201206,RI,64974,,488973,,totalTestEncountersViral,1643765,422,5039,45,,30,,4104,12/7/2020 16:42,2020-12-07T16:42:00Z,12/07 11:42,1437,5039,4104,2020-12-07T16:42:00Z,,79151,1564614,,,,1643765,553947,,,,,,,,,,,44,1030,2913,553947,13774,553947,,8,55,d3c7e3d2c1e136e5700d4bcd652e4ffa523046a4,0,0,0,0,0,
20201205,RI,63944,,486060,,totalTestEncountersViral,1629991,410,4984,42,,30,,4065,12/7/2020 16:42,2020-12-07T16:42:00Z,12/07 11:42,1429,4984,4065,2020-12-07T16:42:00Z,,77958,1552033,,,,1629991,550004,,,,,,,,,,,44,1807,3138,550004,21143,550004,,16,141,658c0494ae371254384e5f1e53f8c20d98987763,0,0,0,0,0,
20201204,RI,62137,,482922,,totalTestEncountersViral,1608848,408,4843,45,,29,,3939,12/4/2020 13:00,2020-12-04T13:00:00Z,12/04 08:00,1413,4843,3939,2020-12-04T13:00:00Z,,75792,1533056,,,,1608848,545059,,,,,,,,,,,44,1415,2168,545059,14841,545059,,13,54,1bb5d320aed39eaef51a57c11a606a49cb49a51d,0,0,0,0,0,
20201203,RI,60722,,480754,,totalTestEncountersViral,1594007,409,4789,45,,31,,3892,12/3/2020 13:00,2020-12-03T13:00:00Z,12/03 08:00,1400,4789,3892,2020-12-03T13:00:00Z,,74263,1519744,,,,1594007,541476,,,,,,,,,,,44,1717,2853,541476,19476,541476,,9,57,aa7f6f8bb59db85628afb854ac3c130d7b918987,0,0,0,0,0,
20201202,RI,59005,,477901,,totalTestEncountersViral,1574531,408,4732,45,,28,,3839,12/2/2020 13:00,2020-12-02T13:00:00Z,12/02 08:00,1391,4732,3839,2020-12-02T13:00:00Z,,72433,1502098,,,,1574531,536906,,,,,,,,,,,44,1099,2094,536906,12617,536906,,11,62,d872c75e5a500302032b902071538808e3d126d8,0,0,0,0,0,
20201201,RI,57906,,475807,,totalTestEncountersViral,1561914,410,4670,41,,23,,3777,12/1/2020 13:00,2020-12-01T13:00:00Z,12/01 08:00,1380,4670,3777,2020-12-01T13:00:00Z,,71152,1490762,,,,1561914,533713,,,,,,,,,,,44,1183,2646,533713,11754,533713,,7,88,ea7bb24b64c78abaae38fda2eb7e3c51af5aa8f1,0,0,0,0,0,
20201130,RI,56723,,473161,,totalTestEncountersViral,1550160,365,4582,40,,19,,3737,11/30/2020 13:00,2020-11-30T13:00:00Z,11/30 08:00,1373,4582,3737,2020-11-30T13:00:00Z,,69958,1480202,,,,1550160,529884,,,,,,,,,,,44,651,2075,529884,7114,529884,,8,0,8874a9e9d2a756ace209cd38476370061d9e5944,0,0,0,0,0,
20201129,RI,56072,,471086,,totalTestEncountersViral,1543046,365,4582,40,,19,,3737,11/30/2020 16:42,2020-11-30T16:42:00Z,11/30 11:42,1365,4582,3737,2020-11-30T16:42:00Z,,69232,1473814,,,,1543046,527158,,,,,,,,,,,44,1055,2675,527158,12791,527158,,2,52,275cf0490573d93b9bb431ac588485b1ba061374,0,0,0,0,0,
20201128,RI,55017,,468411,,totalTestEncountersViral,1530255,349,4530,39,,19,,3701,11/30/2020 16:42,2020-11-30T16:42:00Z,11/30 11:42,1363,4530,3701,2020-11-30T16:42:00Z,,68106,1462149,,,,1530255,523428,,,,,,,,,,,44,1063,1514,523428,11234,523428,,17,122,1c70d7eaae96823d326a8aec036f2dcd81c3f14a,0,0,0,0,0,
20201127,RI,53954,,466897,,totalTestEncountersViral,1519021,319,4408,37,,23,,3619,11/27/2020 13:00,2020-11-27T13:00:00Z,11/27 08:00,1346,4408,3619,2020-11-27T13:00:00Z,,67027,1451994,,,,1519021,520851,,,,,,,,,,,44,463,1533,520851,6858,520851,,4,0,b46b7ccc4f41dcc520f457b0f2f51e8569256827,0,0,0,0,0,
20201126,RI,53491,,465364,,totalTestEncountersViral,1512163,319,4408,37,,23,,3619,11/30/2020 14:58,2020-11-30T14:58:00Z,11/30 09:58,1342,4408,3619,2020-11-30T14:58:00Z,,66488,1445675,,,,1512163,518855,,,,,,,,,,,44,1174,2575,518855,19968,518855,,7,82,31a8533ca4b2d445ec2dfa420e64ceae5d3ec4cb,0,0,0,0,0,
20201125,RI,52317,,462789,,totalTestEncountersViral,1492195,357,4326,35,,16,,3510,11/25/2020 13:00,2020-11-25T13:00:00Z,11/25 08:00,1335,4326,3510,2020-11-25T13:00:00Z,,65209,1426986,,,,1492195,515106,,,,,,,,,,,44,893,-1430,515106,12350,515106,,10,74,8925ed5c89f18d9108b09314bcf827b34ac02ece,0,0,0,0,0,
20201124,RI,51424,,464219,,totalTestEncountersViral,1479845,323,4252,30,,16,,3469,11/24/2020 13:00,2020-11-24T13:00:00Z,11/24 08:00,1325,4252,3469,2020-11-24T13:00:00Z,,64207,1415638,,,,1479845,515643,,,,,,,,,,,44,851,3127,515643,11763,515643,,16,75,729da099e081652fd4dff672be23b0628f5c6f55,0,0,0,0,0,
20201123,RI,50573,,461092,,totalTestEncountersViral,1468082,285,4177,30,,14,,3436,11/23/2020 13:00,2020-11-23T13:00:00Z,11/23 08:00,1309,4177,3436,2020-11-23T13:00:00Z,,63259,1404823,,,,1468082,511665,,,,,,,,,,,44,429,1680,511665,7679,511665,,6,0,9a03dd5cb62329cbabe09fafc0c061073e9df9a4,0,0,0,0,0,
20201122,RI,50144,,459412,,totalTestEncountersViral,1460403,285,4177,30,,14,,3436,11/23/2020 13:42,2020-11-23T13:42:00Z,11/23 08:42,1303,4177,3436,2020-11-23T13:42:00Z,,62740,1397663,,,,1460403,509556,,,,,,,,,,,44,738,3156,509556,18053,509556,,3,31,bc9ba0a413a102144dcbf28368e513c9c5e0785c,0,0,0,0,0,
20201121,RI,49406,,456256,,totalTestEncountersViral,1442350,293,4146,28,,14,,3402,11/23/2020 13:42,2020-11-23T13:42:00Z,11/23 08:42,1300,4146,3402,2020-11-23T13:42:00Z,,61899,1380451,,,,1442350,505662,,,,,,,,,,,44,1405,3325,505662,26322,505662,,6,100,949536f20b1c5e537012f9a7616b826a20c45ba7,0,0,0,0,0,
20201120,RI,48001,,452931,,totalTestEncountersViral,1416028,288,4046,24,,14,,3314,11/20/2020 13:00,2020-11-20T13:00:00Z,11/20 08:00,1294,4046,3314,2020-11-20T13:00:00Z,,60371,1355657,,,,1416028,500932,,,,,,,,,,,44,1050,3093,500932,14865,500932,,6,33,b3632b52d6c6ffba1793f8e70af3e3a77434cf2c,0,0,0,0,0,
20201119,RI,46951,,449838,,totalTestEncountersViral,1401163,298,4013,26,,13,,3277,11/19/2020 13:00,2020-11-19T13:00:00Z,11/19 08:00,1288,4013,3277,2020-11-19T13:00:00Z,,59188,1341975,,,,1401163,496789,,,,,,,,,,,44,1040,2678,496789,16598,496789,,4,60,b94d68e0a9fed70553b33fd7350e2e61a3f88321,0,0,0,0,0,
20201118,RI,45911,,447160,,totalTestEncountersViral,1384565,284,3953,22,,13,,3233,11/18/2020 13:00,2020-11-18T13:00:00Z,11/18 08:00,1284,3953,3233,2020-11-18T13:00:00Z,,58041,1326524,,,,1384565,493071,,,,,,,,,,,44,1383,3438,493071,18973,493071,,6,59,15ffd4b2f37b0627a2c590a8b7057149cc93cf0d,0,0,0,0,0,
20201117,RI,44528,,443722,,totalTestEncountersViral,1365592,265,3894,22,,10,,3195,11/17/2020 13:00,2020-11-17T13:00:00Z,11/17 08:00,1278,3894,3195,2020-11-17T13:00:00Z,,56555,1309037,,,,1365592,488250,,,,,,,,,,,44,605,2245,488250,9875,488250,,8,37,be62e17911840b82c1214b7842fde4e87be0c18c,0,0,0,0,0,
20201116,RI,43923,,441477,,totalTestEncountersViral,1355717,256,3857,21,,12,,3172,11/16/2020 13:00,2020-11-16T13:00:00Z,11/16 08:00,1270,3857,3172,2020-11-16T13:00:00Z,,55838,1299879,,,,1355717,485400,,,,,,,,,,,44,481,1336,485400,6195,485400,,5,0,084b3352d0262b7b9d53e5d86cceff097d7a2b6a,0,0,0,0,0,
20201115,RI,43442,,440141,,totalTestEncountersViral,1349522,256,3857,21,,12,,3172,11/16/2020 13:42,2020-11-16T13:42:00Z,11/16 08:42,1265,3857,3172,2020-11-16T13:42:00Z,,55296,1294226,,,,1349522,483583,,,,,,,,,,,44,679,2427,483583,13763,483583,,8,28,0b58077da06e16581bc7482b0ddb4fa315b3cbec,0,0,0,0,0,
20201114,RI,42763,,437714,,totalTestEncountersViral,1335759,258,3829,23,,15,,3147,11/16/2020 13:42,2020-11-16T13:42:00Z,11/16 08:42,1257,3829,3147,2020-11-16T13:42:00Z,,54544,1281215,,,,1335759,480477,,,,,,,,,,,44,1234,2313,480477,20376,480477,,3,73,e822376b3a127ef3b224507eff55e5eb5624732e,0,0,0,0,0,
20201113,RI,41529,,435401,,totalTestEncountersViral,1315383,250,3756,27,,14,,3086,11/13/2020 13:00,2020-11-13T13:00:00Z,11/13 08:00,1254,3756,3086,2020-11-13T13:00:00Z,,53264,1262119,,,,1315383,476930,,,,,,,,,,,44,765,1751,476930,14097,476930,,4,55,eab82f1245c43b75631c5686cf1f1ff6d2c69100,0,0,0,0,0,
20201112,RI,40764,,433650,,totalTestEncountersViral,1301286,232,3701,28,,17,,3052,11/12/2020 13:00,2020-11-12T13:00:00Z,11/12 08:00,1250,3701,3052,2020-11-12T13:00:00Z,,52410,1248876,,,,1301286,474414,,,,,,,,,,,44,988,2142,474414,20141,474414,,7,45,d6660a3c3a29b9c5f4086cd50104c14477efda1f,0,0,0,0,0,
20201111,RI,39776,,431508,,totalTestEncountersViral,1281145,220,3656,25,,17,,3020,11/11/2020 12:00,2020-11-11T12:00:00Z,11/11 07:00,1243,3656,3020,2020-11-11T12:00:00Z,,51353,1229792,,,,1281145,471284,,,,,,,,,,,44,978,2429,471284,13870,471284,,6,35,597a9a63bbfcba28adff6e2d63e4b3aac093d3cd,0,0,0,0,0,
20201110,RI,38798,,429079,,totalTestEncountersViral,1267275,218,3621,26,,18,,2989,11/10/2020 12:00,2020-11-10T12:00:00Z,11/10 07:00,1237,3621,2989,2020-11-10T12:00:00Z,,50311,1216964,,,,1267275,467877,,,,,,,,,,,44,789,2057,467877,9636,467877,,4,37,676cd0f7372dec151526c8f514cebe5d8b0de511,0,0,0,0,0,
20201109,RI,38009,,427022,,totalTestEncountersViral,1257639,212,3584,27,,17,,2958,11/9/2020 12:00,2020-11-09T12:00:00Z,11/09 07:00,1233,3584,2958,2020-11-09T12:00:00Z,,49496,1208143,,,,1257639,465031,,,,,,,,,,,44,266,1181,465031,3975,465031,,1,0,1d984c5aa80888fdd38f4ae96c890711824b3e4d,0,0,0,0,0,
20201108,RI,37743,,425841,,totalTestEncountersViral,1253664,212,3584,27,,17,,2958,11/9/2020 13:42,2020-11-09T13:42:00Z,11/09 08:42,1232,3584,2958,2020-11-09T13:42:00Z,,49192,1204472,,,,1253664,463584,,,,,,,,,,,44,568,2501,463584,13840,463584,,1,26,32b4b85a7471a4c91c80a4e151fbc969e682da0d,0,0,0,0,0,
20201107,RI,37175,,423340,,totalTestEncountersViral,1239824,210,3558,25,,16,,2935,11/9/2020 13:42,2020-11-09T13:42:00Z,11/09 08:42,1231,3558,2935,2020-11-09T13:42:00Z,,48588,1191236,,,,1239824,460515,,,,,,,,,,,44,795,6073,460515,21908,460515,,7,70,0fcdc1985b918daca3f86df8a5760920acdf84c2,0,0,0,0,0,
20201106,RI,36380,,417267,,totalTestEncountersViral,1217916,187,3488,21,,12,,2891,11/6/2020 12:00,2020-11-06T12:00:00Z,11/06 07:00,1224,3488,2891,2020-11-06T12:00:00Z,,47775,1170141,,,,1217916,453647,,,,,,,,,,,44,630,2589,453647,17165,453647,,2,16,071a2aeb5b80715887a34c43d1a89bedcd1b3e14,0,0,0,0,0,
20201105,RI,35750,,414678,,totalTestEncountersViral,1200751,182,3472,20,,11,,2881,11/5/2020 12:00,2020-11-05T12:00:00Z,11/05 07:00,1222,3472,2881,2020-11-05T12:00:00Z,,47021,1153730,,,,1200751,450428,,,,,,,,,,,44,628,2779,450428,16392,450428,,8,40,d8b002f67bed89509307eeb3c8ae8c77e77a67f0,0,0,0,0,0,
20201104,RI,35122,,411899,,totalTestEncountersViral,1184359,169,3432,21,,11,,2856,11/4/2020 12:00,2020-11-04T12:00:00Z,11/04 07:00,1214,3432,2856,2020-11-04T12:00:00Z,,46304,1138055,,,,1184359,447021,,,,,,,,,,,44,579,2918,447021,14300,447021,,2,26,c2f64cdb6f159f8fadfb48f561fca55abccc5621,0,0,0,0,0,
20201103,RI,34543,,408981,,totalTestEncountersViral,1170059,177,3406,24,,12,,2825,11/3/2020 12:00,2020-11-03T12:00:00Z,11/03 07:00,1212,3406,2825,2020-11-03T12:00:00Z,,45607,1124452,,,,1170059,443524,,,,,,,,,,,44,423,2475,443524,11672,443524,,2,21,80b2382a5fec436d18b8479096588204651b2296,0,0,0,0,0,
20201102,RI,34120,,406506,,totalTestEncountersViral,1158387,170,3385,22,,9,,2811,11/2/2020 12:00,2020-11-02T12:00:00Z,11/02 07:00,1210,3385,2811,2020-11-02T12:00:00Z,,45170,1113217,,,,1158387,440626,,,,,,,,,,,44,232,1060,440626,4560,440626,,3,0,f1da088349012eb5e8c5394c8852660ccf3fa282,0,0,0,0,0,
20201101,RI,33888,,405446,,totalTestEncountersViral,1153827,170,3385,22,,9,,2811,11/2/2020 12:14,2020-11-02T12:14:00Z,11/02 07:14,1207,3385,2811,2020-11-02T12:14:00Z,,44889,1108938,,,,1153827,439334,,,,,,,,,,,44,480,2293,439334,11900,439334,,3,27,351c10ce20f13eda35bb726963ddfd35f6a91228,0,0,0,0,0,
20201031,RI,33408,,403153,,totalTestEncountersViral,1141927,153,3358,19,,9,,2802,11/2/2020 12:14,2020-11-02T12:14:00Z,11/02 07:14,1204,3358,2802,2020-11-02T12:14:00Z,,44320,1097607,,,,1141927,436561,,,,,,,,,,,44,534,3151,436561,17620,436561,,3,49,90d7a59910a3f3d768ae252546611dc682034e18,0,0,0,0,0,
20201030,RI,32874,,400002,,totalTestEncountersViral,1124307,152,3309,15,,9,,2763,10/30/2020 12:00,2020-10-30T12:00:00Z,10/30 08:00,1201,3309,2763,2020-10-30T12:00:00Z,,43648,1080659,,,,1124307,432876,,,,,,,,,,,44,562,2974,432876,17925,432876,,6,37,ef8e8ec25a5d187c28bb01f42c3a8b22ad0464a6,0,0,0,0,0,
20201029,RI,32312,,397028,,totalTestEncountersViral,1106382,139,3272,16,,9,,2741,10/29/2020 12:00,2020-10-29T12:00:00Z,10/29 08:00,1195,3272,2741,2020-10-29T12:00:00Z,,43038,1063344,,,,1106382,429340,,,,,,,,,,,44,368,2617,429340,14394,429340,,3,16,97608f13d460896a29106c6f84fbcff8709875d2,0,0,0,0,0,
20201028,RI,31944,,394411,,totalTestEncountersViral,1091988,136,3256,18,,8,,2729,10/28/2020 12:00,2020-10-28T12:00:00Z,10/28 08:00,1192,3256,2729,2020-10-28T12:00:00Z,,42535,1049453,,,,1091988,426355,,,,,,,,,,,44,499,2387,426355,14318,426355,,4,27,b5e2767c9b105d921b3dd8521d6f0fd167c2760f,0,0,0,0,0,
20201027,RI,31445,,392024,,totalTestEncountersViral,1077670,168,3229,14,,8,,2672,10/27/2020 12:00,2020-10-27T12:00:00Z,10/27 08:00,1188,3229,2672,2020-10-27T12:00:00Z,,41994,1035676,,,,1077670,423469,,,,,,,,,,,44,421,3156,423469,10528,423469,,4,21,0fec75b27e35016b4381fba2e24bbcaba1b1f5b3,0,0,0,0,0,
20201026,RI,31024,,388868,,totalTestEncountersViral,1067142,163,3208,14,,8,,2658,10/26/2020 12:00,2020-10-26T12:00:00Z,10/26 08:00,1184,3208,2658,2020-10-26T12:00:00Z,,41572,1025570,,,,1067142,419892,,,,,,,,,,,44,167,1305,419892,3925,419892,,1,0,ea2afbe8469e9bbe9455aa6a4bf4f21e8f712df2,0,0,0,0,0,
20201025,RI,30857,,387563,,totalTestEncountersViral,1063217,163,3208,14,,8,,2658,10/26/2020 13:53,2020-10-26T13:53:00Z,10/26 09:53,1183,3208,2658,2020-10-26T13:53:00Z,,41380,1021837,,,,1063217,418420,,,,,,,,,,,44,274,2071,418420,9963,418420,,0,11,13a45abaf1b856af0468ee80bb497f7294b3b031,0,0,0,0,0,
20201024,RI,30583,,385492,,totalTestEncountersViral,1053254,163,3197,15,,9,,2647,10/26/2020 13:53,2020-10-26T13:53:00Z,10/26 09:53,1183,3197,2647,2020-10-26T13:53:00Z,,41054,1012200,,,,1053254,416075,,,,,,,,,,,44,465,2760,416075,18682,416075,,6,71,376bbc01fd04e1f42beaeb95237b48831045351d,0,0,0,0,0,
20201023,RI,30118,,382732,,totalTestEncountersViral,1034572,140,3126,13,,9,,2602,10/23/2020 12:00,2020-10-23T12:00:00Z,10/23 08:00,1177,3126,2602,2020-10-23T12:00:00Z,,40550,994022,,,,1034572,412850,,,,,,,,,,,44,524,4024,412850,18852,412850,,4,10,bc4b07f4f0f5fdc820489abd67ee05d84663e40e,0,0,0,0,0,
20201022,RI,29594,,378708,,totalTestEncountersViral,1015720,140,3116,13,,8,,2595,10/22/2020 12:00,2020-10-22T12:00:00Z,10/22 08:00,1173,3116,2595,2020-10-22T12:00:00Z,,39816,975904,,,,1015720,408302,,,,,,,,,,,44,471,3151,408302,17160,408302,,4,25,e2424fa5b5c26ed109900251de0dad5b4f661a99,0,0,0,0,0,
20201021,RI,29123,,375557,,totalTestEncountersViral,998560,130,3091,14,,6,,2580,10/21/2020 12:00,2020-10-21T12:00:00Z,10/21 08:00,1169,3091,2580,2020-10-21T12:00:00Z,,39324,959236,,,,998560,404680,,,,,,,,,,,44,474,3151,404680,13240,404680,,5,19,3f6ca35fa46f8da27c044b4c948ae5bc1ec9ebd5,0,0,0,0,0,
20201020,RI,28649,,372406,,totalTestEncountersViral,985320,135,3072,16,,6,,2558,10/20/2020 12:00,2020-10-20T12:00:00Z,10/20 08:00,1164,3072,2558,2020-10-20T12:00:00Z,,38826,946494,,,,985320,401055,,,,,,,,,,,44,302,1427,401055,7409,401055,,5,22,ca011a92ce0cd4af99a0487faeb3e13b4a7173ae,0,0,0,0,0,
20201019,RI,28347,,370979,,totalTestEncountersViral,977911,124,3050,16,,4,,2546,10/19/2020 12:00,2020-10-19T12:00:00Z,10/19 08:00,1159,3050,2546,2020-10-19T12:00:00Z,,38619,939292,,,,977911,399326,,,,,,,,,,,44,85,1017,399326,2927,399326,,1,0,7e22eded834827f1dd57f49d66e89a6a14eb8c44,0,0,0,0,0,
20201018,RI,28262,,369962,,totalTestEncountersViral,974984,124,3050,16,,4,,2546,10/19/2020 12:08,2020-10-19T12:08:00Z,10/19 08:08,1158,3050,2546,2020-10-19T12:08:00Z,,38515,936469,,,,974984,398224,,,,,,,,,,,44,284,3166,398224,13977,398224,,0,11,c0409c2b7a14fdcb933b2b88ceadc70bf6127367,0,0,0,0,0,
20201017,RI,27978,,366796,,totalTestEncountersViral,961007,125,3039,13,,4,,2535,10/19/2020 12:08,2020-10-19T12:08:00Z,10/19 08:08,1158,3039,2535,2020-10-19T12:08:00Z,,38180,922827,,,,961007,394774,,,,,,,,,,,44,287,4310,394774,25384,394774,,6,24,fe7facc435c5b514df4e19f4122cd98a648444c8,0,0,0,0,0,
20201016,RI,27691,,362486,,totalTestEncountersViral,935623,137,3015,14,,5,,2501,10/16/2020 12:00,2020-10-16T12:00:00Z,10/16 08:00,1152,3015,2501,2020-10-16T12:00:00Z,,37843,897780,,,,935623,390177,,,,,,,,,,,44,253,3148,390177,8439,390177,,3,16,1febb34e638d281338a65ff6cb831d195608f9a4,0,0,0,0,0,
20201015,RI,27438,,359338,,totalTestEncountersViral,927184,129,2999,12,,5,,2493,10/15/2020 12:00,2020-10-15T12:00:00Z,10/15 08:00,1149,2999,2493,2020-10-15T12:00:00Z,,37600,889584,,,,927184,386776,,,,,,,,,,,44,274,3439,386776,14925,386776,,2,15,4994c98e8847d5f2789dd80c756529e87c6f127e,0,0,0,0,0,
20201014,RI,27164,,355899,,totalTestEncountersViral,912259,131,2984,13,,4,,2481,10/14/2020 12:00,2020-10-14T12:00:00Z,10/14 08:00,1147,2984,2481,2020-10-14T12:00:00Z,,37306,874953,,,,912259,383063,,,,,,,,,,,44,204,2165,383063,6610,383063,,8,23,336e24ae4fc09e4d74ce8a0cc82d10e2e7ea2e4d,0,0,0,0,0,
20201013,RI,26960,,353734,,totalTestEncountersViral,905649,126,2961,13,,4,,2463,10/13/2020 12:00,2020-10-13T12:00:00Z,10/13 08:00,1139,2961,2463,2020-10-13T12:00:00Z,,37099,868550,,,,905649,380694,,,,,,,,,,,44,129,1465,380694,5855,380694,,2,0,51900303c70b7030b4228815c8ecb7f2bba446f9,0,0,0,0,0,
20201012,RI,26831,,352269,,totalTestEncountersViral,899794,126,2961,13,,4,,2463,10/12/2020 00:00,2020-10-12T00:00:00Z,10/11 20:00,1137,2961,2463,2020-10-12T00:00:00Z,,36959,862835,,,,899794,379100,,,,,,,,,,,44,81,1169,379100,3344,379100,,3,11,f35793c514e5e5e4c1ed0ed4839953984f76d236,0,0,0,0,0,
20201011,RI,26750,,351100,,totalTestEncountersViral,896450,125,2950,13,,5,,2455,10/11/2020 00:00,2020-10-11T00:00:00Z,10/10 20:00,1134,2950,2455,2020-10-11T00:00:00Z,,36865,859585,,,,896450,377850,,,,,,,,,,,44,170,3829,377850,13700,377850,,2,16,e3b373010a65581d2b82bca63bd0b1e93dbc37a5,0,0,0,0,0,
20201010,RI,26580,,347271,,totalTestEncountersViral,882750,119,2934,12,,5,,2446,10/10/2020 00:00,2020-10-10T00:00:00Z,10/09 20:00,1132,2934,2446,2020-10-10T00:00:00Z,,36635,846115,,,,882750,373851,,,,,,,,,,,44,286,5504,373851,18112,373851,,2,32,f2e31f9201c56e608b944dee3257617e91ff21fc,0,0,0,0,0,
20201009,RI,26294,,341767,,totalTestEncountersViral,864638,112,2902,10,,6,,2422,10/9/2020 12:00,2020-10-09T12:00:00Z,10/09 08:00,1130,2902,2422,2020-10-09T12:00:00Z,,36345,828293,,,,864638,368061,,,,,,,,,,,44,249,3498,368061,5209,368061,,3,13,bea69bb055d765b8ba5f8d085095d20dc1e65b36,0,0,0,0,0,
20201008,RI,26045,,338269,,totalTestEncountersViral,859429,117,2889,12,,6,,2408,10/8/2020 12:00,2020-10-08T12:00:00Z,10/08 08:00,1127,2889,2408,2020-10-08T12:00:00Z,,36145,823284,,,,859429,364314,,,,,,,,,,,44,269,6695,364314,20947,364314,,1,16,522ae6a1415aeed8aba3b0a4faf3930aefd55464,0,0,0,0,0,
20201007,RI,25776,,331574,,totalTestEncountersViral,838482,107,2873,10,,5,,2402,10/7/2020 12:00,2020-10-07T12:00:00Z,10/07 08:00,1126,2873,2402,2020-10-07T12:00:00Z,,35867,802615,,,,838482,357350,,,,,,,,,,,44,180,3089,357350,10468,357350,,1,24,6818c0aa781897a2f0e5078902dcdec3c4920693,0,0,0,0,0,
20201006,RI,25596,,328485,,totalTestEncountersViral,828014,93,2849,8,,4,,2393,10/6/2020 12:00,2020-10-06T12:00:00Z,10/06 08:00,1125,2849,2393,2020-10-06T12:00:00Z,,35665,792349,,,,828014,354081,,,,,,,,,,,44,177,2643,354081,7709,354081,,4,14,d752eb512d742c07ea77438b66db4a19fec335c4,0,0,0,0,0,
20201005,RI,25419,,325842,,totalTestEncountersViral,820305,92,2835,7,,4,,2381,10/5/2020 12:00,2020-10-05T12:00:00Z,10/05 08:00,1121,2835,2381,2020-10-05T12:00:00Z,,35503,784802,,,,820305,351261,,,,,,,,,,,44,50,641,351261,1553,351261,,1,0,0a23d020267183f108ae1f3077584ee80649bfd1,0,0,0,0,0,
20201004,RI,25369,,325201,,totalTestEncountersViral,818752,92,2835,7,,4,,2381,10/5/2020 12:00,2020-10-05T12:00:00Z,10/05 08:00,1120,2835,2381,2020-10-05T12:00:00Z,,35441,783311,,,,818752,350570,,,,,,,,,,,44,124,1833,350570,8801,350570,,1,7,7591626965905afc4a1be9deb559d813b0451253,0,0,0,0,0,
20201003,RI,25245,,323368,,totalTestEncountersViral,809951,94,2828,6,,4,,2374,10/5/2020 12:00,2020-10-05T12:00:00Z,10/05 08:00,1119,2828,2374,2020-10-05T12:00:00Z,,35295,774656,,,,809951,348613,,,,,,,,,,,44,169,2535,348613,12937,348613,,1,28,d2b80d4c0d2972c92382661efb0a72d82edea96a,0,0,0,0,0,
20201002,RI,25076,,320833,,totalTestEncountersViral,797014,96,2800,7,,7,,2346,10/2/2020 12:00,2020-10-02T12:00:00Z,10/02 08:00,1118,2800,2346,2020-10-02T12:00:00Z,,35077,761937,,,,797014,345909,,,,,,,,,,,44,162,2248,345909,10814,345909,,1,7,2f0149d7114cad0dbab19141d961d5e6758eb0ff,0,0,0,0,0,
20201001,RI,24914,,318585,,totalTestEncountersViral,786200,94,2793,6,,7,,2342,10/1/2020 12:00,2020-10-01T12:00:00Z,10/01 08:00,1117,2793,2342,2020-10-01T12:00:00Z,,34906,751294,,,,786200,343499,,,,,,,,,,,44,166,2732,343499,16378,343499,,3,11,a3176ce6b8ee8ffd8dfd6176c17f7b886e1cb05d,0,0,0,0,0,
20200930,RI,24748,,315853,,totalTestEncountersViral,769822,103,2782,7,,6,,2322,9/30/2020 12:00,2020-09-30T12:00:00Z,09/30 08:00,1114,2782,2322,2020-09-30T12:00:00Z,,34686,735136,,,,769822,340601,,,,,,,,,,,44,192,2511,340601,9594,340601,,1,8,79b7ad8ec78126d008bb34b6ddb8576433a487fe,0,0,0,0,0,
20200929,RI,24556,,313342,,totalTestEncountersViral,760228,103,2774,8,,5,,2316,9/29/2020 12:00,2020-09-29T12:00:00Z,09/29 08:00,1113,2774,2316,2020-09-29T12:00:00Z,,34779,725449,,,,760228,337898,,,,,,,,,,,44,132,2082,337898,7072,337898,,3,49,bf50f77e99de1719ac52d07cdd758b642e6f2608,0,0,0,0,0,
20200928,RI,24424,,311260,,totalTestEncountersViral,753156,94,2725,8,,4,,2278,9/28/2020 12:00,2020-09-28T12:00:00Z,09/28 08:00,1110,2725,2278,2020-09-28T12:00:00Z,,34601,718555,,,,753156,335684,,,,,,,,,,,44,26,538,335684,2008,335684,,0,0,d3cd83a74bfe826966f57b8df6d0e083768a4dc3,0,0,0,0,0,
20200927,RI,24398,,310722,,totalTestEncountersViral,751148,94,2725,8,,4,,2278,9/27/2020 12:00,2020-09-27T12:00:00Z,09/27 08:00,1110,2725,2278,2020-09-27T12:00:00Z,,34564,716584,,,,751148,335120,,,,,,,,,,,44,114,1858,335120,9185,335120,,0,0,5b044723633e4629b76126fb84f1a3c0338f49c8,0,0,0,0,0,
20200926,RI,24284,,308864,,totalTestEncountersViral,741963,94,2725,8,,4,,2278,9/26/2020 12:00,2020-09-26T12:00:00Z,09/26 08:00,1110,2725,2278,2020-09-26T12:00:00Z,,34451,707512,,,,741963,333148,,,,,,,,,,,44,103,3011,333148,14494,333148,,3,0,9a54198334f7260dbf812a6eeac9e6c5a4ed2143,0,0,0,0,0,
20200925,RI,24181,,305853,,totalTestEncountersViral,727469,94,2725,8,,4,,2278,9/25/2020 12:00,2020-09-25T12:00:00Z,09/25 08:00,1107,2725,2278,2020-09-25T12:00:00Z,,34299,693170,,,,727469,330034,,,,,,,,,,,44,-130,2581,330034,10422,330034,,1,0,244cbec076b6b2fd9b16e73a7da1f632a790613a,0,0,0,0,0,
20200924,RI,24311,,303272,,totalTestEncountersViral,717047,94,2725,8,,4,,2278,9/24/2020 12:00,2020-09-24T12:00:00Z,09/24 08:00,1106,2725,2278,2020-09-24T12:00:00Z,,34111,682936,,,,717047,327583,,,,,,,,,,,44,134,2329,327583,10469,327583,,4,12,c369c2face626c5bf73d76fb5bc4b837bb559c38,0,0,0,0,0,
20200923,RI,24177,,300943,,totalTestEncountersViral,706578,86,2713,9,,5,,2275,9/23/2020 12:00,2020-09-23T12:00:00Z,09/23 08:00,1102,2713,2275,2020-09-23T12:00:00Z,,33952,672626,,,,706578,325120,,,,,,,,,,,44,133,2596,325120,9770,325120,,3,9,87a3c251cf257f415b159bab4add9c046f1f9237,0,0,0,0,0,
20200922,RI,24044,,298347,,totalTestEncountersViral,696808,82,2704,10,,7,,2272,9/22/2020 12:00,2020-09-22T12:00:00Z,09/22 08:00,1099,2704,2272,2020-09-22T12:00:00Z,,33791,663017,,,,696808,322391,,,,,,,,,,,44,112,1713,322391,6527,322391,,2,11,89fa8410c08284d80a0fceb912a3e5df3b86d850,0,0,0,0,0,
20200921,RI,23932,,296634,,totalTestEncountersViral,690281,78,2693,10,,4,,2268,9/21/2020 12:00,2020-09-21T12:00:00Z,09/21 08:00,1097,2693,2268,2020-09-21T12:00:00Z,,33671,656610,,,,690281,320566,,,,,,,,,,,44,52,711,320566,2136,320566,,3,0,0facfdc77ca38b074104e6d2e8a5b68713ad1ea3,0,0,0,0,0,
20200920,RI,23880,,295923,,totalTestEncountersViral,688145,78,2693,10,,4,,2268,9/20/2020 12:00,2020-09-20T12:00:00Z,09/20 08:00,1094,2693,2268,2020-09-20T12:00:00Z,,33607,654538,,,,688145,319803,,,,,,,,,,,44,82,1705,319803,8291,319803,,3,6,c08ca3dc9ee24dff7d075496ec42a246ba9ec210,0,0,0,0,0,
20200919,RI,23798,,294218,,totalTestEncountersViral,679854,75,2687,11,,4,,2265,9/19/2020 12:00,2020-09-19T12:00:00Z,09/19 08:00,1091,2687,2265,2020-09-19T12:00:00Z,,33449,646405,,,,679854,318016,,,,,,,,,,,44,178,2283,318016,4746,318016,,3,12,8f1ca8fa0e4b46f7001fc741f7b8838827b80fc5,0,0,0,0,0,
20200918,RI,23620,,291935,,totalTestEncountersViral,675108,85,2675,7,,6,,2244,9/18/2020 12:00,2020-09-18T12:00:00Z,09/18 08:00,1088,2675,2244,2020-09-18T12:00:00Z,,33476,641632,,,,675108,315555,,,,,,,,,,,44,132,2148,315555,9182,315555,,3,7,99fbb130e04e8dd62284d72ce03fe823e8b27d77,0,0,0,0,0,
20200917,RI,23488,,289787,,totalTestEncountersViral,665926,88,2668,9,,5,,2236,9/17/2020 12:00,2020-09-17T12:00:00Z,09/17 08:00,1085,2668,2236,2020-09-17T12:00:00Z,,33335,632591,,,,665926,313275,,,,,,,,,,,44,130,1801,313275,11823,313275,,4,6,dbb601f2b7e074238161b192bdea63c836c19d52,0,0,0,0,0,
20200916,RI,23358,,287986,,totalTestEncountersViral,654103,84,2662,9,,5,,2235,9/16/2020 12:00,2020-09-16T12:00:00Z,09/16 08:00,1081,2662,2235,2020-09-16T12:00:00Z,,33159,620944,,,,654103,311344,,,,,,,,,,,44,108,1195,311344,11536,311344,,3,12,1551b106e13be594d367832aec5fc4284bd59fed,0,0,0,0,0,
20200915,RI,23250,,286791,,totalTestEncountersViral,642567,81,2650,9,,5,,2228,9/15/2020 12:00,2020-09-15T12:00:00Z,09/15 08:00,1078,2650,2228,2020-09-15T12:00:00Z,,32820,609747,,,,642567,310041,,,,,,,,,,,44,120,1724,310041,6849,310041,,3,6,dca3e5e16b0a189be10eca1544cb8bf5367e7f03,0,0,0,0,0,
20200914,RI,23130,,285067,,totalTestEncountersViral,635718,80,2644,7,,4,,2223,9/14/2020 12:00,2020-09-14T12:00:00Z,09/14 08:00,1075,2644,2223,2020-09-14T12:00:00Z,,32706,603012,,,,635718,308197,,,,,,,,,,,44,32,682,308197,2208,308197,,0,0,e53c0c2e65a98cd59e7610ae4503e4612fefe8fe,0,0,0,0,0,
20200913,RI,23098,,284385,,totalTestEncountersViral,633510,80,2644,7,,4,,2223,9/12/2020 12:00,2020-09-12T12:00:00Z,09/12 08:00,1075,2644,2223,2020-09-12T12:00:00Z,,32660,600850,,,,633510,307483,,,,,,,,,,,44,99,1248,307483,5419,307483,,3,5,797f081cd13b553913c210f9c9598bde71f1498d,0,0,0,0,0,
20200912,RI,22999,,283137,,totalTestEncountersViral,628091,80,2639,8,,4,,2220,9/11/2020 12:00,2020-09-11T12:00:00Z,09/11 08:00,1072,2639,2220,2020-09-11T12:00:00Z,,32558,595533,,,,628091,306136,,,,,,,,,,,44,94,3019,306136,12408,306136,,1,19,b9d3cef1a2214b067852136e6ad8badfdf2d70df,0,0,0,0,0,
20200911,RI,22905,,280118,,totalTestEncountersViral,615683,80,2620,8,,3,,2201,9/11/2020 12:00,2020-09-11T12:00:00Z,09/11 08:00,1071,2620,2201,2020-09-11T12:00:00Z,,32589,583094,,,,615683,303023,,,,,,,,,,,44,123,1587,303023,8777,303023,,4,9,3f018c1833ebb26b15821232348cd8be8cb2575f,0,0,0,0,0,
20200910,RI,22782,,278531,,totalTestEncountersViral,606906,76,2611,5,,3,,2197,9/10/2020 12:00,2020-09-10T12:00:00Z,09/10 08:00,1067,2611,2197,2020-09-10T12:00:00Z,,32425,574481,,,,606906,301313,,,,,,,,,,,44,106,2193,301313,8589,301313,,5,7,346b0c84a11b866a4068f1811e8268b539173737,0,0,0,0,0,
20200909,RI,22676,,276338,,totalTestEncountersViral,598317,82,2604,4,,3,,2185,9/9/2020 12:00,2020-09-09T12:00:00Z,09/09 08:00,1062,2604,2185,2020-09-09T12:00:00Z,,32303,566014,,,,598317,299014,,,,,,,,,,,44,84,7491,299014,15705,299014,,3,15,0c6ffa3212e4923c04be07f42d72aec4bffe5b67,0,0,0,0,0,
20200908,RI,22592,,268847,,totalTestEncountersViral,582612,73,2589,5,,3,,2179,9/8/2020 12:00,2020-09-08T12:00:00Z,09/08 08:00,1059,2589,2179,2020-09-08T12:00:00Z,,31815,550797,,,,582612,291439,,,,,,,,,,,44,20,390,291439,1438,291439,,0,0,f9cc8ddf3ae6e491c870dabdd4721d676a08676b,0,0,0,0,0,
20200907,RI,22572,,268457,,totalTestEncountersViral,581174,73,2589,5,,3,,2179,9/7/2020 12:00,2020-09-07T12:00:00Z,09/07 08:00,1059,2589,2179,2020-09-07T12:00:00Z,,31786,549388,,,,581174,291029,,,,,,,,,,,44,53,1768,291029,4011,291029,,1,2,b8e634b8bc73a1e54ea313dcb9bebe5fe73ad24a,0,0,0,0,0,
20200906,RI,22519,,266689,,totalTestEncountersViral,577163,79,2587,7,,3,,2172,9/7/2020 12:00,2020-09-07T12:00:00Z,09/07 08:00,1058,2587,2172,2020-09-07T12:00:00Z,,31715,545448,,,,577163,289208,,,,,,,,,,,44,35,1486,289208,6234,289208,,0,6,f846cc2b629edefb0e766755d634fbb32d4069b9,0,0,0,0,0,
20200905,RI,22484,,265203,,totalTestEncountersViral,570929,82,2581,9,,4,,2163,9/7/2020 12:00,2020-09-07T12:00:00Z,09/07 08:00,1058,2581,2163,2020-09-07T12:00:00Z,,31667,539262,,,,570929,287687,,,,,,,,,,,44,241,3440,287687,13407,287687,,3,22,8db3462814a7c3bf0ca9eb24b214450a867d50c1,0,0,0,0,0,
20200904,RI,22243,,261763,,totalTestEncountersViral,557522,76,2559,8,,4,,2147,9/4/2020 12:00,2020-09-04T12:00:00Z,09/04 08:00,1055,2559,2147,2020-09-04T12:00:00Z,,31547,525975,,,,557522,284006,,,,,,,,,,,44,100,2273,284006,9929,284006,,0,19,4df607cee60b40fa218507c1a23b953778f557df,0,0,0,0,0,
20200903,RI,22143,,259490,,totalTestEncountersViral,547593,68,2540,7,,4,,2137,9/3/2020 12:00,2020-09-03T12:00:00Z,09/03 08:00,1055,2540,2137,2020-09-03T12:00:00Z,,31447,516146,,,,547593,281633,,,,,,,,,,,44,65,2927,281633,11454,281633,,4,-2,80ce68ea5d18c74e0ffa6f8c164f5f3eab719691,0,0,0,0,0,
20200902,RI,22078,,256563,,totalTestEncountersViral,536139,78,2542,8,,4,,2130,9/2/2020 12:00,2020-09-02T12:00:00Z,09/02 08:00,1051,2542,2130,2020-09-02T12:00:00Z,,31362,504777,,,,536139,278641,,,,,,,,,,,44,76,2083,278641,5651,278641,,1,14,f7ee9e5853c057541bd808d1b3e4c3573ec0a414,0,0,0,0,0,
20200901,RI,22002,,254480,,totalTestEncountersViral,530488,81,2528,8,,5,,2113,9/1/2020 12:00,2020-09-01T12:00:00Z,09/01 08:00,1050,2528,2113,2020-09-01T12:00:00Z,,31281,499207,,,,530488,276482,,,,,,,,,,,44,53,2532,276482,6074,276482,,2,9,0ed21de5c1875ec4f559479ef1e0d34d4492e207,0,0,0,0,0,
20200831,RI,21949,,251948,,totalTestEncountersViral,524414,77,2519,9,,5,,2108,8/31/2020 12:00,2020-08-31T12:00:00Z,08/31 08:00,1048,2519,2108,2020-08-31T12:00:00Z,,31198,493216,,,,524414,273897,,,,,,,,,,,44,46,1835,273897,3936,273897,,1,0,014e7e37813a06583ea34f6623b92ef035ac098b,0,0,0,0,0,
20200830,RI,21903,,250113,,totalTestEncountersViral,520478,77,2519,9,,5,,2108,8/30/2020 12:00,2020-08-30T12:00:00Z,08/30 08:00,1047,2519,2108,2020-08-30T12:00:00Z,,31135,489343,,,,520478,272016,,,,,,,,,,,44,46,1759,272016,5336,272016,,0,5,81bb433d5aae64244253c4b3dd981f0a21570662,0,0,0,0,0,
20200829,RI,21857,,248354,,totalTestEncountersViral,515142,80,2514,8,,6,,2101,8/29/2020 12:00,2020-08-29T12:00:00Z,08/29 08:00,1047,2514,2101,2020-08-29T12:00:00Z,,31071,484071,,,,515142,270211,,,,,,,,,,,44,174,3246,270211,10238,270211,,1,18,6e75df8f0487a950ba6ceb49165ca687e78a172a,0,0,0,0,0,
20200828,RI,21683,,245108,,totalTestEncountersViral,504904,81,2496,8,,4,,2084,8/28/2020 12:00,2020-08-28T12:00:00Z,08/28 08:00,1046,2496,2084,2020-08-28T12:00:00Z,,30953,473951,,,,504904,266791,,,,,,,,,,,44,94,3284,266791,9329,266791,,2,11,f24150b83ba8cb424c3c729054ad30c550730554,0,0,0,0,0,
20200827,RI,21589,,241824,,totalTestEncountersViral,495575,82,2485,10,,3,,2073,8/27/2020 12:00,2020-08-27T12:00:00Z,08/27 08:00,1044,2485,2073,2020-08-27T12:00:00Z,,30872,464703,,,,495575,263413,,,,,,,,,,,44,135,3648,263413,10549,263413,,3,7,3fe133267d8edcdb8a58a0fbf8046b8011960ecc,0,0,0,0,0,
20200826,RI,21454,,238176,,totalTestEncountersViral,485026,80,2478,11,,4,,2069,8/26/2020 12:00,2020-08-26T12:00:00Z,08/26 08:00,1041,2478,2069,2020-08-26T12:00:00Z,,30697,454329,,,,485026,259630,,,,,,,,,,,44,82,1759,259630,5643,259630,,2,4,0e7d349e430f8692e2468c2d720ffe3eeffe0c0e,0,0,0,0,0,
20200825,RI,21372,,236417,,totalTestEncountersViral,479383,87,2474,11,,2,,2059,8/25/2020 12:00,2020-08-25T12:00:00Z,08/25 08:00,1039,2474,2059,2020-08-25T12:00:00Z,,30440,448943,,,,479383,257789,,,,,,,,,,,44,70,3045,257789,5713,257789,,4,14,7222c1c30a926eb6867e326249fc2998df935360,0,0,0,0,0,
20200824,RI,21302,,233372,,totalTestEncountersViral,473670,80,2460,11,,4,,2052,8/24/2020 12:00,2020-08-24T12:00:00Z,08/24 08:00,1035,2460,2052,2020-08-24T12:00:00Z,,30345,443325,,,,473670,254674,,,,,,,,,,,44,39,2064,254674,3508,254674,,0,0,27d258a32b0494af897047f9f2745b9a2565c3bd,0,0,0,0,0,
20200823,RI,21263,,231308,,totalTestEncountersViral,470162,80,2460,11,,4,,2052,8/23/2020 12:00,2020-08-23T12:00:00Z,08/23 08:00,1035,2460,2052,2020-08-23T12:00:00Z,,30300,439862,,,,470162,252571,,,,,,,,,,,44,88,2357,252571,5490,252571,,0,5,8ae2fdae056cba5be814ff72c5b2ae139df2f843,0,0,0,0,0,
20200822,RI,21175,,228951,,totalTestEncountersViral,464672,87,2455,9,,4,,2040,8/22/2020 12:00,2020-08-22T12:00:00Z,08/22 08:00,1035,2455,2040,2020-08-22T12:00:00Z,,30211,434461,,,,464672,250126,,,,,,,,,,,44,153,4119,250126,9695,250126,,5,17,7fec4b83cea87e4efbdb7bcd648ce56842b8865c,0,0,0,0,0,
20200821,RI,21022,,224832,,totalTestEncountersViral,454977,81,2438,9,,5,,2031,8/21/2020 12:00,2020-08-21T12:00:00Z,08/21 08:00,1030,2438,2031,2020-08-21T12:00:00Z,,30022,424955,,,,454977,245854,,,,,,,,,,,44,151,5940,245854,10403,245854,,2,7,bda864a2876d106a2c26e384f8d5da19edc9fda2,0,0,0,0,0,
20200820,RI,20871,,218892,,totalTestEncountersViral,444574,84,2431,8,,4,,2021,8/20/2020 12:00,2020-08-20T12:00:00Z,08/20 08:00,1028,2431,2021,2020-08-20T12:00:00Z,,29831,414743,,,,444574,239763,,,,,,,,,,,44,76,-18627,239763,4447,239763,,1,12,d50a20b8f89a6c81bc6a5960f64050c6e8d0bcdf,0,0,0,0,0,
20200819,RI,20795,,237519,,totalTestEncountersViral,440127,82,2419,8,,5,,2013,8/19/2020 12:00,2020-08-19T12:00:00Z,08/19 08:00,1027,2419,2013,2020-08-19T12:00:00Z,,29738,410389,,,,440127,258314,,,,,,,,,,,44,103,22048,258314,3936,258314,,3,14,428d94977a90f84985e6e116c4c4697e9980c597,0,0,0,0,0,
20200818,RI,20692,,215471,,totalTestEncountersViral,436191,78,2405,8,,4,,2004,8/18/2020 12:00,2020-08-18T12:00:00Z,08/18 08:00,1024,2405,2004,2020-08-18T12:00:00Z,,29522,406669,,,,436191,236163,,,,,,,,,,,44,120,2221,236163,5186,236163,,1,25,af196ba3159ffcbf649d9927cd91666d5f45e557,0,0,0,0,0,
20200817,RI,20572,,213250,,totalTestEncountersViral,431005,80,2380,11,,3,,1982,8/17/2020 12:00,2020-08-17T12:00:00Z,08/17 08:00,1023,2380,1982,2020-08-17T12:00:00Z,,29317,401688,,,,431005,233822,,,,,,,,,,,44,58,686,233822,2028,233822,,1,0,e6864d85c036ec715cfc27d5b2c85c6c9303531b,0,0,0,0,0,
20200816,RI,20514,,212564,,totalTestEncountersViral,428977,80,2380,11,,3,,1982,8/16/2020 12:00,2020-08-16T12:00:00Z,08/16 08:00,1022,2380,1982,2020-08-16T12:00:00Z,,29246,399731,,,,428977,233078,,,,,,,,,,,44,75,1237,233078,3662,233078,,0,5,429b6bc93c9c9f74c4988b1a415a396464087115,0,0,0,0,0,
20200815,RI,20439,,211327,,totalTestEncountersViral,425315,85,2375,11,,2,,1972,8/15/2020 12:00,2020-08-15T12:00:00Z,08/15 08:00,1022,2375,1972,2020-08-15T12:00:00Z,,29154,396161,,,,425315,231766,,,,,,,,,,,44,104,1797,231766,4582,231766,,1,25,1c4810dac57f0f8159f11c459f6f6fcda0c62b4f,0,0,0,0,0,
20200814,RI,20335,,209530,,totalTestEncountersViral,420733,79,2350,8,,3,,1953,8/14/2020 12:00,2020-08-14T12:00:00Z,08/14 08:00,1021,2350,1953,2020-08-14T12:00:00Z,,29007,390466,,,,420733,229865,,,,,,,,,,,44,95,1296,229865,4530,229865,,2,9,7ce6b6d6e1f8be2039267d0b5650aaefec56751a,0,0,0,0,0,
20200813,RI,20240,,208234,,totalTestEncountersViral,416203,80,2341,10,,4,,1943,8/13/2020 12:00,2020-08-13T12:00:00Z,08/13 08:00,1019,2341,1943,2020-08-13T12:00:00Z,,28909,387294,,,,416203,228474,,,,,,,,,,,44,111,2230,228474,4154,228474,,1,5,10a3a693444ec08d3ae6d8fd7ae8e5b7e8b1b9a2,0,0,0,0,0,
20200812,RI,20129,,206004,,totalTestEncountersViral,412049,89,2336,9,,3,,1929,8/12/2020 12:00,2020-08-12T12:00:00Z,08/12 08:00,1018,2336,1929,2020-08-12T12:00:00Z,,28776,382951,,,,412049,226133,,,,,,,,,,,44,76,1887,226133,3975,226133,,2,19,477029fe6cd4087d331bb9900ba7b3782d25913f,0,0,0,0,0,
20200811,RI,20053,,204117,,totalTestEncountersViral,408074,88,2317,9,,2,,1911,8/11/2020 12:00,2020-08-11T12:00:00Z,08/11 08:00,1016,2317,1911,2020-08-11T12:00:00Z,409435,28836,380599,,,,408074,224170,,,,,,,,,,,44,119,1704,224170,4142,224170,,1,6,a18013279447896c6bc4d9a04c2b2016856b35ef,0,0,0,0,0,
20200810,RI,19934,,202413,,totalTestEncountersViral,403932,93,2311,8,,2,,1900,8/10/2020 12:00,2020-08-10T12:00:00Z,08/10 08:00,1015,2311,1900,2020-08-10T12:00:00Z,405152,28707,376445,,,,403932,222347,,,,,,,,,,,44,28,829,222347,1557,222347,,0,0,0cd3bbe2a30fcb5344df76661d323517f367a20b,0,0,0,0,0,
20200809,RI,19906,,201584,,totalTestEncountersViral,402375,93,2311,8,,2,,1900,8/9/2020 12:00,2020-08-09T12:00:00Z,08/09 08:00,1015,2311,1900,2020-08-09T12:00:00Z,403746,28674,375072,,,,402375,221490,,,,,,,,,,,44,74,1451,221490,3399,221490,,0,17,d0a4f5b7e02b17932d566e1e5e263493da9dc176,0,0,0,0,0,
20200808,RI,19832,,200133,,totalTestEncountersViral,398976,82,2294,9,,2,,1895,8/8/2020 12:00,2020-08-08T12:00:00Z,08/08 08:00,1015,2294,1895,2020-08-08T12:00:00Z,400407,28576,371831,,,,398976,219965,,,,,,,,,,,44,94,1898,219965,4227,219965,,1,18,84586e7d14af8c2bd574ea92f03ca25725c5f766,0,0,0,0,0,
20200807,RI,19738,,198235,,totalTestEncountersViral,394749,84,2276,10,,4,,1876,8/7/2020 12:00,2020-08-07T12:00:00Z,08/07 08:00,1014,2276,1876,2020-08-07T12:00:00Z,395798,28471,367327,,,,394749,217973,,,,,,,,,,,44,127,2123,217973,4780,217973,,0,12,3a723f6a75478e82d6a77553023a5f683bf53623,0,0,0,0,0,
20200806,RI,19611,,196112,,totalTestEncountersViral,389969,83,2264,11,,4,,1866,8/6/2020 12:00,2020-08-06T12:00:00Z,08/06 08:00,1014,2264,1866,2020-08-06T12:00:00Z,390478,28299,362179,,,,389969,215723,,,,,,,,,,,44,130,2058,215723,5482,215723,,2,16,b18c059370fc90e469f86d6946c83abd84bb1443,0,0,0,0,0,
20200805,RI,19481,,194054,,totalTestEncountersViral,384487,79,2248,14,,5,,1855,8/5/2020 12:00,2020-08-05T12:00:00Z,08/05 08:00,1012,2248,1855,2020-08-05T12:00:00Z,384902,28145,356757,,,,384487,213535,,,,,,,,,,,44,91,1491,213535,3514,213535,,1,6,e0c2f8f6643c0612e8be8c9a5b26710f576bf41a,0,0,0,0,0,
20200804,RI,19390,,192563,,totalTestEncountersViral,380973,80,2242,14,,6,,1848,8/4/2020 12:00,2020-08-04T12:00:00Z,08/04 08:00,1011,2242,1848,2020-08-04T12:00:00Z,381478,28029,353449,,,,380973,211953,,,,,,,,,,,44,144,1743,211953,4964,211953,,1,11,5b32d59f20096a1b000acecfa6711674239236c5,0,0,0,0,0,
20200803,RI,19246,,190820,,totalTestEncountersViral,376009,80,2231,14,,5,,1838,8/3/2020 12:00,2020-08-03T12:00:00Z,08/03 08:00,1010,2231,1838,2020-08-03T12:00:00Z,376671,27878,348793,,,,376009,210066,,,,,,,,,,,44,224,3826,210066,2733,210066,,3,20,0a60ce6ec4d62acb6c2385d30dd3d5c0cb3fcd66,0,0,0,0,0,
20200802,RI,19022,,186994,,totalTestEncountersViral,373276,76,2211,15,,5,,1823,7/31/2020 12:00,2020-07-31T12:00:00Z,07/31 08:00,1007,2211,1823,2020-07-31T12:00:00Z,365066,27600,337466,,,,373276,206016,,,,,,,,,,,44,0,0,206016,3974,206016,,0,0,f30e49ad958f968afc06f4d8b4b8ab1817717aa0,0,0,0,0,0,
20200801,RI,19022,,186994,,totalTestEncountersViral,369302,76,2211,15,,5,,1823,7/31/2020 12:00,2020-07-31T12:00:00Z,07/31 08:00,1007,2211,1823,2020-07-31T12:00:00Z,365066,27600,337466,,,,369302,206016,,,,,,,,,,,44,0,0,206016,5176,206016,,0,0,e66c06c730681e868e8db430cb0486236bc2b0c8,0,0,0,0,0,
20200731,RI,19022,,186994,,totalTestEncountersViral,364126,76,2211,15,,5,,1823,7/31/2020 12:00,2020-07-31T12:00:00Z,07/31 08:00,1007,2211,1823,2020-07-31T12:00:00Z,365066,27600,337466,,,,364126,206016,,,,,,,,,,,44,72,1425,206016,4031,206016,,0,9,fb2e73c94d24bd82f34c887dcf5a6699e86d8ff9,0,0,0,0,0,
20200730,RI,18950,,185569,,totalTestEncountersViral,360095,77,2202,13,,5,,1813,7/30/2020 12:00,2020-07-30T12:00:00Z,07/30 08:00,1007,2202,1813,2020-07-30T12:00:00Z,360947,27495,333452,,,,360095,204519,,,,,,,,,,,44,150,1904,204519,4899,204519,,0,7,36a95923a3bf02910b3956bbdb92107538d0c959,0,0,0,0,0,
20200729,RI,18800,,183665,,totalTestEncountersViral,355196,74,2195,12,,6,,1810,7/29/2020 12:00,2020-07-29T12:00:00Z,07/29 08:00,1007,2195,1810,2020-07-29T12:00:00Z,356186,27348,328838,,,,355196,202465,,,,,,,,,,,44,75,1430,202465,3724,202465,,2,13,73db953079e7e80320ed7ba321e62aa566c4bed0,0,0,0,0,0,
20200728,RI,18725,,182235,,totalTestEncountersViral,351472,68,2182,10,,7,,1803,7/28/2020 12:00,2020-07-28T12:00:00Z,07/28 08:00,1005,2182,1803,2020-07-28T12:00:00Z,352500,27247,325253,,,,351472,200960,,,,,,,,,,,44,210,4132,200960,4037,200960,,1,8,7003fefdb2d044d8c3a94865e52efb1aa88ed2f0,0,0,0,0,0,
20200727,RI,18515,,178103,,totalTestEncountersViral,347435,71,2174,8,,6,,1792,7/27/2020 12:00,2020-07-27T12:00:00Z,07/27 08:00,1004,2174,1792,2020-07-27T12:00:00Z,345652,26961,318691,,,,347435,196618,,,,,,,,,,,44,291,6299,196618,3001,196618,,2,28,89041dab4822385f2484c262f282b82b67b716ab,0,0,0,0,0,
20200726,RI,18224,,171804,,totalTestEncountersViral,344434,66,2146,6,,5,,1769,7/24/2020 12:00,2020-07-24T12:00:00Z,07/24 08:00,1002,2146,1769,2020-07-24T12:00:00Z,329556,26593,302963,,,,344434,190028,,,,,,,,,,,44,0,0,190028,4371,190028,,0,0,aefb052ba1c48696c3464c5168dfdfeed95b44f3,0,0,0,0,0,
20200725,RI,18224,,171804,,totalTestEncountersViral,340063,66,2146,6,,5,,1769,7/24/2020 12:00,2020-07-24T12:00:00Z,07/24 08:00,1002,2146,1769,2020-07-24T12:00:00Z,329556,26593,302963,,,,340063,190028,,,,,,,,,,,44,0,0,190028,5825,190028,,0,0,ca7b89c5e0f622479a146ce9184d30ca0836a8a5,0,0,0,0,0,
20200724,RI,18224,,171804,,totalTestEncountersViral,334238,66,2146,6,,5,,1769,7/24/2020 12:00,2020-07-24T12:00:00Z,07/24 08:00,1002,2146,1769,2020-07-24T12:00:00Z,329556,26593,302963,,,,334238,190028,,,,,,,,,,,44,76,613,190028,4166,190028,,1,9,a23d7915b88e6f2b5f419b47914207fd50750d6b,0,0,0,0,0,
20200723,RI,18148,,171191,,totalTestEncountersViral,330072,67,2137,7,,4,,1759,7/23/2020 12:00,2020-07-23T12:00:00Z,07/23 08:00,1001,2137,1759,2020-07-23T12:00:00Z,325979,26489,299490,,,,330072,189339,,,,,,,,,,,44,86,2397,189339,3895,189339,,4,10,f74f5cfaa461e50cc50cff5cbc7fb5be71871e75,0,0,0,0,0,
20200722,RI,18062,,168794,,totalTestEncountersViral,326177,67,2127,5,,3,,1749,7/22/2020 12:00,2020-07-22T12:00:00Z,07/22 08:00,997,2127,1749,2020-07-22T12:00:00Z,321872,26350,295522,,,,326177,186856,,,,,,,,,,,44,76,1816,186856,4328,186856,,1,11,a68387bb048f4c070dc8b90a692c88f4dafaf9d9,0,0,0,0,0,
20200721,RI,17986,,166978,,totalTestEncountersViral,321849,64,2116,4,,2,,1741,7/21/2020 12:00,2020-07-21T12:00:00Z,07/21 08:00,996,2116,1741,2020-07-21T12:00:00Z,317544,26222,291322,,,,321849,184964,,,,,,,,,,,44,82,1257,184964,2662,184964,,1,6,97c0e1644229df20357ce87897a116bc653cfca8,0,0,0,0,0,
20200720,RI,17904,,165721,,totalTestEncountersViral,319187,61,2110,2,,2,,1738,7/20/2020 12:00,2020-07-20T12:00:00Z,07/20 08:00,995,2110,1738,2020-07-20T12:00:00Z,315156,26152,289004,,,,319187,183625,,,,,,,,,,,44,111,4313,183625,2647,183625,,5,22,5c38f735c29f0ffb183f1f28bc6d4e4030979f38,0,0,0,0,0,
20200719,RI,17793,,161408,,totalTestEncountersViral,316540,62,2088,4,,2,,1717,7/17/2020 12:00,2020-07-17T12:00:00Z,07/17 08:00,990,2088,1717,2020-07-17T12:00:00Z,304770,25966,278804,,,,316540,179201,,,,,,,,,,,44,0,0,179201,3213,179201,,0,0,80749576354cd7b2168afcbadac89fc6f64a94df,0,0,0,0,0,
20200718,RI,17793,,161408,,totalTestEncountersViral,313327,62,2088,4,,2,,1717,7/17/2020 12:00,2020-07-17T12:00:00Z,07/17 08:00,990,2088,1717,2020-07-17T12:00:00Z,304770,25966,278804,,,,313327,179201,,,,,,,,,,,44,0,0,179201,4259,179201,,0,0,b457427c045a04c8bb6bfdae1b35c962fdde95e3,0,0,0,0,0,
20200717,RI,17793,,161408,,totalTestEncountersViral,309068,62,2088,4,,2,,1717,7/17/2020 12:00,2020-07-17T12:00:00Z,07/17 08:00,990,2088,1717,2020-07-17T12:00:00Z,304770,25966,278804,,,,309068,179201,,,,,,,,,,,44,82,1731,179201,3774,179201,,2,4,fde043646938c3fea630753610e9e6b277cf2c21,0,0,0,0,0,
20200716,RI,17711,,159677,,totalTestEncountersViral,305294,64,2084,4,,3,,1711,7/16/2020 12:00,2020-07-16T12:00:00Z,07/16 08:00,988,2084,1711,2020-07-16T12:00:00Z,300801,25850,274951,,,,305294,177388,,,,,,,,,,,44,71,1442,177388,4232,177388,,1,9,b3ee4dffb97ce63a97ba912d0c08e49218f15fcc,0,0,0,0,0,
20200715,RI,17640,,158235,,totalTestEncountersViral,301062,59,2075,5,,3,,1707,7/15/2020 12:00,2020-07-15T12:00:00Z,07/15 08:00,987,2075,1707,2020-07-15T12:00:00Z,296933,25734,271199,,,,301062,175875,,,,,,,,,,,44,52,1165,175875,3313,175875,,2,5,918b716c847d36d040d775e628b826fac29b88dd,0,0,0,0,0,
20200714,RI,17588,,157070,,totalTestEncountersViral,297749,69,2070,5,,3,,1692,7/14/2020 12:00,2020-07-14T12:00:00Z,07/14 08:00,985,2070,1692,2020-07-14T12:00:00Z,293844,25653,268191,,,,297749,174658,,,,,,,,,,,44,101,1314,174658,3222,174658,,1,4,c09ce67e6f1e60c338cdf031272f8d43e955ae38,0,0,0,0,0,
20200713,RI,17487,,155756,,totalTestEncountersViral,294527,67,2066,3,,4,,1691,7/13/2020 12:00,2020-07-13T12:00:00Z,07/13 08:00,984,2066,1691,2020-07-13T12:00:00Z,290756,25518,265238,,,,294527,173243,,,,,,,,,,,44,175,6413,173243,1804,173243,,8,15,af6fa8058d3709c2f407a06ef687f3574c00d013,0,0,0,0,0,
20200712,RI,17312,,149343,,totalTestEncountersViral,292723,61,2051,4,,5,,1685,7/10/2020 12:00,2020-07-10T12:00:00Z,07/10 08:00,976,2051,1685,2020-07-10T12:00:00Z,278357,24885,253472,,,,292723,166655,,,,,,,,,,,44,0,0,166655,2934,166655,,0,0,710c9961d5a08a409b78f13594a48c056b0658de,0,0,0,0,0,
20200711,RI,17312,,149343,,totalTestEncountersViral,289789,61,2051,4,,5,,1685,7/10/2020 12:00,2020-07-10T12:00:00Z,07/10 08:00,976,2051,1685,2020-07-10T12:00:00Z,278357,24885,253472,,,,289789,166655,,,,,,,,,,,44,0,0,166655,4507,166655,,0,0,b3b02db341b15215bec4db87e3e76ba399cf7822,0,0,0,0,0,
20200710,RI,17312,,149343,,totalTestEncountersViral,285282,61,2051,4,,5,,1685,7/10/2020 00:00,2020-07-10T00:00:00Z,07/09 20:00,976,2051,1685,2020-07-10T00:00:00Z,278357,24885,253472,,,,285282,166655,,,,,,,,,,,44,69,1449,166655,3747,166655,,2,8,7ecb1c2444937f728f741127ceae55ba49f1dd9e,0,0,0,0,0,
20200709,RI,17243,,147894,,totalTestEncountersViral,281535,55,2043,4,,3,,1684,7/9/2020 00:00,2020-07-09T00:00:00Z,07/08 20:00,974,2043,1684,2020-07-09T00:00:00Z,274980,24790,250190,,,,281535,165137,,,,,,,,,,,44,39,1828,165137,3477,165137,,3,0,353f8e0db22c66dbeedb8604447a8de464a57df7,0,0,0,0,0,
20200708,RI,17204,,146066,,totalTestEncountersViral,278058,56,2043,5,,5,,1683,7/8/2020 00:00,2020-07-08T00:00:00Z,07/07 20:00,971,2043,1683,2020-07-08T00:00:00Z,271710,24698,247012,,,,278058,163270,,,,,,,,,,,44,0,0,163270,3513,163270,,2,7,fc1f39d12951e813bffa9834d7dcfb52f6af6f11,0,0,0,0,0,
20200707,RI,17204,,146066,,totalTestEncountersViral,274545,55,2036,4,,4,,1677,7/7/2020 03:00,2020-07-07T03:00:00Z,07/06 23:00,969,2036,1677,2020-07-07T03:00:00Z,271710,24698,247012,,,,274545,163270,,,,,,,,,,,44,41,1515,163270,2887,163270,,9,17,e703ecfb544916e3a3033eb1fc5aafa26f4913b5,0,0,0,0,0,
20200706,RI,17163,,144551,,totalTestEncountersViral,271658,61,2019,9,,7,,1657,7/6/2020 03:00,2020-07-06T03:00:00Z,07/05 23:00,960,2019,1657,2020-07-06T03:00:00Z,268294,24624,243670,,,,271658,161714,,,,,,,,,,,44,55,1504,161714,2962,161714,,0,0,a69f1f4f66583e0d4862f55a7a4561a27679ba86,0,0,0,0,0,
20200705,RI,17108,,143047,,totalTestEncountersViral,268696,61,2019,9,,7,,1657,7/5/2020 03:00,2020-07-05T03:00:00Z,07/04 23:00,960,2019,1657,2020-07-05T03:00:00Z,265484,24523,240961,,,,268696,160155,,,,,,,,,,,44,24,1374,160155,2374,160155,,0,0,567b6dcad30a73485d041fd814af0b2519cae4c4,0,0,0,0,0,
20200704,RI,17084,,141673,,totalTestEncountersViral,266322,61,2019,9,,7,,1657,7/4/2020 03:00,2020-07-04T03:00:00Z,07/03 23:00,960,2019,1657,2020-07-04T03:00:00Z,262612,24477,238135,,,,266322,158757,,,,,,,,,,,44,27,952,158757,2057,158757,,0,0,0cd961ffebcc40426d7ea0a5f6aec1cf14304e13,0,0,0,0,0,
20200703,RI,17057,,140721,,totalTestEncountersViral,264265,61,2019,9,,7,,1657,7/3/2020 03:00,2020-07-03T03:00:00Z,07/02 23:00,960,2019,1657,2020-07-03T03:00:00Z,260333,24425,235908,,,,264265,157778,,,,,,,,,,,44,22,673,157778,2876,157778,,1,8,e5e4a7ed8058ace0a4b1b06a1fc13b369fbfb3a8,0,0,0,0,0,
20200702,RI,17035,,140048,,totalTestEncountersViral,261389,67,2011,11,,10,,1644,7/2/2020 03:00,2020-07-02T03:00:00Z,07/01 23:00,959,2011,1644,2020-07-02T03:00:00Z,258440,24383,234057,,,,261389,157083,,,,,,,,,,,44,59,985,157083,4238,157083,,3,4,15d3e06f39d124d7bf4f37b87df5785a4b4548af,0,0,0,0,0,
20200701,RI,16976,,139063,,totalTestEncountersViral,257151,69,2007,11,,11,,1638,7/1/2020 03:00,2020-07-01T03:00:00Z,06/30 23:00,956,2007,1638,2020-07-01T03:00:00Z,255735,24284,231451,,,,257151,156039,,,,,,,,,,,44,65,1891,156039,1997,156039,,6,6,f356127e9f026a1bdf5afa73c95614b3a7b73bcb,0,0,0,0,0,
20200630,RI,16911,,137172,,totalTestEncountersViral,255154,74,2001,13,,13,,1631,6/30/2020 03:00,2020-06-30T03:00:00Z,06/29 23:00,950,2001,1631,2020-06-30T03:00:00Z,251636,24143,227493,,,,255154,154083,,,,,,,,,,,44,40,974,154083,3756,154083,,4,6,2da768d70d97215bb2ad274caa3cf833a7454cb4,0,0,0,0,0,
20200629,RI,16871,,136198,,totalTestEncountersViral,251398,73,1995,15,,14,,1627,6/29/2020 03:00,2020-06-29T03:00:00Z,06/28 23:00,946,1995,1627,2020-06-29T03:00:00Z,249696,24084,225612,,,,251398,153069,,,,,,,,,,,44,36,1320,153069,1486,153069,,19,11,97358d9131edccbb5a00e88e528e94203953e290,0,0,0,0,0,
20200628,RI,16835,,134878,,totalTestEncountersViral,249912,91,1984,16,,15,,1600,6/28/2020 03:00,2020-06-28T03:00:00Z,06/27 23:00,927,1984,1600,2020-06-28T03:00:00Z,245990,23998,221992,,,,249912,151713,,,,,,,,,,,44,22,578,151713,3284,151713,,0,0,62d9c0d56d2138f6c8801f7935117eea2c759864,0,0,0,0,0,
20200627,RI,16813,,134300,,totalTestEncountersViral,246628,91,1984,16,,15,,1600,6/27/2020 03:00,2020-06-27T03:00:00Z,06/26 23:00,927,1984,1600,2020-06-27T03:00:00Z,244518,23961,220557,,,,246628,151113,,,,,,,,,,,44,36,1198,151113,2537,151113,,0,0,80ba3a35956772f76db31d51b0cf13650ee78b50,0,0,0,0,0,
20200626,RI,16777,,133102,,totalTestEncountersViral,244091,91,1984,16,,15,,1600,6/26/2020 03:00,2020-06-26T03:00:00Z,06/25 23:00,927,1984,1600,2020-06-26T03:00:00Z,241245,23877,217368,,,,244091,149879,,,,,,,,,,,44,69,1314,149879,2971,149879,,7,3,7bb73f8c8030cd73c706792e2198463809577da3,0,0,0,0,0,
20200625,RI,16708,,131788,,totalTestEncountersViral,241120,103,1981,18,,17,,1588,6/25/2020 03:00,2020-06-25T03:00:00Z,06/24 23:00,920,1981,1588,2020-06-25T03:00:00Z,238787,23788,214999,,,,241120,148496,,,,,,,,,,,44,45,1406,148496,3614,148496,,8,14,cfd6e74d0843f1ecfdec403dd52e7380e644782c,0,0,0,0,0,
20200624,RI,16663,,130382,,totalTestEncountersViral,237506,104,1967,20,,16,,1573,6/24/2020 03:00,2020-06-24T03:00:00Z,06/23 23:00,912,1967,1573,2020-06-24T03:00:00Z,235946,23693,212253,,,,237506,147045,,,,,,,,,,,44,51,1486,147045,3988,147045,,6,9,d794c9c72b7a530f0d064d260b041f02f9914979,0,0,0,0,0,
20200623,RI,16612,,128896,,totalTestEncountersViral,233518,105,1958,19,,17,,1562,6/23/2020 03:00,2020-06-23T03:00:00Z,06/22 23:00,906,1958,1562,2020-06-23T03:00:00Z,232592,23582,209010,,,,233518,145508,,,,,,,,,,,44,77,1599,145508,3846,145508,,3,8,18d6b7bc38b7f75d20c0e7cdbda4c11481b78618,0,0,0,0,0,
20200622,RI,16535,,127297,,totalTestEncountersViral,229672,106,1950,18,,15,,1554,6/22/2020 03:00,2020-06-22T03:00:00Z,06/21 23:00,903,1950,1554,2020-06-22T03:00:00Z,228842,23434,205408,,,,229672,143832,,,,,,,,,,,44,59,1596,143832,1072,143832,,9,28,78a7eb5401efef09bf9316ea7be85e4a673aa439,0,0,0,0,0,
20200621,RI,16476,,125701,,totalTestEncountersViral,228600,123,1922,23,,12,,1515,6/21/2020 03:00,2020-06-21T03:00:00Z,06/20 23:00,894,1922,1515,2020-06-21T03:00:00Z,225158,23298,201860,,,,228600,142177,,,,,,,,,,,44,27,623,142177,1958,142177,,0,0,06d00476e252124918eb44981a7fe57cad4b8309,0,0,0,0,0,
20200620,RI,16449,,125078,,totalTestEncountersViral,226642,123,1922,23,,12,,1515,6/20/2020 03:00,2020-06-20T03:00:00Z,06/19 23:00,894,1922,1515,2020-06-20T03:00:00Z,224148,23263,200885,,,,226642,141527,,,,,,,,,,,44,36,681,141527,3899,141527,,0,0,282e5b810ecb0ae2f1c7beb3440a562b0391e37f,0,0,0,0,0,
20200619,RI,16413,,124397,,totalTestEncountersViral,222743,123,1922,23,,12,,1515,6/19/2020 03:00,2020-06-19T03:00:00Z,06/18 23:00,894,1922,1515,2020-06-19T03:00:00Z,222392,23189,199203,,,,222743,140810,,,,,,,,,,,44,59,1181,140810,3180,140810,,9,11,f987a7adf2793ea1e47d8960d49997f52267911b,0,0,0,0,0,
20200618,RI,16354,,123216,,totalTestEncountersViral,219563,126,1911,23,,13,,1502,6/18/2020 03:00,2020-06-18T03:00:00Z,06/17 23:00,885,1911,1502,2020-06-18T03:00:00Z,218832,23058,195774,,,,219563,139570,,,,,,,,,,,44,71,1219,139570,2941,139570,,9,13,47ce3d78d2b8bfc9ea8a0d2fb7759892ecc1e2a6,0,0,0,0,0,
20200617,RI,16283,,121997,,totalTestEncountersViral,216622,126,1898,17,,13,,1489,6/17/2020 03:00,2020-06-17T03:00:00Z,06/16 23:00,876,1898,1489,2020-06-17T03:00:00Z,215817,22913,192904,,,,216622,138280,,,,,,,,,,,44,51,1207,138280,3118,138280,,11,9,405082d7e7f098c315390370023f11752b148eac,0,0,0,0,0,
20200616,RI,16232,,120790,,totalTestEncountersViral,213504,129,1889,16,,13,,1479,6/16/2020 03:00,2020-06-16T03:00:00Z,06/15 23:00,865,1889,1479,2020-06-16T03:00:00Z,213138,22800,190338,,,,213504,137022,,,,,,,,,,,44,52,1486,137022,3284,137022,,14,7,fc32b6b7ca88762ac8615aa908aaec130fd053f4,0,0,0,0,0,
20200615,RI,16180,,119304,,totalTestEncountersViral,210220,127,1882,21,,14,,1474,6/15/2020 03:00,2020-06-15T03:00:00Z,06/14 23:00,851,1882,1474,2020-06-15T03:00:00Z,210226,22694,187532,,,,210220,135484,,,,,,,,,,,44,76,1711,135484,2110,135484,,18,29,29b12639bcee9065a204408fcbe25a0b3d3d0720,0,0,0,0,0,
20200614,RI,16104,,117593,,totalTestEncountersViral,208110,141,1853,28,,17,,1435,6/14/2020 03:00,2020-06-14T03:00:00Z,06/13 23:00,833,1853,1435,2020-06-14T03:00:00Z,207085,22514,184571,,,,208110,133697,,,,,,,,,,,44,32,884,133697,3130,133697,,0,0,dd5d7ea237c7bfb016a0437120fff303faa89344,0,0,0,0,0,
20200613,RI,16072,,116709,,totalTestEncountersViral,204980,141,1853,28,,17,,1435,6/13/2020 03:00,2020-06-13T03:00:00Z,06/12 23:00,833,1853,1435,2020-06-13T03:00:00Z,205138,22438,182700,,,,204980,132781,,,,,,,,,,,44,49,1226,132781,4805,132781,,0,0,cc35ca4c7991d7a33508f8f0c3a251481066282e,0,0,0,0,0,
20200612,RI,16023,,115483,,totalTestEncountersViral,200175,141,1853,28,,17,,1435,6/12/2020 03:00,2020-06-12T03:00:00Z,06/11 23:00,833,1853,1435,2020-06-12T03:00:00Z,202294,22336,179958,,,,200175,131506,,,,,,,,,,,44,81,2093,131506,3687,131506,,10,11,10ee8e3aa0d2929248a530a6d514dd329d0aaa94,0,0,0,0,0,
20200611,RI,15942,,113390,,totalTestEncountersViral,196488,146,1842,26,,16,,1419,6/11/2020 03:00,2020-06-11T03:00:00Z,06/10 23:00,823,1842,1419,2020-06-11T03:00:00Z,197705,22130,175575,,,,196488,129332,,,,,,,,,,,44,87,1438,129332,3179,129332,,11,14,5a452551ada4441505d7a11263f8e24e65256253,0,0,0,0,0,
20200610,RI,15855,,111952,,totalTestEncountersViral,193309,148,1828,27,,16,,1406,6/10/2020 03:00,2020-06-10T03:00:00Z,06/09 23:00,812,1828,1406,2020-06-10T03:00:00Z,194137,21937,172200,,,,193309,127807,,,,,,,,,,,44,104,1364,127807,2890,127807,,4,13,314e44dcd4ca1d71abd65223e845f41b61da9203,0,0,0,0,0,
20200609,RI,15751,,110588,,totalTestEncountersViral,190419,144,1815,31,,19,,1398,6/9/2020 03:00,2020-06-09T03:00:00Z,06/08 23:00,808,1815,1398,2020-06-09T03:00:00Z,191076,21735,169341,,,,190419,126339,,,,,,,,,,,44,68,1164,126339,1966,126339,,9,8,3c253a6ac3c4f20865791144c1919e2844850cb9,0,0,0,0,0,
20200608,RI,15683,,109424,,totalTestEncountersViral,188453,146,1807,28,,20,,1390,6/8/2020 03:00,2020-06-08T03:00:00Z,06/07 23:00,799,1807,1390,2020-06-08T03:00:00Z,188324,21516,166808,,,,188453,125107,,,,,,,,,,,44,45,884,125107,1687,125107,,27,32,d45170f4288d959d8119c9a88a4daa3ac65c3410,0,0,0,0,0,
20200607,RI,15638,,108540,,totalTestEncountersViral,186766,182,1775,37,,23,,1336,6/7/2020 03:00,2020-06-07T03:00:00Z,06/06 23:00,772,1775,1336,2020-06-07T03:00:00Z,186461,21401,165060,,,,186766,124178,,,,,,,,,,,44,49,758,124178,2804,124178,,0,0,799bdf392b95ae2835adc321348bd5bf79391085,0,0,0,0,0,
20200606,RI,15589,,107782,,totalTestEncountersViral,183962,182,1775,37,,23,,1336,6/6/2020 03:00,2020-06-06T03:00:00Z,06/05 23:00,772,1775,1336,2020-06-06T03:00:00Z,184803,21324,163479,,,,183962,123371,,,,,,,,,,,44,68,1126,123371,3727,123371,,0,0,e8ebea5c28a325a523f04e7e2254094f5c2467bd,0,0,0,0,0,
20200605,RI,15521,,106656,,totalTestEncountersViral,180235,182,1775,37,,23,,1336,6/5/2020 03:00,2020-06-05T03:00:00Z,06/04 23:00,772,1775,1336,2020-06-05T03:00:00Z,182000,21126,160874,,,,180235,122177,,,,,,,,,,,44,105,1520,122177,4734,122177,,16,10,b18d8acc03886a20b3dc6bbfda089e0249c1933c,0,0,0,0,0,
20200604,RI,15416,,105136,,totalTestEncountersViral,175501,185,1765,42,,29,,1326,6/4/2020 03:00,2020-06-04T03:00:00Z,06/03 23:00,756,1765,1326,2020-06-04T03:00:00Z,178303,20913,157390,,,,175501,120552,,,,,,,,,,,44,117,2000,120552,3735,120552,,14,12,ef6c1e500ca0052bb54cc94b8a100a9baa82195e,0,0,0,0,0,
20200603,RI,15299,,103136,,totalTestEncountersViral,171766,189,1753,44,,30,,1311,6/3/2020 03:00,2020-06-03T03:00:00Z,06/02 23:00,742,1753,1311,2020-06-03T03:00:00Z,173576,20639,152937,,,,171766,118435,,,,,,,,,,,44,105,1624,118435,3298,118435,,10,10,acb2a15ba94cb62805d3bc4fe73c204556973960,0,0,0,0,0,
20200602,RI,15194,,101512,,totalTestEncountersViral,168468,188,1743,48,,31,,1302,6/2/2020 03:00,2020-06-02T03:00:00Z,06/01 23:00,732,1743,1302,2020-06-02T03:00:00Z,169876,20386,149490,,,,168468,116706,,,,,,,,,,,44,107,1400,116706,2994,116706,,12,19,e70cdfcfd8458beec862fc95cfd78173bb4a4078,0,0,0,0,0,
20200601,RI,15087,,100112,,totalTestEncountersViral,165474,195,1724,46,,29,,1281,6/1/2020 03:00,2020-06-01T03:00:00Z,05/31 23:00,720,1724,1281,2020-06-01T03:00:00Z,166628,20124,146504,,,,165474,115199,,,,,,,,,,,44,99,1322,115199,1826,115199,,2,23,588c0ad6ea4ec8f11f2181e7f1575db8730ac5ae,0,0,0,0,0,
20200531,RI,14988,,98790,,totalTestEncountersViral,163648,206,1701,46,,29,,1252,5/31/2020 03:00,2020-05-31T03:00:00Z,05/30 23:00,718,1701,1252,2020-05-31T03:00:00Z,163692,19922,143770,,,,163648,113778,,,,,,,,,,,44,76,850,113778,4123,113778,,7,19,be3ca88bf487abf537446c04d3715e4e73ea0f1f,0,0,0,0,0,
20200530,RI,14912,,97940,,totalTestEncountersViral,159525,219,1682,50,,32,,1225,5/30/2020 03:00,2020-05-30T03:00:00Z,05/29 23:00,711,1682,1225,2020-05-30T03:00:00Z,161819,19776,142043,,,,159525,112852,,,,,,,,,,,44,104,1828,112852,4340,112852,,18,22,cf28deb454f9223523ceb08281025cd08c5c0949,0,0,0,0,0,
20200529,RI,14808,,96112,,totalTestEncountersViral,155185,219,1660,47,,33,,1206,5/29/2020 03:00,2020-05-29T03:00:00Z,05/28 23:00,693,1660,1206,2020-05-29T03:00:00Z,157650,19565,138085,,,,155185,110920,,,,,,,,,,,44,178,1537,110920,3716,110920,,16,21,ad16454b944afc9122bbd0fd9d21217c1195f41a,0,0,0,0,0,
20200528,RI,14630,,94575,,totalTestEncountersViral,151469,222,1639,53,,36,,1186,5/28/2020 03:00,2020-05-28T03:00:00Z,05/27 23:00,677,1639,1186,2020-05-28T03:00:00Z,153333,19150,134183,,,,151469,109205,,,,,,,,,,,44,132,1071,109205,2341,109205,,22,15,27e390a9ac7a3863fd118760253c95699f66678c,0,0,0,0,0,
20200527,RI,14498,,93504,,totalTestEncountersViral,149128,218,1624,49,,35,,1175,5/27/2020 03:00,2020-05-27T03:00:00Z,05/26 23:00,655,1624,1175,2020-05-27T03:00:00Z,149715,18813,130902,,,,149128,108002,,,,,,,,,,,44,133,1104,108002,2904,108002,,21,11,9a5a0dcea104c9a1038232904a9b6bd1dcccd078,0,0,0,0,0,
20200526,RI,14365,,92400,,totalTestEncountersViral,146224,226,1613,50,,36,,1158,5/26/2020 03:00,2020-05-26T03:00:00Z,05/25 23:00,634,1613,1158,2020-05-26T03:00:00Z,147388,18541,128847,,,,146224,106765,,,,,,,,,,,44,154,1726,106765,1519,106765,,26,33,dbbc6f5e62b8beab76c2e04023049fa92dec1425,0,0,0,0,0,
20200525,RI,14211,,90674,,totalTestEncountersViral,144705,240,1580,49,,32,,1119,5/25/2020 03:00,2020-05-25T03:00:00Z,05/24 23:00,608,1580,1119,2020-05-25T03:00:00Z,144570,18268,126302,,,,144705,104885,,,,,,,,,,,44,70,750,104885,1521,104885,,0,0,38f80970d69060b5969ce6967a1be11f21baabc4,0,0,0,0,0,
20200524,RI,14141,,89924,,totalTestEncountersViral,143184,240,1580,49,,32,,1119,5/24/2020 03:00,2020-05-24T03:00:00Z,05/23 23:00,608,1580,1119,2020-05-24T03:00:00Z,143070,18134,124936,,,,143184,104065,,,,,,,,,,,44,84,757,104065,2982,104065,,11,23,2c9ae7aa846e909d2bb23faf5f2aa9540845cacd,0,0,0,0,0,
20200523,RI,14057,,89167,,totalTestEncountersViral,140202,233,1557,51,,34,,1106,5/23/2020 03:00,2020-05-23T03:00:00Z,05/22 23:00,597,1557,1106,2020-05-23T03:00:00Z,141567,17983,123584,,,,140202,103224,,,,,,,,,,,44,108,1317,103224,3510,103224,,18,20,b5eb44193da606bd9d64156489390226a268a5fb,0,0,0,0,0,
20200522,RI,13949,,87850,,totalTestEncountersViral,136692,242,1537,56,,40,,1084,5/22/2020 03:00,2020-05-22T03:00:00Z,05/21 23:00,579,1537,1084,2020-05-22T03:00:00Z,138609,17749,120860,,,,136692,101799,,,,,,,,,,,44,201,1451,101799,4131,101799,,23,31,6301ed97545b42703629d4231b6f116b80279040,0,0,0,0,0,
20200521,RI,13748,,86399,,totalTestEncountersViral,132561,254,1506,56,,41,,1047,5/21/2020 03:00,2020-05-21T03:00:00Z,05/20 23:00,556,1506,1047,2020-05-21T03:00:00Z,135291,17405,117886,,,,132561,100147,,,,,,,,,,,44,169,1939,100147,3096,100147,,18,20,d386a4b7042097e938bc0c86351c179adca2a9b4,0,0,0,0,0,
20200520,RI,13579,,84460,,totalTestEncountersViral,129465,257,1486,58,,45,,1030,5/20/2020 03:00,2020-05-20T03:00:00Z,05/19 23:00,538,1486,1030,2020-05-20T03:00:00Z,131182,17041,114141,,,,129465,98039,,,,,,,,,,,44,187,1525,98039,3583,98039,,6,22,0757039fa1b6df505ac3ee717f0697c846988821,0,0,0,0,0,
20200519,RI,13392,,82935,,totalTestEncountersViral,125882,247,1464,59,,44,,1023,5/19/2020 03:00,2020-05-19T03:00:00Z,05/18 23:00,532,1464,1023,2020-05-19T03:00:00Z,128104,16721,111383,,,,125882,96327,,,,,,,,,,,44,215,1878,96327,2251,96327,,26,26,db3562ff33230da6fd5922a372664fcaf7af0bb1,0,0,0,0,0,
20200518,RI,13177,,81057,,totalTestEncountersViral,123631,236,1438,62,,46,,1012,5/18/2020 03:00,2020-05-18T03:00:00Z,05/17 23:00,506,1438,1012,2020-05-18T03:00:00Z,124622,16319,108303,,,,123631,94234,,,,,,,,,,,44,137,1289,94234,2999,94234,,7,20,2336289240c6a10d2ac2f51c9e938f2b06458ee0,0,0,0,0,0,
20200517,RI,13040,,79768,,totalTestEncountersViral,120632,260,1418,64,,45,,972,5/17/2020 03:00,2020-05-17T03:00:00Z,05/16 23:00,499,1418,972,2020-05-17T03:00:00Z,122492,16095,106397,,,,120632,92808,,,,,,,,,,,44,125,1537,92808,4590,92808,,10,15,a313b77eddf48c58a9a2fc08eb0474e251af1b58,0,0,0,0,0,
20200516,RI,12915,,78231,,totalTestEncountersViral,116042,273,1403,66,,44,,947,5/16/2020 03:00,2020-05-16T03:00:00Z,05/15 23:00,489,1403,947,2020-05-16T03:00:00Z,119564,15872,103692,,,,116042,91146,,,,,,,,,,,44,252,1764,91146,3839,91146,,10,31,c3107b69b3f3651dc69c08f82d83a9410bff7675,0,0,0,0,0,
20200515,RI,12663,,76467,,totalTestEncountersViral,112203,272,1372,63,,41,,919,5/15/2020 03:00,2020-05-15T03:00:00Z,05/14 23:00,479,1372,919,2020-05-15T03:00:00Z,115270,15453,99817,,,,112203,89130,,,,,,,,,,,44,232,1700,89130,3737,89130,,11,21,a342f44a7fd6704b789281fb879213e57f92a7b6,0,0,0,0,0,
20200514,RI,12431,,74767,,totalTestEncountersViral,108466,271,1351,65,,42,,903,5/14/2020 03:00,2020-05-14T03:00:00Z,05/13 23:00,468,1351,903,2020-05-14T03:00:00Z,111593,15089,96504,,,,108466,87198,,,,,,,,,,,44,228,1927,87198,3981,87198,,6,23,dafb8763e415547d1a90d9695173b1850bd6096d,0,0,0,0,0,
20200513,RI,12203,,72840,,totalTestEncountersViral,104485,269,1328,68,,48,,886,5/13/2020 03:00,2020-05-13T03:00:00Z,05/12 23:00,462,1328,886,2020-05-13T03:00:00Z,107994,14782,93212,,,,104485,85043,,,,,,,,,,,44,196,1924,85043,2998,85043,,18,21,95bfb4884687b762267298225d44b1cb3f373a3a,0,0,0,0,0,
20200512,RI,12007,,70916,,totalTestEncountersViral,101487,277,1307,72,,53,,863,5/12/2020 03:00,2020-05-12T03:00:00Z,05/11 23:00,444,1307,863,2020-05-12T03:00:00Z,104134,14437,89697,,,,101487,82923,,,,,,,,,,,44,219,1551,82923,2114,82923,,14,27,052a2e2f528e1ca1d64c3df08ccb3856d2e4248d,0,0,0,0,0,
20200511,RI,11788,,69365,,totalTestEncountersViral,99373,276,1280,73,,52,,841,5/11/2020 03:00,2020-05-11T03:00:00Z,05/10 23:00,430,1280,841,2020-05-11T03:00:00Z,101331,14067,87264,,,,99373,81153,,,,,,,,,,,44,175,1259,81153,2397,81153,,8,29,a6f97014570ac477c16d465d1034d9c1613168c9,0,0,0,0,0,
20200510,RI,11613,,68106,,totalTestEncountersViral,96976,283,1251,70,,52,,809,5/10/2020 03:00,2020-05-10T03:00:00Z,05/09 23:00,422,1251,809,2020-05-10T03:00:00Z,99293,13826,85467,,,,96976,79719,,,,,,,,,,,44,186,1502,79719,3800,79719,,4,33,720a6a20772689bc205706701af4901e893d78be,0,0,0,0,0,
20200509,RI,11427,,66604,,totalTestEncountersViral,93176,292,1218,77,,56,,772,5/9/2020 03:00,2020-05-09T03:00:00Z,05/08 23:00,418,1218,772,2020-05-09T03:00:00Z,96926,13549,83377,,,,93176,78031,,,,,,,,,,,44,286,2266,78031,2957,78031,,19,31,275d11516c7a9265029ac3147285f81431006c23,0,0,0,0,0,
20200508,RI,11141,,64338,,totalTestEncountersViral,90219,312,1187,71,,52,,730,5/8/2020 03:00,2020-05-08T03:00:00Z,05/07 23:00,399,1187,730,2020-05-08T03:00:00Z,93190,13103,80087,,,,90219,75479,,,,,,,,,,,44,231,1691,75479,3394,75479,,11,34,0929c3375f3f7ae693012c1ad347bbb22238a864,0,0,0,0,0,
20200507,RI,10910,,62647,,totalTestEncountersViral,86825,318,1153,82,,56,,696,5/7/2020 03:00,2020-05-07T03:00:00Z,05/06 23:00,388,1153,696,2020-05-07T03:00:00Z,90357,12764,77593,,,,86825,73557,,,,,,,,,,,44,271,1929,73557,3317,73557,,18,30,8ac8e098db93a2f3ce4374327da2595ba64adc5c,0,0,0,0,0,
20200506,RI,10639,,60718,,totalTestEncountersViral,83508,324,1123,86,,60,,665,5/6/2020 03:00,2020-05-06T03:00:00Z,05/05 23:00,370,1123,665,2020-05-06T03:00:00Z,87037,12348,74689,,,,83508,71357,,,,,,,,,,,44,342,1937,71357,3306,71357,,15,31,1af94f2e82865902399a14d0336702feb00498a6,0,0,0,0,0,
20200505,RI,10297,,58781,,totalTestEncountersViral,80202,327,1092,89,,62,,639,5/5/2020 03:00,2020-05-05T03:00:00Z,05/04 23:00,355,1092,639,2020-05-05T03:00:00Z,83711,11858,71853,,,,80202,69078,,,,,,,,,,,44,303,1979,69078,2485,69078,,14,31,86b39dd24719c9740db5435e4ea2f0a8241bcdf5,0,0,0,0,0,
20200504,RI,9994,,56802,,totalTestEncountersViral,77717,339,1061,84,,61,,601,5/4/2020 03:00,2020-05-04T03:00:00Z,05/03 23:00,341,1061,601,2020-05-04T03:00:00Z,80398,11423,68975,,,,77717,66796,,,,,,,,,,,44,291,1569,66796,2443,66796,,21,48,89deef35e51144fc57d603da8129a73325b2768b,0,0,0,0,0,
20200503,RI,9703,,55233,,totalTestEncountersViral,75274,330,1013,83,,59,,565,5/3/2020 03:00,2020-05-03T03:00:00Z,05/02 23:00,320,1013,565,2020-05-03T03:00:00Z,77910,11036,66874,,,,75274,64936,,,,,,,,,,,44,181,1610,64936,2183,64936,,24,36,99d81f376127dba537f114ee9402a969be19ebec,0,0,0,0,0,
20200502,RI,9522,,53623,,totalTestEncountersViral,73091,333,977,80,,54,,531,5/2/2020 03:00,2020-05-02T03:00:00Z,05/01 23:00,296,977,531,2020-05-02T03:00:00Z,75458,10752,64706,,,,73091,63145,,,,,,,,,,,44,189,1295,63145,3540,63145,,17,40,5ce599a112af0fa740d0e6cb0bf5eafe3ce5f4a5,0,0,0,0,0,
20200501,RI,9333,,52328,,totalTestEncountersViral,69551,352,937,76,,51,,485,5/1/2020 03:00,2020-05-01T03:00:00Z,04/30 23:00,279,937,485,2020-05-01T03:00:00Z,73273,10493,62780,,,,69551,61661,,,,,,,,,,,44,317,2228,61661,3201,61661,,13,41,ccd499d509d34332ddae18cd159666b80dd9b413,0,0,0,0,0,
20200430,RI,9016,,50100,,totalTestEncountersViral,66350,339,896,85,,54,,461,4/30/2020 03:00,2020-04-30T03:00:00Z,04/29 23:00,266,896,461,2020-04-30T03:00:00Z,69727,10036,59691,,,,66350,59116,,,,,,,,,,,44,348,1957,59116,3819,59116,,15,146,c2d5a84c257ef0b6f86c0371b81e7f445f946d6f,0,0,0,0,0,
20200429,RI,8668,,48143,,totalTestEncountersViral,62531,269,750,80,,55,,391,4/29/2020 03:00,2020-04-29T03:00:00Z,04/28 23:00,251,750,391,2020-04-29T03:00:00Z,66523,9604,56919,,,,62531,56811,,,,,,,,,,,44,372,2454,56811,2673,56811,,12,18,3e4460c5f3bc08c7143c67e32828bec96315978c,0,0,0,0,0,
20200428,RI,8296,,45689,,totalTestEncountersViral,59858,266,732,84,,55,,466,4/28/2020 03:00,2020-04-28T03:00:00Z,04/27 23:00,239,732,466,2020-04-28T03:00:00Z,62696,9128,53568,,,,59858,53985,,,,,,,,,,,44,324,1774,53985,1869,53985,,6,14,aa7a0719edce87b22ba02593744f70502432ba0a,0,0,0,0,0,
20200427,RI,7972,,43915,,totalTestEncountersViral,57989,266,718,81,,56,,452,4/27/2020 03:00,2020-04-27T03:00:00Z,04/26 23:00,233,718,452,2020-04-27T03:00:00Z,60017,8717,51300,,,,57989,51887,,,,,,,,,,,44,203,1169,51887,2625,51887,,7,27,19ffc21cce7c45539c50128eea0f70c72bf9e7cd,0,0,0,0,0,
20200426,RI,7769,,42746,,totalTestEncountersViral,55364,258,691,78,,53,,433,4/26/2020 03:00,2020-04-26T03:00:00Z,04/25 23:00,226,691,433,2020-04-26T03:00:00Z,58143,8467,49676,,,,55364,50515,,,,,,,,,,,44,276,1886,50515,2599,50515,,11,115,e624e2c9768a03be37bb6f60637f854355437364,0,0,0,0,0,
20200425,RI,7493,,40860,,totalTestEncountersViral,52765,263,576,77,,52,,410,4/25/2020 03:00,2020-04-25T03:00:00Z,04/24 23:00,215,576,410,2020-04-25T03:00:00Z,55513,8151,47362,,,,52765,48353,,,,,,,,,,,44,305,1789,48353,3775,48353,,13,0,b476dc71f84045ad8c52c7598db17da6f4a0ab15,0,0,0,0,0,
20200424,RI,7188,,39071,,totalTestEncountersViral,48990,267,576,77,,48,,377,4/24/2020 03:00,2020-04-24T03:00:00Z,04/23 23:00,202,576,377,2020-04-24T03:00:00Z,52909,7757,45152,,,,48990,46259,,,,,,,,,,,44,415,2648,46259,2949,46259,,-11,-181,1f3cc7b60f40767e96cfff7d49db5070aede0683,0,0,0,0,0,
20200423,RI,6773,,36423,,totalTestEncountersViral,46041,316,757,72,,45,,342,4/23/2020 03:00,2020-04-23T03:00:00Z,04/22 23:00,213,757,342,2020-04-23T03:00:00Z,49123,7263,41860,,,,46041,43196,,,,,,,,,,,44,419,1895,43196,2808,43196,,12,40,575dd6b17e26edd353d786e3f32cf330df5cea58,0,0,0,0,0,
20200422,RI,6354,,34528,,totalTestEncountersViral,43233,314,717,71,,44,,315,4/22/2020 03:00,2020-04-22T03:00:00Z,04/21 23:00,201,717,315,2020-04-22T03:00:00Z,46170,6781,39389,,,,43233,40882,,,,,,,,,,,44,382,1922,40882,2554,40882,,15,43,b4817505fdf9b631384c6dfc390ab5d58fa7bc10,0,0,0,0,0,
20200421,RI,5972,,32606,,totalTestEncountersViral,40679,309,674,67,,43,,315,4/21/2020 03:00,2020-04-21T03:00:00Z,04/20 23:00,186,674,315,2020-04-21T03:00:00Z,43352,6361,36991,,,,40679,38578,,,,,,,,,,,44,387,1723,38578,2301,38578,,11,45,6c6a6f086054fe10eb5d712081ec7b4e342ff113,0,0,0,0,0,
20200420,RI,5585,,30883,,totalTestEncountersViral,38378,297,629,62,,45,,267,4/20/2020 03:00,2020-04-20T03:00:00Z,04/19 23:00,175,629,267,2020-04-20T03:00:00Z,40793,5916,34877,,,,38378,36468,,,,,,,,,,,44,378,1594,36468,2428,36468,,11,24,037c0b046151bcb29c6eafaea7c7082d0c60e66f,0,0,0,0,0,
20200419,RI,5207,,29289,,totalTestEncountersViral,35950,298,605,66,,37,,244,4/19/2020 03:00,2020-04-19T03:00:00Z,04/18 23:00,164,605,244,2020-04-19T03:00:00Z,38488,5520,32968,,,,35950,34496,,,,,,,,,,,44,339,1762,34496,2046,34496,,14,27,5f90dd1ed398a86cfc0a70766f415bcb8ff1cc9a,0,0,0,0,0,
20200418,RI,4868,,27527,,totalTestEncountersViral,33904,293,578,67,,43,,217,4/18/2020 03:00,2020-04-18T03:00:00Z,04/17 23:00,150,578,217,2020-04-18T03:00:00Z,36047,5138,30909,,,,33904,32395,,,,,,,,,,,44,283,1370,32395,2125,32395,,32,247,42ed39d6c992685ed00b1f159a5ba567e2ba7679,0,0,0,0,0,
20200417,RI,4585,,26157,,totalTestEncountersViral,31779,252,331,62,,43,,196,4/17/2020 03:00,2020-04-17T03:00:00Z,04/16 23:00,118,331,196,2020-04-17T03:00:00Z,33997,4816,29181,,,,31779,30742,,,,,,,,,,,44,290,1500,30742,2941,30742,,13,0,ba08b7b04e56c9f2af6205773ecefc0ce340f9e9,0,0,0,0,0,
20200416,RI,4295,,24657,,totalTestEncountersViral,28838,245,331,61,,43,,182,4/16/2020 03:00,2020-04-16T03:00:00Z,04/15 23:00,105,331,182,2020-04-16T03:00:00Z,31866,4508,27358,,,,28838,28952,,,,,,,,,,,44,392,2090,28952,2150,28952,,18,0,c2dc35d4effd005d691303ffbabed43f2de670b5,0,0,0,0,0,
20200415,RI,3903,,22567,,totalTestEncountersViral,26688,229,331,54,,44,,168,4/15/2020 03:00,2020-04-15T03:00:00Z,04/14 23:00,87,331,168,2020-04-15T03:00:00Z,28917,4059,24858,,,,26688,26470,,,,,,,,,,,44,307,1577,26470,2076,26470,,7,0,920143063f1a04a9bd45914af681d3ac3c39f5ce,0,0,0,0,0,
20200414,RI,3596,,20990,,totalTestEncountersViral,24612,213,331,48,,,,135,4/14/2020 03:00,2020-04-14T03:00:00Z,04/13 23:00,80,331,135,2020-04-14T03:00:00Z,26761,3706,23055,,,,24612,24586,,,,,,,,,,,44,267,1559,24586,1096,24586,,7,0,b3fa5d512cc6f5a3f39823484ff19b269f0d3dc9,0,0,0,0,0,
20200413,RI,3329,,19431,,totalTestEncountersViral,23516,197,331,50,,26,,135,4/13/2020 03:00,2020-04-13T03:00:00Z,04/12 23:00,73,331,135,2020-04-13T03:00:00Z,24684,3417,21267,,,,23516,22760,,,,,,,,,,,44,187,853,22760,1984,22760,,10,331,8de97a52cd9077d93c88e06e4d64a313d862f93a,0,0,0,0,0,
20200412,RI,3142,,18578,,totalTestEncountersViral,21532,201,,50,,26,,35,4/12/2020 03:00,2020-04-12T03:00:00Z,04/11 23:00,63,,35,2020-04-12T03:00:00Z,23584,3255,20329,,,,21532,21720,,,,,,,,,,,44,289,1448,21720,2202,21720,,7,0,3642292f8a4889e4d8bc2fdb4a422bac2731d12d,0,0,0,0,0,
20200411,RI,2853,,17130,,totalTestEncountersViral,19330,183,,50,,26,,35,4/11/2020 03:00,2020-04-11T03:00:00Z,04/10 23:00,56,,35,2020-04-11T03:00:00Z,21595,2940,18655,,,,19330,19983,,,,,,,,,,,44,280,1727,19983,2993,19983,,7,0,a28daf53f51103bc4c3b3881ee0807b848d9ee64,0,0,0,0,0,
20200410,RI,2573,,15403,,totalTestEncountersViral,16337,169,,45,,26,,35,4/10/2020 03:00,2020-04-10T03:00:00Z,04/09 23:00,49,,35,2020-04-10T03:00:00Z,19385,2641,16744,,,,16337,17976,,,,,,,,,,,44,404,2374,17976,1799,17976,,6,0,8ce16ec9a395f83017d5be15a5faa5890b0b9020,0,0,0,0,0,
20200409,RI,2169,,13029,,totalTestEncountersViral,14538,160,,45,,26,,35,4/9/2020 03:00,2020-04-09T03:00:00Z,04/08 23:00,43,,35,2020-04-09T03:00:00Z,16388,2221,14167,,,,14538,15198,,,,,,,,,,,44,279,1362,15198,2010,15198,,8,0,15607f325b9cb95996320726cc719b91d6b7566a,0,0,0,0,0,
20200408,RI,1890,,11667,,totalTestEncountersViral,12528,143,,45,,26,,35,4/8/2020 03:00,2020-04-08T03:00:00Z,04/07 23:00,35,,35,2020-04-08T03:00:00Z,14583,1937,12646,,,,12528,13557,,,,,,,,,,,44,273,1572,13557,1913,13557,,5,0,6cf720fc54a42be2f543cceff30c30c074706469,0,0,0,0,0,
20200407,RI,1617,,10095,,totalTestEncountersViral,10615,123,,40,,26,,35,4/7/2020 03:00,2020-04-07T03:00:00Z,04/06 23:00,30,,35,2020-04-07T03:00:00Z,12570,1647,10923,,,,10615,11712,,,,,,,,,,,44,261,1486,11712,1924,11712,,3,0,1eab6b53c0f68c95789cf5e59943b2814a46681f,0,0,0,0,0,
20200406,RI,1356,,8609,,totalTestEncountersViral,8691,109,,37,,26,,35,4/6/2020 03:00,2020-04-06T03:00:00Z,04/05 23:00,27,,35,2020-04-06T03:00:00Z,10654,1362,9292,,,,8691,9965,,,,,,,,,,,44,206,1577,9965,1343,9965,,2,0,e5b06154c99d3591913421f72b1d5741e3b7d7d4,0,0,0,0,0,
20200405,RI,1150,,7032,,totalTestEncountersViral,7348,103,,33,,6,,35,4/5/2020 03:00,2020-04-05T03:00:00Z,04/04 23:00,25,,35,2020-04-05T03:00:00Z,8729,1144,7585,,,,7348,8182,,,,,,,,,,,44,182,1070,8182,803,8182,,8,0,60ade1fe6654af3e95fdb74cbad24ab9b14a4df1,0,0,0,0,0,
20200404,RI,968,,5962,,totalTestEncountersViral,6545,93,,31,,6,,35,4/4/2020 03:00,2020-04-04T03:00:00Z,04/03 23:00,17,,35,2020-04-04T03:00:00Z,7386,957,6429,,,,6545,6930,,,,,,,,,,,44,137,620,6930,882,6930,,3,0,571fc741fd3eceb5ea133a1c787625922df53de3,0,0,0,0,0,
20200403,RI,831,,5342,,totalTestEncountersViral,5663,77,,14,,6,,35,4/3/2020 03:00,2020-04-03T03:00:00Z,04/02 23:00,14,,35,2020-04-03T03:00:00Z,6583,814,5769,,,,5663,6173,,,,,,,,,,,44,101,717,6173,529,6173,,2,0,17945e23b9ce4fa45f5213008c2cb1e12c67c613,0,0,0,0,0,
20200402,RI,730,,4625,,totalTestEncountersViral,5134,72,,14,,6,,35,4/2/2020 03:00,2020-04-02T03:00:00Z,04/01 23:00,12,,35,2020-04-02T03:00:00Z,5700,706,4994,,,,5134,5355,,,,,,,,,,,44,62,436,5355,797,5355,,2,0,0eb4d9b82adf6b97b63b5c134182af96d65f0182,0,0,0,0,0,
20200401,RI,668,,4189,,totalTestEncountersViral,4337,60,,14,,6,,35,4/1/2020 03:00,2020-04-01T03:00:00Z,03/31 23:00,10,,35,2020-04-01T03:00:00Z,5171,654,4517,,,,4337,4857,,,,,,,,,,,44,100,645,4857,440,4857,,2,0,dbbdbf575f08170a052ee46fdc05a129a1201cbe,0,0,0,0,0,
20200331,RI,568,,3544,,totalTestEncountersViral,3897,59,,9,,6,,35,3/31/2020 03:00,2020-03-31T03:00:00Z,03/30 23:00,8,,35,2020-03-31T03:00:00Z,4373,555,3818,,,,3897,4112,,,,,,,,,,,44,73,298,4112,284,4112,,4,0,5ea3eb0bff2bfd170864db75bdde4b343082b427,0,0,0,0,0,
20200330,RI,495,,3246,,totalTestEncountersViral,3613,41,,9,,6,,,3/30/2020 03:00,2020-03-30T03:00:00Z,03/29 23:00,4,,,2020-03-30T03:00:00Z,3933,484,3449,,,,3613,3741,,,,,,,,,,,44,78,190,3741,450,3741,,1,0,53765f9fc58e57696fce701590e1aca43316787e,0,0,0,0,0,
20200329,RI,417,,3056,,totalTestEncountersViral,3163,35,,9,,6,,,3/29/2020 03:00,2020-03-29T03:00:00Z,03/28 23:00,3,,,2020-03-29T03:00:00Z,3649,422,3227,,,,3163,3473,,,,,,,,,,,44,105,314,3473,319,3473,,3,0,fca1d8e71a2bbd93436bd947d64ba52e6c4160c5,0,0,0,0,0,
20200328,RI,312,,2742,138,totalTestEncountersViral,2844,29,,9,,6,,,3/28/2020 03:00,2020-03-28T03:00:00Z,03/27 23:00,,,,2020-03-28T03:00:00Z,3187,316,2871,,,,2844,3054,,,,,,,,,,,44,64,240,3192,241,3054,,0,0,e966e592f6064dbfbff36e2259f8d310054b197e,0,0,0,0,0,
20200327,RI,248,,2502,138,totalTestEncountersViral,2603,28,,9,,6,,,3/27/2020 03:00,2020-03-27T03:00:00Z,03/26 23:00,,,,2020-03-27T03:00:00Z,2868,257,2611,,,,2603,2750,,,,,,,,,,,44,31,202,2888,216,2750,,0,0,2f3a84e2d13c86daf6f1b5bcf0fc6b254a2002a1,0,0,0,0,0,
20200326,RI,217,,2300,181,totalTestEncountersViral,2387,23,,9,,6,,,3/26/2020 03:00,2020-03-26T03:00:00Z,03/25 23:00,,,,2020-03-26T03:00:00Z,2626,230,2396,,,,2387,2517,,,,,,,,,,,44,41,176,2698,208,2517,,0,0,a900045e841f0bf82d6fd81574bc8374c9d6d13c,0,0,0,0,0,
20200325,RI,176,,2124,196,totalTestEncountersViral,2179,15,,,,,,,3/25/2020 03:00,2020-03-25T03:00:00Z,03/24 23:00,,,,2020-03-25T03:00:00Z,2410,195,2215,,,,2179,2300,,,,,,,,,,,44,28,173,2496,263,2300,,0,0,18e0cf97fbdfc5ad2cf5fdae16fb8dca38969ee7,0,0,0,0,0,
20200324,RI,148,,1951,77,totalTestEncountersViral,1916,,,,,,,,3/24/2020 03:00,2020-03-24T03:00:00Z,03/23 23:00,,,,2020-03-24T03:00:00Z,2201,169,2032,,,,1916,2099,,,,,,,,,,,44,19,238,2176,183,2099,,0,0,853f02a410d75008c22dbf78090242a5fd71779a,0,0,0,0,0,
20200323,RI,129,,1713,216,totalTestEncountersViral,1733,,,,,,,,3/23/2020 03:00,2020-03-23T03:00:00Z,03/22 23:00,,,,2020-03-23T03:00:00Z,1938,149,1789,,,,1733,1842,,,,,,,,,,,44,16,166,2058,309,1842,,0,0,700b4895cb5ec563b5d73419605a9b903a7f927d,0,0,0,0,0,
20200322,RI,113,,1547,216,totalTestEncountersViral,1424,,,,,,,,3/22/2020 03:00,2020-03-22T03:00:00Z,03/21 23:00,,,,2020-03-22T03:00:00Z,1755,135,1620,,,,1424,1660,,,,,,,,,,,44,25,263,1876,138,1660,,0,0,c15e3e1d63ad1c17ad47653e9d630231821da613,0,0,0,0,0,
20200321,RI,88,,1284,290,totalTestEncountersViral,1286,,,,,,,,3/21/2020 03:00,2020-03-21T03:00:00Z,03/20 23:00,,,,2020-03-21T03:00:00Z,1443,105,1338,,,,1286,1372,,,,,,,,,,,44,14,123,1662,211,1372,,0,0,b23358eda0f7b98138202448acee480b4c43fa93,0,0,0,0,0,
20200320,RI,74,,1161,140,totalTestEncountersViral,1075,,,,,,,,3/20/2020 03:00,2020-03-20T03:00:00Z,03/19 23:00,,,,2020-03-20T03:00:00Z,1296,84,1212,,,,1075,1235,,,,,,,,,,,44,13,193,1375,277,1235,,0,0,4a5a2a920e151057eb16ae7c489ecac68fdfbc0b,0,0,0,0,0,
20200319,RI,61,,968,334,totalTestEncountersViral,798,,,,,,,,3/19/2020 03:00,2020-03-19T03:00:00Z,03/18 23:00,,,,2020-03-19T03:00:00Z,1084,69,1015,,,,798,1029,,,,,,,,,,,44,17,249,1363,125,1029,,0,0,bb461cecae04631733ae78dd6092068df97ba2c0,0,0,0,0,0,
20200318,RI,44,,719,334,totalTestEncountersViral,673,,,,,,,,3/18/2020 03:00,2020-03-18T03:00:00Z,03/17 23:00,,,,2020-03-18T03:00:00Z,805,52,753,,,,673,763,,,,,,,,,,,44,11,111,1097,174,763,,0,0,4c130080d84f23d106842bbbbab0d90a1f455775,0,0,0,0,0,
20200317,RI,33,,608,149,totalTestEncountersViral,499,,,,,,,,3/17/2020 03:00,2020-03-17T03:00:00Z,03/16 23:00,,,,2020-03-17T03:00:00Z,677,40,637,,,,499,641,,,,,,,,,,,44,11,153,790,97,641,,0,0,4f3b2b452f05702944b74039373d4b0da2f94cc6,0,0,0,0,0,
20200316,RI,22,,455,149,totalTestEncountersViral,402,,,,,,,,3/16/2020 03:00,2020-03-16T03:00:00Z,03/15 23:00,,,,2020-03-16T03:00:00Z,499,24,475,,,,402,477,,,,,,,,,,,44,2,91,626,55,477,,0,0,f0b2e55bd3f38e0672e6c1e0d9515c9bb8192aae,0,0,0,0,0,
20200315,RI,20,,364,57,totalTestEncountersViral,347,,,,,,,,3/15/2020 03:00,2020-03-15T03:00:00Z,03/14 23:00,,,,2020-03-15T03:00:00Z,402,22,380,,,,347,384,,,,,,,,,,,44,1,54,441,90,384,,0,0,aa1346114b9b8d337461e2da687a930de92a4e51,0,0,0,0,0,
20200314,RI,19,,310,57,totalTestEncountersViral,257,,,,,,,,3/14/2020 03:00,2020-03-14T03:00:00Z,03/13 23:00,,,,2020-03-14T03:00:00Z,347,21,326,,,,257,329,,,,,,,,,,,44,0,86,386,56,329,,0,0,089728d32ff4e2a625a27c0fa7ebcc476ac593e7,0,0,0,0,0,
20200313,RI,19,,224,29,totalTestEncountersViral,201,,,,,,,,3/13/2020 03:00,2020-03-13T03:00:00Z,03/12 23:00,,,,2020-03-13T03:00:00Z,257,21,236,,,,201,243,,,,,,,,,,,44,6,48,272,51,243,,0,0,f03f15e503ee518b1601c8c398567a6688de2f9d,0,0,0,0,0,
20200312,RI,13,,176,8,totalTestEncountersViral,150,,,,,,,,3/12/2020 03:00,2020-03-12T03:00:00Z,03/11 23:00,,,,2020-03-12T03:00:00Z,201,15,186,,,,150,189,,,,,,,,,,,44,8,37,197,34,189,,0,0,63d3594e50cafc7647c1289be65c43087dfb4881,0,0,0,0,0,
20200311,RI,5,,139,24,totalTestEncountersViral,116,,,,,,,,3/11/2020 03:00,2020-03-11T03:00:00Z,03/10 23:00,,,,2020-03-11T03:00:00Z,150,6,144,,,,116,144,,,,,,,,,,,44,0,34,168,27,144,,0,0,dabfa534b02eec96a51df3469a5719857f15fc24,0,0,0,0,0,
20200310,RI,5,,105,6,totalTestEncountersViral,89,,,,,,,,3/10/2020 03:00,2020-03-10T03:00:00Z,03/09 23:00,,,,2020-03-10T03:00:00Z,116,6,110,,,,89,110,,,,,,,,,,,44,1,23,116,16,110,,0,0,0741167d237b3f8d18ebce6469af372a986456dc,0,0,0,0,0,
20200309,RI,4,,82,6,totalTestEncountersViral,73,,,,,,,,3/9/2020 03:00,2020-03-09T03:00:00Z,03/08 23:00,,,,2020-03-09T03:00:00Z,89,4,85,,,,73,86,,,,,,,,,,,44,1,15,92,18,86,,0,0,b766917949371c42a2101aebf9a2e0cf74868a53,0,0,0,0,0,
20200308,RI,3,,67,12,totalTestEncountersViral,55,,,,,,,,3/8/2020 04:00,2020-03-08T04:00:00Z,03/07 23:00,,,,2020-03-08T04:00:00Z,73,3,70,,,,55,70,,,,,,,,,,,44,0,18,82,19,70,,0,0,121dc7b497219442c0a8f7f2f8cc6670b60dc341,0,0,0,0,0,
20200307,RI,3,,49,,totalTestEncountersViral,36,,,,,,,,3/7/2020 03:00,2020-03-07T03:00:00Z,03/06 22:00,,,,2020-03-07T03:00:00Z,55,3,52,,,,36,52,,,,,,,,,,,44,0,19,52,13,52,,0,0,c8568ebf309cfae28df0deaf93512538f589e827,0,0,0,0,0,
20200306,RI,3,,30,,totalTestEncountersViral,23,,,,,,,,3/6/2020 03:00,2020-03-06T03:00:00Z,03/05 22:00,,,,2020-03-06T03:00:00Z,36,3,33,,,,23,33,,,,,,,,,,,44,0,11,33,4,33,,0,0,9617d5e83b7e20de80b055f8c646bffb1cd98844,0,0,0,0,0,
20200305,RI,3,,19,,totalTestEncountersViral,19,,,,,,,,3/5/2020 03:00,2020-03-05T03:00:00Z,03/04 22:00,,,,2020-03-05T03:00:00Z,23,2,21,,,,19,22,,,,,,,,,,,44,1,4,22,12,22,,0,0,cf9f7d3c8a7a52091c32d2d595a9dd816609522c,0,0,0,0,0,
20200304,RI,2,,15,,totalTestEncountersViral,7,,,,,,,,3/4/2020 03:00,2020-03-04T03:00:00Z,03/03 22:00,,,,2020-03-04T03:00:00Z,19,2,17,,,,7,17,,,,,,,,,,,44,0,10,17,2,17,,0,0,c34ad7b97e23bb5fd1ec4b6d68a1ef47f9150db7,0,0,0,0,0,
20200303,RI,2,,5,,totalTestEncountersViral,5,,,,,,,,3/3/2020 03:00,2020-03-03T03:00:00Z,03/02 22:00,,,,2020-03-03T03:00:00Z,7,2,5,,,,5,7,,,,,,,,,,,44,0,2,7,1,7,,0,0,46afb93011dba66da83274704250f8abbcb421f3,0,0,0,0,0,
20200302,RI,2,,3,,totalTestEncountersViral,4,,,,,,,,3/2/2020 03:00,2020-03-02T03:00:00Z,03/01 22:00,,,,2020-03-02T03:00:00Z,5,2,3,,,,4,5,,,,,,,,,,,44,0,1,5,4,5,,0,0,a182232a7ee0e5e3b98b770b18940157a321b4ca,0,0,0,0,0,
20200301,RI,2,,2,,totalTestEncountersViral,,,,,,,,,3/1/2020 03:00,2020-03-01T03:00:00Z,02/29 22:00,,,,2020-03-01T03:00:00Z,4,2,2,,,,,4,,,,,,,,,,,44,0,0,4,0,4,,0,0,3793fbfc26f9b3c4a602a20759707b3ca81aaf55,0,0,0,0,0,
