date,state,positive,probableCases,negative,pending,totalTestResultsSource,totalTestResults,hospitalizedCurrently,hospitalizedCumulative,inIcuCurrently,inIcuCumulative,onVentilatorCurrently,onVentilatorCumulative,recovered,lastUpdateEt,dateModified,checkTimeEt,death,hospitalized,dateChecked,totalTestsViral,positiveTestsViral,negativeTestsViral,positiveCasesViral,deathConfirmed,deathProbable,totalTestEncountersViral,totalTestsPeopleViral,totalTestsAntibody,positiveTestsAntibody,negativeTestsAntibody,totalTestsPeopleAntibody,positiveTestsPeopleAntibody,negativeTestsPeopleAntibody,totalTestsPeopleAntigen,positiveTestsPeopleAntigen,totalTestsAntigen,positiveTestsAntigen,fips,positiveIncrease,negativeIncrease,total,totalTestResultsIncrease,posNeg,dataQualityGrade,deathIncrease,hospitalizedIncrease,hash,commercialScore,negativeRegularScore,negativeScore,positiveScore,score,grade
20210215,CO,414369,21778,2110671,,totalTestEncountersViral,5861313,462,22812,,,,,21970,2/15/2021 01:59,2021-02-15T01:59:00Z,02/14 20:59,5826,22812,2021-02-15T01:59:00Z,,,,392591,5106,720,5861313,2503262,378747,52077,325347,,,,,,,,08,533,2769,2525040,9356,2525040,,2,15,88008b8a9b00c591f78fb073a5c86241b6953c48,0,0,0,0,0,
20210214,CO,413836,21744,2107902,,totalTestEncountersViral,5851957,485,22797,,,,,21929,2/14/2021 01:59,2021-02-14T01:59:00Z,02/13 20:59,5824,22797,2021-02-14T01:59:00Z,,,,392092,5104,720,5851957,2499994,377424,51825,324201,,,,,,,,08,853,4289,2521738,22002,2521738,,10,19,afdd0091c800c354457b0b9b079b29f9f6538731,0,0,0,0,0,
20210213,CO,412983,21726,2103613,,totalTestEncountersViral,5829955,481,22778,,,,,21895,2/13/2021 01:59,2021-02-13T01:59:00Z,02/12 20:59,5814,22778,2021-02-13T01:59:00Z,,,,391257,5094,720,5829955,2494870,376026,51235,322549,,,,,,,,08,1209,5157,2516596,30597,2516596,,24,75,e1b44ec245b3863019fc8949e044ec36c8db4cda,0,0,0,0,0,
20210212,CO,411774,21261,2098456,,totalTestEncountersViral,5799358,470,22703,,,,,21816,2/12/2021 01:59,2021-02-12T01:59:00Z,02/11 20:59,5790,22703,2021-02-12T01:59:00Z,,,,390153,5071,719,5799358,2488609,373784,50461,320525,,,,,,,,08,2091,8431,2510230,43208,2510230,,9,48,4b31b8da3959538616710977b1a9f01870540d92,0,0,0,0,0,
20210211,CO,409683,21392,2090025,,totalTestEncountersViral,5756150,507,22655,,,,,21766,2/11/2021 01:59,2021-02-11T01:59:00Z,02/10 20:59,5781,22655,2021-02-11T01:59:00Z,,,,388291,5063,718,5756150,2478316,370986,49359,317419,,,,,,,,08,1722,13828,2499708,71519,2499708,,11,39,d55c1aaebfb1d1678c3c5eaf88aa67ef7f63c0c5,0,0,0,0,0,
20210210,CO,407961,21238,2076197,,totalTestEncountersViral,5684631,534,22616,,,,,21689,2/10/2021 01:59,2021-02-10T01:59:00Z,02/09 20:59,5770,22616,2021-02-10T01:59:00Z,,,,386723,5055,715,5684631,2462310,366778,49359,317419,,,,,,,,08,751,0,2484158,0,2484158,,24,55,d5c83d529bb54f972778450e63c3f518b5185a0c,0,0,0,0,0,
20210209,CO,407210,21097,2076197,,totalTestEncountersViral,5684631,538,22561,,,,,21611,2/9/2021 01:59,2021-02-09T01:59:00Z,02/08 20:59,5746,22561,2021-02-09T01:59:00Z,,,,386113,5031,715,5684631,2462310,366778,48994,315946,,,,,,,,08,934,3113,2483407,12417,2483407,,13,232,dd5abef251c7cb6ce6e6e14f8bb51334ef32a739,0,0,0,0,0,
20210208,CO,406276,20892,2073084,,totalTestEncountersViral,5672214,535,22329,,,,,21521,2/8/2021 01:59,2021-02-08T01:59:00Z,02/07 20:59,5733,22329,2021-02-08T01:59:00Z,,,,385384,5020,713,5672214,2458468,364940,48488,314239,,,,,,,,08,987,4993,2479360,18685,2479360,,2,23,d17a164d7268cad40459fff320afaa5a8a5b4a69,0,0,0,0,0,
20210207,CO,405289,20744,2068091,,totalTestEncountersViral,5653529,527,22306,,,,,21445,2/7/2021 01:59,2021-02-07T01:59:00Z,02/06 20:59,5731,22306,2021-02-07T01:59:00Z,,,,384545,5020,711,5653529,2452636,362727,46993,308913,,,,,,,,08,1034,5694,2473380,25243,2473380,,10,29,23b58d16d86300d07dac12593a4afe2bb656efad,0,0,0,0,0,
20210206,CO,404255,20653,2062397,,totalTestEncountersViral,5628286,538,22277,,,,,21426,2/6/2021 01:59,2021-02-06T01:59:00Z,02/05 20:59,5721,22277,2021-02-06T01:59:00Z,,,,383602,5010,711,5628286,2445999,360904,46993,308913,,,,,,,,08,1541,7057,2466652,33861,2466652,,17,19,04790b95e7f18b0b58bba4658ed77d5759c430d2,0,0,0,0,0,
20210205,CO,402714,20428,2055340,,totalTestEncountersViral,5594425,564,22258,,,,,21345,2/5/2021 01:59,2021-02-05T01:59:00Z,02/04 20:59,5704,22258,2021-02-05T01:59:00Z,,,,382286,4994,710,5594425,2437626,358310,46993,308913,,,,,,,,08,1863,8821,2458054,43290,2458054,,27,82,91ea2802f1ac99ad92a830bedc9e08014d98f390,0,0,0,0,0,
20210204,CO,400851,20227,2046519,,totalTestEncountersViral,5551135,595,22176,,,,,21260,2/4/2021 01:59,2021-02-04T01:59:00Z,02/03 20:59,5677,22176,2021-02-04T01:59:00Z,,,,380624,4970,707,5551135,2427143,355906,46365,306480,,,,,,,,08,1584,8041,2447370,36937,2447370,,13,59,d67c9aca7a86d1bb595117f879c0795b1db0f78c,0,0,0,0,0,
20210203,CO,399267,20092,2038478,,totalTestEncountersViral,5514198,572,22117,,,,,21207,2/3/2021 01:59,2021-02-03T01:59:00Z,02/02 20:59,5664,22117,2021-02-03T01:59:00Z,,,,379175,4957,707,5514198,2417653,352845,46020,305403,,,,,,,,08,1269,6571,2437745,32093,2437745,,14,121,981982905969158929c6546f99e3d0ea7ae489bc,0,0,0,0,0,
20210202,CO,397998,19878,2031907,,totalTestEncountersViral,5482105,599,21996,,,,,21127,2/2/2021 01:59,2021-02-02T01:59:00Z,02/01 20:59,5650,21996,2021-02-02T01:59:00Z,,,,378120,4942,708,5482105,2410027,351423,45740,304125,,,,,,,,08,935,3429,2429905,14235,2429905,,9,152,acda082064abb784273d873e46be0db51e44d7c3,0,0,0,0,0,
20210201,CO,397063,19662,2028478,,totalTestEncountersViral,5467870,611,21844,,,,,21043,2/1/2021 01:59,2021-02-01T01:59:00Z,01/31 20:59,5641,21844,2021-02-01T01:59:00Z,,,,377401,4932,709,5467870,2405879,349865,45552,303256,,,,,,,,08,884,16736,2425541,15820,2425541,,4,11,b761bc1ffe5d90880bed4f6d1d487c707b352190,0,0,0,0,0,
20210131,CO,396179,19334,2011742,,totalTestEncountersViral,5452050,652,21833,,,,,20970,1/31/2021 01:59,2021-01-31T01:59:00Z,01/30 20:59,5637,21833,2021-01-31T01:59:00Z,,,,374087,4882,712,5452050,2400563,348808,45018,301448,,,,,,,,08,1163,0,2407921,25991,2407921,,21,21,35e02d4c6e2d28816a074c65e81c280495cec16e,0,0,0,0,0,
20210130,CO,395016,19334,2011742,,totalTestEncountersViral,5426059,652,21812,,,,,20970,1/30/2021 01:59,2021-01-30T01:59:00Z,01/29 20:59,5616,21812,2021-01-30T01:59:00Z,,,,374087,4882,712,5426059,2393750,346466,44482,299753,,,,,,,,08,1595,0,2406758,32325,2406758,,22,68,d1a48684d8aa16ffe266add935c6571008d2e819,0,0,0,0,0,
20210129,CO,393421,19334,2011742,,totalTestEncountersViral,5393734,652,21744,,,,,20970,1/29/2021 01:59,2021-01-29T01:59:00Z,01/28 20:59,5594,21744,2021-01-29T01:59:00Z,,,,374087,4882,712,5393734,2385829,344235,43995,297809,,,,,,,,08,1722,8470,2405163,50870,2405163,,25,31,6b270959923fae427389d81ca69905e026e49477,0,0,0,0,0,
20210128,CO,391699,19195,2003272,,totalTestEncountersViral,5342864,702,21713,,,,,20864,1/27/2021 01:59,2021-01-27T01:59:00Z,01/26 20:59,5569,21713,2021-01-27T01:59:00Z,,,,372504,4858,711,5342864,2375776,341804,43663,296319,,,,,,,,08,1441,6241,2394971,32548,2394971,,17,103,0495a4a8b62e4cb3e22a37d28777a81aebeff63e,0,0,0,0,0,
20210127,CO,390258,19048,1997031,,totalTestEncountersViral,5310316,724,21610,,,,,20771,1/27/2021 01:59,2021-01-27T01:59:00Z,01/26 20:59,5552,21610,2021-01-27T01:59:00Z,,,,371210,4843,709,5310316,2368241,339982,42930,293625,,,,,,,,08,1638,5620,2387289,30453,2387289,,35,48,64f2b82247e043aed5a616846e5838d044396492,0,0,0,0,0,
20210126,CO,388620,18840,1991411,,totalTestEncountersViral,5279863,740,21562,,,,,20673,1/26/2021 01:59,2021-01-26T01:59:00Z,01/25 20:59,5517,21562,2021-01-26T01:59:00Z,,,,369780,4809,708,5279863,2361191,336555,42590,292231,,,,,,,,08,1158,9007,2380031,16390,2380031,,5,299,edca84c2e048854627d167d48d8bfee0ba1f3ced,0,0,0,0,0,
20210125,CO,387462,18539,1982404,,totalTestEncountersViral,5263473,737,21263,,,,,20569,1/25/2021 01:59,2021-01-25T01:59:00Z,01/24 20:59,5512,21263,2021-01-25T01:59:00Z,,,,367746,4801,704,5263473,2356131,334821,42087,290389,,,,,,,,08,1177,0,2369866,16562,2369866,,7,26,d2e3ffe24eed902611d230ed7aa086e28e994386,0,0,0,0,0,
20210124,CO,386285,18539,1982404,,totalTestEncountersViral,5246911,737,21237,,,,,20569,1/24/2021 01:59,2021-01-24T01:59:00Z,01/23 20:59,5505,21237,2021-01-24T01:59:00Z,,,,367746,4801,704,5246911,2350150,332476,41877,289585,,,,,,,,08,1319,5827,2368689,25746,2368689,,23,18,65f314a1142e2481504d673ed19c298fc19d0c0d,0,0,0,0,0,
20210123,CO,384966,18446,1976577,,totalTestEncountersViral,5221165,716,21219,,,,,20468,1/23/2021 01:59,2021-01-23T01:59:00Z,01/22 20:59,5482,21219,2021-01-23T01:59:00Z,,,,366520,4778,704,5221165,2343097,331462,41231,286808,,,,,,,,08,1958,7182,2361543,35757,2361543,,20,73,6d533f80ccfb2e13b714e8cb9fbdecb526ad0b59,0,0,0,0,0,
20210122,CO,383008,18233,1969395,,totalTestEncountersViral,5185408,772,21146,,,,,20395,1/22/2021 01:59,2021-01-22T01:59:00Z,01/21 20:59,5462,21146,2021-01-22T01:59:00Z,,,,364775,4761,701,5185408,2334170,328039,40775,285409,,,,,,,,08,1798,6963,2352403,45107,2352403,,22,105,68428bc9b50f8f5e1f059292c97e36a2e4e39a8e,0,0,0,0,0,
20210121,CO,381210,18069,1962432,,totalTestEncountersViral,5140301,783,21041,,,,,20291,1/21/2021 01:59,2021-01-21T01:59:00Z,01/20 20:59,5440,21041,2021-01-21T01:59:00Z,,,,363141,4746,694,5140301,2325573,326184,40224,283758,,,,,,,,08,1983,7831,2343642,41760,2343642,,18,64,00040b6d50074fa2425be815e1b3465c3d20d7a2,0,0,0,0,0,
20210120,CO,379227,17854,1954601,,totalTestEncountersViral,5098541,827,20977,,,,,20190,1/20/2021 01:59,2021-01-20T01:59:00Z,01/19 20:59,5422,20977,2021-01-20T01:59:00Z,,,,361373,4731,691,5098541,2315974,323982,39822,282173,,,,,,,,08,1371,5004,2333828,40778,2333828,,34,208,eaa96ad4fd6dd9a407d137b67723c059bb5b5dac,0,0,0,0,0,
20210119,CO,377856,17680,1949597,,totalTestEncountersViral,5057763,786,20769,,,,,20089,1/19/2021 01:59,2021-01-19T01:59:00Z,01/18 20:59,5388,20769,2021-01-19T01:59:00Z,,,,360176,4702,686,5057763,2309773,321995,38927,279526,,,,,,,,08,1685,6519,2327453,25722,2327453,,2,52,457cdcd51f9a5ffeb1ebe66bc2175c90ffc58a40,0,0,0,0,0,
20210118,CO,376171,17465,1943078,,totalTestEncountersViral,5032041,862,20717,,,,,19948,1/18/2021 01:59,2021-01-18T01:59:00Z,01/17 20:59,5386,20717,2021-01-18T01:59:00Z,,,,358706,4699,687,5032041,2301784,318453,38783,278992,,,,,,,,08,1190,4572,2319249,24915,2319249,,7,30,74dd13efc10f77c43fd69e3e620e92ce95470ec7,0,0,0,0,0,
20210117,CO,374981,17387,1938506,,totalTestEncountersViral,5007126,879,20687,,,,,19858,1/17/2021 01:59,2021-01-17T01:59:00Z,01/16 20:59,5379,20687,2021-01-17T01:59:00Z,,,,357594,4694,685,5007126,2296100,317775,38519,278015,,,,,,,,08,1498,6473,2313487,33385,2313487,,16,23,510a61e5acb0dc565cbc7ce04bcaa2ddfecc971c,0,0,0,0,0,
20210116,CO,373483,17314,1932033,,totalTestEncountersViral,4973741,911,20664,,,,,19762,1/16/2021 01:59,2021-01-16T01:59:00Z,01/15 20:59,5363,20664,2021-01-16T01:59:00Z,,,,356169,4679,684,4973741,2288202,316534,38074,276206,,,,,,,,08,2025,6809,2305516,36638,2305516,,20,37,605bbc9e77632a62d2538b400d66e30fc87b36fc,0,0,0,0,0,
20210115,CO,371458,17068,1925224,,totalTestEncountersViral,4937103,891,20627,,,,,19665,1/15/2021 01:59,2021-01-15T01:59:00Z,01/14 20:59,5343,20627,2021-01-15T01:59:00Z,,,,354390,4659,684,4937103,2279614,314280,37552,273944,,,,,,,,08,2281,6770,2296682,41266,2296682,,27,101,d4e47ee7e8f0a5884c8dec506dcb2cd071723178,0,0,0,0,0,
20210114,CO,369177,16869,1918454,,totalTestEncountersViral,4895837,903,20526,,,,,19560,1/14/2021 01:59,2021-01-14T01:59:00Z,01/13 20:59,5316,20526,2021-01-14T01:59:00Z,,,,352308,4632,684,4895837,2270762,311496,36847,270876,,,,,,,,08,2403,6227,2287631,38882,2287631,,31,94,8fe49a8ac0b1e0fb9a5836f4e5452eb01380af1e,0,0,0,0,0,
20210113,CO,366774,16629,1912227,,totalTestEncountersViral,4856955,886,20432,,,,,19457,1/13/2021 01:59,2021-01-13T01:59:00Z,01/12 20:59,5285,20432,2021-01-13T01:59:00Z,,,,350145,4596,689,4856955,2262372,307723,36230,268778,,,,,,,,08,2438,7235,2279001,35319,2279001,,43,152,c227b0c4fcb2f843b4d341251063fa7d861a22e9,0,0,0,0,0,
20210112,CO,364336,16306,1904992,,totalTestEncountersViral,4821636,930,20280,,,,,19328,1/12/2021 01:59,2021-01-12T01:59:00Z,01/11 20:59,5242,20280,2021-01-12T01:59:00Z,,,,348030,4558,684,4821636,2253022,305008,35596,266762,,,,,,,,08,1511,4291,2269328,23473,2269328,,29,265,4b012ceacf905660650b607822adc5a36e6e8f98,0,0,0,0,0,
20210111,CO,362825,16071,1900701,,totalTestEncountersViral,4798163,914,20015,,,,,19222,1/11/2021 01:59,2021-01-11T01:59:00Z,01/10 20:59,5213,20015,2021-01-11T01:59:00Z,,,,346754,4539,674,4798163,2247455,302358,35596,266762,,,,,,,,08,1677,5880,2263526,27412,2263526,,5,30,f12b12275e428a29291e6be5019d41fe11aefbcf,0,0,0,0,0,
20210110,CO,361148,16052,1894821,,totalTestEncountersViral,4770751,873,19985,,,,,19113,1/10/2021 01:59,2021-01-10T01:59:00Z,01/09 20:59,5208,19985,2021-01-10T01:59:00Z,,,,345096,4534,674,4770751,2239917,300702,34893,264123,,,,,,,,08,2201,7972,2255969,33948,2255969,,18,23,56f0344e88f9130b8c60c400de87e753d54e9e97,0,0,0,0,0,
20210109,CO,358947,15872,1886849,,totalTestEncountersViral,4736803,915,19962,,,,,18891,1/9/2021 01:59,2021-01-09T01:59:00Z,01/08 20:59,5190,19962,2021-01-09T01:59:00Z,,,,343075,4469,669,4736803,2229924,299016,34893,264123,,,,,,,,08,2837,8733,2245796,43809,2245796,,52,107,97cdaf2628fd2d6f1aa6fd4b4a8ad495bc5afa05,0,0,0,0,0,
20210108,CO,356110,15719,1878116,,totalTestEncountersViral,4692994,915,19855,,,,,18891,1/8/2021 01:59,2021-01-08T01:59:00Z,01/07 20:59,5138,19855,2021-01-08T01:59:00Z,,,,340391,4469,669,4692994,2218507,297755,33998,260831,,,,,,,,08,3187,7884,2234226,43560,2234226,,36,121,270f8d9bd3d16438e005b8070c579472438087b4,0,0,0,0,0,
20210107,CO,352923,15467,1870232,,totalTestEncountersViral,4649434,954,19734,,,,,18775,1/7/2021 01:59,2021-01-07T01:59:00Z,01/06 20:59,5102,19734,2021-01-07T01:59:00Z,,,,337456,4436,666,4649434,2207688,294829,33998,260831,,,,,,,,08,3473,19343,2223155,51679,2223155,,52,31,68065252b968927e424034ff5e4cd75b2375bc13,0,0,0,0,0,
20210106,CO,349450,14561,1850889,,totalTestEncountersViral,4597755,988,19703,,,,,18534,1/6/2021 01:59,2021-01-06T01:59:00Z,01/05 20:59,5050,19703,2021-01-06T01:59:00Z,,,,332332,4333,658,4597755,2195311,291555,33330,258225,,,,,,,,08,2557,0,2200339,35699,2200339,,59,885,6f628e4c9f2381a3da03f500b7a914964ca1bf19,0,0,0,0,0,
20210105,CO,346893,14561,1850889,,totalTestEncountersViral,4562056,988,18818,,,,,18534,1/5/2021 01:59,2021-01-05T01:59:00Z,01/04 20:59,4991,18818,2021-01-05T01:59:00Z,,,,332332,4333,658,4562056,2183221,289064,32506,255008,,,,,,,,08,3458,13956,2197782,32282,2197782,,47,71,708fc6c6dee79b4dff389ae97752e9c7404787a9,0,0,0,0,0,
20210104,CO,343435,14356,1836933,,totalTestEncountersViral,4529774,1015,18747,,,,,18403,1/4/2021 01:59,2021-01-04T01:59:00Z,01/03 20:59,4944,18747,2021-01-04T01:59:00Z,,,,329079,4290,654,4529774,2166012,287514,32293,254127,,,,,,,,08,2185,5058,2180368,27278,2180368,,10,34,720b07ed80583f3ad7fec8fa53b038fa83b0d5db,0,0,0,0,0,
20210103,CO,341250,14297,1831875,,totalTestEncountersViral,4502496,991,18713,,,,,18305,1/3/2021 01:59,2021-01-03T01:59:00Z,01/02 20:59,4934,18713,2021-01-03T01:59:00Z,,,,326953,4280,654,4502496,2158828,286420,32004,252963,,,,,,,,08,2078,4869,2173125,27749,2173125,,22,35,320e9ef2f49d48e040c94fd20a9b3ab43072c072,0,0,0,0,0,
20210102,CO,339172,14226,1827006,,totalTestEncountersViral,4474747,1016,18678,,,,,18217,1/2/2021 01:59,2021-01-02T01:59:00Z,01/01 20:59,4912,18678,2021-01-02T01:59:00Z,,,,324946,4259,653,4474747,2151952,284967,31514,251504,,,,,,,,08,2011,4539,2166178,30541,2166178,,39,27,b817c93ca60252bb947e66b73fd4d41030c2edbd,0,0,0,0,0,
20210101,CO,337161,14217,1822467,,totalTestEncountersViral,4444206,1044,18651,,,,,18102,1/1/2021 01:59,2021-01-01T01:59:00Z,12/31 20:59,4873,18651,2021-01-01T01:59:00Z,,,,322944,4221,652,4444206,2145411,283018,31022,249633,,,,,,,,08,3064,6898,2159628,37539,2159628,,59,53,af094f7c1e5b1c9d9b40aba4fc930a5d0e86cd3b,0,0,0,0,0,
20201231,CO,334097,14076,1815569,,totalTestEncountersViral,4406667,1086,18598,,,,,17971,12/31/2020 01:59,2020-12-31T01:59:00Z,12/30 20:59,4814,18598,2020-12-31T01:59:00Z,,,,320021,4168,646,4406667,2135590,280655,30488,247103,,,,,,,,08,3238,6029,2149666,38536,2149666,,64,96,be5326b14753bad63242b09bd7ffe07d7c014ce1,0,0,0,0,0,
20201230,CO,330859,13827,1809540,,totalTestEncountersViral,4368131,1150,18502,,,,,17822,12/30/2020 01:59,2020-12-30T01:59:00Z,12/29 20:59,4750,18502,2020-12-30T01:59:00Z,,,,317032,4111,639,4368131,2126572,277591,30488,247103,,,,,,,,08,2451,5337,2140399,24722,2140399,,63,272,c35a4c6276922623c39ceffc989690b10b534c28,0,0,0,0,0,
20201229,CO,328408,13637,1804203,,totalTestEncountersViral,4343409,1188,18230,,,,,17652,12/29/2020 01:59,2020-12-29T01:59:00Z,12/28 20:59,4687,18230,2020-12-29T01:59:00Z,,,,314771,4047,640,4343409,2118974,276149,29935,244844,,,,,,,,08,1740,3265,2132611,14513,2132611,,56,268,c327394f0286005531b5793efd921ebc441acd27,0,0,0,0,0,
20201228,CO,326668,13350,1800938,,totalTestEncountersViral,4328896,1173,17962,,,,,17533,12/28/2020 01:59,2020-12-28T01:59:00Z,12/27 20:59,4631,17962,2020-12-28T01:59:00Z,,,,313318,4001,630,4328896,2114256,274779,29709,243873,,,,,,,,08,1650,4869,2127606,22325,2127606,,21,50,ffd98e30c33a3a2b1be21f5858a1b93ebd47a5ac,0,0,0,0,0,
20201227,CO,325018,13311,1796069,,totalTestEncountersViral,4306571,1186,17912,,,,,17419,12/27/2020 01:59,2020-12-27T01:59:00Z,12/26 20:59,4610,17912,2020-12-27T01:59:00Z,,,,311707,3979,631,4306571,2107776,273582,29565,243405,,,,,,,,08,1399,4142,2121087,31783,2121087,,18,52,fb3a75dbc0cb68235d8fec0ea325fc3dd9367bb9,0,0,0,0,0,
20201226,CO,323619,13274,1791927,,totalTestEncountersViral,4274788,1168,17860,,,,,17287,12/26/2020 01:59,2020-12-26T01:59:00Z,12/25 20:59,4592,17860,2020-12-26T01:59:00Z,,,,310345,3953,639,4274788,2102272,272970,29117,241681,,,,,,,,08,1430,4333,2115546,23746,2115546,,6,21,8bca609454d833d578b42e06920b81f19ab5f4d9,0,0,0,0,0,
20201225,CO,322189,13282,1787594,,totalTestEncountersViral,4251042,1169,17839,,,,,17159,12/25/2020 01:59,2020-12-25T01:59:00Z,12/24 20:59,4586,17839,2020-12-25T01:59:00Z,,,,308907,3948,638,4251042,2096501,270798,28563,239810,,,,,,,,08,2659,10386,2109783,53092,2109783,,36,46,1653fe894b81dddaab6848455f893f12a8c0e044,0,0,0,0,0,
20201224,CO,319530,13191,1777208,,totalTestEncountersViral,4197950,1260,17793,,,,,16994,12/24/2020 01:59,2020-12-24T01:59:00Z,12/23 20:59,4550,17793,2020-12-24T01:59:00Z,,,,306339,3913,637,4197950,2083547,268373,28074,237668,,,,,,,,08,3030,10504,2096738,44166,2096738,,88,151,5a0ead9c90b481172c20ff06f0af53cf559d4d4e,0,0,0,0,0,
20201223,CO,316500,13007,1766704,,totalTestEncountersViral,4153784,1336,17642,,,,,16807,12/23/2020 01:59,2020-12-23T01:59:00Z,12/22 20:59,4462,17642,2020-12-23T01:59:00Z,,,,303493,3831,631,4153784,2070197,265742,27602,235832,,,,,,,,08,2948,10601,2083204,43042,2083204,,93,161,19a00b1b3a4b79e16be7f92239ee9f7e2ee67990,0,0,0,0,0,
20201222,CO,313552,12861,1756103,,totalTestEncountersViral,4110742,1358,17481,,,,,16656,12/22/2020 01:59,2020-12-22T01:59:00Z,12/21 20:59,4369,17481,2020-12-22T01:59:00Z,,,,300691,3747,622,4110742,2056794,263434,27108,233980,,,,,,,,08,2516,7399,2069655,34321,2069655,,-9,253,81d600f4b93e025b22bdf774dd3c9144c3c90b87,0,0,0,0,0,
20201221,CO,311036,12619,1748704,,totalTestEncountersViral,4076421,1386,17228,,,,,16508,12/21/2020 01:59,2020-12-21T01:59:00Z,12/20 20:59,4378,17228,2020-12-21T01:59:00Z,,,,298417,3769,609,4076421,2047121,261088,26811,232595,,,,,,,,08,2146,10396,2059740,31861,2059740,,10,57,bdb969750d294d321f33ac60b01a909ac3257fb2,0,0,0,0,0,
20201220,CO,308890,12565,1738308,,totalTestEncountersViral,4044560,1398,17171,,,,,16372,12/20/2020 01:59,2020-12-20T01:59:00Z,12/19 20:59,4368,17171,2020-12-20T01:59:00Z,,,,296325,3759,609,4044560,2034633,259406,26199,230369,,,,,,,,08,2292,9898,2047198,39692,2047198,,29,41,5a7134786c6c8d407b7381b14f1c0c201f3de4f8,0,0,0,0,0,
20201219,CO,306598,12543,1728410,,totalTestEncountersViral,4004868,1433,17130,,,,,16240,12/19/2020 01:59,2020-12-19T01:59:00Z,12/18 20:59,4339,17130,2020-12-19T01:59:00Z,,,,294055,3730,609,4004868,2022465,256568,26199,230369,,,,,,,,08,2491,7454,2035008,33004,2035008,,80,110,7ca91ac6d645f9a4b000ef19d7f78dc981a545c2,0,0,0,0,0,
20201218,CO,304107,12449,1720956,,totalTestEncountersViral,3971864,1476,17020,,,,,16062,12/18/2020 01:59,2020-12-18T01:59:00Z,12/17 20:59,4259,17020,2020-12-18T01:59:00Z,,,,291658,3655,604,3971864,2012614,252507,25547,226960,,,,,,,,08,3693,10585,2025063,47792,2025063,,33,316,410f3bdbee58e3b642f2f7814abe4f1e6da2344a,0,0,0,0,0,
20201217,CO,300414,12309,1710371,,totalTestEncountersViral,3924072,1509,16704,,,,,15874,12/17/2020 01:59,2020-12-17T01:59:00Z,12/16 20:59,4226,16704,2020-12-17T01:59:00Z,,,,288105,3633,593,3924072,1998476,247453,23888,218820,,,,,,,,08,3698,9158,2010785,46805,2010785,,70,90,4109abf72af73aac4fa56887cf64c10cfbfa3ea1,0,0,0,0,0,
20201216,CO,296716,12179,1701213,,totalTestEncountersViral,3877267,1554,16614,,,,,15696,12/16/2020 01:59,2020-12-16T01:59:00Z,12/15 20:59,4156,16614,2020-12-16T01:59:00Z,,,,284537,3570,586,3877267,1985750,242708,23298,215771,,,,,,,,08,3334,6874,1997929,35442,1997929,,71,127,92a874c98e5f7b4d07cc0e57524d2b04335e06d0,0,0,0,0,0,
20201215,CO,293382,12036,1694339,,totalTestEncountersViral,3841825,1554,16487,,,,,15696,12/15/2020 01:59,2020-12-15T01:59:00Z,12/14 20:59,4085,16487,2020-12-15T01:59:00Z,,,,281346,3505,580,3841825,1975685,239069,22725,213157,,,,,,,,08,2278,4736,1987721,31936,1987721,,116,313,66c7596cec96e90300986c1de133e97005cdbe60,0,0,0,0,0,
20201214,CO,291104,11826,1689603,,totalTestEncountersViral,3809889,1585,16174,,,,,15521,12/14/2020 01:59,2020-12-14T01:59:00Z,12/13 20:59,3969,16174,2020-12-14T01:59:00Z,,,,279278,3398,571,3809889,1968881,235882,22560,212548,,,,,,,,08,2911,10387,1980707,36588,1980707,,11,48,1bdce6e2e2a7b58f26d05a7e43aa85ad5d9ea030,0,0,0,0,0,
20201213,CO,288193,11803,1679216,,totalTestEncountersViral,3773301,1610,16126,,,,,15350,12/13/2020 01:59,2020-12-13T01:59:00Z,12/12 20:59,3958,16126,2020-12-13T01:59:00Z,,,,276390,3388,570,3773301,1955606,235108,22018,210100,,,,,,,,08,2559,9224,1967409,35198,1967409,,87,34,7374ad710f69736c398c8e465a56e0d136de3f3d,0,0,0,0,0,
20201212,CO,285634,11767,1669992,,totalTestEncountersViral,3738103,1607,16092,,,,,15208,12/12/2020 01:59,2020-12-12T01:59:00Z,12/11 20:59,3871,16092,2020-12-12T01:59:00Z,,,,273867,3305,566,3738103,1943859,232118,22018,210100,,,,,,,,08,3961,10966,1955626,46640,1955626,,25,143,958ac162b1cabec1d7c2e4ea317b5ee81d903255,0,0,0,0,0,
20201211,CO,281673,11710,1659026,,totalTestEncountersViral,3691463,1675,15949,,,,,15027,12/11/2020 01:59,2020-12-11T01:59:00Z,12/10 20:59,3846,15949,2020-12-11T01:59:00Z,,,,269963,3283,563,3691463,1928989,228374,21310,207064,,,,,,,,08,4678,9726,1940699,48945,1940699,,87,293,932dacd918e78d570cff4645dfdd6260080992ac,0,0,0,0,0,
20201210,CO,276995,11492,1649300,,totalTestEncountersViral,3642518,1659,15656,,,,,14812,12/10/2020 01:59,2020-12-10T01:59:00Z,12/09 20:59,3759,15656,2020-12-10T01:59:00Z,,,,265503,3210,549,3642518,1914803,223852,19580,198799,,,,,,,,08,4649,10740,1926295,50721,1926295,,120,136,003deba3480bc3085cd85a947014cd135dc9e28b,0,0,0,0,0,
20201209,CO,272346,11336,1638560,,totalTestEncountersViral,3591797,1684,15520,,,,,14571,12/9/2020 01:59,2020-12-09T01:59:00Z,12/08 20:59,3639,15520,2020-12-09T01:59:00Z,,,,261010,3100,539,3591797,1899570,218379,19292,197968,,,,,,,,08,3757,7832,1910906,40346,1910906,,267,563,760f182b3f2696af4ccecdcc6438cb08113e8dd6,0,0,0,0,0,
20201208,CO,268589,11307,1630728,,totalTestEncountersViral,3551451,1755,14957,,,,,14366,12/8/2020 01:59,2020-12-08T01:59:00Z,12/07 20:59,3372,14957,2020-12-08T01:59:00Z,,,,257282,2845,527,3551451,1888010,217260,19292,197968,,,,,,,,08,3971,10429,1899317,35448,1899317,,14,53,2db23e2efc82bc9faeab5a953a2e025d11746909,0,0,0,0,0,
20201207,CO,264618,11129,1620299,,totalTestEncountersViral,3516003,1779,14904,,,,,14125,12/7/2020 01:59,2020-12-07T01:59:00Z,12/06 20:59,3358,14904,2020-12-07T01:59:00Z,,,,253489,2841,517,3516003,1873788,215691,18864,196089,,,,,,,,08,4037,11470,1884917,37843,1884917,,2,36,c38f4f2684d7d37b367d950e3be730fbee0f88cd,0,0,0,0,0,
20201206,CO,260581,11069,1608829,,totalTestEncountersViral,3478160,1750,14868,,,,,13941,12/6/2020 01:59,2020-12-06T01:59:00Z,12/05 20:59,3356,14868,2020-12-06T01:59:00Z,,,,249512,2839,517,3478160,1858341,214953,18864,196089,,,,,,,,08,3234,34610,1869410,36046,1869410,,-1,24,ef42e4fdbfa21f3eee1798370bf0785c88ebdcd9,0,0,0,0,0,
20201205,CO,257347,11014,1574219,,totalTestEncountersViral,3442114,1812,14844,,,,,13760,12/5/2020 01:59,2020-12-05T01:59:00Z,12/04 20:59,3357,14844,2020-12-05T01:59:00Z,,,,246333,2840,517,3442114,1815644,214953,18530,194770,,,,,,,,08,5125,0,1831566,45040,1831566,,19,82,fd0b1e2dc972dc3a918c43345bc6824d677a98eb,0,0,0,0,0,
20201204,CO,252222,10797,1574219,,totalTestEncountersViral,3397074,1883,14762,,,,,13500,12/4/2020 01:59,2020-12-04T01:59:00Z,12/03 20:59,3338,14762,2020-12-04T01:59:00Z,,,,241425,2831,507,3397074,1815644,213300,18530,194770,,,,,,,,08,5013,13363,1826441,53979,1826441,,18,183,7f02a6213afa118fd190637b3355a8b0ed4fb8ec,0,0,0,0,0,
20201203,CO,247209,10688,1560856,,totalTestEncountersViral,3343095,1956,14579,,,,,13233,12/3/2020 01:59,2020-12-03T01:59:00Z,12/02 20:59,3320,14579,2020-12-03T01:59:00Z,,,,236521,2819,501,3343095,1797377,210946,17594,191093,,,,,,,,08,6037,12178,1808065,54195,1808065,,127,216,4a85468c36841a3a2ec055822a6d0ff39dc9cc7c,0,0,0,0,0,
20201202,CO,241172,10467,1548678,,totalTestEncountersViral,3288900,1995,14363,,,,,12996,12/2/2020 01:59,2020-12-02T01:59:00Z,12/01 20:59,3193,14363,2020-12-02T01:59:00Z,,,,230705,2700,493,3288900,1779383,208687,17594,191093,,,,,,,,08,3862,7534,1789850,33359,1789850,,84,247,217cb86594d9267a5c7a4355fccb791787cb57c9,0,0,0,0,0,
20201201,CO,237310,10356,1541144,,totalTestEncountersViral,3255541,1977,14116,,,,,12779,12/1/2020 01:59,2020-12-01T01:59:00Z,11/30 20:59,3109,14116,2020-12-01T01:59:00Z,,,,226954,2619,490,3255541,1768098,207350,17222,189562,,,,,,,,08,4405,9800,1778454,36690,1778454,,72,628,3869554723b302a1107872cc960785bcbb612493,0,0,0,0,0,
20201130,CO,232905,10202,1531344,,totalTestEncountersViral,3218851,1940,13488,,,,,12538,11/30/2020 01:59,2020-11-30T01:59:00Z,11/29 20:59,3037,13488,2020-11-30T01:59:00Z,,,,222703,2561,476,3218851,1754047,206784,17152,189136,,,,,,,,08,4133,12038,1764249,43725,1764249,,34,60,a68745ba700c844f82335a7c330f567cc306be38,0,0,0,0,0,
20201129,CO,228772,10126,1519306,,totalTestEncountersViral,3175126,1847,13428,,,,,12345,11/29/2020 01:59,2020-11-29T01:59:00Z,11/28 20:59,3003,13428,2020-11-29T01:59:00Z,,,,218646,2530,473,3175126,1737952,206288,16879,188172,,,,,,,,08,3489,9047,1748078,31899,1748078,,20,59,444aa95d9e10248383eed87e0e43fd3b5866efcd,0,0,0,0,0,
20201128,CO,225283,10090,1510259,,totalTestEncountersViral,3143227,1852,13369,,,,,12153,11/28/2020 01:59,2020-11-28T01:59:00Z,11/27 20:59,2983,13369,2020-11-28T01:59:00Z,,,,215193,2511,472,3143227,1725452,205051,16879,188172,,,,,,,,08,4330,13805,1735542,51389,1735542,,6,82,e652a4bc8ad51bb18f3251c1bfce1dad761c00c0,0,0,0,0,0,
20201127,CO,220953,10033,1496454,,totalTestEncountersViral,3091838,1797,13287,,,,,11957,11/27/2020 01:59,2020-11-27T01:59:00Z,11/26 20:59,2977,13287,2020-11-27T01:59:00Z,,,,210920,2505,472,3091838,1707374,204052,16707,187345,,,,,,,,08,4270,13492,1717407,45689,1717407,,20,39,459945e94c64f3bcfa7f5a779db6252cebc0cd6f,0,0,0,0,0,
20201126,CO,216683,9988,1482962,,totalTestEncountersViral,3046149,1777,13248,,,,,11782,11/26/2020 01:59,2020-11-26T01:59:00Z,11/25 20:59,2957,13248,2020-11-26T01:59:00Z,,,,206695,2485,472,3046149,1689657,202075,16010,184336,,,,,,,,08,6053,21870,1699645,65750,1699645,,51,204,0c1e629438400483738975fce46b76e1f420262a,0,0,0,0,0,
20201125,CO,210630,9719,1461092,,totalTestEncountersViral,2980399,1794,13044,,,,,11628,11/25/2020 01:59,2020-11-25T01:59:00Z,11/24 20:59,2906,13044,2020-11-25T01:59:00Z,,,,200911,2439,467,2980399,1662003,200346,15819,183560,,,,,,,,08,4191,12932,1671722,41136,1671722,,46,208,ba42ec873d31a2bb9bd46c9c60dd74c33672a402,0,0,0,0,0,
20201124,CO,206439,9490,1448160,,totalTestEncountersViral,2939263,1739,12836,,,,,11430,11/24/2020 01:59,2020-11-24T01:59:00Z,11/23 20:59,2860,12836,2020-11-24T01:59:00Z,,,,196949,2396,464,2939263,1645109,199379,15819,183560,,,,,,,,08,4150,10232,1654599,37523,1654599,,50,310,48ce1a44cd5d6e7e868d12b9eb562c59c4807389,0,0,0,0,0,
20201123,CO,202289,9346,1437928,,totalTestEncountersViral,2901740,1711,12526,,,,,11201,11/23/2020 01:59,2020-11-23T01:59:00Z,11/22 20:59,2810,12526,2020-11-23T01:59:00Z,,,,192943,2347,463,2901740,1630871,198604,15579,182357,,,,,,,,08,3689,15649,1640217,46130,1640217,,4,42,aa8842f53705e33e83617a91fc4a1017141dd7d8,0,0,0,0,0,
20201122,CO,198600,9315,1422279,,totalTestEncountersViral,2855610,1670,12484,,,,,11014,11/22/2020 01:59,2020-11-22T01:59:00Z,11/21 20:59,2806,12484,2020-11-22T01:59:00Z,,,,189285,2343,463,2855610,1611564,197936,15579,182357,,,,,,,,08,3921,18264,1620879,47972,1620879,,19,60,9c03edd2a57edf415652e14948b97daa23d0a769,0,0,0,0,0,
20201121,CO,194679,9299,1404015,,totalTestEncountersViral,2807638,1703,12424,,,,,10831,11/21/2020 01:59,2020-11-21T01:59:00Z,11/20 20:59,2787,12424,2020-11-21T01:59:00Z,,,,185380,2326,461,2807638,1589395,197016,15445,181571,,,,,,,,08,6113,19617,1598694,54920,1598694,,42,258,279f11889b82c5eb63301cc3336b392e65792599,0,0,0,0,0,
20201120,CO,188566,9226,1384398,,totalTestEncountersViral,2752718,1723,12166,,,,,10618,11/20/2020 01:59,2020-11-20T01:59:00Z,11/19 20:59,2745,12166,2020-11-20T01:59:00Z,,,,179340,2291,454,2752718,1563738,195858,15262,180596,,,,,,,,08,5765,20692,1572964,57018,1572964,,15,186,eb916d3ef9faf4add852d62bf43972b18b579bec,0,0,0,0,0,
20201119,CO,182801,9148,1363706,,totalTestEncountersViral,2695700,1593,11980,,,,,10392,11/19/2020 01:59,2020-11-19T01:59:00Z,11/18 20:59,2730,11980,2020-11-19T01:59:00Z,,,,173653,2277,453,2695700,1537359,194983,15141,179842,,,,,,,,08,6107,20132,1546507,55085,1546507,,79,178,cef3fbd49d2186d881e0767df9cc3a9ae6a16adc,0,0,0,0,0,
20201118,CO,176694,9068,1343574,,totalTestEncountersViral,2640615,1593,11802,,,,,10195,11/18/2020 01:59,2020-11-18T01:59:00Z,11/17 20:59,2651,11802,2020-11-18T01:59:00Z,,,,167626,2207,444,2640615,1511200,194187,15004,179183,,,,,,,,08,4650,15269,1520268,41034,1520268,,43,194,8dd81edfe7abe3ed2d8aa05f2ea0b7fff47c8593,0,0,0,0,0,
20201117,CO,172044,8968,1328305,,totalTestEncountersViral,2599581,1543,11608,,,,,10004,11/17/2020 01:59,2020-11-17T01:59:00Z,11/16 20:59,2608,11608,2020-11-17T01:59:00Z,,,,163076,2177,431,2599581,1491381,193602,14896,178706,,,,,,,,08,4331,14712,1500349,39485,1500349,,30,405,c30e594091ca499ca4e8c743d3f95cf01a2533d0,0,0,0,0,0,
20201116,CO,167713,8849,1313593,,totalTestEncountersViral,2560096,1424,11203,,,,,9828,11/16/2020 01:59,2020-11-16T01:59:00Z,11/15 20:59,2578,11203,2020-11-16T01:59:00Z,,,,158864,2153,425,2560096,1472457,193236,14841,178395,,,,,,,,08,4296,14027,1481306,36344,1481306,,32,79,3235726411a3d6db4ca470987247dbd69b3e251f,0,0,0,0,0,
20201115,CO,163417,8159,1299566,,totalTestEncountersViral,2523752,1417,11124,,,,,9657,11/15/2020 01:59,2020-11-15T01:59:00Z,11/14 20:59,2546,11124,2020-11-15T01:59:00Z,,,,155258,2137,409,2523752,1454824,192715,14772,177943,,,,,,,,08,4183,14476,1462983,38301,1462983,,21,68,8738aadcd6e0350c6c14c0d69bd35707011f303b,0,0,0,0,0,
20201114,CO,159234,8119,1285090,,totalTestEncountersViral,2485451,1325,11056,,,,,9528,11/14/2020 01:59,2020-11-14T01:59:00Z,11/13 20:59,2525,11056,2020-11-14T01:59:00Z,,,,151115,2116,409,2485451,1436205,192069,14666,177403,,,,,,,,08,5196,15227,1444324,41852,1444324,,21,195,1b58e4fc607550df378fa711bf2cce75fa0b7929,0,0,0,0,0,
20201113,CO,154038,8015,1269863,,totalTestEncountersViral,2443599,1315,10861,,,,,9352,11/13/2020 01:59,2020-11-13T01:59:00Z,11/12 20:59,2504,10861,2020-11-13T01:59:00Z,,,,146023,2096,408,2443599,1415886,191205,14549,176656,,,,,,,,08,6439,17213,1423901,51797,1423901,,36,264,020473ef8fa8204a0e825a667e0c7f7efd7dd4f0,0,0,0,0,0,
20201112,CO,147599,7858,1252650,,totalTestEncountersViral,2391802,1322,10597,,,,,9148,11/12/2020 01:59,2020-11-12T01:59:00Z,11/11 20:59,2468,10597,2020-11-12T01:59:00Z,,,,139741,2060,408,2391802,1389134,189920,14341,175579,,,,,,,,08,5197,0,1400249,44534,1400249,,25,59,d19c1da3e111c903c713a1bfc425310e5df3e54d,0,0,0,0,0,
20201111,CO,142402,7784,1252650,,totalTestEncountersViral,2347268,1304,10538,,,,,8980,11/11/2020 01:59,2020-11-11T01:59:00Z,11/10 20:59,2443,10538,2020-11-11T01:59:00Z,,,,134618,2039,404,2347268,1387268,189920,14341,175579,,,,,,,,08,3975,16291,1395052,40486,1395052,,16,275,512c35e67b1e18d5b6440f6d0ab01e424bee0973,0,0,0,0,0,
20201110,CO,138427,7759,1236359,,totalTestEncountersViral,2306782,1270,10263,,,,,8846,11/10/2020 01:59,2020-11-10T01:59:00Z,11/09 20:59,2427,10263,2020-11-10T01:59:00Z,,,,130668,2024,403,2306782,1367027,189523,14272,175251,,,,,,,,08,3890,11701,1374786,32354,1374786,,19,213,c9d2d69277e88852ff7d7ad8acc9aa7204685ab4,0,0,0,0,0,
20201109,CO,134537,7700,1224658,,totalTestEncountersViral,2274428,1174,10050,,,,,8738,11/9/2020 01:59,2020-11-09T01:59:00Z,11/08 20:59,2408,10050,2020-11-09T01:59:00Z,,,,126837,2007,401,2274428,1351495,189111,14228,174883,,,,,,,,08,3553,13686,1359195,29043,1359195,,14,33,87013a3a0d9a829629142f35a66a868bf88ec0f8,0,0,0,0,0,
20201108,CO,130984,7633,1210972,,totalTestEncountersViral,2245385,1134,10017,,,,,8667,11/8/2020 01:59,2020-11-08T01:59:00Z,11/07 20:59,2394,10017,2020-11-08T01:59:00Z,,,,123351,1994,400,2245385,1334323,188921,14201,174720,,,,,,,,08,3017,10965,1341956,30597,1341956,,5,20,87413f6d7677cbb152aed2a937540d0d6d948cbc,0,0,0,0,0,
20201107,CO,127967,7585,1200007,,totalTestEncountersViral,2214788,1087,9997,,,,,8562,11/7/2020 01:59,2020-11-07T01:59:00Z,11/06 20:59,2389,9997,2020-11-07T01:59:00Z,,,,120382,1990,399,2214788,1320389,188415,14110,174305,,,,,,,,08,3498,13630,1327974,37697,1327974,,13,86,5f5ebc7974012e45cc1624e3a30214b6840e395c,0,0,0,0,0,
20201106,CO,124469,7501,1186377,,totalTestEncountersViral,2177091,1041,9911,,,,,8478,11/6/2020 01:59,2020-11-06T01:59:00Z,11/05 20:59,2376,9911,2020-11-06T01:59:00Z,,,,116968,1978,398,2177091,1303345,187631,14007,173624,,,,,,,,08,3463,12903,1310846,35158,1310846,,23,197,450d7a53291b8ac3698dc004629e2e94e987b8ac,0,0,0,0,0,
20201105,CO,121006,7399,1173474,,totalTestEncountersViral,2141933,1016,9714,,,,,8366,11/5/2020 01:59,2020-11-05T01:59:00Z,11/04 20:59,2353,9714,2020-11-05T01:59:00Z,,,,113607,1956,397,2141933,1287081,187001,13913,173088,,,,,,,,08,3369,11264,1294480,32819,1294480,,20,96,3113b497ec5a6be06d78dbc590d6a082e168fe7f,0,0,0,0,0,
20201104,CO,117637,7353,1162210,,totalTestEncountersViral,2109114,970,9618,,,,,8268,11/4/2020 01:59,2020-11-04T01:59:00Z,11/03 20:59,2333,9618,2020-11-04T01:59:00Z,,,,110284,1935,398,2109114,1272494,186264,13795,172469,,,,,,,,08,2928,9774,1279847,26963,1279847,,22,438,94b8d31308c650d3e913f0154906e3129dce23a6,0,0,0,0,0,
20201103,CO,114709,7292,1152436,,totalTestEncountersViral,2082151,925,9180,,,,,8179,11/3/2020 01:59,2020-11-03T01:59:00Z,11/02 20:59,2311,9180,2020-11-03T01:59:00Z,,,,107417,1915,396,2082151,1259853,185805,13725,172080,,,,,,,,08,2562,8255,1267145,21509,1267145,,19,66,587659bcd8ea63aaf91a0cc82e3c592d86bda606,0,0,0,0,0,
20201102,CO,112147,7200,1144181,,totalTestEncountersViral,2060642,858,9114,,,,,8106,11/2/2020 01:59,2020-11-02T01:59:00Z,11/01 20:59,2292,9114,2020-11-02T01:59:00Z,,,,104947,1899,393,2060642,1249128,185418,13684,171734,,,,,,,,08,2237,10624,1256328,25847,1256328,,4,25,3cfb7cf277cf4f913a8f0258b02d86e18c6f0e64,0,0,0,0,0,
20201101,CO,109910,7144,1133557,,totalTestEncountersViral,2034795,788,9089,,,,,8038,11/1/2020 01:59,2020-11-01T01:59:00Z,10/31 21:59,2288,9089,2020-11-01T01:59:00Z,,,,102766,1896,392,2034795,1236323,184957,13636,171321,,,,,,,,08,2560,11501,1243467,30073,1243467,,3,25,f6864444873562b5f5bede8db888a5213a2f05f1,0,0,0,0,0,
20201031,CO,107350,7130,1122056,,totalTestEncountersViral,2004722,788,9064,,,,,7963,10/31/2020 01:59,2020-10-31T01:59:00Z,10/30 21:59,2285,9064,2020-10-31T01:59:00Z,,,,100220,1893,392,2004722,1222276,184509,13571,170938,,,,,,,,08,2924,12015,1229406,41137,1229406,,7,33,3f6efaab583817fbdc1e7bcf333be5be6539fcb7,0,0,0,0,0,
20201030,CO,104426,7029,1110041,,totalTestEncountersViral,1963585,781,9031,,,,,7854,10/30/2020 01:59,2020-10-30T01:59:00Z,10/29 21:59,2278,9031,2020-10-30T01:59:00Z,,,,97397,1886,392,1963585,1207438,183775,13493,170282,,,,,,,,08,2412,8846,1214467,27177,1214467,,10,88,346509bec46c4bddbf6e928488e5ff111bb5a8ab,0,0,0,0,0,
20201029,CO,102014,6907,1101195,,totalTestEncountersViral,1936408,742,8943,,,,,7798,10/29/2020 01:59,2020-10-29T01:59:00Z,10/28 21:59,2268,8943,2020-10-29T01:59:00Z,,,,95107,1880,388,1936408,1196302,183055,13404,169651,,,,,,,,08,1806,9545,1203209,25425,1203209,,19,89,ffe9a7b485aafdc409d4a2ac2ae8a33b4bb4f17e,0,0,0,0,0,
20201028,CO,100208,6815,1091650,,totalTestEncountersViral,1910983,721,8854,,,,,7724,10/28/2020 01:59,2020-10-28T01:59:00Z,10/27 21:59,2249,8854,2020-10-28T01:59:00Z,,,,93393,1861,388,1910983,1185043,182411,13307,169104,,,,,,,,08,1475,6629,1191858,18034,1191858,,13,76,89058cf1b3c0aeb3a8430b23c95a11bad56c9bac,0,0,0,0,0,
20201027,CO,98733,6710,1085021,,totalTestEncountersViral,1892949,648,8778,,,,,7668,10/27/2020 01:59,2020-10-27T01:59:00Z,10/26 21:59,2236,8778,2020-10-27T01:59:00Z,,,,92023,1850,386,1892949,1177044,181987,13243,168744,,,,,,,,08,1433,6971,1183754,18848,1183754,,10,120,42fc9c73517bb688f68fa8c941be4bb92b0fd274,0,0,0,0,0,
20201026,CO,97300,6625,1078050,,totalTestEncountersViral,1874101,591,8658,,,,,7628,10/26/2020 01:59,2020-10-26T01:59:00Z,10/25 21:59,2226,8658,2020-10-26T01:59:00Z,,,,90675,1843,383,1874101,1168725,181750,13218,168532,,,,,,,,08,2211,16905,1175350,31847,1175350,,3,36,907db5be49e642b98e746a4effa74a7245f0f0ec,0,0,0,0,0,
20201025,CO,95089,6605,1061145,,totalTestEncountersViral,1842254,586,8622,,,,,7578,10/25/2020 01:59,2020-10-25T01:59:00Z,10/24 21:59,2223,8622,2020-10-25T01:59:00Z,,,,88484,1839,384,1842254,1149629,180465,12921,167544,,,,,,,,08,1689,10390,1156234,24058,1156234,,5,24,4c76911701a73a166178af32eb2a6f260f26041e,0,0,0,0,0,
20201024,CO,93400,6585,1050755,,totalTestEncountersViral,1818196,599,8598,,,,,7513,10/24/2020 01:59,2020-10-24T01:59:00Z,10/23 21:59,2218,8598,2020-10-24T01:59:00Z,,,,86815,1835,383,1818196,1137570,180052,12853,167199,,,,,,,,08,1828,11426,1144155,27792,1144155,,7,41,70c8083f4ae8fe359a7b17b1a3540ca97a2ad697,0,0,0,0,0,
20201023,CO,91572,6492,1039329,,totalTestEncountersViral,1790404,550,8557,,,,,7463,10/23/2020 01:59,2020-10-23T01:59:00Z,10/22 21:59,2211,8557,2020-10-23T01:59:00Z,,,,85080,1829,382,1790404,1124409,179232,12741,166491,,,,,,,,08,1350,9351,1130901,25756,1130901,,13,79,42203047936b2fe755c6f24a1a3c616ae10f1047,0,0,0,0,0,
20201022,CO,90222,6401,1029978,,totalTestEncountersViral,1764648,547,8478,,,,,7394,10/22/2020 01:59,2020-10-22T01:59:00Z,10/21 21:59,2198,8478,2020-10-22T01:59:00Z,,,,83821,1816,382,1764648,1113799,178626,12684,165942,,,,,,,,08,1373,8584,1120200,22065,1120200,,4,98,ee78b943e08c3dbebe976e5ad7d5ed6c44c21e6d,0,0,0,0,0,
20201021,CO,88849,6291,1021394,,totalTestEncountersViral,1742583,532,8380,,,,,7352,10/21/2020 01:59,2020-10-21T01:59:00Z,10/20 21:59,2194,8380,2020-10-21T01:59:00Z,,,,82558,1812,382,1742583,1103952,178006,12616,165390,,,,,,,,08,1267,7201,1110243,18545,1110243,,12,48,d05737690586e0eacf72ec797e9d8cb1f8fc9834,0,0,0,0,0,
20201020,CO,87582,6054,1014193,,totalTestEncountersViral,1724038,516,8332,,,,,7286,10/20/2020 01:59,2020-10-20T01:59:00Z,10/19 21:59,2182,8332,2020-10-20T01:59:00Z,,,,81528,1801,381,1724038,1095721,177664,12594,165070,,,,,,,,08,1208,5287,1101775,15588,1101775,,2,84,fdd05d8fe6913046e934033b7fcb924a4c17b1b0,0,0,0,0,0,
20201019,CO,86374,5838,1008906,,totalTestEncountersViral,1708450,465,8248,,,,,7225,10/19/2020 01:59,2020-10-19T01:59:00Z,10/18 21:59,2180,8248,2020-10-19T01:59:00Z,,,,80536,1800,380,1708450,1089442,177375,12564,164811,,,,,,,,08,1072,8240,1095280,19137,1095280,,4,21,5789128b18442da17218c1cd21bb17208ec4fa36,0,0,0,0,0,
20201018,CO,85302,5810,1000666,,totalTestEncountersViral,1689313,445,8227,,,,,7176,10/18/2020 01:59,2020-10-18T01:59:00Z,10/17 21:59,2176,8227,2020-10-18T01:59:00Z,,,,79492,1796,380,1689313,1080158,176987,12531,164456,,,,,,,,08,933,9258,1085968,21260,1085968,,0,10,895ba3bce1ea3a062dae9e3ede315485cecd0cc7,0,0,0,0,0,
20201017,CO,84369,5800,991408,,totalTestEncountersViral,1668053,428,8217,,,,,7127,10/17/2020 01:59,2020-10-17T01:59:00Z,10/16 21:59,2176,8217,2020-10-17T01:59:00Z,,,,78569,1796,380,1668053,1069977,176495,12492,164003,,,,,,,,08,1139,9154,1075777,21496,1075777,,4,48,76ae872777a22223ce4ca557ff4b7fd3580a45ca,0,0,0,0,0,
20201016,CO,83230,5673,982254,,totalTestEncountersViral,1646557,434,8169,,,,,7087,10/16/2020 01:59,2020-10-16T01:59:00Z,10/15 21:59,2172,8169,2020-10-16T01:59:00Z,,,,77577,1792,380,1646557,1059831,175900,12432,163468,,,,,,,,08,1312,8065,1065484,21030,1065484,,10,42,e7bac09bf7ff96f1cff17a1341fd94701fd8f910,0,0,0,0,0,
20201015,CO,81918,5541,974189,,totalTestEncountersViral,1625527,420,8127,,,,,7034,10/15/2020 01:59,2020-10-15T01:59:00Z,10/14 21:59,2162,8127,2020-10-15T01:59:00Z,,,,76377,1783,379,1625527,1050566,175428,12385,163043,,,,,,,,08,1141,9699,1056107,22571,1056107,,2,59,ea4d44cc1b7817dbf106b127b80438ed941e7397,0,0,0,0,0,
20201014,CO,80777,5492,964490,,totalTestEncountersViral,1602956,405,8068,,,,,6968,10/14/2020 01:59,2020-10-14T01:59:00Z,10/13 21:59,2160,8068,2020-10-14T01:59:00Z,,,,75285,1781,379,1602956,1039775,174918,12345,162573,,,,,,,,08,692,6600,1045267,14324,1045267,,7,65,bfc67012c4e13a7802b56991fb43c20c0fc8c2c8,0,0,0,0,0,
20201013,CO,80085,5430,957890,,totalTestEncountersViral,1588632,385,8003,,,,,6922,10/13/2020 01:59,2020-10-13T01:59:00Z,10/12 21:59,2153,8003,2020-10-13T01:59:00Z,,,,74655,1777,376,1588632,1032545,174566,12313,162253,,,,,,,,08,1048,8218,1037975,17303,1037975,,37,88,1f29766d619946df79c3700a746e9ffe3d88f330,0,0,0,0,0,
20201012,CO,79037,5393,949672,,totalTestEncountersViral,1571329,370,7915,,,,,6869,10/12/2020 01:59,2020-10-12T01:59:00Z,10/11 21:59,2116,7915,2020-10-12T01:59:00Z,,,,73644,1747,369,1571329,1023316,174243,12294,161949,,,,,,,,08,576,5569,1028709,11150,1028709,,3,22,17eae595474104c20cc155850007039e558e6db4,0,0,0,0,0,
20201011,CO,78461,5345,944103,,totalTestEncountersViral,1560179,383,7893,,,,,6835,10/11/2020 01:59,2020-10-11T01:59:00Z,10/10 21:59,2113,7893,2020-10-11T01:59:00Z,,,,73116,1745,368,1560179,1017219,173906,12266,161640,,,,,,,,08,819,9572,1022564,19017,1022564,,1,14,e918932cac44bf2c319d5479c9ccc33c51494351,0,0,0,0,0,
20201010,CO,77642,5326,934531,,totalTestEncountersViral,1541162,365,7879,,,,,6814,10/10/2020 01:59,2020-10-10T01:59:00Z,10/09 21:59,2112,7879,2020-10-10T01:59:00Z,,,,72316,1744,368,1541162,1006847,173391,12222,161169,,,,,,,,08,1023,10063,1012173,22708,1012173,,9,24,37f7deb63533a81f1c3996981d8400b97ecc1273,0,0,0,0,0,
20201009,CO,76619,5270,924468,,totalTestEncountersViral,1518454,380,7855,,,,,6792,10/9/2020 01:59,2020-10-09T01:59:00Z,10/08 21:59,2103,7855,2020-10-09T01:59:00Z,,,,71349,1736,367,1518454,995817,172843,12172,160671,,,,,,,,08,834,10031,1001087,22256,1001087,,8,21,dde95db3f5e1901df8463786e7d6b7fbde22d39e,0,0,0,0,0,
20201008,CO,75785,5226,914437,,totalTestEncountersViral,1496198,356,7834,,,,,6756,10/8/2020 01:59,2020-10-08T01:59:00Z,10/07 21:59,2095,7834,2020-10-08T01:59:00Z,,,,70559,1729,366,1496198,984996,172162,12116,160046,,,,,,,,08,863,9322,990222,18897,990222,,10,63,9bede1c23405bda287af168db429b83e240a7caa,0,0,0,0,0,
20201007,CO,74922,5174,905115,,totalTestEncountersViral,1477301,369,7771,,,,,6727,10/7/2020 01:59,2020-10-07T01:59:00Z,10/06 21:59,2085,7771,2020-10-07T01:59:00Z,,,,69748,1720,365,1477301,974863,171533,12048,159485,,,,,,,,08,731,8715,980037,17969,980037,,4,50,99b8c0fd195c96072ebb4c7ae54f247c1dc0b32d,0,0,0,0,0,
20201006,CO,74191,5142,896400,,totalTestEncountersViral,1459332,343,7721,,,,,6696,10/6/2020 01:59,2020-10-06T01:59:00Z,10/05 21:59,2081,7721,2020-10-06T01:59:00Z,,,,69049,1718,363,1459332,965449,171199,12017,159182,,,,,,,,08,654,7316,970591,15070,970591,,12,28,e9b4b8e3e15d97bf991ccd8252f6165cd6fd86c0,0,0,0,0,0,
20201005,CO,73537,5088,889084,,totalTestEncountersViral,1444262,325,7693,,,,,6655,10/5/2020 01:59,2020-10-05T01:59:00Z,10/04 21:59,2069,7693,2020-10-05T01:59:00Z,,,,68449,1707,362,1444262,957533,170897,11998,158899,,,,,,,,08,461,6341,962621,13722,962621,,1,20,65649ed2b1d75da26579e9ea79aaba0b32fb8bf1,0,0,0,0,0,
20201004,CO,73076,5060,882743,,totalTestEncountersViral,1430540,303,7673,,,,,6635,10/4/2020 01:59,2020-10-04T01:59:00Z,10/03 21:59,2068,7673,2020-10-04T01:59:00Z,,,,68016,1706,362,1430540,950759,170539,11967,158572,,,,,,,,08,521,7903,955819,16204,955819,,8,7,a6f8bfd5c4a54ea770e2159512bde300a5d7e708,0,0,0,0,0,
20201003,CO,72555,5056,874840,,totalTestEncountersViral,1414336,296,7666,,,,,6609,10/3/2020 01:59,2020-10-03T01:59:00Z,10/02 21:59,2060,7666,2020-10-03T01:59:00Z,,,,67499,1698,362,1414336,942339,170070,11926,158144,,,,,,,,08,657,8817,947395,17990,947395,,3,13,e3d69f2cdb3c1287ea535aec2132cf63609b4544,0,0,0,0,0,
20201002,CO,71898,5007,866023,,totalTestEncountersViral,1396346,304,7653,,,,,6576,10/2/2020 01:59,2020-10-02T01:59:00Z,10/01 21:59,2057,7653,2020-10-02T01:59:00Z,,,,66891,1696,361,1396346,932914,169543,11878,157665,,,,,,,,08,680,10033,937921,19426,937921,,3,74,e5c3b4b6448844b0838fe16369c5370eea3db047,0,0,0,0,0,
20201001,CO,71218,4976,855990,,totalTestEncountersViral,1376920,282,7579,,,,,6556,10/1/2020 01:59,2020-10-01T01:59:00Z,09/30 21:59,2054,7579,2020-10-01T01:59:00Z,,,,66242,1696,358,1376920,922232,168871,11827,157044,,,,,,,,08,682,10142,927208,19761,927208,,3,11,4867894a87bb1642e83c82ed7e8aa1ad7b651690,0,0,0,0,0,
20200930,CO,70536,4958,845848,,totalTestEncountersViral,1357159,264,7568,,,,,6531,9/30/2020 01:59,2020-09-30T01:59:00Z,09/29 21:59,2051,7568,2020-09-30T01:59:00Z,,,,65578,1694,357,1357159,911426,168337,11761,156576,,,,,,,,08,511,8721,916384,15979,916384,,5,10,a24774fd5e787f1b3fd9bd54c45ccb20dd5ecb35,0,0,0,0,0,
20200929,CO,70025,4910,837127,,totalTestEncountersViral,1341180,268,7558,,,,,6500,9/29/2020 01:59,2020-09-29T01:59:00Z,09/28 21:59,2046,7558,2020-09-29T01:59:00Z,,,,65115,1689,357,1341180,902242,167989,11733,156256,,,,,,,,08,535,6743,907152,14538,907152,,2,28,a8d7f1694e73ff202b9281fb0e9dedd38d451b9d,0,0,0,0,0,
20200928,CO,69490,4878,830384,,totalTestEncountersViral,1326642,246,7530,,,,,6469,9/28/2020 01:59,2020-09-28T01:59:00Z,09/27 21:59,2044,7530,2020-09-28T01:59:00Z,,,,64612,1687,357,1326642,894996,167635,11707,155928,,,,,,,,08,411,6082,899874,13239,899874,,3,7,ddf664f0a91cc2df89bed84125d30809641a51d2,0,0,0,0,0,
20200927,CO,69079,4842,824302,,totalTestEncountersViral,1313403,263,7523,,,,,6441,9/27/2020 01:59,2020-09-27T01:59:00Z,09/26 21:59,2041,7523,2020-09-27T01:59:00Z,,,,64237,1685,356,1313403,888539,167416,11693,155723,,,,,,,,08,569,9970,893381,17748,893381,,1,3,4123ad16690d91b30077c393f9ee4abb7b8a7273,0,0,0,0,0,
20200926,CO,68510,4821,814332,,totalTestEncountersViral,1295655,248,7520,,,,,6424,9/26/2020 01:59,2020-09-26T01:59:00Z,09/25 21:59,2040,7520,2020-09-26T01:59:00Z,,,,63689,1684,356,1295655,878021,166968,11633,155335,,,,,,,,08,584,9526,882842,18042,882842,,3,41,5ad3565323b46e003775d7ace03839dcba759dcd,0,0,0,0,0,
20200925,CO,67926,4789,804806,,totalTestEncountersViral,1277613,248,7479,,,,,6404,9/25/2020 01:59,2020-09-25T01:59:00Z,09/24 21:59,2037,7479,2020-09-25T01:59:00Z,,,,63137,1682,355,1277613,867943,166415,11592,154823,,,,,,,,08,709,9218,872732,16752,872732,,4,25,522e471bb1d75a12b5c1f11bc4bed23a3767e507,0,0,0,0,0,
20200924,CO,67217,4697,795588,,totalTestEncountersViral,1260861,258,7454,,,,,6384,9/24/2020 01:59,2020-09-24T01:59:00Z,09/23 21:59,2033,7454,2020-09-24T01:59:00Z,,,,62520,1678,355,1260861,858108,165873,11561,154312,,,,,,,,08,548,8665,862805,15116,862805,,3,10,4852659d73021445194e31304bb2f5b2a6fabc1c,0,0,0,0,0,
20200923,CO,66669,4686,786923,,totalTestEncountersViral,1245745,259,7444,,,,,6351,9/23/2020 01:59,2020-09-23T01:59:00Z,09/22 21:59,2030,7444,2020-09-23T01:59:00Z,,,,61983,1676,354,1245745,848906,165290,11524,153766,,,,,,,,08,616,7865,853592,13457,853592,,5,28,ddc472b28f732f5fc52f06b661260f17788dd408,0,0,0,0,0,
20200922,CO,66053,4659,779058,,totalTestEncountersViral,1232288,230,7416,,,,,6332,9/22/2020 01:59,2020-09-22T01:59:00Z,09/21 21:59,2025,7416,2020-09-22T01:59:00Z,,,,61394,1672,353,1232288,840452,167110,11645,155465,,,,,,,,08,654,5573,845111,13151,845111,,7,43,c59ff94f0eb45d5217abf4eed1510b6cefa0f61c,0,0,0,0,0,
20200921,CO,65399,4607,773485,,totalTestEncountersViral,1219137,239,7373,,,,,6306,9/21/2020 01:59,2020-09-21T01:59:00Z,09/20 21:59,2018,7373,2020-09-21T01:59:00Z,,,,60792,1666,352,1219137,834277,166809,11624,155187,,,,,,,,08,542,5633,838884,10712,838884,,4,10,c1af3ebf6ebbe09ef77bcd4934310bfcae23a42e,0,0,0,0,0,
20200920,CO,64857,4601,767852,,totalTestEncountersViral,1208425,239,7363,,,,,6291,9/20/2020 01:59,2020-09-20T01:59:00Z,09/19 21:59,2014,7363,2020-09-20T01:59:00Z,,,,60256,1663,351,1208425,828108,166546,11600,154948,,,,,,,,08,501,6506,832709,13046,832709,,1,6,25168602d2a2777946a55db145962f90af036446,0,0,0,0,0,
20200919,CO,64356,4574,761346,,totalTestEncountersViral,1195379,237,7357,,,,,6274,9/20/2020 01:59,2020-09-20T01:59:00Z,09/19 21:59,2013,7357,2020-09-20T01:59:00Z,,,,59782,1662,351,1195379,821128,166196,11568,154630,,,,,,,,08,606,7227,825702,13550,825702,,4,10,5533b942e64f759edaa393494a70bb8744ab8f56,0,0,0,0,0,
20200918,CO,63750,4514,754119,,totalTestEncountersViral,1181829,230,7347,,,,,6254,9/19/2020 01:59,2020-09-19T01:59:00Z,09/18 21:59,2009,7347,2020-09-19T01:59:00Z,,,,59236,1658,351,1181829,813355,165511,11507,154006,,,,,,,,08,605,8023,817869,14919,817869,,3,20,4e79de4d541427e29885ab0639324060bf452cb4,0,0,0,0,0,
20200917,CO,63145,4474,746096,,totalTestEncountersViral,1166910,213,7327,,,,,6241,9/18/2020 01:59,2020-09-18T01:59:00Z,09/17 21:59,2006,7327,2020-09-18T01:59:00Z,,,,58671,1655,351,1166910,804767,164905,11458,153449,,,,,,,,08,459,6860,809241,13057,809241,,4,39,1375b190edf88402e4ce957ffa6d05c787f7a75e,0,0,0,0,0,
20200916,CO,62686,4429,739236,,totalTestEncountersViral,1153853,248,7288,,,,,6220,9/17/2020 01:59,2020-09-17T01:59:00Z,09/16 21:59,2002,7288,2020-09-17T01:59:00Z,,,,58257,1651,351,1153853,797493,164320,11393,152929,,,,,,,,08,587,5602,801922,9912,801922,,6,26,20837e8ed38c1a754970be254d1ef8f56c241544,0,0,0,0,0,
20200915,CO,62099,4294,733634,,totalTestEncountersViral,1143941,273,7262,,,,,6197,9/16/2020 01:59,2020-09-16T01:59:00Z,09/15 21:59,1996,7262,2020-09-16T01:59:00Z,,,,57805,1645,351,1143941,791439,164320,11370,152511,,,,,,,,08,400,4576,795733,9275,795733,,6,22,850d4a2cb0bab49fb843bc5302ecc9502ba3659d,0,0,0,0,0,
20200914,CO,61699,4246,729058,,totalTestEncountersViral,1134666,239,7240,,,,,6184,9/14/2020 01:59,2020-09-14T01:59:00Z,09/13 21:59,1990,7240,2020-09-14T01:59:00Z,,,,57453,1639,351,1134666,786511,163615,11348,152267,,,,,,,,08,375,5852,790757,10485,790757,,2,13,36b516e0684e1cf5a297947e34535a0de62501ba,0,0,0,0,0,
20200913,CO,61324,4225,723206,,totalTestEncountersViral,1124181,228,7227,,,,,6162,9/13/2020 01:59,2020-09-13T01:59:00Z,09/12 21:59,1988,7227,2020-09-13T01:59:00Z,,,,57099,1637,351,1124181,780305,163290,11326,151964,,,,,,,,08,417,6625,784530,12609,784530,,0,4,938d83772595317d937856bc95be498779fe273c,0,0,0,0,0,
20200912,CO,60907,4203,716581,,totalTestEncountersViral,1111572,226,7223,,,,,6156,9/12/2020 01:59,2020-09-12T01:59:00Z,09/11 21:59,1988,7223,2020-09-12T01:59:00Z,,,,56704,1637,351,1111572,773285,162866,11300,151566,,,,,,,,08,415,6846,777488,13587,777488,,3,15,a428103c1de7d25f8fa2103bac24b4cc52d3c1b8,0,0,0,0,0,
20200911,CO,60492,4114,709735,,totalTestEncountersViral,1097985,232,7208,,,,,6139,9/11/2020 01:59,2020-09-11T01:59:00Z,09/10 21:59,1985,7208,2020-09-11T01:59:00Z,,,,56378,1634,351,1097985,766113,162325,11252,151073,,,,,,,,08,307,5238,770227,10786,770227,,6,22,53293e5a49e130ef362bd1e85e69e0c3c4d3d0da,0,0,0,0,0,
20200910,CO,60185,4072,704497,,totalTestEncountersViral,1087199,240,7186,,,,,6117,9/10/2020 01:59,2020-09-10T01:59:00Z,09/09 21:59,1979,7186,2020-09-10T01:59:00Z,,,,56113,1629,350,1087199,760610,161906,11227,150679,,,,,,,,08,265,4065,764682,7923,764682,,2,13,dc3f1053e9052150584e982512115632faf568f4,0,0,0,0,0,
20200909,CO,59920,4054,700432,,totalTestEncountersViral,1079276,226,7173,,,,,6102,9/9/2020 01:59,2020-09-09T01:59:00Z,09/08 21:59,1977,7173,2020-09-09T01:59:00Z,,,,55866,1627,350,1079276,756298,161518,11199,150319,,,,,,,,08,246,2865,760352,5297,760352,,4,12,69defa5651cfa289c3b91e44618204f039d8f26f,0,0,0,0,0,
20200908,CO,59674,4032,697567,,totalTestEncountersViral,1073979,218,7161,,,,,6093,9/8/2020 01:59,2020-09-08T01:59:00Z,09/07 21:59,1973,7161,2020-09-08T01:59:00Z,,,,55642,1623,350,1073979,753209,161277,11175,150102,,,,,,,,08,187,2735,757241,4373,757241,,0,19,f5b1c8d7d873c32ca5561564a1cdff1c0b6ca788,0,0,0,0,0,
20200907,CO,59487,4029,694832,,totalTestEncountersViral,1069606,237,7142,,,,,6074,9/7/2020 01:59,2020-09-07T01:59:00Z,09/06 21:59,1973,7142,2020-09-07T01:59:00Z,,,,55458,1623,350,1069606,750290,161106,11166,149940,,,,,,,,08,213,5645,754319,10049,754319,,1,4,ec4a8b1a1cabe38ff956d7053b484bc7f8e6f01f,0,0,0,0,0,
20200906,CO,59274,4018,689187,,totalTestEncountersViral,1059557,227,7138,,,,,6057,9/6/2020 01:59,2020-09-06T01:59:00Z,09/05 21:59,1972,7138,2020-09-06T01:59:00Z,,,,55256,1623,349,1059557,744443,160811,11137,149674,,,,,,,,08,285,5604,748461,8473,748461,,1,4,75b66cd00be02a7a992534cf62866b2c7721c3b9,0,0,0,0,0,
20200905,CO,58989,4009,683583,,totalTestEncountersViral,1051084,220,7134,,,,,6049,9/5/2020 01:59,2020-09-05T01:59:00Z,09/04 21:59,1971,7134,2020-09-05T01:59:00Z,,,,54980,1622,349,1051084,738563,160346,11117,149229,,,,,,,,08,334,6270,742572,10332,742572,,5,9,3887484c90b2d23caa39d8ca5d66aab6f3b5ecb3,0,0,0,0,0,
20200904,CO,58655,3946,677313,,totalTestEncountersViral,1040752,219,7125,,,,,6029,9/4/2020 01:59,2020-09-04T01:59:00Z,09/03 21:59,1966,7125,2020-09-04T01:59:00Z,,,,54709,1617,349,1040752,732022,159721,11076,148645,,,,,,,,08,368,6585,735968,10961,735968,,11,21,51aae7c26e47782016f1307b5816b6deb5376cd5,0,0,0,0,0,
20200903,CO,58287,3920,670728,,totalTestEncountersViral,1029791,211,7104,,,,,6011,9/3/2020 01:59,2020-09-03T01:59:00Z,09/02 21:59,1955,7104,2020-09-03T01:59:00Z,,,,54367,1606,349,1029791,725095,159091,11028,148063,,,,,,,,08,268,5689,729015,8294,729015,,3,14,5efab15622d202e0b8b6588d92236760a55b7960,0,0,0,0,0,
20200902,CO,58019,3910,665039,,totalTestEncountersViral,1021497,247,7090,,,,,5992,9/2/2020 01:59,2020-09-02T01:59:00Z,09/01 21:59,1952,7090,2020-09-02T01:59:00Z,,,,54109,1604,348,1021497,719148,158603,10998,147605,,,,,,,,08,244,4416,723058,6855,723058,,6,37,3549f69c39c0ef6b593f12c1a4d96e3aaa52ae88,0,0,0,0,0,
20200901,CO,57775,3897,660623,,totalTestEncountersViral,1014642,236,7053,,,,,5979,9/1/2020 01:59,2020-09-01T01:59:00Z,08/31 21:59,1946,7053,2020-09-01T01:59:00Z,,,,53878,1598,348,1014642,714501,158224,10966,147258,,,,,,,,08,351,3279,718398,4672,718398,,1,25,095d7c89ee70857871bd03a4009c895f3721fb61,0,0,0,0,0,
20200831,CO,57424,3845,657344,,totalTestEncountersViral,1009970,241,7028,,,,,5953,8/31/2020 01:59,2020-08-31T01:59:00Z,08/30 21:59,1945,7028,2020-08-31T01:59:00Z,,,,53579,1597,348,1009970,710923,157837,10932,146905,,,,,,,,08,201,4671,714768,7168,714768,,1,18,e9786fc60d2bc5212ed02168780506ec34e37c0c,0,0,0,0,0,
20200830,CO,57223,3829,652673,,totalTestEncountersViral,1002802,240,7010,,,,,5946,8/30/2020 01:59,2020-08-30T01:59:00Z,08/29 21:59,1944,7010,2020-08-30T01:59:00Z,,,,53394,1596,348,1002802,706067,157500,10910,146590,,,,,,,,08,182,4505,709896,7851,709896,,0,17,f5324b104a787f48e455e53882132fd2054fb466,0,0,0,0,0,
20200829,CO,57041,3832,648168,,totalTestEncountersViral,994951,239,6993,,,,,5933,8/29/2020 01:59,2020-08-29T01:59:00Z,08/28 21:59,1944,6993,2020-08-29T01:59:00Z,,,,53209,1596,348,994951,701377,157120,10882,146238,,,,,,,,08,268,5557,705209,9329,705209,,7,48,e6852a9b524ab6da0528a0aacb16ebd92b93dd6e,0,0,0,0,0,
20200828,CO,56773,3815,642611,,totalTestEncountersViral,985622,225,6945,,,,,5921,8/28/2020 01:59,2020-08-28T01:59:00Z,08/27 21:59,1937,6945,2020-08-28T01:59:00Z,,,,52958,1591,346,985622,695569,156499,10834,145665,,,,,,,,08,430,7643,699384,12632,699384,,6,17,c129147f9c04ff39b563200c49dfece16653573e,0,0,0,0,0,
20200827,CO,56343,3781,634968,,totalTestEncountersViral,972990,213,6928,,,,,5907,8/27/2020 01:59,2020-08-27T01:59:00Z,08/26 21:59,1931,6928,2020-08-27T01:59:00Z,,,,52562,1585,346,972990,687530,155517,10757,144760,,,,,,,,08,350,4858,691311,10236,691311,,4,26,46cb1aa5c87d53a57baf03b0b1ab54563e5ebe4e,0,0,0,0,0,
20200826,CO,55993,3765,630110,,totalTestEncountersViral,962754,253,6902,,,,,5881,8/26/2020 01:59,2020-08-26T01:59:00Z,08/25 21:59,1927,6902,2020-08-26T01:59:00Z,,,,52228,1581,346,962754,682339,154903,10697,144206,,,,,,,,08,193,3849,686103,7113,686103,,1,8,560d45c4ab9dba292f0937658cc70f0fed98504b,0,0,0,0,0,
20200825,CO,55800,3726,626261,,totalTestEncountersViral,955641,243,6894,,,,,5867,8/25/2020 01:59,2020-08-25T01:59:00Z,08/24 21:59,1926,6894,2020-08-25T01:59:00Z,,,,52074,1580,346,955641,678335,154497,10671,143826,,,,,,,,08,459,31404,682061,7996,682061,,7,49,9cc5fd9900f6ea672642daefd01d055c560a2e13,0,0,0,0,0,
20200824,CO,55341,3665,594857,,totalTestEncountersViral,947645,243,6845,,,,,5841,8/24/2020 01:59,2020-08-24T01:59:00Z,08/23 21:59,1919,6845,2020-08-24T01:59:00Z,,,,51676,1574,345,947645,673913,154075,10639,143436,,,,,,,,08,198,0,650198,9049,650198,,1,4,9c926d8de844d38a593bfc4ee06c1d5d3ec1b0b6,0,0,0,0,0,
20200823,CO,55143,3638,594857,,totalTestEncountersViral,938596,225,6841,,,,,5823,8/23/2020 01:59,2020-08-23T01:59:00Z,08/22 21:59,1918,6841,2020-08-23T01:59:00Z,,,,51505,1573,345,938596,668994,153659,10612,143047,,,,,,,,08,260,0,650000,8444,650000,,0,10,bf01d91c64dcecced518013b4c708a808dc2159e,0,0,0,0,0,
20200822,CO,54883,3625,594857,,totalTestEncountersViral,930152,258,6831,,,,,5804,8/22/2020 01:59,2020-08-22T01:59:00Z,08/21 21:59,1918,6831,2020-08-22T01:59:00Z,,,,51258,1573,345,930152,663781,153148,10575,142573,,,,,,,,08,297,0,649740,11226,649740,,8,23,be8c7b7f322898ad7ecbe0e3f4a87a5af51dad82,0,0,0,0,0,
20200821,CO,54586,3619,594857,,totalTestEncountersViral,918926,236,6808,,,,,5791,8/21/2020 01:59,2020-08-21T01:59:00Z,08/20 21:59,1910,6808,2020-08-21T01:59:00Z,,,,50967,1566,344,918926,657852,152413,10514,141899,,,,,,,,08,356,0,649443,12233,649443,,7,11,15e59d001a9124f623b4b2a7c4c6f2a1b0cfe349,0,0,0,0,0,
20200820,CO,54230,3603,594857,,totalTestEncountersViral,906693,238,6797,,,,,5759,8/20/2020 01:59,2020-08-20T01:59:00Z,08/19 21:59,1903,6797,2020-08-20T01:59:00Z,,,,50627,1559,344,906693,651250,151642,10454,141188,,,,,,,,08,329,0,649087,11486,649087,,3,13,14cd3cefbcda1ee14ec18c238548d3de0f0dbff4,0,0,0,0,0,
20200819,CO,53901,3588,594857,,totalTestEncountersViral,895207,238,6784,,,,,5759,8/19/2020 01:59,2020-08-19T01:59:00Z,08/18 21:59,1900,6784,2020-08-19T01:59:00Z,,,,50313,1556,344,895207,645170,150931,10406,140525,,,,,,,,08,270,4657,648758,7348,648758,,1,3,a363a44d30dd33cf632e52277224e32f824d40db,0,0,0,0,0,
20200818,CO,53631,3581,590200,,totalTestEncountersViral,887859,262,6781,,,,,5729,8/18/2020 01:59,2020-08-18T01:59:00Z,08/17 21:59,1899,6781,2020-08-18T01:59:00Z,,,,50050,1555,344,887859,640250,150520,10372,140148,,,,,,,,08,261,3920,643831,6607,643831,,3,42,4216e67958a437dec278b468459b18fc48436efe,0,0,0,0,0,
20200817,CO,53370,3569,586280,,totalTestEncountersViral,881252,245,6739,,,,,5712,8/17/2020 01:59,2020-08-17T01:59:00Z,08/16 21:59,1896,6739,2020-08-17T01:59:00Z,,,,49801,1552,344,881252,636081,150080,10349,139731,,,,,,,,08,194,4883,639650,8201,639650,,0,4,de9b39c18793bd63415ed8086d1d4f115761bbce,0,0,0,0,0,
20200816,CO,53176,3565,581397,,totalTestEncountersViral,873051,240,6735,,,,,5695,8/16/2020 01:59,2020-08-16T01:59:00Z,08/15 21:59,1896,6735,2020-08-16T01:59:00Z,,,,49611,1552,344,873051,631008,149571,10304,139267,,,,,,,,08,338,7930,634573,13317,634573,,0,8,12fa0a3a840fffbc144405d59b601d30011ce7b2,0,0,0,0,0,
20200815,CO,52838,3560,573467,,totalTestEncountersViral,859734,236,6727,,,,,5660,8/15/2020 01:59,2020-08-15T01:59:00Z,08/14 21:59,1896,6727,2020-08-15T01:59:00Z,,,,49278,1552,344,859734,622745,148571,10222,138349,,,,,,,,08,300,5680,626305,10939,626305,,8,9,44cd972806f76b5a8fba62a198e115b47edf6d0e,0,0,0,0,0,
20200814,CO,52538,3553,567787,,totalTestEncountersViral,848795,236,6718,,,,,5660,8/14/2020 01:59,2020-08-14T01:59:00Z,08/13 21:59,1888,6718,2020-08-14T01:59:00Z,,,,48985,1545,343,848795,616772,148122,10189,137933,,,,,,,,08,319,6640,620325,11505,620325,,6,18,94126adaefbc9263d74de2c6aec082f3059d2df1,0,0,0,0,0,
20200813,CO,52219,3542,561147,,totalTestEncountersViral,837290,265,6700,,,,,5644,8/13/2020 01:59,2020-08-13T01:59:00Z,08/12 21:59,1882,6700,2020-08-13T01:59:00Z,,,,48677,1539,343,837290,609824,147320,10110,137210,,,,,,,,08,463,7113,613366,12228,613366,,7,15,544a5cc8121a21633e3ee3e9e603ae4127e00b22,0,0,0,0,0,
20200812,CO,51756,3494,554034,,totalTestEncountersViral,825062,288,6685,,,,,5630,8/12/2020 01:59,2020-08-12T01:59:00Z,08/11 21:59,1875,6685,2020-08-12T01:59:00Z,,,,48262,1533,342,825062,602296,146470,10053,136417,,,,,,,,08,315,4175,605790,7640,605790,,0,6,4a44b544f3a50572c46a0a32b546473d683142c2,0,0,0,0,0,
20200811,CO,51441,3433,549859,,totalTestEncountersViral,817422,315,6679,,,,,5608,8/11/2020 01:59,2020-08-11T01:59:00Z,08/10 21:59,1875,6679,2020-08-11T01:59:00Z,,,,48008,1533,342,817422,597867,145694,9992,135702,,,,,,,,08,402,3716,601300,7146,601300,,12,52,590fdbe87a774e9d91704f13c112edaed79db929,0,0,0,0,0,
20200810,CO,51039,3388,546143,,totalTestEncountersViral,810276,309,6627,,,,,5579,8/9/2020 01:59,2020-08-09T01:59:00Z,08/08 21:59,1863,6627,2020-08-09T01:59:00Z,,,,47651,1522,341,810276,593794,145181,9956,135225,,,,,,,,08,379,4963,597182,8537,597182,,5,11,e7609bf8234bee154beb89a993483fe4cf383545,0,0,0,0,0,
20200809,CO,50660,3293,541180,,totalTestEncountersViral,801739,319,6616,,,,,5554,8/9/2020 01:59,2020-08-09T01:59:00Z,08/08 21:59,1858,6616,2020-08-09T01:59:00Z,,,,47367,1517,341,801739,588547,144812,9941,134871,,,,,,,,08,336,5624,591840,10717,591840,,1,14,854abddefa339b52677629ca44c5fb2fa6087707,0,0,0,0,0,
20200808,CO,50324,3241,535556,,totalTestEncountersViral,791022,346,6602,,,,,5507,8/8/2020 01:59,2020-08-08T01:59:00Z,08/07 21:59,1857,6602,2020-08-08T01:59:00Z,,,,47083,1516,341,791022,582639,144070,9890,134180,,,,,,,,08,431,6318,585880,11352,585880,,0,20,af788561838465690dd9fac920abb4dbfb9ea9cd,0,0,0,0,0,
20200807,CO,49893,3237,529238,,totalTestEncountersViral,779670,317,6582,,,,,5490,8/7/2020 01:59,2020-08-07T01:59:00Z,08/06 21:59,1857,6582,2020-08-07T01:59:00Z,,,,46656,1516,341,779670,575894,143068,9795,133273,,,,,,,,08,457,7311,579131,13197,579131,,5,10,b8d271b7bbaf0ca0f2c646dc8d02afd82218ec7f,0,0,0,0,0,
20200806,CO,49436,3236,521927,,totalTestEncountersViral,766473,317,6572,,,,,5490,8/6/2020 01:59,2020-08-06T01:59:00Z,08/05 21:59,1852,6572,2020-08-06T01:59:00Z,,,,46200,1511,341,766473,568127,142116,9726,132390,,,,,,,,08,448,5596,571363,11829,571363,,1,36,f7dd6195f50def3b3e675f5b503e6088ffa2dc82,0,0,0,0,0,
20200805,CO,48988,3233,516331,,totalTestEncountersViral,754644,320,6536,,,,,5471,8/5/2020 01:59,2020-08-05T01:59:00Z,08/04 21:59,1851,6536,2020-08-05T01:59:00Z,,,,45755,1510,341,754644,562086,141311,9661,131650,,,,,,,,08,594,9303,565319,27618,565319,,2,20,b3efeb2927f4b281dd9e7203c1270b36ac96946c,0,0,0,0,0,
20200804,CO,48394,3217,507028,,totalTestEncountersViral,727026,335,6516,,,,,5449,8/4/2020 01:59,2020-08-04T01:59:00Z,08/03 21:59,1849,6516,2020-08-04T01:59:00Z,,,,45177,1508,341,727026,552205,140274,9584,130690,,,,,,,,08,426,2993,555422,5105,555422,,5,29,da54ef9dd3b542f206e4f48ac9b5e7008fbcddfa,0,0,0,0,0,
20200803,CO,47968,3195,504035,,totalTestEncountersViral,721921,340,6487,,,,,5424,8/3/2020 01:59,2020-08-03T01:59:00Z,08/02 21:59,1844,6487,2020-08-03T01:59:00Z,,,,44773,1503,341,721921,548808,139950,9553,130397,,,,,,,,08,252,4539,552003,7361,552003,,0,13,fc26f1698d472389952a116a428e52aa71955558,0,0,0,0,0,
20200802,CO,47716,3189,499496,,totalTestEncountersViral,714560,308,6474,,,,,5393,8/2/2020 01:59,2020-08-02T01:59:00Z,08/01 21:59,1844,6474,2020-08-02T01:59:00Z,,,,44527,1502,342,714560,544023,139566,9525,130041,,,,,,,,08,449,6191,547212,10606,547212,,0,9,26d1972a122373a4efbdcf023741c0bce5230d04,0,0,0,0,0,
20200801,CO,47267,3190,493305,,totalTestEncountersViral,703954,335,6465,,,,,5359,8/2/2020 01:59,2020-08-02T01:59:00Z,08/01 21:59,1844,6465,2020-08-02T01:59:00Z,,,,44077,1501,343,703954,537382,138850,9474,129376,,,,,,,,08,458,6711,540572,12589,540572,,6,24,430075c708f19682d92d844d366678460a12bf71,0,0,0,0,0,
20200731,CO,46809,3183,486594,,totalTestEncountersViral,691365,350,6441,,,,,5334,8/1/2020 01:59,2020-08-01T01:59:00Z,07/31 21:59,1838,6441,2020-08-01T01:59:00Z,,,,43626,1498,340,691365,530220,137774,9385,128389,,,,,,,,08,605,6452,533403,12542,533403,,16,28,3b9a7be401f9c35bfbde1274a913d61f03b579bb,0,0,0,0,0,
20200730,CO,46204,3172,480142,,totalTestEncountersViral,678823,350,6413,,,,,5309,7/31/2020 01:59,2020-07-31T01:59:00Z,07/30 21:59,1822,6413,2020-07-31T01:59:00Z,,,,43032,1483,339,678823,523174,136714,9293,127421,,,,,,,,08,408,6266,526346,10578,526346,,0,15,5d96234805b74bcf29f109e3ffb59b7a7dc3021c,0,0,0,0,0,
20200729,CO,45796,3170,473876,,totalTestEncountersViral,668245,341,6398,,,,,5277,7/30/2020 01:59,2020-07-30T01:59:00Z,07/29 21:59,1822,6398,2020-07-30T01:59:00Z,,,,42626,1483,339,668245,516502,135720,9224,126496,,,,,,,,08,482,7013,519672,11940,519672,,15,79,bf5f49fd1e2ca78c261343cacd470adfe868680e,0,0,0,0,0,
20200728,CO,45314,3165,466863,,totalTestEncountersViral,656305,353,6319,,,,,5243,7/29/2020 01:59,2020-07-29T01:59:00Z,07/28 21:59,1807,6319,2020-07-29T01:59:00Z,,,,42149,1470,337,656305,509012,134877,9159,125718,,,,,,,,08,749,10998,512177,17337,512177,,8,48,231d6183d1edcb2fdb883102973cc1962306b3a3,0,0,0,0,0,
20200727,CO,44565,3165,455865,,totalTestEncountersViral,638968,359,6271,,,,,5212,7/28/2020 01:59,2020-07-28T01:59:00Z,07/27 21:59,1799,6271,2020-07-28T01:59:00Z,,,,41400,1463,336,638968,497265,133944,9091,124853,,,,,,,,08,229,2413,500430,3393,500430,,5,3,1e52c6c585d1f560c8a8f9a342661795eb12c653,0,0,0,0,0,
20200726,CO,44336,3162,453452,,totalTestEncountersViral,635575,365,6268,,,,,5182,7/27/2020 01:59,2020-07-27T01:59:00Z,07/26 21:59,1794,6268,2020-07-27T01:59:00Z,,,,41174,1458,336,635575,494626,133640,9075,124565,,,,,,,,08,547,6845,497788,11224,497788,,0,7,e9e54621d506aa5a78e36b038e0ce7f2484d24b8,0,0,0,0,0,
20200725,CO,43789,3161,446607,,totalTestEncountersViral,624351,338,6261,,,,,5158,7/26/2020 01:59,2020-07-26T01:59:00Z,07/25 21:59,1794,6261,2020-07-26T01:59:00Z,,,,40628,1458,336,624351,487235,132916,9035,123881,,,,,,,,08,809,9843,490396,16281,490396,,4,34,b3bd5fc95103250d473f87ac65b6ee53b9a4e047,0,0,0,0,0,
20200724,CO,42980,3158,436764,,totalTestEncountersViral,608070,357,6227,,,,,5133,7/25/2020 01:59,2020-07-25T01:59:00Z,07/24 21:59,1790,6227,2020-07-25T01:59:00Z,,,,39822,1454,336,608070,476586,131524,8979,122545,,,,,,,,08,666,8201,479744,13339,479744,,4,78,53fe08b184d68c79ea07bea36c79fe34ec02e1d0,0,0,0,0,0,
20200723,CO,42314,3151,428563,,totalTestEncountersViral,594731,356,6149,,,,,5122,7/24/2020 01:59,2020-07-24T01:59:00Z,07/23 21:59,1786,6149,2020-07-24T01:59:00Z,,,,39163,1450,336,594731,467726,130158,8889,121269,,,,,,,,08,616,4850,470877,9180,470877,,15,16,c63ec2658c878cbd6fbed5b13a7a9a6eb3c1ce46,0,0,0,0,0,
20200722,CO,41698,3136,423713,,totalTestEncountersViral,585551,351,6133,,,,,5095,7/23/2020 01:59,2020-07-23T01:59:00Z,07/22 21:59,1771,6133,2020-07-23T01:59:00Z,,,,38562,1435,336,585551,462275,129221,8823,120398,,,,,,,,08,639,7370,465411,11389,465411,,8,23,8771c8c3f8b5ae7eff52a877c701a4f803ce2c1d,0,0,0,0,0,
20200721,CO,41059,3112,416343,,totalTestEncountersViral,574162,373,6110,,,,,5064,7/22/2020 01:59,2020-07-22T01:59:00Z,07/21 21:59,1763,6110,2020-07-22T01:59:00Z,,,,37947,1430,333,574162,454290,128423,8762,119661,,,,,,,,08,493,5610,457402,8863,457402,,5,53,cc0a5247407725c1208f367b4111803e055f8df5,0,0,0,0,0,
20200720,CO,40566,3095,410733,,totalTestEncountersViral,565299,386,6057,,,,,5019,7/21/2020 01:59,2020-07-21T01:59:00Z,07/20 21:59,1758,6057,2020-07-21T01:59:00Z,,,,37471,1426,332,565299,448204,127886,8717,119169,,,,,,,,08,424,8706,451299,12383,451299,,6,25,137535fbb98be9515e0517af44e424da4181e92d,0,0,0,0,0,
20200719,CO,40142,3101,402027,,totalTestEncountersViral,552916,397,6032,,,,,4969,7/20/2020 01:59,2020-07-20T01:59:00Z,07/19 21:59,1752,6032,2020-07-20T01:59:00Z,,,,37041,1420,332,552916,439068,127160,8676,118484,,,,,,,,08,354,5877,442169,9246,442169,,0,13,3090cdf7ec7a9475d04bc529771ec5828c576c43,0,0,0,0,0,
20200718,CO,39788,3090,396150,,totalTestEncountersViral,543670,401,6019,,,,,4948,7/19/2020 01:59,2020-07-19T01:59:00Z,07/18 21:59,1752,6019,2020-07-19T01:59:00Z,,,,36698,1420,332,543670,432848,126333,8621,117712,,,,,,,,08,444,4711,435938,9049,435938,,1,25,10439a07ebaf7a6e875c69795438cc8ec01b9032,0,0,0,0,0,
20200717,CO,39344,3084,391439,,totalTestEncountersViral,534621,394,5994,,,,,4927,7/18/2020 01:59,2020-07-18T01:59:00Z,07/17 21:59,1751,5994,2020-07-18T01:59:00Z,,,,36260,1419,332,534621,427699,124691,8169,116522,,,,,,,,08,618,5816,430783,8941,430783,,6,28,0320e58777fd2d584a81552ecd2f17cd891909f8,0,0,0,0,0,
20200716,CO,38726,3036,385623,,totalTestEncountersViral,525680,412,5966,,,,,4909,7/17/2020 01:59,2020-07-17T01:59:00Z,07/16 21:59,1745,5966,2020-07-17T01:59:00Z,,,,35690,1413,332,525680,421313,123305,8094,115211,,,,,,,,08,571,7562,424349,10938,424349,,1,16,bb8e916bbac37f48ad54594e60fcd4041b027bef,0,0,0,0,0,
20200715,CO,38155,3029,378061,,totalTestEncountersViral,514742,389,5950,,,,,4880,7/16/2020 01:59,2020-07-16T01:59:00Z,07/15 21:59,1744,5950,2020-07-16T01:59:00Z,,,,35126,1413,331,514742,413187,121619,7961,113658,,,,,,,,08,469,5757,416216,8614,416216,,6,-13,6fdc71ad9c78495c175277a9a3a72eae50757258,0,0,0,0,0,
20200714,CO,37686,3023,372304,,totalTestEncountersViral,506128,368,5963,,,,,4844,7/15/2020 01:59,2020-07-15T01:59:00Z,07/14 21:59,1738,5963,2020-07-15T01:59:00Z,,,,34663,1408,330,506128,406967,120774,7916,112858,,,,,,,,08,444,4591,409990,7297,409990,,11,22,182e63aa8a0366ad852c829c739f616578bfc688,0,0,0,0,0,
20200713,CO,37242,3013,367713,,totalTestEncountersViral,498831,378,5941,,,,,4808,7/14/2020 01:59,2020-07-14T01:59:00Z,07/13 21:59,1727,5941,2020-07-14T01:59:00Z,,,,34229,1400,327,498831,401942,119906,7866,112040,,,,,,,,08,329,5261,404955,8154,404955,,2,46,2dfeeae0663163fb7aa278c07eef45accfdf9f39,0,0,0,0,0,
20200712,CO,36913,3002,362452,,totalTestEncountersViral,490677,324,5895,,,,,4780,7/12/2020 01:59,2020-07-12T01:59:00Z,07/11 21:59,1725,5895,2020-07-12T01:59:00Z,,,,33911,1398,327,490677,396363,119014,7819,111195,,,,,,,,08,322,6940,399365,9327,399365,,0,10,622f41214be921895ef2f0fa8008e5d5211d433c,0,0,0,0,0,
20200711,CO,36591,3004,355512,,totalTestEncountersViral,481350,324,5885,,,,,4749,7/12/2020 01:59,2020-07-12T01:59:00Z,07/11 21:59,1725,5885,2020-07-12T01:59:00Z,,,,33587,1398,327,481350,389099,118286,7780,110506,,,,,,,,08,400,5842,392103,9050,392103,,1,21,d127c5be60d3634974e37cfecbb410677dfa97d7,0,0,0,0,0,
20200710,CO,36191,3002,349670,,totalTestEncountersViral,472300,328,5864,,,,,4728,7/11/2020 01:59,2020-07-11T01:59:00Z,07/10 21:59,1724,5864,2020-07-11T01:59:00Z,,,,33189,1397,327,472300,382859,117106,7740,109366,,,,,,,,08,666,8055,385861,11375,385861,,18,33,a1d00ae1328f4a1a9e9563f913b7a74fa5d896b8,0,0,0,0,0,
20200709,CO,35525,2979,341615,,totalTestEncountersViral,460925,318,5831,,,,,4691,7/10/2020 01:59,2020-07-10T01:59:00Z,07/09 21:59,1706,5831,2020-07-10T01:59:00Z,,,,32546,1379,327,460925,374161,115504,7668,107836,,,,,,,,08,409,6029,377140,9332,377140,,2,11,b0d2ced26baf6dc7411b3db5de4fe252cde79227,0,0,0,0,0,
20200708,CO,35116,2978,335586,,totalTestEncountersViral,451593,335,5820,,,,,4669,7/9/2020 01:59,2020-07-09T01:59:00Z,07/08 21:59,1704,5820,2020-07-09T01:59:00Z,,,,32138,1377,327,451593,367724,114240,7617,106623,,,,,,,,08,452,5177,370702,7131,370702,,8,79,7cb43d7f596483857ccc95f0a96399f48366a792,0,0,0,0,0,
20200707,CO,34664,2928,330409,,totalTestEncountersViral,444462,335,5741,,,,,4669,7/8/2020 01:59,2020-07-08T01:59:00Z,07/07 21:59,1696,5741,2020-07-08T01:59:00Z,,,,31736,1372,324,444462,362145,113417,7551,105866,,,,,,,,08,407,4026,365073,6190,365073,,5,150,736987ce98a4fb18261823562145aa7979ef20c9,0,0,0,0,0,
20200706,CO,34257,2889,326383,,totalTestEncountersViral,438272,327,5591,,,,,4636,7/7/2020 01:59,2020-07-07T01:59:00Z,07/06 21:59,1691,5591,2020-07-07T01:59:00Z,,,,31368,1367,324,438272,357751,112722,7509,105213,,,,,,,,08,192,4793,360640,6571,360640,,-10,26,7c5ab0516b631796085314cecb953f1454066701,0,0,0,0,0,
20200705,CO,34065,2897,321590,,totalTestEncountersViral,431701,286,5565,,,,,4603,7/6/2020 01:59,2020-07-06T01:59:00Z,07/05 21:59,1701,5565,2020-07-06T01:59:00Z,,,,31168,1365,336,431701,352758,112389,7494,104895,,,,,,,,08,199,4739,355655,6747,355655,,0,15,e007efa3ceaeb67ad24e9d587519d7f97156f51d,0,0,0,0,0,
20200704,CO,33866,2896,316851,,totalTestEncountersViral,424954,283,5550,,,,,4568,7/4/2020 00:00,2020-07-04T00:00:00Z,07/03 20:00,1701,5550,2020-07-04T00:00:00Z,,,,30970,1365,336,424954,347821,111453,7467,103986,,,,,,,,08,247,4716,350717,6697,350717,,0,13,7bd0668e2b446b13fb57b52d191d56f7f30648bd,0,0,0,0,0,
20200703,CO,33619,2897,312135,,totalTestEncountersViral,418257,270,5537,,,,,4557,7/4/2020 01:59,2020-07-04T01:59:00Z,07/03 21:59,1701,5537,2020-07-04T01:59:00Z,,,,30722,1365,336,418257,342857,108441,7340,101101,,,,,,,,08,267,5197,345754,7934,345754,,0,10,bcee84ba503c16e4cbd1c73a2513da25522cfa47,0,0,0,0,0,
20200702,CO,33352,2899,306938,,totalTestEncountersViral,410323,270,5527,,,,,4541,7/2/2020 00:00,2020-07-02T00:00:00Z,07/01 20:00,1701,5527,2020-07-02T00:00:00Z,,,,30453,1365,336,410323,337391,108441,7340,101101,,,,,,,,08,323,6712,340290,8706,340290,,4,14,e7da4424148ba99c4e026c821e63c05746a120db,0,0,0,0,0,
20200701,CO,33029,2896,300226,,totalTestEncountersViral,401617,262,5513,,,,,4524,7/1/2020 00:00,2020-07-01T00:00:00Z,06/30 20:00,1697,5513,2020-07-01T00:00:00Z,,,,30133,1362,335,401617,330359,105861,6940,98921,,,,,,,,08,314,5438,333255,7001,333255,,7,24,3e1cb20abc8316fcf7019b3200c719e0158a5ca4,0,0,0,0,0,
20200630,CO,32715,2871,294788,,totalTestEncountersViral,394616,237,5489,,,,,4502,6/30/2020 00:00,2020-06-30T00:00:00Z,06/29 20:00,1690,5489,2020-06-30T00:00:00Z,,,,29844,1355,335,394616,324632,105861,6940,98921,,,,,,,,08,204,3442,327503,5803,327503,,8,47,284d3130a0a3df50cdef1016a4c364a308c92ec4,0,0,0,0,0,
20200629,CO,32511,2860,291346,,totalTestEncountersViral,388813,271,5442,,,,,4479,6/29/2020 00:00,2020-06-29T00:00:00Z,06/28 20:00,1682,5442,2020-06-29T00:00:00Z,,,,29651,1350,332,388813,320997,105861,6940,98921,,,,,,,,08,204,4088,323857,5462,323857,,6,41,050bac760ec27bda057d9eefa11ca6e02327f32b,0,0,0,0,0,
20200628,CO,32307,2831,287258,,totalTestEncountersViral,383351,234,5401,,,,,4459,6/28/2020 00:00,2020-06-28T00:00:00Z,06/27 20:00,1676,5401,2020-06-28T00:00:00Z,,,,29476,1344,332,383351,316734,103883,6858,97025,,,,,,,,08,285,5569,319565,7655,319565,,2,2,869e618a50cbf1e3535c44e5b24e8321c2880f5a,0,0,0,0,0,
20200627,CO,32022,2828,281689,,totalTestEncountersViral,375696,235,5399,,,,,4442,6/27/2020 00:00,2020-06-27T00:00:00Z,06/26 20:00,1674,5399,2020-06-27T00:00:00Z,,,,29194,1343,331,375696,310883,103883,6858,97025,,,,,,,,08,226,5902,313711,8521,313711,,1,7,e823a46fa4d737363e3d6b9a27f01e32c6bbf20b,0,0,0,0,0,
20200626,CO,31796,2824,275787,,totalTestEncountersViral,367175,226,5392,,,,,4430,6/26/2020 00:00,2020-06-26T00:00:00Z,06/25 20:00,1673,5392,2020-06-26T00:00:00Z,,,,28972,1342,331,367175,304759,102493,6800,95693,,,,,,,,08,317,4689,307583,7238,307583,,4,6,a2a0313b24f89266930a8f910f45644d2ecd0910,0,0,0,0,0,
20200625,CO,31479,2805,271098,,totalTestEncountersViral,359937,247,5386,,,,,4412,6/25/2020 00:00,2020-06-25T00:00:00Z,06/24 20:00,1669,5386,2020-06-25T00:00:00Z,,,,28674,1337,332,359937,299772,100820,6719,94101,,,,,,,,08,324,6188,302577,8287,302577,,2,11,413823e0925cd0d8e27e244ef461171a204996a3,0,0,0,0,0,
20200624,CO,31155,2781,264910,,totalTestEncountersViral,351650,247,5375,,,,,4392,6/24/2020 00:00,2020-06-24T00:00:00Z,06/23 20:00,1667,5375,2020-06-24T00:00:00Z,,,,28374,1335,332,351650,293284,99414,6658,92756,,,,,,,,08,262,4969,296065,6281,296065,,2,9,9034924a384fe31bec9bc49ff65e7062932881d5,0,0,0,0,0,
20200623,CO,30893,2755,259941,,totalTestEncountersViral,345369,238,5366,,,,,4370,6/23/2020 00:00,2020-06-23T00:00:00Z,06/22 20:00,1665,5366,2020-06-23T00:00:00Z,,,,28138,1330,335,345369,288079,98575,6601,91974,,,,,,,,08,188,2770,290834,4114,290834,,14,23,c506d297769946fb408b4874bfddd539fbad4148,0,0,0,0,0,
20200622,CO,30705,2746,257171,,totalTestEncountersViral,341255,249,5343,,,,,4342,6/22/2020 00:00,2020-06-22T00:00:00Z,06/21 20:00,1651,5343,2020-06-22T00:00:00Z,,,,27959,1314,337,341255,285130,97704,6550,91154,,,,,,,,08,166,4938,287876,6238,287876,,4,16,228a4c95d21b36b45669b777893e77152e9a7fd1,0,0,0,0,0,
20200621,CO,30539,2739,252233,,totalTestEncountersViral,335017,256,5327,,,,,4328,6/22/2020 00:00,2020-06-22T00:00:00Z,06/21 20:00,1647,5327,2020-06-22T00:00:00Z,,,,27800,1310,337,335017,280033,96842,6513,90329,,,,,,,,08,190,4196,282772,5637,282772,,0,4,2e40f628a854fd5011c6236c768d871cfb9dde1a,0,0,0,0,0,
20200620,CO,30349,2741,248037,,totalTestEncountersViral,329380,255,5323,,,,,4309,6/20/2020 00:00,2020-06-20T00:00:00Z,06/19 20:00,1647,5323,2020-06-20T00:00:00Z,,,,27608,1310,337,329380,275645,95756,6457,89299,,,,,,,,08,162,5155,278386,7016,278386,,4,5,f79e7335344f13472c2d556b615160ea9a795a6b,0,0,0,0,0,
20200619,CO,30187,2734,242882,,totalTestEncountersViral,322364,250,5318,,,,,4296,6/19/2020 00:00,2020-06-19T00:00:00Z,06/18 20:00,1643,5318,2020-06-19T00:00:00Z,,,,27453,1306,337,322364,270335,94134,6385,87749,,,,,,,,08,286,8337,273069,7595,273069,,5,10,be25e79530ee1ae01df73b5aa59fa044f3526a93,0,0,0,0,0,
20200618,CO,29901,2683,234545,,totalTestEncountersViral,314769,270,5308,,,,,4280,6/18/2020 00:00,2020-06-18T00:00:00Z,06/17 20:00,1638,5308,2020-06-18T00:00:00Z,,,,27218,1303,335,314769,264466,92430,6302,86128,,,,,,,,08,228,2002,264446,6502,264446,,7,14,d8e3fa7f0348b8b3eec074ebdaf66acd4246b97f,0,0,0,0,0,
20200617,CO,29673,2670,232543,,totalTestEncountersViral,308267,270,5294,,,,,4253,6/17/2020 00:00,2020-06-17T00:00:00Z,06/16 20:00,1631,5294,2020-06-17T00:00:00Z,,,,27003,1299,332,308267,259546,91019,6236,84783,,,,,,,,08,231,5318,262216,6818,262216,,14,22,06018ea2fb422d2c7c02b2368544bb0714d1b4af,0,0,0,0,0,
20200616,CO,29442,2647,227225,,totalTestEncountersViral,301449,290,5272,,,,,4231,6/16/2020 00:00,2020-06-16T00:00:00Z,06/15 20:00,1617,5272,2020-06-16T00:00:00Z,,,,26795,1291,326,301449,254020,89925,6176,83749,,,,,,,,08,143,3368,256667,4481,256667,,12,3,0d5b50ee454b57fc39134418c12dcfc413767571,0,0,0,0,0,
20200615,CO,29299,2633,223857,,totalTestEncountersViral,296968,276,5269,,,,,4196,6/15/2020 00:00,2020-06-15T00:00:00Z,06/14 20:00,1605,5269,2020-06-15T00:00:00Z,,,,26666,1279,326,296968,250523,89033,6119,82914,,,,,,,,08,169,3902,253156,5164,253156,,6,25,bf724045e926ecf85ea3db9d39a4d0116bb6bd5f,0,0,0,0,0,
20200614,CO,29130,2607,219955,,totalTestEncountersViral,291804,276,5244,,,,,4196,6/14/2020 00:00,2020-06-14T00:00:00Z,06/13 20:00,1599,5244,2020-06-14T00:00:00Z,,,,26523,1273,326,291804,246478,87907,6046,81861,,,,,,,,08,113,4329,249085,5893,249085,,1,0,9bb1529bc5edcd59c5c5acbfad2e679d2c11d47b,0,0,0,0,0,
20200613,CO,29017,2609,215626,,totalTestEncountersViral,285911,262,5244,,,,,4178,6/13/2020 00:00,2020-06-13T00:00:00Z,06/12 20:00,1598,5244,2020-06-13T00:00:00Z,,,,26408,1272,326,285911,242034,86732,5984,80748,,,,,,,,08,195,7987,244643,7385,244643,,3,10,ed386fddd3158a21e290a6fe56872ea499830cba,0,0,0,0,0,
20200612,CO,28822,2607,207639,,totalTestEncountersViral,278526,274,5234,,,,,4184,6/12/2020 00:00,2020-06-12T00:00:00Z,06/11 20:00,1595,5234,2020-06-12T00:00:00Z,,,,26215,1268,327,278526,236461,85027,5892,79135,,,,,,,,08,175,1916,236461,5596,236461,,12,177,c68318a6d1af7126c0d0786e3df9f85c66574da9,0,0,0,0,0,
20200611,CO,28647,2607,205723,,totalTestEncountersViral,272930,279,5057,,,,,4169,6/12/2020 00:00,2020-06-12T00:00:00Z,06/11 20:00,1583,5057,2020-06-12T00:00:00Z,,,,26040,1258,325,272930,231763,83345,5799,77546,,,,,,,,08,148,3877,234370,5401,234370,,10,22,035a5cf9827fe241bf589a5f0b6247abe6033b06,0,0,0,0,0,
20200610,CO,28499,2584,201846,,totalTestEncountersViral,267529,277,5035,,,,,4150,6/10/2020 00:00,2020-06-10T00:00:00Z,06/09 20:00,1573,5035,2020-06-10T00:00:00Z,,,,25915,1250,323,267529,227761,81530,5688,75842,,,,,,,,08,152,4099,230345,5172,230345,,20,10,26b211a08a059948c760dfdb4506ab1279c51486,0,0,0,0,0,
20200609,CO,28347,2560,197747,,totalTestEncountersViral,262357,305,5025,,,,,4130,6/10/2020 00:00,2020-06-10T00:00:00Z,06/09 20:00,1553,5025,2020-06-10T00:00:00Z,,,,25787,1233,320,262357,223534,80341,5616,74725,,,,,,,,08,164,4043,226094,4793,226094,,10,166,4062a3ef4689545c0b51af103e9b56eb8cdc17a3,0,0,0,0,0,
20200608,CO,28183,2556,193704,,totalTestEncountersViral,257564,304,4859,,,,,4112,6/9/2020 00:00,2020-06-09T00:00:00Z,06/08 20:00,1543,4859,2020-06-09T00:00:00Z,,,,25627,1224,319,257564,219331,78783,5543,73240,,,,,,,,08,182,4221,221887,5261,221887,,16,374,65a2e7b2988b8c989ed73e5d04c277208c6dba5d,0,0,0,0,0,
20200607,CO,28001,2544,189483,,totalTestEncountersViral,252303,322,4485,,,,,4091,6/8/2020 00:00,2020-06-08T00:00:00Z,06/07 20:00,1527,4485,2020-06-08T00:00:00Z,,,,25457,1209,318,252303,214940,77693,5482,72211,,,,,,,,08,153,4317,217484,5366,217484,,0,5,7a8dfedac8bf5b932f2467b490d48bfa5f1ab7cb,0,0,0,0,0,
20200606,CO,27848,2529,185166,,totalTestEncountersViral,246937,299,4480,,,,,4074,6/7/2020 00:00,2020-06-07T00:00:00Z,06/06 20:00,1527,4480,2020-06-07T00:00:00Z,,,,25319,1209,318,246937,210485,76100,5372,70728,,,,,,,,08,233,4504,213014,5690,213014,,3,8,9ffe401b7fa0c3b5956456af127773656824a7ed,0,0,0,0,0,
20200605,CO,27615,2516,180662,,totalTestEncountersViral,241247,299,4472,,,,,4055,6/6/2020 00:00,2020-06-06T00:00:00Z,06/05 20:00,1524,4472,2020-06-06T00:00:00Z,,,,25099,1205,319,241247,205761,74094,5234,68860,,,,,,,,08,255,4598,208277,6581,208277,,12,12,3653430a5bd2261db6f3744b5a16c52971657443,0,0,0,0,0,
20200604,CO,27360,2512,176064,,totalTestEncountersViral,234666,319,4460,,,,,4034,6/5/2020 00:00,2020-06-05T00:00:00Z,06/04 20:00,1512,4460,2020-06-05T00:00:00Z,,,,24848,1195,317,234666,200912,71454,5059,66395,,,,,,,,08,300,5924,203424,8296,203424,,18,17,1c5afcf15bcdc3e5dec0c25aa61176fdabc93b4d,0,0,0,0,0,
20200603,CO,27060,2503,170140,,totalTestEncountersViral,226370,356,4443,,,,,4014,6/4/2020 00:00,2020-06-04T00:00:00Z,06/03 20:00,1494,4443,2020-06-04T00:00:00Z,,,,24557,1182,312,226370,194697,69465,4934,64531,,,,,,,,08,272,2751,197200,4859,197200,,20,24,6ed16406ca1154942f6b9da6a1ae5a3514aed4db,0,0,0,0,0,
20200602,CO,26788,2477,167389,,totalTestEncountersViral,221511,388,4419,,,,,3983,6/3/2020 00:00,2020-06-03T00:00:00Z,06/02 20:00,1474,4419,2020-06-03T00:00:00Z,,,,24311,1162,312,221511,190700,64424,4727,59697,,,,,,,,08,211,3429,194177,3395,194177,,16,47,e92950e7078655307585fb1e1b2e9349f3813495,0,0,0,0,0,
20200601,CO,26577,2468,163960,,totalTestEncountersViral,218116,394,4372,,,,,3954,6/2/2020 00:00,2020-06-02T00:00:00Z,06/01 20:00,1458,4372,2020-06-02T00:00:00Z,,,,24109,1152,306,218116,188069,62953,4642,58311,,,,,,,,08,199,3962,190537,5096,190537,,13,25,93b70f6071304fc80e0b562c6a7b0e4702d9fbb8,0,0,0,0,0,
20200531,CO,26378,2429,159998,,totalTestEncountersViral,213020,414,4347,,,,,3919,6/1/2020 00:00,2020-06-01T00:00:00Z,05/31 20:00,1445,4347,2020-06-01T00:00:00Z,,,,23949,1140,305,213020,183947,61868,4570,57298,,,,,,,,08,280,5469,186376,7532,186376,,2,14,bb9637ff3a20160ec64537372a98ba400f0c61dc,0,0,0,0,0,
20200530,CO,26098,2431,154529,,totalTestEncountersViral,205488,414,4333,,,,,3919,5/31/2020 00:00,2020-05-31T00:00:00Z,05/30 20:00,1443,4333,2020-05-31T00:00:00Z,,,,23667,1138,305,205488,178196,60069,4425,55644,,,,,,,,08,485,4401,180627,5703,180627,,7,26,0f984463ec8982bc0110dea5cc80443a58601a08,0,0,0,0,0,
20200529,CO,25613,2441,150128,,totalTestEncountersViral,199785,421,4307,,,,,3859,5/30/2020 00:00,2020-05-30T00:00:00Z,05/29 20:00,1436,4307,2020-05-30T00:00:00Z,,,,23172,1129,307,199785,173300,57487,4265,53222,,,,,,,,08,492,6290,175741,7915,175741,,15,53,5f76493989304511427d2afa2e19247a361de858,0,0,0,0,0,
20200528,CO,25121,2363,143838,,totalTestEncountersViral,191870,464,4254,,,,,3838,5/29/2020 00:00,2020-05-29T00:00:00Z,05/28 20:00,1421,4254,2020-05-29T00:00:00Z,,,,22758,1115,306,191870,166596,54652,4101,50551,,,,,,,,08,354,5482,168959,7178,168959,,29,58,243658ab444d418b2290db0a82613ed713b04725,0,0,0,0,0,
20200527,CO,24767,2327,138356,,totalTestEncountersViral,184692,464,4196,,,,,3783,5/28/2020 00:00,2020-05-28T00:00:00Z,05/27 20:00,1392,4196,2020-05-28T00:00:00Z,,,,22440,1096,296,184692,160796,52660,3990,48670,,,,,,,,08,202,3501,163123,4440,163123,,40,36,099c2efb1d58fc9c1e92a64f66c1b55d13aeb583,0,0,0,0,0,
20200526,CO,24565,2295,134855,,totalTestEncountersViral,180252,484,4160,,,,,3741,5/26/2020 00:00,2020-05-26T00:00:00Z,05/25 20:00,1352,4160,2020-05-26T00:00:00Z,,,,22208,1075,275,180252,157036,51332,3913,47419,,,,,,,,08,296,3113,159420,4175,159420,,19,32,998b37da94096e3f4c2641bebd877793c4131856,0,0,0,0,0,
20200525,CO,24269,2285,131742,,totalTestEncountersViral,176077,507,4128,,,,,3702,5/26/2020 00:00,2020-05-26T00:00:00Z,05/25 20:00,1333,4128,2020-05-26T00:00:00Z,,,,21941,1056,275,176077,153683,49653,3793,45860,,,,,,,,08,95,5608,156011,4033,156011,,1,9,4ab9b9dc02d13fba59a408a9c2f03c896ef8fea7,0,0,0,0,0,
20200524,CO,24174,2280,126134,,totalTestEncountersViral,172044,560,4119,,,,,3666,5/25/2020 00:00,2020-05-25T00:00:00Z,05/24 20:00,1332,4119,2020-05-25T00:00:00Z,,,,21857,1055,275,172044,150308,48771,3713,45058,,,,,,,,08,210,47,150308,3379,150308,,5,14,167f50eb43aef30129db4df9677e6738f6b2d260,0,0,0,0,0,
20200523,CO,23964,2280,126087,,totalTestEncountersViral,168665,538,4105,,,,,3640,5/23/2020 00:00,2020-05-23T00:00:00Z,05/22 20:00,1327,4105,2020-05-23T00:00:00Z,,,,21657,1052,275,168665,147744,47379,3614,43765,,,,,,,,08,477,4622,150051,6197,150051,,3,23,523ee30b7af308a13e5c6842dc5b8398324ccd78,0,0,0,0,0,
20200522,CO,23487,2253,121465,,totalTestEncountersViral,162468,571,4082,,,,,3612,5/22/2020 00:00,2020-05-22T00:00:00Z,05/21 20:00,1324,4082,2020-05-22T00:00:00Z,,,,21202,1048,275,162468,142667,44103,3448,40655,,,,,,,,08,296,2431,144952,3550,144952,,14,45,bd4422cede1c6099528bb69c81b80e00c121f751,0,0,0,0,0,
20200521,CO,23191,2218,119034,,totalTestEncountersViral,158918,620,4037,,,,,3580,5/22/2020 00:00,2020-05-22T00:00:00Z,05/21 20:00,1310,4037,2020-05-22T00:00:00Z,,,,20903,1036,273,158918,139937,41457,3315,38142,,,,,,,,08,394,6220,142225,5121,142225,,11,47,e6962a660990aaa9e84dd33a0e21360e5bdd64ce,0,0,0,0,0,
20200520,CO,22797,2157,112814,,totalTestEncountersViral,153797,613,3990,,,,,3532,5/21/2020 00:00,2020-05-21T00:00:00Z,05/20 20:00,1299,3990,2020-05-21T00:00:00Z,,,,20595,1026,273,153797,135611,39124,3183,35941,,,,,,,,08,315,3459,135611,4365,135611,,42,35,f753732366ce0ae7b1e8d505aba9afdc46c97ffa,0,0,0,0,0,
20200519,CO,22482,2095,109355,,totalTestEncountersViral,149432,626,3955,,,,,3478,5/20/2020 00:00,2020-05-20T00:00:00Z,05/19 20:00,1257,3955,2020-05-20T00:00:00Z,,,,20304,1001,256,149432,131837,36934,3047,33887,,,,,,,,08,280,224,131837,3014,131837,,33,56,9e95a794f2d7aa56917273e73c8741848c3cd067,0,0,0,0,0,
20200518,CO,22202,2067,109131,,totalTestEncountersViral,146418,626,3899,,,,,3431,5/17/2020 00:00,2020-05-17T00:00:00Z,05/16 20:00,1224,3899,2020-05-17T00:00:00Z,,,,20028,975,249,146418,129159,36359,3018,33431,,,,,,,,08,264,2574,131333,3269,131333,,9,27,b4789491884e9389e8e4ceaa6e13b8228b99594b,0,0,0,0,0,
20200517,CO,21938,2024,106557,,totalTestEncountersViral,143149,650,3872,,,,,3346,5/16/2020 00:00,2020-05-16T00:00:00Z,05/15 20:00,1215,3872,2020-05-16T00:00:00Z,,,,19773,966,249,143149,126330,34674,2886,31788,,,,,,,,08,305,2642,128495,3414,128495,,23,6,4e36520382201e5f476fcf1d112e6102171ded36,0,0,0,0,0,
20200516,CO,21633,2004,103915,,totalTestEncountersViral,139735,650,3866,,,,,3346,5/15/2020 00:00,2020-05-15T00:00:00Z,05/14 20:00,1192,3866,2020-05-15T00:00:00Z,,,,19507,963,229,139735,123422,32682,2747,29935,,,,,,,,08,401,3307,125548,4422,125548,,42,24,3af873449570746263f6fcaf58dd34a0b9a21bfb,0,0,0,0,0,
20200515,CO,21232,1980,100608,,totalTestEncountersViral,135313,671,3842,,,,,3312,5/14/2020 00:00,2020-05-14T00:00:00Z,05/13 20:00,1150,3842,2020-05-14T00:00:00Z,,,,19151,944,206,135313,119759,30029,2538,27491,,,,,,,,08,394,3416,121840,4262,121840,,59,53,65be0da27b57f56a54e352cac64f3dac060605e6,0,0,0,0,0,
20200514,CO,20838,1958,97192,,totalTestEncountersViral,131051,685,3789,,,,,3217,5/13/2020 00:00,2020-05-13T00:00:00Z,05/12 20:00,1091,3789,2020-05-13T00:00:00Z,,,,18804,,,131051,115996,27212,2336,24876,,,,,,,,08,363,3148,118030,4017,118030,,29,54,df8519753b66b9e8a1017c6b55b62a4e3a540b64,0,0,0,0,0,
20200513,CO,20475,1940,94044,,totalTestEncountersViral,127034,685,3735,,,,,3217,5/12/2020 00:00,2020-05-12T00:00:00Z,05/11 20:00,1062,3735,2020-05-12T00:00:00Z,,,,18461,,,127034,112505,22549,2032,20517,,,,,,,,08,318,2951,114519,3821,114519,,53,40,39e05a0a9a3404d69c8dce93d901f204922b7c2e,0,0,0,0,0,
20200512,CO,20157,1880,91093,,totalTestEncountersViral,123213,688,3695,,,,,3171,5/11/2020 00:00,2020-05-11T00:00:00Z,05/10 20:00,1009,3695,2020-05-11T00:00:00Z,,,,18211,,,123213,109304,21528,1979,19549,,,,,,,,08,278,2315,111250,2929,111250,,22,32,1097260efe7923e8880cd2b4fb72b943f184ef20,0,0,0,0,0,
20200511,CO,19879,1842,88778,,totalTestEncountersViral,120284,738,3663,,,,,3114,5/10/2020 00:00,2020-05-10T00:00:00Z,05/09 20:00,987,3663,2020-05-10T00:00:00Z,,,,17983,,,120284,106761,21174,1956,19218,,,,,,,,08,176,-113,108657,3071,108657,,16,32,c514bf1386a9169869e57c6dc6dc4647385b1638,0,0,0,0,0,
20200510,CO,19703,1823,88891,,totalTestEncountersViral,117213,573,3631,,,,,3076,5/9/2020 00:00,2020-05-09T00:00:00Z,05/08 20:00,971,3631,2020-05-09T00:00:00Z,,,,17809,,,117213,104077,19529,1821,17708,,,,,,,,08,328,4517,108594,4024,108594,,4,8,fbb3eda65e9533889d5b41385741db2f4fb290a3,0,0,0,0,0,
20200509,CO,19375,1825,84374,,totalTestEncountersViral,113189,790,3623,,,,,3023,5/8/2020 00:00,2020-05-08T00:00:00Z,05/07 20:00,967,3623,2020-05-08T00:00:00Z,,,,17491,,,113189,100610,17742,1680,16062,,,,,,,,08,548,6429,103749,4680,103749,,7,23,60607fa112be81bc0e6b8ed5d7ce7570f6dd4f7e,0,0,0,0,0,
20200508,CO,18827,1824,77945,,totalTestEncountersViral,108509,790,3600,,,,,2974,5/7/2020 00:00,2020-05-07T00:00:00Z,05/06 20:00,960,3600,2020-05-07T00:00:00Z,,,,16969,,,108509,96772,,,,,,,,,,,08,456,2210,96772,5376,96772,,16,43,6126b17a487d507d33fdddd2468a5ea7fdedad23,0,0,0,0,0,
20200507,CO,18371,1786,75735,,totalTestEncountersViral,103133,821,3557,,,,,2869,5/6/2020 00:00,2020-05-06T00:00:00Z,05/05 20:00,944,3557,2020-05-06T00:00:00Z,,,,16532,,,103133,92267,,,,,,,,,,,08,541,2218,94106,3306,94106,,23,571,f39d95b58d25dbcf4002dea0fefbfa07e1751868,0,0,0,0,0,
20200506,CO,17830,1726,73517,,totalTestEncountersViral,99827,798,2986,,,,,2869,5/5/2020 00:00,2020-05-05T00:00:00Z,05/04 20:00,921,2986,2020-05-05T00:00:00Z,,,,16012,,,99827,89529,,,,,,,,,,,08,466,4905,91347,3161,91347,,18,67,76f17322f5651f0fef23d426bf20f481ebd6c688,0,0,0,0,0,
20200505,CO,17364,1717,68612,,totalTestEncountersViral,96666,792,2919,,,,,2801,5/5/2020 00:00,2020-05-05T00:00:00Z,05/04 20:00,903,2919,2020-05-05T00:00:00Z,,,,15600,,,96666,85976,,,,,,,,,,,08,457,515,85976,3010,85976,,52,81,88d815ac2eb9612ded49079fc9ee85373f195386,0,0,0,0,0,
20200504,CO,16907,1709,68097,,totalTestEncountersViral,93656,834,2838,,,,,2743,5/3/2020 00:00,2020-05-03T00:00:00Z,05/02 20:00,851,2838,2020-05-03T00:00:00Z,,,,15169,,,93656,83266,,,,,,,,,,,08,272,1642,85004,2232,85004,,9,39,9c0cad73d3e2382223c9adfde5532d4d408361fd,0,0,0,0,0,
20200503,CO,16635,1637,66455,,totalTestEncountersViral,91424,883,2799,,,,,2650,5/3/2020 18:00,2020-05-03T18:00:00Z,05/03 14:00,842,2799,2020-05-03T18:00:00Z,,,,14897,,,91424,81352,,,,,,,,,,,08,410,2774,83090,3582,83090,,10,6,384e6acab76cb61bdcc0328003e55548ec3817d3,0,0,0,0,0,
20200502,CO,16225,1622,63681,,totalTestEncountersViral,87842,883,2793,,,,,2607,5/1/2020 00:00,2020-05-01T00:00:00Z,04/30 20:00,832,2793,2020-05-01T00:00:00Z,,,,14498,,,87842,78179,,,,,,,,,,,08,457,2500,79906,3335,79906,,12,46,d9eae9931867a67722b6fd378a94bb7ad9d7d9a6,0,0,0,0,0,
20200501,CO,15768,1590,61181,,totalTestEncountersViral,84507,931,2747,,,,,2553,4/30/2020 00:00,2020-04-30T00:00:00Z,04/29 20:00,820,2747,2020-04-30T00:00:00Z,,,,14078,,,84507,75259,,,,,,,,,,,08,484,4075,76949,3336,76949,,43,50,45ad34316bb4f5d7460817e576e62da6b20ff713,0,0,0,0,0,
20200430,CO,15284,1545,57106,,totalTestEncountersViral,81171,959,2697,,,,,2486,4/29/2020 00:00,2020-04-29T00:00:00Z,04/28 20:00,777,2697,2020-04-29T00:00:00Z,,,,13637,,,81171,72390,,,,,,,,,,,08,526,805,72390,3312,72390,,11,76,d27d29023aabc858f9f484386d05d62ad811a102,0,0,0,0,0,
20200429,CO,14758,1527,56301,,totalTestEncountersViral,77859,966,2621,,,,,2415,4/30/2020 00:00,2020-04-30T00:00:00Z,04/29 20:00,766,2621,2020-04-30T00:00:00Z,,,,13148,,,77859,69449,,,,,,,,,,,08,442,1587,71059,2754,71059,,30,50,805ef0a6a7ab052059137fc7fae55ba62b789753,0,0,0,0,0,
20200428,CO,14316,1497,54714,,totalTestEncountersViral,75105,964,2571,,,,,2275,4/27/2020 00:00,2020-04-27T00:00:00Z,04/26 20:00,736,2571,2020-04-27T00:00:00Z,,,,12741,,,75105,67094,,,,,,,,,,,08,437,2252,69030,2702,69030,,30,86,18f409dae1579c436aad48d666bdafafaa291620,0,0,0,0,0,
20200427,CO,13879,1424,52462,,totalTestEncountersViral,72403,994,2485,,,,,2275,4/26/2020 00:00,2020-04-26T00:00:00Z,04/25 20:00,706,2485,2020-04-26T00:00:00Z,,,,12374,,,72403,66341,,,,,,,,,,,08,438,2629,66341,2659,66341,,26,47,0ff633947a6b43fc519b2b631e80553cd79a07be,0,0,0,0,0,
20200426,CO,13441,1370,49833,,totalTestEncountersViral,69744,1007,2438,,,,,2150,4/25/2020 00:00,2020-04-25T00:00:00Z,04/24 20:00,680,2438,2020-04-25T00:00:00Z,,,,11980,,,69744,63274,,,,,,,,,,,08,473,3010,63274,3237,63274,,8,28,21d061444929d7014a281e9db1070f2b02d4a8eb,0,0,0,0,0,
20200425,CO,12968,1335,46823,,totalTestEncountersViral,66507,1046,2410,,,,,2150,4/24/2020 00:00,2020-04-24T00:00:00Z,04/23 20:00,672,2410,2020-04-24T00:00:00Z,,,,11533,,,66507,59791,,,,,,,,,,,08,713,2290,59791,2943,59791,,-2,44,147183fb28bc83e3a3c3a31c2d4a81282b59eb7a,0,0,0,0,0,
20200424,CO,12255,1189,44533,,totalTestEncountersViral,63564,1084,2366,,,,,2086,4/23/2020 00:00,2020-04-23T00:00:00Z,04/22 20:00,674,2366,2020-04-23T00:00:00Z,,,,10995,,,63564,56789,,,,,,,,,,,08,993,3471,56788,5249,56788,,122,129,84361b3b8ec49ef04a2f5bc63c753f87e2443095,0,0,0,0,0,
20200423,CO,11262,974,41062,,totalTestEncountersViral,58315,1084,2237,,,,,,4/22/2020 00:00,2020-04-22T00:00:00Z,04/21 20:00,552,2237,2020-04-22T00:00:00Z,,,,10208,,,58315,52324,,,,,,,,,,,08,384,1295,52324,1904,52324,,44,114,ac7fbda964168c575ae795ddc8d71527a0bc828e,0,0,0,0,0,
20200422,CO,10878,,39767,,totalTestEncountersViral,56411,859,2123,,,,,,4/22/2020 00:00,2020-04-22T00:00:00Z,04/21 20:00,508,2123,2020-04-22T00:00:00Z,,,,,,,56411,50645,,,,,,,,,,,08,431,1510,50645,2167,50645,,22,120,4ffe9ca4a1edd7e477d2a0369cdc61ea21220aa0,0,0,0,0,0,
20200421,CO,10447,,38257,,totalTestEncountersViral,54244,851,2003,,,,,,4/20/2020 00:00,2020-04-20T00:00:00Z,04/19 20:00,486,2003,2020-04-20T00:00:00Z,,,,,,,54244,48704,,,,,,,,,,,08,341,897,48704,1476,48704,,37,123,754ee26ef756bf06110c0eef08f01d6c04333a1f,0,0,0,0,0,
20200420,CO,10106,,37360,,totalTestEncountersViral,52768,861,1880,,,,,,4/20/2020 16:41,2020-04-20T16:41:00Z,04/20 12:41,449,1880,2020-04-20T16:41:00Z,,,,,,,52768,47466,,,,,,,,,,,08,376,895,47466,1477,47466,,27,67,b82d4ecd691ea06bcda1b468380bb6977ff215f9,0,0,0,0,0,
20200419,CO,9730,,36465,,totalTestEncountersViral,51291,874,1813,,,,,,4/18/2020 00:00,2020-04-18T00:00:00Z,04/17 20:00,422,1813,2020-04-18T00:00:00Z,,,,,,,51291,46195,,,,,,,,,,,08,297,1292,46195,1826,46195,,11,16,a0b9c0efb87595907d9d28de2748722617b7f45a,0,0,0,0,0,
20200418,CO,9433,,35173,,totalTestEncountersViral,49465,874,1797,,,,,,4/17/2020 00:00,2020-04-17T00:00:00Z,04/16 20:00,411,1797,2020-04-17T00:00:00Z,,,,,,,49465,44606,,,,,,,,,,,08,386,913,44606,1581,44606,,20,42,d5965adcbd7792790dffafd7181386a1b12f2d12,0,0,0,0,0,
20200417,CO,9047,,34260,,totalTestEncountersViral,47884,843,1755,,,,,,4/17/2020 00:00,2020-04-17T00:00:00Z,04/16 20:00,391,1755,2020-04-17T00:00:00Z,,,,,,,47884,43307,,,,,,,,,,,08,372,1105,43307,1706,43307,,17,62,f4ad97e694749f6f18d24e0c6ad1560257a11bce,0,0,0,0,0,
20200416,CO,8675,,33155,,totalTestEncountersViral,46178,858,1693,,,,,,4/16/2020 18:00,2020-04-16T18:00:00Z,04/16 14:00,374,1693,2020-04-16T18:00:00Z,,,,,,,46178,41830,,,,,,,,,,,08,395,902,41830,1495,41830,,17,57,28b239cfd10b1890f61d905eb6a909210091c48c,0,0,0,0,0,
20200415,CO,8280,,32253,,totalTestEncountersViral,44683,859,1636,,,,,,4/14/2020 00:00,2020-04-14T00:00:00Z,04/13 20:00,357,1636,2020-04-14T00:00:00Z,,,,,,,44683,40533,,,,,,,,,,,08,339,614,40533,1182,40533,,28,80,05b2365da3fc374293e4e0bfbce00ae79dc86233,0,0,0,0,0,
20200414,CO,7941,,31639,,totalTestEncountersViral,43501,878,1556,,,,,,4/13/2020 00:00,2020-04-13T00:00:00Z,04/12 20:00,329,1556,2020-04-13T00:00:00Z,,,,,,,43501,39580,,,,,,,,,,,08,250,588,39580,1018,39580,,21,63,7c84e5b1d8a33830ff0157b602e4d04e91b28509,0,0,0,0,0,
20200413,CO,7691,,31051,,totalTestEncountersViral,42483,888,1493,,,,,,4/12/2020 00:00,2020-04-12T00:00:00Z,04/11 20:00,308,1493,2020-04-12T00:00:00Z,,,,,,,42483,38742,,,,,,,,,,,08,388,1201,38742,1794,38742,,18,76,5bb2b0be74b20e2b93527c9f70d5672434d936f4,0,0,0,0,0,
20200412,CO,7303,,29850,,totalTestEncountersViral,40689,842,1417,,,,,,4/11/2020 00:00,2020-04-11T00:00:00Z,04/10 20:00,290,1417,2020-04-11T00:00:00Z,,,,,,,40689,37153,,,,,,,,,,,08,410,1870,37153,2585,37153,,16,41,a88bcabe350351e048e34c74ed718bde429c55a6,0,0,0,0,0,
20200411,CO,6893,,27980,,totalTestEncountersViral,38104,822,1376,,,,,,4/11/2020 00:00,2020-04-11T00:00:00Z,04/10 20:00,274,1376,2020-04-11T00:00:00Z,,,,,,,38104,34873,,,,,,,,,,,08,383,1837,34873,2462,34873,,24,64,d85e78e396c7aee417d5983c8209a2f720201af5,0,0,0,0,0,
20200410,CO,6510,,26143,,totalTestEncountersViral,35642,841,1312,,,,,,4/10/2020 18:00,2020-04-10T18:00:00Z,04/10 14:00,250,1312,2020-04-10T18:00:00Z,,,,,,,35642,32653,,,,,,,,,,,08,308,0,32653,1675,32653,,24,91,cbd529796a0cdafa9477a809ab6ff1bfdff298ff,0,0,0,0,0,
20200409,CO,6202,,26143,,totalTestEncountersViral,33967,842,1221,,,,,,4/10/2020 01:59,2020-04-10T01:59:00Z,04/09 21:59,226,1221,2020-04-10T01:59:00Z,,,,,,,33967,31180,,,,,,,,,,,08,547,2599,32345,2199,32345,,33,59,8f1cdb0bafb7342d8c564c94d6440dd22ea5d9b7,0,0,0,0,0,
20200408,CO,5655,,23544,,totalTestEncountersViral,31768,848,1162,,,,,,4/8/2020 18:00,2020-04-08T18:00:00Z,04/08 14:00,193,1162,2020-04-08T18:00:00Z,,,,,,,31768,29199,,,,,,,,,,,08,226,879,29199,1233,29199,,14,83,36fb2d94eb958c080c84c5d5a0d7596571fb47cc,0,0,0,0,0,
20200407,CO,5429,,22665,,totalTestEncountersViral,30535,833,1079,,,,,,4/7/2020 18:00,2020-04-07T18:00:00Z,04/07 14:00,179,1079,2020-04-07T18:00:00Z,,,,,,,30535,28094,,,,,,,,,,,08,257,962,28094,1634,28094,,29,85,2dbf158dcd88ac61a7547ca2a0a2c41745c24c69,0,0,0,0,0,
20200406,CO,5172,,21703,,totalTestEncountersViral,28901,786,994,,,,,,4/6/2020 18:00,2020-04-06T18:00:00Z,04/06 14:00,150,994,2020-04-06T18:00:00Z,,,,,,,28901,26875,,,,,,,,,,,08,222,880,26875,1202,26875,,10,70,f05795d882559121d7b8329f87f34dbf351f0fd0,0,0,0,0,0,
20200405,CO,4950,,20823,,totalTestEncountersViral,27699,786,924,,,,,,4/5/2020 18:00,2020-04-05T18:00:00Z,04/05 14:00,140,924,2020-04-05T18:00:00Z,,,,,,,27699,25773,,,,,,,,,,,08,385,1488,25773,2120,25773,,14,49,e5be6419e3719151d8557d7a0f1c878812732ff1,0,0,0,0,0,
20200404,CO,4565,,19335,,totalTestEncountersViral,25579,783,875,,,,,,4/4/2020 18:00,2020-04-04T18:00:00Z,04/04 14:00,126,875,2020-04-04T18:00:00Z,,,,,,,25579,23900,,,,,,,,,,,08,392,1437,23900,1968,23900,,15,52,edbe387e5e5cb137aa7a8ae84d499cf47734f77c,0,0,0,0,0,
20200403,CO,4173,,17898,,totalTestEncountersViral,23611,777,823,,,,,,4/3/2020 18:00,2020-04-03T18:00:00Z,04/03 14:00,111,823,2020-04-03T18:00:00Z,,,,,,,23611,22071,,,,,,,,,,,08,445,1215,22071,1816,22071,,14,113,47f760b40322a1b23d573aa2eb80b4fa424f9664,0,0,0,0,0,
20200402,CO,3728,,16683,,totalTestEncountersViral,21795,739,710,,,,,,4/2/2020 18:00,2020-04-02T18:00:00Z,04/02 14:00,97,710,2020-04-02T18:00:00Z,,,,,,,21795,20411,,,,,,,,,,,08,386,1380,20411,1589,20411,,17,90,41d826a328e4a723e640392e31c16a080b71712b,0,0,0,0,0,
20200401,CO,3342,,15303,,totalTestEncountersViral,20206,698,620,,,,,,4/1/2020 18:00,2020-04-01T18:00:00Z,04/01 14:00,80,620,2020-04-01T18:00:00Z,,,,,,,20206,18645,,,,,,,,,,,08,376,1420,18645,1692,18645,,11,111,6e92dc522dfe88c44868201d4504616ef8953382,0,0,0,0,0,
20200331,CO,2966,,13883,,totalTestEncountersViral,18514,574,509,,,,,,3/31/2020 18:00,2020-03-31T18:00:00Z,03/31 14:00,69,509,2020-03-31T18:00:00Z,,,,,,,18514,16849,,,,,,,,,,,08,339,1146,16849,1407,16849,,18,95,fbb3bab9d27098cd2b8aca49075bed72e0564358,0,0,0,0,0,
20200330,CO,2627,,12737,,totalTestEncountersViral,17107,503,414,,,,,,3/30/2020 18:00,2020-03-30T18:00:00Z,03/30 14:00,51,414,2020-03-30T18:00:00Z,,,,,,,17107,15364,,,,,,,,,,,08,320,0,15364,1633,15364,,4,88,4dce14b8ce54b82f3a75fe2d0e23806f848cf3e6,0,0,0,0,0,
20200329,CO,2307,,12737,,totalTestEncountersViral,15474,358,326,,,,,,3/30/2020 17:00,2020-03-30T17:00:00Z,03/30 13:00,47,326,2020-03-30T17:00:00Z,,,,,,,15474,14470,,,,,,,,,,,08,246,1522,15044,1283,15044,,3,52,952c93c1c7cc5bb8edf233df46697527973b6cd5,0,0,0,0,0,
20200328,CO,2061,,11215,,totalTestEncountersViral,14191,332,274,,,,,,3/28/2020 18:00,2020-03-28T18:00:00Z,03/28 14:00,44,274,2020-03-28T18:00:00Z,,,,,,,14191,13276,,,,,,,,,,,08,327,1273,13276,1687,13276,,13,35,64cc0ef1da31abcd869a51670eb80088df9a662a,0,0,0,0,0,
20200327,CO,1734,,9942,,totalTestEncountersViral,12504,307,239,,,,,,3/27/2020 18:00,2020-03-27T18:00:00Z,03/27 14:00,31,239,2020-03-27T18:00:00Z,,,,,,,12504,11676,,,,,,,,,,,08,304,1250,11676,1593,11676,,7,55,1b33824114b2b247b48cfef82d85c0b4e6bcce65,0,0,0,0,0,
20200326,CO,1430,,8692,,totalTestEncountersViral,10911,278,184,,,,,,3/26/2020 18:00,2020-03-26T18:00:00Z,03/26 14:00,24,184,2020-03-26T18:00:00Z,,,,,,,10911,10122,,,,,,,,,,,08,344,1714,10122,1833,10122,,5,36,7c86b31ba7dc242795f4489a80cd102cfd2422c3,0,0,0,0,0,
20200325,CO,1086,,6978,,totalTestEncountersViral,9078,230,148,,,,,,3/25/2020 18:00,2020-03-25T18:00:00Z,03/25 14:00,19,148,2020-03-25T18:00:00Z,,,,,,,9078,8064,,,,,,,,,,,08,174,189,8064,1134,8064,,8,64,dba1c0923d7d9d1ec7c77a0021751612c473e385,0,0,0,0,0,
20200324,CO,912,,6789,,totalTestEncountersViral,7944,152,84,,,,,,3/24/2020 18:00,2020-03-24T18:00:00Z,03/24 14:00,11,84,2020-03-24T18:00:00Z,,,,,,,7944,7701,,,,,,,,,,,08,192,1285,7701,1231,7701,,4,12,e74d22c690ae70d9752cf93f84c121c92c6d363a,0,0,0,0,0,
20200323,CO,720,,5504,,totalTestEncountersViral,6713,116,72,,,,,,3/23/2020 18:13,2020-03-23T18:13:00Z,03/23 14:13,7,72,2020-03-23T18:13:00Z,,,,,,,6713,6224,,,,,,,,,,,08,129,659,6224,924,6224,,1,14,c6b4d8e16f8757243dc9cc30beba8ce494420237,0,0,0,0,0,
20200322,CO,591,,4845,,totalTestEncountersViral,5789,74,58,,,,,,3/22/2020 18:00,2020-03-22T18:00:00Z,03/22 14:00,6,58,2020-03-22T18:00:00Z,,,,,,,5789,5436,,,,,,,,,,,08,116,770,5436,1422,5436,,1,9,99ed21937025de0b1aad7636557f4022d8361eaf,0,0,0,0,0,
20200321,CO,475,,4075,,totalTestEncountersViral,4367,56,49,,,,,,3/21/2020 18:00,2020-03-21T18:00:00Z,03/21 14:00,5,49,2020-03-21T18:00:00Z,,,,,,,4367,4550,,,,,,,,,,,08,112,758,4550,832,4550,,1,5,08f4cde74f9a6cb606cd7b839720bc9053269c74,0,0,0,0,0,
20200320,CO,363,,3317,,totalTestEncountersViral,3535,,44,,,,,,3/20/2020 18:00,2020-03-20T18:00:00Z,03/20 14:00,4,44,2020-03-20T18:00:00Z,,,,,,,3535,3680,,,,,,,,,,,08,86,642,3680,807,3680,,2,2,b253f76c797af6d9bc050d38f8fb0ba2aa5121d6,0,0,0,0,0,
20200319,CO,277,,2675,,totalTestEncountersViral,2728,,42,,,,,,3/20/2020 14:42,2020-03-20T14:42:00Z,03/20 10:42,2,42,2020-03-20T14:42:00Z,,,,,,,2728,2952,,,,,,,,,,,08,61,563,2952,524,2952,,0,16,175b28b6659c57af1335f48c1f89c00d817430ba,0,0,0,0,0,
20200318,CO,216,,2112,,totalTestEncountersViral,2204,,26,,,,,,3/18/2020 18:30,2020-03-18T18:30:00Z,03/18 14:30,2,26,2020-03-18T18:30:00Z,,,,,,,2204,2328,,,,,,,,,,,08,33,495,2328,736,2328,,0,6,a29438ea517573b0c260ef1974248a87f06392b3,0,0,0,0,0,
20200317,CO,183,,1617,,totalTestEncountersViral,1468,,20,,,,,,3/18/2020 00:00,2020-03-18T00:00:00Z,03/17 20:00,2,20,2020-03-18T00:00:00Z,,,,,,,1468,1790,,,,,,,,,,,08,23,561,1800,461,1800,,1,20,25f4b6135c8c02245cc5cf36ad1fcd99b0d08e3b,0,0,0,0,0,
20200316,CO,160,,1056,,totalTestEncountersViral,1007,,,,,,,,3/16/2020 17:00,2020-03-16T17:00:00Z,03/16 13:00,1,,2020-03-16T17:00:00Z,,,,,,,1007,,,,,,,,,,,,08,29,429,1216,303,1216,,0,0,0687b6e59c94b9bb65e3f8e56993f50b93b7ff78,0,0,0,0,0,
20200315,CO,131,,627,,totalTestEncountersViral,704,,,,,,,,3/16/2020 15:35,2020-03-16T15:35:00Z,03/16 11:35,1,,2020-03-16T15:35:00Z,,,,,,,704,,,,,,,,,,,,08,0,0,758,179,758,,0,0,23cad217c3f61075e656600cab31d71fd04158d3,0,0,0,0,0,
20200314,CO,131,,627,,totalTestEncountersViral,525,,,,,,,,3/15/2020 15:45,2020-03-15T15:45:00Z,03/15 11:45,1,,2020-03-15T15:45:00Z,,,,,,,525,,,,,,,,,,,,08,30,17,758,192,758,,0,0,058b5c07a3637a20bd36281af8734da1337e8871,0,0,0,0,0,
20200313,CO,101,,610,,totalTestEncountersViral,333,,,,,,,,3/14/2020 14:00,2020-03-14T14:00:00Z,03/14 10:00,1,,2020-03-14T14:00:00Z,,,,,,,333,,,,,,,,,,,,08,29,86,711,135,711,,1,0,2ba808700b257d3062fa6c52451b84a69c0cf141,0,0,0,0,0,
20200312,CO,72,,524,,totalTestEncountersViral,198,,,,,,,,3/13/2020 14:00,2020-03-13T14:00:00Z,03/13 10:00,,,2020-03-13T14:00:00Z,,,,,,,198,,,,,,,,,,,,08,27,226,596,128,596,,0,0,c12a9885bfc0cb31c6771af113355e759239b57b,0,0,0,0,0,
20200311,CO,45,,298,,totalTestEncountersViral,70,,,,,,,,3/12/2020 17:00,2020-03-12T17:00:00Z,03/12 13:00,,,2020-03-12T17:00:00Z,,,,,,,70,,,,,,,,,,,,08,17,47,343,70,343,,0,0,8b1876a6cdf01b044273ab41f648bb2e772541eb,0,0,0,0,0,
20200310,CO,28,,251,,totalTestEncountersViral,,,,,,,,,,,,,,,,,,,,,,,,,,,,,,,,,08,16,109,279,0,279,,0,0,0c243e97d89937937b33cca235f98a821c974a97,0,0,0,0,0,
20200309,CO,12,,142,1,totalTestEncountersViral,,,,,,,,,,,,,,,,,,,,,,,,,,,,,,,,,08,3,9,155,0,154,,0,0,2fed6274753438819c6a1a7a7b0715f1124fcb6d,0,0,0,0,0,
20200308,CO,9,,133,,totalTestEncountersViral,,,,,,,,,,,,,,,,,,,,,,,,,,,,,,,,,08,1,29,142,0,142,,0,0,c713fda64cbade90894cb4f45e74988287689160,0,0,0,0,0,
20200307,CO,8,,104,,totalTestEncountersViral,,,,,,,,,,,,,,,,,,,,,,,,,,,,,,,,,08,0,49,112,0,112,,0,0,4a680216ba65a55dee5ff6dbbee789fad02172f4,0,0,0,0,0,
20200306,CO,8,,55,69,totalTestEncountersViral,,,,,,,,,,,,,,,,,,,,,,,,,,,,,,,,,08,6,9,132,0,63,,0,0,d4b3fadb2a9acfffff0b31284f90a816d5e2d44c,0,0,0,0,0,
20200305,CO,2,,46,30,totalTestEncountersViral,,,,,,,,,,,,,,,,,,,,,,,,,,,,,,,,,08,0,27,78,0,48,,0,0,698fe79639e80d03f95411b59f3d1b6073d8fb93,0,0,0,0,0,
20200304,CO,2,,19,21,totalTestEncountersViral,,,,,,,,,,,,,,,,,,,,,,,,,,,,,,,,,08,0,0,42,0,21,,0,0,d37afac88c0f7c721679980a621db24c1015d9d5,0,0,0,0,0,
