date,state,positive,probableCases,negative,pending,totalTestResultsSource,totalTestResults,hospitalizedCurrently,hospitalizedCumulative,inIcuCurrently,inIcuCumulative,onVentilatorCurrently,onVentilatorCumulative,recovered,lastUpdateEt,dateModified,checkTimeEt,death,hospitalized,dateChecked,totalTestsViral,positiveTestsViral,negativeTestsViral,positiveCasesViral,deathConfirmed,deathProbable,totalTestEncountersViral,totalTestsPeopleViral,totalTestsAntibody,positiveTestsAntibody,negativeTestsAntibody,totalTestsPeopleAntibody,positiveTestsPeopleAntibody,negativeTestsPeopleAntibody,totalTestsPeopleAntigen,positiveTestsPeopleAntigen,totalTestsAntigen,positiveTestsAntigen,fips,positiveIncrease,negativeIncrease,total,totalTestResultsIncrease,posNeg,dataQualityGrade,deathIncrease,hospitalizedIncrease,hash,commercialScore,negativeRegularScore,negativeScore,positiveScore,score,grade
20210220,MN,478157,22538,2950728,,totalTestEncountersViral,6729262,282,25426,59,5249,,,464504,2/19/2021 17:00,2021-02-19T17:00:00Z,02/19 12:00,6423,25426,2021-02-19T17:00:00Z,,,,455619,6153,270,6729262,3406347,,,,,,,,,403179,,27,870,7046,3428885,28269,3428885,,11,58,092c1f31f60cc527011589ef50fbfd4e71d5b56a,0,0,0,0,0,
20210219,MN,477287,22377,2943682,,totalTestEncountersViral,6700993,282,25368,59,5240,,,463454,2/18/2021 17:00,2021-02-18T17:00:00Z,02/18 12:00,6412,25368,2021-02-18T17:00:00Z,,,,454910,6143,269,6700993,3398592,,,,,,,,,399504,,27,995,11349,3420969,39244,3420969,,8,27,d92a9d063b7c0edb6796513ed12e262ef7b979d0,0,0,0,0,0,
20210218,MN,476292,22207,2932333,,totalTestEncountersViral,6661749,287,25341,54,5230,,,463041,2/17/2021 17:00,2021-02-17T17:00:00Z,02/17 12:00,6404,25341,2021-02-17T17:00:00Z,,,,454085,6135,269,6661749,3386418,,,,,,,,,393801,,27,913,6988,3408625,31623,3408625,,14,54,4caac1593df7d03eec84ca0144b95499f10684de,0,0,0,0,0,
20210217,MN,475379,22055,2925345,,totalTestEncountersViral,6630126,314,25287,54,5212,,,462502,2/16/2021 17:00,2021-02-16T17:00:00Z,02/16 12:00,6390,25287,2021-02-16T17:00:00Z,,,,453324,6124,266,6630126,3378669,,,,,,,,,391083,,27,758,4390,3400724,18370,3400724,,10,44,96bed8ff5e539a833efb092fbd7154f47d9e2513,0,0,0,0,0,
20210216,MN,474621,21944,2920955,,totalTestEncountersViral,6611756,315,25243,57,5206,,,461406,2/15/2021 17:00,2021-02-15T17:00:00Z,02/15 12:00,6380,25243,2021-02-15T17:00:00Z,,,,452677,6115,265,6611756,3373632,,,,,,,,,387566,,27,452,1987,3395576,7852,3395576,,2,46,4d16786663c88f4f379f719261e3afe334247743,0,0,0,0,0,
20210215,MN,474169,21861,2918968,,totalTestEncountersViral,6603904,326,25197,73,5197,,,460537,2/14/2021 17:00,2021-02-14T17:00:00Z,02/14 12:00,6378,25197,2021-02-14T17:00:00Z,,,,452308,6113,265,6603904,3371276,,,,,,,,,386181,,27,602,5130,3393137,17423,3393137,,2,41,6b2526fec795dc0c890cace6f476a97796020fc3,0,0,0,0,0,
20210214,MN,473567,21806,2913838,,totalTestEncountersViral,6586481,326,25156,73,5190,,,459525,2/13/2021 17:00,2021-02-13T17:00:00Z,02/13 12:00,6376,25156,2021-02-13T17:00:00Z,,,,451761,6111,265,6586481,3365599,,,,,,,,,385398,,27,776,8955,3387405,22993,3387405,,7,40,d45a4786ea508a366691ba65115369aed85676f0,0,0,0,0,0,
20210213,MN,472791,21669,2904883,,totalTestEncountersViral,6563488,326,25116,73,5183,,,458492,2/12/2021 17:00,2021-02-12T17:00:00Z,02/12 12:00,6369,25116,2021-02-12T17:00:00Z,,,,451122,6104,265,6563488,3356005,,,,,,,,,381199,,27,940,7153,3377674,27770,3377674,,7,69,aeade010197b4fd25b34be9e49cd8dc51e376712,0,0,0,0,0,
20210212,MN,471851,21538,2897730,,totalTestEncountersViral,6535718,326,25047,73,5176,,,457359,2/11/2021 17:00,2021-02-11T17:00:00Z,02/11 12:00,6362,25047,2021-02-11T17:00:00Z,,,,450313,6097,265,6535718,3348043,,,,,,,,,378417,,27,1048,9353,3369581,38467,3369581,,19,58,49f0ae5e951a520821aa288ae8553eb722018e51,0,0,0,0,0,
20210211,MN,470803,21390,2888377,,totalTestEncountersViral,6497251,320,24989,78,5168,,,456849,2/10/2021 17:00,2021-02-10T17:00:00Z,02/10 12:00,6343,24989,2021-02-10T17:00:00Z,,,,449413,6081,262,6497251,3337790,,,,,,,,,373826,,27,898,9666,3359180,37998,3359180,,24,65,3617cebd6e6ad652aa3e6199c077e4c0179a682c,0,0,0,0,0,
20210210,MN,469905,21280,2878711,,totalTestEncountersViral,6459253,317,24924,78,5155,,,456244,2/9/2021 17:00,2021-02-09T17:00:00Z,02/09 12:00,6319,24924,2021-02-09T17:00:00Z,,,,448625,6057,262,6459253,3327336,,,,,,,,,369634,,27,651,4215,3348616,16740,3348616,,11,61,79a358586e4515556a8a06495e899156db262a10,0,0,0,0,0,
20210209,MN,469254,21156,2874496,,totalTestEncountersViral,6442513,321,24863,74,5121,,,455280,2/8/2021 17:00,2021-02-08T17:00:00Z,02/08 12:00,6308,24863,2021-02-08T17:00:00Z,,,,448098,6046,262,6442513,3322594,,,,,,,,,366121,,27,572,782,3343750,9373,3343750,,6,83,e33e0d47c74dad85fe154c7011836c4d6ea13327,0,0,0,0,0,
20210208,MN,468682,21081,2873714,,totalTestEncountersViral,6433140,330,24780,80,5105,,,454290,2/7/2021 17:00,2021-02-07T17:00:00Z,02/07 12:00,6302,24780,2021-02-07T17:00:00Z,,,,447601,6041,261,6433140,3321315,,,,,,,,,365407,,27,564,6358,3342396,17843,3342396,,3,35,8638dc424f4528e4f1e4d4b54ad0ac8609d4cf62,0,0,0,0,0,
20210207,MN,468118,21047,2867356,,totalTestEncountersViral,6415297,362,24745,82,5101,,,453225,2/6/2021 17:00,2021-02-06T17:00:00Z,02/06 12:00,6299,24745,2021-02-06T17:00:00Z,,,,447071,6038,261,6415297,3314427,,,,,,,,,364727,,27,901,7676,3335474,23541,3335474,,10,59,dcd14fb382a8eaf9343b6976d49b4b3d79d8d8a7,0,0,0,0,0,
20210206,MN,467217,20908,2859680,,totalTestEncountersViral,6391756,362,24686,82,5098,,,452183,2/5/2021 17:00,2021-02-05T17:00:00Z,02/05 12:00,6289,24686,2021-02-05T17:00:00Z,,,,446309,6028,261,6391756,3305989,,,,,,,,,359988,,27,993,8283,3326897,30774,3326897,,16,69,bd5b26ac44cfd20c4e8fd9ca99c3811320f59c01,0,0,0,0,0,
20210205,MN,466224,20745,2851397,,totalTestEncountersViral,6360982,362,24617,82,5092,,,450924,2/4/2021 17:00,2021-02-04T17:00:00Z,02/04 12:00,6273,24617,2021-02-04T17:00:00Z,,,,445479,6014,259,6360982,3296876,,,,,,,,,356437,,27,1048,7129,3317621,34889,3317621,,22,52,5c66323524e7d1249ee562b91ee9c14411ad1d20,0,0,0,0,0,
20210204,MN,465176,20610,2844268,,totalTestEncountersViral,6326093,369,24565,82,5079,,,450383,2/3/2021 17:00,2021-02-03T17:00:00Z,02/03 12:00,6251,24565,2021-02-03T17:00:00Z,,,,444566,5997,254,6326093,3288834,,,,,,,,,353088,,27,1410,11531,3309444,44313,3309444,,17,72,59598c0e07246278acb96722fa5330b8cbedfa8b,0,0,0,0,0,
20210203,MN,463766,20392,2832737,,totalTestEncountersViral,6281780,379,24493,77,5065,,,449707,2/2/2021 17:00,2021-02-02T17:00:00Z,02/02 12:00,6234,24493,2021-02-02T17:00:00Z,,,,443374,5980,254,6281780,3276111,,,,,,,,,347181,,27,634,4449,3296503,16944,3296503,,24,46,815ec7c3c9cf76f4c1a74a4159506f856d760a07,0,0,0,0,0,
20210202,MN,463132,20262,2828288,,totalTestEncountersViral,6264836,394,24447,84,5056,,,448595,2/1/2021 17:00,2021-02-01T17:00:00Z,02/01 12:00,6210,24447,2021-02-01T17:00:00Z,,,,442870,5961,249,6264836,3271158,,,,,,,,,343096,,27,604,-217,3291420,8980,3291420,,8,95,94c3fe40ddc1016ff1e12b1e1fffc27e86b36195,0,0,0,0,0,
20210201,MN,462528,20138,2828505,,totalTestEncountersViral,6255856,387,24352,92,5045,,,447420,2/1/2021 17:00,2021-02-01T17:00:00Z,02/01 12:00,6202,24352,2021-02-01T17:00:00Z,,,,442390,5953,249,6255856,3270895,,,,,,,,,341986,,27,721,5983,3291033,19216,3291033,,2,44,01ec51366a442734706236572febd9e3ff9a9ec1,0,0,0,0,0,
20210131,MN,461807,20029,2822522,,totalTestEncountersViral,6236640,450,24308,95,5040,,,446137,1/30/2021 17:00,2021-01-30T17:00:00Z,01/30 12:00,6200,24308,2021-01-30T17:00:00Z,,,,441778,5952,248,6236640,3264300,,,,,,,,,340162,,27,988,10431,3284329,26296,3284329,,13,39,c1dac3b5a6a11da2ce503450b3cabf1ce61e8466,0,0,0,0,0,
20210130,MN,460819,19880,2812091,,totalTestEncountersViral,6210344,450,24269,95,5034,,,444782,1/29/2021 17:00,2021-01-29T17:00:00Z,01/29 12:00,6187,24269,2021-01-29T17:00:00Z,,,,440939,5940,247,6210344,3253030,,,,,,,,,335624,,27,1072,8105,3272910,29274,3272910,,19,69,7ef8619b4fec73a86524a0c413370ef211f46e44,0,0,0,0,0,
20210129,MN,459747,19728,2803986,,totalTestEncountersViral,6181070,450,24200,95,5024,,,443253,1/28/2021 17:00,2021-01-28T17:00:00Z,01/28 12:00,6168,24200,2021-01-28T17:00:00Z,,,,440019,5921,247,6181070,3244005,,,,,,,,,332727,,27,1114,9968,3263733,42216,3263733,,28,74,8bfc8a606d14bfd6568085867df7de9d877e84fc,0,0,0,0,0,
20210128,MN,458633,19581,2794018,,totalTestEncountersViral,6138854,477,24126,97,5015,,,442600,1/27/2021 17:00,2021-01-27T17:00:00Z,01/27 12:00,6140,24126,2021-01-27T17:00:00Z,,,,439052,5896,244,6138854,3233070,,,,,,,,,329014,,27,1316,11471,3252651,42429,3252651,,16,53,22f9918dccce4024d5d9b1ea129e175099749d15,0,0,0,0,0,
20210127,MN,457317,19375,2782547,,totalTestEncountersViral,6096425,477,24073,97,5004,,,441740,1/26/2021 17:00,2021-01-26T17:00:00Z,01/26 12:00,6124,24073,2021-01-26T17:00:00Z,,,,437942,5882,242,6096425,3220489,,,,,,,,,323843,,27,827,5020,3239864,15521,3239864,,18,59,73089fc6b943588d25d54785c46247243b451fb1,0,0,0,0,0,
20210126,MN,456490,19226,2777527,,totalTestEncountersViral,6080904,496,24014,100,4995,,,440596,1/25/2021 17:00,2021-01-25T17:00:00Z,01/25 12:00,6106,24014,2021-01-25T17:00:00Z,,,,437264,5867,239,6080904,3214791,,,,,,,,,318649,,27,707,-234,3234017,9512,3234017,,8,82,8801559dd5e08dcaf50f1b397fc721fd8336f924,0,0,0,0,0,
20210125,MN,455783,19099,2777761,,totalTestEncountersViral,6071392,543,23932,104,4974,,,439283,1/24/2021 17:00,2021-01-24T17:00:00Z,01/24 12:00,6098,23932,2021-01-24T17:00:00Z,,,,436684,5859,239,6071392,3214445,,,,,,,,,317567,,27,794,7274,3233544,19169,3233544,,3,48,24dcf08cc37512388fae6f2cbc6be51ea9165271,0,0,0,0,0,
20210124,MN,454989,18967,2770487,,totalTestEncountersViral,6052223,543,23884,104,4965,,,437827,1/23/2021 17:00,2021-01-23T17:00:00Z,01/23 12:00,6095,23884,2021-01-23T17:00:00Z,,,,436022,5857,238,6052223,3206509,,,,,,,,,315498,,27,1181,11728,3225476,28051,3225476,,32,19,e9439be21b8072f8b2d1f05631bfc5885f07378b,0,0,0,0,0,
20210123,MN,453808,18784,2758759,,totalTestEncountersViral,6024172,543,23865,104,4961,,,436544,1/22/2021 17:00,2021-01-22T17:00:00Z,01/22 12:00,6063,23865,2021-01-22T17:00:00Z,,,,435024,5832,231,6024172,3193783,,,,,,,,,308475,,27,1540,11334,3212567,39240,3212567,,31,98,09543c39e85089493dd60922ac4a1b2f10723da8,0,0,0,0,0,
20210122,MN,452268,18627,2747425,,totalTestEncountersViral,5984932,558,23767,98,4945,,,434515,1/21/2021 17:00,2021-01-21T17:00:00Z,01/21 12:00,6032,23767,2021-01-21T17:00:00Z,,,,433641,5805,227,5984932,3181066,,,,,,,,,304730,,27,1506,8790,3199693,39150,3199693,,21,91,7f6b0173b794c31dcca805fb57922d6018282481,0,0,0,0,0,
20210121,MN,450762,18450,2738635,,totalTestEncountersViral,5945782,558,23676,98,4926,,,433722,1/20/2021 17:00,2021-01-20T17:00:00Z,01/20 12:00,6011,23676,2021-01-20T17:00:00Z,,,,432312,5785,226,5945782,3170947,,,,,,,,,301660,,27,1270,7615,3189397,35428,3189397,,32,68,612bea644a5220e849675d9859afbff29136d7f2,0,0,0,0,0,
20210120,MN,449492,18254,2731020,,totalTestEncountersViral,5910354,570,23608,111,4913,,,432738,1/19/2021 17:00,2021-01-19T17:00:00Z,01/19 12:00,5979,23608,2021-01-19T17:00:00Z,,,,431238,5756,223,5910354,3162258,,,,,,,,,295842,,27,1224,4401,3180512,14453,3180512,,34,91,f72bbc6e8dce1a3912a0b20ac54c11a3e03340b2,0,0,0,0,0,
20210119,MN,448268,18034,2726619,,totalTestEncountersViral,5895901,584,23517,110,4895,,,431096,1/18/2021 17:00,2021-01-18T17:00:00Z,01/18 12:00,5945,23517,2021-01-18T17:00:00Z,,,,430234,5726,219,5895901,3156853,,,,,,,,,292190,,27,919,3887,3174887,12684,3174887,,6,89,4a06c58370141ef075d4be77fe73006e693b3a1e,0,0,0,0,0,
20210118,MN,447349,17957,2722732,,totalTestEncountersViral,5883217,612,23428,125,4881,,,429325,1/17/2021 17:00,2021-01-17T17:00:00Z,01/17 12:00,5939,23428,2021-01-17T17:00:00Z,,,,429392,5721,218,5883217,3152124,,,,,,,,,290447,,27,969,5981,3170081,19999,3170081,,12,61,40e2ccfdf2d7d2bed889da9828292b9248e445ac,0,0,0,0,0,
20210117,MN,446380,17861,2716751,,totalTestEncountersViral,5863218,612,23367,125,4879,,,427468,1/16/2021 17:00,2021-01-16T17:00:00Z,01/16 12:00,5927,23367,2021-01-16T17:00:00Z,,,,428519,5710,217,5863218,3145270,,,,,,,,,289418,,27,1333,9512,3163131,27111,3163131,,40,76,7218bee4490d4be53390d613bad5665eaf7d18c0,0,0,0,0,0,
20210116,MN,445047,17729,2707239,,totalTestEncountersViral,5836107,612,23291,125,4868,,,425253,1/15/2021 17:00,2021-01-15T17:00:00Z,01/15 12:00,5887,23291,2021-01-15T17:00:00Z,,,,427318,5673,214,5836107,3134557,,,,,,,,,284894,,27,1485,8321,3152286,27757,3152286,,37,106,7a480e8cb0576432cbfaa4dafa77e435b5e52b95,0,0,0,0,0,
20210115,MN,443562,17577,2698918,,totalTestEncountersViral,5808350,612,23185,125,4850,,,422289,1/14/2021 17:00,2021-01-14T17:00:00Z,01/14 12:00,5850,23185,2021-01-14T17:00:00Z,,,,425985,5637,213,5808350,3124903,,,,,,,,,281764,,27,1627,10618,3142480,41027,3142480,,33,72,1c6454677361423f75a628852662cc1ff3334a1f,0,0,0,0,0,
20210114,MN,441935,17351,2688300,,totalTestEncountersViral,5767323,645,23113,131,4836,,,420919,1/13/2021 17:00,2021-01-13T17:00:00Z,01/13 12:00,5817,23113,2021-01-13T17:00:00Z,,,,424584,5606,211,5767323,3112884,,,,,,,,,276479,,27,1581,7021,3130235,33345,3130235,,43,95,05688530fd79d98ca49e1f3fdd3493ddc1a433f0,0,0,0,0,0,
20210113,MN,440354,17125,2681279,,totalTestEncountersViral,5733978,665,23018,129,4822,,,419139,1/12/2021 17:00,2021-01-12T17:00:00Z,01/12 12:00,5774,23018,2021-01-12T17:00:00Z,,,,423229,5567,207,5733978,3104508,,,,,,,,,272733,,27,1487,6151,3121633,18984,3121633,,50,87,e9aeda7044410a421ac3d4992cfb514cb0193911,0,0,0,0,0,
20210112,MN,438867,16921,2675128,,totalTestEncountersViral,5714994,692,22931,135,4811,,,418610,1/11/2021 17:00,2021-01-11T17:00:00Z,01/11 12:00,5724,22931,2021-01-11T17:00:00Z,,,,421946,5521,203,5714994,3097074,,,,,,,,,267462,,27,1315,6787,3113995,27626,3113995,,13,116,f5b11c6b151f64d624a0fe628c02747a81ef5db0,0,0,0,0,0,
20210111,MN,437552,16836,2668341,,totalTestEncountersViral,5687368,686,22815,141,4783,,,417005,1/10/2021 17:00,2021-01-10T17:00:00Z,01/10 12:00,5711,22815,2021-01-10T17:00:00Z,,,,420716,5509,202,5687368,3089057,,,,,,,,,266495,,27,980,5517,3105893,16981,3105893,,4,52,152e1e520c301b66763032971a6897f8cf5816e9,0,0,0,0,0,
20210110,MN,436572,16649,2662824,,totalTestEncountersViral,5670387,759,22763,130,4770,,,414756,1/9/2021 17:00,2021-01-09T17:00:00Z,01/09 12:00,5707,22763,2021-01-09T17:00:00Z,,,,419923,5506,201,5670387,3082747,,,,,,,,,265515,,27,2159,12921,3099396,34806,3099396,,44,64,818e8de29a93c327b367e3f9a122386962b3d797,0,0,0,0,0,
20210109,MN,434413,16432,2649903,,totalTestEncountersViral,5635581,759,22699,130,4762,,,412546,1/8/2021 17:00,2021-01-08T17:00:00Z,01/08 12:00,5663,22699,2021-01-08T17:00:00Z,,,,417981,5463,200,5635581,3067884,,,,,,,,,259861,,27,2469,11272,3084316,37849,3084316,,43,82,81d8bcfbb93b77996cec69a78a911bf1e80f6ae3,0,0,0,0,0,
20210108,MN,431944,16196,2638631,,totalTestEncountersViral,5597732,759,22617,130,4742,,,409727,1/7/2021 17:00,2021-01-07T17:00:00Z,01/07 12:00,5620,22617,2021-01-07T17:00:00Z,,,,415748,5425,195,5597732,3054379,,,,,,,,,255098,,27,2374,10393,3070575,43881,3070575,,48,76,a663b3b0e8d4bce3be23713115c7b842a99f9a05,0,0,0,0,0,
20210107,MN,429570,15917,2628238,,totalTestEncountersViral,5553851,787,22541,135,4733,,,408510,1/6/2021 17:00,2021-01-06T17:00:00Z,01/06 12:00,5572,22541,2021-01-06T17:00:00Z,,,,413653,5381,191,5553851,3041891,,,,,,,,,249978,,27,1983,8211,3057808,34673,3057808,,44,104,c76eb96f01185ddeca99a12b70457fe9adda2d34,0,0,0,0,0,
20210106,MN,427587,15631,2620027,,totalTestEncountersViral,5519178,817,22437,140,4722,,,406910,1/5/2021 17:00,2021-01-05T17:00:00Z,01/05 12:00,5528,22437,2021-01-05T17:00:00Z,,,,411956,5340,188,5519178,3031983,,,,,,,,,243129,,27,2326,5767,3047614,19875,3047614,,67,100,e5a5754a9bd3d9cac48d2efd15e4ee3f7f66808e,0,0,0,0,0,
20210105,MN,425261,15225,2614260,,totalTestEncountersViral,5499303,842,22337,155,4708,,,406667,1/4/2021 17:00,2021-01-04T17:00:00Z,01/04 12:00,5461,22337,2021-01-04T17:00:00Z,,,,410036,5275,186,5499303,3024296,,,,,,,,,239412,,27,1573,2758,3039521,14452,3039521,,18,157,6dd7d82ea9dd002d58c4c61609f5e2a8bad81d28,0,0,0,0,0,
20210104,MN,423688,15058,2611502,,totalTestEncountersViral,5484851,810,22180,156,4676,,,405556,1/3/2021 17:00,2021-01-03T17:00:00Z,01/03 12:00,5443,22180,2021-01-03T17:00:00Z,,,,408630,5259,184,5484851,3020132,,,,,,,,,238315,,27,3144,-121,3035190,8655,3035190,,13,85,95e63af5d6670fc0f5ea05609b42909f8bf8f35e,0,0,0,0,0,
20210103,MN,420544,14858,2611623,,totalTestEncountersViral,5476196,895,22095,196,4658,,,403419,1/2/2021 17:00,2021-01-02T17:00:00Z,01/02 12:00,5430,22095,2021-01-02T17:00:00Z,,,,405686,5248,182,5476196,3017309,,,,,,,,,237044,,27,2712,31920,3032167,88260,3032167,,53,111,a2c536d8fa23c71f15f3f20342dfb8f5d57096ac,0,0,0,0,0,
20210102,MN,417832,14682,2579703,,totalTestEncountersViral,5387936,895,21984,196,4638,,,398199,1/1/2021 17:00,2021-01-01T17:00:00Z,01/01 12:00,5377,21984,2021-01-01T17:00:00Z,,,,403150,5201,176,5387936,2982853,,,,,,,,,228631,,27,2530,7857,2997535,36557,2997535,,54,120,29637ad93c3b24e7750061c02d14d0d311db5d45,0,0,0,0,0,
20210101,MN,415302,14344,2571846,,totalTestEncountersViral,5351379,895,21864,196,4620,,,397080,12/31/2020 17:00,2020-12-31T17:00:00Z,12/31 12:00,5323,21864,2020-12-31T17:00:00Z,,,,400958,5151,172,5351379,2972804,,,,,,,,,223583,,27,0,0,2987148,0,2987148,,0,0,36c2d9b76f96f638aef95a2b624aba2e041ab61e,0,0,0,0,0,
20201231,MN,415302,14344,2571846,,totalTestEncountersViral,5351379,895,21864,196,4620,,,397080,12/30/2020 17:00,2020-12-30T17:00:00Z,12/30 12:00,5323,21864,2020-12-30T17:00:00Z,,,,400958,5151,172,5351379,2972804,,,,,,,,,223583,,27,2195,9767,2987148,42249,2987148,,61,116,e52c176a818153b21cd8081a38937a130476b314,0,0,0,0,0,
20201230,MN,413107,13944,2562079,,totalTestEncountersViral,5309130,926,21748,207,4597,,,395679,12/29/2020 17:00,2020-12-29T17:00:00Z,12/29 12:00,5262,21748,2020-12-29T17:00:00Z,,,,399163,5100,162,5309130,2961242,,,,,,,,,217907,,27,1997,6325,2975186,20796,2975186,,66,143,d2f3e1839b0d751ee3f674d11d0b52c8b8fd3c4e,0,0,0,0,0,
20201229,MN,411110,13635,2555754,,totalTestEncountersViral,5288334,966,21605,214,4575,,,393506,12/29/2020 17:00,2020-12-29T17:00:00Z,12/29 12:00,5196,21605,2020-12-29T17:00:00Z,,,,397475,5038,158,5288334,2953229,,,,,,,,,212943,,27,972,304,2966864,6470,2966864,,36,185,7791818e58e22c1759022a23f178ac61f5025fff,0,0,0,0,0,
20201228,MN,410138,13473,2555450,,totalTestEncountersViral,5281864,878,21420,203,4539,,,391248,12/27/2020 17:00,2020-12-27T17:00:00Z,12/27 12:00,5160,21420,2020-12-27T17:00:00Z,,,,396665,5003,157,5281864,2952115,,,,,,,,,211909,,27,1077,3529,2965588,12110,2965588,,13,105,5382b97727c0477301b4b83e4b2bd4502de6a296,0,0,0,0,0,
20201227,MN,409061,13348,2551921,,totalTestEncountersViral,5269754,1048,21315,238,4527,,,388919,12/26/2020 17:00,2020-12-26T17:00:00Z,12/26 12:00,5147,21315,2020-12-26T17:00:00Z,,,,395713,4993,154,5269754,2947634,,,,,,,,,210685,,27,2516,27069,2960982,82728,2960982,,40,102,73679957ba0ee220c287fa6eaed82f61774f0929,0,0,0,0,0,
20201226,MN,406545,13154,2524852,,totalTestEncountersViral,5187026,1048,21213,238,4516,,,382705,12/25/2020 17:00,2020-12-25T17:00:00Z,12/25 12:00,5107,21213,2020-12-25T17:00:00Z,,,,393391,4957,150,5187026,2918243,,,,,,,,,205385,,27,2142,12954,2931397,45364,2931397,,57,108,37a7e8ca6903982aa4f21179d1aeed56a1f56750,0,0,0,0,0,
20201225,MN,404403,12962,2511898,,totalTestEncountersViral,5141662,1048,21105,238,4500,,,381269,12/23/2020 17:00,2020-12-23T17:00:00Z,12/23 12:00,5050,21105,2020-12-23T17:00:00Z,,,,391441,4904,146,5141662,2903339,,,,,,,,,197888,,27,0,0,2916301,0,2916301,,0,0,65fdfb42cadc6ec73c9f01b6db95cc06113ad79f,0,0,0,0,0,
20201224,MN,404403,12962,2511898,,totalTestEncountersViral,5141662,1048,21105,238,4500,,,381269,12/22/2020 17:00,2020-12-22T17:00:00Z,12/22 12:00,5050,21105,2020-12-22T17:00:00Z,,,,391441,4904,146,5141662,2903339,,,,,,,,,197888,,27,1884,12130,2916301,46859,2916301,,79,142,1f5cb0a826aa6df44cb16f81b5f6370d521417aa,0,0,0,0,0,
20201223,MN,402519,12637,2499768,,totalTestEncountersViral,5094803,1073,20963,238,4474,,,379512,12/22/2020 17:00,2020-12-22T17:00:00Z,12/22 12:00,4971,20963,2020-12-22T17:00:00Z,,,,389882,4834,137,5094803,2889650,,,,,,,,,193195,,27,1508,6671,2902287,17828,2902287,,75,147,70f7d3118e551c8ac5364614b0dcbf2510304a21,0,0,0,0,0,
20201222,MN,401011,12338,2493097,,totalTestEncountersViral,5076975,1060,20816,228,4449,,,376354,12/21/2020 17:00,2020-12-21T17:00:00Z,12/21 12:00,4896,20816,2020-12-21T17:00:00Z,,,,388673,4763,133,5076975,2881770,,,,,,,,,187586,,27,1700,9882,2894108,30010,2894108,,24,187,a390e0732ed17fa7bbaaf602909654989d11440e,0,0,0,0,0,
20201221,MN,399311,12189,2483215,,totalTestEncountersViral,5046965,1040,20629,237,4424,,,373301,12/20/2020 17:00,2020-12-20T17:00:00Z,12/20 12:00,4872,20629,2020-12-20T17:00:00Z,,,,387122,4739,133,5046965,2870337,,,,,,,,,185382,,27,1992,9265,2882526,31810,2882526,,22,82,8257b7bab59c74616eb606a64b0ca884b431f3a1,0,0,0,0,0,
20201220,MN,397319,12049,2473950,,totalTestEncountersViral,5015155,1144,20547,270,4412,,,369912,12/19/2020 17:00,2020-12-19T17:00:00Z,12/19 12:00,4850,20547,2020-12-19T17:00:00Z,,,,385270,4719,131,5015155,2859220,,,,,,,,,183856,,27,2684,19810,2871269,58261,2871269,,70,79,524756a5aea019965a04e332cecc00a2b86afcb3,0,0,0,0,0,
20201219,MN,394635,11877,2454140,,totalTestEncountersViral,4956894,1144,20468,270,4392,,,365620,12/18/2020 17:00,2020-12-18T17:00:00Z,12/18 12:00,4780,20468,2020-12-18T17:00:00Z,,,,382758,4649,131,4956894,2836898,,,,,,,,,177042,,27,2746,7914,2848775,32967,2848775,,57,145,b4d1285d8fd86b754bbeb7999edd50941cae12ac,0,0,0,0,0,
20201218,MN,391889,11659,2446226,,totalTestEncountersViral,4923927,1144,20323,270,4383,,,360868,12/17/2020 17:00,2020-12-17T17:00:00Z,12/17 12:00,4723,20323,2020-12-17T17:00:00Z,,,,380230,4594,129,4923927,2826456,,,,,,,,,172841,,27,2718,15538,2838115,58047,2838115,,65,151,95b60253dd75b2e81ec338b37988b18b22e4e107,0,0,0,0,0,
20201217,MN,389171,11329,2430688,,totalTestEncountersViral,4865880,1222,20172,289,4353,,,358667,12/16/2020 17:00,2020-12-16T17:00:00Z,12/16 12:00,4658,20172,2020-12-16T17:00:00Z,,,,377842,4534,124,4865880,2808530,,,,,,,,,167249,,27,2759,12297,2819859,42028,2819859,,83,192,1a761e4b20e9f1da8dc45d0ae00db16adc3160a6,0,0,0,0,0,
20201216,MN,386412,10910,2418391,,totalTestEncountersViral,4823852,1277,19980,304,4323,,,356384,12/15/2020 17:00,2020-12-15T17:00:00Z,12/15 12:00,4575,19980,2020-12-15T17:00:00Z,,,,375502,4455,120,4823852,2793893,,,,,,,,,161618,,27,2248,4632,2804803,16534,2804803,,92,195,6c5d819c6c5b95badb55e20bc6061071c14ebff4,0,0,0,0,0,
20201215,MN,384164,10672,2413759,,totalTestEncountersViral,4807318,1309,19785,300,4286,,,351820,12/14/2020 17:00,2020-12-14T17:00:00Z,12/14 12:00,4483,19785,2020-12-14T17:00:00Z,,,,373492,4369,114,4807318,2787251,,,,,,,,,158586,,27,2323,10171,2797923,30809,2797923,,21,147,b73aefa0740eb8ef0ace1aaa297807480035bf7b,0,0,0,0,0,
20201214,MN,381841,10499,2403588,,totalTestEncountersViral,4776509,1283,19638,319,4255,,,347077,12/13/2020 17:00,2020-12-13T17:00:00Z,12/13 12:00,4462,19638,2020-12-13T17:00:00Z,,,,371342,4350,112,4776509,2774930,,,,,,,,,157285,,27,3018,12768,2785429,41965,2785429,,18,102,07d293a29210938f1e2d41b3f28cc74eb96f7739,0,0,0,0,0,
20201213,MN,378823,10289,2390820,,totalTestEncountersViral,4734544,1461,19536,343,4228,,,341530,12/12/2020 17:00,2020-12-12T17:00:00Z,12/12 12:00,4444,19536,2020-12-12T17:00:00Z,,,,368534,4334,110,4734544,2759354,,,,,,,,,153880,,27,3425,12316,2769643,42785,2769643,,85,108,33cf268bca73c2b2ae1cb9da5c97728adf7f9958,0,0,0,0,0,
20201212,MN,375398,10038,2378504,,totalTestEncountersViral,4691759,1461,19428,343,4213,,,335258,12/11/2020 17:00,2020-12-11T17:00:00Z,12/11 12:00,4359,19428,2020-12-11T17:00:00Z,,,,365360,4251,108,4691759,2743864,,,,,,,,,148431,,27,4430,13310,2753902,46554,2753902,,67,177,b2ba8b7e8231467641b7663f5094a762f9e9c4f6,0,0,0,0,0,
20201211,MN,370968,9692,2365194,,totalTestEncountersViral,4645205,1461,19251,343,4188,,,327509,12/10/2020 17:00,2020-12-10T17:00:00Z,12/10 12:00,4292,19251,2020-12-10T17:00:00Z,,,,361276,4186,106,4645205,2726470,,,,,,,,,144624,,27,3750,14572,2736162,53097,2736162,,94,222,5e1c56a07fef1985fa0d0ddd04b1cf8d6d1ebadf,0,0,0,0,0,
20201210,MN,367218,9409,2350622,,totalTestEncountersViral,4592108,1542,19029,352,4145,,,324304,12/9/2020 17:00,2020-12-09T17:00:00Z,12/09 12:00,4198,19029,2020-12-09T17:00:00Z,,,,357809,4096,102,4592108,2708431,,,,,,,,,139611,,27,3499,10197,2717840,38303,2717840,,89,220,0decd1e797592511d5629dfb1da5d27072ab8990,0,0,0,0,0,
20201209,MN,363719,9129,2340425,,totalTestEncountersViral,4553805,1545,18809,358,4106,,,320233,12/8/2020 17:00,2020-12-08T17:00:00Z,12/08 12:00,4109,18809,2020-12-08T17:00:00Z,,,,354590,4011,98,4553805,2695015,,,,,,,,,136408,,27,4516,11617,2704144,34754,2704144,,82,215,8490f766dba6fb88e6483861fe90d4ab5607b405,0,0,0,0,0,
20201208,MN,359203,8790,2328808,,totalTestEncountersViral,4519051,1604,18594,359,4063,,,314957,12/7/2020 17:00,2020-12-07T17:00:00Z,12/07 12:00,4027,18594,2020-12-07T17:00:00Z,,,,350413,3933,94,4519051,2679221,,,,,,,,,131675,,27,3051,7221,2688011,24557,2688011,,22,236,230f6c0690ea77301a9de319daa057b794353a6d,0,0,0,0,0,
20201207,MN,356152,8618,2321587,,totalTestEncountersViral,4494494,1567,18358,362,4015,,,314138,12/6/2020 17:00,2020-12-06T17:00:00Z,12/06 12:00,4005,18358,2020-12-06T17:00:00Z,,,,347534,3913,92,4494494,2669121,,,,,,,,,128998,,27,5290,20452,2677739,62817,2677739,,21,125,21dcf8163be395c8ab022eba29a786d6f79740b9,0,0,0,0,0,
20201206,MN,350862,8459,2301135,,totalTestEncountersViral,4431677,1679,18233,367,3991,,,308218,12/5/2020 17:00,2020-12-05T17:00:00Z,12/05 12:00,3984,18233,2020-12-05T17:00:00Z,,,,342403,3892,92,4431677,2643538,,,,,,,,,128148,,27,5581,19757,2651997,61042,2651997,,64,174,38339e803702721a13832be00a91af14fd61dd99,0,0,0,0,0,
20201205,MN,345281,8228,2281378,,totalTestEncountersViral,4370635,1679,18059,367,3980,,,301081,12/4/2020 17:00,2020-12-04T17:00:00Z,12/04 12:00,3920,18059,2020-12-04T17:00:00Z,,,,337053,3829,91,4370635,2618431,,,,,,,,,121786,,27,6308,12161,2626659,48295,2626659,,75,231,0cd20616a1eabf6a51225613bb8c7b77ae542f5d,0,0,0,0,0,
20201204,MN,338973,7834,2269217,,totalTestEncountersViral,4322340,1679,17828,367,3942,,,293151,12/3/2020 17:00,2020-12-03T17:00:00Z,12/03 12:00,3845,17828,2020-12-03T17:00:00Z,,,,331139,3759,86,4322340,2600356,,,,,,,,,117388,,27,5347,18469,2608190,55360,2608190,,61,205,c536e2895aedf68545b5cf5e10ae9808cde0ee4d,0,0,0,0,0,
20201203,MN,333626,7562,2250748,,totalTestEncountersViral,4266980,1770,17623,376,3911,,,290019,12/2/2020 17:00,2020-12-02T17:00:00Z,12/02 12:00,3784,17623,2020-12-02T17:00:00Z,,,,326064,3701,83,4266980,2576812,,,,,,,,,112630,,27,6149,14306,2584374,48363,2584374,,92,245,dc4660f1efbf060a7ab35c35ed0dd3f152865931,0,0,0,0,0,
20201202,MN,327477,7176,2236442,,totalTestEncountersViral,4218617,1704,17378,354,3873,,,286219,12/1/2020 17:00,2020-12-01T17:00:00Z,12/01 12:00,3692,17378,2020-12-01T17:00:00Z,,,,320301,3613,79,4218617,2556743,,,,,,,,,107730,,27,5165,12827,2563919,38689,2563919,,77,267,4c80ba9575c516649cf1a7caf3822aeabe6479ab,0,0,0,0,0,
20201201,MN,322312,6924,2223615,,totalTestEncountersViral,4179928,1840,17111,394,3826,,,279540,11/30/2020 17:00,2020-11-30T17:00:00Z,11/30 12:00,3615,17111,2020-11-30T17:00:00Z,,,,315388,3543,72,4179928,2539003,,,,,,,,,104895,,27,3549,6035,2545927,23306,2545927,,22,320,6aa2c48125049042f3472542f33b6cb70f908397,0,0,0,0,0,
20201130,MN,318763,6670,2217580,,totalTestEncountersViral,4156622,1840,16791,392,3779,,,272608,11/29/2020 17:00,2020-11-29T17:00:00Z,11/29 12:00,3593,16791,2020-11-29T17:00:00Z,,,,312093,3521,72,4156622,2529673,,,,,,,,,104184,,27,5794,11493,2536343,39881,2536343,,15,148,3e65bb1aa16f7ef64dbd3ec460be64d1f3ba990d,0,0,0,0,0,
20201129,MN,312969,6366,2206087,,totalTestEncountersViral,4116741,1785,16643,386,3750,,,265223,11/28/2020 17:00,2020-11-28T17:00:00Z,11/28 12:00,3578,16643,2020-11-28T17:00:00Z,,,,306603,3507,71,4116741,2512690,,,,,,,,,102683,,27,8946,35557,2519056,89486,2519056,,57,220,43fcf6ba381cf4b66fe6f10c1deeb72baa7fbd9f,0,0,0,0,0,
20201128,MN,304023,6095,2170530,,totalTestEncountersViral,4027255,1785,16423,386,3715,,,257485,11/27/2020 17:00,2020-11-27T17:00:00Z,11/27 12:00,3521,16423,2020-11-27T17:00:00Z,,,,297928,3453,68,4027255,2468458,,,,,,,,,94651,,27,9022,39310,2474553,105119,2474553,,45,380,ceed5a9bb06e34cf67484f846a0e33d5081676df,0,0,0,0,0,
20201127,MN,295001,5637,2131220,,totalTestEncountersViral,3922136,1785,16043,386,3638,,,244982,11/25/2020 17:00,2020-11-25T17:00:00Z,11/25 12:00,3476,16043,2020-11-25T17:00:00Z,,,,289364,3410,66,3922136,2420584,,,,,,,,,90388,,27,5698,17333,2426221,49074,2426221,,101,277,b00341e20e2787b9b0315f04ef887be00e5595f5,0,0,0,0,0,
20201126,MN,289303,5472,2113887,,totalTestEncountersViral,3873062,1812,15766,387,3611,,,240720,11/24/2020 17:00,2020-11-24T17:00:00Z,11/24 12:00,3375,15766,2020-11-24T17:00:00Z,,,,283831,3313,62,3873062,2397718,,,,,,,,,83887,,27,0,0,2403190,0,2403190,,0,0,06270f875873da58c6cae9951a026454f54488aa,0,0,0,0,0,
20201125,MN,289303,5472,2113887,,totalTestEncountersViral,3873062,1812,15766,387,3611,,,240720,11/24/2020 17:00,2020-11-24T17:00:00Z,11/24 12:00,3375,15766,2020-11-24T17:00:00Z,,,,283831,3313,62,3873062,2397718,,,,,,,,,83887,,27,6387,26598,2403190,63086,2403190,,72,322,d8055580b6b5c89041462c637f2580a78bbe9414,0,0,0,0,0,
20201124,MN,282916,5262,2087289,,totalTestEncountersViral,3809976,1828,15444,379,3540,,,233847,11/23/2020 17:00,2020-11-23T17:00:00Z,11/23 12:00,3303,15444,2020-11-23T17:00:00Z,,,,277654,3243,60,3809976,2364943,,,,,,,,,81183,,27,6416,18070,2370205,53199,2370205,,38,338,b8f0ad4768ab9dbbc2d73d9a121b8b99804b09e6,0,0,0,0,0,
20201123,MN,276500,4943,2069219,,totalTestEncountersViral,3756777,1778,15106,364,3480,,,227311,11/22/2020 17:00,2020-11-22T17:00:00Z,11/22 12:00,3265,15106,2020-11-22T17:00:00Z,,,,271557,3205,60,3756777,2340776,,,,,,,,,80527,,27,6343,20622,2345719,56434,2345719,,24,177,92e09e5f1189739093f00dd528fd848704bdf010,0,0,0,0,0,
20201122,MN,270157,4660,2048597,,totalTestEncountersViral,3700343,1784,14929,369,3452,,,219720,11/21/2020 17:00,2020-11-21T17:00:00Z,11/21 12:00,3241,14929,2020-11-21T17:00:00Z,,,,265497,3181,60,3700343,2314094,,,,,,,,,79491,,27,7205,29191,2318754,60166,2318754,,40,184,e06a9504231d77bc79f38699c498edffda423920,0,0,0,0,0,
20201121,MN,262952,4378,2019406,,totalTestEncountersViral,3640177,1784,14745,369,3427,,,211513,11/20/2020 17:00,2020-11-20T17:00:00Z,11/20 12:00,3201,14745,2020-11-20T17:00:00Z,,,,258574,3141,60,3640177,2277980,,,,,,,,,71933,,27,6252,11828,2282358,51620,2282358,,51,283,4681b15a94ed0e18e10a183d98e51413e9e3a390,0,0,0,0,0,
20201120,MN,256700,3984,2007578,,totalTestEncountersViral,3588557,1784,14462,369,3387,,,202432,11/19/2020 17:00,2020-11-19T17:00:00Z,11/19 12:00,3150,14462,2020-11-19T17:00:00Z,,,,252716,3093,57,3588557,2260294,,,,,,,,,70895,,27,6794,20668,2264278,53812,2264278,,68,291,c1a8b9c0d8d979fc2fe85490ed5cdf44fe98c35a,0,0,0,0,0,
20201119,MN,249906,3679,1986910,,totalTestEncountersViral,3534745,1751,14171,367,3346,,,198365,11/18/2020 17:00,2020-11-18T17:00:00Z,11/18 12:00,3082,14171,2020-11-18T17:00:00Z,,,,246227,3029,53,3534745,2233137,,,,,,,,,66452,,27,7863,21144,2236816,55821,2236816,,72,279,45aad284fb782b92689664bdf0e92069f622728b,0,0,0,0,0,
20201118,MN,242043,3397,1965766,,totalTestEncountersViral,3478924,1706,13892,355,3307,,,193869,11/17/2020 17:00,2020-11-17T17:00:00Z,11/17 12:00,3010,13892,2020-11-17T17:00:00Z,,,,238646,2961,49,3478924,2204412,,,,,,,,,64747,,27,5094,11522,2207809,33677,2207809,,67,298,bb406d23831eebc342af54b0bb8cf4ef2d5ae28f,0,0,0,0,0,
20201117,MN,236949,3036,1954244,,totalTestEncountersViral,3445247,1669,13594,346,3247,,,186680,11/16/2020 17:00,2020-11-16T17:00:00Z,11/16 12:00,2943,13594,2020-11-16T17:00:00Z,,,,233913,2898,45,3445247,2188157,,,,,,,,,60931,,27,5931,8977,2191193,31555,2191193,,26,343,90a249af73d5985f3f1f9b432828a24e4a463897,0,0,0,0,0,
20201116,MN,231018,2860,1945267,,totalTestEncountersViral,3413692,1558,13251,324,3203,,,179614,11/14/2020 17:00,2020-11-14T17:00:00Z,11/14 12:00,2917,13251,2020-11-14T17:00:00Z,,,,228158,2873,44,3413692,2173425,,,,,,,,,59141,,27,7437,17566,2176285,49157,2176285,,12,177,695baacc1b6f6330be51c45e959e6ddd1c775da3,0,0,0,0,0,
20201115,MN,223581,2621,1927701,,totalTestEncountersViral,3364535,1424,13074,293,3176,,,172873,11/14/2020 17:00,2020-11-14T17:00:00Z,11/14 12:00,2905,13074,2020-11-14T17:00:00Z,,,,220960,2861,44,3364535,2148661,,,,,,,,,57147,,27,7553,24650,2151282,62036,2151282,,31,159,62cbfdc2f0ffb2f64005d6cf7f3b338f0a9eed91,0,0,0,0,0,
20201114,MN,216028,2446,1903051,,totalTestEncountersViral,3302499,1424,12915,293,3155,,,167234,11/13/2020 17:00,2020-11-13T17:00:00Z,11/13 12:00,2874,12915,2020-11-13T17:00:00Z,,,,213582,2836,38,3302499,2116633,,,,,,,,,53893,,27,8689,14877,2119079,50948,2119079,,35,271,10abe5d3af4c760fd704debabd4c7a8bfa325aab,0,0,0,0,0,
20201113,MN,207339,2251,1888174,,totalTestEncountersViral,3251551,1424,12644,293,3119,,,161756,11/12/2020 17:00,2020-11-12T17:00:00Z,11/12 12:00,2839,12644,2020-11-12T17:00:00Z,,,,205088,2802,37,3251551,2093262,,,,,,,,,52885,,27,5544,19255,2095513,48226,2095513,,46,201,22cf6fcbbbb375ab8ac8b69847694cc19f49d73d,0,0,0,0,0,
20201112,MN,201795,2038,1868919,,totalTestEncountersViral,3203325,1329,12443,278,3086,,,159467,11/11/2020 17:00,2020-11-11T17:00:00Z,11/11 12:00,2793,12443,2020-11-11T17:00:00Z,,,,199757,2756,37,3203325,2068676,,,,,,,,,50555,,27,7225,18173,2070714,53217,2070714,,39,292,4868045ed19fd023f3017b322e11da52dfbc7bea,0,0,0,0,0,
20201111,MN,194570,1660,1850746,,totalTestEncountersViral,3150108,1299,12151,282,3032,,,157164,11/10/2020 17:00,2020-11-10T17:00:00Z,11/10 12:00,2754,12151,2020-11-10T17:00:00Z,,,,192910,2720,34,3150108,2043656,,,,,,,,,44734,,27,4889,6542,2045316,14112,2045316,,56,218,39267fc61bd03bfdd04f0542cdccc301ff18cbec,0,0,0,0,0,
20201110,MN,189681,1567,1844204,,totalTestEncountersViral,3135996,1224,11933,249,2996,,,153347,11/9/2020 17:00,2020-11-09T17:00:00Z,11/09 12:00,2698,11933,2020-11-09T17:00:00Z,,,,188114,2668,30,3135996,2032318,,,,,,,,,43876,,27,4893,10137,2033885,32562,2033885,,23,262,6e69d5d391b20f4f84ecd6c31e2f96f7fb88a833,0,0,0,0,0,
20201109,MN,184788,1504,1834067,,totalTestEncountersViral,3103434,1084,11671,224,2948,,,149766,11/8/2020 17:00,2020-11-08T17:00:00Z,11/08 12:00,2675,11671,2020-11-08T17:00:00Z,,,,183284,2645,30,3103434,2017351,,,,,,,,,43836,,27,3926,10347,2018855,25468,2018855,,19,144,43f2a768a5da6bd4e9e36c2b838a5693db6a83d4,0,0,0,0,0,
20201108,MN,180862,1337,1823720,,totalTestEncountersViral,3077966,1038,11527,224,2923,,,146311,11/7/2020 17:00,2020-11-07T17:00:00Z,11/07 12:00,2656,11527,2020-11-07T17:00:00Z,,,,179525,2626,30,3077966,2003245,,,,,,,,,43029,,27,5908,15231,2004582,42572,2004582,,31,133,633a5c7e25833945fd1022140afa589967ac7619,0,0,0,0,0,
20201107,MN,174954,1277,1808489,,totalTestEncountersViral,3035394,1038,11394,224,2889,,,142800,11/6/2020 17:00,2020-11-06T17:00:00Z,11/06 12:00,2625,11394,2020-11-06T17:00:00Z,,,,173677,2597,28,3035394,1982166,,,,,,,,,40019,,27,4647,14947,1983443,44429,1983443,,34,201,75d2716f0e2ecf0bd89df9ce3c9e22315918b3ca,0,0,0,0,0,
20201106,MN,170307,1077,1793542,,totalTestEncountersViral,2990965,1038,11193,224,2864,,,139190,11/5/2020 17:00,2020-11-05T17:00:00Z,11/05 12:00,2591,11193,2020-11-05T17:00:00Z,,,,169230,2563,28,2990965,1962772,,,,,,,,,38143,,27,5442,16911,1963849,43812,1963849,,36,177,0ed04fdbeb1a7edb1959bab622c38e9668c2ec7c,0,0,0,0,0,
20201105,MN,164865,936,1776631,,totalTestEncountersViral,2947153,931,11016,216,2839,,,137824,11/4/2020 17:00,2020-11-04T17:00:00Z,11/04 12:00,2555,11016,2020-11-04T17:00:00Z,,,,163929,2530,25,2947153,1940560,,,,,,,,,37178,,27,3942,17089,1941496,32216,1941496,,25,167,0be9eccc46439f2f9e9844f23c696f45066079bb,0,0,0,0,0,
20201104,MN,160923,853,1759542,,totalTestEncountersViral,2914937,908,10849,203,2805,,,136457,11/3/2020 17:00,2020-11-03T17:00:00Z,11/03 12:00,2530,10849,2020-11-03T17:00:00Z,,,,160070,2505,25,2914937,1919612,,,,,,,,,34654,,27,3827,16625,1920465,31199,1920465,,31,202,a1414c9ca091b6f738dee551b8c488f281081ab3,0,0,0,0,0,
20201103,MN,157096,783,1742917,,totalTestEncountersViral,2883738,852,10647,197,2760,,,134227,11/2/2020 17:00,2020-11-02T17:00:00Z,11/02 12:00,2499,10647,2020-11-02T17:00:00Z,,,,156313,2478,21,2883738,1899230,,,,,,,,,32693,,27,3476,3628,1900013,10975,1900013,,15,210,c02613d3ed002a16f1ffaf8760502ca9315d5354,0,0,0,0,0,
20201102,MN,153620,686,1739289,,totalTestEncountersViral,2872763,774,10437,195,2729,,,132125,11/1/2020 17:00,2020-11-01T17:00:00Z,11/01 12:00,2484,10437,2020-11-01T17:00:00Z,,,,152934,2463,21,2872763,1892223,,,,,,,,,32466,,27,2948,20116,1892909,36536,1892909,,9,103,5d7022a75cd85e7b2b295105cca1f6c30fa32c2c,0,0,0,0,0,
20201101,MN,150672,668,1719173,,totalTestEncountersViral,2836227,738,10334,176,2706,,,129663,10/31/2020 17:00,2020-10-31T17:00:00Z,10/31 13:00,2475,10334,2020-10-31T17:00:00Z,,,,150004,2455,20,2836227,1869177,,,,,,,,,31184,,27,2200,13387,1869845,27094,1869845,,18,64,998f571212df264a6173f1e5367e1ea0f31217ea,0,0,0,0,0,
20201031,MN,148472,641,1705786,,totalTestEncountersViral,2809133,738,10270,176,2695,,,127362,10/30/2020 17:00,2020-10-30T17:00:00Z,10/30 13:00,2457,10270,2020-10-30T17:00:00Z,,,,147831,2438,19,2809133,1853617,,,,,,,,,30171,,27,3007,14452,1854258,34438,1854258,,20,151,921a2aaaa416eb0b9e26670dad7b726b6ab5d366,0,0,0,0,0,
20201030,MN,145465,603,1691334,,totalTestEncountersViral,2774695,738,10119,176,2665,,,125052,10/29/2020 17:00,2020-10-29T17:00:00Z,10/29 13:00,2437,10119,2020-10-29T17:00:00Z,,,,144862,2420,17,2774695,1836196,,,,,,,,,28643,,27,3154,13250,1836799,31826,1836799,,18,128,219f4a8269ab1c039edbe43e06c0e35abc7e8005,0,0,0,0,0,
20201029,MN,142311,522,1678084,,totalTestEncountersViral,2742869,867,9991,173,2642,,,124379,10/28/2020 17:00,2020-10-28T17:00:00Z,10/28 13:00,2419,9991,2020-10-28T17:00:00Z,,,,141789,2404,15,2742869,1819873,,,,,,,,,27581,,27,2867,16024,1820395,29792,1820395,,32,136,0f9c64280ee28f167ad3e7595b10dda638f24034,0,0,0,0,0,
20201028,MN,139444,500,1662060,,totalTestEncountersViral,2713077,680,9855,166,2609,,,123529,10/27/2020 17:00,2020-10-27T17:00:00Z,10/27 13:00,2387,9855,2020-10-27T17:00:00Z,,,,138944,2373,14,2713077,1801004,,,,,,,,,26920,,27,1908,7518,1801504,14964,1801504,,19,126,7fb1ba210d3a080c5a0feb57cd0ff7abb19f2f58,0,0,0,0,0,
20201027,MN,137536,390,1654542,,totalTestEncountersViral,2698113,658,9729,165,2589,,,122100,10/26/2020 17:00,2020-10-26T17:00:00Z,10/26 13:00,2368,9729,2020-10-26T17:00:00Z,,,,137146,2354,14,2698113,1791688,,,,,,,,,26207,,27,2164,5602,1792078,14099,1792078,,15,141,622af922d56bb430d82c3bd80c15bedc0d949c13,0,0,0,0,0,
20201026,MN,135372,379,1648940,,totalTestEncountersViral,2684014,614,9588,149,2558,,,120421,10/25/2020 17:00,2020-10-25T17:00:00Z,10/25 13:00,2353,9588,2020-10-25T17:00:00Z,,,,134993,2339,14,2684014,1783933,,,,,,,,,26163,,27,1570,12009,1784312,23691,1784312,,4,77,46e2a365c1b9d64c156a79a7cd3ba90959de0e17,0,0,0,0,0,
20201025,MN,133802,371,1636931,,totalTestEncountersViral,2660323,584,9511,163,2538,,,118485,10/24/2020 17:00,2020-10-24T17:00:00Z,10/24 13:00,2349,9511,2020-10-24T17:00:00Z,,,,133431,2335,14,2660323,1770362,,,,,,,,,25979,,27,1680,24938,1770733,34933,1770733,,21,67,2fc96999860b3e62935262fef762182a1438ae87,0,0,0,0,0,
20201024,MN,132122,369,1611993,,totalTestEncountersViral,2625390,584,9444,163,2533,,,116693,10/23/2020 17:00,2020-10-23T17:00:00Z,10/23 13:00,2328,9444,2020-10-23T17:00:00Z,,,,131753,2316,12,2625390,1743746,,,,,,,,,24238,,27,2259,7611,1744115,34465,1744115,,14,106,539f0d43928d9bdfb9e952d5c0cb1e53cb07405d,0,0,0,0,0,
20201023,MN,129863,352,1604382,,totalTestEncountersViral,2590925,584,9338,163,2510,,,114679,10/22/2020 17:00,2020-10-22T17:00:00Z,10/22 13:00,2314,9338,2020-10-22T17:00:00Z,,,,129511,2302,12,2590925,1733893,,,,,,,,,23199,,27,1711,9637,1734245,26434,1734245,,13,112,df89e9e5a54fb84f95b9d3b39aa434cd5d3734c3,0,0,0,0,0,
20201022,MN,128152,324,1594745,,totalTestEncountersViral,2564491,584,9226,154,2485,,,113976,10/21/2020 17:00,2020-10-21T17:00:00Z,10/21 13:00,2301,9226,2020-10-21T17:00:00Z,,,,127828,2289,12,2564491,1722573,,,,,,,,,22777,,27,1561,12822,1722897,25115,1722897,,20,79,0f793a8a4edea59bab3f45c97a949d043cea8bc4,0,0,0,0,0,
20201021,MN,126591,329,1581923,,totalTestEncountersViral,2539376,588,9147,160,2473,,,113158,10/20/2020 17:00,2020-10-20T17:00:00Z,10/20 13:00,2281,9147,2020-10-20T17:00:00Z,,,,126262,2269,12,2539376,1708185,,,,,,,,,21144,,27,1060,7189,1708514,16377,1708514,,35,105,01310bdecaade01485e6bf30d0e7d34defabf199,0,0,0,0,0,
20201020,MN,125531,316,1574734,,totalTestEncountersViral,2522999,567,9042,155,2451,,,111634,10/19/2020 17:00,2020-10-19T17:00:00Z,10/19 13:00,2246,9042,2020-10-19T17:00:00Z,,,,125215,2235,11,2522999,1699949,,,,,,,,,20649,,27,1092,4604,1700265,11604,1700265,,7,126,c3d2e6f28677894d0e6f744d7d00ca26391803cf,0,0,0,0,0,
20201019,MN,124439,304,1570130,,totalTestEncountersViral,2511395,532,8916,138,2414,,,109963,10/18/2020 17:00,2020-10-18T17:00:00Z,10/18 13:00,2239,8916,2020-10-18T17:00:00Z,,,,124135,2229,10,2511395,1694265,,,,,,,,,20603,,27,1627,11624,1694569,22177,1694569,,5,50,8872ca8915cc38d37306b15612b2a8c4ba804c72,0,0,0,0,0,
20201018,MN,122812,288,1558506,,totalTestEncountersViral,2489218,484,8866,126,2405,,,108316,10/17/2020 17:00,2020-10-17T17:00:00Z,10/17 13:00,2234,8866,2020-10-17T17:00:00Z,,,,122524,2224,10,2489218,1681318,,,,,,,,,20516,,27,1722,17973,1681318,30947,1681318,,17,65,fbae0e52e2797627bc4186ed78c3bb3b3b949411,0,0,0,0,0,
20201017,MN,121090,272,1540533,,totalTestEncountersViral,2458271,484,8801,126,2393,,,106774,10/16/2020 17:00,2020-10-16T17:00:00Z,10/16 13:00,2217,8801,2020-10-16T17:00:00Z,,,,120818,2208,9,2458271,1661351,,,,,,,,,18861,,27,1694,12974,1661623,27720,1661623,,5,83,6ad6088f5071c80a19ec27917b6be5eee2d3e094,0,0,0,0,0,
20201016,MN,119396,251,1527559,,totalTestEncountersViral,2430551,484,8718,126,2375,,,105120,10/15/2020 17:00,2020-10-15T17:00:00Z,10/15 13:00,2212,8718,2020-10-15T17:00:00Z,,,,119145,2203,9,2430551,1646704,,,,,,,,,17764,,27,2290,21148,1646955,43703,1646955,,13,66,e070acf951ae69064ea656236971e23e700d58b4,0,0,0,0,0,
20201015,MN,117106,241,1506411,,totalTestEncountersViral,2386848,445,8652,115,2362,,,104547,10/14/2020 17:00,2020-10-14T17:00:00Z,10/14 13:00,2199,8652,2020-10-14T17:00:00Z,,,,116865,2192,7,2386848,1623276,,,,,,,,,16963,,27,1163,8943,1623517,19504,1623517,,19,67,170ddfdab93da6dffaede0ddf125365e03ca8d73,0,0,0,0,0,
20201014,MN,115943,180,1497468,,totalTestEncountersViral,2367344,487,8585,134,2346,,,103830,10/13/2020 17:00,2020-10-13T17:00:00Z,10/13 13:00,2180,8585,2020-10-13T17:00:00Z,,,,115763,2174,6,2367344,1613231,,,,,,,,,16183,,27,1369,11181,1613411,12220,1613411,,-24,85,97494d78b37fcfa16ea93c36e7f5d765b0627f92,0,0,0,0,0,
20201013,MN,114574,,1486287,,totalTestEncountersViral,2355124,481,8500,134,2328,,,102624,10/12/2020 17:00,2020-10-12T17:00:00Z,10/12 13:00,2204,8500,2020-10-12T17:00:00Z,,,,114574,2151,53,2355124,1600861,,,,,,,,,,,27,1135,9974,1600861,18002,1600861,,7,79,60e85927aa3ea8e48957d06aa3ed64c6a8ea556e,0,0,0,0,0,
20201012,MN,113439,,1476313,,totalTestEncountersViral,2337122,446,8421,140,2311,,,101376,10/11/2020 17:00,2020-10-11T17:00:00Z,10/11 13:00,2197,8421,2020-10-11T17:00:00Z,,,,113439,2144,53,2337122,1589752,,,,,,,,,,,27,1171,9857,1589752,18312,1589752,,3,67,d402b3330005e5d3914887872017080c1dafb8c3,0,0,0,0,0,
20201011,MN,112268,,1466456,,totalTestEncountersViral,2318810,471,8354,133,2291,,,100171,10/10/2020 17:00,2020-10-10T17:00:00Z,10/10 13:00,2194,8354,2020-10-10T17:00:00Z,,,,112268,2141,53,2318810,1578724,,,,,,,,,,,27,1440,16181,1578724,30148,1578724,,10,52,275dedce4c480b486579b4b9e024e85322f16c8c,0,0,0,0,0,
20201010,MN,110828,,1450275,,totalTestEncountersViral,2288662,471,8302,133,2277,,,99054,10/9/2020 17:00,2020-10-09T17:00:00Z,10/09 13:00,2184,8302,2020-10-09T17:00:00Z,,,,110828,2131,53,2288662,1561103,,,,,,,,,,,27,1516,16045,1561103,32497,1561103,,10,51,3dbf4b6f88d675cae07d6cf272986350ee5e7497,0,0,0,0,0,
20201009,MN,109312,,1434230,,totalTestEncountersViral,2256165,471,8251,133,2267,,,97715,10/8/2020 17:00,2020-10-08T17:00:00Z,10/08 13:00,2174,8251,2020-10-08T17:00:00Z,,,,109312,2121,53,2256165,1543542,,,,,,,,,,,27,1390,15593,1543542,31971,1543542,,14,64,d536e15a8ce11bca8a1e9ca8387f3cd92e15e93c,0,0,0,0,0,
20201008,MN,107922,,1418637,,totalTestEncountersViral,2224194,457,8187,139,2245,,,97254,10/7/2020 17:00,2020-10-07T17:00:00Z,10/07 13:00,2160,8187,2020-10-07T17:00:00Z,,,,107922,2107,53,2224194,1526559,,,,,,,,,,,27,1271,14147,1526559,28312,1526559,,6,98,32d682bf6c8252993988cdd42f60004beaf0fac2,0,0,0,0,0,
20201007,MN,106651,,1404490,,totalTestEncountersViral,2195882,367,8089,123,2223,,,96616,10/6/2020 17:00,2020-10-06T17:00:00Z,10/06 13:00,2154,8089,2020-10-06T17:00:00Z,,,,106651,2101,53,2195882,1511141,,,,,,,,,,,27,911,7494,1511141,12912,1511141,,14,69,ae8cc859677e9d7020c661df88a83f4620e28f57,0,0,0,0,0,
20201006,MN,105740,,1396996,,totalTestEncountersViral,2182970,367,8020,123,2212,,,95614,10/5/2020 17:00,2020-10-05T17:00:00Z,10/05 13:00,2140,8020,2020-10-05T17:00:00Z,,,,105740,2087,53,2182970,1502736,,,,,,,,,,,27,941,7618,1502736,13184,1502736,,4,80,23eeecdab3a3d8f3a025f9a1aa38331dbebe91dd,0,0,0,0,0,
20201005,MN,104799,,1389378,,totalTestEncountersViral,2169786,367,7940,123,2189,,,94416,10/4/2020 17:00,2020-10-04T17:00:00Z,10/04 13:00,2136,7940,2020-10-04T17:00:00Z,,,,104799,2083,53,2169786,1494177,,,,,,,,,,,27,973,12985,1494177,23375,1494177,,3,53,b2fc870c7e4c5a8e0d41a632408d5d7b8324a594,0,0,0,0,0,
20201004,MN,103826,,1376393,,totalTestEncountersViral,2146411,,7887,,2177,,,93148,10/3/2020 17:00,2020-10-03T17:00:00Z,10/03 13:00,2133,7887,2020-10-03T17:00:00Z,,,,103826,2080,53,2146411,1480219,,,,,,,,,,,27,1039,16648,1480219,30373,1480219,,7,41,39734f49ebc48aca0820b7894c47a8fd8a6945cc,0,0,0,0,0,
20201003,MN,102787,,1359745,,totalTestEncountersViral,2116038,,7846,,2170,,,91844,10/2/2020 17:00,2020-10-02T17:00:00Z,10/02 13:00,2126,7846,2020-10-02T17:00:00Z,,,,102787,2073,53,2116038,1462532,,,,,,,,,,,27,1421,14061,1462532,29075,1462532,,14,53,712f0dd792b0fc2d6e471e1bfbf91667e72dc8b0,0,0,0,0,0,
20201002,MN,101366,,1345684,,totalTestEncountersViral,2086963,340,7793,120,2156,,,90492,10/1/2020 17:00,2020-10-01T17:00:00Z,10/01 13:00,2112,7793,2020-10-01T17:00:00Z,,,,101366,2059,53,2086963,1447050,,,,,,,,,,,27,1166,16309,1447050,31075,1447050,,10,35,0f8e65a787453ac05038f71e7f910f21ce6246f4,0,0,0,0,0,
20201001,MN,100200,,1329375,,totalTestEncountersViral,2055888,340,7758,120,2148,,,89980,9/30/2020 17:00,2020-09-30T17:00:00Z,09/30 13:00,2102,7758,2020-09-30T17:00:00Z,,,,100200,2049,53,2055888,1429575,,,,,,,,,,,27,1066,13808,1429575,25721,1429575,,13,57,0b1fa86ab79a750a21db76c6b4b5fd0099410cd7,0,0,0,0,0,
20200930,MN,99134,,1315567,,totalTestEncountersViral,2030167,340,7701,120,2146,,,89392,9/29/2020 17:00,2020-09-29T17:00:00Z,09/29 13:00,2089,7701,2020-09-29T17:00:00Z,,,,99134,2036,53,2030167,1414701,,,,,,,,,,,27,687,7436,1414701,12817,1414701,,17,68,09afcf0c75ad5a173fbadb7ae75136fa5192aa54,0,0,0,0,0,
20200929,MN,98447,,1308131,,totalTestEncountersViral,2017350,340,7633,120,2129,,,88380,9/28/2020 17:00,2020-09-28T17:00:00Z,09/28 13:00,2072,7633,2020-09-28T17:00:00Z,,,,98447,2020,52,2017350,1406578,,,,,,,,,,,27,809,7904,1406578,14235,1406578,,5,87,7dee77db88c3506e90b486f2e960e7409a1fadc2,0,0,0,0,0,
20200928,MN,97638,,1300227,,totalTestEncountersViral,2003115,340,7546,120,2111,,,87330,9/27/2020 17:00,2020-09-27T17:00:00Z,09/27 13:00,2067,7546,2020-09-27T17:00:00Z,,,,97638,2015,52,2003115,1397865,,,,,,,,,,,27,904,12449,1397865,22015,1397865,,7,53,d22eeaba5ba82d1220e2696d4a842cfe3640875f,0,0,0,0,0,
20200927,MN,96734,,1287778,,totalTestEncountersViral,1981100,340,7493,120,2095,,,86252,9/26/2020 17:00,2020-09-26T17:00:00Z,09/26 13:00,2060,7493,2020-09-26T17:00:00Z,,,,96734,2008,52,1981100,1384512,,,,,,,,,,,27,1075,14755,1384512,26385,1384512,,4,50,ddb8621496d93dc3bd991cedeaf3ae1d561a3ef6,0,0,0,0,0,
20200926,MN,95659,,1273023,,totalTestEncountersViral,1954715,340,7443,120,2085,,,85259,9/25/2020 17:00,2020-09-25T17:00:00Z,09/25 13:00,2056,7443,2020-09-25T17:00:00Z,,,,95659,2004,52,1954715,1368682,,,,,,,,,,,27,1470,16056,1368682,30695,1368682,,10,52,324536bb8694260479ab8f9f3207a21d1f73fd1a,0,0,0,0,0,
20200925,MN,94189,,1256967,,totalTestEncountersViral,1924020,303,7391,148,2067,,,84256,9/24/2020 17:00,2020-09-24T17:00:00Z,09/24 13:00,2046,7391,2020-09-24T17:00:00Z,,,,94189,1994,52,1924020,1351156,,,,,,,,,,,27,1177,13128,1351156,28718,1351156,,6,56,ac753aea35f9cfb7f02ea3ca188582e8f48b0564,0,0,0,0,0,
20200924,MN,93012,,1243839,,totalTestEncountersViral,1895302,303,7335,148,2049,,,83862,9/23/2020 17:00,2020-09-23T17:00:00Z,09/23 13:00,2040,7335,2020-09-23T17:00:00Z,,,,93012,1988,52,1895302,1336851,,,,,,,,,,,27,912,11988,1336851,21435,1336851,,3,32,627f9928ad9315a3938c7f73c52d79f6632f88e8,0,0,0,0,0,
20200923,MN,92100,,1231851,,totalTestEncountersViral,1873867,303,7303,148,2045,,,83507,9/22/2020 17:00,2020-09-22T17:00:00Z,09/22 13:00,2037,7303,2020-09-22T17:00:00Z,,,,92100,1985,52,1873867,1323951,,,,,,,,,,,27,678,5840,1323951,10173,1323951,,6,50,f94a894eb97621658e9d07015f6ee9d64fd6a3dd,0,0,0,0,0,
20200922,MN,91422,,1226011,,totalTestEncountersViral,1863694,290,7253,136,2027,,,82833,9/21/2020 17:00,2020-09-21T17:00:00Z,09/21 13:00,2031,7253,2020-09-21T17:00:00Z,,,,91422,1979,52,1863694,1317433,,,,,,,,,,,27,480,4016,1317433,8386,1317433,,10,54,81101790477cc4ee4e2a16f92dc4ca318dac6ac5,0,0,0,0,0,
20200921,MN,90942,,1221995,,totalTestEncountersViral,1855308,255,7199,128,2014,,,82174,9/20/2020 17:00,2020-09-20T17:00:00Z,09/20 13:00,2021,7199,2020-09-20T17:00:00Z,,,,90942,1969,52,1855308,1312937,,,,,,,,,,,27,925,8537,1312937,16916,1312937,,4,36,99d98eec196ca83f4c70800ec0672c5c2c78eaf7,0,0,0,0,0,
20200920,MN,90017,,1213458,,totalTestEncountersViral,1838392,248,7163,123,2004,,,81336,9/19/2020 17:00,2020-09-19T17:00:00Z,09/19 13:00,2017,7163,2020-09-19T17:00:00Z,,,,90017,1965,52,1838392,1303475,,,,,,,,,,,27,1296,10784,1303475,22618,1303475,,2,39,271c99912298c2f2fc725236a4f4c4edb31d0fdf,0,0,0,0,0,
20200919,MN,88721,,1202674,,totalTestEncountersViral,1815774,241,7124,134,1998,,,80407,9/18/2020 17:00,2020-09-18T17:00:00Z,09/18 13:00,2015,7124,2020-09-18T17:00:00Z,,,,88721,1963,52,1815774,1291395,,,,,,,,,,,27,914,11644,1291395,24094,1291395,,13,33,4720d6765460d9012b5966769337d7b6668b44cb,0,0,0,0,0,
20200918,MN,87807,,1191030,,totalTestEncountersViral,1791680,250,7091,136,1990,,,80221,9/17/2020 17:00,2020-09-17T17:00:00Z,09/17 13:00,2002,7091,2020-09-17T17:00:00Z,,,,87807,1950,52,1791680,1278837,,,,,,,,,,,27,1085,14206,1278837,27945,1278837,,8,41,fe8299314006716c32bbcd95f38d955239d7c2e9,0,0,0,0,0,
20200917,MN,86722,,1176824,,totalTestEncountersViral,1763735,242,7050,132,1980,,,79878,9/16/2020 17:00,2020-09-16T17:00:00Z,09/16 13:00,1994,7050,2020-09-16T17:00:00Z,,,,86722,1942,52,1763735,1263546,,,,,,,,,,,27,909,10245,1263546,20124,1263546,,9,31,49ec10cb4c8f3c1b1a6370938530177039d1bb68,0,0,0,0,0,
20200916,MN,85813,,1166579,,totalTestEncountersViral,1743611,244,7019,136,1977,,,79583,9/15/2020 17:00,2020-09-15T17:00:00Z,09/15 13:00,1985,7019,2020-09-15T17:00:00Z,,,,85813,1933,52,1743611,1252392,,,,,,,,,,,27,462,4063,1252392,10319,1252392,,6,40,a9bb3a8bbdcfbf0fbfe7b2a4b4816477717cc9ab,0,0,0,0,0,
20200915,MN,85351,,1162516,,totalTestEncountersViral,1733292,238,6979,131,1971,,,78953,9/14/2020 17:00,2020-09-14T17:00:00Z,09/14 13:00,1979,6979,2020-09-14T17:00:00Z,,,,85351,1927,52,1733292,1247867,,,,,,,,,,,27,402,4110,1247867,8513,1247867,,5,25,081186046e09d9c8633c29fd336983eaa98c7e14,0,0,0,0,0,
20200914,MN,84949,,1158406,,totalTestEncountersViral,1724779,233,6954,135,1965,,,78238,9/13/2020 17:00,2020-09-13T17:00:00Z,09/13 13:00,1974,6954,2020-09-13T17:00:00Z,,,,84949,1922,52,1724779,1243355,,,,,,,,,,,27,638,9412,1243355,17265,1243355,,3,23,912c4a12a5a004ec0b086e96bea7e04672716f1d,0,0,0,0,0,
20200913,MN,84311,,1148994,,totalTestEncountersViral,1707514,241,6931,136,1957,,,77461,9/12/2020 17:00,2020-09-12T17:00:00Z,09/12 13:00,1971,6931,2020-09-12T17:00:00Z,,,,84311,1919,52,1707514,1233305,,,,,,,,,,,27,723,10060,1233305,22994,1233305,,13,32,bc63f632e805f83497e0196efc33cc31de27015e,0,0,0,0,0,
20200912,MN,83588,,1138934,,totalTestEncountersViral,1684520,247,6899,140,1949,,,76650,9/11/2020 17:00,2020-09-11T17:00:00Z,09/11 13:00,1958,6899,2020-09-11T17:00:00Z,,,,83588,1906,52,1684520,1222522,,,,,,,,,,,27,872,9090,1222522,19192,1222522,,9,36,bc6aea9ba1ce5054f4eb8d7132d76aaa3e62ae1d,0,0,0,0,0,
20200911,MN,82716,,1129844,,totalTestEncountersViral,1665328,253,6863,139,1938,,,75757,9/10/2020 17:00,2020-09-10T17:00:00Z,09/10 13:00,1949,6863,2020-09-10T17:00:00Z,,,,82716,1897,52,1665328,1212560,,,,,,,,,,,27,467,6592,1212560,18367,1212560,,13,33,96d64295127a56dcc42f047534a48684ae0fb33b,0,0,0,0,0,
20200910,MN,82249,,1123252,,totalTestEncountersViral,1646961,257,6830,138,1927,,,75425,9/9/2020 17:00,2020-09-09T17:00:00Z,09/09 13:00,1936,6830,2020-09-09T17:00:00Z,,,,82249,1884,52,1646961,1205501,,,,,,,,,,,27,381,927,1205501,25787,1205501,,15,38,7ec2394fa7a0bc940df259bdeedb52f78fbfbf54,0,0,0,0,0,
20200909,MN,81868,,1122325,,totalTestEncountersViral,1621174,263,6792,137,1914,,,75055,9/8/2020 17:00,2020-09-08T17:00:00Z,09/08 13:00,1921,6792,2020-09-08T17:00:00Z,,,,81868,1869,52,1621174,1204193,,,,,,,,,,,27,260,2063,1204193,4436,1204193,,7,32,0aa42d7964e997162369a5586ebf49f9ce0adff6,0,0,0,0,0,
20200908,MN,81608,,1120262,,totalTestEncountersViral,1616738,257,6760,135,1903,,,74235,9/7/2020 17:00,2020-09-07T17:00:00Z,09/07 13:00,1914,6760,2020-09-07T17:00:00Z,,,,81608,1862,52,1616738,1201870,,,,,,,,,,,27,383,3812,1201870,7120,1201870,,2,17,aa1f5e1ead7d7c361742013a5db900fcb4e68ef6,0,0,0,0,0,
20200907,MN,81225,,1116450,,totalTestEncountersViral,1609618,275,6743,136,1898,,,73403,9/6/2020 17:00,2020-09-06T17:00:00Z,09/06 13:00,1912,6743,2020-09-06T17:00:00Z,,,,81225,1860,52,1609618,1197675,,,,,,,,,,,27,638,8744,1197675,14979,1197675,,3,24,dcc6820dc35d6a6b7c8ab565a7e82fcc71bf1aad,0,0,0,0,0,
20200906,MN,80587,,1107706,,totalTestEncountersViral,1594639,284,6719,143,1891,,,72463,9/5/2020 17:00,2020-09-05T17:00:00Z,09/05 13:00,1909,6719,2020-09-05T17:00:00Z,,,,80587,1857,52,1594639,1188293,,,,,,,,,,,27,707,9786,1188293,17173,1188293,,6,43,f0caf204d8ceb4e708855c432d1f45fc39dea4d8,0,0,0,0,0,
20200905,MN,79880,,1097920,,totalTestEncountersViral,1577466,279,6676,133,1878,,,71507,9/4/2020 17:00,2020-09-04T17:00:00Z,09/04 13:00,1903,6676,2020-09-04T17:00:00Z,,,,79880,1851,52,1577466,1177800,,,,,,,,,,,27,914,8579,1177800,18635,1177800,,4,41,e3242eb8db038201dccaaa0b9f543af6f912fd1a,0,0,0,0,0,
20200904,MN,78966,,1089341,,totalTestEncountersViral,1558831,274,6635,138,1871,,,70537,9/3/2020 17:00,2020-09-03T17:00:00Z,09/03 13:00,1899,6635,2020-09-03T17:00:00Z,,,,78966,1847,52,1558831,1168307,,,,,,,,,,,27,843,9076,1168307,18724,1168307,,10,43,461a1ee15db277308cd9d2cfb902b9f2b05bd15e,0,0,0,0,0,
20200903,MN,78123,,1080265,,totalTestEncountersViral,1540107,272,6592,138,1863,,,70175,9/2/2020 17:00,2020-09-02T17:00:00Z,09/02 13:00,1889,6592,2020-09-02T17:00:00Z,,,,78123,1837,52,1540107,1158388,,,,,,,,,,,27,1038,6496,1158388,14552,1158388,,7,26,7ac3a0f5b408ae027ae3426b07a7ec5d286dfe27,0,0,0,0,0,
20200902,MN,77085,,1073769,,totalTestEncountersViral,1525555,297,6566,135,1854,,,69521,9/1/2020 17:00,2020-09-01T17:00:00Z,09/01 13:00,1882,6566,2020-09-01T17:00:00Z,,,,77085,1830,52,1525555,1150854,,,,,,,,,,,27,730,17202,1150854,26636,1150854,,10,46,4dbf2b6ec9cb5bd1ecdaad5e3ad0c3c6ffd1c667,0,0,0,0,0,
20200901,MN,76355,,1056567,,totalTestEncountersViral,1498919,294,6520,136,1849,,,68488,8/31/2020 17:00,2020-08-31T17:00:00Z,08/31 13:00,1872,6520,2020-08-31T17:00:00Z,,,,76355,1823,49,1498919,1132922,,,,,,,,,,,27,491,4408,1132922,9193,1132922,,6,40,035b701f136cc757bc9d4cad59f71cc1ae4cdb42,0,0,0,0,0,
20200831,MN,75864,,1052159,,totalTestEncountersViral,1489726,306,6480,131,1839,,,67656,8/30/2020 17:00,2020-08-30T17:00:00Z,08/30 13:00,1866,6480,2020-08-30T17:00:00Z,,,,75864,1817,49,1489726,1128023,,,,,,,,,,,27,675,5277,1128023,11294,1128023,,1,26,08bd21a821c0346c92c8fe2c2ca35ea4eec8f30d,0,0,0,0,0,
20200830,MN,75189,,1046882,,totalTestEncountersViral,1478432,315,6454,136,1834,,,66916,8/29/2020 17:00,2020-08-29T17:00:00Z,08/29 13:00,1865,6454,2020-08-29T17:00:00Z,,,,75189,1816,49,1478432,1122071,,,,,,,,,,,27,932,10002,1122071,18051,1122071,,2,43,7c6cded387327554f7343b29ca89b0d9e1683df7,0,0,0,0,0,
20200829,MN,74257,,1036880,,totalTestEncountersViral,1460381,313,6411,134,1822,,,66107,8/28/2020 17:00,2020-08-28T17:00:00Z,08/28 13:00,1863,6411,2020-08-28T17:00:00Z,,,,74257,1814,49,1460381,1111137,,,,,,,,,,,27,1017,8410,1111137,17037,1111137,,4,54,c022c81d11c39990a0e7d6f656f52bffaa773a51,0,0,0,0,0,
20200828,MN,73240,,1028470,,totalTestEncountersViral,1443344,301,6357,137,1813,,,65204,8/27/2020 17:00,2020-08-27T17:00:00Z,08/27 13:00,1859,6357,2020-08-27T17:00:00Z,,,,73240,1810,49,1443344,1101710,,,,,,,,,,,27,850,7370,1101710,15997,1101710,,4,31,34b3fc795a097b331f4c7dd0bc98ea39e4da261d,0,0,0,0,0,
20200827,MN,72390,,1021100,,totalTestEncountersViral,1427347,305,6326,139,1805,,,64876,8/26/2020 17:00,2020-08-26T17:00:00Z,08/26 13:00,1855,6326,2020-08-26T17:00:00Z,,,,72390,1806,49,1427347,1093490,,,,,,,,,,,27,1154,13289,1093490,21340,1093490,,13,52,aa15750f0ed03b699f3c4a70970be82b7d3b35dd,0,0,0,0,0,
20200826,MN,71236,,1007811,,totalTestEncountersViral,1406007,304,6274,134,1796,,,64374,8/25/2020 17:00,2020-08-25T17:00:00Z,08/25 13:00,1842,6274,2020-08-25T17:00:00Z,,,,71236,1793,49,1406007,1079047,,,,,,,,,,,27,529,5992,1079047,11021,1079047,,17,36,1c668b4c7809f43fac3e18da48b6e5188f1c59f2,0,0,0,0,0,
20200825,MN,70707,,1001819,,totalTestEncountersViral,1394986,312,6238,137,1791,,,63725,8/24/2020 17:00,2020-08-24T17:00:00Z,08/24 13:00,1825,6238,2020-08-24T17:00:00Z,,,,70707,1779,46,1394986,1072526,,,,,,,,,,,27,409,4307,1072526,8473,1072526,,8,43,0aa33f8548a6d7dfae927f0153561d93af484475,0,0,0,0,0,
20200824,MN,70298,,997512,,totalTestEncountersViral,1386513,310,6195,135,1770,,,63059,8/23/2020 17:00,2020-08-23T17:00:00Z,08/23 13:00,1817,6195,2020-08-23T17:00:00Z,,,,70298,1771,46,1386513,1067810,,,,,,,,,,,27,714,6776,1067810,11977,1067810,,4,44,844095262e5a6ca84622fd0243561437cf781971,0,0,0,0,0,
20200823,MN,69584,,990736,,totalTestEncountersViral,1374536,301,6151,137,1766,,,62373,8/22/2020 17:00,2020-08-22T17:00:00Z,08/22 13:00,1813,6151,2020-08-22T17:00:00Z,,,,69584,1767,46,1374536,1060320,,,,,,,,,,,27,717,8347,1060320,16941,1060320,,6,38,d2a62528df8e6298ae939d2eb8dbcc2dd6719272,0,0,0,0,0,
20200822,MN,68867,,982389,,totalTestEncountersViral,1357595,316,6113,148,1761,,,61698,8/21/2020 17:00,2020-08-21T17:00:00Z,08/21 13:00,1807,6113,2020-08-21T17:00:00Z,,,,68867,1761,46,1357595,1051256,,,,,,,,,,,27,734,8985,1051256,16745,1051256,,8,49,e616f7eace1c866396a03c6df33c7ff9857bb9d5,0,0,0,0,0,
20200821,MN,68133,,973404,,totalTestEncountersViral,1340850,296,6064,136,1740,,,60920,8/20/2020 17:00,2020-08-20T17:00:00Z,08/20 13:00,1799,6064,2020-08-20T17:00:00Z,,,,68133,1753,46,1340850,1041537,,,,,,,,,,,27,825,10619,1041537,18630,1041537,,8,45,95cb56ef5a92a873e559fdc4ae7f9ac9dd53a8d8,0,0,0,0,0,
20200820,MN,67308,,962785,,totalTestEncountersViral,1322220,309,6019,148,1734,,,60605,8/19/2020 17:00,2020-08-19T17:00:00Z,08/19 13:00,1791,6019,2020-08-19T17:00:00Z,,,,67308,1745,46,1322220,1030093,,,,,,,,,,,27,690,8477,1030093,13956,1030093,,7,31,ad84e6db0ad4f99a93502d2cc6b15d39c43c201c,0,0,0,0,0,
20200819,MN,66618,,954308,,totalTestEncountersViral,1308264,321,5988,152,1727,,,60242,8/18/2020 17:00,2020-08-18T17:00:00Z,08/18 13:00,1784,5988,2020-08-18T17:00:00Z,,,,66618,1738,46,1308264,1020926,,,,,,,,,,,27,557,17063,1020926,34867,1020926,,17,56,06cc5ebb5c9c8cad7f8380ba6db7e51a97ee778b,0,0,0,0,0,
20200818,MN,66061,,937245,,totalTestEncountersViral,1273397,304,5932,154,1722,,,59568,8/17/2020 17:00,2020-08-17T17:00:00Z,08/17 13:00,1767,5932,2020-08-17T17:00:00Z,,,,66061,1721,46,1273397,1003306,,,,,,,,,,,27,345,2938,1003306,6836,1003306,,9,46,9f3cb722ad11f3e5e2097d6a6e85ea8844b58ed8,0,0,0,0,0,
20200817,MN,65716,,934307,,totalTestEncountersViral,1266561,286,5886,155,1716,,,58859,8/16/2020 17:00,2020-08-16T17:00:00Z,08/16 13:00,1758,5886,2020-08-16T17:00:00Z,,,,65716,1712,46,1266561,1000023,,,,,,,,,,,27,564,5405,1000023,12353,1000023,,6,35,72ddd3db279152d9281aa5bc389682c282f13d7f,0,0,0,0,0,
20200816,MN,65152,,928902,,totalTestEncountersViral,1254208,290,5851,152,1700,,,58196,8/15/2020 17:00,2020-08-15T17:00:00Z,08/15 13:00,1752,5851,2020-08-15T17:00:00Z,,,,65152,1706,46,1254208,994054,,,,,,,,,,,27,739,8842,994054,17290,994054,,7,29,4ff6b327ee5d0500e318c40d2a69bf09f60aca63,0,0,0,0,0,
20200815,MN,64413,,920060,,totalTestEncountersViral,1236918,307,5822,140,1691,,,57457,8/14/2020 17:00,2020-08-14T17:00:00Z,08/14 13:00,1745,5822,2020-08-14T17:00:00Z,,,,64413,1699,46,1236918,984473,,,,,,,,,,,27,690,10237,984473,17102,984473,,6,39,8f066174d0763675c0b50abd9b252a7b9cdee61b,0,0,0,0,0,
20200814,MN,63723,,909823,,totalTestEncountersViral,1219816,313,5783,152,1679,,,56659,8/13/2020 17:00,2020-08-13T17:00:00Z,08/13 13:00,1739,5783,2020-08-13T17:00:00Z,,,,63723,1693,46,1219816,973546,,,,,,,,,,,27,730,9720,973546,16257,973546,,8,41,4d4c1481c318460cae9c34e82f060ffe4d82830c,0,0,0,0,0,
20200813,MN,62993,,900103,,totalTestEncountersViral,1203559,308,5742,154,1671,,,56346,8/12/2020 17:00,2020-08-12T17:00:00Z,08/12 13:00,1731,5742,2020-08-12T17:00:00Z,,,,62993,1685,46,1203559,963096,,,,,,,,,,,27,690,9621,963096,15271,963096,,7,31,b6f3c17e0f79e091edf090485cfb15abe7691a76,0,0,0,0,0,
20200812,MN,62303,,890482,,totalTestEncountersViral,1188288,335,5711,154,1657,,,55855,8/11/2020 17:00,2020-08-11T17:00:00Z,08/11 13:00,1724,5711,2020-08-11T17:00:00Z,,,,62303,1678,46,1188288,952785,,,,,,,,,,,27,464,6291,952785,10353,952785,,17,50,516f84e67f230fac63404862cb1144dfab3ab90b,0,0,0,0,0,
20200811,MN,61839,,884191,,totalTestEncountersViral,1177935,337,5661,147,1648,,,55151,8/10/2020 17:00,2020-08-10T17:00:00Z,08/10 13:00,1707,5661,2020-08-10T17:00:00Z,,,,61839,1666,41,1177935,946030,,,,,,,,,,,27,323,1547,946030,5817,946030,,6,55,b04adbebe28fa2b554787f38db883625c23f092c,0,0,0,0,0,
20200810,MN,61516,,882644,,totalTestEncountersViral,1172118,320,5606,159,1633,,,54364,8/9/2020 17:00,2020-08-09T17:00:00Z,08/09 13:00,1701,5606,2020-08-09T17:00:00Z,,,,61516,1660,41,1172118,944160,,,,,,,,,,,27,618,8569,944160,12979,944160,,3,51,c1116021205d479c75027d0e45e40a0126b272d4,0,0,0,0,0,
20200809,MN,60898,,874075,,totalTestEncountersViral,1159139,312,5555,148,1615,,,53568,8/8/2020 17:00,2020-08-08T17:00:00Z,08/08 13:00,1698,5555,2020-08-08T17:00:00Z,,,,60898,1657,41,1159139,934973,,,,,,,,,,,27,797,12779,934973,20544,934973,,9,49,e12ba1aaa941b813a6176693f20ed9ccf9950ec4,0,0,0,0,0,
20200808,MN,60101,,861296,,totalTestEncountersViral,1138595,309,5506,154,1603,,,52768,8/7/2020 17:00,2020-08-07T17:00:00Z,08/07 13:00,1689,5506,2020-08-07T17:00:00Z,,,,60101,1648,41,1138595,921397,,,,,,,,,,,27,916,10210,921397,17296,921397,,8,48,e0f356be86043299d25b90cb52940b22bc43deca,0,0,0,0,0,
20200807,MN,59185,,851086,,totalTestEncountersViral,1121299,300,5458,155,1592,,,51940,8/6/2020 17:00,2020-08-06T17:00:00Z,08/06 13:00,1681,5458,2020-08-06T17:00:00Z,,,,59185,1640,41,1121299,910271,,,,,,,,,,,27,545,10246,910271,16205,910271,,4,37,7e5c742328395c4e06d26c18a857cf91ef2aa121,0,0,0,0,0,
20200806,MN,58640,,840840,,totalTestEncountersViral,1105094,319,5421,153,1583,,,51604,8/5/2020 17:00,2020-08-05T17:00:00Z,08/05 13:00,1677,5421,2020-08-05T17:00:00Z,,,,58640,1636,41,1105094,899480,,,,,,,,,,,27,861,10996,899480,14791,899480,,7,48,d00427c255a9eff362ab1613b855cf63ce17aef8,0,0,0,0,0,
20200805,MN,57779,,829844,,totalTestEncountersViral,1090303,305,5373,152,1575,,,51223,8/4/2020 17:00,2020-08-04T17:00:00Z,08/04 13:00,1670,5373,2020-08-04T17:00:00Z,,,,57779,1629,41,1090303,887623,,,,,,,,,,,27,617,8895,887623,11608,887623,,10,27,23371c626f541b0c1d2a362da63775fa0c995f93,0,0,0,0,0,
20200804,MN,57162,,820949,,totalTestEncountersViral,1078695,328,5346,159,1563,,,50426,8/3/2020 17:00,2020-08-03T17:00:00Z,08/03 13:00,1660,5346,2020-08-03T17:00:00Z,,,,57162,1620,40,1078695,878111,,,,,,,,,,,27,602,5505,878111,7770,878111,,4,48,a5eefc8b5ef1a07f3e34429b23096dc642a59876,0,0,0,0,0,
20200803,MN,56560,,815444,,totalTestEncountersViral,1070925,302,5298,153,1545,,,49565,8/2/2020 17:00,2020-08-02T17:00:00Z,08/02 13:00,1656,5298,2020-08-02T17:00:00Z,,,,56560,1616,40,1070925,872004,,,,,,,,,,,27,613,13050,872004,15963,872004,,2,57,fcedac8cd7f4b719f7833f27d2a41714985dca83,0,0,0,0,0,
20200802,MN,55947,,802394,,totalTestEncountersViral,1054962,302,5241,149,1532,,,48847,8/1/2020 17:00,2020-08-01T17:00:00Z,08/01 13:00,1654,5241,2020-08-01T17:00:00Z,,,,55947,1614,40,1054962,858341,,,,,,,,,,,27,759,11314,858341,14645,858341,,8,33,c0d308b92ba4e0bd25b2c0f171ec53fc1f457f4e,0,0,0,0,0,
20200801,MN,55188,,791080,,totalTestEncountersViral,1040317,317,5208,149,1520,,,48119,7/31/2020 17:00,2020-07-31T17:00:00Z,07/31 13:00,1646,5208,2020-07-31T17:00:00Z,,,,55188,1606,40,1040317,846268,,,,,,,,,,,27,725,11189,846268,15401,846268,,6,53,6cade0144900da67526ac40a11909bdbd7a5831b,0,0,0,0,0,
20200731,MN,54463,,779891,,totalTestEncountersViral,1024916,312,5155,151,1510,,,47289,7/30/2020 17:00,2020-07-30T17:00:00Z,07/30 13:00,1640,5155,2020-07-30T17:00:00Z,,,,54463,1600,40,1024916,834354,,,,,,,,,,,27,771,-174299,834354,17034,834354,,6,43,a68d399875d21d92ecf6b4daee78f99b88c214d0,0,0,0,0,0,
20200730,MN,53692,,954190,,totalTestEncountersViral,1007882,298,5112,141,1490,,,46965,7/29/2020 17:00,2020-07-29T17:00:00Z,07/29 13:00,1634,5112,2020-07-29T17:00:00Z,,,767125,53692,1594,40,1007882,820817,,,,,,,,,,,27,745,14046,1007882,14791,1007882,,5,35,8770ead22342ec72fffd4e6e1a1d1c16201d8b1a,0,0,0,0,0,
20200729,MN,52947,,940144,,totalTestEncountersViral,993091,310,5077,143,1484,,,46636,7/28/2020 17:00,2020-07-28T17:00:00Z,07/28 13:00,1629,5077,2020-07-28T17:00:00Z,,,,52947,1589,40,993091,,,,,,,,,,,,27,666,12437,993091,13103,993091,,9,49,9bf4c5b268a7fce114f46b2210817a19c2f573b1,0,0,0,0,0,
20200728,MN,52281,,927707,,totalTestEncountersViral,979988,294,5028,138,1474,,,45987,7/27/2020 17:00,2020-07-27T17:00:00Z,07/27 13:00,1620,5028,2020-07-27T17:00:00Z,,,,52281,1580,40,979988,,,,,,,,,,,,27,478,8784,979988,9262,979988,,4,67,a725283b01b3d97e417351db29b73beb3548beef,0,0,0,0,0,
20200727,MN,51803,,918923,,totalTestEncountersViral,970726,257,4961,126,1458,,,45198,7/26/2020 17:00,2020-07-26T17:00:00Z,07/26 13:00,1616,4961,2020-07-26T17:00:00Z,,,,51803,1576,40,970726,,,,,,,,,,,,27,650,12702,970726,13352,970726,,2,41,4c948fea6b8e4d583c7def51d31e3995c77fa0d8,0,0,0,0,0,
20200726,MN,51153,,906221,,totalTestEncountersViral,957374,273,4920,115,1448,,,44431,7/25/2020 17:00,2020-07-25T17:00:00Z,07/25 13:00,1614,4920,2020-07-25T17:00:00Z,,,,51153,1574,40,957374,,,,,,,,,,,,27,862,15816,957374,16678,957374,,3,31,49bf9ce155dfb83cec95ad11b03cba35e5f59eea,0,0,0,0,0,
20200725,MN,50291,,890405,,totalTestEncountersViral,940696,287,4889,115,1440,,,43625,7/24/2020 17:00,2020-07-24T17:00:00Z,07/24 13:00,1611,4889,2020-07-24T17:00:00Z,,,,50291,1571,40,940696,,,,,,,,,,,,27,803,17017,940696,17820,940696,,5,37,598580ec49ad63e7c00a3feb333044efdaf6ccca,0,0,0,0,0,
20200724,MN,49488,,873388,,totalTestEncountersViral,922876,278,4852,108,1437,,,42882,7/23/2020 17:00,2020-07-23T17:00:00Z,07/23 13:00,1606,4852,2020-07-23T17:00:00Z,,,,49488,1566,40,922876,,,,,,,,,,,,27,767,16794,922876,17561,922876,,5,34,719ba78abcd7fe4c07b815799515d0d87d1c40a4,0,0,0,0,0,
20200723,MN,48721,,856594,,totalTestEncountersViral,905315,282,4818,107,1431,,,42524,7/22/2020 17:00,2020-07-22T17:00:00Z,07/22 13:00,1601,4818,2020-07-22T17:00:00Z,,,,48721,1561,40,905315,,,,,,,,,,,,27,760,16004,905315,16764,905315,,9,47,5cfe281f286a8f1979253bc3aafd0c880ffafed4,0,0,0,0,0,
20200722,MN,47961,,840590,,totalTestEncountersViral,888551,273,4771,119,1423,,,42234,7/21/2020 17:00,2020-07-21T17:00:00Z,07/21 13:00,1592,4771,2020-07-21T17:00:00Z,,,,47961,1552,40,888551,,,,,,,,,,,,27,504,11188,888551,11692,888551,,4,48,680cca40539d5cb0a51b087794eb597ad4faff23,0,0,0,0,0,
20200721,MN,47457,,829402,,totalTestEncountersViral,876859,266,4723,112,1412,,,41511,7/20/2020 17:00,2020-07-20T17:00:00Z,07/20 13:00,1588,4723,2020-07-20T17:00:00Z,,,,47457,1548,40,876859,,,,,,,,,,,,27,350,9099,876859,9449,876859,,3,45,e088e0d1c65c41887b0109b6e9b6f0f964ecd274,0,0,0,0,0,
20200720,MN,47107,,820303,,totalTestEncountersViral,867410,247,4678,115,1397,,,40742,7/19/2020 17:00,2020-07-19T17:00:00Z,07/19 13:00,1585,4678,2020-07-19T17:00:00Z,,,,47107,1545,40,867410,,,,,,,,,,,,27,903,13319,867410,14222,867410,,4,51,42296174db2d8a48a12e2884901c526c64c7b506,0,0,0,0,0,
20200719,MN,46204,,806984,,totalTestEncountersViral,853188,258,4627,120,1389,,,40001,7/18/2020 17:00,2020-07-18T17:00:00Z,07/18 13:00,1581,4627,2020-07-18T17:00:00Z,,,,46204,1541,40,853188,,,,,,,,,,,,27,734,16492,853188,17226,853188,,3,25,ddaedf9bbe0db6828f0aee266ef4bb1d5b2e0046,0,0,0,0,0,
20200718,MN,45470,,790492,,totalTestEncountersViral,835962,265,4602,117,1377,,,39310,7/17/2020 17:00,2020-07-17T17:00:00Z,07/17 13:00,1578,4602,2020-07-17T17:00:00Z,,,,45470,1538,40,835962,,,,,,,,,,,,27,457,15994,835962,16451,835962,,5,39,10cf57802f84970b20158cc8a0472215b0bc8ea2,0,0,0,0,0,
20200717,MN,45013,,774498,,totalTestEncountersViral,819511,252,4563,110,1369,,,38568,7/16/2020 17:00,2020-07-16T17:00:00Z,07/16 13:00,1573,4563,2020-07-16T17:00:00Z,,,,45013,1533,40,819511,,,,,,,,,,,,27,666,13633,819511,14299,819511,,7,37,e01ca9642786014df2c1eb0ebf47a9e8380cf5c1,0,0,0,0,0,
20200716,MN,44347,,760865,,totalTestEncountersViral,805212,249,4526,103,1357,,,38290,7/15/2020 17:00,2020-07-15T17:00:00Z,07/15 13:00,1566,4526,2020-07-15T17:00:00Z,,,,44347,1526,40,805212,,,,,,,,,,,,27,605,14110,805212,14715,805212,,8,31,28f54f10b1266269224d51eae6af3e501bd2c062,0,0,0,0,0,
20200715,MN,43742,,746755,,totalTestEncountersViral,790497,254,4495,106,1353,,,38179,7/14/2020 17:00,2020-07-14T17:00:00Z,07/14 13:00,1558,4495,2020-07-14T17:00:00Z,,,,43742,1518,40,790497,,,,,,,,,,,,27,572,12311,790497,12883,790497,,10,43,9a82b9ead6b8fbf236c78b949f98d8965321c01b,0,0,0,0,0,
20200714,MN,43170,,734444,,totalTestEncountersViral,777614,236,4452,107,1348,,,37749,7/13/2020 17:00,2020-07-13T17:00:00Z,07/13 13:00,1548,4452,2020-07-13T17:00:00Z,,,,43170,1510,38,777614,,,,,,,,,,,,27,398,8227,777614,8625,777614,,6,28,caff659ad3ca3909bc8a8a7febd829b0ab06ea8c,0,0,0,0,0,
20200713,MN,42772,,726217,,totalTestEncountersViral,768989,247,4424,114,1338,,,37199,7/12/2020 17:00,2020-07-12T17:00:00Z,07/12 13:00,1542,4424,2020-07-12T17:00:00Z,,,,42772,1504,38,768989,,,,,,,,,,,,27,491,13446,768989,13937,768989,,2,25,3b0b7de7544906c6405b5d9d54d8910091893cf3,0,0,0,0,0,
20200712,MN,42281,,712771,,totalTestEncountersViral,755052,251,4399,123,1335,,,36582,7/11/2020 17:00,2020-07-11T17:00:00Z,07/11 13:00,1540,4399,2020-07-11T17:00:00Z,,,,42281,1502,38,755052,,,,,,,,,,,,27,710,12247,755052,12957,755052,,3,33,8855af07d8a90202d259dee25bb0b96c36a49792,0,0,0,0,0,
20200711,MN,41571,,700524,,totalTestEncountersViral,742095,241,4366,121,1325,,,36012,7/10/2020 17:00,2020-07-10T17:00:00Z,07/10 13:00,1537,4366,2020-07-10T17:00:00Z,,,,41571,1499,38,742095,,,,,,,,,,,,27,804,15466,742095,16270,742095,,4,37,3ea4d5fb45f6c2c077107b3eb9ec092aac1cd9b1,0,0,0,0,0,
20200710,MN,40767,,685058,,totalTestEncountersViral,725825,227,4329,124,1320,,,35442,7/9/2020 17:00,2020-07-09T17:00:00Z,07/09 13:00,1533,4329,2020-07-09T17:00:00Z,,,,40767,1495,38,725825,,,,,,,,,,,,27,604,19781,725825,20385,725825,,5,24,3a22b930c7679deba2188867fab0085fcc88bbcc,0,0,0,0,0,
20200709,MN,40163,,665277,,totalTestEncountersViral,705440,251,4305,116,1312,,,35193,7/8/2020 17:00,2020-07-08T17:00:00Z,07/08 13:00,1528,4305,2020-07-08T17:00:00Z,,,,40163,1490,38,705440,,,,,,,,,,,,27,574,11896,705440,12470,705440,,5,33,e74c0babd993d196991986e32d51e60a9bd3e110,0,0,0,0,0,
20200708,MN,39589,,653381,,totalTestEncountersViral,692970,265,4272,122,1302,,,34902,7/7/2020 17:00,2020-07-07T17:00:00Z,07/07 13:00,1523,4272,2020-07-07T17:00:00Z,,,,39589,1485,38,692970,,,,,,,,,,,,27,456,7267,692970,7723,692970,,9,20,fa12d853ce7dd1c45a6d837ca07ad8f6aa43c517,0,0,0,0,0,
20200707,MN,39133,,646114,,totalTestEncountersViral,685247,267,4252,121,1295,,,34377,7/6/2020 17:00,2020-07-06T17:00:00Z,07/06 13:00,1514,4252,2020-07-06T17:00:00Z,,,,39133,1477,37,685247,,,,,,,,,,,,27,564,4990,685247,5554,685247,,3,33,7ea9c7c06047a693f8a14fde4abe856be68a11af,0,0,0,0,0,
20200706,MN,38569,,641124,,totalTestEncountersViral,679693,258,4219,125,1290,,,33907,7/5/2020 17:00,2020-07-05T17:00:00Z,07/05 13:00,1511,4219,2020-07-05T17:00:00Z,,,,38569,1474,37,679693,,,,,,,,,,,,27,433,5245,679693,5678,679693,,3,49,c784d779d3d7181c4488ccf44020e440be64b9cb,0,0,0,0,0,
20200705,MN,38136,,635879,,totalTestEncountersViral,674015,253,4170,132,1287,,,33408,7/4/2020 17:00,2020-07-04T17:00:00Z,07/04 13:00,1508,4170,2020-07-04T17:00:00Z,,,,38136,1471,37,674015,,,,,,,,,,,,27,512,28331,674015,28843,674015,,5,31,11cf0479eeaea4257226e3222d86d502d4c17574,0,0,0,0,0,
20200704,MN,37624,,607548,,totalTestEncountersViral,645172,270,4139,132,1277,,,32347,7/2/2020 17:00,2020-07-02T17:00:00Z,07/02 13:00,1503,4139,2020-07-02T17:00:00Z,,,,37624,1466,37,645172,,,,,,,,,,,,27,0,0,645172,0,645172,,0,0,b6e9da1aef58386d322eadc9336e1cfa83d4255f,0,0,0,0,0,
20200703,MN,37624,,607548,,totalTestEncountersViral,645172,270,4139,132,1277,,,32347,7/2/2020 17:00,2020-07-02T17:00:00Z,07/02 13:00,1503,4139,2020-07-02T17:00:00Z,,,,37624,1466,37,645172,,,,,,,,,,,,27,414,14331,645172,14745,645172,,8,27,e7e6514226a0374d201796202f1abd08bb09ccd8,0,0,0,0,0,
20200702,MN,37210,,593217,,totalTestEncountersViral,630427,274,4112,123,1266,,,32163,7/1/2020 17:00,2020-07-01T17:00:00Z,07/01 13:00,1495,4112,2020-07-01T17:00:00Z,,,,37210,1458,37,630427,,,,,,,,,,,,27,494,12826,630427,13320,630427,,13,31,9213cfa96130c1ca3a21ffb5b633b3f9001e2f30,0,0,0,0,0,
20200701,MN,36716,,580391,,totalTestEncountersViral,617107,260,4081,125,1258,,,31947,6/30/2020 17:00,2020-06-30T17:00:00Z,06/30 13:00,1482,4081,2020-06-30T17:00:00Z,,,,36716,1445,37,617107,,,,,,,,,,,,27,413,11378,617107,11791,617107,,6,27,374aefbd1a144d0f7c7e94c0b01e8a5abb822a9f,0,0,0,0,0,
20200630,MN,36303,,569013,,totalTestEncountersViral,605316,270,4054,136,1258,,,31601,6/29/2020 17:00,2020-06-29T17:00:00Z,06/29 13:00,1476,4054,2020-06-29T17:00:00Z,,,,36303,1441,35,605316,,,,,,,,,,,,27,442,11919,605316,12361,605316,,6,23,e98b84f8d855d42fab0a709e8529ad5482dbf9e2,0,0,0,0,0,
20200629,MN,35861,,557094,,totalTestEncountersViral,592955,278,4031,140,1249,,,31225,6/28/2020 17:00,2020-06-28T17:00:00Z,06/28 13:00,1470,4031,2020-06-28T17:00:00Z,,,,35861,1435,35,592955,,,,,,,,,,,,27,312,7226,592955,7538,592955,,10,21,e240ca63eb6a49e5f76b8ec3a73a177363e89827,0,0,0,0,0,
20200628,MN,35549,,549868,,totalTestEncountersViral,585417,288,4010,143,1241,,,30809,6/27/2020 17:00,2020-06-27T17:00:00Z,06/27 13:00,1460,4010,2020-06-27T17:00:00Z,,,,35549,1425,35,585417,,,,,,,,,,,,27,516,15994,585417,16510,585417,,8,24,28cedcf066d2fed6e9ce75b6eb5cbc57a6d70177,0,0,0,0,0,
20200627,MN,35033,,533874,,totalTestEncountersViral,568907,300,3986,155,1233,,,30401,6/26/2020 17:00,2020-06-26T17:00:00Z,06/26 13:00,1452,3986,2020-06-26T17:00:00Z,,,,35033,1417,35,568907,,,,,,,,,,,,27,417,11212,568907,11629,568907,,6,20,68ab31eedb3d483795476da0821379292d6e373c,0,0,0,0,0,
20200626,MN,34616,,522662,,totalTestEncountersViral,557278,335,3966,157,1221,,,30008,6/25/2020 17:00,2020-06-25T17:00:00Z,06/25 13:00,1446,3966,2020-06-25T17:00:00Z,,,,34616,1411,35,557278,,,,,,,,,,,,27,493,14089,557278,14582,557278,,5,23,21ec19509d29fd34b44f5a25797ee5e646da7e0d,0,0,0,0,0,
20200625,MN,34123,,508573,,totalTestEncountersViral,542696,336,3943,162,1218,,,29854,6/24/2020 17:00,2020-06-24T17:00:00Z,06/24 13:00,1441,3943,2020-06-24T17:00:00Z,,,,34123,1406,35,542696,,,,,,,,,,,,27,360,12693,542696,13053,542696,,9,46,844eac4a082cd3defcf13a1f5408b74dd4e8f814,0,0,0,0,0,
20200624,MN,33763,,495880,,totalTestEncountersViral,529643,340,3897,160,1203,,,29707,6/23/2020 17:00,2020-06-23T17:00:00Z,06/23 13:00,1432,3897,2020-06-23T17:00:00Z,,,,33763,1397,35,529643,,,,,,,,,,,,27,294,9304,529643,9598,529643,,7,37,1873f9ace8f9794330c8a64ca59010d22a33b630,0,0,0,0,0,
20200623,MN,33469,,486576,,totalTestEncountersViral,520045,339,3860,158,1191,,,29399,6/22/2020 17:00,2020-06-22T17:00:00Z,06/22 13:00,1425,3860,2020-06-22T17:00:00Z,,,,33469,1393,32,520045,,,,,,,,,,,,27,242,6666,520045,6908,520045,,9,30,21c8575089f4afc4636477994f81a578738f56bd,0,0,0,0,0,
20200622,MN,33227,,479910,,totalTestEncountersViral,513137,332,3830,156,1180,,,29065,6/21/2020 17:00,2020-06-21T17:00:00Z,06/21 13:00,1416,3830,2020-06-21T17:00:00Z,,,,33227,1384,32,513137,,,,,,,,,,,,27,307,8467,513137,8774,513137,,4,33,4f1aba2de7439bed18edc98250631992c91240ea,0,0,0,0,0,
20200621,MN,32920,,471443,,totalTestEncountersViral,504363,322,3797,160,1163,,,28663,6/20/2020 17:00,2020-06-20T17:00:00Z,06/20 13:00,1412,3797,2020-06-20T17:00:00Z,,,,32920,1380,32,504363,,,,,,,,,,,,27,453,11867,504363,12320,504363,,8,30,fc2231c3f2a8d4a51744c3a49cdc51081e863af0,0,0,0,0,0,
20200620,MN,32467,,459576,,totalTestEncountersViral,492043,324,3767,161,1155,,,28205,6/19/2020 17:00,2020-06-19T17:00:00Z,06/19 13:00,1404,3767,2020-06-19T17:00:00Z,,,,32467,1372,32,492043,,,,,,,,,,,,27,436,16455,492043,16891,492043,,11,19,842618d6a31d394015ea235263c47b6bbeef011b,0,0,0,0,0,
20200619,MN,32031,,443121,,totalTestEncountersViral,475152,339,3748,168,1150,,,27709,6/18/2020 17:00,2020-06-18T17:00:00Z,06/18 13:00,1393,3748,2020-06-18T17:00:00Z,,,,32031,1361,32,475152,,,,,,,,,,,,27,356,13917,475152,14273,475152,,17,30,00ed4c2601b09a1457b77a7ffad6e6a77edaf1d3,0,0,0,0,0,
20200618,MN,31675,,429204,,totalTestEncountersViral,460879,345,3718,171,1144,,,27566,6/17/2020 17:00,2020-06-17T17:00:00Z,06/17 13:00,1376,3718,2020-06-17T17:00:00Z,,,,31675,1344,32,460879,,,,,,,,,,,,27,379,11913,460879,12292,460879,,19,29,72568689f30f80a3fbfe4f4b1ace2393196d9494,0,0,0,0,0,
20200617,MN,31296,,417291,,totalTestEncountersViral,448587,351,3689,181,1136,,,27404,6/16/2020 17:00,2020-06-16T17:00:00Z,06/16 13:00,1357,3689,2020-06-16T17:00:00Z,,,,31296,1325,32,448587,,,,,,,,,,,,27,414,19028,448587,19442,448587,,13,31,b88099f7ea4a2df6b5d2dd32e8fac7fae100c20b,0,0,0,0,0,
20200616,MN,30882,,398263,,totalTestEncountersViral,429145,357,3658,185,1128,,,27006,6/15/2020 17:00,2020-06-15T17:00:00Z,06/15 13:00,1344,3658,2020-06-15T17:00:00Z,,,,30882,1313,31,429145,,,,,,,,,,,,27,189,6034,429145,6223,429145,,9,28,30b3c6412e2a0dae8c3d98a12222fd61a09231f2,0,0,0,0,0,
20200615,MN,30693,,392229,,totalTestEncountersViral,422922,353,3630,186,1121,,,26609,6/14/2020 17:00,2020-06-14T17:00:00Z,06/14 13:00,1335,3630,2020-06-14T17:00:00Z,,,,30693,1304,31,422922,,,,,,,,,,,,27,222,4990,422922,5212,422922,,6,20,441c7724d79d864927bc6b58a9060df8f18b1fc6,0,0,0,0,0,
20200614,MN,30471,,387239,,totalTestEncountersViral,417710,369,3610,186,1110,,,26090,6/13/2020 17:00,2020-06-13T17:00:00Z,06/13 13:00,1329,3610,2020-06-13T17:00:00Z,,,,30471,1298,31,417710,,,,,,,,,,,,27,6,-6,417710,0,417710,,15,29,d5edcf6a8c5b795c0bb6cb3e37228da811c3aed8,0,0,0,0,0,
20200613,MN,30465,,387245,,totalTestEncountersViral,417710,390,3581,191,1104,,,25620,6/12/2020 17:00,2020-06-12T17:00:00Z,06/12 13:00,1314,3581,2020-06-12T17:00:00Z,,,,30465,1283,31,417710,,,,,,,,,,,,27,2,9656,417710,9658,417710,,9,24,03c8e059e00343c3f58dd1482fcd5e8aeed221ae,0,0,0,0,0,
20200612,MN,30463,,377589,,totalTestEncountersViral,408052,403,3557,191,1093,,,25028,6/11/2020 17:00,2020-06-11T17:00:00Z,06/11 13:00,1305,3557,2020-06-11T17:00:00Z,,,,30463,1274,31,408052,,,,,,,,,,,,27,45,12773,408052,12818,408052,,25,35,d21a2c9f56cd937833cab1ab5a59f61f38ea56ca,0,0,0,0,0,
20200611,MN,30418,,364816,,totalTestEncountersViral,395234,411,3522,196,1091,,,24870,6/10/2020 17:00,2020-06-10T17:00:00Z,06/10 13:00,1280,3522,2020-06-10T17:00:00Z,,,,30418,1249,31,395234,,,,,,,,,,,,27,219,13182,395234,13401,395234,,13,40,7daf410b33143c5305c24b1346316724ceb8cc0a,0,0,0,0,0,
20200610,MN,30199,,351634,,totalTestEncountersViral,381833,427,3482,193,1083,,,24675,6/9/2020 17:00,2020-06-09T17:00:00Z,06/09 13:00,1267,3482,2020-06-09T17:00:00Z,,,,30199,1236,31,381833,,,,,,,,,,,,27,333,11707,381833,12040,381833,,39,41,1c7e81a801cb85ec1c492e0c8972592ca95b3319,0,0,0,0,0,
20200609,MN,29866,,339927,,totalTestEncountersViral,369793,455,3441,199,1068,,,24221,6/8/2020 17:00,2020-06-08T17:00:00Z,06/08 13:00,1228,3441,2020-06-08T17:00:00Z,,,,29866,1217,11,369793,,,,,,,,,,,,27,430,8451,369793,8881,369793,,20,40,a95d266f8f670f81539ddb67fa7961876a3b466e,0,0,0,0,0,
20200608,MN,29436,,331476,,totalTestEncountersViral,360912,452,3401,198,1052,,,23657,6/7/2020 17:00,2020-06-07T17:00:00Z,06/07 13:00,1208,3401,2020-06-07T17:00:00Z,,,,29436,1197,11,360912,,,,,,,,,,,,27,448,7323,360912,7771,360912,,11,34,6fb6d460dcd1e8b92c0dc8678b653007288b96c3,0,0,0,0,0,
20200607,MN,28988,,324153,,totalTestEncountersViral,353141,450,3367,199,1044,,,22992,6/6/2020 17:00,2020-06-06T17:00:00Z,06/06 13:00,1197,3367,2020-06-06T17:00:00Z,,,,28988,1186,11,353141,,,,,,,,,,,,27,135,9409,353141,9544,353141,,16,31,147f6da415c79245541cc8142ffa4ed3e3dc6423,0,0,0,0,0,
20200606,MN,28853,,314744,,totalTestEncountersViral,343597,473,3336,206,1044,,,22253,6/5/2020 17:00,2020-06-05T17:00:00Z,06/05 13:00,1181,3336,2020-06-05T17:00:00Z,,,,28853,1170,11,343597,,,,,,,,,,,,27,165,10247,343597,10412,343597,,22,47,0e75a8c10346c63da00ccf592022b7fbf8c29aa3,0,0,0,0,0,
20200605,MN,28688,,304497,,totalTestEncountersViral,333185,478,3289,220,1044,,,21864,6/4/2020 17:00,2020-06-04T17:00:00Z,06/04 13:00,1159,3289,2020-06-04T17:00:00Z,,,,28688,1148,11,333185,,,,,,,,,,,,27,398,10639,333185,11037,333185,,33,36,18513d69fd60e3ed7aef78f36db361ec540e6ba5,0,0,0,0,0,
20200604,MN,28290,,293858,,totalTestEncountersViral,322148,512,3253,244,1033,,,21490,6/3/2020 17:00,2020-06-03T17:00:00Z,06/03 13:00,1126,3253,2020-06-03T17:00:00Z,,,,28290,1115,11,322148,,,,,,,,,,,,27,401,10539,322148,10940,322148,,29,50,dfa92c13534dd2fe7e3c9c2327e3ceb53a5c4e96,0,0,0,0,0,
20200603,MN,27889,,283319,,totalTestEncountersViral,311208,537,3203,254,1022,,,21169,6/2/2020 17:00,2020-06-02T17:00:00Z,06/02 13:00,1097,3203,2020-06-02T17:00:00Z,,,,27889,1086,11,311208,,,,,,,,,,,,27,513,15388,311208,15901,311208,,15,69,fab03fa26e2cd0b9f6da28e83769c1ff16b607e2,0,0,0,0,0,
20200602,MN,27376,,267931,,totalTestEncountersViral,295307,537,3134,248,1003,,,20381,6/1/2020 17:00,2020-06-01T17:00:00Z,06/01 13:00,1082,3134,2020-06-01T17:00:00Z,,,,27376,1072,10,295307,,,,,,,,,,,,27,479,7192,295307,7671,295307,,22,48,1e786c8a0f37a57c6df58310b05cfb0153796e02,0,0,0,0,0,
20200601,MN,26897,,260739,,totalTestEncountersViral,287636,549,3086,253,981,,,19441,5/31/2020 17:00,2020-05-31T17:00:00Z,05/31 13:00,1060,3086,2020-05-31T17:00:00Z,,,,26897,1050,10,287636,,,,,,,,,,,,27,575,3606,287636,4181,287636,,10,39,085d717bc489122ccace3f5c78dadff2aa21b6d7,0,0,0,0,0,
20200531,MN,26322,,257133,,totalTestEncountersViral,283455,555,3047,257,971,,,18695,5/30/2020 17:00,2020-05-30T17:00:00Z,05/30 13:00,1050,3047,2020-05-30T17:00:00Z,,,,26322,1040,10,283455,,,,,,,,,,,,27,141,6741,283455,6882,283455,,14,36,90f00f289a2fb0cf5d3920d63abab4705ab718af,0,0,0,0,0,
20200530,MN,26181,,250392,,totalTestEncountersViral,276573,589,3011,263,960,,,17864,5/29/2020 17:00,2020-05-29T17:00:00Z,05/29 13:00,1036,3011,2020-05-29T17:00:00Z,,,,26181,1026,10,276573,,,,,,,,,,,,27,168,8268,276573,8436,276573,,30,75,8e7a78d1377bb887b4f2b8bd9360ba63b33978a9,0,0,0,0,0,
20200529,MN,26013,,242124,,totalTestEncountersViral,268137,592,2936,259,938,,,16930,5/28/2020 17:00,2020-05-28T17:00:00Z,05/28 13:00,1006,2936,2020-05-28T17:00:00Z,,,,26013,996,10,268137,,,,,,,,,,,,27,454,9929,268137,10383,268137,,29,56,62c3ba8ec5e698a5a162663c4df0b2e62cf35502,0,0,0,0,0,
20200528,MN,25559,,232195,,totalTestEncountersViral,257754,606,2880,242,924,,,16655,5/27/2020 17:00,2020-05-27T17:00:00Z,05/27 13:00,977,2880,2020-05-27T17:00:00Z,,,,25559,967,10,257754,,,,,,,,,,,,27,571,9374,257754,9945,257754,,35,84,10ef1dbb3abfa434fa606c925f6b955e2377dc3d,0,0,0,0,0,
20200527,MN,24988,,222821,,totalTestEncountersViral,247809,598,2796,260,902,,,16314,5/26/2020 17:00,2020-05-26T17:00:00Z,05/26 13:00,942,2796,2020-05-26T17:00:00Z,,,,24988,932,10,247809,,,,,,,,,,,,27,680,8847,247809,9527,247809,,34,87,e0acb63dd4d42add50d518bcd820e3fdc430e571,0,0,0,0,0,
20200526,MN,24308,,213974,,totalTestEncountersViral,238282,570,2709,258,886,,,15523,5/25/2020 17:00,2020-05-25T17:00:00Z,05/25 13:00,908,2709,2020-05-25T17:00:00Z,,,,24308,899,9,238282,,,,,,,,,,,,27,784,6158,238282,6942,238282,,18,33,2623281f399578b29fdd0f4d2bc853f513e75e33,0,0,0,0,0,
20200525,MN,23524,,207816,,totalTestEncountersViral,231340,605,2676,248,869,,,14816,5/24/2020 17:00,2020-05-24T17:00:00Z,05/24 13:00,890,2676,2020-05-24T17:00:00Z,,,,23524,881,9,231340,,,,,,,,,,,,27,403,6250,231340,6653,231340,,12,88,706c1a6d42a20560efbdd5e0f7eb1cb28da7e419,0,0,0,0,0,
20200524,MN,23121,,201566,,totalTestEncountersViral,224687,553,2588,207,841,,,14115,5/23/2020 17:00,2020-05-23T17:00:00Z,05/23 13:00,878,2588,2020-05-23T17:00:00Z,,,,23121,869,9,224687,,,,,,,,,,,,27,356,6625,224687,6981,224687,,17,54,f329b01f69d3dd674121ff1bf31eb34d2129b068,0,0,0,0,0,
20200523,MN,22765,,194941,,totalTestEncountersViral,217706,568,2534,215,832,,,13485,5/22/2020 17:00,2020-05-22T17:00:00Z,05/22 13:00,861,2534,2020-05-22T17:00:00Z,,,,22765,852,9,217706,,,,,,,,,,,,27,391,8505,217706,8896,217706,,10,102,0d7b936540593f662a528bdc0276857671268145,0,0,0,0,0,
20200522,MN,22374,,186436,,totalTestEncountersViral,208810,534,2432,233,806,,,12696,5/21/2020 17:00,2020-05-21T17:00:00Z,05/21 13:00,851,2432,2020-05-21T17:00:00Z,,,,22374,842,9,208810,,,,,,,,,,,,27,792,8930,208810,9722,208810,,33,52,f99f9a868736a18760c52457096f0469976cbc00,0,0,0,0,0,
20200521,MN,21582,,177506,,totalTestEncountersViral,199088,566,2380,229,787,,,12488,5/20/2020 17:00,2020-05-20T17:00:00Z,05/20 13:00,818,2380,2020-05-20T17:00:00Z,,,,21582,809,9,199088,,,,,,,,,,,,27,973,7307,199088,8280,199088,,32,72,1e98373fc0805b8476618605b40801c939356656,0,0,0,0,0,
20200520,MN,20609,,170199,,totalTestEncountersViral,190808,550,2308,212,773,,,12227,5/19/2020 17:00,2020-05-19T17:00:00Z,05/19 13:00,786,2308,2020-05-19T17:00:00Z,,,,20609,777,9,190808,,,,,,,,,,,,27,767,6190,190808,6957,190808,,29,87,bd088c45f5faf33fc67e0ad4d4657a6be0045aa4,0,0,0,0,0,
20200519,MN,19842,,164009,,totalTestEncountersViral,183851,545,2221,229,750,,,11540,5/18/2020 17:00,2020-05-18T17:00:00Z,05/18 13:00,757,2221,2020-05-18T17:00:00Z,,,,19842,748,9,183851,,,,,,,,,,,,27,855,5522,183851,6377,183851,,17,93,4512f535dc6729ab747400f73a2df00a220330a1,0,0,0,0,0,
20200518,MN,18987,,158487,,totalTestEncountersViral,177474,488,2128,229,731,,,10764,5/17/2020 17:00,2020-05-17T17:00:00Z,05/17 13:00,740,2128,2020-05-17T17:00:00Z,,,,18987,731,9,177474,,,,,,,,,,,,27,971,5418,177474,6397,177474,,9,38,43244efe3dbea166d465e7b51ab6c745944a262c,0,0,0,0,0,
20200517,MN,18016,,153069,,totalTestEncountersViral,171077,487,2090,221,716,,,10175,5/16/2020 17:00,2020-05-16T17:00:00Z,05/16 13:00,731,2090,2020-05-16T17:00:00Z,,,,18016,722,9,171077,,,,,,,,,,,,27,311,5670,171085,5973,171085,,22,51,a29f9675217947b400a1e1f2a20c256af30c569a,0,0,0,0,0,
20200516,MN,17705,,147399,,totalTestEncountersViral,165104,493,2039,225,700,,,9571,5/15/2020 17:00,2020-05-15T17:00:00Z,05/15 13:00,709,2039,2020-05-15T17:00:00Z,,,,17705,700,9,165104,,,,,,,,,,,,27,342,7626,165104,7968,165104,,17,54,de62d1340e67b290663e555ce3ffb30adee7bcd0,0,0,0,0,0,
20200515,MN,17363,,139773,,totalTestEncountersViral,157136,498,1985,200,679,,,8820,5/14/2020 17:00,2020-05-14T17:00:00Z,05/14 13:00,692,1985,2020-05-14T17:00:00Z,,,,17363,683,9,157136,,,,,,,,,,,,27,798,8330,157136,9128,157136,,29,70,baa42038036cc8289bf8b984e962fdad678a4e6e,0,0,0,0,0,
20200514,MN,16565,,131443,,totalTestEncountersViral,148008,498,1915,203,663,,,8473,5/13/2020 17:00,2020-05-13T17:00:00Z,05/13 13:00,663,1915,2020-05-13T17:00:00Z,,,,16565,663,9,148008,,,,,,,,,,,,27,793,5941,148008,6734,148008,,25,64,76bd7df542fd4bbd7d76f20bb72d9ad64ee5b757,0,0,0,0,0,
20200513,MN,15772,,125502,,totalTestEncountersViral,141274,494,1851,199,647,,,8149,5/12/2020 17:00,2020-05-12T17:00:00Z,05/12 13:00,638,1851,2020-05-12T17:00:00Z,,,,15772,638,9,141274,,,,,,,,,,,,27,729,6568,141274,7297,141274,,24,52,ede3f7a580b227a475bb53764eafcfabd02df710,0,0,0,0,0,
20200512,MN,15043,,118934,,totalTestEncountersViral,133977,496,1799,199,625,,,7609,5/11/2020 17:00,2020-05-11T17:00:00Z,05/11 13:00,614,1799,2020-05-11T17:00:00Z,,,,15043,614,,133977,,,,,,,,,,,,27,664,3349,133977,4013,133977,,23,83,634a26513b55f14f6f5063b4d9003aa3b04ae45e,0,0,0,0,0,
20200511,MN,14379,,115585,,totalTestEncountersViral,129964,452,1716,194,600,,,6945,5/10/2020 17:00,2020-05-10T17:00:00Z,05/10 13:00,591,1716,2020-05-10T17:00:00Z,,,,14379,591,,129964,,,,,,,,,,,,27,827,4476,129964,5303,129964,,13,59,2f7256210bd4ec8572b7902a80b0da78ed7e6392,0,0,0,0,0,
20200510,MN,13552,,111109,,totalTestEncountersViral,124661,434,1657,199,581,,,6304,5/9/2020 17:00,2020-05-09T17:00:00Z,05/09 13:00,578,1657,2020-05-09T17:00:00Z,,,,13552,578,,124661,,,,,,,,,,,,27,231,5069,124661,5300,124661,,20,45,3a7c88b06b8d23db4a7b9bba84582831760eba09,0,0,0,0,0,
20200509,MN,13321,,106040,,totalTestEncountersViral,119361,476,1612,180,556,,,5764,5/8/2020 17:00,2020-05-08T17:00:00Z,05/08 13:00,558,1612,2020-05-08T17:00:00Z,,,,13321,558,,119361,,,,,,,,,,,,27,281,4632,119361,4913,119361,,24,63,cc3ce7e92d009be995112eafb0c38afa56c7c698,0,0,0,0,0,
20200508,MN,13040,,101408,,totalTestEncountersViral,114448,473,1549,198,540,,,5163,5/7/2020 17:00,2020-05-07T17:00:00Z,05/07 13:00,534,1549,2020-05-07T17:00:00Z,,,,13040,534,,114448,,,,,,,,,,,,27,712,4164,114448,4876,114448,,26,90,183e80e9ab83ee4a686e5525534aee2f8e82f46d,0,0,0,0,0,
20200507,MN,12328,,97244,,totalTestEncountersViral,109572,435,1459,182,512,,,4800,5/6/2020 17:00,2020-05-06T17:00:00Z,05/06 13:00,508,1459,2020-05-06T17:00:00Z,,,,12328,508,,109572,,,,,,,,,,,,27,818,4197,109572,5015,109572,,23,54,565f15ac0010708af35e0ed7e9675ee4b8bf2313,0,0,0,0,0,
20200506,MN,11510,,93047,,totalTestEncountersViral,104557,443,1405,180,488,,,4520,5/5/2020 17:00,2020-05-05T17:00:00Z,05/05 13:00,485,1405,2020-05-05T17:00:00Z,,,,11510,485,,104557,,,,,,,,,,,,27,634,3845,104557,4479,104557,,30,55,20180ce6c32c6994eb80193e31662a4699fc9718,0,0,0,0,0,
20200505,MN,10876,,89202,,totalTestEncountersViral,100078,434,1350,182,475,,,4159,5/4/2020 17:00,2020-05-04T17:00:00Z,05/04 13:00,455,1350,2020-05-04T17:00:00Z,,,,10876,455,,100078,,,,,,,,,,,,27,641,2525,100078,3166,100078,,27,79,cbc3fdfcb86d3d91078a649d463f9b05b1d94893,0,0,0,0,0,
20200504,MN,10235,,86677,,totalTestEncountersViral,96912,396,1271,166,444,,,3784,5/4/2020 00:00,2020-05-04T00:00:00Z,05/03 20:00,428,1271,2020-05-04T00:00:00Z,,,,10235,428,,96912,,,,,,,,,,,,27,824,3244,96912,4068,96912,,9,72,77b3c397f534abbb47323b9debbdd0ebc908a1f4,0,0,0,0,0,
20200503,MN,9411,,83433,,totalTestEncountersViral,92844,373,1199,155,426,,,2596,5/2/2020 17:00,2020-05-02T17:00:00Z,05/02 13:00,419,1199,2020-05-02T17:00:00Z,,,,9411,419,,92844,,,,,,,,,,,,27,340,2824,92844,3164,92844,,24,40,2d9190c6d6dd8705084d903b1227441512f5564a,0,0,0,0,0,
20200502,MN,9071,,80609,,totalTestEncountersViral,89680,389,1159,135,404,,,2002,5/1/2020 17:00,2020-05-01T17:00:00Z,05/01 13:00,395,1159,2020-05-01T17:00:00Z,,,,9071,,,89680,,,,,,,,,,,,27,335,3395,89680,3730,89680,,24,63,ce1acda8849e4611780898183d43caddf0f8f3d9,0,0,0,0,0,
20200501,MN,8736,,77214,,totalTestEncountersViral,85950,369,1096,118,380,,,1911,4/30/2020 17:00,2020-04-30T17:00:00Z,04/30 13:00,371,1096,2020-04-30T17:00:00Z,,,,8736,,,85950,,,,,,,,,,,,27,620,3865,85950,4485,85950,,28,52,aa0be402219cd5f4b872b0c76a882c78814ce676,0,0,0,0,0,
20200430,MN,8116,,73349,,totalTestEncountersViral,81465,365,1044,130,358,,,1829,4/29/2020 17:00,2020-04-29T17:00:00Z,04/29 13:00,343,1044,2020-04-29T17:00:00Z,,,,8116,,,81465,,,,,,,,,,,,27,648,3699,81465,4347,81465,,24,94,c9321bbcbad8c456b095edf29d9d59b11a74b520,0,0,0,0,0,
20200429,MN,7468,,69650,,totalTestEncountersViral,77118,320,950,119,337,,,1724,4/28/2020 17:00,2020-04-28T17:00:00Z,04/28 13:00,319,950,2020-04-28T17:00:00Z,,,,7468,,,77118,,,,,,,,,,,,27,680,6402,77118,7082,77118,,18,38,b3f312c1d8b52319834115809858d8224eeb0144,0,0,0,0,0,
20200428,MN,6788,,63248,,totalTestEncountersViral,70036,314,912,120,324,,,1611,4/27/2020 17:00,2020-04-27T17:00:00Z,04/27 13:00,301,912,2020-04-27T17:00:00Z,,,,6788,,,70036,,,,,,,,,,,,27,601,2745,70036,3346,70036,,15,51,4ee6fc3de636084b87253f20b04da4d816756f2d,0,0,0,0,0,
20200427,MN,6187,,60503,,totalTestEncountersViral,66690,292,861,122,316,,,1556,4/26/2020 17:00,2020-04-26T17:00:00Z,04/26 13:00,286,861,2020-04-26T17:00:00Z,,,,6187,,,66690,,,,,,,,,,,,27,675,1342,66690,2017,66690,,14,32,dd96029e20ca605ff7535e319fa8031fff6e059a,0,0,0,0,0,
20200426,MN,5512,,59161,,totalTestEncountersViral,64673,285,829,115,301,,,1502,4/26/2020 12:00,2020-04-26T12:00:00Z,04/26 08:00,272,829,2020-04-26T12:00:00Z,,,,5512,,,64673,,,,,,,,,,,,27,385,2179,64673,2564,64673,,28,32,e95858c5e0860b9ac8db101fa6ce29f5d2b65cc7,0,0,0,0,0,
20200425,MN,5127,,56982,,totalTestEncountersViral,62109,288,797,109,291,,,1410,4/24/2020 17:00,2020-04-24T17:00:00Z,04/24 13:00,244,797,2020-04-24T17:00:00Z,,,,5127,,,62109,,,,,,,,,,,,27,339,2276,62109,2615,62109,,23,41,c64ebafbed80a58127f895e1ad46edf6a2724e8b,0,0,0,0,0,
20200424,MN,4788,,54706,,totalTestEncountersViral,59494,278,756,111,281,,,1373,4/23/2020 17:00,2020-04-23T17:00:00Z,04/23 13:00,221,756,2020-04-23T17:00:00Z,,,,4788,,,59494,,,,,,,,,,,,27,518,2562,59494,3080,59494,,21,44,4af9b12c11ae1f48d2a167c44f0cded42e024eca,0,0,0,0,0,
20200423,MN,4270,,52144,,totalTestEncountersViral,56414,268,712,104,274,,,1336,4/22/2020 17:00,2020-04-22T17:00:00Z,04/22 13:00,200,712,2020-04-22T17:00:00Z,,,,4270,,,56414,,,,,,,,,,,,27,512,1979,56414,2491,56414,,21,52,e2d0c4a109edb1281e709c9a7ac7bd3c49af472b,0,0,0,0,0,
20200422,MN,3758,,50165,,totalTestEncountersViral,53923,240,660,107,262,,,1138,4/21/2020 17:00,2020-04-21T17:00:00Z,04/21 13:00,179,660,2020-04-21T17:00:00Z,,,,3758,,,53923,,,,,,,,,,,,27,306,1824,53923,2130,53923,,19,31,001b2483f363cea70e42c6002360f2dea57bda22,0,0,0,0,0,
20200421,MN,3452,,48341,,totalTestEncountersViral,51793,237,629,117,253,,,1094,4/20/2020 17:00,2020-04-20T17:00:00Z,04/20 13:00,160,629,2020-04-20T17:00:00Z,,,,3452,,,51793,,,,,,,,,,,,27,262,1487,51793,1749,51793,,17,27,8e562c323f08ccc08a88eb27e9750dc2d89174f4,0,0,0,0,0,
20200420,MN,3190,,46854,,totalTestEncountersViral,50044,237,602,126,241,,,1059,4/20/2020 12:00,2020-04-20T12:00:00Z,04/20 08:00,143,602,2020-04-20T12:00:00Z,,,,3190,,,50044,,,,,,,,,,,,27,276,566,50044,842,50044,,9,28,f286e5b78b8a60c8c5c6e0151a340b4d90dd9305,0,0,0,0,0,
20200419,MN,2914,,46288,,totalTestEncountersViral,49202,228,574,116,226,,,1026,4/19/2020 12:00,2020-04-19T12:00:00Z,04/19 08:00,134,574,2020-04-19T12:00:00Z,,,,2914,,,49202,,,,,,,,,,,,27,126,1106,49202,1232,49202,,13,13,73a3505be883fccb951c6ad78ecb3da10d4c442c,0,0,0,0,0,
20200418,MN,2788,,45182,,totalTestEncountersViral,47970,239,561,111,215,,,997,4/17/2020 17:00,2020-04-17T17:00:00Z,04/17 13:00,121,561,2020-04-17T17:00:00Z,,,,2788,,,47970,,,,,,,,,,,,27,120,1362,47970,1482,47970,,10,43,465d1c420369738c75ff3658a29628c35cdf1eb4,0,0,0,0,0,
20200417,MN,2668,,43820,,totalTestEncountersViral,46488,223,518,106,202,,,955,4/16/2020 17:00,2020-04-16T17:00:00Z,04/16 13:00,111,518,2020-04-16T17:00:00Z,,,,2668,,,46488,,,,,,,,,,,,27,182,1284,46488,1466,46488,,17,43,84d3e98886c65c79b17697e414d05ff6d2c74b87,0,0,0,0,0,
20200416,MN,2486,,42536,,totalTestEncountersViral,45022,213,475,103,188,,,926,4/15/2020 17:00,2020-04-15T17:00:00Z,04/15 13:00,94,475,2020-04-15T17:00:00Z,,,,2486,,,45022,,,,,,,,,,,,27,165,1291,45022,1456,45022,,7,30,28db0d993b312aa29bc5d50c6b9d709091e192c4,0,0,0,0,0,
20200415,MN,2321,,41245,,totalTestEncountersViral,43566,197,445,93,175,,,853,4/14/2020 17:00,2020-04-14T17:00:00Z,04/14 13:00,87,445,2020-04-14T17:00:00Z,,,,2321,,,43566,,,,,,,,,,,,27,156,1540,43566,1696,43566,,8,40,d2e87f5b8077a8f24934d60b606351f4cf603f7e,0,0,0,0,0,
20200414,MN,2165,,39705,,totalTestEncountersViral,41870,177,405,75,155,,,830,4/13/2020 17:00,2020-04-13T17:00:00Z,04/13 13:00,79,405,2020-04-13T17:00:00Z,,,,2165,,,41870,,,,,,,,,,,,27,153,1038,41870,1191,41870,,9,44,82890adbff65a8f31cbd961630afa44df960b626,0,0,0,0,0,
20200413,MN,2012,,38667,,totalTestEncountersViral,40679,157,361,74,146,,,772,4/12/2020 17:00,2020-04-12T17:00:00Z,04/12 13:00,70,361,2020-04-12T17:00:00Z,,,,2012,,,40679,,,,,,,,,,,,27,148,637,40679,785,40679,,0,0,4a80f249c77f52a2551901187105d220dc4734f2,0,0,0,0,0,
20200412,MN,1864,,38030,,totalTestEncountersViral,39894,157,361,74,146,,,772,4/11/2020 21:00,2020-04-11T21:00:00Z,04/11 17:00,70,361,2020-04-11T21:00:00Z,,,,1864,,,39894,,,,,,,,,,,,27,58,1132,39894,1190,39894,,6,21,d4243b0c3b9972f59a735fba236a59f6cd882723,0,0,0,0,0,
20200411,MN,1806,,36898,,totalTestEncountersViral,38704,145,340,69,138,,,729,4/10/2020 17:00,2020-04-10T17:00:00Z,04/10 13:00,64,340,2020-04-10T17:00:00Z,,,,1806,,,38704,,,,,,,,,,,,27,74,1552,38704,1626,38704,,7,23,b0f1689f8c43855a436510ed3ce877600cceb869,0,0,0,0,0,
20200410,MN,1732,,35346,,totalTestEncountersViral,37078,143,317,64,131,,,675,4/9/2020 17:00,2020-04-09T17:00:00Z,04/09 13:00,57,317,2020-04-09T17:00:00Z,,,,1732,,,37078,,,,,,,,,,,,27,95,1664,37078,1759,37078,,7,24,2bfc162de696027eb664fb894f186d95bb5893e5,0,0,0,0,0,
20200409,MN,1637,,33682,,totalTestEncountersViral,35319,145,293,63,119,,,625,4/9/2020 12:00,2020-04-09T12:00:00Z,04/09 08:00,50,293,2020-04-09T12:00:00Z,,,,1637,,,35319,,,,,,,,,,,,27,103,1728,35319,1831,35319,,11,22,562f28c20991bb382991b729b36ff9f4262332ad,0,0,0,0,0,
20200408,MN,1534,,31954,,totalTestEncountersViral,33488,135,271,64,105,,,593,4/8/2020 17:00,2020-04-08T17:00:00Z,04/08 13:00,39,271,2020-04-08T17:00:00Z,,,,1534,,,33488,,,,,,,,,,,,27,102,1351,33488,1453,33488,,5,29,9d0729390861ab736434fdf3c862f8493b46d509,0,0,0,0,0,
20200407,MN,1432,,30603,,totalTestEncountersViral,32035,120,242,64,100,,,515,4/6/2020 17:00,2020-04-06T17:00:00Z,04/06 13:00,34,242,2020-04-06T17:00:00Z,,,,1432,,,32035,,,,,,,,,,,,27,102,1448,32035,1550,32035,,4,19,32d9a364c4c51f837c3312a9d5caadeece542f1a,0,0,0,0,0,
20200406,MN,1330,,29155,,totalTestEncountersViral,30485,115,223,57,90,,,440,4/6/2020 17:11,2020-04-06T17:11:00Z,04/06 13:11,30,223,2020-04-06T17:11:00Z,,,,1330,,,30485,,,,,,,,,,,,27,113,1065,30485,1178,30485,,1,21,a71db7345a20c07a74d5ac51d118ddb2b543ab3f,0,0,0,0,0,
20200405,MN,1217,,28090,,totalTestEncountersViral,29307,106,202,48,77,,,422,4/4/2020 17:00,2020-04-04T17:00:00Z,04/04 13:00,29,202,2020-04-04T17:00:00Z,,,,1217,,,29307,,,,,,,,,,,,27,59,1403,29307,1462,29307,,5,22,41c142bfeb95a426fa169304a18ef70983af90ec,0,0,0,0,0,
20200404,MN,1158,,26687,,totalTestEncountersViral,27845,95,180,42,69,,,416,4/4/2020 12:00,2020-04-04T12:00:00Z,04/04 08:00,24,180,2020-04-04T12:00:00Z,,,,1158,,,27845,,,,,,,,,,,,27,39,1624,27845,1663,27845,,2,24,1b98cc5ace09a9abe0564f6cc44a9a5b944c1f24,0,0,0,0,0,
20200403,MN,1119,,25063,,totalTestEncountersViral,26182,86,156,40,40,,,,4/2/2020 17:00,2020-04-02T17:00:00Z,04/02 13:00,22,156,2020-04-02T17:00:00Z,,,,1119,,,26182,,,,,,,,,,,,27,63,1283,26182,1346,26182,,4,18,10251ddeff7574ba87786a79d45882569e49812b,0,0,0,0,0,
20200402,MN,1056,,23780,,totalTestEncountersViral,24836,75,138,38,38,,,,4/2/2020 12:00,2020-04-02T12:00:00Z,04/02 08:00,18,138,2020-04-02T12:00:00Z,,,,1056,,,24836,,,,,,,,,,,,27,83,1900,24836,1983,24836,,1,16,93b3b621cec5a9673f685ba443eef81ec765599a,0,0,0,0,0,
20200401,MN,973,,21880,,totalTestEncountersViral,22853,54,122,27,27,,,,4/1/2020 12:00,2020-04-01T12:00:00Z,04/01 08:00,17,122,2020-04-01T12:00:00Z,,,,973,,,22853,,,,,,,,,,,,27,57,945,22853,1002,22853,,5,10,6a9ab09de541be5e5eda43e4306044af1f4ffcd4,0,0,0,0,0,
20200331,MN,916,,20935,,totalTestEncountersViral,21851,56,112,26,26,,,,3/31/2020 00:00,2020-03-31T00:00:00Z,03/30 20:00,12,112,2020-03-31T00:00:00Z,,,,916,,,21851,,,,,,,,,,,,27,93,1423,21851,1516,21851,,2,20,ad940a37ccb67c5a2b4fa74a4e98f217165d4611,0,0,0,0,0,
20200330,MN,823,,19512,,totalTestEncountersViral,20335,56,92,24,24,,,,3/30/2020 00:00,2020-03-30T00:00:00Z,03/29 20:00,10,92,2020-03-30T00:00:00Z,,,,823,,,20335,,,,,,,,,,,,27,98,946,20335,1044,20335,,1,17,8cca96dbea7e71fd3d9aff4b4e56089b237db4cd,0,0,0,0,0,
20200329,MN,725,,18566,,totalTestEncountersViral,19291,39,75,,17,,,243,3/29/2020 00:00,2020-03-29T00:00:00Z,03/28 20:00,9,75,2020-03-29T00:00:00Z,,,,725,,,19291,,,,,,,,,,,,27,38,1171,19291,1209,19291,,4,18,c7c1d1ac592b6646822a50637c24d44e77bb22d1,0,0,0,0,0,
20200328,MN,687,,17395,,totalTestEncountersViral,18082,30,57,,17,,,215,3/28/2020 00:00,2020-03-28T00:00:00Z,03/27 20:00,5,57,2020-03-28T00:00:00Z,,,,687,,,18082,,,,,,,,,,,,27,47,3790,18082,3837,18082,,1,6,f1f971a03a46a44f8abe09dd7da4db673126c494,0,0,0,0,0,
20200327,MN,640,,13605,,totalTestEncountersViral,14245,34,51,,17,,,176,3/27/2020 00:00,2020-03-27T00:00:00Z,03/26 20:00,4,51,2020-03-27T00:00:00Z,,,,640,,,14245,,,,,,,,,,,,27,75,1001,14245,1076,14245,,2,10,c70962e81a6cf3e41613f4ae65d3e63e0f2ed930,0,0,0,0,0,
20200326,MN,565,,12604,,totalTestEncountersViral,13169,31,41,,,,,,3/26/2020 13:15,2020-03-26T13:15:00Z,03/26 09:15,2,41,2020-03-26T13:15:00Z,,,,565,,,13169,,,,,,,,,,,,27,63,1416,13169,1479,13169,,1,6,8df984d1ba2737493743a42b9daee403631121ac,0,0,0,0,0,
20200325,MN,502,,11188,,totalTestEncountersViral,11690,26,35,,,,,121,3/25/2020 00:00,2020-03-25T00:00:00Z,03/24 20:00,1,35,2020-03-25T00:00:00Z,,,,502,,,11690,,,,,,,,,,,,27,58,5638,11690,5696,11690,,0,14,f42b6cc3b20d1646b84550058025b1c692f604bd,0,0,0,0,0,
20200324,MN,444,,5550,,totalTestEncountersViral,5994,,21,,,,,,3/24/2020 00:00,2020-03-24T00:00:00Z,03/23 20:00,1,21,2020-03-24T00:00:00Z,,,,444,,,5994,,,,,,,,,,,,27,51,1039,5994,1090,5994,,0,4,de97532b91a8ae2de92a259e68c017f36caca1c6,0,0,0,0,0,
20200323,MN,393,,4511,,totalTestEncountersViral,4904,,17,,,,,,3/23/2020 00:00,2020-03-23T00:00:00Z,03/22 20:00,1,17,2020-03-23T00:00:00Z,,,,393,,,4904,,,,,,,,,,,,27,44,0,4904,44,4904,,0,5,d04ec44798e86f293a5cd735268ab4a5457153ab,0,0,0,0,0,
20200322,MN,349,,4511,,totalTestEncountersViral,4860,,12,,,,,,3/21/2020 12:10,2020-03-21T12:10:00Z,03/21 08:10,1,12,2020-03-21T12:10:00Z,,,,349,,,4860,,,,,,,,,,,,27,22,559,4860,581,4860,,0,12,50390a7f6cd1e2407fe86a4aa41348cf600da83d,0,0,0,0,0,
20200321,MN,327,,3952,,totalTestEncountersViral,4279,,,,,,,,3/21/2020 00:00,2020-03-21T00:00:00Z,03/20 20:00,1,,2020-03-21T00:00:00Z,,,,327,,,4279,,,,,,,,,,,,27,24,211,4279,235,4279,,1,0,1735d54aa3acdde8e8cb337ba4d504343855ed28,0,0,0,0,0,
20200320,MN,303,,3741,,totalTestEncountersViral,4044,,,,,,,,3/20/2020 00:00,2020-03-20T00:00:00Z,03/19 20:00,,,2020-03-20T00:00:00Z,,,,303,,,4044,,,,,,,,,,,,27,16,792,4044,808,4044,,0,0,aa638fa1572f82813ac4c0e744ab5ea98c594765,0,0,0,0,0,
20200319,MN,287,,2949,,totalTestEncountersViral,3236,,,,,,,,3/19/2020 00:00,2020-03-19T00:00:00Z,03/18 20:00,,,2020-03-19T00:00:00Z,,,,287,,,3236,,,,,,,,,,,,27,18,264,3236,282,3236,,0,0,ecf583809a0ac50cd0fd896d3c7d98d8b5288321,0,0,0,0,0,
20200318,MN,269,,2685,,totalTestEncountersViral,2954,,,,,,,,3/18/2020 00:00,2020-03-18T00:00:00Z,03/17 20:00,,,2020-03-18T00:00:00Z,,,,269,,,2954,,,,,,,,,,,,27,23,409,2954,432,2954,,0,0,e9a71faf61587f04f4d5b3ed828595ca86cc9b6c,0,0,0,0,0,
20200317,MN,246,,2276,,totalTestEncountersViral,2522,,,,,,,,3/17/2020 00:00,2020-03-17T00:00:00Z,03/16 20:00,,,2020-03-17T00:00:00Z,,,,246,,,2522,,,,,,,,,,,,27,67,437,2522,504,2522,,0,0,a5622ed8a30e07a4564947c5d873e9cd050afe8f,0,0,0,0,0,
20200316,MN,179,,1839,,totalTestEncountersViral,2018,,,,,,,,3/16/2020 15:52,2020-03-16T15:52:00Z,03/16 11:52,,,2020-03-16T15:52:00Z,,,,179,,,2018,,,,,,,,,,,,27,51,452,2018,503,2018,,0,0,254e1458169c14286bbe2adfe04cc3f4d9b7cc2e,0,0,0,0,0,
20200315,MN,128,,1387,,totalTestEncountersViral,1515,,,,,,,,3/15/2020 00:00,2020-03-15T00:00:00Z,03/14 20:00,,,2020-03-15T00:00:00Z,,,,128,,,1515,,,,,,,,,,,,27,38,540,1515,578,1515,,0,0,72358255cf24266f8d05b28822bbb6ab9366461e,0,0,0,0,0,
20200314,MN,90,,847,,totalTestEncountersViral,937,,,,,,,,3/14/2020 00:00,2020-03-14T00:00:00Z,03/13 20:00,,,2020-03-14T00:00:00Z,,,,90,,,937,,,,,,,,,,,,27,28,306,937,334,937,,0,0,093523d34a89b61f3d7b2087239ec362f2feb4e0,0,0,0,0,0,
20200313,MN,62,,541,,totalTestEncountersViral,603,,,,,,,,3/13/2020 00:00,2020-03-13T00:00:00Z,03/12 20:00,,,2020-03-13T00:00:00Z,,,,62,,,603,,,,,,,,,,,,27,19,234,603,253,603,,0,0,284d1b699e243f6c481c16edba0718b3e2b17ac5,0,0,0,0,0,
20200312,MN,43,,307,,totalTestEncountersViral,350,,,,,,,,3/12/2020 00:00,2020-03-12T00:00:00Z,03/11 20:00,,,2020-03-12T00:00:00Z,,,,43,,,350,,,,,,,,,,,,27,22,90,350,112,350,,0,0,c07c906a532235748e959f5d5e2bbb7bb3504d5b,0,0,0,0,0,
20200311,MN,21,,217,,totalTestEncountersViral,238,,,,,,,,,,,,,,,,,21,,,238,,,,,,,,,,,,27,10,85,238,95,238,,0,0,e3405a4754c0ca9e15c891f520b13f9f3efddae5,0,0,0,0,0,
20200310,MN,11,,132,,totalTestEncountersViral,143,,,,,,,,,,,,,,,,,11,,,143,,,,,,,,,,,,27,6,52,143,58,143,,0,0,c4845327dcca0e0a3bc63eb927eb5a7d6a802890,0,0,0,0,0,
20200309,MN,5,,80,,totalTestEncountersViral,85,,,,,,,,,,,,,,,,,5,,,85,,,,,,,,,,,,27,3,32,85,35,85,,0,0,edecb694f4747073966154ee75c338418a86e847,0,0,0,0,0,
20200308,MN,2,,48,,totalTestEncountersViral,50,,,,,,,,,,,,,,,,,2,,,50,,,,,,,,,,,,27,0,0,50,0,50,,0,0,db20b61c504ab3a827e2248b6c00893bdc510d27,0,0,0,0,0,
20200307,MN,2,,48,,totalTestEncountersViral,50,,,,,,,,,,,,,,,,,2,,,50,,,,,,,,,,,,27,1,12,50,13,50,,0,0,b3ec70d8e03720a541ea7966b1a7900ab951ebf3,0,0,0,0,0,
20200306,MN,1,,36,,totalTestEncountersViral,37,,,,,,,,,,,,,,,,,1,,,37,,,,,,,,,,,,27,0,0,37,0,37,,0,0,a03a031ed64ae7b45543b6cfcc9531cfa749fe9e,0,0,0,0,0,
