date,state,positive,probableCases,negative,pending,totalTestResultsSource,totalTestResults,hospitalizedCurrently,hospitalizedCumulative,inIcuCurrently,inIcuCumulative,onVentilatorCurrently,onVentilatorCumulative,recovered,lastUpdateEt,dateModified,checkTimeEt,death,hospitalized,hospitalizedDischarged,dateChecked,totalTestsViral,positiveTestsViral,negativeTestsViral,positiveCasesViral,deathConfirmed,deathProbable,totalTestEncountersViral,totalTestsPeopleViral,totalTestsAntibody,positiveTestsAntibody,negativeTestsAntibody,totalTestsPeopleAntibody,positiveTestsPeopleAntibody,negativeTestsPeopleAntibody,totalTestsPeopleAntigen,positiveTestsPeopleAntigen,totalTestsAntigen,positiveTestsAntigen,fips,positiveIncrease,negativeIncrease,total,totalTestResultsIncrease,posNeg,dataQualityGrade,deathIncrease,hospitalizedIncrease,hash,commercialScore,negativeRegularScore,negativeScore,positiveScore,score,grade
20210303,MA,584743,31523,4371477,,totalTestsViral,16419989,755,19713,173,,109,,494740,3/2/2021 23:59,2021-03-02T23:59:00Z,03/02 18:59,16252,19713,,2021-03-02T23:59:00Z,16419989,661370,,553220,15925,327,,4924697,,,,154697,15162,,568678,,,,25,1899,8511,4956220,102052,4956220,,70,269,77f27b0ccf27b1c7d0c4329a219192dd58e9698b,0,0,0,0,0,
20210302,MA,582844,31177,4362966,,totalTestsViral,16317937,775,19444,187,,116,,494740,3/1/2021 23:59,2021-03-01T23:59:00Z,03/01 18:59,16182,19444,,2021-03-01T23:59:00Z,16317937,659584,,551667,15859,323,,4914633,,,,154697,15162,,564788,,,,25,301,7609,4945810,56007,4945810,,38,0,01690e7ba519d739300f10327746a4cb19486fe7,0,0,0,0,0,
20210301,MA,582543,30993,4355357,,totalTestsViral,16261930,788,19444,184,,119,,494740,2/28/2021 23:59,2021-02-28T23:59:00Z,02/28 18:59,16144,19444,,2021-02-28T23:59:00Z,16261930,659307,,551550,15822,322,,4906907,,,,154697,15162,,561797,,,,25,1395,6818,4937900,53839,4937900,,26,0,f49103c111620908d97e24d43d5a5624d3d50f6a,0,0,0,0,0,
20210228,MA,581148,30846,4348539,,totalTestsViral,16208091,760,19444,183,,124,,494740,2/27/2021 23:59,2021-02-27T23:59:00Z,02/27 18:59,16118,19444,,2021-02-27T23:59:00Z,16208091,657840,,550302,15796,322,,4898841,,,,154697,15162,,559897,,,,25,1468,8459,4929687,102571,4929687,,51,0,defd6ae0f5096a4ccd89e136eba9870f016c2fb9,0,0,0,0,0,
20210227,MA,579680,30806,4340080,,totalTestsViral,16105520,785,19444,204,,139,,494740,2/26/2021 23:59,2021-02-26T23:59:00Z,02/26 18:59,16067,19444,,2021-02-26T23:59:00Z,16105520,656217,,548874,15744,323,,4888954,,,,154697,15162,,557826,,,,25,1700,8439,4919760,108261,4919760,,43,0,51b32ac009f7d6432f4739c423034170afa656e7,0,0,0,0,0,
20210226,MA,577980,30622,4331641,,totalTestsViral,15997259,807,19444,211,,137,,494740,2/25/2021 23:59,2021-02-25T23:59:00Z,02/25 18:59,16024,19444,,2021-02-25T23:59:00Z,15997259,654425,,547358,15703,321,,4878999,,,,154697,15162,,554801,,,,25,1987,9469,4909621,102584,4909621,,46,0,4bfc7a3a04d0b932c1f3a2d3d77771612ab98cb4,0,0,0,0,0,
20210225,MA,575993,30369,4322172,,totalTestsViral,15894675,853,19444,221,,142,,494740,2/24/2021 23:59,2021-02-24T23:59:00Z,02/24 18:59,15978,19444,,2021-02-24T23:59:00Z,15894675,652400,,545624,15657,321,,4867796,,,,154697,15162,,551474,,,,25,2108,11013,4898165,118144,4898165,,33,0,08b72a4eb4597468557939b9c619e319e3afd72f,0,0,0,0,0,
20210224,MA,573885,30189,4311159,,totalTestsViral,15776531,875,19444,219,,151,,477796,2/23/2021 23:59,2021-02-23T23:59:00Z,02/23 18:59,15945,19444,,2021-02-23T23:59:00Z,15776531,650220,,543696,15624,321,,4854855,,,,153152,14895,,548242,,,,25,2102,11201,4885044,114127,4885044,,62,268,5433e7d79d6df2b14e81df6065cd552e14b2f1cf,0,0,0,0,0,
20210223,MA,571783,29875,4299958,,totalTestsViral,15662404,879,19176,225,,147,,477796,2/22/2021 23:59,2021-02-22T23:59:00Z,02/22 18:59,15883,19176,,2021-02-22T23:59:00Z,15662404,648142,,541908,15564,319,,4841866,,,,153152,14895,,543942,,,,25,1237,7928,4871741,62531,4871741,,30,0,1298ebd08515ec8bfc04c3ebd340daaa6222c8e7,0,0,0,0,0,
20210222,MA,570546,29752,4292030,,totalTestsViral,15599873,888,19176,229,,140,,477796,2/21/2021 23:59,2021-02-21T23:59:00Z,02/21 18:59,15853,19176,,2021-02-21T23:59:00Z,15599873,646850,,540794,15534,319,,4832824,,,,153152,14895,,541220,,,,25,1262,7086,4862576,49929,4862576,,27,0,806beafb360f7426c11a1553d374908cf1f07e7d,0,0,0,0,0,
20210221,MA,569284,29640,4284944,,totalTestsViral,15549944,927,19176,234,,153,,477796,2/20/2021 23:59,2021-02-20T23:59:00Z,02/20 18:59,15826,19176,,2021-02-20T23:59:00Z,15549944,645482,,539644,15508,318,,4824588,,,,153152,14895,,539089,,,,25,1520,8716,4854228,87420,4854228,,47,0,d0a8045adc6f1f8f7bd8a3a35c50ac832c364c21,0,0,0,0,0,
20210220,MA,567764,29436,4276228,,totalTestsViral,15462524,970,19176,246,,152,,477796,2/19/2021 23:59,2021-02-19T23:59:00Z,02/19 18:59,15779,19176,,2021-02-19T23:59:00Z,15462524,643953,,538328,15462,317,,4814556,,,,153152,14895,,535624,,,,25,1970,9150,4843992,115002,4843992,,53,0,0e483059bfae0aea6bdedd886a486fe86b429c46,0,0,0,0,0,
20210219,MA,565794,29288,4267078,,totalTestsViral,15347522,990,19176,258,,163,,477796,2/18/2021 23:59,2021-02-18T23:59:00Z,02/18 18:59,15726,19176,,2021-02-18T23:59:00Z,15347522,641849,,536506,15409,317,,4803584,,,,153152,14895,,533272,,,,25,1818,8800,4832872,106656,4832872,,40,0,ec9e5a8b3937b35c87809c90407fb35720b0d925,0,0,0,0,0,
20210218,MA,563976,29149,4258278,,totalTestsViral,15240866,1029,19176,271,,173,,477796,2/17/2021 23:59,2021-02-17T23:59:00Z,02/17 18:59,15686,19176,,2021-02-17T23:59:00Z,15240866,639875,,534827,15373,313,,4793105,,,,153152,14895,,530569,,,,25,2040,8646,4822254,100002,4822254,,63,0,291c8c01abbf8e0ed5ede55b9f5e2bdeb1a4fb57,0,0,0,0,0,
20210217,MA,561936,28912,4249632,,totalTestsViral,15140864,1088,19176,273,,179,,453740,2/16/2021 23:59,2021-02-16T23:59:00Z,02/16 18:59,15623,19176,,2021-02-16T23:59:00Z,15140864,637799,,533024,15312,311,,4782656,,,,151476,14572,,527202,,,,25,1360,6666,4811568,82971,4811568,,56,317,e26ee63d7cfcbd52f8cad5883e4353c3ceb3c48b,0,0,0,0,0,
20210216,MA,560576,28874,4242966,,totalTestsViral,15057893,1096,18859,275,,177,,453740,2/15/2021 23:59,2021-02-15T23:59:00Z,02/15 18:59,15567,18859,,2021-02-15T23:59:00Z,15057893,636172,,531702,15257,310,,4774668,,,,151476,14572,,524006,,,,25,1226,5070,4803542,46488,4803542,,50,0,f71948284f01dd55cbc3513aa2cf7fd1ebbffc2f,0,0,0,0,0,
20210215,MA,559350,28615,4237896,,totalTestsViral,15011405,1107,18859,286,,174,,453740,2/14/2021 23:59,2021-02-14T23:59:00Z,02/14 18:59,15517,18859,,2021-02-14T23:59:00Z,15011405,634991,,530735,15208,309,,4768631,,,,151476,14572,,520326,,,,25,1573,8588,4797246,62852,4797246,,33,0,a3fa4209cfab52f95a835897bc43d9b7d5af033c,0,0,0,0,0,
20210214,MA,557777,28522,4229308,,totalTestsViral,14948553,1125,18859,290,,183,,453740,2/13/2021 23:59,2021-02-13T23:59:00Z,02/13 18:59,15484,18859,,2021-02-13T23:59:00Z,14948553,633210,,529255,15176,308,,4758563,,,,151476,14572,,518763,,,,25,1882,10250,4787085,110894,4787085,,60,0,731455d8093a123ccc9a29864af3769ff84e72b3,0,0,0,0,0,
20210213,MA,555895,28460,4219058,,totalTestsViral,14837659,1149,18859,291,,196,,453740,2/12/2021 23:59,2021-02-12T23:59:00Z,02/12 18:59,15424,18859,,2021-02-12T23:59:00Z,14837659,631088,,527435,15116,308,,4746493,,,,151476,14572,,516146,,,,25,2083,10085,4774953,99915,4774953,,66,0,0ceec244a9b00d4dfd100931714b4a0de2775e5e,0,0,0,0,0,
20210212,MA,553812,28326,4208973,,totalTestsViral,14737744,1223,18859,300,,180,,453740,2/11/2021 23:59,2021-02-11T23:59:00Z,02/11 18:59,15358,18859,,2021-02-11T23:59:00Z,14737744,628806,,525486,15051,307,,4734459,,,,151476,14572,,512923,,,,25,2416,10832,4762785,106107,4762785,,89,0,4618b8eb7385d25d4386c1ee88ce47975e3f7469,0,0,0,0,0,
20210211,MA,551396,28138,4198141,,totalTestsViral,14631637,1313,18859,304,,185,,453740,2/10/2021 23:59,2021-02-10T23:59:00Z,02/10 18:59,15269,18859,,2021-02-10T23:59:00Z,14631637,626284,,523258,14964,305,,4721399,,,,151476,14572,,509874,,,,25,2450,10634,4749537,110792,4749537,,62,0,a429b56e0bfededf8261e7e2fc40e8dc937ec4a6,0,0,0,0,0,
20210210,MA,548946,27901,4187507,,totalTestsViral,14520845,1358,18859,309,,183,,425717,2/9/2021 23:59,2021-02-09T23:59:00Z,02/09 18:59,15207,18859,,2021-02-09T23:59:00Z,14520845,623666,,521045,14903,304,,4708552,,,,149467,14275,,506940,,,,25,2050,9337,4736453,100271,4736453,,83,457,703fab25a556d455ac3254d6fdf1aeed7a3a9be3,0,0,0,0,0,
20210209,MA,546896,27771,4178170,,totalTestsViral,14420574,1401,18402,324,,191,,425717,2/8/2021 23:59,2021-02-08T23:59:00Z,02/08 18:59,15124,18402,,2021-02-08T23:59:00Z,14420574,621401,,519125,14821,303,,4697295,,,,149467,14275,,503752,,,,25,1593,5916,4725066,52112,4725066,,70,0,936a3df8e27bd8401bccbb240285722e898239e1,0,0,0,0,0,
20210208,MA,545303,27497,4172254,,totalTestsViral,14368462,1387,18402,329,,188,,425717,2/7/2021 23:59,2021-02-07T23:59:00Z,02/07 18:59,15054,18402,,2021-02-07T23:59:00Z,14368462,619858,,517806,14753,301,,4690060,,,,149467,14275,,500166,,,,25,1369,5777,4717557,42946,4717557,,55,0,839a65f863605483171de8681bf3bf7997a61f65,0,0,0,0,0,
20210207,MA,543934,27404,4166477,,totalTestsViral,14325516,1389,18402,318,,191,,425717,2/6/2021 23:59,2021-02-06T23:59:00Z,02/06 18:59,14999,18402,,2021-02-06T23:59:00Z,14325516,618310,,516530,14698,301,,4683007,,,,149467,14275,,497964,,,,25,3107,12364,4710411,113095,4710411,,78,0,e1adf6a8ce92433b20d678f02cd230af9d28fcc2,0,0,0,0,0,
20210206,MA,540827,27301,4154113,,totalTestsViral,14212421,1451,18402,310,,189,,425717,2/5/2021 23:59,2021-02-05T23:59:00Z,02/05 18:59,14921,18402,,2021-02-05T23:59:00Z,14212421,614847,,513526,14622,299,,4667639,,,,149467,14275,,496324,,,,25,3619,11850,4694940,129509,4694940,,62,0,8ed8a9cdb8db61fdad21679adff1595341251a08,0,0,0,0,0,
20210205,MA,537208,27060,4142263,,totalTestsViral,14082912,1503,18402,322,,196,,425717,2/4/2021 23:59,2021-02-04T23:59:00Z,02/04 18:59,14859,18402,,2021-02-04T23:59:00Z,14082912,610865,,510148,14563,296,,4652411,,,,149467,14275,,491939,,,,25,3287,12608,4679471,127468,4679471,,75,0,204995ce802737c46ed899773c5084cac34ee80d,0,0,0,0,0,
20210204,MA,533921,26755,4129655,,totalTestsViral,13955444,1554,18402,335,,208,,425717,2/3/2021 23:59,2021-02-03T23:59:00Z,02/03 18:59,14784,18402,,2021-02-03T23:59:00Z,13955444,607390,,507166,14489,295,,4636821,,,,149467,14275,,487573,,,,25,2804,8753,4663576,81286,4663576,,76,0,127f22226262f45cde4e04a63bd22377f22b9ec4,0,0,0,0,0,
20210203,MA,531117,26553,4120902,,totalTestsViral,13874158,1635,18402,335,,203,,389717,2/2/2021 23:59,2021-02-02T23:59:00Z,02/02 18:59,14708,18402,,2021-02-02T23:59:00Z,13874158,604434,,504564,14415,293,,4625466,,,,147875,13999,,484563,,,,25,2455,9229,4652019,91693,4652019,,56,394,cadfbf3f50d0060356dd831871754a2bb3ce50b4,0,0,0,0,0,
20210202,MA,528662,26284,4111673,,totalTestsViral,13782465,1631,18008,353,,224,,389717,2/1/2021 23:59,2021-02-01T23:59:00Z,02/01 18:59,14652,18008,,2021-02-01T23:59:00Z,13782465,601762,,502378,14362,290,,4614051,,,,147875,13999,,480992,,,,25,2239,8264,4640335,61265,4640335,,45,0,dd5890f1a29aa20da3ddcc7f1ef69bc9db6dabdf,0,0,0,0,0,
20210201,MA,526423,26008,4103409,,totalTestsViral,13721200,1676,18008,373,,222,,389717,1/31/2021 23:59,2021-01-31T23:59:00Z,01/31 18:59,14607,18008,,2021-01-31T23:59:00Z,13721200,599434,,500415,14317,290,,4603824,,,,147875,13999,,476976,,,,25,2398,11221,4629832,88302,4629832,,30,0,f043f0798e7bcb6eb1e63b5cfdd7e12b777c4c26,0,0,0,0,0,
20210131,MA,524025,25880,4092188,,totalTestsViral,13632898,1676,18008,371,,231,,389717,1/30/2021 23:59,2021-01-30T23:59:00Z,01/30 18:59,14577,18008,,2021-01-30T23:59:00Z,13632898,596510,,498145,14287,290,,4590333,,,,147875,13999,,475368,,,,25,2665,11888,4616213,93918,4616213,,46,0,fac6fb273d94a7c8571a71a86f1a361637bceca5,0,0,0,0,0,
20210130,MA,521360,25761,4080300,,totalTestsViral,13538980,1739,18008,393,,239,,389717,1/29/2021 23:59,2021-01-29T23:59:00Z,01/29 18:59,14531,18008,,2021-01-29T23:59:00Z,13538980,593486,,495599,14241,290,,4575899,,,,147875,13999,,473061,,,,25,4108,16445,4601660,143342,4601660,,87,0,e360c79ca9fe9402b8603ea8529588868931d61d,0,0,0,0,0,
20210129,MA,517252,25610,4063855,,totalTestsViral,13395638,1789,18008,412,,248,,389717,1/28/2021 23:59,2021-01-28T23:59:00Z,01/28 18:59,14444,18008,,2021-01-28T23:59:00Z,13395638,588725,,491642,14154,290,,4555497,,,,147875,13999,,470635,,,,25,3118,11705,4581107,86197,4581107,,96,0,93f4ac97a60e64100bb5f1d4ed2e10a40d08bdd4,0,0,0,0,0,
20210128,MA,514134,25273,4052150,,totalTestsViral,13309441,1878,18008,442,,255,,389717,1/27/2021 23:59,2021-01-27T23:59:00Z,01/27 18:59,14348,18008,,2021-01-27T23:59:00Z,13309441,585540,,488861,14056,292,,4541011,,,,147875,13999,,466795,,,,25,4631,15398,4566284,116963,4566284,,44,0,81aee8a587b51cd89a9a74f09160023acb0c840a,0,0,0,0,0,
20210127,MA,509503,24864,4036752,,totalTestsViral,13192478,1930,18008,418,,270,,354388,1/26/2021 23:59,2021-01-26T23:59:00Z,01/26 18:59,14304,18008,,2021-01-26T23:59:00Z,13192478,580673,,484639,14013,291,,4521391,,,,145958,13695,,461885,,,,25,3320,12377,4546255,96203,4546255,,84,452,23984af9cca20fb33fcedf652f8d67eaf0e244b7,0,0,0,0,0,
20210126,MA,506183,24566,4024375,,totalTestsViral,13096275,1951,17556,431,,278,,354388,1/25/2021 23:59,2021-01-25T23:59:00Z,01/25 18:59,14220,17556,,2021-01-25T23:59:00Z,13096275,576989,,481617,13930,290,,4505992,,,,145958,13695,,458143,,,,25,2495,9327,4530558,49701,4530558,,42,0,68a85d7a3f7cf32b042c3ccbba27d8762d351884,0,0,0,0,0,
20210125,MA,503688,24286,4015048,,totalTestsViral,13046574,1955,17556,418,,285,,354388,1/24/2021 23:59,2021-01-24T23:59:00Z,01/24 18:59,14178,17556,,2021-01-24T23:59:00Z,13046574,574385,,479402,13889,289,,4494450,,,,145958,13695,,455076,,,,25,3651,12888,4518736,78650,4518736,,45,0,4fea1c7ef75d1d53ba98598f25ef5092db5bb251,0,0,0,0,0,
20210124,MA,500037,24112,4002160,,totalTestsViral,12967924,1946,17556,409,,286,,354388,1/23/2021 23:59,2021-01-23T23:59:00Z,01/23 18:59,14133,17556,,2021-01-23T23:59:00Z,12967924,570238,,475925,13844,289,,4478085,,,,145958,13695,,453187,,,,25,3944,14051,4502197,101327,4502197,,69,0,4c8cf1734c630b1cc7f981400ce7643910499f21,0,0,0,0,0,
20210123,MA,496093,23918,3988109,,totalTestsViral,12866597,2055,17556,418,,291,,354388,1/22/2021 23:59,2021-01-22T23:59:00Z,01/22 18:59,14064,17556,,2021-01-22T23:59:00Z,12866597,565771,,472175,13777,287,,4460284,,,,145958,13695,,450046,,,,25,4641,15036,4484202,112391,4484202,,77,0,0590f9ec2b63666a6d2f158e25f87a70e532d829,0,0,0,0,0,
20210122,MA,491452,23607,3973073,,totalTestsViral,12754206,2098,17556,426,,282,,354388,1/21/2021 23:59,2021-01-21T23:59:00Z,01/21 18:59,13987,17556,,2021-01-21T23:59:00Z,12754206,560724,,467845,13702,285,,4440918,,,,145958,13695,,445881,,,,25,5272,16846,4464525,105768,4464525,,81,0,58a2c649810b8949d6344136f74260c1eb0de61c,0,0,0,0,0,
20210121,MA,486180,23270,3956227,,totalTestsViral,12648438,2152,17556,430,,287,,324203,1/20/2021 23:59,2021-01-20T23:59:00Z,01/20 18:59,13906,17556,,2021-01-20T23:59:00Z,12648438,555016,,462910,13622,284,,4419137,,,,143396,13369,,442175,,,,25,5140,16064,4442407,111726,4442407,,77,0,a5c4ee3ff51986293aed95924358d2edf11a8fe1,0,0,0,0,0,
20210120,MA,481040,22951,3940163,,totalTestsViral,12536712,2209,17556,444,,299,,324203,1/19/2021 23:59,2021-01-19T23:59:00Z,01/19 18:59,13829,17556,,2021-01-19T23:59:00Z,12536712,549371,,458089,13547,282,,4398252,,,,143396,13369,,437602,,,,25,4514,12926,4421203,82567,4421203,,80,447,b237e0393bdab3a9189d4c15c280318fa5830dcd,0,0,0,0,0,
20210119,MA,476526,22424,3927237,,totalTestsViral,12454145,2213,17109,432,,277,,324203,1/18/2021 23:59,2021-01-18T23:59:00Z,01/18 18:59,13749,17109,,2021-01-18T23:59:00Z,12454145,544670,,454102,13469,280,,4381339,,,,143396,13369,,432942,,,,25,3085,10908,4403763,55565,4403763,,44,0,3c25bc11fd834cd0ec80957a175d1afb64e51c30,0,0,0,0,0,
20210118,MA,473441,21906,3916329,,totalTestsViral,12398580,2206,17109,427,,288,,324203,1/17/2021 23:59,2021-01-17T23:59:00Z,01/17 18:59,13705,17109,,2021-01-17T23:59:00Z,12398580,541576,,451535,13424,281,,4367864,,,,143396,13369,,428059,,,,25,3301,10804,4389770,49917,4389770,,53,0,23073201b625a06b92aa69e50fd206fecac2e355,0,0,0,0,0,
20210117,MA,470140,21829,3905525,,totalTestsViral,12348663,2165,17109,433,,288,,324203,1/16/2021 23:59,2021-01-16T23:59:00Z,01/16 18:59,13652,17109,,2021-01-16T23:59:00Z,12348663,537842,,448311,13372,280,,4353836,,,,143396,13369,,427115,,,,25,4414,15477,4375665,89177,4375665,,69,0,67549f5035044f00723fff50d369d71460020a9e,0,0,0,0,0,
20210116,MA,465726,21698,3890048,,totalTestsViral,12259486,2197,17109,433,,294,,324203,1/15/2021 23:59,2021-01-15T23:59:00Z,01/15 18:59,13583,17109,,2021-01-15T23:59:00Z,12259486,532622,,444028,13305,278,,4334076,,,,143396,13369,,425322,,,,25,5799,19397,4355774,112120,4355774,,74,0,287350fe97c213e5c0ed95e492a1783368f8a2a1,0,0,0,0,0,
20210115,MA,459927,21556,3870651,,totalTestsViral,12147366,2201,17109,451,,293,,324203,1/14/2021 23:59,2021-01-14T23:59:00Z,01/14 18:59,13509,17109,,2021-01-14T23:59:00Z,12147366,526114,,438371,13231,278,,4309022,,,,143396,13369,,421870,,,,25,5525,16536,4330578,100968,4330578,,76,0,30464cfdff3b0f55cceb3c0d29980535cbc43b2b,0,0,0,0,0,
20210114,MA,454402,21105,3854115,,totalTestsViral,12046398,2226,17109,454,,294,,324203,1/13/2021 23:59,2021-01-13T23:59:00Z,01/13 18:59,13433,17109,,2021-01-13T23:59:00Z,12046398,520263,,433297,13156,277,,4287412,,,,143396,13369,,415649,,,,25,5955,16498,4308517,101413,4308517,,74,0,46803bb153aa51b830d9a2c2638626f52b00fbcd,0,0,0,0,0,
20210113,MA,448447,20695,3837617,,totalTestsViral,11944985,2200,17109,461,,286,,293522,1/12/2021 23:59,2021-01-12T23:59:00Z,01/12 18:59,13359,17109,,2021-01-12T23:59:00Z,11944985,513918,,427752,13082,277,,4265369,,,,141687,13123,,411710,,,,25,5918,15517,4286064,100276,4286064,,86,506,d6977a18064a43cb581a7773694f36239818a683,0,0,0,0,0,
20210112,MA,442529,20055,3822100,,totalTestsViral,11844709,2219,16603,451,,271,,293522,1/11/2021 23:59,2021-01-11T23:59:00Z,01/11 18:59,13273,16603,,2021-01-11T23:59:00Z,11844709,507881,,422474,12996,277,,4244574,,,,141687,13123,,406242,,,,25,5487,14061,4264629,69982,4264629,,67,0,247672dde9c895fe3dbcff816b49076dc9cace9b,0,0,0,0,0,
20210111,MA,437042,19474,3808039,,totalTestsViral,11774727,2211,16603,451,,285,,293522,1/10/2021 23:59,2021-01-10T23:59:00Z,01/10 18:59,13206,16603,,2021-01-10T23:59:00Z,11774727,502356,,417568,12929,277,,4225607,,,,141687,13123,,401034,,,,25,4251,12662,4245081,57414,4245081,,55,0,2df93bec4dc7a6bed0da2782e081bcc1fcd0d1be,0,0,0,0,0,
20210110,MA,432791,19462,3795377,,totalTestsViral,11717313,2225,16603,459,,282,,293522,1/9/2021 23:59,2021-01-09T23:59:00Z,01/09 18:59,13151,16603,,2021-01-09T23:59:00Z,11717313,497572,,413329,12875,276,,4208706,,,,141687,13123,,399660,,,,25,5656,14857,4228168,81754,4228168,,77,0,a9333b8f8fec16109b1ea0e3912c3674f81b02d0,0,0,0,0,0,
20210109,MA,427135,19202,3780520,,totalTestsViral,11635559,2291,16603,445,,280,,293522,1/8/2021 23:59,2021-01-08T23:59:00Z,01/08 18:59,13074,16603,,2021-01-08T23:59:00Z,11635559,491419,,407933,12798,276,,4188453,,,,141687,13123,,396117,,,,25,7414,18180,4207655,109793,4207655,,89,0,3e58109d085a06f8640f62b61be9a90f04ba9142,0,0,0,0,0,
20210108,MA,419721,18898,3762340,,totalTestsViral,11525766,2311,16603,440,,280,,293522,1/7/2021 23:59,2021-01-07T23:59:00Z,01/07 18:59,12985,16603,,2021-01-07T23:59:00Z,11525766,483506,,400823,12708,277,,4163163,,,,141687,13123,,392437,,,,25,8120,18874,4182061,108569,4182061,,76,0,b1a1ea0b08669b797837130523f707ec826b3996,0,0,0,0,0,
20210107,MA,411601,18413,3743466,,totalTestsViral,11417197,2386,16603,455,,277,,293522,1/6/2021 23:59,2021-01-06T23:59:00Z,01/06 18:59,12909,16603,,2021-01-06T23:59:00Z,11417197,474982,,393188,12634,275,,4136654,,,,141687,13123,,387433,,,,25,7548,18088,4155067,108412,4155067,,73,505,d4a001269c058a6c69f143ee190bbd00637e73de,0,0,0,0,0,
20210106,MA,404053,18001,3725378,,totalTestsViral,11308785,2416,16098,442,,281,,261672,1/5/2021 23:59,2021-01-05T23:59:00Z,01/05 18:59,12836,16098,,2021-01-05T23:59:00Z,11308785,467138,,386052,12563,273,,4111430,,,,140254,12915,,383427,,,,25,6851,15039,4129431,102573,4129431,,102,0,2ebd42774a3f42059463b1a7807b7606fc31aebd,0,0,0,0,0,
20210105,MA,397202,17569,3710339,,totalTestsViral,11206212,2428,16098,425,,264,,261672,1/4/2021 23:59,2021-01-04T23:59:00Z,01/04 18:59,12734,16098,,2021-01-04T23:59:00Z,11206212,459850,,379633,12464,270,,4089972,,,,140254,12915,,379103,,,,25,4634,11590,4107541,59718,4107541,,63,0,d84a8273997cb364fab26527d50b48f6e047db48,0,0,0,0,0,
20210104,MA,392568,17113,3698749,,totalTestsViral,11146494,2339,16098,423,,258,,261672,1/3/2021 23:59,2021-01-03T23:59:00Z,01/03 18:59,12671,16098,,2021-01-03T23:59:00Z,11146494,455201,,375455,12401,270,,4074204,,,,140254,12915,,374565,,,,25,4906,10838,4091317,55570,4091317,,61,0,52f83fad3b1c0f7d75485c946965888106f24efa,0,0,0,0,0,
20210103,MA,387662,16565,3687911,,totalTestsViral,11090924,2291,16098,416,,258,,261672,1/2/2021 23:59,2021-01-02T23:59:00Z,01/02 18:59,12610,16098,,2021-01-02T23:59:00Z,11090924,450251,,371097,12341,269,,4059008,,,,140254,12915,,370296,,,,25,3481,8542,4075573,44831,4075573,,108,0,8698f222a09cdca41f64f05f3e002362e6057bdf,0,0,0,0,0,
20210102,MA,384181,16194,3679369,,totalTestsViral,11046093,2280,16098,412,,246,,261672,1/1/2021 23:59,2021-01-01T23:59:00Z,01/01 18:59,12502,16098,,2021-01-01T23:59:00Z,11046093,446675,,367987,12236,266,,4047356,,,,140254,12915,,366370,,,,25,9003,21204,4063550,101394,4063550,,79,0,1c7be384a4461045f62532307ddf38fcb4752bf0,0,0,0,0,0,
20210101,MA,375178,15733,3658165,,totalTestsViral,10944699,2271,16098,417,,240,,261672,12/30/2020 23:59,2020-12-30T23:59:00Z,12/30 18:59,12423,16098,,2020-12-30T23:59:00Z,10944699,437155,,359445,12157,266,,4017610,,,,140254,12915,,360840,,,,25,0,0,4033343,0,4033343,,0,0,e2a47780ce3844f35fcbabe95d107f72edfc3a06,0,0,0,0,0,
20201231,MA,375178,15733,3658165,,totalTestsViral,10944699,2271,16098,417,,240,,261672,12/30/2020 23:59,2020-12-30T23:59:00Z,12/30 18:59,12423,16098,,2020-12-30T23:59:00Z,10944699,437155,,359445,12157,266,,4017610,,,,140254,12915,,360840,,,,25,7260,17397,4033343,95827,4033343,,85,193,6ab055ced31255863d6e5ac3e732f35849995f39,0,0,0,0,0,
20201230,MA,367918,15360,3640768,,totalTestsViral,10848872,2257,15905,433,,231,,229910,12/29/2020 23:59,2020-12-29T23:59:00Z,12/29 18:59,12338,15905,,2020-12-29T23:59:00Z,10848872,429346,,352558,12076,262,,3993326,,,,139022,12756,,356615,,,,25,6839,15115,4008686,86050,4008686,,120,0,885c2cb5114cf1be528b04664b369f0727606ab2,0,0,0,0,0,
20201229,MA,361079,14656,3625653,,totalTestsViral,10762822,2259,15905,431,,225,,229910,12/28/2020 23:59,2020-12-28T23:59:00Z,12/28 18:59,12218,15905,,2020-12-28T23:59:00Z,10762822,422263,,346423,11958,260,,3972076,,,,139022,12756,,349077,,,,25,4145,10993,3986732,49229,3986732,,60,0,5122807df1c33d5920d3fa4c42d0cdb5bb4c4901,0,0,0,0,0,
20201228,MA,356934,14170,3614660,,totalTestsViral,10713593,2230,15905,430,,234,,229910,12/27/2020 23:59,2020-12-27T23:59:00Z,12/27 18:59,12158,15905,,2020-12-27T23:59:00Z,10713593,418051,,342764,11900,258,,3957424,,,,139022,12756,,344885,,,,25,4198,10932,3971594,49772,3971594,,48,0,317e14b8218386249d0271f75651744bf1b641e3,0,0,0,0,0,
20201227,MA,352736,14032,3603728,,totalTestsViral,10663821,2156,15905,416,,230,,229910,12/26/2020 23:59,2020-12-26T23:59:00Z,12/26 18:59,12110,15905,,2020-12-26T23:59:00Z,10663821,413307,,338704,11852,258,,3942432,,,,139022,12756,,343468,,,,25,3134,8646,3956464,41331,3956464,,100,0,4e1d516b08594b06619eb49c54ab76998053668c,0,0,0,0,0,
20201226,MA,349602,13871,3595082,,totalTestsViral,10622490,2077,15905,416,,232,,229910,12/25/2020 23:59,2020-12-25T23:59:00Z,12/25 18:59,12010,15905,,2020-12-25T23:59:00Z,10622490,409908,,335731,11752,258,,3930813,,,,139022,12756,,340254,,,,25,7677,22818,3944684,108445,3944684,,47,0,e089dc9e9e76dcebf13355e4789098c4184fae22,0,0,0,0,0,
20201225,MA,341925,13618,3572264,,totalTestsViral,10514045,2095,15905,409,,232,,229910,12/23/2020 23:59,2020-12-23T23:59:00Z,12/23 18:59,11963,15905,,2020-12-23T23:59:00Z,10514045,401647,,328307,11706,257,,3900571,,,,139022,12756,,335800,,,,25,0,0,3914189,0,3914189,,0,0,e3a3b58c17a25c496afe46093ed6a947240a09cb,0,0,0,0,0,
20201224,MA,341925,13618,3572264,,totalTestsViral,10514045,2095,15905,409,,232,,229910,12/23/2020 23:59,2020-12-23T23:59:00Z,12/23 18:59,11963,15905,,2020-12-23T23:59:00Z,10514045,401647,,328307,11706,257,,3900571,,,,139022,12756,,335800,,,,25,5937,23429,3914189,114476,3914189,,76,533,9217c815e282602892fe3669f6564e7b8a09c48d,0,0,0,0,0,
20201223,MA,335988,13336,3548835,,totalTestsViral,10399569,2066,15372,409,,226,,206843,12/22/2020 23:59,2020-12-22T23:59:00Z,12/22 18:59,11887,15372,,2020-12-22T23:59:00Z,10399569,395232,,322652,11630,257,,3871487,,,,137188,12560,,331189,,,,25,4814,18551,3884823,97655,3884823,,83,0,265b36476ed46afc2c554e5dc95c501053cbd228,0,0,0,0,0,
20201222,MA,331174,13031,3530284,,totalTestsViral,10301914,2004,15372,412,,233,,206843,12/22/2020 23:59,2020-12-22T23:59:00Z,12/22 18:59,11804,15372,,2020-12-22T23:59:00Z,10301914,389326,,318143,11549,255,,3848427,,,,137188,12560,,327368,,,,25,3800,14749,3861458,62078,3861458,,45,0,bfb44a557b182bcca361d603b8633613a8189ce2,0,0,0,0,0,
20201221,MA,327374,12524,3515535,,totalTestsViral,10239836,1991,15372,410,,215,,206843,12/20/2020 23:59,2020-12-20T23:59:00Z,12/20 18:59,11759,15372,,2020-12-20T23:59:00Z,10239836,385357,,314850,11506,253,,3830385,,,,137188,12560,,322335,,,,25,3843,15289,3842909,61067,3842909,,42,0,d82abd03bf91ffb919fc4566488aac7597a200b6,0,0,0,0,0,
20201220,MA,323531,12441,3500246,,totalTestsViral,10178769,1919,15372,387,,205,,206843,12/19/2020 23:59,2020-12-19T23:59:00Z,12/19 18:59,11717,15372,,2020-12-19T23:59:00Z,10178769,380769,,311090,11465,252,,3811336,,,,137188,12560,,321267,,,,25,4261,16755,3823777,90789,3823777,,60,0,af7a63da65a075e14c4b47761267769024480add,0,0,0,0,0,
20201219,MA,319270,12342,3483491,,totalTestsViral,10087980,1927,15372,383,,196,,206843,12/18/2020 23:59,2020-12-18T23:59:00Z,12/18 18:59,11657,15372,,2020-12-18T23:59:00Z,10087980,375857,,306928,11405,252,,3790419,,,,137188,12560,,319467,,,,25,4344,13307,3802761,80214,3802761,,47,0,d7981d275bf3f8871a2c72b1be9f364e49bb490f,0,0,0,0,0,
20201218,MA,314926,11993,3470184,,totalTestsViral,10007766,1874,15372,370,,204,,206843,12/17/2020 23:59,2020-12-17T23:59:00Z,12/17 18:59,11610,15372,,2020-12-17T23:59:00Z,10007766,371377,,302933,11358,252,,3773117,,,,137188,12560,,315192,,,,25,5679,26296,3785110,106034,3785110,,52,0,47f0704a5dcc55a5811259d56ea7591f13813c36,0,0,0,0,0,
20201217,MA,309247,11946,3443888,,totalTestsViral,9901732,1871,15372,383,,207,,206843,12/16/2020 23:59,2020-12-16T23:59:00Z,12/16 18:59,11558,15372,,2020-12-16T23:59:00Z,9901732,364785,,297301,11305,253,,3741189,,,,137188,12560,,312716,,,,25,5135,19121,3753135,92627,3753135,,45,549,0598fc7c6c207d43f20315f6425ef898f26a8080,0,0,0,0,0,
20201216,MA,304112,11796,3424767,,totalTestsViral,9809105,1851,14823,382,,205,,187221,12/15/2020 23:59,2020-12-15T23:59:00Z,12/15 18:59,11513,14823,,2020-12-15T23:59:00Z,9809105,358906,,292316,11261,252,,3717083,,,,135208,12349,,309136,,,,25,5952,22774,3728879,124172,3728879,,70,0,b27accf488afac7b406632beffb6b6dc12d7c0c6,0,0,0,0,0,
20201215,MA,298160,11294,3401993,,totalTestsViral,9684933,1834,14823,371,,200,,187221,12/14/2020 23:59,2020-12-14T23:59:00Z,12/14 18:59,11443,14823,,2020-12-14T23:59:00Z,9684933,352414,,286866,11190,253,,3688859,,,,135208,12349,,303783,,,,25,3929,15615,3700153,61236,3700153,,55,0,c5c6e9a9583a396b732e8931d51f240619cba64c,0,0,0,0,0,
20201214,MA,294231,11085,3386378,,totalTestsViral,9623697,1788,14823,354,,186,,187221,12/13/2020 23:59,2020-12-13T23:59:00Z,12/13 18:59,11388,14823,,2020-12-13T23:59:00Z,9623697,348122,,283146,11135,253,,3669524,,,,135208,12349,,300791,,,,25,3653,13604,3680609,56122,3680609,,39,0,367a1cc9223990a23cb368f13f85f9f59269b842,0,0,0,0,0,
20201213,MA,290578,11004,3372774,,totalTestsViral,9567575,1707,14823,342,,178,,187221,12/12/2020 23:59,2020-12-12T23:59:00Z,12/12 18:59,11349,14823,,2020-12-12T23:59:00Z,9567575,343992,,279574,11098,251,,3652348,,,,135208,12349,,299450,,,,25,4853,17751,3663352,90256,3663352,,42,0,daf4fb451e1bb00b16aabdda2ce8d42058d18261,0,0,0,0,0,
20201212,MA,285725,10828,3355023,,totalTestsViral,9477319,1670,14823,334,,170,,187221,12/11/2020 23:59,2020-12-11T23:59:00Z,12/11 18:59,11307,14823,,2020-12-11T23:59:00Z,9477319,338478,,274897,11057,250,,3629920,,,,135208,12349,,296649,,,,25,5289,18691,3640748,99719,3640748,,50,0,d3e1a465d95f8a3999b02b3f6cdeeac90ed8cd68,0,0,0,0,0,
20201211,MA,280436,10507,3336332,,totalTestsViral,9377600,1605,14823,309,,165,,187221,12/10/2020 23:59,2020-12-10T23:59:00Z,12/10 18:59,11257,14823,,2020-12-10T23:59:00Z,9377600,332659,,269929,11010,247,,3606261,,,,135208,12349,,293014,,,,25,5655,20945,3616768,99181,3616768,,48,0,73bcdeebfa3c8c1e2ff32fb77378bef12c9ce592,0,0,0,0,0,
20201210,MA,274781,10327,3315387,,totalTestsViral,9278419,1607,14823,307,,168,,187221,12/9/2020 23:59,2020-12-09T23:59:00Z,12/09 18:59,11209,14823,,2020-12-09T23:59:00Z,9278419,326430,,264454,10963,246,,3579841,,,,135208,12349,,290670,,,,25,5369,18354,3590168,97353,3590168,,43,426,b360bbb5ae45669be0e5f66f750120258ac58d33,0,0,0,0,0,
20201209,MA,269412,10088,3297033,,totalTestsViral,9181066,1576,14397,308,,162,,169809,12/8/2020 23:59,2020-12-08T23:59:00Z,12/08 18:59,11166,14397,,2020-12-08T23:59:00Z,9181066,320562,,259324,10922,244,,3556357,,,,133429,12193,,287469,,,,25,5965,20316,3566445,109009,3566445,,90,0,d68b205ec82023a4c025140d2414078376ebe4c7,0,0,0,0,0,
20201208,MA,263447,9798,3276717,,totalTestsViral,9072057,1552,14397,310,,166,,169809,12/7/2020 23:59,2020-12-07T23:59:00Z,12/07 18:59,11076,14397,,2020-12-07T23:59:00Z,9072057,313988,,253649,10833,243,,3530366,,,,133429,12193,,284946,,,,25,4122,14946,3540164,58501,3540164,,41,0,a4470049b7c4e4c5d461ca741c000292df73b6de,0,0,0,0,0,
20201207,MA,259325,9303,3261771,,totalTestsViral,9013556,1516,14397,302,,153,,169809,12/6/2020 23:59,2020-12-06T23:59:00Z,12/06 18:59,11035,14397,,2020-12-06T23:59:00Z,9013556,309976,,250022,10793,242,,3511793,,,,133429,12193,,280896,,,,25,2481,11043,3521096,43304,3521096,,31,0,a219003b67d7484a0d570db4a39cc7b658bbe176,0,0,0,0,0,
20201206,MA,256844,9285,3250728,,totalTestsViral,8970252,1416,14397,298,,139,,169809,12/5/2020 23:59,2020-12-05T23:59:00Z,12/05 18:59,11004,14397,,2020-12-05T23:59:00Z,8970252,307148,,247559,10763,241,,3498287,,,,133429,12193,,280427,,,,25,4827,19821,3507572,89439,3507572,,51,0,3bc046d40ee17c81b428b88d2c6b09e4a793249e,0,0,0,0,0,
20201205,MA,252017,9205,3230907,,totalTestsViral,8880813,1428,14397,283,,138,,169809,12/4/2020 23:59,2020-12-04T23:59:00Z,12/04 18:59,10953,14397,,2020-12-04T23:59:00Z,8880813,301751,,242812,10715,238,,3473719,,,,133429,12193,,279060,,,,25,5619,22950,3482924,106116,3482924,,43,0,c9809490ce4d22fba90877980cd888c62d492470,0,0,0,0,0,
20201204,MA,246398,8942,3207957,,totalTestsViral,8774697,1394,14397,278,,134,,169809,12/3/2020 23:59,2020-12-03T23:59:00Z,12/03 18:59,10910,14397,,2020-12-03T23:59:00Z,8774697,295839,,237456,10674,236,,3445413,,,,133429,12193,,275819,,,,25,5491,21018,3454355,96701,3454355,,36,0,d4aa6807952e9cd8fc04af0e1c2e806d0038583a,0,0,0,0,0,
20201203,MA,240907,8643,3186939,,totalTestsViral,8677996,1324,14397,261,,137,,169809,12/2/2020 23:59,2020-12-02T23:59:00Z,12/02 18:59,10874,14397,,2020-12-02T23:59:00Z,8677996,289972,,232264,10637,237,,3419203,,,,133429,12193,,272797,,,,25,6675,25748,3427846,111734,3427846,,50,258,71e1e52054e7f557dbadad6b723788eaec389ffc,0,0,0,0,0,
20201202,MA,234232,8445,3161191,,totalTestsViral,8566262,1259,14139,264,,126,,155473,12/1/2020 23:59,2020-12-01T23:59:00Z,12/01 18:59,10824,14139,,2020-12-01T23:59:00Z,8566262,282607,,225787,10588,236,,3386978,,,,132492,12130,,270281,,,,25,5027,18695,3395423,105845,3395423,,46,0,ed05e2f84b74321be8274ab2e9b0bc5940701520,0,0,0,0,0,
20201201,MA,229205,8031,3142496,,totalTestsViral,8460417,1191,14139,239,,130,,155473,11/30/2020 23:59,2020-11-30T23:59:00Z,11/30 18:59,10778,14139,,2020-11-30T23:59:00Z,8460417,277245,,221174,10542,236,,3363670,,,,132492,12130,,265989,,,,25,3073,15282,3371701,59833,3371701,,30,0,750fd04fc3760c657f448aa74999731abc77b37b,0,0,0,0,0,
20201130,MA,226132,7803,3127214,,totalTestsViral,8400584,1174,14139,244,,126,,155473,11/30/2020 11:59,2020-11-30T11:59:00Z,11/30 06:59,10748,14139,,2020-11-30T11:59:00Z,8400584,274046,,218329,10512,236,,3345543,,,,132492,12130,,262710,,,,25,1168,6491,3353346,29194,3353346,,26,0,61879160a35006940cc2ddcabd90615051cf6885,0,0,0,0,0,
20201129,MA,224964,7801,3120723,,totalTestsViral,8371390,1081,14139,238,,110,,155473,11/28/2020 11:59,2020-11-28T11:59:00Z,11/28 06:59,10722,14139,,2020-11-28T11:59:00Z,8371390,272685,,217163,10487,235,,3337886,,,,132492,12130,,262332,,,,25,2495,15758,3345687,48685,3345687,,46,0,24d7623a07a6d5c89ab6ab34211a37077024a2ee,0,0,0,0,0,
20201128,MA,222469,7807,3104965,,totalTestsViral,8322705,1045,14139,225,,111,,155473,11/28/2020 08:00,2020-11-28T08:00:00Z,11/28 03:00,10676,14139,,2020-11-28T08:00:00Z,8322705,269851,,214662,10441,235,,3319627,,,,132492,12130,,261693,,,,25,3217,15037,3327434,72269,3327434,,41,0,9c625c5392c375242f01ade5b10bc6b8d5a2ec60,0,0,0,0,0,
20201127,MA,219252,7504,3089928,,totalTestsViral,8250436,986,14139,209,,109,,155473,11/27/2020 08:00,2020-11-27T08:00:00Z,11/27 03:00,10635,14139,,2020-11-27T08:00:00Z,8250436,266566,,211748,10401,234,,3301676,,,,132492,12130,,257397,,,,25,4658,29113,3309180,119742,3309180,,31,322,a98f73c52613bcff7a6f56c7d61cb735bbfd8e4b,0,0,0,0,0,
20201126,MA,214594,7310,3060815,,totalTestsViral,8130694,942,13817,208,,108,,145682,11/25/2020 08:00,2020-11-25T08:00:00Z,11/25 03:00,10604,13817,,2020-11-25T08:00:00Z,8130694,261393,,207284,10372,232,,3268099,,,,130696,12007,,254007,,,,25,0,0,3275409,0,3275409,,0,0,fb50e5d25abb894e4db768c777cfcde94ec39a7e,0,0,0,0,0,
20201125,MA,214594,7310,3060815,,totalTestsViral,8130694,942,13817,208,,108,,145682,11/25/2020 08:00,2020-11-25T08:00:00Z,11/25 03:00,10604,13817,,2020-11-25T08:00:00Z,8130694,261393,,207284,10372,232,,3268099,,,,130696,12007,,254007,,,,25,3395,26441,3275409,129833,3275409,,53,0,371852afccc00bf4e1172d5357b904be153fd4ce,0,0,0,0,0,
20201124,MA,211199,7139,3034374,,totalTestsViral,8000861,954,13817,205,,99,,145682,11/24/2020 08:00,2020-11-24T08:00:00Z,11/24 03:00,10551,13817,,2020-11-24T08:00:00Z,8000861,257495,,204060,10319,232,,3238434,,,,130696,12007,,250995,,,,25,2576,20409,3245573,80819,3245573,,20,0,512d96e9fba9cbe06047f78878545e5d27a8b849,0,0,0,0,0,
20201123,MA,208623,6788,3013965,,totalTestsViral,7920042,922,13817,204,,91,,145682,11/23/2020 08:00,2020-11-23T08:00:00Z,11/23 03:00,10531,13817,,2020-11-23T08:00:00Z,7920042,254878,,201835,10299,232,,3215800,,,,130696,12007,,245501,,,,25,1773,13760,3222588,52280,3222588,,19,0,cb0703345123006c887a0e1ff04ca2f3fa20f3fb,0,0,0,0,0,
20201122,MA,206850,6800,3000205,,totalTestsViral,7867762,893,13817,192,,88,,145682,11/22/2020 08:00,2020-11-22T08:00:00Z,11/22 03:00,10512,13817,,2020-11-22T08:00:00Z,7867762,252791,,200050,10281,231,,3200255,,,,130696,12007,,244860,,,,25,2695,23189,3207055,110280,3207055,,24,0,6f6e44c2b8b0bb2012d9e0fe0483d70bcbb086f2,0,0,0,0,0,
20201121,MA,204155,6826,2977016,,totalTestsViral,7757482,891,13817,187,,85,,145682,11/21/2020 08:00,2020-11-21T08:00:00Z,11/21 03:00,10488,13817,,2020-11-21T08:00:00Z,7757482,249489,,197329,10257,231,,3174345,,,,130696,12007,,244122,,,,25,3206,29568,3181171,109239,3181171,,19,0,bddcfdcf6b735d59fe06a35b2de0ec6f5f87a861,0,0,0,0,0,
20201120,MA,200949,6611,2947448,,totalTestsViral,7648243,904,13817,179,,75,,145682,11/20/2020 08:00,2020-11-20T08:00:00Z,11/20 03:00,10469,13817,,2020-11-20T08:00:00Z,7648243,245981,,194338,10238,231,,3141786,,,,130696,12007,,240068,,,,25,2399,22590,3148397,71269,3148397,,34,0,a098b8613fb30f8c43fe2ce8ed94242cd6b97637,0,0,0,0,0,
20201119,MA,198550,6500,2924858,,totalTestsViral,7576974,917,13817,181,,75,,145682,11/19/2020 08:00,2020-11-19T08:00:00Z,11/19 03:00,10435,13817,,2020-11-19T08:00:00Z,7576974,243281,,192050,10204,231,,3116908,,,,130696,12007,,237534,,,,25,2682,19418,3123408,92139,3123408,,28,229,635f8895fb5a1d9308ed1f9256aae946bb060108,0,0,0,0,0,
20201118,MA,195868,6350,2905440,,totalTestsViral,7484835,885,13588,173,,72,,137422,11/18/2020 08:00,2020-11-18T08:00:00Z,11/18 03:00,10407,13588,,2020-11-18T08:00:00Z,7484835,240381,,189518,10177,230,,3094958,,,,129352,11910,,234128,,,,25,2904,20318,3101308,97636,3101308,,47,0,247568054fc243e5e061ef0b3739982b0e90e2f9,0,0,0,0,0,
20201117,MA,192964,6190,2885122,,totalTestsViral,7387199,835,13588,159,,73,,137422,11/17/2020 08:00,2020-11-17T08:00:00Z,11/17 03:00,10360,13588,,2020-11-17T08:00:00Z,7387199,237174,,186774,10130,230,,3071896,,,,129352,11910,,229932,,,,25,2525,15480,3078086,65468,3078086,,20,0,232b5860c4051f0920c7ec450e77829d661dd375,0,0,0,0,0,
20201116,MA,190439,5928,2869642,,totalTestsViral,7321731,781,13588,159,,74,,137422,11/16/2020 08:00,2020-11-16T08:00:00Z,11/16 03:00,10340,13588,,2020-11-16T08:00:00Z,7321731,234611,,184511,10110,230,,3054153,,,,129352,11910,,225360,,,,25,2164,14993,3060081,53265,3060081,,11,0,69706212ed64dc3f690778f725e190022b94d9d9,0,0,0,0,0,
20201115,MA,188275,5731,2854649,,totalTestsViral,7268466,737,13588,159,,70,,137422,11/15/2020 08:00,2020-11-15T08:00:00Z,11/15 03:00,10329,13588,,2020-11-15T08:00:00Z,7268466,232360,,182544,10098,231,,3037193,,,,129352,11910,,222261,,,,25,2133,16064,3042924,71371,3042924,,36,0,9dd6684f0a74d6cd72cdaeee103efa755f323819,0,0,0,0,0,
20201114,MA,186142,5674,2838585,,totalTestsViral,7197095,705,13588,151,,71,,137422,11/14/2020 08:00,2020-11-14T08:00:00Z,11/14 03:00,10293,13588,,2020-11-14T08:00:00Z,7197095,229868,,180468,10065,228,,3019053,,,,129352,11910,,221431,,,,25,3047,24951,3024727,111066,3024727,,28,0,f0b8e7f67843c44964418d55d6af6feae4180987,0,0,0,0,0,
20201113,MA,183095,5468,2813634,,totalTestsViral,7086029,687,13588,153,,71,,137422,11/13/2020 08:00,2020-11-13T08:00:00Z,11/13 03:00,10265,13588,,2020-11-13T08:00:00Z,7086029,226622,,177627,10038,227,,2991261,,,,129352,11910,,218466,,,,25,2906,19212,2996729,81305,2996729,,23,0,2259891b3b116d58d6858dbdb3424efe2c57cc26,0,0,0,0,0,
20201112,MA,180189,5236,2794422,,totalTestsViral,7004724,661,13588,151,,68,,137422,11/12/2020 08:00,2020-11-12T08:00:00Z,11/12 03:00,10242,13588,,2020-11-12T08:00:00Z,7004724,223573,,174953,10015,227,,2969375,,,,128053,11842,,213220,,,,25,2648,19249,2974611,98075,2974611,,20,215,44f6edbc9fe6473fafb7b939145765cb32429616,0,0,0,0,0,
20201111,MA,177541,5070,2775173,,totalTestsViral,6906649,659,13373,152,,72,,131646,11/11/2020 08:00,2020-11-11T08:00:00Z,11/11 03:00,10222,13373,,2020-11-11T08:00:00Z,6906649,220852,,172471,9994,228,,2947644,,,,128053,11842,,210771,,,,25,2660,17957,2952714,80321,2952714,,38,0,6f1748bdc153b9068abfebc6f75e9d9b5ee514be,0,0,0,0,0,
20201110,MA,174881,4905,2757216,,totalTestsViral,6826328,618,13373,150,,68,,131646,11/10/2020 08:00,2020-11-10T08:00:00Z,11/10 03:00,10184,13373,,2020-11-10T08:00:00Z,6826328,217992,,169976,9957,227,,2927192,,,,128053,11842,,207947,,,,25,2154,13697,2932097,58341,2932097,,21,0,92d2c2fede75440953258681b1a83fce0dc7bdeb,0,0,0,0,0,
20201109,MA,172727,4798,2743519,,totalTestsViral,6767987,588,13373,143,,66,,131646,11/9/2020 08:00,2020-11-09T08:00:00Z,11/09 03:00,10163,13373,,2020-11-09T08:00:00Z,6767987,215662,,167929,9936,227,,2911448,,,,128053,11842,,205541,,,,25,1328,12998,2916246,47461,2916246,,14,0,361423c56d6feb9a393e2e3fe8cc61cb22612ed4,0,0,0,0,0,
20201108,MA,171399,4654,2730521,,totalTestsViral,6720526,568,13373,144,,62,,131646,11/8/2020 08:00,2020-11-08T08:00:00Z,11/08 03:00,10149,13373,,2020-11-08T08:00:00Z,6720526,214280,,166745,9923,226,,2897266,,,,128053,11842,,203073,,,,25,1823,18330,2901920,80572,2901920,,20,0,a4b9220c1c1de7dbfff3e218a14ff078d6f0ed02,0,0,0,0,0,
20201107,MA,169576,4640,2712191,,totalTestsViral,6639954,535,13373,127,,60,,131646,11/7/2020 08:00,2020-11-07T08:00:00Z,11/07 03:00,10129,13373,,2020-11-07T08:00:00Z,6639954,212158,,164936,9903,226,,2877127,,,,128053,11842,,202372,,,,25,2302,21606,2881767,92286,2881767,,23,0,6a4ee35388d5a2022ea7dd687b1cbcd408ee74d8,0,0,0,0,0,
20201106,MA,167274,4538,2690585,,totalTestsViral,6547668,513,13373,118,,57,,131646,11/6/2020 08:00,2020-11-06T08:00:00Z,11/06 03:00,10106,13373,,2020-11-06T08:00:00Z,6547668,209659,,162736,9880,226,,2853321,,,,128053,11842,,200056,,,,25,2113,18652,2857859,86357,2857859,,21,0,dcf833160bd48ffb9c319873d9d7caec2f3c3b25,0,0,0,0,0,
20201105,MA,165161,4463,2671933,,totalTestsViral,6461311,498,13373,115,,56,,131646,11/5/2020 08:00,2020-11-05T08:00:00Z,11/05 03:00,10085,13373,,2020-11-05T08:00:00Z,6461311,207306,,160698,9859,226,,2832631,,,,127372,,,197543,,,,25,1862,22693,2837094,86359,2837094,,23,74,3290eb33a33e0d737ac6a5b06feb8004ef8cc1d5,0,0,0,0,0,
20201104,MA,163299,4362,2649240,,totalTestsViral,6374952,502,13299,109,,55,,127054,11/4/2020 08:00,2020-11-04T08:00:00Z,11/04 03:00,10062,13299,,2020-11-04T08:00:00Z,6374952,205314,,158937,9836,226,,2808177,,,,127372,,,195447,,,,25,1714,20388,2812539,103066,2812539,,27,0,bc4acb855d77a1cd975e953ebeec19e1877938c1,0,0,0,0,0,
20201103,MA,161585,4277,2628852,,totalTestsViral,6271886,485,13299,96,,51,,127054,11/3/2020 08:00,2020-11-03T08:00:00Z,11/03 03:00,10035,13299,,2020-11-03T08:00:00Z,6271886,203311,,157308,9809,226,,2786160,,,,127372,,,193148,,,,25,1036,13154,2790437,54843,2790437,,12,0,0de7f7246447952618d5f30e574b781e7feb3aca,0,0,0,0,0,
20201102,MA,160549,4164,2615698,,totalTestsViral,6217043,469,13299,96,,50,,127054,11/2/2020 08:00,2020-11-02T08:00:00Z,11/02 03:00,10023,13299,,2020-11-02T08:00:00Z,6217043,202224,,156385,9797,226,,2772083,,,,127372,,,190746,,,,25,842,13311,2776247,51419,2776247,,10,0,a46a3bf36055528f4a7bd9a72f387c0d3c59c4b3,0,0,0,0,0,
20201101,MA,159707,4047,2602387,,totalTestsViral,6165624,613,13299,113,,55,,127054,11/1/2020 08:00,2020-11-01T08:00:00Z,11/01 03:00,10013,13299,,2020-11-01T08:00:00Z,6165624,201330,,155660,9788,225,,2758047,,,,127372,,,188181,,,,25,1131,15585,2762094,62463,2762094,,22,13,99a0a2fcf6ef7c5fe52bdf0abfc55668fd4106af,0,0,0,0,0,
20201031,MA,158576,4055,2586802,,totalTestsViral,6103161,623,13286,118,,53,,127054,10/31/2020 08:00,2020-10-31T08:00:00Z,10/31 04:00,9991,13286,,2020-10-31T08:00:00Z,6103161,199991,,154521,9766,225,,2741323,,,,127219,,,187483,,,,25,1430,16830,2745378,93234,2745378,,16,33,d2fd64b35b8f7fb6daa84c35e31e01e4c0570a3d,0,0,0,0,0,
20201030,MA,157146,3917,2569972,,totalTestsViral,6009927,571,13253,106,,47,,127054,10/30/2020 08:00,2020-10-30T08:00:00Z,10/30 04:00,9975,13253,,2020-10-30T08:00:00Z,6009927,198485,,153229,9750,225,,2723201,,,,127016,,,184974,,,,25,1582,18760,2727118,78604,2727118,,24,18,977afe58db8a251e6195cbb379aa26ffef6970ee,0,0,0,0,0,
20201029,MA,155564,3823,2551212,,totalTestsViral,5931323,561,13235,99,,49,,127054,10/29/2020 08:00,2020-10-29T08:00:00Z,10/29 04:00,9951,13235,,2020-10-29T08:00:00Z,5931323,196751,,151741,9727,224,,2702953,,,,126754,,,183029,,,,25,1346,17090,2706776,65752,2706776,,27,22,2864ea71fff6f26076a9f11de86dc2c4cbf02246,0,0,0,0,0,
20201028,MA,154218,3720,2534122,,totalTestsViral,5865571,582,13213,106,,49,,122856,10/28/2020 08:00,2020-10-28T08:00:00Z,10/28 04:00,9924,13213,,2020-10-28T08:00:00Z,5865571,195310,,150498,9700,224,,2684620,,,,126476,,,180772,,,,25,1181,17508,2688340,84340,2688340,,36,53,a2357d8735d24bec2e114d75b2c170cfe2395182,0,0,0,0,0,
20201027,MA,153037,3676,2516614,,totalTestsViral,5781231,567,13160,109,,47,,122856,10/27/2020 08:00,2020-10-27T08:00:00Z,10/27 04:00,9888,13160,,2020-10-27T08:00:00Z,5781231,193911,,149361,9664,224,,2665975,,,,126155,,,178728,,,,25,1260,12702,2669651,57358,2669651,,7,0,73c2252c63c1c8ee4cdccb2c0a4f99b7b704a64c,0,0,0,0,0,
20201026,MA,151777,3441,2503912,,totalTestsViral,5723873,550,13160,105,,43,,122856,10/26/2020 08:00,2020-10-26T08:00:00Z,10/26 04:00,9881,13160,,2020-10-26T08:00:00Z,5723873,192778,,148336,9657,224,,2652248,,,,125973,,,174754,,,,25,1212,18870,2655689,55858,2655689,,17,18,84ffe806393a975bf160fc368da053201cf9d496,0,0,0,0,0,
20201025,MA,150565,3445,2485042,,totalTestsViral,5668015,538,13142,109,,45,,122856,10/25/2020 08:00,2020-10-25T08:00:00Z,10/25 04:00,9864,13142,,2020-10-25T08:00:00Z,5668015,191267,,147120,9640,224,,2632162,,,,125829,,,174264,,,,25,1077,15923,2635607,82846,2635607,,25,16,696b60465ebddb1c0d66a9ad5a8ba63c51fdff21,0,0,0,0,0,
20201024,MA,149488,3465,2469119,,totalTestsViral,5585169,551,13126,114,,45,,122856,10/24/2020 08:00,2020-10-24T08:00:00Z,10/24 04:00,9839,13126,,2020-10-24T08:00:00Z,5585169,189918,,146023,9616,223,,2615142,,,,125639,,,173868,,,,25,1203,18040,2618607,70021,2618607,,9,20,8d64db7dbe5cd3022b20d14baa44d43f53c7fbbd,0,0,0,0,0,
20201023,MA,148285,3390,2451079,,totalTestsViral,5515148,570,13106,125,,43,,122856,10/23/2020 08:00,2020-10-23T08:00:00Z,10/23 04:00,9830,13106,,2020-10-23T08:00:00Z,5515148,188566,,144895,9608,222,,2595974,,,,125399,,,171903,,,,25,1070,14793,2599364,74082,2599364,,20,24,10426bcac5b7f74837c02a4dd96aa37894499ae6,0,0,0,0,0,
20201022,MA,147215,3288,2436286,,totalTestsViral,5441066,521,13082,103,,38,,122856,10/22/2020 08:00,2020-10-22T08:00:00Z,10/22 04:00,9810,13082,,2020-10-22T08:00:00Z,5441066,187420,,143927,9589,221,,2580213,,,,125118,,,169922,,,,25,1049,16980,2583501,74672,2583501,,30,26,f6cffb9605565eaae1647d6b1e9ca0a5d4ff6237,0,0,0,0,0,
20201021,MA,146166,3225,2419306,,totalTestsViral,5366394,519,13056,91,,36,,118892,10/21/2020 08:00,2020-10-21T08:00:00Z,10/21 04:00,9780,13056,,2020-10-21T08:00:00Z,5366394,186257,,142941,9559,221,,2562247,,,,124834,,,168123,,,,25,702,12076,2565472,60353,2565472,,22,35,1b40155fabced1310b575de4880ca1db26165236,0,0,0,0,0,
20201020,MA,145464,3169,2407230,,totalTestsViral,5306041,517,13021,94,,35,,118892,10/20/2020 08:00,2020-10-20T08:00:00Z,10/20 04:00,9758,13021,,2020-10-20T08:00:00Z,5306041,185451,,142295,9537,221,,2549525,,,,124711,,,166394,,,,25,976,16417,2552694,66390,2552694,,5,12,d1d0ea181ebdda2cf39055955ce7a45c6b0bbc98,0,0,0,0,0,
20201019,MA,144488,3014,2390813,,totalTestsViral,5239651,500,13009,86,,33,,118892,10/19/2020 08:00,2020-10-19T08:00:00Z,10/19 04:00,9753,13009,,2020-10-19T08:00:00Z,5239651,184514,,141474,9532,221,,2532287,,,,124340,,,162655,,,,25,828,16827,2535301,70708,2535301,,16,8,3001b648659ff8333bb98551c93a39c416c1addf,0,0,0,0,0,
20201018,MA,143660,3013,2373986,,totalTestsViral,5168943,483,13001,83,,32,,118892,10/18/2020 08:00,2020-10-18T08:00:00Z,10/18 04:00,9737,13001,,2020-10-18T08:00:00Z,5168943,183400,,140647,9517,220,,2514633,,,,124154,,,162157,,,,25,730,14844,2517646,80146,2517646,,14,11,6170f0b8b00573ad7d37fe2236a120856f09fa7f,0,0,0,0,0,
20201017,MA,142930,3027,2359142,,totalTestsViral,5088797,500,12990,88,,36,,118892,10/17/2020 08:00,2020-10-17T08:00:00Z,10/17 04:00,9723,12990,,2020-10-17T08:00:00Z,5088797,182472,,139903,9503,220,,2499045,,,,123968,,,161945,,,,25,584,11845,2502072,75834,2502072,,21,19,f7b102cd699423aacb1d8eaf8a6ac168edf69360,0,0,0,0,0,
20201016,MA,142346,2993,2347297,,totalTestsViral,5012963,513,12971,77,,33,,118892,10/16/2020 08:00,2020-10-16T08:00:00Z,10/16 04:00,9702,12971,,2020-10-16T08:00:00Z,5012963,181769,,139353,9482,220,,2486650,,,,123893,,,160204,,,,25,767,14260,2489643,57641,2489643,,30,25,c5668758d4901cda17a2c4fc487886d29462655f,0,0,0,0,0,
20201015,MA,141579,2928,2333037,,totalTestsViral,4955322,503,12946,92,,34,,118892,10/15/2020 08:00,2020-10-15T08:00:00Z,10/15 04:00,9672,12946,,2020-10-15T08:00:00Z,4955322,180913,,138651,9452,220,,2471688,,,,123572,,,157165,,,,25,587,14169,2474616,59123,2474616,,25,13,d5beedde28ebbce0c311d23d5121f3a7581cd3b3,0,0,0,0,0,
20201014,MA,140992,2909,2318868,,totalTestsViral,4896199,499,12933,88,,28,,118892,10/14/2020 08:00,2020-10-14T08:00:00Z,10/14 04:00,9647,12933,,2020-10-14T08:00:00Z,4896199,180226,,138083,9429,218,,2456951,,,,123336,,,156556,,,,25,580,12539,2459860,38684,2459860,,17,34,8bbb45c53a5c7314cb8bcf2ea43033819cccc64f,0,0,0,0,0,
20201013,MA,140412,2847,2306329,,totalTestsViral,4857515,514,12899,87,,27,,116364,10/13/2020 08:00,2020-10-13T08:00:00Z,10/13 04:00,9630,12899,,2020-10-13T08:00:00Z,4857515,179559,,137565,9413,217,,2443894,,,,123089,,,154194,,,,25,749,13112,2446741,42116,2446741,,13,17,9ff5ff89c0e099448f2cbeec427a26166d14084d,0,0,0,0,0,
20201012,MA,139663,2730,2293217,,totalTestsViral,4815399,501,12882,82,,32,,116364,10/12/2020 08:00,2020-10-12T08:00:00Z,10/12 04:00,9617,12882,,2020-10-12T08:00:00Z,4815399,178806,,136933,9401,216,,2430150,,,,122982,,,150702,,,,25,760,18036,2432880,67395,2432880,,13,11,ac7896a640e3ba6105922806717ee55a99817f89,0,0,0,0,0,
20201011,MA,138903,2735,2275181,,totalTestsViral,4748004,511,12871,85,,29,,116364,10/11/2020 08:00,2020-10-11T08:00:00Z,10/11 04:00,9604,12871,,2020-10-11T08:00:00Z,4748004,177860,,136168,9388,216,,2411349,,,,122843,,,150341,,,,25,563,15227,2414084,77246,2414084,,17,10,745d16e0b9cb48e81e47152fb8052e1517c7e0ca,0,0,0,0,0,
20201010,MA,138340,2742,2259954,,totalTestsViral,4670758,531,12861,86,,28,,116364,10/10/2020 08:00,2020-10-10T08:00:00Z,10/10 04:00,9587,12861,,2020-10-10T08:00:00Z,4670758,177148,,135598,9372,215,,2395552,,,,122655,,,149566,,,,25,639,14573,2398294,69324,2398294,,10,15,4dd6f94c1a049f6647af908d939b9ad5adb36ff8,0,0,0,0,0,
20201009,MA,137701,2690,2245381,,totalTestsViral,4601434,500,12846,88,,28,,116364,10/9/2020 08:00,2020-10-09T08:00:00Z,10/09 04:00,9577,12846,,2020-10-09T08:00:00Z,4601434,176443,,135011,9362,215,,2380392,,,,122441,,,147155,,,,25,765,18833,2383082,59918,2383082,,12,16,c27157966621e801c226b826ee5956db378df7cc,0,0,0,0,0,
20201008,MA,136936,2659,2226548,,totalTestsViral,4541516,484,12830,85,,23,,116364,10/8/2020 08:00,2020-10-08T08:00:00Z,10/08 04:00,9565,12830,,2020-10-08T08:00:00Z,4541516,175537,,134277,9350,215,,2360825,,,,122087,,,145573,,,,25,444,13626,2363484,63385,2363484,,8,23,aa8e202eb9076e16d525a6b5a19c02790755b8a9,0,0,0,0,0,
20201007,MA,136492,2624,2212922,,totalTestsViral,4478131,515,12807,83,,34,,116364,10/7/2020 08:00,2020-10-07T08:00:00Z,10/07 04:00,9557,12807,,2020-10-07T08:00:00Z,4478131,175047,,133868,9342,215,,2346790,,,,121906,,,143436,,,,25,535,15625,2349414,61703,2349414,,19,32,b102345c63a5d35a4f87ff433d0096877a0f3e00,0,0,0,0,0,
20201006,MA,135957,2598,2197297,,totalTestsViral,4416428,494,12775,85,,31,,113768,10/6/2020 08:00,2020-10-06T08:00:00Z,10/06 04:00,9538,12775,,2020-10-06T08:00:00Z,4416428,174382,,133359,9323,215,,2330656,,,,121620,,,141849,,,,25,495,12331,2333254,45378,2333254,,8,20,a0f64461708259793ef9e820d28a2900b722b3ce,0,0,0,0,0,
20201005,MA,135462,2557,2184966,,totalTestsViral,4371050,473,12755,88,,33,,113768,10/5/2020 08:00,2020-10-05T08:00:00Z,10/05 04:00,9530,12755,,2020-10-05T08:00:00Z,4371050,173830,,132905,9315,215,,2317871,,,,121464,,,139854,,,,25,515,10800,2320428,36549,2320428,,20,6,914eef028644c92e96d4bad97bc42b25dbe05031,0,0,0,0,0,
20201004,MA,134947,2507,2174166,,totalTestsViral,4334501,438,12749,83,,27,,113768,10/4/2020 08:00,2020-10-04T08:00:00Z,10/04 04:00,9510,12749,,2020-10-04T08:00:00Z,4334501,173288,,132440,9295,215,,2306606,,,,121397,,,138291,,,,25,644,18355,2309113,68715,2309113,,3,4,078b9d743fdcfc2f8e507399e4d36e558c8f3f23,0,0,0,0,0,
20201003,MA,134303,2489,2155811,,totalTestsViral,4265786,416,12745,75,,27,,113768,10/3/2020 08:00,2020-10-03T08:00:00Z,10/03 04:00,9507,12745,,2020-10-03T08:00:00Z,4265786,172557,,131814,9292,215,,2287625,,,,121078,,,136823,,,,25,672,13213,2290114,65768,2290114,,17,12,c2b44fd00ec4ba3c4f43de3c9a5d8404d1af45a9,0,0,0,0,0,
20201002,MA,133631,2417,2142598,,totalTestsViral,4200018,421,12733,79,,34,,113768,10/2/2020 08:00,2020-10-02T08:00:00Z,10/02 04:00,9490,12733,,2020-10-02T08:00:00Z,4200018,171892,,131214,9275,215,,2273812,,,,120977,,,134197,,,,25,761,20698,2276229,74914,2276229,,10,18,85969ec3f4701e8e106a82ca5646f5f9433fe200,0,0,0,0,0,
20201001,MA,132870,2409,2121900,,totalTestsViral,4125104,436,12715,84,,32,,113768,10/1/2020 08:00,2020-10-01T08:00:00Z,10/01 04:00,9480,12715,,2020-10-01T08:00:00Z,4125104,170958,,130461,9265,215,,2252361,,,,120585,,,133689,,,,25,754,17451,2254770,74487,2254770,,24,29,c770150cf1234f6ec8393c5af0de9f9daa13ccf1,0,0,0,0,0,
20200930,MA,132116,2363,2104449,,totalTestsViral,4050617,438,12686,89,,29,,113768,9/30/2020 08:00,2020-09-30T08:00:00Z,09/30 04:00,9456,12686,,2020-09-30T08:00:00Z,4050617,170156,,129753,9242,214,,2234202,,,,120418,,,131852,,,,25,532,13894,2236565,62393,2236565,,33,19,57e5956c13795549791a4b6ef101c160f5f14fd8,0,0,0,0,0,
20200929,MA,131584,2341,2090555,,totalTestsViral,3988224,444,12667,107,,27,,111479,9/29/2020 08:00,2020-09-29T08:00:00Z,09/29 04:00,9423,12667,,2020-09-29T08:00:00Z,3988224,169522,,129243,9210,213,,2219798,,,,120133,,,130459,,,,25,512,13674,2222139,57005,2222139,,8,19,d1e321c39e9c8fa52c523663776d9a5a21b4325a,0,0,0,0,0,
20200928,MA,131072,2279,2076881,,totalTestsViral,3931219,418,12648,85,,31,,111479,9/28/2020 08:00,2020-09-28T08:00:00Z,09/28 04:00,9415,12648,,2020-09-28T08:00:00Z,3931219,168973,,128793,9202,213,,2205674,,,,119987,,,129009,,,,25,430,12682,2207953,49373,2207953,,11,3,f1e3aea45383c345725c36bd3bca07b8fa6baa30,0,0,0,0,0,
20200927,MA,130642,2216,2064199,,totalTestsViral,3881846,408,12645,79,,27,,111479,9/27/2020 08:00,2020-09-27T08:00:00Z,09/27 04:00,9404,12645,,2020-09-27T08:00:00Z,3881846,168544,,128426,9191,213,,2192625,,,,119935,,,126585,,,,25,592,17471,2194841,101826,2194841,,13,8,4809df348e75749520d0beceecd7e5f1e2ece8f1,0,0,0,0,0,
20200926,MA,130050,2218,2046728,,totalTestsViral,3780020,354,12637,77,,28,,111479,9/26/2020 08:00,2020-09-26T08:00:00Z,09/26 04:00,9391,12637,,2020-09-26T08:00:00Z,3780020,167823,,127832,9178,213,,2174560,,,,119693,,,126039,,,,25,569,13795,2176778,73292,2176778,,18,18,0869a0335d8356f44781b408a9c40353a05a5816,0,0,0,0,0,
20200925,MA,129481,2164,2032933,,totalTestsViral,3706728,389,12619,78,,31,,111479,9/25/2020 08:00,2020-09-25T08:00:00Z,09/25 04:00,9373,12619,,2020-09-25T08:00:00Z,3706728,167221,,127317,9160,213,,2160250,,,,119449,,,124547,,,,25,488,15400,2162414,64012,2162414,,11,13,6b94b2186b205421cd4a6affbecf6d923b5a4e07,0,0,0,0,0,
20200924,MA,128993,2130,2017533,,totalTestsViral,3642716,375,12606,75,,29,,111479,9/24/2020 08:00,2020-09-24T08:00:00Z,09/24 04:00,9362,12606,,2020-09-24T08:00:00Z,3642716,166664,,126863,9150,212,,2144396,,,,119164,,,122954,,,,25,481,18101,2146526,85168,2146526,,15,14,a8ba6b485d484c067998a94aee402f7840aff0b3,0,0,0,0,0,
20200923,MA,128512,2104,1999432,,totalTestsViral,3557548,361,12592,71,,26,,111479,9/23/2020 08:00,2020-09-23T08:00:00Z,09/23 04:00,9347,12592,,2020-09-23T08:00:00Z,3557548,166112,,126408,9135,212,,2125840,,,,118843,,,121231,,,,25,543,20120,2127944,80869,2127944,,19,21,17062983aa2097e9f57c115ed7a94c6cbd805651,0,0,0,0,0,
20200922,MA,127969,2103,1979312,,totalTestsViral,3476679,371,12571,67,,27,,109397,9/22/2020 08:00,2020-09-22T08:00:00Z,09/22 04:00,9328,12571,,2020-09-22T08:00:00Z,3476679,165412,,125866,9118,210,,2105178,,,,118447,,,120496,,,,25,173,8992,2107281,40518,2107281,,11,18,ad16ea92733dbcdc8e15dd41f43ebd54cd903fb7,0,0,0,0,0,
20200921,MA,127796,2073,1970320,,totalTestsViral,3436161,367,12553,69,,31,,109397,9/21/2020 08:00,2020-09-21T08:00:00Z,09/21 04:00,9317,12553,,2020-09-21T08:00:00Z,3436161,165228,,125723,9107,210,,2096043,,,,118364,,,119095,,,,25,256,10579,2098116,36649,2098116,,7,8,65c3cd6b9c2a07008bdc505eb184468dcaa73a59,0,0,0,0,0,
20200920,MA,127540,2061,1959741,,totalTestsViral,3399512,364,12545,61,,34,,109397,9/20/2020 08:00,2020-09-20T08:00:00Z,09/20 04:00,9310,12545,,2020-09-20T08:00:00Z,3399512,164924,,125479,9100,210,,2085220,,,,118289,,,117973,,,,25,359,17059,2087281,62220,2087281,,15,8,da3f366f0b1a13babf12adb0153b8ac2afcb6419,0,0,0,0,0,
20200919,MA,127181,2042,1942682,,totalTestsViral,3337292,362,12537,65,,28,,109397,9/19/2020 08:00,2020-09-19T08:00:00Z,09/19 04:00,9295,12537,,2020-09-19T08:00:00Z,3337292,164504,,125139,9085,210,,2067821,,,,118069,,,116565,,,,25,599,20729,2069863,72419,2069863,,26,23,d455aab911d8168441d362b59560b9c1298e0b5a,0,0,0,0,0,
20200918,MA,126582,2012,1921953,,totalTestsViral,3264873,338,12514,62,,25,,109397,9/18/2020 08:00,2020-09-18T08:00:00Z,09/18 04:00,9269,12514,,2020-09-18T08:00:00Z,3264873,163794,,124570,9059,210,,2046523,,,,117770,,,115162,,,,25,454,21786,2048535,65310,2048535,,9,18,0d7e370cc7b2953ac942c081a7ab80bc4ef41c6c,0,0,0,0,0,
20200917,MA,126128,1989,1900167,,totalTestsViral,3199563,377,12496,64,,26,,109397,9/17/2020 08:00,2020-09-17T08:00:00Z,09/17 04:00,9260,12496,,2020-09-17T08:00:00Z,3199563,163227,,124139,9051,209,,2024306,,,,117453,,,113845,,,,25,429,27225,2026295,67849,2026295,,15,18,fd4d7b8a4ffdc5697fba3b8b51b270cd41f86ce6,0,0,0,0,0,
20200916,MA,125699,1979,1872942,,totalTestsViral,3131714,352,12478,66,,24,,109397,9/16/2020 08:00,2020-09-16T08:00:00Z,09/16 04:00,9245,12478,,2020-09-16T08:00:00Z,3131714,162714,,123720,9036,209,,1996662,,,,117107,,,112394,,,,25,306,16337,1998641,55902,1998641,,20,16,0baff234bce69f4f17ce91286d92f74f99cd1dda,0,0,0,0,0,
20200915,MA,125393,1968,1856605,,totalTestsViral,3075812,310,12462,52,,23,,107501,9/15/2020 08:00,2020-09-15T08:00:00Z,09/15 04:00,9225,12462,,2020-09-15T08:00:00Z,3075812,162343,,123425,9016,209,,1980030,,,,116752,,,110849,,,,25,313,11510,1981998,37187,1981998,,6,20,aca96f6a51d9e740e0052caa7ad343837b228d9c,0,0,0,0,0,
20200914,MA,125080,1941,1845095,,totalTestsViral,3038625,302,12442,63,,17,,107501,9/14/2020 08:00,2020-09-14T08:00:00Z,09/14 04:00,9219,12442,,2020-09-14T08:00:00Z,3038625,161982,,123139,9010,209,,1968234,,,,116598,,,109470,,,,25,254,11966,1970175,32467,1970175,,9,11,3802d87acf39143df0f2d015e9fe226f0c6acf66,0,0,0,0,0,
20200913,MA,124826,1922,1833129,,totalTestsViral,3006158,313,12431,61,,21,,107501,9/13/2020 08:00,2020-09-13T08:00:00Z,09/13 04:00,9210,12431,,2020-09-13T08:00:00Z,3006158,161677,,122904,9001,209,,1956033,,,,116531,,,108478,,,,25,286,11835,1957955,37435,1957955,,14,5,31c49eb4efe3c6bcb515a7774f28b1dcb248d1b0,0,0,0,0,0,
20200912,MA,124540,1903,1821294,,totalTestsViral,2968723,331,12426,64,,25,,107501,9/12/2020 08:00,2020-09-12T08:00:00Z,09/12 04:00,9196,12426,,2020-09-12T08:00:00Z,2968723,161336,,122637,8987,209,,1943931,,,,116242,,,106383,,,,25,554,17878,1945834,63370,1945834,,16,15,c7379b42e6046319247670b55204d5250d3b8865,0,0,0,0,0,
20200911,MA,123986,1784,1803416,,totalTestsViral,2905353,330,12411,60,,22,,107501,9/11/2020 08:00,2020-09-11T08:00:00Z,09/11 04:00,9180,12411,,2020-09-11T08:00:00Z,2905353,160811,,122202,8971,209,,1925618,,,,115893,,,100148,,,,25,440,18963,1927402,52803,1927402,,14,10,d93cbf95079bb16c5d39898ae16311b54d92269e,0,0,0,0,0,
20200910,MA,123546,1787,1784453,,totalTestsViral,2852550,355,12401,59,,21,,107501,9/10/2020 08:00,2020-09-10T08:00:00Z,09/10 04:00,9166,12401,,2020-09-10T08:00:00Z,2852550,160263,,121759,8957,209,,1906212,,,,115578,,,97848,,,,25,403,17526,1907999,53965,1907999,,20,14,c00340575c2e8173b3a854e2cfa5d9f29eb14698,0,0,0,0,0,
20200909,MA,123143,1747,1766927,,totalTestsViral,2798585,338,12387,49,,21,,107501,9/9/2020 08:00,2020-09-09T08:00:00Z,09/09 04:00,9146,12387,,2020-09-09T08:00:00Z,2798585,159836,,121396,8937,209,,1888323,,,,115319,,,95385,,,,25,181,11168,1890070,40201,1890070,,5,19,94ed4703fe0ce5fed818a36e4774719b35f89208,0,0,0,0,0,
20200908,MA,122962,1748,1755759,,totalTestsViral,2758384,328,12368,47,,24,,105769,9/8/2020 08:00,2020-09-08T08:00:00Z,09/08 04:00,9141,12368,,2020-09-08T08:00:00Z,2758384,159560,,121214,8933,208,,1876973,,,,115057,,,94986,,,,25,171,9271,1878721,30231,1878721,,8,11,bae2ff3b7555ed0ee1071c954ba33e2900b235d8,0,0,0,0,0,
20200907,MA,122791,1745,1746488,,totalTestsViral,2728153,322,12357,56,,20,,105769,9/7/2020 08:00,2020-09-07T08:00:00Z,09/07 04:00,9133,12357,,2020-09-07T08:00:00Z,2728153,159337,,121046,8925,208,,1867534,,,,115013,,,93223,,,,25,229,9648,1869279,23641,1869279,,8,7,1c3df9b3a003dee99315f5d39939ad6513a8f4d6,0,0,0,0,0,
20200906,MA,122562,1738,1736840,,totalTestsViral,2704512,312,12350,52,,22,,105769,9/6/2020 08:00,2020-09-06T08:00:00Z,09/06 04:00,9125,12350,,2020-09-06T08:00:00Z,2704512,159076,,120824,8917,208,,1857664,,,,114941,,,92907,,,,25,366,17361,1859402,44050,1859402,,9,3,61be1c35568404c42e2f283888e040afb2fbdd3b,0,0,0,0,0,
20200905,MA,122196,1742,1719479,,totalTestsViral,2660462,325,12347,48,,25,,105769,9/5/2020 08:00,2020-09-05T08:00:00Z,09/05 04:00,9116,12347,,2020-09-05T08:00:00Z,2660462,158624,,120454,8907,209,,1839933,,,,114635,,,92567,,,,25,438,20373,1841675,60150,1841675,,16,12,030fa2339383a1aa60b06c713bd42e5968899125,0,0,0,0,0,
20200904,MA,121758,1720,1699106,,totalTestsViral,2600312,333,12335,60,,26,,105769,9/4/2020 08:00,2020-09-04T08:00:00Z,09/04 04:00,9100,12335,,2020-09-04T08:00:00Z,2600312,158114,,120038,8892,208,,1819144,,,,114277,,,91070,,,,25,212,17340,1820864,39443,1820864,,23,10,de59fb6289c79e309a3ec45fb8c4f4acb301b604,0,0,0,0,0,
20200903,MA,121546,1727,1681766,,totalTestsViral,2560869,312,12325,61,,28,,105769,9/3/2020 08:00,2020-09-03T08:00:00Z,09/03 04:00,9077,12325,,2020-09-03T08:00:00Z,2560869,157684,,119819,8870,207,,1801585,,,,114108,,,90721,,,,25,415,31191,1803312,82387,1803312,,17,30,1f56e26f676719fc78f4495be70d34715db13547,0,0,0,0,0,
20200902,MA,121131,1705,1650575,,totalTestsViral,2478482,308,12295,58,,29,,103920,9/2/2020 08:00,2020-09-02T08:00:00Z,09/02 04:00,9060,12295,,2020-09-02T08:00:00Z,2478482,157208,,119426,8853,207,,1770001,,,,113667,,,89417,,,,25,-7757,15291,1771706,30141,1771706,,-4,-91,f63e20297ee4a55f2849d8057c3e678388b99ccc,0,0,0,0,0,
20200901,MA,128888,9671,1635284,,totalTestsViral,2448341,320,12386,55,,29,,103920,9/1/2020 08:00,2020-09-01T08:00:00Z,09/01 04:00,9064,12386,,2020-09-01T08:00:00Z,2448341,156836,,119138,8831,232,,1754422,,,,112996,,,87251,,,,25,355,21300,1764172,43915,1764172,,4,22,523254d3cfe9f2094f005e00e2e47ede6b9a90a1,0,0,0,0,0,
20200831,MA,128533,9671,1613984,,totalTestsViral,2404426,314,12364,56,,22,,103920,8/31/2020 08:00,2020-08-31T08:00:00Z,08/31 04:00,9060,12364,,2020-08-31T08:00:00Z,2404426,156404,,118784,8827,232,,1732768,,,,112727,,,86838,,,,25,304,18439,1742517,31862,1742517,,11,3,73641cd92e3b9296285f00c641a219d0ac853c8e,0,0,0,0,0,
20200830,MA,128229,9671,1595545,,totalTestsViral,2372564,290,12361,62,,25,,103920,8/30/2020 08:00,2020-08-30T08:00:00Z,08/30 04:00,9049,12361,,2020-08-30T08:00:00Z,2372564,156076,,118483,8816,232,,1714028,,,,112603,,,86612,,,,25,199,16420,1723774,32895,1723774,,13,3,e58ee4e4ee0464290dccb3ba089a93927f780920,0,0,0,0,0,
20200829,MA,128030,9671,1579125,,totalTestsViral,2339669,305,12358,62,,26,,103920,8/29/2020 08:00,2020-08-29T08:00:00Z,08/29 04:00,9036,12358,,2020-08-29T08:00:00Z,2339669,155842,,118309,8803,232,,1697434,,,,112464,,,85450,,,,25,446,23461,1707155,48917,1707155,,13,24,923809b87995b59ee7673ad6794eed975fbef271,0,0,0,0,0,
20200828,MA,127584,9671,1555664,,totalTestsViral,2290752,312,12334,60,,26,,103920,8/28/2020 08:00,2020-08-28T08:00:00Z,08/28 04:00,9023,12334,,2020-08-28T08:00:00Z,2290752,155347,,117888,8791,232,,1673552,,,,111578,,,83972,,,,25,460,23278,1683248,44126,1683248,,16,16,33fe76b613a0c491468e54484bfd356a3fb47fcf,0,0,0,0,0,
20200827,MA,127124,9671,1532386,,totalTestsViral,2246626,333,12318,61,,29,,103920,8/27/2020 08:00,2020-08-27T08:00:00Z,08/27 04:00,9007,12318,,2020-08-27T08:00:00Z,2246626,154839,,117450,8775,232,,1649836,,,,111148,,,82573,,,,25,368,24975,1659510,52284,1659510,,20,19,8eba867d0b63100942b66729f0a568aac5a5964a,0,0,0,0,0,
20200826,MA,126756,9671,1507411,,totalTestsViral,2194342,356,12299,68,,29,,103920,8/26/2020 08:00,2020-08-26T08:00:00Z,08/26 04:00,8987,12299,,2020-08-26T08:00:00Z,2194342,154356,,117085,8755,232,,1624496,,,,110379,,,82123,,,,25,336,19429,1634167,36478,1634167,,27,20,a4eaa68356175f9a810f2436450e1230ba5942a2,0,0,0,0,0,
20200825,MA,126420,9367,1487982,,totalTestsViral,2157864,327,12279,61,,28,,102205,8/25/2020 08:00,2020-08-25T08:00:00Z,08/25 04:00,8960,12279,,2020-08-25T08:00:00Z,2157864,153951,,116770,8729,231,,1604752,,,,109535,,,79979,,,,25,398,22425,1614402,34873,1614402,,12,11,fb30be228ad31e69f2a472852f414a4063837bc1,0,0,0,0,0,
20200824,MA,126022,9367,1465557,,totalTestsViral,2122991,308,12268,62,,26,,102205,8/24/2020 08:00,2020-08-24T08:00:00Z,08/24 04:00,8948,12268,,2020-08-24T08:00:00Z,2122991,153528,,116421,8717,231,,1581978,,,,109138,,,77748,,,,25,662,37244,1591579,58462,1591579,,27,12,741b8aaea37126e4a8253a37c1ccdf57b2cd4e66,0,0,0,0,0,
20200823,MA,125360,9367,1428313,,totalTestsViral,2064529,315,12256,50,,20,,102205,8/22/2020 10:00,2020-08-22T10:00:00Z,08/22 06:00,8921,12256,,2020-08-22T10:00:00Z,2064529,152852,,115850,8690,231,,1544163,,,,108343,,,74606,,,,25,0,0,1553673,0,1553673,,0,0,c730e476d0de27cd8eef87e6b542174eed7fd800,0,0,0,0,0,
20200822,MA,125360,9367,1428313,,totalTestsViral,2064529,315,12256,50,,20,,102205,8/22/2020 10:00,2020-08-22T10:00:00Z,08/22 06:00,8921,12256,,2020-08-22T10:00:00Z,2064529,152852,,115850,8690,231,,1544163,,,,108343,,,74606,,,,25,144,8192,1553673,13658,1553673,,20,11,c56c2a06b2ab7b9eab80bbf63072bfcfe95a38d2,0,0,0,0,0,
20200821,MA,125216,9367,1420121,,totalTestsViral,2050871,322,12245,66,,15,,102205,8/21/2020 10:00,2020-08-21T10:00:00Z,08/21 06:00,8901,12245,,2020-08-21T10:00:00Z,2050871,152702,,115741,8670,231,,1535862,,,,108011,,,74485,,,,25,488,26327,1545337,41809,1545337,,13,20,0278d9966c9386308e82d5cc4dc763d75a252a20,0,0,0,0,0,
20200820,MA,124728,9367,1393794,,totalTestsViral,2009062,379,12225,62,,23,,102205,8/20/2020 10:00,2020-08-20T10:00:00Z,08/20 06:00,8888,12225,,2020-08-20T10:00:00Z,2009062,152204,,115310,8657,231,,1509104,,,,107203,,,72890,,,,25,313,21569,1518522,34144,1518522,,12,12,81bf043a254cbeea610944e9afa803d987925894,0,0,0,0,0,
20200819,MA,124415,9367,1372225,,totalTestsViral,1974918,365,12213,66,,27,,102205,8/19/2020 10:00,2020-08-19T10:00:00Z,08/19 06:00,8876,12213,,2020-08-19T10:00:00Z,1974918,151869,,115048,8645,231,,1487273,,,,106540,,,72330,,,,25,827,19246,1496640,28401,1496640,,37,21,acc6cec70356a5ef42111fec4a9fa210dc961a7f,0,0,0,0,0,
20200818,MA,123588,8802,1352979,,totalTestsViral,1946517,374,12192,66,,23,,100486,8/18/2020 10:00,2020-08-18T10:00:00Z,08/18 06:00,8839,12192,,2020-08-18T10:00:00Z,1946517,151543,,114786,8617,222,,1467765,,,,105874,,,70597,,,,25,175,11478,1476567,16626,1476567,,6,14,69c8fecf4cee46d40266a4dff2ce5812496af1b3,0,0,0,0,0,
20200817,MA,123413,8802,1341501,,totalTestsViral,1929891,367,12178,59,,22,,100486,8/17/2020 10:00,2020-08-17T10:00:00Z,08/17 06:00,8833,12178,,2020-08-17T10:00:00Z,1929891,151327,,114611,8611,222,,1456112,,,,105540,,,69018,,,,25,213,14733,1464914,21416,1464914,,4,5,fc6f01ec060febd192a6dc0a98c43ddf41ad4f46,0,0,0,0,0,
20200816,MA,123200,8802,1326768,,totalTestsViral,1908475,372,12173,65,,28,,100486,8/16/2020 10:00,2020-08-16T10:00:00Z,08/16 06:00,8829,12173,,2020-08-16T10:00:00Z,1908475,151061,,114398,8607,222,,1441166,,,,105287,,,68697,,,,25,303,15164,1449968,22176,1449968,,11,3,e9f1158d0de0b809e5b0fbeabd9e3e8e3cd1ee2d,0,0,0,0,0,
20200815,MA,122897,8802,1311604,,totalTestsViral,1886299,375,12170,65,,27,,100486,8/15/2020 10:00,2020-08-15T10:00:00Z,08/15 06:00,8818,12170,,2020-08-15T10:00:00Z,1886299,150687,,114095,8596,222,,1425699,,,,104872,,,66513,,,,25,366,22603,1434501,33267,1434501,,14,20,9516592cc66813ff3b6748553636b9f23b4d8b81,0,0,0,0,0,
20200814,MA,122531,8802,1289001,,totalTestsViral,1853032,398,12150,58,,31,,100486,8/14/2020 10:00,2020-08-14T10:00:00Z,08/14 06:00,8804,12150,,2020-08-14T10:00:00Z,1853032,150223,,113729,8582,222,,1402730,,,,104191,,,64773,,,,25,212,21340,1411532,32001,1411532,,14,19,599ee583ea0f99aaf0ebb4dc2d466459d4348ab1,0,0,0,0,0,
20200813,MA,122319,8802,1267661,,totalTestsViral,1821031,401,12131,61,,26,,100486,8/13/2020 10:00,2020-08-13T10:00:00Z,08/13 06:00,8790,12131,,2020-08-13T10:00:00Z,1821031,149968,,113517,8568,222,,1381178,,,,103573,,,63165,,,,25,319,27560,1389980,39483,1389980,,21,22,cd82dec5edf7efa667fdb35a1ff9314dc40a7b0c,0,0,0,0,0,
20200812,MA,122000,8802,1240101,,totalTestsViral,1781548,422,12109,64,,33,,100486,8/12/2020 10:00,2020-08-12T10:00:00Z,08/12 06:00,8769,12109,,2020-08-12T10:00:00Z,1781548,149570,,113198,8547,222,,1353299,,,,102782,,,62738,,,,25,293,15464,1362101,28,1362101,,18,20,70b169d4d466696753b147b69f61719c6ea229be,0,0,0,0,0,
20200811,MA,121707,8738,1224637,,totalTestsViral,1781520,387,12089,70,,33,,99021,8/11/2020 10:00,2020-08-11T10:00:00Z,08/11 06:00,8751,12089,,2020-08-11T10:00:00Z,1781520,149568,,112969,8529,222,,1337606,,,,102208,,,,,,,25,392,14676,1346344,3418,1346344,,10,27,8000a83ddc314ac9ba1ea4a9833f4b8e14e9d9cd,0,0,0,0,0,
20200810,MA,121315,8642,1209961,,totalTestsViral,1778102,380,12062,60,,25,,99021,8/10/2020 10:00,2020-08-10T10:00:00Z,08/10 06:00,8741,12062,,2020-08-10T10:00:00Z,1778102,149527,,112673,8519,222,,1322634,,,,101714,,,,,,,25,275,11062,1331276,14941,1331276,,6,8,9d6fd011ecc0f9485b27cf01c0186094d1f4e868,0,0,0,0,0,
20200809,MA,121040,8581,1198899,,totalTestsViral,1763161,375,12054,60,,26,,99021,8/9/2020 10:00,2020-08-09T10:00:00Z,08/09 06:00,8735,12054,,2020-08-09T10:00:00Z,1763161,149301,,112459,8514,221,,1311358,,,,101485,,,,,,,25,329,16866,1319939,7683,1319939,,14,10,a7ce8b9c4b04925af0a7c864ecbc636288f8dc87,0,0,0,0,0,
20200808,MA,120711,8538,1182033,,totalTestsViral,1755478,386,12044,68,,30,,99021,8/8/2020 10:00,2020-08-08T10:00:00Z,08/08 06:00,8721,12044,,2020-08-08T10:00:00Z,1755478,149234,,112173,8500,221,,1294206,,,,101139,,,,,,,25,420,16269,1302744,12031,1302744,,12,22,70958a8be6410924b7417a4110e216538438e5a3,0,0,0,0,0,
20200807,MA,120291,8438,1165764,,totalTestsViral,1743447,390,12022,69,,30,,99021,8/7/2020 10:00,2020-08-07T10:00:00Z,08/07 06:00,8709,12022,,2020-08-07T10:00:00Z,1743447,149046,,111853,8488,221,,1277617,,,,100383,,,,,,,25,417,14420,1286055,21888,1286055,,18,15,8e78fdcfca027c9304a23071a12e9db44927d20d,0,0,0,0,0,
20200806,MA,119874,8341,1151344,,totalTestsViral,1721559,403,12007,73,,32,,99021,8/6/2020 10:00,2020-08-06T10:00:00Z,08/06 06:00,8691,12007,,2020-08-06T10:00:00Z,1721559,148701,,111533,8470,221,,1262877,,,,99768,,,,,,,25,231,11393,1271218,23143,1271218,,32,14,399cfe587e6d26cccf1278df62fd741ebdd22240,0,0,0,0,0,
20200805,MA,119643,8272,1139951,,totalTestsViral,1698416,396,11993,57,,21,,99021,8/4/2020 10:00,2020-08-04T10:00:00Z,08/04 06:00,8659,11993,,2020-08-04T10:00:00Z,1698416,148290,,111371,8438,221,,1251322,,,,99170,,,,,,,25,440,16878,1259594,25338,1259594,,2,20,63c93efe5ea58a4c86ccdc9c1d0a29c10f71be75,0,0,0,0,0,
20200804,MA,119203,8170,1123073,,totalTestsViral,1673078,354,11973,56,,29,,97595,8/4/2020 10:00,2020-08-04T10:00:00Z,08/04 06:00,8657,11973,,2020-08-04T10:00:00Z,1673078,147889,,111033,8436,221,,1234106,,,,98298,,,,,,,25,546,14878,1242276,24389,1242276,,9,31,8c011fb76a49a03fb37723f6094c6e3a0929306c,0,0,0,0,0,
20200803,MA,118657,8062,1108195,,totalTestsViral,1648689,375,11942,64,,24,,97595,8/3/2020 10:00,2020-08-03T10:00:00Z,08/03 06:00,8648,11942,,2020-08-03T10:00:00Z,1648689,147503,,110595,8427,221,,1218790,,,,97515,,,,,,,25,199,12113,1226852,26960,1226852,,10,6,7a63d3940866b5f60b9f00d39c5c5dcb28a0dcb9,0,0,0,0,0,
20200802,MA,118458,8028,1096082,,totalTestsViral,1621729,406,11936,68,,33,,97595,8/2/2020 10:00,2020-08-02T10:00:00Z,08/02 06:00,8638,11936,,2020-08-02T10:00:00Z,1621729,147080,,110430,8417,221,,1206512,,,,97293,,,,,,,25,418,12959,1214540,8178,1214540,,12,6,1ab1c6fceb78cff8688183dceac0a5fc14a76c62,0,0,0,0,0,
20200801,MA,118040,7963,1083123,,totalTestsViral,1613551,369,11930,53,,26,,97595,7/31/2020 10:00,2020-07-31T10:00:00Z,07/31 06:00,8626,11930,,2020-07-31T10:00:00Z,1613551,146945,,110077,8406,220,,1193200,,,,96964,,,,,,,25,428,12305,1201163,11055,1201163,,17,22,950c5328858e6ff450812ece093259e55a1b46ec,0,0,0,0,0,
20200731,MA,117612,7825,1070818,,totalTestsViral,1602496,347,11908,58,,28,,97595,7/31/2020 10:00,2020-07-31T10:00:00Z,07/31 06:00,8609,11908,,2020-07-31T10:00:00Z,1602496,146758,,109787,8389,220,,1180605,,,,96180,,,,,,,25,514,18764,1188430,21526,1188430,,14,15,73c0159b003a6eb6a51b7c84a2104989fcb8355a,0,0,0,0,0,
20200730,MA,117098,7698,1052054,,totalTestsViral,1580970,367,11893,55,,29,,97595,7/30/2020 10:00,2020-07-30T10:00:00Z,07/30 06:00,8595,11893,,2020-07-30T10:00:00Z,1580970,146308,,109400,8375,220,,1161454,,,,95217,,,,,,,25,414,11920,1169152,22921,1169152,,15,17,30d0748fa4788a65dd5389b3fc419f25eab568fe,0,0,0,0,0,
20200729,MA,116684,7588,1040134,,totalTestsViral,1558049,390,11876,62,,23,,97595,7/29/2020 10:00,2020-07-29T10:00:00Z,07/29 06:00,8580,11876,,2020-07-29T10:00:00Z,1558049,145779,,109096,8360,220,,1149230,,,,94348,,,,,,,25,502,15200,1156818,22042,1156818,,29,21,bf69c9959b60bc5a54cd487874a92ce05d54466d,0,0,0,0,0,
20200728,MA,116182,7442,1024934,,totalTestsViral,1536007,364,11855,54,,27,,96452,7/28/2020 10:00,2020-07-28T10:00:00Z,07/28 06:00,8551,11855,,2020-07-28T10:00:00Z,1536007,145395,,108740,8331,220,,1133674,,,,93124,,,,,,,25,256,9703,1141116,25590,1141116,,15,22,254b9504312ba58ef8be6baf030faa4bcd099a78,0,0,0,0,0,
20200727,MA,115926,,1015231,,totalTestsViral,1510417,350,11833,57,,28,,96452,7/27/2020 10:00,2020-07-27T10:00:00Z,07/27 06:00,8536,11833,,2020-07-27T10:00:00Z,1510417,144998,,108562,8317,219,,1123793,,,,92664,,,,,,,25,289,10109,1131157,22023,1131157,,7,5,82a4fa0df184c57536f843fef5bc74fd19aeae32,0,0,0,0,0,
20200726,MA,115637,,1005122,,totalTestsViral,1488394,364,11828,56,,30,,96452,7/26/2020 10:00,2020-07-26T10:00:00Z,07/26 06:00,8529,11828,,2020-07-26T10:00:00Z,1488394,144566,,108380,8310,219,,1113502,,,,92459,,,,,,,25,369,9507,1120759,7350,1120759,,19,15,675ab1916e6e400949b7c1ec0cec073b09bcbdb0,0,0,0,0,0,
20200725,MA,115268,,995615,,totalTestsViral,1481044,371,11813,50,,27,,96452,7/25/2020 10:00,2020-07-25T10:00:00Z,07/25 06:00,8510,11813,,2020-07-25T10:00:00Z,1481044,144440,,108107,8291,219,,1103722,,,,91756,,,,,,,25,283,11120,1110883,11377,1110883,,12,28,6b111334532769e581073bdb023c0e409d9094e5,0,0,0,0,0,
20200724,MA,114985,,984495,,totalTestsViral,1469667,397,11785,49,,29,,96452,7/23/2020 10:00,2020-07-23T10:00:00Z,07/23 06:00,8498,11785,,2020-07-23T10:00:00Z,1469667,144243,,107897,8297,219,,1092392,,,,89569,,,,,,,25,338,12890,1099480,17274,1099480,,14,15,fadf3708eecc096a8ac0977955453eec9e598443,0,0,0,0,0,
20200723,MA,114647,,971605,,totalTestsViral,1452393,351,11770,59,,30,,96452,7/22/2020 10:00,2020-07-22T10:00:00Z,07/22 06:00,8484,11770,,2020-07-22T10:00:00Z,1452393,143913,,107683,8265,219,,1079288,,,,88712,,,,,,,25,327,15863,1086252,20211,1086252,,16,9,cae374a0ea1a731baa2c2a0e9fc7b051fa168d39,0,0,0,0,0,
20200722,MA,114320,,955742,,totalTestsViral,1432182,532,11761,63,,37,,96452,7/22/2020 10:00,2020-07-22T10:00:00Z,07/22 06:00,8468,11761,,2020-07-22T10:00:00Z,1432182,143566,,107413,8249,219,,1063155,,,,87346,,,,,,,25,287,10594,1070062,18328,1070062,,18,15,d160882f8dc3f0a271c7b0ba63bd5cb7ef64e257,0,0,0,0,0,
20200721,MA,114033,,945148,,totalTestsViral,1413854,513,11746,63,,33,,95390,7/21/2020 10:00,2020-07-21T10:00:00Z,07/21 06:00,8450,11746,,2020-07-21T10:00:00Z,1413854,143238,,107221,8231,219,,1052369,,,,87006,,,,,,,25,244,7656,1059181,19710,1059181,,17,24,0a5ff290a03a022ffc54e847ccf6914c57c0e8a6,0,0,0,0,0,
20200720,MA,113789,,937492,,totalTestsViral,1394144,483,11722,67,,38,,95390,7/20/2020 10:00,2020-07-20T10:00:00Z,07/20 06:00,8433,11722,,2020-07-20T10:00:00Z,1394144,142899,,107056,8214,219,,1044548,,,,86433,,,,,,,25,255,10491,1051281,17430,1051281,,2,5,3b23e6646e5f258f99560a6bab445ffca4e0d58b,0,0,0,0,0,
20200719,MA,113534,,927001,,totalTestsViral,1376714,498,11717,64,,41,,95390,7/19/2020 10:00,2020-07-19T10:00:00Z,07/19 06:00,8431,11717,,2020-07-19T10:00:00Z,1376714,142539,,106882,8213,218,,1033883,,,,86165,,,,,,,25,296,13406,1040535,7616,1040535,,12,8,67080d4a9488a74aa4b8669bc549992c6ad5efa2,0,0,0,0,0,
20200718,MA,113238,,913595,,totalTestsViral,1369098,499,11709,86,,43,,95390,7/18/2020 10:00,2020-07-18T10:00:00Z,07/18 06:00,8419,11709,,2020-07-18T10:00:00Z,1369098,142431,,106664,8201,218,,1020259,,,,85623,,,,,,,25,359,11887,1026833,10959,1026833,,17,18,0b73126cf8049033b765ab4e59607434ccfba683,0,0,0,0,0,
20200717,MA,112879,,901708,,totalTestsViral,1358139,515,11691,76,,34,,95390,7/17/2020 10:00,2020-07-17T10:00:00Z,07/17 06:00,8402,11691,,2020-07-17T10:00:00Z,1358139,142262,,106487,8184,218,,1008195,,,,84539,,,,,,,25,298,12605,1014587,17990,1014587,,22,28,f290447aa75268adcfac48e0c162bd4b7318c4e6,0,0,0,0,0,
20200716,MA,112581,,889103,,totalTestsViral,1340149,557,11663,77,,38,,95390,7/16/2020 10:00,2020-07-16T10:00:00Z,07/16 06:00,8380,11663,,2020-07-16T10:00:00Z,1340149,141964,,106271,8163,217,,995374,,,,83598,,,,,,,25,234,12737,1001684,17586,1001684,,12,12,ec4a7b05c7428115b3b350350f0d4c2125a2ecb0,0,0,0,0,0,
20200715,MA,112347,,876366,,totalTestsViral,1322563,580,11651,80,,40,,95390,7/15/2020 10:00,2020-07-15T10:00:00Z,07/15 06:00,8368,11651,,2020-07-15T10:00:00Z,1322563,141646,,106128,8152,216,,982494,,,,82409,,,,,,,25,217,10282,988713,20921,988713,,28,26,59b4093adb6eb7ff37219fae6b79b9780dd030dd,0,0,0,0,0,
20200714,MA,112130,,866084,,totalTestsViral,1301642,560,11625,93,,37,,94347,7/14/2020 10:00,2020-07-14T10:00:00Z,07/14 06:00,8340,11625,,2020-07-14T10:00:00Z,1301642,141265,,105986,8125,215,,972070,,,,81525,,,,,,,25,303,11768,978214,20900,978214,,10,14,e4ad6d541a245ee6abeab00b73a7753c0615892a,0,0,0,0,0,
20200713,MA,111827,,854316,,totalTestsViral,1280742,570,11611,89,,46,,94347,7/13/2020 16:00,2020-07-13T16:00:00Z,07/13 12:00,8330,11611,,2020-07-13T16:00:00Z,1280742,140951,,105783,8115,215,,960099,,,,80888,,,,,,,25,230,8433,966143,20035,966143,,5,3,654be5df098a386d5e0634bb1c6f13f4baf92aaf,0,0,0,0,0,
20200712,MA,111597,,845883,,totalTestsViral,1260707,583,11608,93,,43,,94347,7/12/2020 10:00,2020-07-12T10:00:00Z,07/12 06:00,8325,11608,,2020-07-12T10:00:00Z,1260707,140577,,105629,8110,215,,951512,,,,80573,,,,,,,25,199,10947,957480,7040,957480,,15,8,5bb5859cfb42f0ceb4d4333ec6475073f5bc21e3,0,0,0,0,0,
20200711,MA,111398,,834936,,totalTestsViral,1253667,572,11600,87,,44,,94347,7/11/2020 10:00,2020-07-11T10:00:00Z,07/11 06:00,8310,11600,,2020-07-11T10:00:00Z,1253667,140469,,105457,8095,215,,940393,,,,80061,,,,,,,25,288,7430,946334,10216,946334,,14,18,1da7401e1b2759b7d731e1406f40076c89ffe1db,0,0,0,0,0,
20200710,MA,111110,,827506,,totalTestsViral,1243451,632,11582,98,,47,,94347,7/10/2020 10:00,2020-07-10T10:00:00Z,07/10 06:00,8296,11582,,2020-07-10T10:00:00Z,1243451,140318,,105290,8081,215,,932796,,,,79073,,,,,,,25,213,12642,938616,18260,938616,,28,23,401594117ceeefb108edfdc7bb243f2439c14f99,0,0,0,0,0,
20200709,MA,110897,,814864,,totalTestsViral,1225191,635,11559,103,,42,,94347,7/9/2020 16:00,2020-07-09T16:00:00Z,07/09 12:00,8268,11559,,2020-07-09T16:00:00Z,1225191,139990,,105138,8053,215,,920002,,,,78417,,,,,,,25,295,9471,925761,17740,925761,,25,42,c7db72b51629d3f9230832835dba0ac6fc695286,0,0,0,0,0,
20200708,MA,110602,,805393,,totalTestsViral,1207451,662,11517,102,,49,,94347,7/8/2020 10:00,2020-07-08T10:00:00Z,07/08 06:00,8243,11517,,2020-07-08T10:00:00Z,1207451,139637,,104961,8028,215,,910354,,,,77150,,,,,,,25,264,8971,915995,19505,915995,,30,28,a778e87e1b7a7b213b3b1d4a299f7ffaaec84031,0,0,0,0,0,
20200707,MA,110338,,796422,,totalTestsViral,1187946,621,11489,104,,50,,93157,7/7/2020 10:00,2020-07-07T10:00:00Z,07/07 06:00,8213,11489,,2020-07-07T10:00:00Z,1187946,139336,,104799,7998,215,,901221,,,,76090,,,,,,,25,201,7142,906760,19712,906760,,15,20,a3b2075a4932df8819571cdffc8b778baf4513a6,0,0,0,0,0,
20200706,MA,110137,,789280,,totalTestsViral,1168234,603,11469,99,,51,,93157,7/6/2020 10:00,2020-07-06T10:00:00Z,07/06 06:00,8198,11469,,2020-07-06T10:00:00Z,1168234,139011,,104659,7983,215,,893939,,,,75795,,,,,,,25,163,7569,899417,16979,899417,,15,6,ba682b882ec7d1280f8e063aa9de67e99b3c7165,0,0,0,0,0,
20200705,MA,109974,,781711,,totalTestsViral,1151255,636,11463,100,,46,,93157,7/5/2020 10:00,2020-07-05T10:00:00Z,07/05 06:00,8183,11463,,2020-07-05T10:00:00Z,1151255,138662,,104502,7968,215,,886213,,,,75636,,,,,,,25,136,5782,891685,6645,891685,,11,2,fea908383d25129143889bd3a46e0979a0d90ca0,0,0,0,0,0,
20200704,MA,109838,,775929,,totalTestsViral,1144610,640,11461,107,,51,,93157,7/4/2020 10:00,2020-07-04T10:00:00Z,07/04 06:00,8172,11461,,2020-07-04T10:00:00Z,1144610,138527,,104391,7958,214,,880320,,,,75302,,,,,,,25,210,7777,885767,4277,885767,,23,25,cdd546e46bacbc423fbd8ae3d6b46cea946300df,0,0,0,0,0,
20200703,MA,109628,,768152,,totalTestsViral,1140333,656,11436,106,,55,,93157,7/3/2020 16:00,2020-07-03T16:00:00Z,07/03 12:00,8149,11436,,2020-07-03T16:00:00Z,1140333,138420,,104228,7935,214,,872380,,,,74598,,,,,,,25,290,11232,877780,8339,877780,,17,44,eabb7b1ddf1860b550f760d086d1ab4debc2f0ff,0,0,0,0,0,
20200702,MA,109338,,756920,,totalTestsViral,1131994,681,11392,113,,52,,93157,7/2/2020 10:00,2020-07-02T10:00:00Z,07/02 06:00,8132,11392,,2020-07-02T10:00:00Z,1131994,138258,,104016,7918,214,,860936,,,,73613,,,,,,,25,195,7628,866258,13916,866258,,51,40,20de274b237daddc5aa4db59ee3d24b244d32146,0,0,0,0,0,
20200701,MA,109143,,749292,,totalTestsViral,1118078,760,11352,123,,65,,93157,7/1/2020 10:00,2020-07-01T10:00:00Z,07/01 06:00,8081,11352,,2020-07-01T10:00:00Z,1118078,137915,,103858,7902,179,,853150,,,,72752,,,,,,,25,261,10033,858435,14528,858435,,27,15,d486a0dfa272268f52e43753eb1ed1ac5226cb62,0,0,0,0,0,
20200630,MA,108882,,739259,,totalTestsViral,1103550,733,11337,120,,63,,93157,6/30/2020 10:00,2020-06-30T10:00:00Z,06/30 06:00,8054,11337,,2020-06-30T10:00:00Z,1103550,137597,,103701,7874,180,,842960,,,,71686,,,,,,,25,114,5740,848141,16112,848141,,-41,-8,1db10fa3e152a4fe40f1fbf37c3bf4ebd88e492c,0,0,0,0,0,
20200629,MA,108768,,733519,,totalTestsViral,1087438,762,11345,138,,79,,93157,6/29/2020 10:00,2020-06-29T10:00:00Z,06/29 06:00,8095,11345,,2020-06-29T10:00:00Z,1087438,137252,,103628,7895,200,,837147,,,,70768,,,,,,,25,101,6392,842287,16112,842287,,35,26,3f3e3fe29d987f220840007056ae14436c830d32,0,0,0,0,0,
20200628,MA,108667,,727127,,totalTestsViral,1071326,748,11319,134,,81,,93157,6/28/2020 10:00,2020-06-28T10:00:00Z,06/28 06:00,8060,11319,,2020-06-28T10:00:00Z,1071326,136938,,103539,7860,200,,830666,,,,70476,,,,,,,25,224,9228,835794,6248,835794,,19,9,fc867e44fe8dbf7c439682dc9d591827716b0f87,0,0,0,0,0,
20200627,MA,108443,,717899,,totalTestsViral,1065078,769,11310,143,,90,,93157,6/27/2020 10:00,2020-06-27T10:00:00Z,06/27 06:00,8041,11310,,2020-06-27T10:00:00Z,1065078,136818,,103376,7841,200,,821275,,,,69826,,,,,,,25,373,11884,826342,7836,826342,,28,19,3f9d3aadd98b23fe9c0f44ace7e9c4be7a1bcdc8,0,0,0,0,0,
20200626,MA,108070,,706015,,totalTestsViral,1057242,791,11291,156,,99,,93157,6/26/2020 10:00,2020-06-26T10:00:00Z,06/26 06:00,8013,11291,,2020-06-26T10:00:00Z,1057242,136627,,103071,7815,198,,809086,,,,68259,,,,,,,25,233,8396,814085,13231,814085,,50,39,e34417365fce8b1d1b689b439c1aa00d8753ca98,0,0,0,0,0,
20200625,MA,107837,,697619,,totalTestsViral,1044011,822,11252,174,,101,,93157,6/25/2020 10:00,2020-06-25T10:00:00Z,06/25 06:00,7963,11252,,2020-06-25T10:00:00Z,1044011,136298,,102922,7776,187,,800541,,,,66753,,,,,,,25,226,10158,805456,12646,805456,,25,33,1983715885bca6d998beff546350b219c15200ef,0,0,0,0,0,
20200624,MA,107611,,687461,,totalTestsViral,1031365,939,11219,181,,98,,91404,6/24/2020 10:00,2020-06-24T10:00:00Z,06/24 06:00,7938,11219,,2020-06-24T10:00:00Z,1031365,135964,,102762,7752,186,,790223,,,,65845,,,,,,,25,172,7258,795072,13998,795072,,48,62,eac699845e001f452957c77b49ca8c0b30547e99,0,0,0,0,0,
20200623,MA,107439,,680203,,totalTestsViral,1017367,953,11157,181,,112,,91404,6/23/2020 10:00,2020-06-23T10:00:00Z,06/23 06:00,7890,11157,,2020-06-23T10:00:00Z,1017367,135621,,102651,7710,180,,782854,,,,65313,,,,,,,25,229,7350,787642,14067,787642,,16,63,a409454e2b24b8f885fc57d1e5f20c0a1c4ec604,0,0,0,0,0,
20200622,MA,107210,,672853,,totalTestsViral,1003300,920,11094,180,,107,,91404,6/22/2020 10:00,2020-06-22T10:00:00Z,06/22 06:00,7874,11094,,2020-06-22T10:00:00Z,1003300,135290,,102469,7694,180,,775322,,,,64592,,,,,,,25,149,6594,780063,13590,780063,,16,9,888e54066cf569e461b909b2c645fd4eb7895fec,0,0,0,0,0,
20200621,MA,107061,,666259,,totalTestsViral,989710,927,11085,194,,111,,91404,6/21/2020 10:00,2020-06-21T10:00:00Z,06/21 06:00,7858,11085,,2020-06-21T10:00:00Z,989710,134874,,102333,7677,181,,768592,,,,64266,,,,,,,25,125,8258,773320,5228,773320,,30,9,1abd6e7fc200a472abab56fc539d08f82a8ebe80,0,0,0,0,0,
20200620,MA,106936,,658001,,totalTestsViral,984482,964,11076,200,,118,,91404,6/20/2020 10:00,2020-06-20T10:00:00Z,06/20 06:00,7828,11076,,2020-06-20T10:00:00Z,984482,134754,,102228,7647,181,,760229,,,,63736,,,,,,,25,286,13844,764937,7208,764937,,28,40,bdf7c12608c52f936c8a5efeb4886f8d63cdd147,0,0,0,0,0,
20200619,MA,106650,,644157,,totalTestsViral,977274,994,11036,199,,124,,91404,6/19/2020 10:00,2020-06-19T10:00:00Z,06/19 06:00,7800,11036,,2020-06-19T10:00:00Z,977274,134592,,102005,7619,181,,746162,,,,62591,,,,,,,25,228,9319,750807,11621,750807,,30,51,ad3078e257fed65f8c159af95bba228780802599,0,0,0,0,0,
20200618,MA,106422,,634838,,totalTestsViral,965653,968,10985,227,,125,,91404,6/18/2020 10:00,2020-06-18T10:00:00Z,06/18 06:00,7770,10985,,2020-06-18T10:00:00Z,965653,134278,,101853,7591,179,,736691,,,,61085,,,,,,,25,271,8943,741260,17340,741260,,36,60,b1784049399b15a87364c9c0a52bda53e7600616,0,0,0,0,0,
20200617,MA,106151,,625895,,totalTestsViral,948313,998,10925,227,,135,,88725,6/17/2020 10:00,2020-06-17T10:00:00Z,06/17 06:00,7734,10925,,2020-06-17T10:00:00Z,948313,133872,,101654,7568,166,,727549,,,,59940,,,,,,,25,266,8133,732046,17892,732046,,69,58,62ff28cbdb55e87efb2d8ae60d44e7f6c5203829,0,0,0,0,0,
20200616,MA,105885,,617762,,totalTestsViral,930421,1045,10867,244,,151,,88725,6/16/2020 10:00,2020-06-16T10:00:00Z,06/16 06:00,7665,10867,,2020-06-16T10:00:00Z,930421,133424,,101474,7508,157,,719236,,,,58795,,,,,,,25,195,6221,723647,13700,723647,,18,50,81cfcdce8c02aaa9797c052e61d1ceb01684b460,0,0,0,0,0,
20200615,MA,105690,,611541,,totalTestsViral,916721,1026,10817,253,,167,,88725,6/15/2020 16:00,2020-06-15T16:00:00Z,06/15 12:00,7647,10817,,2020-06-15T16:00:00Z,916721,133033,,101334,7490,157,,712875,,,,57886,,,,,,,25,87,4434,717231,14126,717231,,23,15,3683a761441da18d677c06c9914a8cc575162e1b,0,0,0,0,0,
20200614,MA,105603,,607107,,totalTestsViral,902595,1039,10802,244,,156,,88725,6/14/2020 10:00,2020-06-14T10:00:00Z,06/14 06:00,7624,10802,,2020-06-14T10:00:00Z,902595,132541,,101276,7467,157,,708383,,,,57582,,,,,,,25,208,8906,712710,5039,712710,,48,30,be67e27d0252dd688c2fa3bfc9e1e355b3184864,0,0,0,0,0,
20200613,MA,105395,,598201,,totalTestsViral,897556,1069,10772,249,,162,,88725,6/13/2020 10:00,2020-06-13T10:00:00Z,06/13 06:00,7576,10772,,2020-06-13T10:00:00Z,897556,132395,,101070,7420,156,,699271,,,,57048,,,,,,,25,336,9901,703596,6435,703596,,38,46,053630b6ca528adc36c5c355d2d8caa7be1f35af,0,0,0,0,0,
20200612,MA,105059,,588300,,totalTestsViral,891121,1143,10726,276,,170,,88725,6/12/2020 10:00,2020-06-12T10:00:00Z,06/12 06:00,7538,10726,,2020-06-12T10:00:00Z,891121,132202,,100811,7382,156,,689111,,,,55784,,,,,,,25,392,9879,693359,13004,693359,,46,72,c6e82e4187db972b83b2a76b4dbbca7b306b4b15,0,0,0,0,0,
20200611,MA,104667,,578421,,totalTestsViral,878117,1260,10654,296,,181,,88725,6/11/2020 10:00,2020-06-11T10:00:00Z,06/11 06:00,7492,10654,,2020-06-11T10:00:00Z,878117,131718,,100504,7337,155,,678925,,,,54574,,,,,,,25,511,10487,683088,13081,683088,,38,72,5496e387d659bf40ecc0de43b614b4fabd430fd6,0,0,0,0,0,
20200610,MA,104156,,567934,,totalTestsViral,865036,1345,10582,319,,200,,84621,6/10/2020 10:00,2020-06-10T10:00:00Z,06/10 06:00,7454,10582,,2020-06-10T10:00:00Z,865036,131213,,100158,7300,154,,668092,,,,53040,,,,,,,25,267,9831,672090,13436,672090,,46,75,987dc3d450c71843bd7e6e451e01af28494f9adf,0,0,0,0,0,
20200609,MA,103889,,558103,,totalTestsViral,851600,1397,10507,315,,202,,84621,6/9/2020 10:00,2020-06-09T10:00:00Z,06/09 06:00,7408,10507,,2020-06-09T10:00:00Z,851600,130653,,99955,7255,153,,658058,,,,52144,,,,,,,25,263,4460,661992,14355,661992,,55,82,9c7d9c35c2cdc55c5e7816a8835349fcf56519e4,0,0,0,0,0,
20200608,MA,103626,,553643,,totalTestsViral,837245,1415,10425,322,,209,,84621,6/8/2020 10:00,2020-06-08T10:00:00Z,06/08 06:00,7353,10425,,2020-06-08T10:00:00Z,837245,130010,,99755,7217,136,,653398,,,,51404,,,,,,,25,190,4589,657269,13946,657269,,37,32,3c866955c6786aabd01000a1e2724315eae88bf7,0,0,0,0,0,
20200607,MA,103436,,549054,,totalTestsViral,823299,1442,10393,335,,221,,84621,6/7/2020 10:00,2020-06-07T10:00:00Z,06/07 06:00,7316,10393,,2020-06-07T10:00:00Z,823299,129333,,99562,7179,137,,648616,,,,51146,,,,,,,25,304,7547,652490,4975,652490,,27,24,62b25b3c6c21eec53d340266a3a78b239ea76a56,0,0,0,0,0,
20200606,MA,103132,,541507,,totalTestsViral,818324,1529,10369,359,,238,,84621,6/6/2020 10:00,2020-06-06T10:00:00Z,06/06 06:00,7289,10369,,2020-06-06T10:00:00Z,818324,129081,,99301,7152,137,,640808,,,,50575,,,,,,,25,575,9295,644639,6265,644639,,54,66,7ef979a51a83c5624c2fd77618b4447fb34535fe,0,0,0,0,0,
20200605,MA,102557,,532212,,totalTestsViral,812059,1533,10303,350,,238,,84621,6/5/2020 10:00,2020-06-05T10:00:00Z,06/05 06:00,7235,10303,,2020-06-05T10:00:00Z,812059,128793,,98796,7097,138,,631008,,,,49556,,,,,,,25,494,9340,634769,11524,634769,,34,65,cb51101a507edf6fc87290964152c8c167f8fa5a,0,0,0,0,0,
20200604,MA,102063,,522872,,totalTestsViral,800535,1637,10238,401,,249,,84621,6/4/2020 10:00,2020-06-04T10:00:00Z,06/04 06:00,7201,10238,,2020-06-04T10:00:00Z,800535,128133,,98376,7062,139,,621248,,,,48436,,,,,,,25,471,6703,624935,12024,624935,,49,87,9b0b690537eff14bdf0eed329ff9f97efdc2e843,0,0,0,0,0,
20200603,MA,101592,,516169,,totalTestsViral,788511,1684,10151,393,,263,,78108,6/3/2020 10:00,2020-06-03T10:00:00Z,06/03 06:00,7152,10151,,2020-06-03T10:00:00Z,788511,127383,,97964,7012,140,,614133,,,,47414,,,,,,,25,429,7937,617761,13111,617761,,67,88,16655d46e54ca7711d30c4a67901827c385ff5e5,0,0,0,0,0,
20200602,MA,101163,,508232,,totalTestsViral,775400,1657,10063,394,,269,,78108,6/2/2020 10:00,2020-06-02T10:00:00Z,06/02 06:00,7085,10063,,2020-06-02T10:00:00Z,775400,126513,,97539,6944,141,,605771,,,,46565,,,,,,,25,358,5604,609395,13074,609395,,50,111,d650c34517cabe3358760900edd55e46437f9164,0,0,0,0,0,
20200601,MA,100805,,502628,,totalTestsViral,762326,1747,9952,404,,289,,78108,5/31/2020 10:00,2020-05-31T10:00:00Z,05/31 06:00,7035,9952,,2020-05-31T10:00:00Z,762326,125632,,97291,6894,141,,599919,,,,,,,,,,,25,3840,6740,603433,12892,603433,,189,129,f1671f49259c9b5b92615c810635d2c0c855e252,0,0,0,0,0,
20200531,MA,96965,,495888,,totalTestsViral,749434,1824,9823,436,,,,78108,5/31/2020 10:00,2020-05-31T10:00:00Z,05/31 06:00,6846,9823,,2020-05-31T10:00:00Z,749434,124696,,96965,6846,,,592853,,,,,,,,,,,25,664,9670,592853,5062,592853,,78,34,0587e67e31636f967e70dc85536aeb41e424378b,0,0,0,0,0,
20200530,MA,96301,,486218,,totalTestsViral,744372,1904,9789,453,,,,78108,5/30/2020 10:00,2020-05-30T10:00:00Z,05/30 06:00,6768,9789,,2020-05-30T10:00:00Z,744372,124398,,96301,6768,,,582519,,,,,,,,,,,25,789,9985,582519,7555,582519,,50,64,5679031dfe289e2c29510d626b90529b5090be57,0,0,0,0,0,
20200529,MA,95512,,476233,,totalTestsViral,736817,1991,9725,485,,,,78108,5/29/2020 16:00,2020-05-29T16:00:00Z,05/29 12:00,6718,9725,,2020-05-29T16:00:00Z,736817,123935,,95512,6718,,,571745,,,,,,,,,,,25,617,8805,571745,13476,571745,,78,107,da0c82d9b4347f7ec0d82b63bcbf4824ee2da5dc,0,0,0,0,0,
20200528,MA,94895,,467428,,totalTestsViral,723341,2112,9618,529,,,,78108,5/28/2020 10:00,2020-05-28T10:00:00Z,05/28 06:00,6640,9618,,2020-05-28T10:00:00Z,723341,122913,,94895,6640,,,562323,,,,,,,,,,,25,675,9504,562323,12813,562323,,93,126,547bd53e485f65494fbb77ba107797d323badfa4,0,0,0,0,0,
20200527,MA,94220,,457924,,totalTestsViral,710528,2106,9492,556,,,,,5/27/2020 10:00,2020-05-27T10:00:00Z,05/27 06:00,6547,9492,,2020-05-27T10:00:00Z,710528,121749,,93693,6473,,,545481,,,,,,,,,,,25,527,6136,552144,13943,552144,,74,104,034cc8caeb88b322a18be20e884553e850d75d91,0,0,0,0,0,
20200526,MA,93693,,451788,,totalTestsViral,696585,2108,9388,560,,,,,5/26/2020 10:00,2020-05-26T10:00:00Z,05/26 06:00,6473,9388,,2020-05-26T10:00:00Z,696585,120525,,93693,6473,,,545481,,,,,,,,,,,25,422,4498,545481,15436,545481,,57,49,c50aca2ad26b51a8223d0fce83b898bafbdf8851,0,0,0,0,0,
20200525,MA,93271,,447290,,totalTestsViral,681149,2132,9339,576,,,,,5/25/2020 10:00,2020-05-25T10:00:00Z,05/25 06:00,6416,9339,,2020-05-25T10:00:00Z,681149,118983,,93271,6416,,,540561,,,,,,,,,,,25,596,7592,540561,4566,540561,,44,31,0e6ccecac56e1d47e6bd126e1944f9319f1b0f5e,0,0,0,0,0,
20200524,MA,92675,,439698,,totalTestsViral,676583,2169,9308,558,,,,,5/24/2020 10:00,2020-05-24T10:00:00Z,05/24 06:00,6372,9308,,2020-05-24T10:00:00Z,676583,118601,,92675,6372,,,532373,,,,,,,,,,,25,1013,10374,532373,5559,532373,,68,48,7ebbe138b7bf675de7143f37e64579eaf863fac7,0,0,0,0,0,
20200523,MA,91662,,429324,,totalTestsViral,671024,2237,9260,610,,,,,5/23/2020 10:00,2020-05-23T10:00:00Z,05/23 06:00,6304,9260,,2020-05-23T10:00:00Z,671024,118092,,91662,6304,,,520986,,,,,,,,,,,25,773,8569,520986,6712,520986,,76,98,9eabe708f4f25e9a08d004df2dc67dca4b42f417,0,0,0,0,0,
20200522,MA,90889,,420755,,totalTestsViral,664312,2323,9162,628,,,,,5/22/2020 10:00,2020-05-22T10:00:00Z,05/22 06:00,6228,9162,,2020-05-22T10:00:00Z,664312,117464,,90889,6228,,,511644,,,,,,,,,,,25,805,9353,511644,14811,511644,,80,122,9b4ddeb14aec3781a8a373b0db214a769b050ed6,0,0,0,0,0,
20200521,MA,90084,,411402,,totalTestsViral,649501,2396,9040,647,,,,,5/21/2020 10:00,2020-05-21T10:00:00Z,05/21 06:00,6148,9040,,2020-05-21T10:00:00Z,649501,115960,,90084,6148,,,501486,,,,,,,,,,,25,1114,10419,501486,15944,501486,,82,143,196e0bc44f18f14aa976272d42d10a11c197bc04,0,0,0,0,0,
20200520,MA,88970,,400983,,totalTestsViral,633557,2518,8897,675,,,,,5/20/2020 10:00,2020-05-20T10:00:00Z,05/20 06:00,6066,8897,,2020-05-20T10:00:00Z,633557,114290,,88970,6066,,,489953,,,,,,,,,,,25,1045,11968,489953,16910,489953,,128,131,6c4ae34f12fb7ae7f277120b87d3dfc5b8176bf8,0,0,0,0,0,
20200519,MA,87925,,389015,,totalTestsViral,616647,2472,8766,672,,,,,5/19/2020 10:00,2020-05-19T10:00:00Z,05/19 06:00,5938,8766,,2020-05-19T10:00:00Z,616647,112611,,87925,5938,,,476940,,,,,,,,,,,25,873,6868,476940,16689,476940,,76,145,8680d32f1a90af3a74a0c2b3244d821c2e00a17b,0,0,0,0,0,
20200518,MA,87052,,382147,,totalTestsViral,599958,2533,8621,674,,,,,5/17/2020 10:00,2020-05-17T10:00:00Z,05/17 06:00,5862,8621,,2020-05-17T10:00:00Z,599958,110751,,87052,5862,,,469199,,,,,,,,,,,25,1042,7331,469199,17590,469199,,65,82,ad79ce33d54625de9f951acf1b3ac1e4eb8b4c9c,0,0,0,0,0,
20200517,MA,86010,,374816,,totalTestsViral,582368,2597,8539,702,,,,,5/17/2020 10:00,2020-05-17T10:00:00Z,05/17 06:00,5797,8539,,2020-05-17T10:00:00Z,582368,108607,,86010,5797,,,460826,,,,,,,,,,,25,1077,11660,460826,5855,460826,,92,83,c2f01e865422d7f5773576b1a56ceab80d938b78,0,0,0,0,0,
20200516,MA,84933,,363156,,totalTestsViral,576513,2692,8456,747,,,,,5/16/2020 10:00,2020-05-16T10:00:00Z,05/16 06:00,5705,8456,,2020-05-16T10:00:00Z,576513,108011,,84933,5705,,,448089,,,,,,,,,,,25,1512,10898,448089,9340,448089,,113,142,5f1e0da3736e141efe7628f871affc56ee357814,0,0,0,0,0,
20200515,MA,83421,,352258,,totalTestsViral,567173,2767,8314,749,,,,,5/14/2020 10:00,2020-05-14T10:00:00Z,05/14 06:00,5592,8314,,2020-05-14T10:00:00Z,567173,106978,,83421,5592,,,435679,,,,,,,,,,,25,1239,10079,435679,17768,435679,,110,107,3f5d7e95106f572929fc2fa9ee3fc846c28f5844,0,0,0,0,0,
20200514,MA,82182,,342179,,totalTestsViral,549405,2859,8207,781,,,,,5/13/2020 10:00,2020-05-13T10:00:00Z,05/13 06:00,5482,8207,,2020-05-13T10:00:00Z,549405,105126,,82182,5382,,,410032,,,,,,,,,,,25,1685,12644,424361,17377,424361,,167,175,4552ef5058dcca1e2006ba9d89d0e2d39a56adbe,0,0,0,0,0,
20200513,MA,80497,,329535,,totalTestsViral,532028,3101,8032,794,,,,,5/13/2020 10:00,2020-05-13T10:00:00Z,05/13 06:00,5315,8032,,2020-05-13T10:00:00Z,532028,103043,,80497,5315,,,401496,,,,,,,,,,,25,1165,7371,410032,17922,410032,,174,190,1ae4a7cc70cc11a748d5e53df43e1a313ec2acf5,0,0,0,0,0,
20200512,MA,79332,,322164,,totalTestsViral,514106,3127,7842,818,,,,,5/12/2020 10:00,2020-05-12T10:00:00Z,05/12 06:00,5141,7842,,2020-05-12T10:00:00Z,514106,100934,,79332,5141,,,,,,,,,,,,,,25,870,5898,401496,17359,401496,,33,110,1b938985a839eafb6c44bebc51b818f9d396f7a9,0,0,0,0,0,
20200511,MA,78462,,316266,,totalTestsViral,496747,3102,7732,813,,,,,5/11/2020 10:00,2020-05-11T10:00:00Z,05/11 06:00,5108,7732,,2020-05-11T10:00:00Z,496747,98664,,78462,5108,,,,,,,,,,,,,,25,669,5670,394728,15642,394728,,129,115,e05214fd2554a8dd2e4b0f6be051feaaa846036a,0,0,0,0,0,
20200510,MA,77793,,310596,,totalTestsViral,481105,3128,7617,810,,,,,5/10/2020 10:00,2020-05-10T10:00:00Z,05/10 06:00,4979,7617,,2020-05-10T10:00:00Z,481105,96540,,77793,4979,,,,,,,,,,,,,,25,1050,10802,388389,4559,388389,,139,66,034557fe530cb83c9e554f2b32dfb83576e7b02e,0,0,0,0,0,
20200509,MA,76743,,299794,,totalTestsViral,476546,3229,7551,814,,,,,5/9/2020 12:00,2020-05-09T12:00:00Z,05/09 08:00,4840,7551,,2020-05-09T12:00:00Z,476546,95866,,76743,4840,,,,,,,,,,,,,,25,1410,9104,376537,7688,376537,,138,117,d95dc67cf3bab89311c7db996918ac640c1734d8,0,0,0,0,0,
20200508,MA,75333,,290690,,totalTestsViral,468858,3349,7434,826,,,,,5/8/2020 10:00,2020-05-08T10:00:00Z,05/08 06:00,4702,7434,,2020-05-08T10:00:00Z,468858,94841,,75333,4702,,,,,,,,,,,,,,25,1612,12779,366023,16945,366023,,150,197,a8bdeef72167a59fc9dc4ffc47a35c412da62094,0,0,0,0,0,
20200507,MA,73721,,277911,,totalTestsViral,451913,3436,7237,852,,,,,5/7/2020 12:00,2020-05-07T12:00:00Z,05/07 08:00,4552,7237,,2020-05-07T12:00:00Z,451913,92617,,73721,4552,,,,,,,,,,,,,,25,1696,10297,351632,17091,351632,,132,157,14f7dea5e15ccf283db76f616020f6763f1727f7,0,0,0,0,0,
20200506,MA,72025,,267614,,totalTestsViral,434822,3564,7080,922,,,,,5/6/2020 12:00,2020-05-06T12:00:00Z,05/06 08:00,4420,7080,,2020-05-06T12:00:00Z,434822,90148,,72025,4420,,,,,,,,,,,,,,25,1754,4536,339639,16685,339639,,208,249,682d3dbac5bcc0d06989d4a696b719fa8de0ab28,0,0,0,0,0,
20200505,MA,70271,,263078,,totalTestsViral,418137,3542,6831,914,,,,,5/5/2020 12:00,2020-05-05T12:00:00Z,05/05 08:00,4212,6831,,2020-05-05T12:00:00Z,418137,87665,,70271,4212,,,,,,,,,,,,,,25,1184,7897,333349,16013,333349,,122,209,27d617149a9a2beaa6a1fbe953bf0c212da8ef4b,0,0,0,0,0,
20200504,MA,69087,,255181,,totalTestsViral,402124,3539,6622,908,,,,,5/4/2020 12:00,2020-05-04T12:00:00Z,05/04 08:00,4090,6622,,2020-05-04T12:00:00Z,402124,85160,,69087,4090,,,,,,,,,,,,,,25,1000,8622,324268,15444,324268,,86,115,91c297af8d0e46ede02a5cc56ba7a0f798959684,0,0,0,0,0,
20200503,MA,68087,,246559,,totalTestsViral,386680,3617,6507,904,,,,,5/3/2020 16:00,2020-05-03T16:00:00Z,05/03 12:00,4004,6507,,2020-05-03T16:00:00Z,386680,82450,,68087,4004,,,,,,,,,,,,,,25,1824,13828,314646,6462,314646,,158,129,0ed245d1851b7feb120af6e41e3fa901f82d7b84,0,0,0,0,0,
20200502,MA,66263,,232731,,totalTestsViral,380218,3601,6378,921,,,,,5/2/2020 12:00,2020-05-02T12:00:00Z,05/02 08:00,3846,6378,,2020-05-02T12:00:00Z,380218,81449,,66263,,,,,,,,,,,,,,,25,1952,7406,298994,9197,298994,,130,209,8611fbe4d281d5f81ca372cf4fb5c628825024af,0,0,0,0,0,
20200501,MA,64311,,225325,,totalTestsViral,371021,3716,6169,947,,,,,5/1/2020 12:00,2020-05-01T12:00:00Z,05/01 08:00,3716,6169,,2020-05-01T12:00:00Z,371021,80037,,64311,,,,,,,,,,,,,,,25,2106,11883,289636,17290,289636,,154,227,b1af83f48927e0ae20a727e94f085b1c91651e18,0,0,0,0,0,
20200430,MA,62205,,213442,,totalTestsViral,353731,3803,5942,1001,,,,,4/30/2020 16:00,2020-04-30T16:00:00Z,04/30 12:00,3562,5942,,2020-04-30T16:00:00Z,353731,77305,,62205,,,,,,,,,,,,,,,25,1940,8089,275647,16874,275647,,157,184,a624c92db6dbc3312f9169e00c06275343f3e7fc,0,0,0,0,0,
20200429,MA,60265,,205353,,totalTestsViral,336857,3856,5758,1011,,,,,4/29/2020 16:00,2020-04-29T16:00:00Z,04/29 12:00,3405,5758,,2020-04-29T16:00:00Z,336857,74600,,60265,,,,,,,,,,,,,,,25,1963,9155,265618,15514,265618,,252,243,fc31957ca8764443cf556cb3f5a3bdbc310c0ffd,0,0,0,0,0,
20200428,MA,58302,,196198,,totalTestsViral,321343,3875,5515,1005,,,,,4/28/2020 16:00,2020-04-28T16:00:00Z,04/28 12:00,3153,5515,,2020-04-28T16:00:00Z,321343,71775,,,,,,,,,,,,,,,,,25,1840,7773,254500,15275,254500,,150,278,f141aa730ecc4a5a87cf6affbec8031600815f33,0,0,0,0,0,
20200427,MA,56462,,188425,,totalTestsViral,306068,3892,5237,1089,,,,,4/27/2020 16:00,2020-04-27T16:00:00Z,04/27 12:00,3003,5237,,2020-04-27T16:00:00Z,306068,69008,,,,,,,,,,,,,,,,,25,1524,7263,244887,13795,244887,,104,133,f78ecd1f2ec7a9b55fa2370c52a784c869f5f30c,0,0,0,0,0,
20200426,MA,54938,,181162,,totalTestsViral,292273,3879,5104,1077,,,,,4/26/2020 16:00,2020-04-26T16:00:00Z,04/26 12:00,2899,5104,,2020-04-26T16:00:00Z,292273,66238,,,,,,,,,,,,,,,,,25,1590,7665,236100,6208,236100,,22,139,d0ca9774510ad9df7a2fb39343f0977d1b5487a5,0,0,0,0,0,
20200425,MA,53348,,173497,,totalTestsViral,286065,3879,4965,1058,,,,,4/25/2020 16:00,2020-04-25T16:00:00Z,04/25 12:00,2877,4965,,2020-04-25T16:00:00Z,286065,65072,,,,,,,,,,,,,,,,,25,2379,9253,226845,10266,226845,,0,213,a2ed6c0203d391f9ce8e8896d52f315226a26c14,0,0,0,0,0,
20200424,MA,50969,,164244,,totalTestsViral,275799,3847,4752,1034,,,,,4/24/2020 12:00,2020-04-24T12:00:00Z,04/24 08:00,2877,4752,,2020-04-24T12:00:00Z,275799,63242,,,,,,,,,,,,,,,,,25,2977,7920,215213,14903,215213,,108,259,17a414501c93d143d7f1decae028b21355f20766,0,0,0,0,0,
20200423,MA,47992,,156324,,totalTestsViral,260896,3851,4493,1034,,,,,4/22/2020 16:00,2020-04-22T16:00:00Z,04/22 12:00,2769,4493,,2020-04-22T16:00:00Z,260896,60424,,,,,,,,,,,,,,,,,25,3079,11535,204316,13425,204316,,172,237,71d9de91369da82d487aea12b16a7016f9a042b8,0,0,0,0,0,
20200422,MA,44913,,144789,,totalTestsViral,247471,3890,4256,1050,,,,,4/22/2020 16:00,2020-04-22T16:00:00Z,04/22 12:00,2597,4256,,2020-04-22T16:00:00Z,247471,57491,,,,,,,,,,,,,,,,,25,1745,3345,189702,15397,189702,,148,247,c39b4db0234884c0bf0aa1b18f80d0d6bffb92cf,0,0,0,0,0,
20200421,MA,43168,,141444,,totalTestsViral,232074,3977,4009,1040,,,,,4/21/2020 16:00,2020-04-21T16:00:00Z,04/21 12:00,2449,4009,,2020-04-21T16:00:00Z,232074,54261,,,,,,,,,,,,,,,,,25,1752,5398,184612,11823,184612,,146,137,06234be9d17ea0a65c15bbad014089b082879c59,0,0,0,0,0,
20200420,MA,41416,,136046,,totalTestsViral,220251,3872,3872,987,,,,,4/19/2020 16:00,2020-04-19T16:00:00Z,04/19 12:00,2303,3872,,2020-04-19T16:00:00Z,220251,51550,,,,,,,,,,,,,,,,,25,1596,6751,177462,12963,177462,,157,83,072a1932b62e5591fa09ec56181905a375e881c1,0,0,0,0,0,
20200419,MA,39820,,129295,,totalTestsViral,207288,3789,3789,987,,,,,4/19/2020 16:00,2020-04-19T16:00:00Z,04/19 12:00,2146,3789,,2020-04-19T16:00:00Z,207288,48441,,,,,,,,,,,,,,,,,25,2293,4691,169115,5596,169115,,163,61,01422c72869b29a95c5e409f337c74d157c30b42,0,0,0,0,0,
20200418,MA,37527,,124604,,totalTestsViral,201692,3728,3728,987,,,,,4/17/2020 16:00,2020-04-17T16:00:00Z,04/17 12:00,1983,3728,,2020-04-17T16:00:00Z,201692,47174,,,,,,,,,,,,,,,,,25,2402,7409,162131,7478,162131,,161,-28,e1fe80a41c347ca977828af15ba1bbe2444b3d73,0,0,0,0,0,
20200417,MA,35125,,117195,,totalTestsViral,194214,3756,3756,987,,,,,4/16/2020 10:00,2020-04-16T10:00:00Z,04/16 06:00,1822,3756,,2020-04-16T10:00:00Z,194214,45466,,,,,,,,,,,,,,,,,25,2633,7097,152320,13125,152320,,155,30,861f30e9255454e3aa8c545cf94471352c4ae7c0,0,0,0,0,0,
20200416,MA,32492,,110098,,totalTestsViral,181089,3726,3726,973,,,,,4/16/2020 10:00,2020-04-16T10:00:00Z,04/16 06:00,1667,3726,,2020-04-16T10:00:00Z,181089,42142,,,,,,,,,,,,,,,,,25,2522,7308,142590,10706,142590,,165,89,a50add762f3a95ec74cf77f0aedc97402e37b052,0,0,0,0,0,
20200415,MA,29970,,102790,,totalTestsViral,170383,3637,3637,973,,,,,4/15/2020 10:00,2020-04-15T10:00:00Z,04/15 06:00,1502,3637,,2020-04-15T10:00:00Z,170383,39345,,,,,,,,,,,,,,,,,25,1861,3970,132760,11653,132760,,173,21,2f1668d183a0db2de1ae8958122fd4a2baee0f67,0,0,0,0,0,
20200414,MA,28109,,98820,,totalTestsViral,158730,3616,3616,,,,,,4/14/2020 10:00,2020-04-14T10:00:00Z,04/14 06:00,1329,3616,,2020-04-14T10:00:00Z,158730,36432,,,,,,,,,,,,,,,,,25,1315,3320,126929,11345,126929,,118,131,aa2708a0cbf739ccc094fc1ba5a2af7cc7d924be,0,0,0,0,0,
20200413,MA,26794,,95500,,totalTestsViral,147385,3485,3485,,,,,,4/13/2020 10:00,2020-04-13T10:00:00Z,04/13 06:00,1211,3485,,2020-04-13T10:00:00Z,147385,33218,,,,,,,,,,,,,,,,,25,1413,4037,122294,7504,122294,,155,971,9c1df88572eec085b42661583ba60f840a2959cd,0,0,0,0,0,
20200412,MA,25381,,91463,,totalTestsViral,139881,2514,2514,,,,,,4/12/2020 16:00,2020-04-12T16:00:00Z,04/12 12:00,1056,2514,,2020-04-12T16:00:00Z,139881,30955,,,,,,,,,,,,,,,,,25,2615,5348,116844,3802,116844,,110,7,117540a58e78e2d3013af0ac21fa4d1a85827243,0,0,0,0,0,
20200411,MA,22766,,86115,,totalTestsViral,136079,2507,2507,,,,,,4/11/2020 12:30,2020-04-11T12:30:00Z,04/11 08:30,946,2507,,2020-04-11T12:30:00Z,136079,29883,,,,,,,,,,,,,,,,,25,1888,4551,108881,5306,108881,,114,72,2c2deb1ad9ca8328e35c3855934ff54559eb1947,0,0,0,0,0,
20200410,MA,20878,,81564,,totalTestsViral,130773,2435,2435,,,,,,4/10/2020 12:30,2020-04-10T12:30:00Z,04/10 08:30,832,2435,,2020-04-10T12:30:00Z,130773,28410,,,,,,,,,,,,,,,,,25,2035,5418,102442,8851,102442,,107,133,a85ac15159f0d0e5b2fb29fb49ccd5f87a32e513,0,0,0,0,0,
20200409,MA,18843,,76146,,totalTestsViral,121922,2302,2302,,,,,,4/9/2020 12:30,2020-04-09T12:30:00Z,04/09 08:30,725,2302,,2020-04-09T12:30:00Z,121922,26096,,,,,,,,,,,,,,,,,25,2151,5297,94989,7775,94989,,110,183,e7927d7e57ddd41a8fee6ce72078e8c076619de2,0,0,0,0,0,
20200408,MA,16692,,70849,,totalTestsViral,114147,2119,2119,,,,,,4/8/2020 12:30,2020-04-08T12:30:00Z,04/08 08:30,615,2119,,2020-04-08T12:30:00Z,114147,23820,,,,,,,,,,,,,,,,,25,1588,4579,87541,7958,87541,,100,288,9b358c5e8234090979f96db8b3d981dd31a0b6ec,0,0,0,0,0,
20200407,MA,15104,,66270,,totalTestsViral,106189,1831,1831,,,,,,4/7/2020 12:30,2020-04-07T12:30:00Z,04/07 08:30,515,1831,,2020-04-07T12:30:00Z,106189,21713,,,,,,,,,,,,,,,,,25,1365,3550,81374,7622,81374,,67,164,a24508a8686db5bc70ab93cbdc3ff63d86036628,0,0,0,0,0,
20200406,MA,13739,,62720,,totalTestsViral,98567,1667,1667,,,,,,4/6/2020 12:30,2020-04-06T12:30:00Z,04/06 08:30,448,1667,,2020-04-06T12:30:00Z,98567,19472,,,,,,,,,,,,,,,,,25,1337,3155,76459,7580,76459,,78,35,e9cb1dcfc0c40f153a35021c5e0fe6ceba7aec2f,0,0,0,0,0,
20200405,MA,12402,,59565,,totalTestsViral,90987,1632,1632,,,,,,4/5/2020 12:30,2020-04-05T12:30:00Z,04/05 08:30,370,1632,,2020-04-05T12:30:00Z,90987,17371,,,,,,,,,,,,,,,,,25,765,2374,71967,4102,71967,,66,262,a0ec2e34b4c1bcba14b5af5e2406fcbdb0e3d80d,0,0,0,0,0,
20200404,MA,11637,,57191,,totalTestsViral,86885,1370,1370,,,,,,4/4/2020 12:30,2020-04-04T12:30:00Z,04/04 08:30,304,1370,,2020-04-04T12:30:00Z,86885,16294,,,,,,,,,,,,,,,,,25,1334,4506,68828,4744,68828,,39,404,5489bc92605c5c2ce6b8dd0fc0507e4d63856e0d,0,0,0,0,0,
20200403,MA,10303,,52685,,totalTestsViral,82141,,966,,,,,,4/3/2020 12:30,2020-04-03T12:30:00Z,04/03 08:30,265,966,,2020-04-03T12:30:00Z,82141,14972,,,,,,,,,,,,,,,,,25,1436,4918,62988,6567,62988,,36,153,4a4bca7bd782ab2ed22fd6859542e32dc7a0312d,0,0,0,0,0,
20200402,MA,8867,,47767,,totalTestsViral,75574,,813,,,,,,4/2/2020 16:00,2020-04-02T16:00:00Z,04/02 12:00,229,813,,2020-04-02T16:00:00Z,75574,13347,,,,,,,,,,,,,,,,,25,1228,3642,56634,6004,56634,,42,131,a6ba564e2f4ff3b537d21421492c76adf43eb4ba,0,0,0,0,0,
20200401,MA,7639,,44125,,totalTestsViral,69570,,682,,,,,,3/31/2020 12:30,2020-03-31T12:30:00Z,03/31 08:30,187,682,,2020-03-31T12:30:00Z,69570,11943,,,,,,,,,,,,,,,,,25,1118,3685,51764,5576,51764,,34,120,171d46284c2b3c5f0b249cd748086510f973b1ac,0,0,0,0,0,
20200331,MA,6521,,40440,,totalTestsViral,63994,,562,,,,,,3/31/2020 12:30,2020-03-31T12:30:00Z,03/31 08:30,153,562,,2020-03-31T12:30:00Z,63994,10520,,,,,,,,,,,,,,,,,25,868,3274,46961,5930,46961,,29,109,5a59495a4442a3f56b13d00b24b75dcb82eaa079,0,0,0,0,0,
20200330,MA,5653,,37166,,totalTestsViral,58064,,453,,,,,,3/30/2020 16:15,2020-03-30T16:15:00Z,03/30 12:15,124,453,,2020-03-30T16:15:00Z,58064,9117,,,,,,,,,,,,,,,,,25,797,2932,42819,5581,42819,,25,54,533ea50e0da5af85dbc07cb0a9989eccbedabbca,0,0,0,0,0,
20200329,MA,4856,,34234,,totalTestsViral,52483,,399,,,,,,3/28/2020 12:30,2020-03-28T12:30:00Z,03/28 08:30,99,399,,2020-03-28T12:30:00Z,52483,7800,,,,,,,,,,,,,,,,,25,698,3319,39090,2473,39090,,27,49,8ec635d5a0c08becb39bd8450c9f0bcc7bf9795b,0,0,0,0,0,
20200328,MA,4158,,30915,,totalTestsViral,50010,,350,,,,,,3/27/2020 12:30,2020-03-27T12:30:00Z,03/27 08:30,72,350,,2020-03-27T12:30:00Z,50010,7224,,,,,,,,,,,,,,,,,25,1007,4671,35073,3202,35073,,15,131,047c6ddbf1297f382d907cc6a252b681d26ac283,0,0,0,0,0,
20200327,MA,3151,,26244,,totalTestsViral,46808,,219,,,,,,3/27/2020 12:30,2020-03-27T12:30:00Z,03/27 08:30,57,219,,2020-03-27T12:30:00Z,46808,6520,,,,,,,,,,,,,,,,,25,833,4917,29395,4815,29395,,15,0,aa155491efd121575293bb387f6495f567a7a4d7,0,0,0,0,0,
20200326,MA,2318,,21327,,totalTestsViral,41993,,219,,,,,,3/26/2020 12:30,2020-03-26T12:30:00Z,03/26 08:30,42,219,,2020-03-26T12:30:00Z,41993,5513,,,,,,,,,,,,,,,,,25,579,3248,23645,4836,23645,,9,116,2f2e38ae27f7db204a1b169efb5afae2658d2716,0,0,0,0,0,
20200325,MA,1739,,18079,,totalTestsViral,37157,,103,,,,,,3/25/2020 16:00,2020-03-25T16:00:00Z,03/25 12:00,33,103,,2020-03-25T16:00:00Z,37157,4529,,,,,,,,,,,,,,,,,25,679,5365,19818,4484,19818,,7,9,1e7f3a6c7774e27f0a079d47d428405b2d00eb88,0,0,0,0,0,
20200324,MA,1060,,12714,,totalTestsViral,32673,,94,,,,,,3/24/2020 12:30,2020-03-24T12:30:00Z,03/24 08:30,26,94,,2020-03-24T12:30:00Z,32673,3737,,,,,,,,,,,,,,,,,25,382,4451,13774,4319,13774,,9,15,80f6f50e230a9879c35639f71711ef263afde5c2,0,0,0,0,0,
20200323,MA,678,,8263,,totalTestsViral,28354,,79,,,,,,3/23/2020 12:30,2020-03-23T12:30:00Z,03/23 08:30,17,79,,2020-03-23T12:30:00Z,28354,2999,,,,,,,,,,,,,,,,,25,131,2787,8941,4097,8941,,6,8,83967f8f99e5c6177914afd5af663f850c3fcd59,0,0,0,0,0,
20200322,MA,547,,5476,,totalTestsViral,24257,,71,,,,,,3/22/2020 16:00,2020-03-22T16:00:00Z,03/22 12:00,11,71,,2020-03-22T16:00:00Z,24257,2367,,,,,,,,,,,,,,,,,25,121,677,6023,2102,6023,,4,10,0cd7422b738febafa3b1e8e866b4ea7c8ef3675f,0,0,0,0,0,
20200321,MA,426,,4799,,totalTestsViral,22155,,61,,,,,,3/21/2020 16:00,2020-03-21T16:00:00Z,03/21 12:00,7,61,,2020-03-21T16:00:00Z,22155,2069,,,,,,,,,,,,,,,,,25,112,1004,5225,2771,5225,,2,61,c49b803e003e97547f8bbe8e5aad5e2393ff64a6,0,0,0,0,0,
20200320,MA,314,,3795,,totalTestsViral,19384,,,,,,,,3/20/2020 16:00,2020-03-20T16:00:00Z,03/20 12:00,5,,,2020-03-20T16:00:00Z,19384,1730,,,,,,,,,,,,,,,,,25,85,877,4109,3875,4109,,2,0,567fb2766fa28887f1680672c4f37c8226b64b51,0,0,0,0,0,
20200319,MA,229,,2918,,totalTestsViral,15509,,,,,,,,3/19/2020 11:30,2020-03-19T11:30:00Z,03/19 07:30,3,,,2020-03-19T11:30:00Z,15509,1336,,,,,,,,,,,,,,,,,25,73,803,3147,3138,3147,,1,0,4b6d4243b19e570c2d82d96a2829774f4bb6ef9c,0,0,0,0,0,
20200318,MA,156,,2115,,totalTestsViral,12371,,,,,,,,3/18/2020 16:00,2020-03-18T16:00:00Z,03/18 12:00,2,,,2020-03-18T16:00:00Z,12371,1050,,,,,,,,,,,,,,,,,25,38,482,2271,3226,2271,,2,0,6f630c3b42cdabbb0da38f7229f95c74e39cc5d5,0,0,0,0,0,
20200317,MA,118,,1633,,totalTestsViral,9145,,,,,,,,3/16/2020 16:00,2020-03-16T16:00:00Z,03/16 12:00,,,,2020-03-16T16:00:00Z,9145,787,,,,,,,,,,,,,,,,,25,21,434,1751,2790,1751,,0,0,ede14cc71be7775f943ae620a5944ee0a313a878,0,0,0,0,0,
20200316,MA,97,,1199,,totalTestsViral,6355,,,,,,,,3/16/2020 15:48,2020-03-16T15:48:00Z,03/16 11:48,,,,2020-03-16T15:48:00Z,6355,532,,,,,,,,,,,,,,,,,25,33,615,1296,2235,1296,,0,0,ed6ef0f5028594c582662f59b0f5dbb5ee3696b6,0,0,0,0,0,
20200315,MA,64,,584,,totalTestsViral,4120,,,,,,,,3/14/2020 16:00,2020-03-14T16:00:00Z,03/14 12:00,,,,2020-03-14T16:00:00Z,4120,380,,,,,,,,,,,,,,,,,25,26,584,648,1084,648,,0,0,5116bac7df5b03f078d8bd1d1604a0e1ef340670,0,0,0,0,0,
20200314,MA,38,,,,totalTestsViral,3036,,,,,,,,3/14/2020 16:00,2020-03-14T16:00:00Z,03/14 12:00,,,,2020-03-14T16:00:00Z,3036,308,,,,,,,,,,,,,,,,,25,15,0,38,935,38,,0,0,e6a9a61661d3be4555e85069cc8847b5719fb94c,0,0,0,0,0,
20200313,MA,23,,,,totalTestsViral,2101,,,,,,,,3/13/2020 16:00,2020-03-13T16:00:00Z,03/13 12:00,,,,2020-03-13T16:00:00Z,2101,234,,,,,,,,,,,,,,,,,25,15,0,23,985,23,,0,0,aab3bd8757ff41494a1e83be6c57af0750671619,0,0,0,0,0,
20200312,MA,8,,,,totalTestsViral,1116,,,,,,,,3/11/2020 00:00,2020-03-11T00:00:00Z,03/10 20:00,,,,2020-03-11T00:00:00Z,1116,170,,,,,,,,,,,,,,,,,25,8,0,8,432,8,,0,0,21cbbf480d01b65d435f12de3bee9da791c04f97,0,0,0,0,0,
20200311,MA,,,,,totalTestsViral,684,,,,,,,,,,,,,,,684,141,,,,,,,,,,,,,,,,,25,0,0,0,182,0,,0,0,42bb6b9baa9e715d6cbdda7c547dbcb52c0cbb25,0,0,0,0,0,
20200310,MA,,,,,totalTestsViral,502,,,,,,,,,,,,,,,502,118,,,,,,,,,,,,,,,,,25,0,0,0,109,0,,0,0,117e16dd591e1c8c777f9523040336bb42ea3b7c,0,0,0,0,0,
20200309,MA,,,,,totalTestsViral,393,,,,,,,,,,,,,,,393,104,,,,,,,,,,,,,,,,,25,0,0,0,81,0,,0,0,f0bab5be213707f5f7f69f2d3152409f9c8b2b1b,0,0,0,0,0,
20200308,MA,,,,,totalTestsViral,312,,,,,,,,,,,,,,,312,97,,,,,,,,,,,,,,,,,25,0,0,0,61,0,,0,0,048e5ca2840d896c68c11cac22631c57bf7d5ab4,0,0,0,0,0,
20200307,MA,,,,,totalTestsViral,251,,,,,,,,,,,,,,,251,77,,,,,,,,,,,,,,,,,25,0,0,0,100,0,,0,0,1dca334cebc502c792977b97e98bfea49a3bd27e,0,0,0,0,0,
20200306,MA,,,,,totalTestsViral,151,,,,,,,,,,,,,,,151,33,,,,,,,,,,,,,,,,,25,0,0,0,49,0,,0,0,02bb0922271c9a459acd64f63e07807cebf155d1,0,0,0,0,0,
20200305,MA,,,,,totalTestsViral,102,,,,,,,,,,,,,,,102,19,,,,,,,,,,,,,,,,,25,0,0,0,36,0,,0,0,3b54800366d623306d8f26e1b5d1154d156a960e,0,0,0,0,0,
20200304,MA,,,,,totalTestsViral,66,,,,,,,,,,,,,,,66,11,,,,,,,,,,,,,,,,,25,0,0,0,22,0,,0,0,fd839babf21466570f48d9f5bb304961381bde28,0,0,0,0,0,
20200303,MA,,,,,totalTestsViral,44,,,,,,,,,,,,,,,44,9,,,,,,,,,,,,,,,,,25,0,0,0,15,0,,0,0,256a22b87ce585c85d1ef6be452a3232157be50e,0,0,0,0,0,
20200302,MA,,,,,totalTestsViral,29,,,,,,,,,,,,,,,29,8,,,,,,,,,,,,,,,,,25,0,0,0,6,0,,0,0,002dae63c049dcae94e695918ad35aeb6659a406,0,0,0,0,0,
20200301,MA,,,,,totalTestsViral,23,,,,,,,,,,,,,,,23,7,,,,,,,,,,,,,,,,,25,0,0,0,4,0,,0,0,bf2832de91818c875ff9857dbc8a07451671095e,0,0,0,0,0,
20200229,MA,,,,,totalTestsViral,19,,,,,,,,,,,,,,,19,6,,,,,,,,,,,,,,,,,25,0,0,0,1,0,,0,0,5169fcafa07a91ba5c7553ffe052ebd42761ee3a,0,0,0,0,0,
20200228,MA,,,,,totalTestsViral,18,,,,,,,,,,,,,,,18,6,,,,,,,,,,,,,,,,,25,0,0,0,2,0,,0,0,19e567cabb753a5deed3f5c7eefee738b461743a,0,0,0,0,0,
20200227,MA,,,,,totalTestsViral,16,,,,,,,,,,,,,,,16,5,,,,,,,,,,,,,,,,,25,0,0,0,0,0,,0,0,6be091a7d47bda43ff2893572ead912709a724a8,0,0,0,0,0,
20200226,MA,,,,,totalTestsViral,16,,,,,,,,,,,,,,,16,5,,,,,,,,,,,,,,,,,25,0,0,0,0,0,,0,0,5419f4c618c73e974c4a9c0862ce32ed99cc6ac8,0,0,0,0,0,
20200225,MA,,,,,totalTestsViral,16,,,,,,,,,,,,,,,16,5,,,,,,,,,,,,,,,,,25,0,0,0,0,0,,0,0,f5869fce754da4083fe5a64f14ecb94339dd85bc,0,0,0,0,0,
20200224,MA,,,,,totalTestsViral,16,,,,,,,,,,,,,,,16,5,,,,,,,,,,,,,,,,,25,0,0,0,2,0,,0,0,66e2fdb40830c4cc4ca7855566f936a902c0ad24,0,0,0,0,0,
20200223,MA,,,,,totalTestsViral,14,,,,,,,,,,,,,,,14,4,,,,,,,,,,,,,,,,,25,0,0,0,0,0,,0,0,d717bd6c016ecc5226fd6777afc43fa308b8c340,0,0,0,0,0,
20200222,MA,,,,,totalTestsViral,14,,,,,,,,,,,,,,,14,4,,,,,,,,,,,,,,,,,25,0,0,0,0,0,,0,0,58dd39a6029d77a29f9940ff639ea9c2b3e95980,0,0,0,0,0,
20200221,MA,,,,,totalTestsViral,14,,,,,,,,,,,,,,,14,4,,,,,,,,,,,,,,,,,25,0,0,0,0,0,,0,0,2db36b93ec7ce91a51142b0a9a3a55dfd7350aea,0,0,0,0,0,
20200220,MA,,,,,totalTestsViral,14,,,,,,,,,,,,,,,14,4,,,,,,,,,,,,,,,,,25,0,0,0,1,0,,0,0,8996cafbbf6fa7dc24ead32b80fd1fd5d58aa414,0,0,0,0,0,
20200219,MA,,,,,totalTestsViral,13,,,,,,,,,,,,,,,13,3,,,,,,,,,,,,,,,,,25,0,0,0,0,0,,0,0,1f9a7565b4cd912d3aa498417952fcd78a11b39d,0,0,0,0,0,
20200218,MA,,,,,totalTestsViral,13,,,,,,,,,,,,,,,13,3,,,,,,,,,,,,,,,,,25,0,0,0,0,0,,0,0,c2134702ed9386ea461f13af2fe701ad9ca03375,0,0,0,0,0,
20200217,MA,,,,,totalTestsViral,13,,,,,,,,,,,,,,,13,3,,,,,,,,,,,,,,,,,25,0,0,0,0,0,,0,0,0389cd8240fea50df2c809fbb9ae5425554e6fd5,0,0,0,0,0,
20200216,MA,,,,,totalTestsViral,13,,,,,,,,,,,,,,,13,3,,,,,,,,,,,,,,,,,25,0,0,0,0,0,,0,0,9018d329f6b2b9a8ad22a0ef330e33f2abb7c8d2,0,0,0,0,0,
20200215,MA,,,,,totalTestsViral,13,,,,,,,,,,,,,,,13,3,,,,,,,,,,,,,,,,,25,0,0,0,0,0,,0,0,cbb45edb7335f582823015da0b612acc36a99ea5,0,0,0,0,0,
20200214,MA,,,,,totalTestsViral,13,,,,,,,,,,,,,,,13,3,,,,,,,,,,,,,,,,,25,0,0,0,0,0,,0,0,60aa51c0c5403365a17519aaae922694d02f102e,0,0,0,0,0,
20200213,MA,,,,,totalTestsViral,13,,,,,,,,,,,,,,,13,3,,,,,,,,,,,,,,,,,25,0,0,0,0,0,,0,0,8b6521ce3152710573ca0a93c368a7683065055c,0,0,0,0,0,
20200212,MA,,,,,totalTestsViral,13,,,,,,,,,,,,,,,13,3,,,,,,,,,,,,,,,,,25,0,0,0,1,0,,0,0,db35f4b091a5cb5c3895dbadb7f9301a3ff4de68,0,0,0,0,0,
20200211,MA,,,,,totalTestsViral,12,,,,,,,,,,,,,,,12,3,,,,,,,,,,,,,,,,,25,0,0,0,0,0,,0,0,010f0ec2ed558d331e7051ad38f59450cb9f0eb9,0,0,0,0,0,
20200210,MA,,,,,totalTestsViral,12,,,,,,,,,,,,,,,12,3,,,,,,,,,,,,,,,,,25,0,0,0,1,0,,0,0,7e41374d0493a78412be6f4c254a35f18addf101,0,0,0,0,0,
20200209,MA,,,,,totalTestsViral,11,,,,,,,,,,,,,,,11,2,,,,,,,,,,,,,,,,,25,0,0,0,0,0,,0,0,2242fc437ba6a8e1142c6166310863266af2c93c,0,0,0,0,0,
20200208,MA,,,,,totalTestsViral,11,,,,,,,,,,,,,,,11,2,,,,,,,,,,,,,,,,,25,0,0,0,1,0,,0,0,e608cd0fe78df6e6bd95405302296bbd700a5c23,0,0,0,0,0,
20200207,MA,,,,,totalTestsViral,10,,,,,,,,,,,,,,,10,2,,,,,,,,,,,,,,,,,25,0,0,0,0,0,,0,0,e76f8f72356d13babb71bda2ddce0e18f7f69919,0,0,0,0,0,
20200206,MA,,,,,totalTestsViral,10,,,,,,,,,,,,,,,10,2,,,,,,,,,,,,,,,,,25,0,0,0,1,0,,0,0,7d605ce8016fdbe76f726751237230c71f9f472b,0,0,0,0,0,
20200205,MA,,,,,totalTestsViral,9,,,,,,,,,,,,,,,9,1,,,,,,,,,,,,,,,,,25,0,0,0,0,0,,0,0,7876bd83d0b10d142c3a4ce077d432f6ec4b8a15,0,0,0,0,0,
20200204,MA,,,,,totalTestsViral,9,,,,,,,,,,,,,,,9,1,,,,,,,,,,,,,,,,,25,0,0,0,2,0,,0,0,a8cc5e79ac3d7ce183d73474ec7e052d4eb5a688,0,0,0,0,0,
20200203,MA,,,,,totalTestsViral,7,,,,,,,,,,,,,,,7,1,,,,,,,,,,,,,,,,,25,0,0,0,3,0,,0,0,1874362461403498604ecfa2eb8deda39444470e,0,0,0,0,0,
20200202,MA,,,,,totalTestsViral,4,,,,,,,,,,,,,,,4,1,,,,,,,,,,,,,,,,,25,0,0,0,0,0,,0,0,65765e6fa515c91b81efd95b6ad653f330ce6d3f,0,0,0,0,0,
20200201,MA,,,,,totalTestsViral,4,,,,,,,,,,,,,,,4,1,,,,,,,,,,,,,,,,,25,0,0,0,0,0,,0,0,5d80d5fd7354fa2ed600569e7c59abb0cec09657,0,0,0,0,0,
20200131,MA,,,,,totalTestsViral,4,,,,,,,,,,,,,,,4,1,,,,,,,,,,,,,,,,,25,0,0,0,0,0,,0,0,70f46faa7e06fd707b1620bdca00517fa319ac19,0,0,0,0,0,
20200130,MA,,,,,totalTestsViral,4,,,,,,,,,,,,,,,4,1,,,,,,,,,,,,,,,,,25,0,0,0,0,0,,0,0,09b1a0d4199b372dae4771bcb98340070141f24c,0,0,0,0,0,
20200129,MA,,,,,totalTestsViral,4,,,,,,,,,,,,,,,4,1,,,,,,,,,,,,,,,,,25,0,0,0,1,0,,0,0,0cf885ff1612aa65becf30017e553cad993a6c77,0,0,0,0,0,
20200128,MA,,,,,totalTestsViral,3,,,,,,,,,,,,,,,3,0,,,,,,,,,,,,,,,,,25,0,0,0,0,0,,0,0,8003bc281cdb34e3410d30355416cc7b6e95fb7c,0,0,0,0,0,
20200127,MA,,,,,totalTestsViral,3,,,,,,,,,,,,,,,3,0,,,,,,,,,,,,,,,,,25,0,0,0,1,0,,0,0,02687fbbb5dd2ed14a9936edd6ed371f51c4bb5d,0,0,0,0,0,
20200126,MA,,,,,totalTestsViral,2,,,,,,,,,,,,,,,2,0,,,,,,,,,,,,,,,,,25,0,0,0,0,0,,0,0,fd9480ed6fd593807d265ff29205691fc05a307e,0,0,0,0,0,
20200125,MA,,,,,totalTestsViral,2,,,,,,,,,,,,,,,2,0,,,,,,,,,,,,,,,,,25,0,0,0,0,0,,0,0,f79ed01ae55260cd1e7b765b01e346325cc17310,0,0,0,0,0,
20200124,MA,,,,,totalTestsViral,2,,,,,,,,,,,,,,,2,0,,,,,,,,,,,,,,,,,25,0,0,0,0,0,,0,0,6f623594a72269ff13aa5107e974af86c0b46ab1,0,0,0,0,0,
20200123,MA,,,,,totalTestsViral,2,,,,,,,,,,,,,,,2,0,,,,,,,,,,,,,,,,,25,0,0,0,1,0,,0,0,eed4ade7b90a8d246fc14403a94865ada35e6404,0,0,0,0,0,
20200122,MA,,,,,totalTestsViral,1,,,,,,,,,,,,,,,1,0,,,,,,,,,,,,,,,,,25,0,0,0,0,0,,0,0,e1386e92d5d8ea08a041469b0dbe2c0236c4533a,0,0,0,0,0,
