date,state,positive,probableCases,negative,pending,totalTestResultsSource,totalTestResults,hospitalizedCurrently,hospitalizedCumulative,inIcuCurrently,inIcuCumulative,onVentilatorCurrently,onVentilatorCumulative,recovered,lastUpdateEt,dateModified,checkTimeEt,death,hospitalized,hospitalizedDischarged,dateChecked,totalTestsViral,positiveTestsViral,negativeTestsViral,positiveCasesViral,deathConfirmed,deathProbable,totalTestEncountersViral,totalTestsPeopleViral,totalTestsAntibody,positiveTestsAntibody,negativeTestsAntibody,totalTestsPeopleAntibody,positiveTestsPeopleAntibody,negativeTestsPeopleAntibody,totalTestsPeopleAntigen,positiveTestsPeopleAntigen,totalTestsAntigen,positiveTestsAntigen,fips,positiveIncrease,negativeIncrease,total,totalTestResultsIncrease,posNeg,dataQualityGrade,deathIncrease,hospitalizedIncrease,hash,commercialScore,negativeRegularScore,negativeScore,positiveScore,score,grade
20210307,AZ,826454,56519,3073010,,totalTestsViral,7908105,963,57907,273,,143,,,3/7/2021 00:00,2021-03-07T00:00:00Z,03/06 19:00,16328,57907,118932,2021-03-07T00:00:00Z,7908105,,,769935,14403,1925,,3842945,580569,,,444089,,,,,,,04,1335,13678,3899464,45110,3899464,,5,44,0437a7a96f4471666f775e63e86923eb5cbd8cdf,0,0,0,0,0,
20210306,AZ,825119,56362,3059332,,totalTestsViral,7862995,966,57863,280,,140,,,3/6/2021 00:00,2021-03-06T00:00:00Z,03/05 19:00,16323,57863,118674,2021-03-06T00:00:00Z,7862995,,,768757,14395,1928,,3828089,580318,,,443336,,,,,,,04,1735,8442,3884451,35425,3884451,,54,44,fe32df4f1eebde19a9abc6e49ffa14678acf3860,0,0,0,0,0,
20210305,AZ,823384,55824,3050890,,totalTestsViral,7827570,1043,57819,325,,154,,,3/5/2021 00:00,2021-03-05T00:00:00Z,03/04 19:00,16269,57819,118391,2021-03-05T00:00:00Z,7827570,,,767560,14339,1930,,3818450,579560,,,441664,,,,,,,04,2276,18778,3874274,51727,3874274,,84,72,ad2334b2965b3550014f273dbbfa397c1b36a443,0,0,0,0,0,
20210304,AZ,821108,55604,3032112,,totalTestsViral,7775843,1072,57747,343,,165,,,3/4/2021 00:00,2021-03-04T00:00:00Z,03/03 19:00,16185,57747,118087,2021-03-04T00:00:00Z,7775843,,,765504,14264,1921,,3797616,578537,,,441041,,,,,,,04,1154,9402,3853220,36482,3853220,,96,50,ca7d545ff38d5809c2049ca9efb601d21a1ef17a,0,0,0,0,0,
20210303,AZ,819954,55423,3022710,,totalTestsViral,7739361,1165,57697,381,,177,,,3/3/2021 00:00,2021-03-03T00:00:00Z,03/02 19:00,16089,57697,117776,2021-03-03T00:00:00Z,7739361,,,764531,14176,1913,,3787241,577188,,,440209,,,,,,,04,1284,15039,3842664,37881,3842664,,29,106,943392b32fb02193c12424298570c685262bb8d1,0,0,0,0,0,
20210302,AZ,818670,55254,3007671,,totalTestsViral,7701480,1202,57591,385,,203,,,3/2/2021 00:00,2021-03-02T00:00:00Z,03/01 19:00,16060,57591,117473,2021-03-02T00:00:00Z,7701480,,,763416,14158,1902,,3771087,576217,,,439893,,,,,,,04,849,5459,3826341,18991,3826341,,81,2,655aee8aa9e68a94263e59e07ff783c1dd5dc144,0,0,0,0,0,
20210301,AZ,817821,55169,3002212,,totalTestsViral,7682489,1241,57589,382,,196,,,3/1/2021 00:00,2021-03-01T00:00:00Z,02/28 19:00,15979,57589,117157,2021-03-01T00:00:00Z,7682489,,,762652,14100,1879,,3764864,575979,,,439644,,,,,,,04,1039,5381,3820033,19066,3820033,,-1,-10,88b0dbe170dd476127bc4ac56fc25c6c83d017fb,0,0,0,0,0,
20210228,AZ,816782,55114,2996831,,totalTestsViral,7663423,1251,57599,402,,210,,,2/28/2021 00:00,2021-02-28T00:00:00Z,02/27 19:00,15980,57599,116866,2021-02-28T00:00:00Z,7663423,,,761668,14099,1881,,3758499,575378,,,438754,,,,,,,04,1075,9935,3813613,40030,3813613,,13,91,aa0a805470494c899303dc03460a020388471cea,0,0,0,0,0,
20210227,AZ,815707,55028,2986896,,totalTestsViral,7623393,1317,57508,415,,220,,,2/27/2021 00:00,2021-02-27T00:00:00Z,02/26 19:00,15967,57508,116543,2021-02-27T00:00:00Z,7623393,,,760679,14091,1876,,3747575,574247,,,438011,,,,,,,04,1179,6455,3802603,26841,3802603,,70,48,1c37827f8eefb2e61d883eed2223f50b354a14e8,0,0,0,0,0,
20210226,AZ,814528,54902,2980441,,totalTestsViral,7596552,1354,57460,419,,225,,,2/26/2021 00:00,2021-02-26T00:00:00Z,02/25 19:00,15897,57460,116223,2021-02-26T00:00:00Z,7596552,,,759626,14028,1869,,3740067,572668,,,437195,,,,,,,04,1621,10049,3794969,46775,3794969,,83,70,098c75f4b96dd776ee601652c5c94c5053ec9f08,0,0,0,0,0,
20210225,AZ,812907,54730,2970392,,totalTestsViral,7549777,1385,57390,415,,241,,,2/25/2021 00:00,2021-02-25T00:00:00Z,02/24 19:00,15814,57390,115891,2021-02-25T00:00:00Z,7549777,,,758177,13957,1857,,3728569,570842,,,436216,,,,,,,04,939,10195,3783299,37382,3783299,,121,234,c7a4d8810a5ae3202e9f9a0075c9ba5732c774cb,0,0,0,0,0,
20210224,AZ,811968,54615,2960197,,totalTestsViral,7512395,1449,57156,430,,253,,,2/24/2021 00:00,2021-02-24T00:00:00Z,02/23 19:00,15693,57156,115531,2021-02-24T00:00:00Z,7512395,,,757353,13846,1847,,3717550,568862,,,435519,,,,,,,04,1310,6987,3772165,34072,3772165,,43,84,89bc0b942310d622e556bb0854e3116151d7afa0,0,0,0,0,0,
20210223,AZ,810658,54503,2953210,,totalTestsViral,7478323,1515,57072,447,,266,,,2/23/2021 00:00,2021-02-23T00:00:00Z,02/22 19:00,15650,57072,115176,2021-02-23T00:00:00Z,7478323,,,756155,13821,1829,,3709365,567459,,,435091,,,,,,,04,1184,5108,3763868,19439,3763868,,148,78,bc1892c8a68ab56d6800ba05c4f7da18492dc5a1,0,0,0,0,0,
20210222,AZ,809474,54423,2948102,,totalTestsViral,7458884,1590,56994,478,,299,,,2/22/2021 00:00,2021-02-22T00:00:00Z,02/21 19:00,15502,56994,114855,2021-02-22T00:00:00Z,7458884,,,755051,13692,1810,,3703153,566978,,,434783,,,,,,,04,1507,7865,3757576,25436,3757576,,-3,48,cb48ae1ea18910aefaa12dfccd8d0d75723967e7,0,0,0,0,0,
20210221,AZ,807967,54387,2940237,,totalTestsViral,7433448,1598,56946,501,,286,,,2/21/2021 00:00,2021-02-21T00:00:00Z,02/20 19:00,15505,56946,114497,2021-02-21T00:00:00Z,7433448,,,753580,13694,1811,,3693817,566114,,,433811,,,,,,,04,1804,9077,3748204,37120,3748204,,25,74,6926108811aec6fc40cbf0bbff0b770b3897f979,0,0,0,0,0,
20210220,AZ,806163,54212,2931160,,totalTestsViral,7396328,1650,56872,517,,294,,,2/20/2021 00:00,2021-02-20T00:00:00Z,02/19 19:00,15480,56872,114119,2021-02-20T00:00:00Z,7396328,,,751951,13674,1806,,3683111,564619,,,432949,,,,,,,04,2047,12255,3737323,45153,3737323,,59,140,54528ae1664ac29da72e0e0244a0767f3b561867,0,0,0,0,0,
20210219,AZ,804116,54047,2918905,,totalTestsViral,7351175,1738,56732,563,,334,,,2/19/2021 00:00,2021-02-19T00:00:00Z,02/18 19:00,15421,56732,113697,2021-02-19T00:00:00Z,7351175,,,750069,13628,1793,,3668974,562963,,,432012,,,,,,,04,1918,12203,3723021,44506,3723021,,145,642,716266c09717de1bd0befc23a3b749b42231c17a,0,0,0,0,0,
20210218,AZ,802198,53871,2906702,,totalTestsViral,7306669,1823,56090,566,,330,,,2/18/2021 00:00,2021-02-18T00:00:00Z,02/17 19:00,15276,56090,113271,2021-02-18T00:00:00Z,7306669,,,748327,13510,1766,,3655029,560865,,,430690,,,,,,,04,1143,5466,3708900,25392,3708900,,213,107,8b80fb914ede8eabf604e9d850d601ac91faebfd,0,0,0,0,0,
20210217,AZ,801055,53685,2901236,,totalTestsViral,7281277,1941,55983,593,,354,,,2/17/2021 00:00,2021-02-17T00:00:00Z,02/16 19:00,15063,55983,112868,2021-02-17T00:00:00Z,7281277,,,747370,13328,1735,,3648606,559074,,,430371,,,,,,,04,1315,4592,3702291,19717,3702291,,82,118,23f5cd7c9a20ba5f859fcbc61f61bc6c07d813b1,0,0,0,0,0,
20210216,AZ,799740,53590,2896644,,totalTestsViral,7261560,2047,55865,601,,383,,,2/16/2021 00:00,2021-02-16T00:00:00Z,02/15 19:00,14981,55865,112430,2021-02-16T00:00:00Z,7261560,,,746150,13253,1728,,3642794,557794,,,429909,,,,,,,04,1132,5017,3696384,18492,3696384,,3,88,b744b0ac792649ecc2da42d598f388fcd6ad2a0a,0,0,0,0,0,
20210215,AZ,798608,53559,2891627,,totalTestsViral,7243068,2119,55777,644,,397,,,2/15/2021 00:00,2021-02-15T00:00:00Z,02/14 19:00,14978,55777,112062,2021-02-15T00:00:00Z,7243068,,,745049,13250,1728,,3636676,557403,,,429882,,,,,,,04,1338,7240,3690235,24365,3690235,,0,110,194e8626d6a9a1de97b50b26e95cbf14b3d01234,0,0,0,0,0,
20210214,AZ,797270,53494,2884387,,totalTestsViral,7218703,2213,55667,661,,399,,,2/14/2021 00:00,2021-02-14T00:00:00Z,02/13 19:00,14978,55667,111649,2021-02-14T00:00:00Z,7218703,,,743776,13250,1728,,3628163,556629,,,429001,,,,,,,04,1947,9627,3681657,39033,3681657,,30,108,0c0b4ee0226ad3a7ad705cf6a5f48f1c0e104dae,0,0,0,0,0,
20210213,AZ,795323,53357,2874760,,totalTestsViral,7179670,2300,55559,701,,412,,,2/13/2021 00:00,2021-02-13T00:00:00Z,02/12 19:00,14948,55559,111173,2021-02-13T00:00:00Z,7179670,,,741966,13229,1719,,3616726,554886,,,428010,,,,,,,04,1791,9905,3670083,38753,3670083,,114,146,a2f824e9488f82d82465ec3936a1707539802636,0,0,0,0,0,
20210212,AZ,793532,53218,2864855,,totalTestsViral,7140917,2396,55413,705,,466,,,2/12/2021 00:00,2021-02-12T00:00:00Z,02/11 19:00,14834,55413,110642,2021-02-12T00:00:00Z,7140917,,,740314,13128,1706,,3605169,552818,,,427041,,,,,,,04,2426,9590,3658387,35221,3658387,,172,141,658735f1fd4ad8909a7ecefa7899eb07bbc8a6e0,0,0,0,0,0,
20210211,AZ,791106,52978,2855265,,totalTestsViral,7105696,2507,55272,719,,481,,,2/11/2021 00:00,2021-02-11T00:00:00Z,02/10 19:00,14662,55272,110104,2021-02-11T00:00:00Z,7105696,,,738128,12983,1679,,3593393,551406,,,426189,,,,,,,04,1861,13770,3646371,43920,3646371,,200,184,089710f49d01d4ba4abe5ad679e9a8b59fcbadeb,0,0,0,0,0,
20210210,AZ,789245,52525,2841495,,totalTestsViral,7061776,2589,55088,763,,508,,,2/10/2021 00:00,2021-02-10T00:00:00Z,02/09 19:00,14462,55088,109543,2021-02-10T00:00:00Z,7061776,,,736720,12837,1625,,3578215,549670,,,425012,,,,,,,04,1977,6965,3630740,24650,3630740,,176,121,3449909a470dce023820000fde49b02ecb1f0b6c,0,0,0,0,0,
20210209,AZ,787268,52032,2834530,,totalTestsViral,7037126,2744,54967,797,,524,,,2/9/2021 00:00,2021-02-09T00:00:00Z,02/08 19:00,14286,54967,108965,2021-02-09T00:00:00Z,7037126,,,735236,12702,1584,,3569766,548188,,,424813,,,,,,,04,4381,14216,3621798,43464,3621798,,231,254,5ba7d53ee8110743cda33c9e92ba10988275d754,0,0,0,0,0,
20210208,AZ,782887,51100,2820314,,totalTestsViral,6993662,2853,54713,828,,536,,,2/8/2021 00:00,2021-02-08T00:00:00Z,02/07 19:00,14055,54713,108495,2021-02-08T00:00:00Z,6993662,,,731787,12487,1568,,3552101,547915,,,423799,,,,,,,04,2250,2049,3603201,11514,3603201,,7,56,00f47fa368ab5bf840d744b04fd2f22ec5c41382,0,0,0,0,0,
20210207,AZ,780637,50509,2818265,,totalTestsViral,6982148,2910,54657,838,,561,,,2/7/2021 00:00,2021-02-07T00:00:00Z,02/06 19:00,14048,54657,107979,2021-02-07T00:00:00Z,6982148,,,730128,12480,1568,,3548393,547275,,,423601,,,,,,,04,1544,16776,3598902,59968,3598902,,37,150,f61a561f3ab23541b5e6c842b0b8196b33d147d0,0,0,0,0,0,
20210206,AZ,779093,50485,2801489,,totalTestsViral,6922180,3060,54507,849,,561,,,2/6/2021 00:00,2021-02-06T00:00:00Z,02/05 19:00,14011,54507,107304,2021-02-06T00:00:00Z,6922180,,,728608,12451,1560,,3530097,545719,,,421751,,,,,,,04,3471,7563,3580582,33060,3580582,,63,198,98d135751d208d146c7b23dc188f8d7b11855f6b,0,0,0,0,0,
20210205,AZ,775622,49963,2793926,,totalTestsViral,6889120,3167,54309,909,,573,,,2/5/2021 00:00,2021-02-05T00:00:00Z,02/04 19:00,13948,54309,106698,2021-02-05T00:00:00Z,6889120,,,725659,12399,1549,,3519585,543935,,,421679,,,,,,,04,3826,12298,3569548,47208,3569548,,196,218,6846a08ac6d881fd7b337760865a6ab8e63ea232,0,0,0,0,0,
20210204,AZ,771796,49544,2781628,,totalTestsViral,6841912,3303,54091,946,,618,,,2/4/2021 00:00,2021-02-04T00:00:00Z,02/03 19:00,13752,54091,106058,2021-02-04T00:00:00Z,6841912,,,722252,12224,1528,,3503880,541820,,,420413,,,,,,,04,4417,10763,3553424,46724,3553424,,176,659,71adbd440aa4140e3e879cf274f1341aefe7c850,0,0,0,0,0,
20210203,AZ,767379,48893,2770865,,totalTestsViral,6795188,3456,53432,955,,646,,,2/3/2021 00:00,2021-02-03T00:00:00Z,02/02 19:00,13576,53432,105379,2021-02-03T00:00:00Z,6795188,,,718486,12059,1517,,3489351,539976,,,419516,,,,,,,04,2296,10453,3538244,40519,3538244,,214,283,b09eb630af219bf723ba77dc536cfe2f25d0719c,0,0,0,0,0,
20210202,AZ,765083,48574,2760412,,totalTestsViral,6754669,3513,53149,944,,671,,,2/2/2021 00:00,2021-02-02T00:00:00Z,02/01 19:00,13362,53149,104681,2021-02-02T00:00:00Z,6754669,,,716509,11912,1450,,3476921,538419,,,418964,,,,,,,04,2938,6876,3525495,28419,3525495,,238,163,20d4b3bda1f77ff1588c87aa1d9afa09be7d62cb,0,0,0,0,0,
20210201,AZ,762145,48344,2753536,,totalTestsViral,6726250,3654,52986,984,,662,,,2/1/2021 00:00,2021-02-01T00:00:00Z,01/31 19:00,13124,52986,104102,2021-02-01T00:00:00Z,6726250,,,713801,11707,1417,,3467337,538066,,,418734,,,,,,,04,3741,6493,3515681,27498,3515681,,4,222,df6fd4dd1cb3e9d2949b12043ed7c46713a1af90,0,0,0,0,0,
20210131,AZ,758404,48131,2747043,,totalTestsViral,6698752,3664,52764,979,,663,,,1/31/2021 00:00,2021-01-31T00:00:00Z,01/30 19:00,13120,52764,103439,2021-01-31T00:00:00Z,6698752,,,710273,11702,1418,,3457316,537315,,,418037,,,,,,,04,5025,12580,3505447,54820,3505447,,22,758,70db354872d2ffa70a81c8da18d5126b2919cf60,0,0,0,0,0,
20210130,AZ,753379,47715,2734463,,totalTestsViral,6643932,3828,52006,984,,645,,,1/30/2021 00:00,2021-01-30T00:00:00Z,01/29 19:00,13098,52006,102678,2021-01-30T00:00:00Z,6643932,,,705664,11682,1416,,3440127,535655,,,416806,,,,,,,04,5119,12170,3487842,54791,3487842,,76,435,0a25d565545066af8507a92917be60493d6289b4,0,0,0,0,0,
20210129,AZ,748260,47234,2722293,,totalTestsViral,6589141,3970,51571,1002,,678,,,1/29/2021 00:00,2021-01-29T00:00:00Z,01/28 19:00,13022,51571,101891,2021-01-29T00:00:00Z,6589141,,,701026,11612,1410,,3423319,533935,,,416081,,,,,,,04,5028,9446,3470553,39573,3470553,,203,222,f13b099b226e172441ecd5495f12c16a6fa93068,0,0,0,0,0,
20210128,AZ,743232,46684,2712847,,totalTestsViral,6549568,4087,51349,1023,,692,,,1/28/2021 00:00,2021-01-28T00:00:00Z,01/27 19:00,12819,51349,101104,2021-01-28T00:00:00Z,6549568,,,696548,11440,1379,,3409395,531723,,,415234,,,,,,,04,4671,10704,3456079,45161,3456079,,176,312,2b85f915a0f34330677a84453e0dada65d47f00f,0,0,0,0,0,
20210127,AZ,738561,46062,2702143,,totalTestsViral,6504407,4250,51037,1024,,686,,,1/27/2021 00:00,2021-01-27T00:00:00Z,01/26 19:00,12643,51037,100281,2021-01-27T00:00:00Z,6504407,,,692499,11292,1351,,3394642,529787,,,414456,,,,,,,04,5918,10852,3440704,42093,3440704,,195,380,623f1483aeab6edbc776c17690482835a070c17b,0,0,0,0,0,
20210126,AZ,732643,44887,2691291,,totalTestsViral,6462314,4221,50657,1028,,687,,,1/26/2021 00:00,2021-01-26T00:00:00Z,01/25 19:00,12448,50657,99529,2021-01-26T00:00:00Z,6462314,,,687756,11117,1331,,3379047,528280,,,413431,,,,,,,04,4748,8414,3423934,32515,3423934,,209,174,b28d3afb8a9146be5b94138ee5a69c67e97bbb22,0,0,0,0,0,
20210125,AZ,727895,44579,2682877,,totalTestsViral,6429799,4229,50483,1027,,702,,,1/25/2021 00:00,2021-01-25T00:00:00Z,01/24 19:00,12239,50483,98779,2021-01-25T00:00:00Z,6429799,,,683316,10942,1297,,3366193,527775,,,413052,,,,,,,04,5321,11106,3410772,44580,3410772,,1,219,a70f20674ee49c7f3419cbc4160f4c2a4d935e7b,0,0,0,0,0,
20210124,AZ,722574,44099,2671771,,totalTestsViral,6385219,4320,50264,1054,,720,,,1/24/2021 00:00,2021-01-24T00:00:00Z,01/23 19:00,12238,50264,97960,2021-01-24T00:00:00Z,6385219,,,678475,10941,1297,,3350246,526923,,,412340,,,,,,,04,7217,14605,3394345,60774,3394345,,68,301,788f19c50c8fa554011832b14f822e9d6e38329b,0,0,0,0,0,
20210123,AZ,715357,43328,2657166,,totalTestsViral,6324445,4442,49963,1049,,728,,,1/23/2021 00:00,2021-01-23T00:00:00Z,01/22 19:00,12170,49963,97062,2021-01-23T00:00:00Z,6324445,,,672029,10879,1291,,3329195,525195,,,409919,,,,,,,04,7316,13981,3372523,55354,3372523,,169,361,29bd9f0dacad4f4cf35749c9b3929c45cc4d5923,0,0,0,0,0,
20210122,AZ,708041,42535,2643185,,totalTestsViral,6269091,4495,49602,1054,,739,,,1/22/2021 00:00,2021-01-22T00:00:00Z,01/21 19:00,12001,49602,96193,2021-01-22T00:00:00Z,6269091,,,665506,10734,1267,,3308691,523200,,,408936,,,,,,,04,8099,14839,3351226,53519,3351226,,229,998,8bbd8c208cbd1cad6d28998db7dd884477a285d3,0,0,0,0,0,
20210121,AZ,699942,40988,2628346,,totalTestsViral,6215572,4580,48604,1058,,731,,,1/21/2021 00:00,2021-01-21T00:00:00Z,01/20 19:00,11772,48604,95230,2021-01-21T00:00:00Z,6215572,,,658954,10543,1229,,3287300,521618,,,407811,,,,,,,04,9398,25262,3328288,69803,3328288,,244,397,872f88bcf06fd9881f52fd2c50bdbf52dd42ea05,0,0,0,0,0,
20210120,AZ,690544,38353,2603084,,totalTestsViral,6145769,4663,48207,1050,,778,,,1/20/2021 00:00,2021-01-20T00:00:00Z,01/19 19:00,11528,48207,94237,2021-01-20T00:00:00Z,6145769,,,652191,10341,1187,,3255275,519466,,,406778,,,,,,,04,4845,13211,3293628,44229,3293628,,262,486,156becad420535f3fda5633bf65d69767786f5ae,0,0,0,0,0,
20210119,AZ,685699,37996,2589873,,totalTestsViral,6101540,4780,47721,1105,,797,,,1/19/2021 00:00,2021-01-19T00:00:00Z,01/18 19:00,11266,47721,93289,2021-01-19T00:00:00Z,6101540,,,647703,10128,1138,,3237576,517937,,,406440,,,,,,,04,6417,5987,3275572,32341,3275572,,1,526,d61b7482b39bf6f32c46e40de68f7ae44f373c92,0,0,0,0,0,
20210118,AZ,679282,37763,2583886,,totalTestsViral,6069199,4752,47195,1097,,797,,,1/18/2021 00:00,2021-01-18T00:00:00Z,01/17 19:00,11265,47195,92463,2021-01-18T00:00:00Z,6069199,,,641519,10125,1140,,3225405,517482,,,405387,,,,,,,04,5400,9529,3263168,39679,3263168,,-1,114,a7da58553f5c0284abe5d6876b8b3ae4bb846720,0,0,0,0,0,
20210117,AZ,673882,37418,2574357,,totalTestsViral,6029520,4773,47081,1118,,800,,,1/17/2021 00:00,2021-01-17T00:00:00Z,01/16 19:00,11266,47081,91604,2021-01-17T00:00:00Z,6029520,,,636464,10124,1142,,3210821,516750,,,404864,,,,,,,04,6981,11175,3248239,60494,3248239,,18,433,14bd7f9cbcad1ecfed04382dd73ac6c8d6f121c5,0,0,0,0,0,
20210116,AZ,666901,36906,2563182,,totalTestsViral,5969026,4849,46648,1144,,821,,,1/16/2021 00:00,2021-01-16T00:00:00Z,01/15 19:00,11248,46648,90640,2021-01-16T00:00:00Z,5969026,,,629995,10115,1133,,3193177,514886,,,403762,,,,,,,04,8715,11054,3230083,56755,3230083,,208,983,8502661f1dd005fa6954a8a2d99565fe17d5a48b,0,0,0,0,0,
20210115,AZ,658186,36409,2552128,,totalTestsViral,5912271,4866,45665,1138,,753,,,1/15/2021 00:00,2021-01-15T00:00:00Z,01/14 19:00,11040,45665,89665,2021-01-15T00:00:00Z,5912271,,,621777,9931,1109,,3173905,513006,,,402939,,,,,,,04,9146,12383,3210314,58182,3210314,,185,405,562c6d7c43b25eec75748eedea93d779fe00412e,0,0,0,0,0,
20210114,AZ,649040,35738,2539745,,totalTestsViral,5854089,4930,45260,1167,,821,,,1/14/2021 00:00,2021-01-14T00:00:00Z,01/13 19:00,10855,45260,88666,2021-01-14T00:00:00Z,5854089,,,613302,9778,1077,,3153047,511180,,,401958,,,,,,,04,7311,14858,3188785,65768,3188785,,182,397,3ef3d1e38099a65a3e320c70d2b55de42b078852,0,0,0,0,0,
20210113,AZ,641729,34881,2524887,,totalTestsViral,5788321,5055,44863,1158,,805,,,1/13/2021 00:00,2021-01-13T00:00:00Z,01/12 19:00,10673,44863,87672,2021-01-13T00:00:00Z,5788321,,,606848,9620,1053,,3131735,509039,,,401017,,,,,,,04,5629,10993,3166616,45878,3166616,,191,474,b68d73e43418bd977175db56bde4d1e6aeeaf211,0,0,0,0,0,
20210112,AZ,636100,34250,2513894,,totalTestsViral,5742443,5082,44389,1183,,786,,,1/12/2021 00:00,2021-01-12T00:00:00Z,01/11 19:00,10482,44389,86757,2021-01-12T00:00:00Z,5742443,,,601850,9438,1044,,3115744,507483,,,399611,,,,,,,04,8559,10178,3149994,45750,3149994,,335,753,ac99f764b1063909f7cb88efd9a26dbfaa363645,0,0,0,0,0,
20210111,AZ,627541,33848,2503716,,totalTestsViral,5696693,4997,43636,1158,,783,,,1/11/2021 00:00,2021-01-11T00:00:00Z,01/10 19:00,10147,43636,85912,2021-01-11T00:00:00Z,5696693,,,593693,9123,1024,,3097409,507098,,,399328,,,,,,,04,8995,13545,3131257,61574,3131257,,6,54,60005b7fe1bb15822c1e9935a2caba41a6150c8f,0,0,0,0,0,
20210110,AZ,618546,33455,2490171,,totalTestsViral,5635119,4988,43582,1122,,791,,,1/10/2021 00:00,2021-01-10T00:00:00Z,01/09 19:00,10141,43582,85004,2021-01-10T00:00:00Z,5635119,,,585091,9102,1039,,3075262,506459,,,398856,,,,,,,04,11201,20312,3108717,77755,3108717,,105,487,36728d67a9477e31bac83541dc0ef6c63dda61cf,0,0,0,0,0,
20210109,AZ,607345,32698,2469859,,totalTestsViral,5557364,4918,43095,1121,,791,,,1/9/2021 00:00,2021-01-09T00:00:00Z,01/08 19:00,10036,43095,84029,2021-01-09T00:00:00Z,5557364,,,574647,9001,1035,,3044506,504461,,,398232,,,,,,,04,11094,17242,3077204,75067,3077204,,98,377,aa230b28a16b262e83e5b89642afe65350ee02b9,0,0,0,0,0,
20210108,AZ,596251,31714,2452617,,totalTestsViral,5482297,4907,42718,1122,,799,,,1/8/2021 00:00,2021-01-08T00:00:00Z,01/07 19:00,9938,42718,83095,2021-01-08T00:00:00Z,5482297,,,564537,8918,1020,,3017154,502366,,,395565,,,,,,,04,11658,16778,3048868,66243,3048868,,197,606,9003a60eaea40bf49c89cbcd65e7805fc9c706de,0,0,0,0,0,
20210107,AZ,584593,30620,2435839,,totalTestsViral,5416054,4920,42112,1101,,776,,,1/7/2021 00:00,2021-01-07T00:00:00Z,01/06 19:00,9741,42112,82155,2021-01-07T00:00:00Z,5416054,,,553973,8753,988,,2989812,500180,,,394583,,,,,,,04,9913,6941,3020432,41550,3020432,,297,1049,13e5885b2654c7cd764c1bdade7923cfaa1b818c,0,0,0,0,0,
20210106,AZ,574680,29544,2428898,,totalTestsViral,5374504,4877,41063,1084,,747,,,1/6/2021 00:00,2021-01-06T00:00:00Z,01/05 19:00,9444,41063,81214,2021-01-06T00:00:00Z,5374504,,,545136,8493,951,,2974034,498185,,,394030,,,,,,,04,7206,13885,3003578,50474,3003578,,127,760,c3d5aa4517a2f231cb427927a32886efc08982f6,0,0,0,0,0,
20210105,AZ,567474,28755,2415013,,totalTestsViral,5324030,4789,40303,1096,,761,,,1/5/2021 00:00,2021-01-05T00:00:00Z,01/04 19:00,9317,40303,80302,2021-01-05T00:00:00Z,5324030,,,538719,8398,919,,2953732,496403,,,393396,,,,,,,04,5932,10699,2982487,35372,2982487,,253,406,6dfb5ba7969395117738b55e4fa36ce1c5b98ef5,0,0,0,0,0,
20210104,AZ,561542,28267,2404314,,totalTestsViral,5288658,4647,39897,1082,,782,,,1/4/2021 00:00,2021-01-04T00:00:00Z,01/03 19:00,9064,39897,79480,2021-01-04T00:00:00Z,5288658,,,533275,8173,891,,2937589,495894,,,393204,,,,,,,04,5158,9906,2965856,31186,2965856,,3,169,53a7f91facd6ae4e4c1eb8eff41981c09e375b70,0,0,0,0,0,
20210103,AZ,556384,28025,2394408,,totalTestsViral,5257472,4557,39728,1081,,762,,,1/3/2021 00:00,2021-01-03T00:00:00Z,01/02 19:00,9061,39728,78690,2021-01-03T00:00:00Z,5257472,,,528359,8168,893,,2922767,495218,,,392432,,,,,,,04,17234,1072,2950792,38751,2950792,,0,289,f52451fc56f37cbda42e7dfb26d970fc0ab4ac78,0,0,0,0,0,
20210102,AZ,539150,27103,2393336,,totalTestsViral,5218721,4484,39439,1074,,761,,,1/2/2021 00:00,2021-01-02T00:00:00Z,01/01 19:00,9061,39439,77867,2021-01-02T00:00:00Z,5218721,,,512047,8166,895,,2905383,494862,,,391561,,,,,,,04,8883,18266,2932486,63391,2932486,,46,593,25d55dde53d51374520c226f514f66fe9d52e7a0,0,0,0,0,0,
20210101,AZ,530267,26469,2375070,,totalTestsViral,5155330,4501,38846,1072,,759,,,1/1/2021 00:00,2021-01-01T00:00:00Z,12/31 19:00,9015,38846,76934,2021-01-01T00:00:00Z,5155330,,,503798,8128,887,,2878868,493757,,,391040,,,,,,,04,10060,35435,2905337,95560,2905337,,151,1589,b55af6c611b73d3f41850df58cc2f1d9ae941060,0,0,0,0,0,
20201231,AZ,520207,25090,2339635,,totalTestsViral,5059770,4564,37257,1028,,746,,,12/31/2020 00:00,2020-12-31T00:00:00Z,12/30 19:00,8864,37257,75981,2020-12-31T00:00:00Z,5059770,,,495117,8006,858,,2834752,491918,,,390387,,,,,,,04,7718,15472,2859842,55959,2859842,,146,473,f530229f12fb08ec3f24789b1a975a970d6d4c77,0,0,0,0,0,
20201230,AZ,512489,24186,2324163,,totalTestsViral,5003811,4526,36784,1076,,750,,,12/30/2020 00:00,2020-12-30T00:00:00Z,12/29 19:00,8718,36784,75095,2020-12-30T00:00:00Z,5003811,,,488303,7892,826,,2812466,490174,,,389684,,,,,,,04,5267,13587,2836652,42124,2836652,,78,709,e2e4df6519a40c97775bca625f7e9734c02454d5,0,0,0,0,0,
20201229,AZ,507222,23436,2310576,,totalTestsViral,4961687,4475,36075,1053,,720,,,12/29/2020 00:00,2020-12-29T00:00:00Z,12/28 19:00,8640,36075,74223,2020-12-29T00:00:00Z,4961687,,,483786,7837,803,,2794362,488839,,,389267,,,,,,,04,2799,9244,2817798,27199,2817798,,171,445,435e1ddd588e41d6c53e8549a5c1ac5c8a73bdf5,0,0,0,0,0,
20201228,AZ,504423,23000,2301332,,totalTestsViral,4934488,4390,35630,1007,,715,,,12/28/2020 00:00,2020-12-28T00:00:00Z,12/27 19:00,8469,35630,73429,2020-12-28T00:00:00Z,4934488,,,481423,7693,776,,2782755,488550,,,389121,,,,,,,04,10086,-2426,2805755,15761,2805755,,42,240,f125e6a080cc4ad68d6a61d76770dad149123bc9,0,0,0,0,0,
20201227,AZ,494337,22609,2303758,,totalTestsViral,4918727,4190,35390,988,,667,,,12/27/2020 00:00,2020-12-27T00:00:00Z,12/26 19:00,8427,35390,72703,2020-12-27T00:00:00Z,4918727,,,471728,7653,774,,2775486,488191,,,388745,,,,,,,04,1296,10496,2798095,25431,2798095,,3,53,90011421c7321d77194274a9a524db49b50071dd,0,0,0,0,0,
20201226,AZ,493041,22567,2293262,,totalTestsViral,4893296,4165,35337,983,,652,,,12/26/2020 00:00,2020-12-26T00:00:00Z,12/25 19:00,8424,35337,71948,2020-12-26T00:00:00Z,4893296,,,470474,7650,774,,2763736,488056,,,388363,,,,,,,04,6106,17303,2786303,56365,2786303,,15,360,073c386b8960e4db33c901d1fa8f927e22c2de19,0,0,0,0,0,
20201225,AZ,486935,21922,2275959,,totalTestsViral,4836931,4226,34977,976,,636,,,12/25/2020 00:00,2020-12-25T00:00:00Z,12/24 19:00,8409,34977,71139,2020-12-25T00:00:00Z,4836931,,,465013,7635,774,,2740972,487302,,,387374,,,,,,,04,6616,14444,2762894,49701,2762894,,115,457,734c9f80fb6d16e5cbc8da24d762327b84e947bc,0,0,0,0,0,
20201224,AZ,480319,21317,2261515,,totalTestsViral,4787230,4221,34520,965,,620,,,12/24/2020 00:00,2020-12-24T00:00:00Z,12/23 19:00,8294,34520,70221,2020-12-24T00:00:00Z,4787230,,,459002,7538,756,,2720517,485476,,,386490,,,,,,,04,7046,16180,2741834,54963,2741834,,115,408,8f1b2f377ef3a6f0884f15cfbe3d317f6485619d,0,0,0,0,0,
20201223,AZ,473273,20593,2245335,,totalTestsViral,4732267,4163,34112,972,,673,,,12/23/2020 00:00,2020-12-23T00:00:00Z,12/22 19:00,8179,34112,69298,2020-12-23T00:00:00Z,4732267,,,452680,7434,745,,2698015,483451,,,385614,,,,,,,04,6058,11584,2718608,42251,2718608,,54,493,899405f0c2460e8441dbc10c763c23fefa94b815,0,0,0,0,0,
20201222,AZ,467215,20118,2233751,,totalTestsViral,4690016,4019,33619,943,,644,,,12/22/2020 00:00,2020-12-22T00:00:00Z,12/21 19:00,8125,33619,68476,2020-12-22T00:00:00Z,4690016,,,447097,7406,719,,2680848,481747,,,385065,,,,,,,04,5870,9375,2700966,31430,2700966,,153,424,5d4a4805ed3b9bd076784aa066b4d35357e08d8b,0,0,0,0,0,
20201221,AZ,461345,19691,2224376,,totalTestsViral,4658586,3925,33195,904,,628,,,12/21/2020 00:00,2020-12-21T00:00:00Z,12/20 19:00,7972,33195,67734,2020-12-21T00:00:00Z,4658586,,,441654,7278,694,,2666030,481340,,,384633,,,,,,,04,7748,9737,2685721,37767,2685721,,1,158,84c402fbb7232deb6fb86118de76af22906ce4b1,0,0,0,0,0,
20201220,AZ,453597,19248,2214639,,totalTestsViral,4620819,3899,33037,885,,595,,,12/20/2020 00:00,2020-12-20T00:00:00Z,12/19 19:00,7971,33037,66981,2020-12-20T00:00:00Z,4620819,,,434349,7277,694,,2648988,480619,,,383896,,,,,,,04,5366,18061,2668236,57721,2668236,,34,361,59c21ebbdbd5c618c6698d9e4ed2a5d62671af16,0,0,0,0,0,
20201219,AZ,448231,18672,2196578,,totalTestsViral,4563098,4014,32676,939,,612,,,12/19/2020 00:00,2020-12-19T00:00:00Z,12/18 19:00,7937,32676,66132,2020-12-19T00:00:00Z,4563098,,,429599,7246,691,,2626177,478903,,,382700,,,,,,,04,5560,15385,2644809,48550,2644809,,118,383,0abe9938a43917a255a5fc98a676e95e7b401f1c,0,0,0,0,0,
20201218,AZ,442671,18072,2181193,,totalTestsViral,4514548,3931,32293,915,,601,,,12/18/2020 00:00,2020-12-18T00:00:00Z,12/17 19:00,7819,32293,65350,2020-12-18T00:00:00Z,4514548,,,424599,7142,677,,2605792,477028,,,381780,,,,,,,04,7635,15289,2623864,51882,2623864,,142,442,ea6713c21926b290561b36113e1b4ff804d6b86a,0,0,0,0,0,
20201217,AZ,435036,17546,2165904,,totalTestsViral,4462666,3884,31851,899,,618,,,12/17/2020 00:00,2020-12-17T00:00:00Z,12/16 19:00,7677,31851,64500,2020-12-17T00:00:00Z,4462666,,,417490,7040,637,,2583394,475090,,,381042,,,,,,,04,5817,17714,2600940,53583,2600940,,147,383,8db76f7f918b9e841028ccc66e9bbd79b032b7bb,0,0,0,0,0,
20201216,AZ,429219,16769,2148190,,totalTestsViral,4409083,3809,31468,882,,602,,,12/16/2020 00:00,2020-12-16T00:00:00Z,12/15 19:00,7530,31468,63697,2020-12-16T00:00:00Z,4409083,,,412450,6919,611,,2560640,473513,,,379855,,,,,,,04,4837,11008,2577409,34631,2577409,,108,202,5e581eb389b0d3bc62327387df2c77a398f32250,0,0,0,0,0,
20201215,AZ,424382,16238,2137182,,totalTestsViral,4374452,3702,31266,863,,579,,,12/15/2020 00:00,2020-12-15T00:00:00Z,12/14 19:00,7422,31266,62839,2020-12-15T00:00:00Z,4374452,,,408144,6835,587,,2545326,471973,,,378518,,,,,,,04,4134,10254,2561564,29759,2561564,,64,124,d4ddaf6056a27899e5ba8d268978d1a19bd0eb21,0,0,0,0,0,
20201214,AZ,420248,15954,2126928,,totalTestsViral,4344693,3677,31142,829,,542,,,12/14/2020 00:00,2020-12-14T00:00:00Z,12/13 19:00,7358,31142,62118,2020-12-14T00:00:00Z,4344693,,,404294,6782,576,,2531222,471658,,,377958,,,,,,,04,11806,7223,2547176,38805,2547176,,1,193,ec6d5194adc149f1bec2021c10f814f1146e84a9,0,0,0,0,0,
20201213,AZ,408442,15451,2119705,,totalTestsViral,4305888,3622,30949,831,,537,,,12/13/2020 00:00,2020-12-13T00:00:00Z,12/12 19:00,7357,30949,61399,2020-12-13T00:00:00Z,4305888,,,392991,6779,578,,2512696,470894,,,376908,,,,,,,04,5853,20540,2528147,60734,2528147,,35,262,b5f5f65c6f3a8338e65f77613acff8f86982fabc,0,0,0,0,0,
20201212,AZ,402589,14891,2099165,,totalTestsViral,4245154,3534,30687,799,,515,,,12/12/2020 00:00,2020-12-12T00:00:00Z,12/11 19:00,7322,30687,60646,2020-12-12T00:00:00Z,4245154,,,387698,6749,573,,2486863,469285,,,375676,,,,,,,04,8077,18295,2501754,57294,2501754,,77,385,308631880b0b3a9eeeedf84805fa88cd3c12e5e7,0,0,0,0,0,
20201211,AZ,394512,14561,2080870,,totalTestsViral,4187860,3482,30302,809,,508,,,12/11/2020 00:00,2020-12-11T00:00:00Z,12/10 19:00,7245,30302,59932,2020-12-11T00:00:00Z,4187860,,,379951,6689,556,,2460821,467314,,,374754,,,,,,,04,6983,16588,2475382,51785,2475382,,91,967,45170b21c7ed1155d9d68d4ae3f4bc0340882936,0,0,0,0,0,
20201210,AZ,387529,14102,2064282,,totalTestsViral,4136075,3408,29335,799,,496,,,12/10/2020 00:00,2020-12-10T00:00:00Z,12/09 19:00,7154,29335,59155,2020-12-10T00:00:00Z,4136075,,,373427,6610,544,,2437709,465235,,,373868,,,,,,,04,4928,14051,2451811,44258,2451811,,73,455,772e260d25b5e53a487dd821f8a87e6d7a41c665,0,0,0,0,0,
20201209,AZ,382601,13452,2050231,,totalTestsViral,4091817,3287,28880,766,,492,,,12/9/2020 00:00,2020-12-09T00:00:00Z,12/08 19:00,7081,28880,58366,2020-12-09T00:00:00Z,4091817,,,369149,6551,530,,2419380,463284,,,373202,,,,,,,04,4444,7328,2432832,26478,2432832,,108,355,b06bd947a5aa022f28e2becdf667dd8d9a2b4b6b,0,0,0,0,0,
20201208,AZ,378157,13019,2042903,,totalTestsViral,4065339,3157,28525,744,,487,,,12/8/2020 00:00,2020-12-08T00:00:00Z,12/07 19:00,6973,28525,57632,2020-12-08T00:00:00Z,4065339,,,365138,6449,524,,2408041,461682,,,372457,,,,,,,04,12314,7199,2421060,43,2421060,,23,252,2f58647cea6faf53393751fcd0035554a4159b98,0,0,0,0,0,
20201207,AZ,365843,12708,2035704,,totalTestsViral,4065296,3059,28273,736,,459,,,12/7/2020 00:00,2020-12-07T00:00:00Z,12/06 19:00,6950,28273,57040,2020-12-07T00:00:00Z,4065296,,,353135,6431,519,,2388839,461323,,,371261,,,,,,,04,1567,16891,2401547,4081,2401547,,0,25,9b9b2879c715699596fd51da85ec0220a4f41e30,0,0,0,0,0,
20201206,AZ,364276,12590,2018813,,totalTestsViral,4061215,2977,28248,714,,462,,,12/6/2020 00:00,2020-12-06T00:00:00Z,12/05 19:00,6950,28248,56382,2020-12-06T00:00:00Z,4061215,,,351686,6431,519,,2370499,460621,,,370928,,,,,,,04,5376,15661,2383089,15440,2383089,,25,242,8bd99b5b9262c7efaa3ceb17358c5402ca073f79,0,0,0,0,0,
20201205,AZ,358900,12139,2003152,,totalTestsViral,4045775,2931,28006,701,,431,,,12/5/2020 00:00,2020-12-05T00:00:00Z,12/04 19:00,6925,28006,55640,2020-12-05T00:00:00Z,4045775,,,346761,6406,519,,2349913,459090,,,369832,,,,,,,04,6799,16875,2362052,33404,2362052,,40,268,3b08ab630d73d81b97599fc7aaa62b2893645ca1,0,0,0,0,0,
20201204,AZ,352101,11634,1986277,,totalTestsViral,4012371,2899,27738,666,,412,,,12/4/2020 00:00,2020-12-04T00:00:00Z,12/03 19:00,6885,27738,54980,2020-12-04T00:00:00Z,4012371,,,340467,6370,515,,2326744,457196,,,368963,,,,,,,04,5680,16441,2338378,46993,2338378,,64,282,6465e5cb920f8114e37b36cf773ccab8a8cfeb22,0,0,0,0,0,
20201203,AZ,346421,11173,1969836,,totalTestsViral,3965378,2743,27456,642,,386,,,12/3/2020 00:00,2020-12-03T00:00:00Z,12/02 19:00,6821,27456,54342,2020-12-03T00:00:00Z,3965378,,,335248,6310,511,,2305084,455091,,,367830,,,,,,,04,5442,11949,2316257,50731,2316257,,82,1144,f5644bcfd9066813f74e4d38e147513154007f08,0,0,0,0,0,
20201202,AZ,340979,10662,1957887,,totalTestsViral,3914647,2699,26312,642,,386,,,12/2/2020 00:00,2020-12-02T00:00:00Z,12/01 19:00,6739,26312,53694,2020-12-02T00:00:00Z,3914647,,,330317,6237,502,,2288204,452708,,,365871,,,,,,,04,3840,12811,2298866,54038,2298866,,52,240,a7b45028ab0d57f338841c747331bf1070bb96f6,0,0,0,0,0,
20201201,AZ,337139,10301,1945076,,totalTestsViral,3860609,2594,26072,597,,369,,,12/1/2020 00:00,2020-12-01T00:00:00Z,11/30 19:00,6687,26072,53026,2020-12-01T00:00:00Z,3860609,,,326838,6191,496,,2271914,450648,,,365224,,,,,,,04,10322,8127,2282215,57515,2282215,,48,286,5d3dcbfdc22a69dc1d9e7655218e98ac5f6c7a75,0,0,0,0,0,
20201130,AZ,326817,10077,1936949,,totalTestsViral,3803094,2513,25786,579,,352,,,11/30/2020 00:00,2020-11-30T00:00:00Z,11/29 19:00,6639,25786,52438,2020-11-30T00:00:00Z,3803094,,,316740,6152,487,,2253689,449973,,,364625,,,,,,,04,822,16630,2263766,22500,2263766,,5,218,0429bde8fbc4907dee3897b59cf6134fea32b888,0,0,0,0,0,
20201129,AZ,325995,9989,1920319,,totalTestsViral,3780594,2458,25568,573,,356,,,11/29/2020 00:00,2020-11-29T00:00:00Z,11/28 19:00,6634,25568,51911,2020-11-29T00:00:00Z,3780594,,,316006,6148,486,,2236325,448883,,,363824,,,,,,,04,3221,15300,2246314,23429,2246314,,10,220,19682b95f557fcf4d7cfae719a5acac2e8b6a9cd,0,0,0,0,0,
20201128,AZ,322774,9909,1905019,,totalTestsViral,3757165,2383,25348,553,,343,,,11/28/2020 00:00,2020-11-28T00:00:00Z,11/27 19:00,6624,25348,51333,2020-11-28T00:00:00Z,3757165,,,312865,6140,484,,2217884,447812,,,363071,,,,,,,04,4136,10368,2227793,27409,2227793,,36,52,22c7135d7cea72ed558b595c6c5fd5f81f79678c,0,0,0,0,0,
20201127,AZ,318638,9772,1894651,,totalTestsViral,3729756,2301,25296,532,,325,,,11/27/2020 00:00,2020-11-27T00:00:00Z,11/26 19:00,6588,25296,50892,2020-11-27T00:00:00Z,3729756,,,308866,6106,482,,2203517,447576,,,362284,,,,,,,04,4312,20789,2213289,10480,2213289,,20,133,6406ca6441cb8fb0259d9996cbbdea0b784227b0,0,0,0,0,0,
20201126,AZ,314326,9503,1873862,,totalTestsViral,3719276,2289,25163,523,,335,,,11/26/2020 00:00,2020-11-26T00:00:00Z,11/25 19:00,6568,25163,50352,2020-11-26T00:00:00Z,3719276,,,304823,6086,482,,2178685,445594,,,361284,,,,,,,04,3476,18460,2188188,47663,2188188,,44,211,d4c10e8595c76a00c4e113dbb7470944502ee4eb,0,0,0,0,0,
20201125,AZ,310850,9113,1855402,,totalTestsViral,3671613,2217,24952,531,,335,,,11/25/2020 00:00,2020-11-25T00:00:00Z,11/24 19:00,6524,24952,49810,2020-11-25T00:00:00Z,3671613,,,301737,6044,480,,2157139,443634,,,359967,,,,,,,04,3982,13369,2166252,51057,2166252,,9,286,7c40e44ac3e5d81bccf324c641810679c207b3bb,0,0,0,0,0,
20201124,AZ,306868,8860,1842033,,totalTestsViral,3620556,2084,24666,474,,310,,,11/24/2020 00:00,2020-11-24T00:00:00Z,11/23 19:00,6515,24666,49234,2020-11-24T00:00:00Z,3620556,,,298008,6036,479,,2140041,441838,,,357863,,,,,,,04,4544,10734,2148901,57140,2148901,,51,205,86fdedfdcb8c1328c80dd2af62b332095dc81bfa,0,0,0,0,0,
20201123,AZ,302324,8750,1831299,,totalTestsViral,3563416,2008,24461,469,,294,,,11/23/2020 00:00,2020-11-23T00:00:00Z,11/22 19:00,6464,24461,48807,2020-11-23T00:00:00Z,3563416,,,293574,5992,472,,2124873,441256,,,357473,,,,,,,04,2659,17990,2133623,23236,2133623,,0,49,f27258d0e7085d88ab6d0240f5196b3d493851f9,0,0,0,0,0,
20201122,AZ,299665,8622,1813309,,totalTestsViral,3540180,1932,24412,438,,256,,,11/22/2020 00:00,2020-11-22T00:00:00Z,11/21 19:00,6464,24412,48380,2020-11-22T00:00:00Z,3540180,,,291043,5992,472,,2104352,440171,,,356561,,,,,,,04,4331,16546,2112974,30985,2112974,,7,231,2d1d96bf2a599667cef891834d31ac3c2dd6f3df,0,0,0,0,0,
20201121,AZ,295334,8454,1796763,,totalTestsViral,3509195,1916,24181,435,,253,,,11/21/2020 00:00,2020-11-21T00:00:00Z,11/20 19:00,6457,24181,47890,2020-11-21T00:00:00Z,3509195,,,286880,5985,472,,2083643,438044,,,355879,,,,,,,04,3638,16271,2092097,45002,2092097,,30,129,a65c7f95547c5e53c504220bd6cf97eaf343fbab,0,0,0,0,0,
20201120,AZ,291696,8299,1780492,,totalTestsViral,3464193,1835,24052,431,,244,,,11/20/2020 00:00,2020-11-20T00:00:00Z,11/19 19:00,6427,24052,47383,2020-11-20T00:00:00Z,3464193,,,283397,5961,466,,2063889,436592,,,355101,,,,,,,04,4471,22422,2072188,48856,2072188,,43,181,82559abbeb1faa925b91fe6617712ea1ea97bcc5,0,0,0,0,0,
20201119,AZ,287225,8007,1758070,,totalTestsViral,3415337,1796,23871,433,,227,,,11/19/2020 00:00,2020-11-19T00:00:00Z,11/18 19:00,6384,23871,46951,2020-11-19T00:00:00Z,3415337,,,279218,5919,465,,2037288,434419,,,354092,,,,,,,04,4123,14417,2045295,49728,2045295,,19,398,2dcea20fc1e8555c3c699ba69ae48ed5f9172a86,0,0,0,0,0,
20201118,AZ,283102,7760,1743653,,totalTestsViral,3365609,1700,23473,396,,218,,,11/18/2020 00:00,2020-11-18T00:00:00Z,11/17 19:00,6365,23473,46521,2020-11-18T00:00:00Z,3365609,,,275342,5902,463,,2018995,432134,,,353191,,,,,,,04,3206,11757,2026755,46783,2026755,,53,230,5c09077322cc959ecc75e8f257fd9fd0ec43c8db,0,0,0,0,0,
20201117,AZ,279896,7584,1731896,,totalTestsViral,3318826,1624,23243,385,,191,,,11/17/2020 00:00,2020-11-17T00:00:00Z,11/16 19:00,6312,23243,46103,2020-11-17T00:00:00Z,3318826,,,272312,5855,457,,2004208,430364,,,350899,,,,,,,04,2984,13572,2011792,43841,2011792,,10,121,4905d3d073f44746e2f0d4e6b697eb49eb0d4a3b,0,0,0,0,0,
20201116,AZ,276912,7455,1718324,,totalTestsViral,3274985,1557,23122,374,,194,,,11/16/2020 00:00,2020-11-16T00:00:00Z,11/15 19:00,6302,23122,45737,2020-11-16T00:00:00Z,3274985,,,269457,5846,456,,1987781,429493,,,350396,,,,,,,04,1476,11929,1995236,17004,1995236,,0,73,bd1f8ef1a53130ebec880e16ac54725210fee6b4,0,0,0,0,0,
20201115,AZ,275436,7333,1706395,,totalTestsViral,3257981,1506,23049,368,,183,,,11/15/2020 00:00,2020-11-15T00:00:00Z,11/14 19:00,6302,23049,45400,2020-11-15T00:00:00Z,3257981,,,268103,5846,456,,1974498,428367,,,336491,,,,,,,04,2383,10789,1981831,22808,1981831,,2,112,3a99afdf1d1d92fe7c30d96e69bcf1c5372e042d,0,0,0,0,0,
20201114,AZ,273053,7245,1695606,,totalTestsViral,3235173,1470,22937,362,,189,,,11/14/2020 00:00,2020-11-14T00:00:00Z,11/13 19:00,6300,22937,45036,2020-11-14T00:00:00Z,3235173,,,265808,5845,455,,1961414,426466,,,330139,,,,,,,04,3476,15344,1968659,34245,1968659,,43,117,ed6d6f932a5a15192d3d8d262213170efa99aa4e,0,0,0,0,0,
20201113,AZ,269577,7123,1680262,,totalTestsViral,3200928,1381,22820,335,,176,,,11/13/2020 00:00,2020-11-13T00:00:00Z,11/12 19:00,6257,22820,44675,2020-11-13T00:00:00Z,3200928,,,262454,5806,451,,1942716,424886,,,328786,,,,,,,04,3015,16284,1949839,38870,1949839,,17,244,a11f5d6cf6db575b159ea6a128a4ba3c434dad74,0,0,0,0,0,
20201112,AZ,266562,7034,1663978,,totalTestsViral,3162058,1368,22576,331,,180,,,11/12/2020 00:00,2020-11-12T00:00:00Z,11/11 19:00,6240,22576,44363,2020-11-12T00:00:00Z,3162058,,,259528,5793,447,,1923506,423350,,,327834,,,,,,,04,1399,13906,1930540,28355,1930540,,12,82,d3a4108575543f65b4fe79a40a925f5c04a80f83,0,0,0,0,0,
20201111,AZ,265163,6926,1650072,,totalTestsViral,3133703,1360,22494,309,,156,,,11/11/2020 00:00,2020-11-11T00:00:00Z,11/10 19:00,6228,22494,43990,2020-11-11T00:00:00Z,3133703,,,258237,5786,442,,1908309,421428,,,326811,,,,,,,04,2030,7775,1915235,38838,1915235,,36,66,7d89d5417e85d2a2a004641904dfa5d5048ab866,0,0,0,0,0,
20201110,AZ,263133,6816,1642297,,totalTestsViral,3094865,1289,22428,294,,148,,,11/10/2020 00:00,2020-11-10T00:00:00Z,11/09 19:00,6192,22428,43682,2020-11-10T00:00:00Z,3094865,,,256317,5757,435,,1898614,419691,,,326290,,,,,,,04,3434,12091,1905430,36237,1905430,,28,217,493d10adbaffe85a594b841491241c1f44554b65,0,0,0,0,0,
20201109,AZ,259699,6698,1630206,,totalTestsViral,3058628,1232,22211,292,,142,,,11/9/2020 00:00,2020-11-09T00:00:00Z,11/08 19:00,6164,22211,43460,2020-11-09T00:00:00Z,3058628,,,253001,5745,419,,1883207,418900,,,325589,,,,,,,04,435,10142,1889905,14835,1889905,,0,9,c146895e6061271ea1b7f62d0784eb7b21d49f98,0,0,0,0,0,
20201108,AZ,259264,6668,1620064,,totalTestsViral,3043793,1185,22202,272,,148,,,11/8/2020 00:00,2020-11-08T00:00:00Z,11/07 19:00,6164,22202,43232,2020-11-08T00:00:00Z,3043793,,,252596,5745,419,,1872660,417658,,,325006,,,,,,,04,1880,12023,1879328,19277,1879328,,17,32,781b56f0aefa9b7fc4424d1ea305145fb8d2d6b6,0,0,0,0,0,
20201107,AZ,257384,6590,1608041,,totalTestsViral,3024516,1139,22170,249,,137,,,11/7/2020 00:00,2020-11-07T00:00:00Z,11/06 19:00,6147,22170,42950,2020-11-07T00:00:00Z,3024516,,,250794,5730,417,,1858835,415900,,,324293,,,,,,,04,2620,14060,1865425,31744,1865425,,38,152,72e9810fed4c3678e3bb4a50453b779876dc6bb1,0,0,0,0,0,
20201106,AZ,254764,6434,1593981,,totalTestsViral,2992772,1082,22018,250,,138,,,11/6/2020 00:00,2020-11-06T00:00:00Z,11/05 19:00,6109,22018,42652,2020-11-06T00:00:00Z,2992772,,,248330,5714,395,,1842311,414437,,,323662,,,,,,,04,1996,13820,1848745,34703,1848745,,22,187,dd44b25b6f4d42224b28f2b8ccc23ea0c002bfa2,0,0,0,0,0,
20201105,AZ,252768,6300,1580161,,totalTestsViral,2958069,1100,21831,254,,128,,,11/5/2020 00:00,2020-11-05T00:00:00Z,11/04 19:00,6087,21831,42317,2020-11-05T00:00:00Z,2958069,,,246468,5707,380,,1826629,412908,,,322766,,,,,,,04,2135,12297,1832929,35256,1832929,,28,45,1a61296077fbbe97f81cff9ac262d715e11c7530,0,0,0,0,0,
20201104,AZ,250633,6171,1567864,,totalTestsViral,2922813,1065,21786,241,,127,,,11/4/2020 00:00,2020-11-04T00:00:00Z,11/03 19:00,6059,21786,42039,2020-11-04T00:00:00Z,2922813,,,244462,5701,358,,1812326,411072,,,321891,,,,,,,04,815,8411,1818497,34495,1818497,,39,160,3472ca62a474399da5aa88d0350f936c6a2b6e3b,0,0,0,0,0,
20201103,AZ,249818,6036,1559453,,totalTestsViral,2888318,956,21626,227,,112,,,11/3/2020 00:00,2020-11-03T00:00:00Z,11/02 19:00,6020,21626,41776,2020-11-03T00:00:00Z,2888318,,,243782,5679,341,,1803235,409383,,,321393,,,,,,,04,1679,9071,1809271,33230,1809271,,38,53,e209094fabb756c42dc5f8b77bae4f0d1ec2b06a,0,0,0,0,0,
20201102,AZ,248139,5919,1550382,,totalTestsViral,2855088,918,21573,231,,120,,,11/2/2020 00:00,2020-11-02T00:00:00Z,11/01 19:00,5982,21573,41589,2020-11-02T00:00:00Z,2855088,,,242220,5664,318,,1792602,408714,,,320952,,,,,,,04,666,6211,1798521,12212,1798521,,1,15,d3df2388a396714beafdbae315453aba42418e3d,0,0,0,0,0,
20201101,AZ,247473,5877,1544171,,totalTestsViral,2842876,875,21558,222,,112,,,11/1/2020 00:00,2020-11-01T00:00:00Z,10/31 20:00,5981,21558,41398,2020-11-01T00:00:00Z,2842876,,,241596,5663,318,,1785767,407735,,,320223,,,,,,,04,1527,12748,1791644,13357,1791644,,2,66,32de389b0b0f197f3f710994e383d08f133ee979,0,0,0,0,0,
20201031,AZ,245946,5816,1531423,,totalTestsViral,2829519,889,21492,197,,104,,,10/31/2020 00:00,2020-10-31T00:00:00Z,10/30 20:00,5979,21492,41159,2020-10-31T00:00:00Z,2829519,,,240130,5664,315,,1771553,405894,,,319537,,,,,,,04,1901,10684,1777369,24885,1777369,,45,68,9736577b22d42632c8cd262ef54a4e5183522a67,0,0,0,0,0,
20201030,AZ,244045,5689,1520739,,totalTestsViral,2804634,900,21424,188,,99,,,10/30/2020 00:00,2020-10-30T00:00:00Z,10/29 20:00,5934,21424,40906,2020-10-30T00:00:00Z,2804634,,,238356,5641,293,,1759095,403989,,,318796,,,,,,,04,1565,11912,1764784,28898,1764784,,16,164,1cc473115408f93253a149d54efa28bfd0a902cc,0,0,0,0,0,
20201029,AZ,242480,5645,1508827,,totalTestsViral,2775736,874,21260,186,,95,,,10/29/2020 00:00,2020-10-29T00:00:00Z,10/28 20:00,5918,21260,40697,2020-10-29T00:00:00Z,2775736,,,236835,5626,292,,1745662,402085,,,318101,,,,,,,04,1315,13013,1751307,28512,1751307,,13,13,d819a9acb0094808a62594a3f0af9808ae7f592c,0,0,0,0,0,
20201028,AZ,241165,5532,1495814,,totalTestsViral,2747224,871,21247,188,,94,,,10/28/2020 00:00,2020-10-28T00:00:00Z,10/27 20:00,5905,21247,40426,2020-10-28T00:00:00Z,2747224,,,235633,5614,291,,1731447,399841,,,316805,,,,,,,04,1043,5774,1736979,29084,1736979,,14,75,ed1f11d70f8164bedae9a3da5f68664820c261df,0,0,0,0,0,
20201027,AZ,240122,5515,1490040,,totalTestsViral,2718140,861,21172,187,,100,,,10/27/2020 00:00,2020-10-27T00:00:00Z,10/26 20:00,5891,21172,40169,2020-10-27T00:00:00Z,2718140,,,234607,5601,290,,1724647,398028,,,316145,,,,,,,04,1158,8719,1730162,28065,1730162,,16,75,0bdf7233749fa35459495aa55aa80459ac69ef1b,0,0,0,0,0,
20201026,AZ,238964,5484,1481321,,totalTestsViral,2690075,837,21097,179,,97,,,10/26/2020 00:00,2020-10-26T00:00:00Z,10/25 20:00,5875,21097,39920,2020-10-26T00:00:00Z,2690075,,,233480,5587,288,,1714801,397342,,,314045,,,,,,,04,801,7615,1720285,8960,1720285,,1,11,41ba2692ee9401e01f303ab0ac04f2a30d7a91bc,0,0,0,0,0,
20201025,AZ,238163,5462,1473706,,totalTestsViral,2681115,828,21086,181,,91,,,10/25/2020 00:00,2020-10-25T00:00:00Z,10/24 20:00,5874,21086,39742,2020-10-25T00:00:00Z,2681115,,,232701,5586,288,,1706407,396285,,,313239,,,,,,,04,1391,11512,1711869,13744,1711869,,5,43,deb95006c0aec8465157405aaefccb5e1811339c,0,0,0,0,0,
20201024,AZ,236772,5417,1462194,,totalTestsViral,2667371,819,21043,191,,87,,,10/24/2020 00:00,2020-10-24T00:00:00Z,10/23 20:00,5869,21043,39525,2020-10-24T00:00:00Z,2667371,,,231355,5581,288,,1693549,394092,,,312232,,,,,,,04,890,11213,1698966,22591,1698966,,4,76,ff772645c848547ff04ef2842505833084e4f624,0,0,0,0,0,
20201023,AZ,235882,5394,1450981,,totalTestsViral,2644780,815,20967,172,,85,,,10/23/2020 00:00,2020-10-23T00:00:00Z,10/22 20:00,5865,20967,39306,2020-10-23T00:00:00Z,2644780,,,230488,5578,287,,1681469,392396,,,311920,,,,,,,04,976,11984,1686863,24855,1686863,,6,29,16a6046110b94ebf313e7da57e76c8c2bfb38c15,0,0,0,0,0,
20201022,AZ,234906,5341,1438997,,totalTestsViral,2619925,848,20938,164,,92,,,10/22/2020 00:00,2020-10-22T00:00:00Z,10/21 20:00,5859,20938,39089,2020-10-22T00:00:00Z,2619925,,,229565,5573,286,,1668562,390954,,,311019,,,,,,,04,994,10205,1673903,29539,1673903,,5,118,8059028ca7b0196e25299b4e141fd1324da48ffb,0,0,0,0,0,
20201021,AZ,233912,5315,1428792,,totalTestsViral,2590386,832,20820,171,,91,,,10/21/2020 00:00,2020-10-21T00:00:00Z,10/20 20:00,5854,20820,38883,2020-10-21T00:00:00Z,2590386,,,228597,5567,287,,1657389,389111,,,310123,,,,,,,04,975,9117,1662704,27308,1662704,,17,101,a20080ef7b64b3810683a1b75f6c7975a059718a,0,0,0,0,0,
20201020,AZ,232937,5267,1419675,,totalTestsViral,2563078,777,20719,170,,91,,,10/20/2020 00:00,2020-10-20T00:00:00Z,10/19 20:00,5837,20719,38705,2020-10-20T00:00:00Z,2563078,,,227670,5550,287,,1647345,387436,,,309446,,,,,,,04,1040,6571,1652612,26554,1652612,,7,71,0ce9ad0fc0d2a67d513b10f11ad12e295056705a,0,0,0,0,0,
20201019,AZ,231897,5216,1413104,,totalTestsViral,2536524,721,20648,177,,94,,,10/19/2020 00:00,2020-10-19T00:00:00Z,10/18 20:00,5830,20648,38553,2020-10-19T00:00:00Z,2536524,,,226681,5544,286,,1639785,386709,,,309007,,,,,,,04,748,8043,1645001,10128,1645001,,3,8,178e0a0e3c4e0a4b973fc5b11ecee8f07756fd03,0,0,0,0,0,
20201018,AZ,231149,5187,1405061,,totalTestsViral,2526396,714,20640,176,,85,,,10/18/2020 00:00,2020-10-18T00:00:00Z,10/17 20:00,5827,20640,38384,2020-10-18T00:00:00Z,2526396,,,225962,5541,286,,1631023,385544,,,308189,,,,,,,04,742,9622,1636210,12365,1636210,,3,22,b70b1bde49c4602c24baca3a4843690add008c16,0,0,0,0,0,
20201017,AZ,230407,5143,1395439,,totalTestsViral,2514031,757,20618,174,,81,,,10/17/2020 00:00,2020-10-17T00:00:00Z,10/16 20:00,5824,20618,38193,2020-10-17T00:00:00Z,2514031,,,225264,5539,285,,1620703,383829,,,307425,,,,,,,04,921,10458,1625846,20992,1625846,,18,127,82e00c295241d2ad3f6fd3e03afb7d6d0527cfa5,0,0,0,0,0,
20201016,AZ,229486,5087,1384981,,totalTestsViral,2493039,747,20491,167,,79,,,10/16/2020 00:00,2020-10-16T00:00:00Z,10/15 20:00,5806,20491,37994,2020-10-16T00:00:00Z,2493039,,,224399,5519,287,,1609380,382075,,,305662,,,,,,,04,738,7640,1614467,21201,1614467,,17,29,a7cf557745916494577018fc499c64a67a0de661,0,0,0,0,0,
20201015,AZ,228748,5056,1377341,,totalTestsViral,2471838,726,20462,173,,75,,,10/15/2020 00:00,2020-10-15T00:00:00Z,10/14 20:00,5789,20462,37782,2020-10-15T00:00:00Z,2471838,,,223692,5502,287,,1601033,380398,,,304875,,,,,,,04,1113,10731,1606089,24411,1606089,,17,96,5ce8ddc0056b11964923a7da18621f1cc0c6798f,0,0,0,0,0,
20201014,AZ,227635,5043,1366610,,totalTestsViral,2447427,711,20366,163,,85,,,10/14/2020 00:00,2020-10-14T00:00:00Z,10/13 20:00,5772,20366,37586,2020-10-14T00:00:00Z,2447427,,,222592,5485,287,,1589202,378395,,,303875,,,,,,,04,901,7263,1594245,22286,1594245,,5,54,154ce80e11dfcca087f1c43ff490250b7c1d63e3,0,0,0,0,0,
20201013,AZ,226734,4930,1359347,,totalTestsViral,2425141,706,20312,146,,88,,,10/13/2020 00:00,2020-10-13T00:00:00Z,10/12 20:00,5767,20312,37403,2020-10-13T00:00:00Z,2425141,,,221804,5479,288,,1581151,376656,,,302755,,,,,,,04,684,6286,1586081,22093,1586081,,8,55,c1f5b5089c1cdca610f4ce6412e0f3e69a7c5a02,0,0,0,0,0,
20201012,AZ,226050,4911,1353061,,totalTestsViral,2403048,667,20257,155,,80,,,10/12/2020 00:00,2020-10-12T00:00:00Z,10/11 20:00,5759,20257,37287,2020-10-12T00:00:00Z,2403048,,,221139,5472,287,,1574200,375886,,,302232,,,,,,,04,475,7567,1579111,7898,1579111,,0,4,4b62e7deadf54754936144a25b75fe546000f29e,0,0,0,0,0,
20201011,AZ,225575,4904,1345494,,totalTestsViral,2395150,630,20253,144,,79,,,10/11/2020 00:00,2020-10-11T00:00:00Z,10/10 20:00,5759,20253,37110,2020-10-11T00:00:00Z,2395150,,,220671,5472,287,,1566165,374816,,,301689,,,,,,,04,597,9565,1571069,10105,1571069,,0,24,c8b819eb8cb187db98ffc164d89b0a201b143648,0,0,0,0,0,
20201010,AZ,224978,4892,1335929,,totalTestsViral,2385045,685,20229,145,,71,,,10/10/2020 00:00,2020-10-10T00:00:00Z,10/09 20:00,5759,20229,36920,2020-10-10T00:00:00Z,2385045,,,220086,5472,287,,1556015,372442,,,300857,,,,,,,04,894,11731,1560907,19197,1560907,,13,30,90775cad07a53aa933a78d1582bad309c1713b5c,0,0,0,0,0,
20201009,AZ,224084,4837,1324198,,totalTestsViral,2365848,706,20199,155,,70,,,10/9/2020 00:00,2020-10-09T00:00:00Z,10/08 20:00,5746,20199,36723,2020-10-09T00:00:00Z,2365848,,,219247,5460,286,,1543445,370643,,,300333,,,,,,,04,683,11699,1548282,21118,1548282,,3,28,85f951f6f7d516012a5eb273f91f4326496d0a29,0,0,0,0,0,
20201008,AZ,223401,4805,1312499,,totalTestsViral,2344730,728,20171,156,,63,,,10/8/2020 00:00,2020-10-08T00:00:00Z,10/07 20:00,5743,20171,36534,2020-10-08T00:00:00Z,2344730,,,218596,5456,287,,1531095,368482,,,299269,,,,,,,04,863,11551,1535900,22948,1535900,,10,121,06c303e303e64d7167785b178c9fbb74d54a1751,0,0,0,0,0,
20201007,AZ,222538,4792,1300948,,totalTestsViral,2321782,681,20050,147,,66,,,10/7/2020 00:00,2020-10-07T00:00:00Z,10/06 20:00,5733,20050,36336,2020-10-07T00:00:00Z,2321782,,,217746,5447,286,,1518694,366319,,,298414,,,,,,,04,604,6675,1523486,24292,1523486,,20,63,ed6c8c5b04601b4899911c9de66580921544a08e,0,0,0,0,0,
20201006,AZ,221934,4780,1294273,,totalTestsViral,2297490,665,19987,138,,65,,,10/6/2020 00:00,2020-10-06T00:00:00Z,10/05 20:00,5713,19987,36167,2020-10-06T00:00:00Z,2297490,,,217154,5427,286,,1511427,364637,,,297900,,,,,,,04,864,7733,1516207,23800,1516207,,6,-2316,feade6072da3ff69d2df07259fb09c70ac9467cd,0,0,0,0,0,
20201005,AZ,221070,4737,1286540,,totalTestsViral,2273690,567,22303,134,,57,,,10/5/2020 00:00,2020-10-05T00:00:00Z,10/04 20:00,5707,22303,36007,2020-10-05T00:00:00Z,2273690,,,216333,5423,284,,1502873,364033,,,297329,,,,,,,04,316,6436,1507610,7473,1507610,,1,9,5f737f931cb9555fdd17c5fbb21e9d1d6f39fe80,0,0,0,0,0,
20201004,AZ,220754,4727,1280104,,totalTestsViral,2266217,545,22294,133,,59,,,10/4/2020 00:00,2020-10-04T00:00:00Z,10/03 20:00,5706,22294,35838,2020-10-04T00:00:00Z,2266217,,,216027,5422,284,,1496131,362622,,,296568,,,,,,,04,355,7647,1500858,10587,1500858,,1,14,b1605f5d18d1fda4dcf1c37343f7d7b4adb1ad4c,0,0,0,0,0,
20201003,AZ,220399,4711,1272457,,totalTestsViral,2255630,605,22280,127,,52,,,10/3/2020 00:00,2020-10-03T00:00:00Z,10/02 20:00,5705,22280,35696,2020-10-03T00:00:00Z,2255630,,,215688,5421,284,,1488145,360730,,,295840,,,,,,,04,636,9040,1492856,19466,1492856,,12,40,78917d60294267bf7eb2074b8f18ca3f8c56a689,0,0,0,0,0,
20201002,AZ,219763,4676,1263417,,totalTestsViral,2236164,586,22240,125,,48,,,10/2/2020 00:00,2020-10-02T00:00:00Z,10/01 20:00,5693,22240,35553,2020-10-02T00:00:00Z,2236164,,,215087,5411,282,,1478504,359060,,,294964,,,,,,,04,551,6657,1483180,19988,1483180,,19,14,bd231e9c391402cfb6105d4ebcada0169131db77,0,0,0,0,0,
20201001,AZ,219212,4604,1256760,,totalTestsViral,2216176,620,22226,122,,54,,,10/1/2020 00:00,2020-10-01T00:00:00Z,09/30 20:00,5674,22226,35411,2020-10-01T00:00:00Z,2216176,,,214608,5401,273,,1471368,357414,,,294183,,,,,,,04,705,13119,1475972,22709,1475972,,24,107,3d7250fd6dd876f438af568c0f3978e9fccad2d8,0,0,0,0,0,
20200930,AZ,218507,4573,1243641,,totalTestsViral,2193467,560,22119,115,,55,,,9/30/2020 00:00,2020-09-30T00:00:00Z,09/29 20:00,5650,22119,35261,2020-09-30T00:00:00Z,2193467,,,213934,5382,268,,1457575,355410,,,293098,,,,,,,04,323,3735,1462148,19057,1462148,,18,72,2b478ab31c243e04334b12e509bc30ed29146add,0,0,0,0,0,
20200929,AZ,218184,4562,1239906,,totalTestsViral,2174410,540,22047,119,,64,,,9/29/2020 00:00,2020-09-29T00:00:00Z,09/28 20:00,5632,22047,35125,2020-09-29T00:00:00Z,2174410,,,213622,5365,267,,1453528,353517,,,292560,,,,,,,04,674,4164,1458090,19062,1458090,,9,28,6364c254d3d6bd28823641f906d54ae7bec92224,0,0,0,0,0,
20200928,AZ,217510,4540,1235742,,totalTestsViral,2155348,468,22019,115,,57,,,9/28/2020 00:00,2020-09-28T00:00:00Z,09/27 20:00,5623,22019,34998,2020-09-28T00:00:00Z,2155348,,,212970,5357,267,,1448712,352876,,,292278,,,,,,,04,273,5134,1453252,6529,1453252,,0,4,3924b6a043d93c34cd51d7b342d7743d574d94ce,0,0,0,0,0,
20200927,AZ,217237,4522,1230608,,totalTestsViral,2148819,483,22015,116,,59,,,9/27/2020 00:00,2020-09-27T00:00:00Z,09/26 20:00,5623,22015,34872,2020-09-27T00:00:00Z,2148819,,,212715,5356,267,,1443323,351862,,,291300,,,,,,,04,411,8757,1447845,8893,1447845,,1,10,549f7edb94fbdc458b8d7387ce308ba7c7729fc7,0,0,0,0,0,
20200926,AZ,216826,4450,1221851,,totalTestsViral,2139926,509,22005,115,,56,,,9/26/2020 00:00,2020-09-26T00:00:00Z,09/25 20:00,5622,22005,34730,2020-09-26T00:00:00Z,2139926,,,212376,5355,267,,1434227,349938,,,290470,,,,,,,04,459,10194,1438677,16612,1438677,,35,33,4cfc820394fbc3696434e09e8ea64935cdb13efd,0,0,0,0,0,
20200925,AZ,216367,4421,1211657,,totalTestsViral,2123314,521,21972,119,,65,,,9/25/2020 00:00,2020-09-25T00:00:00Z,09/24 20:00,5587,21972,34564,2020-09-25T00:00:00Z,2123314,,,211946,5319,268,,1423603,348167,,,289802,,,,,,,04,515,7092,1428024,17766,1428024,,28,30,fa335880653640cc9e4a979187af6f3ef0708dd5,0,0,0,0,0,
20200924,AZ,215852,4426,1204565,,totalTestsViral,2105548,565,21942,122,,64,,,9/24/2020 00:00,2020-09-24T00:00:00Z,09/23 20:00,5559,21942,34393,2020-09-24T00:00:00Z,2105548,,,211426,5291,268,,1415991,346495,,,289012,,,,,,,04,568,9983,1420417,20098,1420417,,34,17,6694345afc3cf7879080dfc611ca39c9356b9287,0,0,0,0,0,
20200923,AZ,215284,4364,1194582,,totalTestsViral,2085450,583,21925,114,,62,,,9/23/2020 00:00,2020-09-23T00:00:00Z,09/22 20:00,5525,21925,34227,2020-09-23T00:00:00Z,2085450,,,210920,5258,267,,1405502,344432,,,287909,,,,,,,04,438,8774,1409866,21703,1409866,,27,25,1b82e904c78a1863b78d7d259617cf34ecda168c,0,0,0,0,0,
20200922,AZ,214846,4236,1185808,,totalTestsViral,2063747,527,21900,122,,47,,,9/22/2020 00:00,2020-09-22T00:00:00Z,09/21 20:00,5498,21900,34053,2020-09-22T00:00:00Z,2063747,,,210610,5230,268,,1396418,342782,,,284225,,,,,,,04,595,9097,1400654,21299,1400654,,20,22,1d7e8344d621e1795ff1fc5de97ca7b6daae21c9,0,0,0,0,0,
20200921,AZ,214251,4335,1176711,,totalTestsViral,2042448,472,21878,119,,57,,,9/21/2020 00:00,2020-09-21T00:00:00Z,09/20 20:00,5478,21878,33946,2020-09-21T00:00:00Z,2042448,,,209916,5186,292,,1386627,342299,,,283791,,,,,,,04,233,6805,1390962,7122,1390962,,2,2,054848ddc688644edc8365873df10ff2e665e1c1,0,0,0,0,0,
20200920,AZ,214018,4317,1169906,,totalTestsViral,2035326,472,21876,120,,57,,,9/20/2020 00:00,2020-09-20T00:00:00Z,09/19 20:00,5476,21876,33835,2020-09-20T00:00:00Z,2035326,,,209701,5184,292,,1379607,341668,,,282714,,,,,,,04,467,10298,1383924,8384,1383924,,9,-6,0013494d097a92d7fdccef0813a3f43f7a2e717d,0,0,0,0,0,
20200919,AZ,213551,4253,1159608,,totalTestsViral,2026942,528,21882,120,,70,,,9/19/2020 00:00,2020-09-19T00:00:00Z,09/18 20:00,5467,21882,33668,2020-09-19T00:00:00Z,2026942,,,209298,5176,291,,1368906,339866,,,281887,,,,,,,04,609,10231,1373159,15973,1373159,,16,17,b238c8cb33e5ede30126c0454ef7b7914c18466e,0,0,0,0,0,
20200918,AZ,212942,4165,1149377,,totalTestsViral,2010969,516,21865,130,,72,,,9/18/2020 00:00,2020-09-18T00:00:00Z,09/17 20:00,5451,21865,33526,2020-09-18T00:00:00Z,2010969,,,208777,5160,291,,1358154,338768,,,281052,,,,,,,04,1282,8155,1362319,16624,1362319,,42,44,ebaa2668622da5ea28fea32e0ffda61fcbd70dbf,0,0,0,0,0,
20200917,AZ,211660,2766,1141222,,totalTestsViral,1994345,594,21821,119,,65,,,9/17/2020 00:00,2020-09-17T00:00:00Z,09/16 20:00,5409,21821,33381,2020-09-17T00:00:00Z,1994345,,,208894,5135,274,,1350116,337526,,,280184,,,,,,,04,1753,22668,1352882,19986,1352882,,38,-4,5619de6893604a1b59dd57c7c6246565e5b8f532,0,0,0,0,0,
20200916,AZ,209907,2189,1118554,,totalTestsViral,1974359,538,21825,135,,81,,,9/16/2020 00:00,2020-09-16T00:00:00Z,09/15 20:00,5371,21825,33250,2020-09-16T00:00:00Z,1974359,,,207718,5098,273,,1326272,336133,,,279172,,,,,,,04,698,15459,1328461,18821,1328461,,27,25,2d97a7228e85ccb21d76712b42d80a0f7e6827db,0,0,0,0,0,
20200915,AZ,209209,1989,1103095,,totalTestsViral,1955538,550,21800,138,,76,,,9/15/2020 00:00,2020-09-15T00:00:00Z,09/14 20:00,5344,21800,33095,2020-09-15T00:00:00Z,1955538,,,207220,5071,273,,1310315,334680,,,278475,,,,,,,04,484,11156,1312304,18561,1312304,,22,26,079cffc27936dabb220ce89cd2bccef3e2c712f3,0,0,0,0,0,
20200914,AZ,208725,1950,1091939,,totalTestsViral,1936977,489,21774,168,,81,,,9/14/2020 00:00,2020-09-14T00:00:00Z,09/13 20:00,5322,21774,32975,2020-09-14T00:00:00Z,1936977,,,206775,5049,273,,1300664,334187,,,278029,,,,,,,04,213,4314,1300664,5262,1300664,,0,1,dcfe082a5d1769df1e1f451a9fab6e6f91026492,0,0,0,0,0,
20200913,AZ,208512,1901,1087625,,totalTestsViral,1931715,525,21773,171,,87,,,9/13/2020 00:00,2020-09-13T00:00:00Z,09/12 20:00,5322,21773,32817,2020-09-13T00:00:00Z,1931715,,,206611,5049,273,,1296137,333533,,,277020,,,,,,,04,384,7024,1296137,7128,1296137,,7,0,b57294988717c2a78c41755af5b59acd44fc082a,0,0,0,0,0,
20200912,AZ,208128,1905,1080601,,totalTestsViral,1924587,574,21773,185,,93,,,9/12/2020 00:00,2020-09-12T00:00:00Z,09/11 20:00,5315,21773,32628,2020-09-12T00:00:00Z,1924587,,,206223,5041,274,,1286824,331886,,,276179,,,,,,,04,605,8700,1288729,14887,1288729,,27,26,a71743f3b515d9107aa946b990b6f9677f58ea84,0,0,0,0,0,
20200911,AZ,207523,1881,1071901,,totalTestsViral,1909700,577,21747,171,,100,,,9/11/2020 00:00,2020-09-11T00:00:00Z,09/10 20:00,5288,21747,32472,2020-09-11T00:00:00Z,1909700,,,205642,5014,274,,1277543,330810,,,275536,,,,,,,04,521,6169,1279424,14977,1279424,,15,136,8cb35c4d1da25d8810cdd7ebbd69929710af050b,0,0,0,0,0,
20200910,AZ,207002,1861,1065732,,totalTestsViral,1894723,628,21611,204,,120,,,9/10/2020 00:00,2020-09-10T00:00:00Z,09/09 20:00,5273,21611,32310,2020-09-10T00:00:00Z,1894723,,,205141,4999,274,,1270873,329718,,,274713,,,,,,,04,461,3076,1272734,18254,1272734,,22,18,4eda8c13aa3f5c504a2943fd216a9b28fb4c2910,0,0,0,0,0,
20200909,AZ,206541,1826,1062656,,totalTestsViral,1876469,658,21593,203,,111,,,9/9/2020 00:00,2020-09-09T00:00:00Z,09/08 20:00,5251,21593,32151,2020-09-09T00:00:00Z,1876469,,,204715,4978,273,,1267371,328275,,,274100,,,,,,,04,496,2102,1269197,18766,1269197,,30,71,cdc2a1fc9f0186f9d73c5e7aad335ef21091de0b,0,0,0,0,0,
20200908,AZ,206045,1806,1060554,,totalTestsViral,1857703,657,21522,212,,112,,,9/8/2020 00:00,2020-09-08T00:00:00Z,09/07 20:00,5221,21522,32003,2020-09-08T00:00:00Z,1857703,,,204239,4947,274,,1264793,327779,,,273717,,,,,,,04,81,3121,1266599,4585,1266599,,2,-3,f36c1d6dcef5aeaa84fcf1dfa4823be8026ca578,0,0,0,0,0,
20200907,AZ,205964,1807,1057433,,totalTestsViral,1853118,658,21525,221,,119,,,9/7/2020 00:00,2020-09-07T00:00:00Z,09/06 20:00,5219,21525,31866,2020-09-07T00:00:00Z,1853118,,,204157,4945,274,,1261590,327217,,,273150,,,,,,,04,198,4181,1263397,4350,1263397,,-2,-2,00bb118171dde95245d1cad2864e431624021675,0,0,0,0,0,
20200906,AZ,205766,1797,1053252,,totalTestsViral,1848768,666,21527,229,,121,,,9/6/2020 00:00,2020-09-06T00:00:00Z,09/05 20:00,5221,21527,31721,2020-09-06T00:00:00Z,1848768,,,203969,4947,274,,1257221,326608,,,272437,,,,,,,04,250,5993,1259018,4927,1259018,,14,7,08576e5d6e69750361f7676d4e5c0b7b19f79a9d,0,0,0,0,0,
20200905,AZ,205516,1794,1047259,,totalTestsViral,1843841,702,21520,225,,131,,,9/5/2020 00:00,2020-09-05T00:00:00Z,09/04 20:00,5207,21520,31548,2020-09-05T00:00:00Z,1843841,,,203722,4933,274,,1250981,325245,,,271491,,,,,,,04,835,15012,1252775,16048,1252775,,36,22,829180cbaafe7cd8674c92d9d0dbbee0ff30fef5,0,0,0,0,0,
20200904,AZ,204681,1786,1032247,,totalTestsViral,1827793,742,21498,236,,145,,,9/4/2020 00:00,2020-09-04T00:00:00Z,09/03 20:00,5171,21498,31384,2020-09-04T00:00:00Z,1827793,,,202895,4897,274,,1235142,324138,,,270695,,,,,,,04,728,13341,1236928,16020,1236928,,41,24,fded1c6d83c0467b76db1fe37014701a1f13a570,0,0,0,0,0,
20200903,AZ,203953,1770,1018906,,totalTestsViral,1811773,745,21474,241,,135,,,9/3/2020 00:00,2020-09-03T00:00:00Z,09/02 20:00,5130,21474,31201,2020-09-03T00:00:00Z,1811773,,,202183,4861,269,,1221089,323046,,,269907,,,,,,,04,1092,7840,1222859,17572,1222859,,65,25,2cfbd13955577a3f8bc21fa9d72ce70a471bb6f0,0,0,0,0,0,
20200902,AZ,202861,1750,1011066,,totalTestsViral,1794201,752,21449,248,,146,,,9/2/2020 00:00,2020-09-02T00:00:00Z,09/01 20:00,5065,21449,31021,2020-09-02T00:00:00Z,1794201,,,201111,4799,266,,1212177,321549,,,268579,,,,,,,04,519,4418,1213927,20014,1213927,,21,44,ba7139042f751168a6b26bdac35f4af65fe3133e,0,0,0,0,0,
20200901,AZ,202342,1734,1006648,,totalTestsViral,1774187,729,21405,253,,150,,,9/1/2020 00:00,2020-09-01T00:00:00Z,08/31 20:00,5044,21405,30841,2020-09-01T00:00:00Z,1774187,,,200608,4777,267,,1207256,319986,,,267953,,,,,,,04,507,4054,1208990,20022,1208990,,15,0,6142dea37fc3c67340063c619bec10ab26b62642,0,0,0,0,0,
20200831,AZ,201835,1731,1002594,,totalTestsViral,1754165,768,21405,256,,152,,,8/31/2020 00:00,2020-08-31T00:00:00Z,08/30 20:00,5029,21405,30682,2020-08-31T00:00:00Z,1754165,,,200104,4762,267,,1202698,319534,,,267557,,,,,,,04,174,4814,1204429,4377,1204429,,-1,-16,c8689cfa9a434398c4c9a94d918efa0e67cc92bf,0,0,0,0,0,
20200830,AZ,201661,1713,997780,,totalTestsViral,1749788,757,21421,263,,161,,,8/30/2020 00:00,2020-08-30T00:00:00Z,08/29 20:00,5030,21421,30539,2020-08-30T00:00:00Z,1749788,,,199948,4762,268,,1197728,318906,,,266656,,,,,,,04,374,6691,1199441,6351,1199441,,23,-12,431bd56d038b24409770be4de9a51516121b2ec6,0,0,0,0,0,
20200829,AZ,201287,1708,991089,,totalTestsViral,1743437,812,21433,262,,164,,,8/29/2020 00:00,2020-08-29T00:00:00Z,08/28 20:00,5007,21433,30331,2020-08-29T00:00:00Z,1743437,,,199579,4738,269,,1190668,317139,,,265542,,,,,,,04,629,7670,1192376,14000,1192376,,29,5,d122d7a1407ad0ed573139766181248886399d7a,0,0,0,0,0,
20200828,AZ,200658,1680,983419,,totalTestsViral,1729437,809,21428,272,,160,,,8/28/2020 00:00,2020-08-28T00:00:00Z,08/27 20:00,4978,21428,30123,2020-08-28T00:00:00Z,1729437,,,198978,4709,269,,1182397,315723,,,264598,,,,,,,04,519,8630,1184077,14666,1184077,,49,2,23614e40bb7a923ec5c4991f8065006c21e74182,0,0,0,0,0,
20200827,AZ,200139,1635,974789,,totalTestsViral,1714771,895,21426,311,,176,,,8/27/2020 00:00,2020-08-27T00:00:00Z,08/26 20:00,4929,21426,29939,2020-08-27T00:00:00Z,1714771,,,198504,4673,256,,1173293,314349,,,262982,,,,,,,04,680,7338,1174928,20913,1174928,,33,50,9857643a7ae5cc1bec2bbe595980aa889bf62f56,0,0,0,0,0,
20200826,AZ,199459,1615,967451,,totalTestsViral,1693858,967,21376,305,,180,,,8/26/2020 00:00,2020-08-26T00:00:00Z,08/25 20:00,4896,21376,29734,2020-08-26T00:00:00Z,1693858,,,197844,4640,256,,1165295,312454,,,261865,,,,,,,04,186,4520,1166910,17290,1166910,,104,11,d4bd16db9802f74f23403ba1efc7059172271dc7,0,0,0,0,0,
20200825,AZ,199273,1602,962931,,totalTestsViral,1676568,999,21365,319,,168,,,8/25/2020 00:00,2020-08-25T00:00:00Z,08/24 20:00,4792,21365,29526,2020-08-25T00:00:00Z,1676568,,,197671,4535,257,,1160602,310714,,,261217,,,,,,,04,859,4123,1162204,18055,1162204,,21,146,044238e0d0108338ef599ccba8df0dd201aac8a8,0,0,0,0,0,
20200824,AZ,198414,1593,958808,,totalTestsViral,1658513,908,21219,345,,176,,,8/24/2020 00:00,2020-08-24T00:00:00Z,08/23 20:00,4771,21219,29341,2020-08-24T00:00:00Z,1658513,,,196821,4514,257,,1155629,310224,,,260739,,,,,,,04,311,6042,1157222,6234,1157222,,0,-22,be9647879716f962113249bb760bcd29b4c4ec99,0,0,0,0,0,
20200823,AZ,198103,1582,952766,,totalTestsViral,1652279,969,21241,329,,191,,,8/23/2020 00:00,2020-08-23T00:00:00Z,08/22 20:00,4771,21241,29147,2020-08-23T00:00:00Z,1652279,,,196521,4515,256,,1149287,309582,,,259529,,,,,,,04,208,6527,1150869,7824,1150869,,15,-30,0c52937f72f43374fefaf7ba161f982ca3250e39,0,0,0,0,0,
20200822,AZ,197895,1577,946239,,totalTestsViral,1644455,1046,21271,363,,209,,,8/22/2020 00:00,2020-08-22T00:00:00Z,08/21 20:00,4756,21271,28932,2020-08-22T00:00:00Z,1644455,,,196318,4500,256,,1142557,307676,,,258197,,,,,,,04,996,15150,1144134,15936,1144134,,68,61,d0abd28745094052a00cab3900ae0f4649ee49e9,0,0,0,0,0,
20200821,AZ,196899,1568,931089,,totalTestsViral,1628519,1068,21210,365,,234,,,8/21/2020 00:00,2020-08-21T00:00:00Z,08/20 20:00,4688,21210,28731,2020-08-21T00:00:00Z,1628519,,,195331,4433,255,,1126420,305925,,,257196,,,,,,,04,619,8926,1127988,14610,1127988,,4,67,e0131223b85968ace9d9b76924192f2e58bec54e,0,0,0,0,0,
20200820,AZ,196280,1546,922163,,totalTestsViral,1613909,1070,21143,388,,233,,,8/20/2020 00:00,2020-08-20T00:00:00Z,08/19 20:00,4684,21143,28471,2020-08-20T00:00:00Z,1613909,,,194734,4429,255,,1116897,304283,,,255456,,,,,,,04,723,6481,1118443,17491,1118443,,50,123,8641542922ee69b90f2dedaf138b5345f4427a1f,0,0,0,0,0,
20200819,AZ,195557,1515,915682,,totalTestsViral,1596418,1160,21020,414,,250,,,8/19/2020 00:00,2020-08-19T00:00:00Z,08/18 20:00,4634,21020,28233,2020-08-19T00:00:00Z,1596418,,,194042,4378,256,,1109724,302087,,,254062,,,,,,,04,637,6605,1111239,17636,1111239,,105,142,09b82ba30a74685528094552c0ffee6c5d5f9fee,0,0,0,0,0,
20200818,AZ,194920,1504,909077,,totalTestsViral,1578782,1167,20878,427,,260,,,8/18/2020 00:00,2020-08-18T00:00:00Z,08/17 20:00,4529,20878,28027,2020-08-18T00:00:00Z,1578782,,,193416,4273,256,,1102493,300007,,,253264,,,,,,,04,915,4694,1103997,17732,1103997,,23,122,2e9928eaf123d3897e77072cc0c101a9e3da844d,0,0,0,0,0,
20200817,AZ,194005,1491,904383,,totalTestsViral,1561050,1182,20756,430,,266,,,8/17/2020 00:00,2020-08-17T00:00:00Z,08/16 20:00,4506,20756,27800,2020-08-17T00:00:00Z,1561050,,,192514,4252,254,,1096897,299451,,,252860,,,,,,,04,468,5946,1098388,7165,1098388,,0,1,b26ec1c082070c6be35ef8ef5afd4a5ef22207ed,0,0,0,0,0,
20200816,AZ,193537,1475,898437,,totalTestsViral,1553885,1208,20755,417,,267,,,8/16/2020 00:00,2020-08-16T00:00:00Z,08/15 20:00,4506,20755,27582,2020-08-16T00:00:00Z,1553885,,,192062,4252,254,,1090499,298808,,,251782,,,,,,,04,883,13900,1091974,9554,1091974,,14,-40,c3560086a42ff65c3e10fad820cbaea90f61d5aa,0,0,0,0,0,
20200815,AZ,192654,1443,884537,,totalTestsViral,1544331,1282,20795,442,,284,,,8/15/2020 00:00,2020-08-15T00:00:00Z,08/14 20:00,4492,20795,27339,2020-08-15T00:00:00Z,1544331,,,191211,4238,254,,1075748,296673,,,250030,,,,,,,04,933,8683,1077191,16372,1077191,,69,280,6293f56fa82cdb981feb394c6581ae2d84589a26,0,0,0,0,0,
20200814,AZ,191721,1429,875854,,totalTestsViral,1527959,1359,20515,473,,324,,,8/14/2020 00:00,2020-08-14T00:00:00Z,08/13 20:00,4423,20515,27029,2020-08-14T00:00:00Z,1527959,,,190292,4169,254,,1066146,294763,,,248666,,,,,,,04,927,8470,1067575,14070,1067575,,40,12,40afabbef0744bb47ddd642b53a6d594139a2a40,0,0,0,0,0,
20200813,AZ,190794,1408,867384,,totalTestsViral,1513889,1411,20503,497,,334,,,8/13/2020 00:00,2020-08-13T00:00:00Z,08/12 20:00,4383,20503,26736,2020-08-13T00:00:00Z,1513889,,,189386,4130,253,,1056770,292825,,,246800,,,,,,,04,1351,12599,1058178,17477,1058178,,36,682,2e3dedd63dcd61fd75c28c9b4fe256d16a2c08b4,0,0,0,0,0,
20200812,AZ,189443,1390,854785,,totalTestsViral,1496412,1469,19821,519,,328,,,8/12/2020 00:00,2020-08-12T00:00:00Z,08/11 20:00,4347,19821,26418,2020-08-12T00:00:00Z,1496412,,,188053,4095,252,,1042838,290414,,,241948,,,,,,,04,706,6247,1044228,17963,1044228,,148,529,ec55b774b357185360918c4e6439005bd3099b7a,0,0,0,0,0,
20200811,AZ,188737,1375,848538,,totalTestsViral,1478449,1574,19292,510,,346,,,8/11/2020 00:00,2020-08-11T00:00:00Z,08/10 20:00,4199,19292,26102,2020-08-11T00:00:00Z,1478449,,,187362,3951,248,,1035900,288276,,,241052,,,,,,,04,1214,7830,1037275,18163,1037275,,45,15,62a7afab55f0398541f18e28a324827186fafa45,0,0,0,0,0,
20200810,AZ,187523,1343,840708,,totalTestsViral,1460286,1575,19277,506,,366,,,8/10/2020 00:00,2020-08-10T00:00:00Z,08/09 20:00,4154,19277,25848,2020-08-10T00:00:00Z,1460286,,,186180,3922,232,,1026888,287773,,,240582,,,,,,,04,600,5068,1028231,7764,1028231,,4,9,ede6690b45575114ce7cc01d725ee97ef6260929,0,0,0,0,0,
20200809,AZ,186923,1330,835640,,totalTestsViral,1452522,1626,19268,514,,374,,,8/9/2020 00:00,2020-08-09T00:00:00Z,08/08 20:00,4150,19268,25527,2020-08-09T00:00:00Z,1452522,,,185593,3918,232,,1021233,287117,,,239427,,,,,,,04,816,5226,1022563,9320,1022563,,13,24,21beb24c012897dc4cef86109dac3557ad9c3b3f,0,0,0,0,0,
20200808,AZ,186107,1302,830414,,totalTestsViral,1443202,1659,19244,539,,400,,,8/8/2020 00:00,2020-08-08T00:00:00Z,08/07 20:00,4137,19244,25163,2020-08-08T00:00:00Z,1443202,,,184804,3905,232,,1015218,284895,,,237810,,,,,,,04,1054,10622,1016521,14424,1016521,,56,3,085384f974b9d852ea0930b5dcd1f1f2fa4b5d13,0,0,0,0,0,
20200807,AZ,185053,1262,819792,,totalTestsViral,1428778,1772,19241,565,,411,,,8/7/2020 00:00,2020-08-07T00:00:00Z,08/06 20:00,4081,19241,24815,2020-08-07T00:00:00Z,1428778,,,183791,3860,221,,1003583,282598,,,236405,,,,,,,04,1406,7575,1004845,14691,1004845,,79,5173,f8691be494bfa9f24cc2bebb55b9202ce33afbbb,0,0,0,0,0,
20200806,AZ,183647,1239,812217,,totalTestsViral,1414087,1879,14068,593,,427,,,8/6/2020 00:00,2020-08-06T00:00:00Z,08/05 20:00,4002,14068,24531,2020-08-06T00:00:00Z,1414087,,,182408,3786,216,,994625,280696,,,235088,,,,,,,04,1444,8878,995864,16491,995864,,70,509,a36fa3ea17a218355ee5e94eb4b17319d0dba2b2,0,0,0,0,0,
20200805,AZ,182203,1210,803339,,totalTestsViral,1397596,1945,13559,618,,455,,,8/5/2020 00:00,2020-08-05T00:00:00Z,08/04 20:00,3932,13559,24222,2020-08-05T00:00:00Z,1397596,,,180993,3717,215,,984332,278398,,,233685,,,,,,,04,1698,12600,985542,15857,985542,,87,265,a740617353597c6306ef16dcd3c643ba70595ef7,0,0,0,0,0,
20200804,AZ,180505,813,790739,,totalTestsViral,1381739,2024,13294,638,,474,,,8/4/2020 00:00,2020-08-04T00:00:00Z,08/03 20:00,3845,13294,23944,2020-08-04T00:00:00Z,1381739,,,137710,2431,152,,971244,276051,,,232219,,,,,,,04,1008,5818,971244,17483,971244,,66,1894,6834cd22dceaa47adfadd918c1d4fff8c5b0f974,0,0,0,0,0,
20200803,AZ,179497,813,784921,,totalTestsViral,1364256,2017,11400,628,,461,,,8/3/2020 00:00,2020-08-03T00:00:00Z,08/02 20:00,3779,11400,23702,2020-08-03T00:00:00Z,1364256,,,137710,2431,152,,964418,275562,,,231917,,,,,,,04,1030,6960,964418,6711,964418,,14,29,db8fb89052ca404b810fc2990c6a090db3c05d1e,0,0,0,0,0,
20200802,AZ,178467,813,777961,,totalTestsViral,1357545,2147,11371,685,,474,,,8/2/2020 00:00,2020-08-02T00:00:00Z,08/01 20:00,3765,11371,23413,2020-08-02T00:00:00Z,1357545,,,137710,2431,152,,956428,274873,,,230790,,,,,,,04,1465,6313,956428,11765,956428,,18,25,3e45879de3de845fb2ad3725241b9642406c9a9b,0,0,0,0,0,
20200801,AZ,177002,813,771648,,totalTestsViral,1345780,2226,11346,710,,490,,,8/1/2020 00:00,2020-08-01T00:00:00Z,07/31 20:00,3747,11346,23064,2020-08-01T00:00:00Z,1345780,,,137710,2431,152,,948650,272439,,,229328,,,,,,,04,2992,11915,948650,16944,948650,,53,86,af548ba3fe9261fdeccd275fc891167175e9259e,0,0,0,0,0,
20200731,AZ,174010,813,759733,,totalTestsViral,1328836,2302,11260,719,,505,,,7/31/2020 00:00,2020-07-31T00:00:00Z,07/30 20:00,3694,11260,22714,2020-07-31T00:00:00Z,1328836,,,137710,2431,152,,933743,269923,,,227897,,,,,,,04,3212,17265,933743,15666,933743,,68,88,a558a4ffeaa9eee2860c534601133c6b0cb78324,0,0,0,0,0,
20200730,AZ,170798,813,742468,,totalTestsViral,1313170,2348,11172,758,,531,,,7/30/2020 00:00,2020-07-30T00:00:00Z,07/29 20:00,3626,11172,22358,2020-07-30T00:00:00Z,1313170,,,137710,2431,152,,913266,267105,,,226306,,,,,,,04,2525,9312,913266,16351,913266,,172,1112,68bf8c3b79a710224d7057e3545161da775a3eb5,0,0,0,0,0,
20200729,AZ,168273,813,733156,,totalTestsViral,1296819,2424,10060,800,,561,,,7/29/2020 00:00,2020-07-29T00:00:00Z,07/28 20:00,3454,10060,21994,2020-07-29T00:00:00Z,1296819,,,137710,2431,152,,901429,264215,,,224276,,,,,,,04,2339,8159,901429,17261,901429,,46,666,dd12eb5880636046901386c6a1adf1a4dc1a2a31,0,0,0,0,0,
20200728,AZ,165934,813,724997,,totalTestsViral,1279558,2564,9394,814,,574,,,7/28/2020 00:00,2020-07-28T00:00:00Z,07/27 20:00,3408,9394,21626,2020-07-28T00:00:00Z,1279558,,,137710,2431,152,,890931,261430,,,221894,,,,,,,04,2107,10491,890931,19111,890931,,104,1643,aace2ee8fbd219f6b9bd29573180f061fa25a3b2,0,0,0,0,0,
20200727,AZ,163827,813,714506,,totalTestsViral,1260447,2626,7751,820,,567,,,7/27/2020 00:00,2020-07-27T00:00:00Z,07/26 20:00,3304,7751,21321,2020-07-27T00:00:00Z,1260447,,,137710,2431,152,,878333,260983,,,221349,,,,,,,04,1813,9417,878333,7668,878333,,-1,45,83f56667dbce90029240027609e5374b637fb41e,0,0,0,0,0,
20200726,AZ,162014,813,705089,,totalTestsViral,1252779,2650,7706,837,,581,,,7/26/2020 00:00,2020-07-26T00:00:00Z,07/25 20:00,3305,7706,20978,2020-07-26T00:00:00Z,1252779,,,137710,2431,152,,867103,260351,,,220444,,,,,,,04,1973,7521,867103,11726,867103,,19,79,65b29b459b2fbaa6c303bca87b6068874c273a6a,0,0,0,0,0,
20200725,AZ,160041,813,697568,,totalTestsViral,1241053,2758,7627,842,,594,,,7/25/2020 00:00,2020-07-25T00:00:00Z,07/24 20:00,3286,7627,20566,2020-07-25T00:00:00Z,1241053,,,137710,2431,152,,857609,257551,,,218559,,,,,,,04,3740,17052,857609,16169,857609,,144,166,a682df8eed02d12f275d1a5333fac71d6ca7dd69,0,0,0,0,0,
20200724,AZ,156301,813,680516,,totalTestsViral,1224884,2844,7461,837,,575,,,7/24/2020 00:00,2020-07-24T00:00:00Z,07/23 20:00,3142,7461,20171,2020-07-24T00:00:00Z,1224884,,,137710,2431,152,,836817,255150,,,217015,,,,,,,04,3357,10747,836817,16189,836817,,79,225,29d2b4df8c44f7dd462e1711ab99ab12cac910bd,0,0,0,0,0,
20200723,AZ,152944,813,669769,,totalTestsViral,1208695,2966,7236,851,,617,,,7/23/2020 00:00,2020-07-23T00:00:00Z,07/22 20:00,3063,7236,19737,2020-07-23T00:00:00Z,1208695,,,137710,2431,152,,822713,252884,,,215211,,,,,,,04,2335,6397,822713,18413,822713,,89,189,0fa91f6bf7a47730e887d92a68f2b68c5d51da9c,0,0,0,0,0,
20200722,AZ,150609,813,663372,,totalTestsViral,1190282,3094,7047,870,,609,,,7/22/2020 00:00,2020-07-22T00:00:00Z,07/21 20:00,2974,7047,19293,2020-07-22T00:00:00Z,1190282,,,137710,2431,152,,813981,249837,,,213144,,,,,,,04,1926,4389,813981,18935,813981,,56,153,a45718b0bb3f11cb4851a5b146969d9fef5ad070,0,0,0,0,0,
20200721,AZ,148683,813,658983,,totalTestsViral,1171347,3041,6894,865,,608,,,7/21/2020 00:00,2020-07-21T00:00:00Z,07/20 20:00,2918,6894,18863,2020-07-21T00:00:00Z,1171347,,,137710,2431,152,,807666,246810,,,211454,,,,,,,04,3500,10643,807666,18865,807666,,134,196,e3856986e079205da901c0859747a105e58dc0e7,0,0,0,0,0,
20200720,AZ,145183,813,648340,,totalTestsViral,1152482,3084,6698,886,,622,,,7/20/2020 00:00,2020-07-20T00:00:00Z,07/19 20:00,2784,6698,18518,2020-07-20T00:00:00Z,1152482,,,137710,2431,152,,793523,246336,,,210464,,,,,,,04,1559,5985,793523,7363,793523,,23,66,320429f9b4abce68e471f297015b7f59b59934de,0,0,0,0,0,
20200719,AZ,143624,813,642355,,totalTestsViral,1145119,3136,6632,894,,622,,,7/19/2020 00:00,2020-07-19T00:00:00Z,07/18 20:00,2761,6632,18149,2020-07-19T00:00:00Z,1145119,,,137710,2431,152,,785979,245671,,,209531,,,,,,,04,2359,11629,785979,12791,785979,,31,65,3266246ff64e2e5f544b40561c5b5e372848087e,0,0,0,0,0,
20200718,AZ,141265,813,630726,,totalTestsViral,1132328,3238,6567,894,,657,,,7/18/2020 00:00,2020-07-18T00:00:00Z,07/17 20:00,2730,6567,17661,2020-07-18T00:00:00Z,1132328,,,137710,2431,152,,771991,242837,,,206872,,,,,,,04,2742,4281,771991,21913,771991,,147,165,cdddc4606e77ceca4902eb0fc272105ed12e9c04,0,0,0,0,0,
20200717,AZ,138523,813,626445,,totalTestsViral,1110415,3466,6402,944,,687,,,7/17/2020 00:00,2020-07-17T00:00:00Z,07/16 20:00,2583,6402,17184,2020-07-17T00:00:00Z,1110415,,,137710,2431,152,,764155,240534,,,205682,,,,,,,04,3910,11792,764968,20774,764968,,91,106,9bfd7e2b2430cb2f6ca6930c8250196123774f49,0,0,0,0,0,
20200716,AZ,134613,775,614653,,totalTestsViral,1089641,3454,6296,918,,657,,,7/16/2020 00:00,2020-07-16T00:00:00Z,07/15 20:00,2492,6296,16684,2020-07-16T00:00:00Z,1089641,,,133838,2353,139,,748491,238219,,,203318,,,,,,,04,3259,10045,749266,23346,749266,,58,193,89b2f5afc50c8ce450687fc293cd6a786e2da632,0,0,0,0,0,
20200715,AZ,131354,778,604608,,totalTestsViral,1066295,3493,6103,929,,671,,,7/15/2020 00:00,2020-07-15T00:00:00Z,07/14 20:00,2434,6103,16155,2020-07-15T00:00:00Z,1066295,,,130576,2295,139,,735184,235288,,,201004,,,,,,,04,3257,10762,735962,24177,735962,,97,161,b9ac76088abc748f49408163b172cc5e42a2081b,0,0,0,0,0,
20200714,AZ,128097,752,593846,,totalTestsViral,1042118,3517,5942,970,,674,,,7/14/2020 00:00,2020-07-14T00:00:00Z,07/13 20:00,2337,5942,15678,2020-07-14T00:00:00Z,1042118,,,127345,2208,129,,721191,232343,,,199450,,,,,,,04,4273,15244,721943,22248,721943,,92,103,330817604c0119b757ebff20d66592141809e163,0,0,0,0,0,
20200713,AZ,123824,723,578602,,totalTestsViral,1019870,3373,5839,936,,671,,,7/13/2020 00:00,2020-07-13T00:00:00Z,07/12 20:00,2245,5839,15254,2020-07-13T00:00:00Z,1019870,,,123101,2122,123,,701703,231791,,,198291,,,,,,,04,1357,4897,702426,8500,702426,,8,44,60c362cbb0733a5770acbef2d0f979d16a6137de,0,0,0,0,0,
20200712,AZ,122467,709,573705,,totalTestsViral,1011370,3432,5795,922,,631,,,7/12/2020 00:00,2020-07-12T00:00:00Z,07/11 20:00,2237,5795,14829,2020-07-12T00:00:00Z,1011370,,,121758,2114,123,,695463,230956,,,197017,,,,,,,04,2537,9645,696172,12589,696172,,86,45,495a34363033cd1d638a6bb35179b2ee00fccfb6,0,0,0,0,0,
20200711,AZ,119930,697,564060,,totalTestsViral,998781,3485,5750,899,,620,,,7/11/2020 00:00,2020-07-11T00:00:00Z,07/10 20:00,2151,5750,14394,2020-07-11T00:00:00Z,998781,,,119233,2030,121,,683293,227933,,,194948,,,,,,,04,3038,11741,683990,23522,683990,,69,91,6fcb63ed2baad5db80af58ccffd827b1219e4f9b,0,0,0,0,0,
20200710,AZ,116892,683,552319,,totalTestsViral,975259,3432,5659,876,,615,,,7/10/2020 00:00,2020-07-10T00:00:00Z,07/09 20:00,2082,5659,13853,2020-07-10T00:00:00Z,975259,,,116209,1961,121,,668528,225140,,,191767,,,,,,,04,4221,11929,669211,25796,669211,,44,133,ef63e7457e14f60669c7133179da51f1901adaeb,0,0,0,0,0,
20200709,AZ,112671,643,540390,,totalTestsViral,949463,3437,5526,861,,575,,,7/9/2020 00:00,2020-07-09T00:00:00Z,07/08 20:00,2038,5526,13341,2020-07-09T00:00:00Z,949463,,,112028,1917,121,,652418,222446,,,188864,,,,,,,04,4057,7934,653061,24826,653061,,75,139,23462a9f26df90b4adcd2479f9d32e7faa1214cf,0,0,0,0,0,
20200708,AZ,108614,583,532456,,totalTestsViral,924637,3421,5387,871,,570,,,7/8/2020 00:00,2020-07-08T00:00:00Z,07/07 20:00,1963,5387,12803,2020-07-08T00:00:00Z,924637,,,108031,1842,121,,640487,219114,,,186602,,,,,,,04,3520,8753,641070,26150,641070,,36,115,428fda4c18390ccae40c3fb3d3ae448b1a7cbbcd,0,0,0,0,0,
20200707,AZ,105094,522,523703,,totalTestsViral,898487,3356,5272,869,,544,,,7/7/2020 00:00,2020-07-07T00:00:00Z,07/06 20:00,1927,5272,12260,2020-07-07T00:00:00Z,898487,,,104572,1807,120,,628275,216268,,,183595,,,,,,,04,3653,7303,628797,25193,628797,,117,84,b46be1296487832c96a5e4ef373259d098bfa9f4,0,0,0,0,0,
20200706,AZ,101441,498,516400,,totalTestsViral,873294,3212,5188,839,,533,,,7/6/2020 00:00,2020-07-06T00:00:00Z,07/05 20:00,1810,5188,11836,2020-07-06T00:00:00Z,873294,,,100943,1695,115,,617343,215791,,,183109,,,,,,,04,3352,10127,617841,8494,617841,,1,27,e148f8d3ce635d8f68653349ac686c305758ad47,0,0,0,0,0,
20200705,AZ,98089,478,506273,,totalTestsViral,864800,3182,5161,821,,531,,,7/5/2020 00:00,2020-07-05T00:00:00Z,07/04 20:00,1809,5161,11361,2020-07-05T00:00:00Z,864800,,,97611,1694,115,,603884,215183,,,182115,,,,,,,04,3536,11318,604362,8073,604362,,4,93,403edb07b486e75cb61469d887fa4879129ee2ba,0,0,0,0,0,
20200704,AZ,94553,468,494955,,totalTestsViral,856727,3113,5068,796,,413,,,7/4/2020 00:00,2020-07-04T00:00:00Z,07/03 20:00,1805,5068,10903,2020-07-04T00:00:00Z,856727,,,94085,1690,115,,589040,214173,,,180250,,,,,,,04,2695,8432,589508,17463,589508,,17,50,78a2e9845469e73d09aad313210ae1c7198315cc,0,0,0,0,0,
20200703,AZ,91858,462,486523,,totalTestsViral,839264,3013,5018,741,,489,,,7/3/2020 00:00,2020-07-03T00:00:00Z,07/02 20:00,1788,5018,10478,2020-07-03T00:00:00Z,839264,,,91396,1673,115,,577919,210982,,,177849,,,,,,,04,4433,13109,578381,26589,578381,,31,102,cd7dd2ef013eee9d653a43c00d3da5252609f1a3,0,0,0,0,0,
20200702,AZ,87425,455,473414,,totalTestsViral,812675,2938,4916,723,,488,,,7/2/2020 00:00,2020-07-02T00:00:00Z,07/01 20:00,1757,4916,10137,2020-07-02T00:00:00Z,812675,,,86970,1642,115,,560384,207746,,,175112,,,,,,,04,3333,7910,560839,26174,560839,,37,79,b9cbab8257c14b485332abd2709da7e8119ba735,0,0,0,0,0,
20200701,AZ,84092,447,465504,,totalTestsViral,786501,2876,4837,675,,466,,,7/1/2020 00:00,2020-07-01T00:00:00Z,06/30 20:00,1720,4837,9715,2020-07-01T00:00:00Z,786501,,,83645,1607,113,,549149,204412,,,172836,,,,,,,04,4877,12363,549596,26669,549596,,88,101,d783747f0860d90795f9dde33bd27498f31aedcc,0,0,0,0,0,
20200630,AZ,79215,434,453141,,totalTestsViral,759832,2793,4736,683,,455,,,6/30/2020 00:00,2020-06-30T00:00:00Z,06/29 20:00,1632,4736,9411,2020-06-30T00:00:00Z,759832,,,78781,1529,103,,531922,200303,,,169911,,,,,,,04,4682,16251,532356,26633,532356,,44,102,27b4f719ceda92b18296148762ecf18b9fb07e2a,0,0,0,0,0,
20200629,AZ,74533,414,436890,,totalTestsViral,733199,2721,4634,679,,465,,,6/29/2020 00:00,2020-06-29T00:00:00Z,06/28 20:00,1588,4634,9179,2020-06-29T00:00:00Z,733199,,,74119,1488,100,,511009,199719,,,166748,,,,,,,04,625,902,511423,9565,511423,,0,17,a20bb619e4d88b783e738006493f13fec0f2f9f2,0,0,0,0,0,
20200628,AZ,73908,411,435988,,totalTestsViral,723634,2691,4617,666,,475,,,6/28/2020 00:00,2020-06-28T00:00:00Z,06/27 20:00,1588,4617,8926,2020-06-28T00:00:00Z,723634,,,73497,1488,100,,509485,198787,,,164333,,,,,,,04,3857,11292,509896,13808,509896,,9,22,70c1170ac32f9f883d18de1dffe7d96595576b66,0,0,0,0,0,
20200627,AZ,70051,410,424696,,totalTestsViral,709826,2577,4595,657,,433,,,6/27/2020 00:00,2020-06-27T00:00:00Z,06/26 20:00,1579,4595,8659,2020-06-27T00:00:00Z,709826,,,69641,1479,100,,494337,194641,,,162440,,,,,,,04,3503,11421,494747,23684,494747,,44,81,e1953b1827c532e6b1f684d6388c29927c8c6967,0,0,0,0,0,
20200626,AZ,66548,493,413275,,totalTestsViral,686142,2110,4514,581,,312,,,6/26/2020 00:00,2020-06-26T00:00:00Z,06/25 20:00,1535,4514,8389,2020-06-26T00:00:00Z,686142,,,66055,1435,100,,479330,190579,,,157620,,,,,,,04,3518,12109,479823,23669,479823,,45,108,24aa94e27eae0a354221c4f6489749b2ca7c661b,0,0,0,0,0,
20200625,AZ,63030,396,401166,,totalTestsViral,662473,2453,4406,611,,415,,,6/25/2020 00:00,2020-06-25T00:00:00Z,06/24 20:00,1490,4406,8139,2020-06-25T00:00:00Z,662473,,,62634,1393,97,,463800,186691,,,155343,,,,,,,04,3056,11952,464196,23698,464196,,27,93,145fce8bea08753bcbb670fbc9494a6327de47f5,0,0,0,0,0,
20200624,AZ,59974,388,389214,,totalTestsViral,638775,2270,4313,581,,407,,,6/24/2020 00:00,2020-06-24T00:00:00Z,06/23 20:00,1463,4313,7936,2020-06-24T00:00:00Z,638775,,,59586,1366,97,,448800,182563,,,151006,,,,,,,04,1795,6875,449188,23477,449188,,79,58,e861355a7acf1de53e5e5cd662673addec83b5b5,0,0,0,0,0,
20200623,AZ,58179,380,382339,,totalTestsViral,615298,2136,4255,614,,386,,,6/23/2020 00:00,2020-06-23T00:00:00Z,06/22 20:00,1384,4255,7746,2020-06-23T00:00:00Z,615298,,,57799,1291,93,,440138,179185,,,149616,,,,,,,04,3593,7135,440518,21964,440518,,42,0,62aa69500444882d82751df7ea7e0b0c4e28bff5,0,0,0,0,0,
20200622,AZ,54586,372,375204,,totalTestsViral,593334,1992,4255,583,,379,,,6/22/2020 00:00,2020-06-22T00:00:00Z,06/21 20:00,1342,4255,7581,2020-06-22T00:00:00Z,593334,,,54214,1251,91,,429418,178473,,,148031,,,,,,,04,2196,7850,429790,7690,429790,,3,0,3d3fbd1319c810b30032360286ddb486934d56df,0,0,0,0,0,
20200621,AZ,52390,372,367354,,totalTestsViral,585644,1942,4255,556,,361,,,6/21/2020 00:00,2020-06-21T00:00:00Z,06/20 20:00,1339,4255,7387,2020-06-21T00:00:00Z,585644,,,52018,1248,91,,419372,177548,,,147565,,,,,,,04,2592,11872,419744,13128,419744,,1,3,87572bf2f1e588b6716d892f7643327d56b4cf96,0,0,0,0,0,
20200620,AZ,49798,372,355482,,totalTestsViral,572516,1938,4252,546,,368,,,6/20/2020 00:00,2020-06-20T00:00:00Z,06/19 20:00,1338,4252,7196,2020-06-20T00:00:00Z,572516,,,49426,1247,91,,404908,173613,,,144366,,,,,,,04,3109,9955,405280,22321,405280,,26,6,dc53638944160a6b9a9aab5e81d8c864afb7c47a,0,0,0,0,0,
20200619,AZ,46689,366,345527,,totalTestsViral,550195,1832,4246,519,,362,,,6/19/2020 00:00,2020-06-19T00:00:00Z,06/18 20:00,1312,4246,7018,2020-06-19T00:00:00Z,550195,,,46323,1224,88,,391850,170096,,,140847,,,,,,,04,3246,9238,392216,20636,392216,,41,5,480da3bc6d4bfda70571e1726eb6b5508c1bd023,0,0,0,0,0,
20200618,AZ,43443,358,336289,,totalTestsViral,529559,1667,4241,540,,341,,,6/18/2020 00:00,2020-06-18T00:00:00Z,06/17 20:00,1271,4241,6863,2020-06-18T00:00:00Z,529559,,,43085,1184,87,,379374,167002,,,138292,,,,,,,04,2519,11020,379732,17723,379732,,32,17,b61f68eb1a35f23794ab20d77ba977c4efb28f60,0,0,0,0,0,
20200617,AZ,40924,347,325269,,totalTestsViral,511836,1582,4224,531,,346,,,6/17/2020 00:00,2020-06-17T00:00:00Z,06/16 20:00,1239,4224,6715,2020-06-17T00:00:00Z,511836,,,40577,1159,80,,365846,163007,,,136117,,,,,,,04,1827,10032,366193,17988,366193,,20,15,a1a0c07fed67fc5f230daaf168098fb9a45e558f,0,0,0,0,0,
20200616,AZ,39097,343,315237,,totalTestsViral,493848,1506,4209,502,,340,,,6/16/2020 00:00,2020-06-16T00:00:00Z,06/15 20:00,1219,4209,6598,2020-06-16T00:00:00Z,493848,,,38754,1140,79,,353991,159813,,,135295,,,,,,,04,2392,6685,354334,17774,354334,,25,27,2fb2aa78ff37d0d7692002344042b2727bb8d5ca,0,0,0,0,0,
20200615,AZ,36705,328,308552,,totalTestsViral,476074,1449,4182,464,,307,,,6/15/2020 00:00,2020-06-15T00:00:00Z,06/14 20:00,1194,4182,6462,2020-06-15T00:00:00Z,476074,,,36377,1127,67,,344929,159138,,,134173,,,,,,,04,1014,6198,345257,6281,345257,,8,34,02dd1783e49346ba6c4ee28c75f705ade9f359e4,0,0,0,0,0,
20200614,AZ,35691,317,302354,,totalTestsViral,469793,1457,4148,452,,317,,,6/14/2020 00:00,2020-06-14T00:00:00Z,06/13 20:00,1186,4148,6333,2020-06-14T00:00:00Z,469793,,,35374,1119,67,,337728,158218,,,131698,,,,,,,04,1233,8415,338045,9317,338045,,3,33,f455eaef0d2030d557179a6089081234415e4498,0,0,0,0,0,
20200613,AZ,34458,312,293939,,totalTestsViral,460476,1412,4115,447,,309,,,6/13/2020 00:00,2020-06-13T00:00:00Z,06/12 20:00,1183,4115,6209,2020-06-13T00:00:00Z,460476,,,34146,1116,67,,328085,154757,,,128830,,,,,,,04,1540,4078,328397,16337,328397,,39,36,3dd5cc670f7f15d70567d0723f58e36e086adfe4,0,0,0,0,0,
20200612,AZ,32918,309,289861,,totalTestsViral,444139,1336,4079,429,,278,,,6/12/2020 00:00,2020-06-12T00:00:00Z,06/11 20:00,1144,4079,5980,2020-06-12T00:00:00Z,444139,,,30955,1060,67,,320816,151020,,,122070,,,,,,,04,1654,11543,322779,15088,322779,,17,38,57657f44275b6d872ca13f6cec1d7f929f80ce39,0,0,0,0,0,
20200611,AZ,31264,309,278318,,totalTestsViral,429051,1291,4041,429,,278,,,6/11/2020 00:00,2020-06-11T00:00:00Z,06/10 20:00,1127,4041,5980,2020-06-11T00:00:00Z,429051,,,30955,1060,67,,309273,147343,,,120054,,,,,,,04,1412,8483,309582,15036,309582,,32,41,69c171ac769cfb7834f144fef27bb9119042204b,0,0,0,0,0,
20200610,AZ,29852,,269835,,totalTestsViral,414015,1274,4000,413,,273,,,6/10/2020 00:00,2020-06-10T00:00:00Z,06/09 20:00,1095,4000,5851,2020-06-10T00:00:00Z,414015,,,,,,,299687,141708,,,117257,,,,,,,04,1556,4918,299687,15112,299687,,25,41,7b965921337f404625d033cfe4700fbdb2b9dbb5,0,0,0,0,0,
20200609,AZ,28296,,264917,,totalTestsViral,398903,1243,3959,438,,264,,,6/9/2020 00:00,2020-06-09T00:00:00Z,06/08 20:00,1070,3959,5764,2020-06-09T00:00:00Z,398903,,,,,,,293213,137700,,,115961,,,,,,,04,618,4514,293213,14456,293213,,23,48,74be07c25491e55198887101bc2e4f4c5aff02c5,0,0,0,0,0,
20200608,AZ,27678,,260403,,totalTestsViral,384447,1266,3911,390,,246,,,6/8/2020 00:00,2020-06-08T00:00:00Z,06/07 20:00,1047,3911,5639,2020-06-08T00:00:00Z,384447,,,,,,,288081,137046,,,114579,,,,,,,04,789,5671,288081,4814,288081,,3,64,506bb771aab8c90e9e9731e09189008af71f5899,0,0,0,0,0,
20200607,AZ,26889,,254732,,totalTestsViral,379633,1252,3847,392,,248,,,6/7/2020 00:00,2020-06-07T00:00:00Z,06/06 20:00,1044,3847,5517,2020-06-07T00:00:00Z,379633,,,,,,,281621,135958,,,111625,,,,,,,04,1438,8537,281621,6308,281621,,2,70,508cc970fba9c055569728ef8a61627823740771,0,0,0,0,0,
20200606,AZ,25451,,246195,,totalTestsViral,373325,1278,3777,391,,292,,,6/6/2020 00:00,2020-06-06T00:00:00Z,06/05 20:00,1042,3777,5399,2020-06-06T00:00:00Z,373325,,,,,,,271646,132191,,,109266,,,,,,,04,1119,6662,271646,13828,271646,,30,65,de767549cfde056f30566ac9b5ce7e00696b902d,0,0,0,0,0,
20200605,AZ,24332,,239533,,totalTestsViral,359497,1234,3712,375,,241,,,6/5/2020 00:00,2020-06-05T00:00:00Z,06/04 20:00,1012,3712,5298,2020-06-05T00:00:00Z,359497,,,,,,,263865,128552,,,106390,,,,,,,04,1579,12531,263865,12096,263865,,16,70,210eade5d628cc5e9385412eba962a801b43a668,0,0,0,0,0,
20200604,AZ,22753,,227002,,totalTestsViral,347401,1079,3642,375,,223,,,6/4/2020 00:00,2020-06-04T00:00:00Z,06/03 20:00,996,3642,5172,2020-06-04T00:00:00Z,347401,,,,,,,249755,124976,,,101147,,,,,,,04,520,4710,249755,11044,249755,,15,53,5c6a54cbcfd98f2e60ee6cef47b9f7327123784d,0,0,0,0,0,
20200603,AZ,22233,,222292,,totalTestsViral,336357,1092,3589,379,,239,,,6/3/2020 00:00,2020-06-03T00:00:00Z,06/02 20:00,981,3589,5076,2020-06-03T00:00:00Z,336357,,,,,,,244525,120814,,,100519,,,,,,,04,983,5709,244525,11141,244525,,40,69,44a3517c6fd41be0d519eeaa66c1b1e2fbec97d9,0,0,0,0,0,
20200602,AZ,21250,,216583,,totalTestsViral,325216,1009,3520,380,,235,,,6/2/2020 00:00,2020-06-02T00:00:00Z,06/01 20:00,941,3520,4967,2020-06-02T00:00:00Z,325216,,,,,,,237833,116283,,,98756,,,,,,,04,1127,8636,237833,11073,237833,,24,75,5ca434e1677380877d5691980e0ac6e1d5556702,0,0,0,0,0,
20200601,AZ,20123,,207947,,totalTestsViral,314143,968,3445,377,,238,,,6/1/2020 00:00,2020-06-01T00:00:00Z,05/31 20:00,917,3445,4869,2020-06-01T00:00:00Z,314143,,,,,,,228070,115519,,,93856,,,,,,,04,187,2677,228070,3481,228070,,11,66,f5c87c63825bf8c3ae34f9a0208f641b7a272c61,0,0,0,0,0,
20200531,AZ,19936,,205270,,totalTestsViral,310662,973,3379,376,,239,,,5/31/2020 00:00,2020-05-31T00:00:00Z,05/30 20:00,906,3379,4761,2020-05-31T00:00:00Z,310662,,,,,,,225206,113623,,,93367,,,,,,,04,681,7478,225206,9103,225206,,3,45,9402065fbf478bd0acb18d98596aefd1aa2b6f2f,0,0,0,0,0,
20200530,AZ,19255,,197792,,totalTestsViral,301559,975,3334,386,,241,,,5/30/2020 00:00,2020-05-30T00:00:00Z,05/29 20:00,903,3334,4657,2020-05-30T00:00:00Z,301559,,,,,,,217047,109543,,,90668,,,,,,,04,790,6444,217047,10822,217047,,18,53,6a27a61479e1a9630397fb07cc971a5406543284,0,0,0,0,0,
20200529,AZ,18465,,191348,,totalTestsViral,290737,931,3281,378,,238,,,5/29/2020 00:00,2020-05-29T00:00:00Z,05/28 20:00,885,3281,4551,2020-05-29T00:00:00Z,290737,,,,,,,209813,105486,,,87682,,,,,,,04,702,6197,209813,9146,209813,,28,58,cffb6d607e211c3b3e9aaea7afde32bb98c62745,0,0,0,0,0,
20200528,AZ,17763,,185151,,totalTestsViral,281591,945,3223,374,,222,,,5/28/2020 00:00,2020-05-28T00:00:00Z,05/27 20:00,857,3223,4452,2020-05-28T00:00:00Z,281591,,,,,,,202914,101232,,,84691,,,,,,,04,501,6147,202914,8255,202914,,26,51,fde48d0bc5217df58fd789519f0b2f1a5a4279b6,0,0,0,0,0,
20200527,AZ,17262,,179004,,totalTestsViral,273336,911,3172,375,,237,,,5/27/2020 00:00,2020-05-27T00:00:00Z,05/26 20:00,831,3172,4361,2020-05-27T00:00:00Z,273336,,,,,,,196266,96842,,,83284,,,,,,,04,479,5056,196266,9151,196266,,24,50,ecb646f2b914d869f40b2e786d7a61185aceacc1,0,0,0,0,0,
20200526,AZ,16783,,173948,,totalTestsViral,264185,818,3122,336,,208,,,5/25/2020 00:00,2020-05-25T00:00:00Z,05/24 20:00,807,3122,4297,2020-05-25T00:00:00Z,264185,,,,,,,190731,96266,,,82338,,,,,,,04,222,2727,190731,3181,190731,,1,45,62708b06c73cce2a1165ca1fb90ed77ac064c7f4,0,0,0,0,0,
20200525,AZ,16561,,171221,,totalTestsViral,261004,833,3077,334,,212,,,5/25/2020 00:00,2020-05-25T00:00:00Z,05/24 20:00,806,3077,4204,2020-05-25T00:00:00Z,261004,,,,,,,187782,95583,,,80601,,,,,,,04,222,3919,187782,3387,187782,,6,51,471b0c5edaabea2f19f917664c13ce6ccfedbdf1,0,0,0,0,0,
20200524,AZ,16339,,167302,,totalTestsViral,257617,804,3026,322,,201,,,5/24/2020 00:00,2020-05-24T00:00:00Z,05/23 20:00,800,3026,4132,2020-05-24T00:00:00Z,257617,,,,,,,183641,93312,,,77018,,,,,,,04,300,2902,183641,6367,183641,,1,42,418c0cfc711be0d500eb92beb8d0716e8e287a48,0,0,0,0,0,
20200523,AZ,16039,,164400,,totalTestsViral,251250,784,2984,309,,193,,,5/23/2020 00:00,2020-05-23T00:00:00Z,05/22 20:00,799,2984,4033,2020-05-23T00:00:00Z,251250,12089,,,,,,180439,88847,2200,,73350,,,,,,,04,431,4005,180439,8156,180439,,24,41,c1736d95341e8dbca3ce8634230202e590beb036,0,0,0,0,0,
20200522,AZ,15608,,160395,,totalTestsViral,243094,796,2943,311,,203,,,5/22/2020 00:00,2020-05-22T00:00:00Z,05/21 20:00,775,2943,3949,2020-05-22T00:00:00Z,243094,,,,,,,176003,84064,,,69483,,,,,,,04,293,4083,176003,7546,176003,,12,58,d24210b3761e3dd24d221e9066ac69e81c784678,0,0,0,0,0,
20200521,AZ,15315,,156312,,totalTestsViral,235548,812,2885,299,,197,,,5/21/2020 00:00,2020-05-21T00:00:00Z,05/20 20:00,763,2885,3872,2020-05-21T00:00:00Z,235548,,,,,,,171627,79108,,,65790,,,,,,,04,418,5774,171627,6829,171627,,16,49,1659af233e455471191c20b6629209e624d5407b,0,0,0,0,0,
20200520,AZ,14897,,150538,,totalTestsViral,228719,810,2836,298,,208,,,5/20/2020 00:00,2020-05-20T00:00:00Z,05/19 20:00,747,2836,3773,2020-05-20T00:00:00Z,228719,,,,,,,165435,74087,,,61664,,,,,,,04,331,3533,165435,8051,165435,,43,36,c9b64133f8275bc67ff95c622bac0deaa8489a2b,0,0,0,0,0,
20200519,AZ,14566,,147005,,totalTestsViral,220668,792,2800,318,,201,,,5/19/2020 00:00,2020-05-19T00:00:00Z,05/18 20:00,704,2800,3693,2020-05-19T00:00:00Z,220668,,,,,,,161571,68912,,,59041,,,,,,,04,396,4702,161571,9122,161571,,18,43,cc94d3d01fd3e50d1a8eb1dac9eda5c223e79fec,0,0,0,0,0,
20200518,AZ,14170,,142303,,totalTestsViral,211546,820,2757,329,,200,,,5/18/2020 00:00,2020-05-18T00:00:00Z,05/17 20:00,686,2757,3570,2020-05-18T00:00:00Z,211546,,,,,,,156473,67571,,,56311,,,,,,,04,233,4479,156473,3281,156473,,6,54,4f47b746f6d2f9cce3bd655c760a06656194706a,0,0,0,0,0,
20200517,AZ,13937,,137824,,totalTestsViral,208265,796,2703,337,,201,,,5/17/2020 00:00,2020-05-17T00:00:00Z,05/16 20:00,680,2703,3450,2020-05-17T00:00:00Z,208265,,,,,,,151761,65780,,,51245,,,,,,,04,306,4667,151761,12342,151761,,1,30,40d6c49273e51a8b7b25a81fea8c7c5f80e68506,0,0,0,0,0,
20200516,AZ,13631,,133157,,totalTestsViral,195923,791,2673,344,,210,,,5/16/2020 00:00,2020-05-16T00:00:00Z,05/15 20:00,679,2673,3357,2020-05-16T00:00:00Z,195923,,,,,,,146788,60776,,,47716,,,,,,,04,462,4325,146788,9674,146788,,28,37,d79ad70dd7199aac9e5666cd21ed7928aa838b2c,0,0,0,0,0,
20200515,AZ,13169,,128832,,totalTestsViral,186249,808,2636,313,,222,,,5/15/2020 00:00,2020-05-15T00:00:00Z,05/14 20:00,651,2636,3145,2020-05-15T00:00:00Z,186249,,,,,,,142001,56355,,,44903,,,,,,,04,495,7168,142001,7269,142001,,27,41,8e83e1098389711e997e7353abefac4da5cc05a9,0,0,0,0,0,
20200514,AZ,12674,,121664,,totalTestsViral,178980,781,2595,323,,201,,,5/14/2020 00:00,2020-05-14T00:00:00Z,05/13 20:00,624,2595,3074,2020-05-14T00:00:00Z,178980,,,,,,,134338,52083,,,41117,,,,,,,04,498,6090,134338,7445,134338,,30,52,fce030cd76dca67387d8ed49022e7f2867a3edfc,0,0,0,0,0,
20200513,AZ,12176,,115574,,totalTestsViral,171535,755,2543,292,,191,,,5/13/2020 00:00,2020-05-13T00:00:00Z,05/12 20:00,594,2543,2979,2020-05-13T00:00:00Z,171535,,,,,,,127750,47603,,,38060,,,,,,,04,440,4468,127750,8094,127750,,32,39,e88cff19787e67fa1bfe3a02807cdd0b8848e5b8,0,0,0,0,0,
20200512,AZ,11736,,111106,,totalTestsViral,163441,765,2504,318,,204,,,5/12/2020 00:00,2020-05-12T00:00:00Z,05/11 20:00,562,2504,2909,2020-05-12T00:00:00Z,163441,,,,,,,122842,42820,,,36209,,,,,,,04,356,6022,122842,8195,122842,,20,42,a9c6046e58b5e84a29ac26b2b56b0f7ca17e72fa,0,0,0,0,0,
20200511,AZ,11380,,105084,,totalTestsViral,155246,717,2462,297,,201,,,5/11/2020 00:00,2020-05-11T00:00:00Z,05/10 20:00,542,2462,2852,2020-05-11T00:00:00Z,155246,,,,,,,116464,42352,,,33777,,,,,,,04,261,5826,116464,2156,116464,,6,41,fc515a2ca152655bf96375a6052cc016972039f9,0,0,0,0,0,
20200510,AZ,11119,,99258,,totalTestsViral,153090,713,2421,300,,195,,,5/10/2020 00:00,2020-05-10T00:00:00Z,05/09 20:00,536,2421,2775,2020-05-10T00:00:00Z,153090,,,,,,,110377,41318,,,27362,,,,,,,04,159,4408,110377,10983,110377,,4,35,fdeadab5449e4564f77ac003e6de88c3e021650f,0,0,0,0,0,
20200509,AZ,10960,,94850,,totalTestsViral,142107,739,2386,296,,186,,,5/9/2020 00:00,2020-05-09T00:00:00Z,05/08 20:00,532,2386,2684,2020-05-09T00:00:00Z,142107,,,,,,,105810,35782,,,23130,,,,,,,04,434,4251,105810,7030,105810,,15,36,1475d8b954fdb69e80b37426c8e617e221fc751e,0,0,0,0,0,
20200508,AZ,10526,,90599,,totalTestsViral,135077,730,2350,295,,197,,,5/8/2020 00:00,2020-05-08T00:00:00Z,05/07 20:00,517,2350,1747,2020-05-08T00:00:00Z,135077,,,,,,,101125,30842,,,18782,,,,,,,04,581,4110,101125,7106,101125,,67,58,d33fd5c16434d827a28026077ac5c3feb9439547,0,0,0,0,0,
20200507,AZ,9945,,86489,,totalTestsViral,127971,766,2292,288,,196,,,5/7/2020 00:00,2020-05-07T00:00:00Z,05/06 20:00,450,2292,1722,2020-05-07T00:00:00Z,127971,,,,,,,96434,25887,,,14652,,,,,,,04,238,4459,96434,5702,96434,,24,48,0fc011d9176bef69821147323765d509ac5dce53,0,0,0,0,0,
20200506,AZ,9707,,82030,,totalTestsViral,122269,754,2244,286,,193,,,5/6/2020 00:00,2020-05-06T00:00:00Z,05/05 20:00,426,2244,1693,2020-05-06T00:00:00Z,122269,,,,,,,91737,20997,,,,,,,,,,04,402,3075,91737,5785,91737,,31,52,e8ce0baae62ef43359ab29c2ea257871d20c40bf,0,0,0,0,0,
20200505,AZ,9305,,78955,,totalTestsViral,116484,728,2192,303,,185,,,5/5/2020 00:00,2020-05-05T00:00:00Z,05/04 20:00,395,2192,1671,2020-05-05T00:00:00Z,116484,,,,,,,88260,16134,,,,,,,,,,04,386,2621,88260,5685,88260,,33,57,83a3949b656a1388c6f0d129e3f32f22aec803f2,0,0,0,0,0,
20200504,AZ,8919,,76334,,totalTestsViral,110799,703,2135,288,,200,,,5/4/2020 00:00,2020-05-04T00:00:00Z,05/03 20:00,362,2135,1632,2020-05-04T00:00:00Z,110799,,,,,,,85253,15730,,,,,,,,,,04,279,3855,85253,1632,85253,,0,46,bb65eda43df5532f2d14ba8f628cdec5319b62cc,0,0,0,0,0,
20200503,AZ,8640,,72479,,totalTestsViral,109167,732,2089,282,,192,,,5/3/2020 00:00,2020-05-03T00:00:00Z,05/02 20:00,362,2089,1597,2020-05-03T00:00:00Z,109167,,,,,,,81119,15195,,,,,,,,,,04,276,2846,81119,6549,81119,,14,56,3b42516691308ab809bba256860bea96cd9deb99,0,0,0,0,0,
20200502,AZ,8364,,69633,,totalTestsViral,102618,718,2033,291,,198,,,5/2/2020 00:00,2020-05-02T00:00:00Z,05/01 20:00,348,2033,1565,2020-05-02T00:00:00Z,102618,,,,,,,77997,11014,,,,,,,,,,04,402,2716,77997,5124,77997,,18,47,2334ec64ab89e3578a88fd88a669dc23ac3274f5,0,0,0,0,0,
20200501,AZ,7962,,66917,,totalTestsViral,97494,709,1986,311,,187,,,5/1/2020 00:00,2020-05-01T00:00:00Z,04/30 20:00,330,1986,1528,2020-05-01T00:00:00Z,97494,,,,,,,74879,7495,,,,,,,,,,04,314,2779,74879,4105,74879,,10,49,ab284501ee9a59e8ed9e26aa2ca032e8a28c7faa,0,0,0,0,0,
20200430,AZ,7648,,64138,,totalTestsViral,93389,755,1937,311,,194,,,4/30/2020 00:00,2020-04-30T00:00:00Z,04/29 20:00,320,1937,1499,2020-04-30T00:00:00Z,93389,,,,,,,71786,4225,,,,,,,,,,04,446,2527,71786,3842,71786,,16,53,638aa2325eabd2cb9472b695b7a768fe95f936a8,0,0,0,0,0,
20200429,AZ,7202,,61611,,totalTestsViral,89547,756,1884,312,,191,,,4/29/2020 00:00,2020-04-29T00:00:00Z,04/28 20:00,304,1884,1475,2020-04-29T00:00:00Z,89547,,,,,,,68813,1901,,,,,,,,,,04,254,1121,68813,4060,68813,,11,60,d66da35faae32b113d545f56bde2ac7e62c022bb,0,0,0,0,0,
20200428,AZ,6948,,60490,,totalTestsViral,85487,737,1824,303,,193,,,4/27/2020 00:00,2020-04-27T00:00:00Z,04/26 20:00,293,1824,1450,2020-04-27T00:00:00Z,85487,,,,,,,67438,411,,,,,,,,,,04,232,663,67438,3535,67438,,18,52,b9880c0783b4c871d18c044c9742d04cf2ee4796,0,0,0,0,0,
20200427,AZ,6716,,59827,,totalTestsViral,81952,647,1772,328,,200,,,4/27/2020 00:00,2020-04-27T00:00:00Z,04/26 20:00,275,1772,1418,2020-04-27T00:00:00Z,81952,,,,,,,66543,404,,,,,,,,,,04,190,1542,66543,892,66543,,0,56,a6cffbbb39a217005b58f854fe2d0a9c95fcf2d0,0,0,0,0,0,
20200426,AZ,6526,,58285,,totalTestsViral,81060,671,1716,308,,200,,,4/26/2020 00:00,2020-04-26T00:00:00Z,04/25 20:00,275,1716,1383,2020-04-26T00:00:00Z,81060,,,,,,,64811,382,,,,,,,,,,04,246,2057,64811,1163,64811,,9,44,d3858d6517b74053538012afa72ef1bfc6121532,0,0,0,0,0,
20200425,AZ,6280,,56228,,totalTestsViral,79897,697,1672,313,,191,,,4/25/2020 00:00,2020-04-25T00:00:00Z,04/24 20:00,266,1672,1345,2020-04-25T00:00:00Z,79897,,,,,,,62508,221,,,,,,,,,,04,235,1559,62508,2991,62508,,0,46,3481fa9bac09e048a5c512148002b4fa9fb6b85c,0,0,0,0,0,
20200424,AZ,6045,,54669,,totalTestsViral,76906,639,1626,332,,186,,,4/24/2020 00:00,2020-04-24T00:00:00Z,04/23 20:00,266,1626,1313,2020-04-24T00:00:00Z,76906,,,,,,,60714,154,,,,,,,,,,04,276,1741,60714,2582,60714,,17,54,e0908bc5186742275d0a66bdb2538942afc8d8d0,0,0,0,0,0,
20200423,AZ,5769,,52928,,totalTestsViral,74324,699,1572,305,,201,,,4/23/2020 00:00,2020-04-23T00:00:00Z,04/22 20:00,249,1572,1282,2020-04-23T00:00:00Z,74324,,,,,,,58697,124,,,,,,,,,,04,310,1786,58697,2510,58697,,20,44,c6de26d754fe5d14cbfa5dddaf0c191fe70b3adc,0,0,0,0,0,
20200422,AZ,5459,,51142,,totalTestsViral,71814,664,1528,300,,195,,,4/22/2020 00:00,2020-04-22T00:00:00Z,04/21 20:00,229,1528,1265,2020-04-22T00:00:00Z,71814,,,,,,,56601,106,,,,,,,,,,04,208,1241,56601,2450,56601,,21,44,5350081c142a6d0c34ea1f8862cfa9d1eb38b519,0,0,0,0,0,
20200421,AZ,5251,,49901,,totalTestsViral,69364,637,1484,285,,181,,,4/21/2020 00:00,2020-04-21T00:00:00Z,04/20 20:00,208,1484,1155,2020-04-21T00:00:00Z,69364,,,,,,,55152,75,,,,,,,,,,04,187,465,55152,2745,55152,,21,30,f53f8e582f531f6e3c553f0c16b58d3efdcbcfa9,0,0,0,0,0,
20200420,AZ,5064,,49436,,totalTestsViral,66619,637,1454,285,,181,,,4/20/2020 00:00,2020-04-20T00:00:00Z,04/19 20:00,187,1454,1155,2020-04-20T00:00:00Z,66619,,,,,,,54500,72,,,,,,,,,,04,135,1375,54500,967,54500,,3,67,bb9fdcf03a00f12b8ea58eeb9d0b8b197da719a3,0,0,0,0,0,
20200419,AZ,4929,,48061,,totalTestsViral,65652,631,1387,283,,187,,,4/19/2020 00:00,2020-04-19T00:00:00Z,04/18 20:00,184,1387,994,2020-04-19T00:00:00Z,65652,,,,,,,52990,68,,,,,,,,,,04,210,1735,52990,981,52990,,7,46,720d6a842bf06d38b32a914fd4d215138b525538,0,0,0,0,0,
20200418,AZ,4719,,46326,,totalTestsViral,64671,566,1341,285,,178,,,4/18/2020 00:00,2020-04-18T00:00:00Z,04/17 20:00,177,1341,539,2020-04-18T00:00:00Z,64671,,,,,,,51045,53,,,,,,,,,,04,212,1603,51045,2458,51045,,8,52,287e415daac7c428fe9316d6befe477c407d632b,0,0,0,0,0,
20200417,AZ,4507,,44723,,totalTestsViral,62213,566,1289,285,,178,,,4/17/2020 00:00,2020-04-17T00:00:00Z,04/16 20:00,169,1289,539,2020-04-17T00:00:00Z,62213,,,,,,,49230,43,,,,,,,,,,04,273,1559,49230,2335,49230,,19,31,0cd7782319ec54cd0dd9048ac57f7871d50bf7ae,0,0,0,0,0,
20200416,AZ,4234,,43164,,totalTestsViral,59878,578,1258,278,,188,,,4/16/2020 00:00,2020-04-16T00:00:00Z,04/15 20:00,150,1258,460,2020-04-16T00:00:00Z,59878,,,,,,,47398,36,,,,,,,,,,04,272,1816,47398,2216,47398,,8,45,33576065caff739ded650d2aff553338093db021,0,0,0,0,0,
20200415,AZ,3962,,41348,,totalTestsViral,57662,590,1213,286,,202,,,4/15/2020 00:00,2020-04-15T00:00:00Z,04/14 20:00,142,1213,385,2020-04-15T00:00:00Z,57662,,,,,,,45310,30,,,,,,,,,,04,156,1058,45310,2171,45310,,11,42,b7233187f2c3b1d916e39e519bf38351562b1722,0,0,0,0,0,
20200414,AZ,3806,,40290,,totalTestsViral,55491,580,1171,286,,216,,,4/14/2020 00:00,2020-04-14T00:00:00Z,04/13 20:00,131,1171,249,2020-04-14T00:00:00Z,55491,,,,,,,44096,20,,,,,,,,,,04,104,645,44096,2304,44096,,9,49,f54b321fd7e87e6b6c212ad66d6e0016d0d8457c,0,0,0,0,0,
20200413,AZ,3702,,39645,,totalTestsViral,53187,525,1122,286,,195,,,4/13/2020 00:00,2020-04-13T00:00:00Z,04/12 20:00,122,1122,,2020-04-13T00:00:00Z,53187,,,,,,,43347,18,,,,,,,,,,04,163,1075,43347,898,43347,,7,48,0eb238160536e53767e482c0b289cdf357a322e8,0,0,0,0,0,
20200412,AZ,3539,,38570,,totalTestsViral,52289,,1074,,,,,,4/12/2020 00:00,2020-04-12T00:00:00Z,04/11 20:00,115,1074,,2020-04-12T00:00:00Z,52289,,,,,,,42109,17,,,,,,,,,,04,146,1433,42109,854,42109,,7,37,68b73a0a82f3c4b7bd1943316dc3797f9cd6ea6c,0,0,0,0,0,
20200411,AZ,3393,,37137,,totalTestsViral,51435,,1037,,,,,,4/11/2020 00:00,2020-04-11T00:00:00Z,04/10 20:00,108,1037,,2020-04-11T00:00:00Z,51435,,,,,,,40530,13,,,,,,,,,,04,281,2515,40530,1961,40530,,11,42,cd094f9ed1f21d0977f44146158a664bfbc10757,0,0,0,0,0,
20200410,AZ,3112,,34622,,totalTestsViral,49474,,995,,,,,,4/10/2020 00:00,2020-04-10T00:00:00Z,04/09 20:00,97,995,,2020-04-10T00:00:00Z,49474,,,,,,,37734,7,,,,,,,,,,04,94,462,37734,2106,37734,,8,45,a233a2ef523762bedd3ef2cbd801923e2fe66485,0,0,0,0,0,
20200409,AZ,3018,,34160,,totalTestsViral,47368,,950,,,,,,4/9/2020 00:00,2020-04-09T00:00:00Z,04/08 20:00,89,950,,2020-04-09T00:00:00Z,47368,,,,,,,37178,5,,,,,,,,,,04,292,2322,37178,1889,37178,,9,44,a2341c560a4245337cbf447661a7516a670a5602,0,0,0,0,0,
20200408,AZ,2726,,31838,,totalTestsViral,45479,,906,,,,,,4/8/2020 00:00,2020-04-08T00:00:00Z,04/07 20:00,80,906,,2020-04-08T00:00:00Z,45479,,,,,,,34564,3,,,,,,,,,,04,151,1038,34564,2420,34564,,7,53,2c7f9a2ca826cb80b87b83d09e1924d36f883edc,0,0,0,0,0,
20200407,AZ,2575,,30800,,totalTestsViral,43059,,853,,,,,,4/7/2020 00:00,2020-04-07T00:00:00Z,04/06 20:00,73,853,,2020-04-07T00:00:00Z,43059,,,,,,,33375,1,,,,,,,,,,04,119,722,33375,3664,33375,,8,34,8c643098f7fba6869bb86685c240eec8e5f8c3cd,0,0,0,0,0,
20200406,AZ,2456,,30078,,totalTestsViral,39395,,819,,,,,,4/6/2020 00:00,2020-04-06T00:00:00Z,04/05 20:00,65,819,,2020-04-06T00:00:00Z,39395,,,,,,,32534,1,,,,,,,,,,04,187,4937,32534,948,32534,,1,59,199eed324edaf0a8d42aee2be0f95eabc4b21dd4,0,0,0,0,0,
20200405,AZ,2269,,25141,,totalTestsViral,38447,,760,,,,,,4/5/2020 00:00,2020-04-05T00:00:00Z,04/04 20:00,64,760,,2020-04-05T00:00:00Z,38447,,,,,,,27410,1,,,,,,,,,,04,250,0,27410,1138,27410,,12,49,2f775e9ae9f5e690cb75993c6b5a94ea49249ed7,0,0,0,0,0,
20200404,AZ,2019,,25141,,totalTestsViral,37309,,711,,,,,,4/4/2020 00:00,2020-04-04T00:00:00Z,04/03 20:00,52,711,,2020-04-04T00:00:00Z,37309,,,,,,,27160,1,,,,,,,,,,04,250,2237,27160,2241,27160,,11,44,3a9dae1b15e3bdf080f3ffb7783adbc3b8f0afb8,0,0,0,0,0,
20200403,AZ,1769,,22904,,totalTestsViral,35068,,667,,,,,,4/3/2020 00:00,2020-04-03T00:00:00Z,04/02 20:00,41,667,,2020-04-03T00:00:00Z,35068,,,,,,,24673,0,,,,,,,,,,04,171,1793,24673,2412,24673,,9,51,dcfa4f5255ed43fb890355ab346a1c42c747fb8d,0,0,0,0,0,
20200402,AZ,1598,,21111,,totalTestsViral,32656,,616,,,,,,4/2/2020 00:00,2020-04-02T00:00:00Z,04/01 20:00,32,616,,2020-04-02T00:00:00Z,32656,,,,,,,22709,0,,,,,,,,,,04,185,1466,22709,2383,22709,,3,34,d8be9480133172810cfb03cf82ab5259345534c3,0,0,0,0,0,
20200401,AZ,1413,,19645,,totalTestsViral,30273,,582,,,,,,4/1/2020 00:00,2020-04-01T00:00:00Z,03/31 20:00,29,582,,2020-04-01T00:00:00Z,30273,,,,,,,21058,0,,,,,,,,,,04,124,1563,21058,2274,21058,,5,48,8a35e4cad4ce714d25d6923cd652cbf5b3d7d53f,0,0,0,0,0,
20200331,AZ,1289,,18082,,totalTestsViral,27999,,534,,,,,,3/31/2020 00:00,2020-03-31T00:00:00Z,03/30 20:00,24,534,,2020-03-31T00:00:00Z,27999,,,,,,,19371,0,,,,,,,,,,04,132,2480,19371,2441,19371,,4,56,acdf7581630336a856d37b99b7461bdfb4774b85,0,0,0,0,0,
20200330,AZ,1157,,15602,,totalTestsViral,25558,,478,,,,,,3/30/2020 00:00,2020-03-30T00:00:00Z,03/29 20:00,20,478,,2020-03-30T00:00:00Z,25558,,,,,,,16759,0,,,,,,,,,,04,238,2649,16759,781,16759,,3,51,83cf19a69403b8127694fddd4abe4fadd1109851,0,0,0,0,0,
20200329,AZ,919,,12953,,totalTestsViral,24777,,427,,,,,,3/29/2020 00:00,2020-03-29T00:00:00Z,03/28 20:00,17,427,,2020-03-29T00:00:00Z,24777,,,,,,,13872,0,,,,,,,,,,04,46,5498,13872,1237,13872,,2,41,0b06d528bef52e8325a35994593f45d28f0e4298,0,0,0,0,0,
20200328,AZ,873,,7455,21,totalTestsViral,23540,,386,,,,,,3/28/2020 00:00,2020-03-28T00:00:00Z,03/27 20:00,15,386,,2020-03-28T00:00:00Z,23540,,,,,,,8328,0,,,,,,,,,,04,137,0,8349,2407,8328,,2,43,9c14b7fc6aeb9fd14f3db6c4467a4198f02c5884,0,0,0,0,0,
20200327,AZ,736,,7455,30,totalTestsViral,21133,,343,,,,,,3/27/2020 00:00,2020-03-27T00:00:00Z,03/26 20:00,13,343,,2020-03-27T00:00:00Z,21133,,,,,,,8191,0,,,,,,,,,,04,159,7108,8221,2426,8191,,5,40,a1d6d4a30a34786778c5d269dc2984a5dda4a8ef,0,0,0,0,0,
20200326,AZ,577,,347,33,totalTestsViral,18707,,303,,,,,,3/26/2020 00:00,2020-03-26T00:00:00Z,03/25 20:00,8,303,,2020-03-26T00:00:00Z,18707,,,,,,,924,0,,,,,,,,,,04,127,24,957,2729,924,,2,39,081cffa04ebeaa5f2c67447d40c71d657251927f,0,0,0,0,0,
20200325,AZ,450,,323,53,totalTestsViral,15978,,264,,,,,,3/24/2020 00:00,2020-03-24T00:00:00Z,03/23 20:00,6,264,,2020-03-24T00:00:00Z,15978,,,,,,,773,0,,,,,,,,,,04,93,10,826,2586,773,,1,45,48e7d9c4e004fd4bd58954f0a65bb9f37360b59f,0,0,0,0,0,
20200324,AZ,357,,313,22,totalTestsViral,13392,,219,,,,,,3/24/2020 00:00,2020-03-24T00:00:00Z,03/23 20:00,5,219,,2020-03-24T00:00:00Z,13392,,,,,,,670,0,,,,,,,,,,04,92,4,692,2548,670,,3,30,6533582a18bb6216d3e983bf56bea4e41e869371,0,0,0,0,0,
20200323,AZ,265,,309,6,totalTestsViral,10844,,189,,,,,,3/23/2020 00:00,2020-03-23T00:00:00Z,03/22 20:00,2,189,,2020-03-23T00:00:00Z,10844,,,,,,,574,0,,,,,,,,,,04,113,27,580,724,574,,0,44,25835ba48bf6f2ae6459f02b43e631358e214420,0,0,0,0,0,
20200322,AZ,152,,282,87,totalTestsViral,10120,,145,,,,,,3/22/2020 00:00,2020-03-22T00:00:00Z,03/21 20:00,2,145,,2020-03-22T00:00:00Z,10120,,,,,,,434,0,,,,,,,,,,04,48,42,521,806,434,,1,17,77dc402746ba564a4bb4ec1117599ee0feba1b01,0,0,0,0,0,
20200321,AZ,104,,240,122,totalTestsViral,9314,,128,,,,,,3/21/2020 00:00,2020-03-21T00:00:00Z,03/20 20:00,1,128,,2020-03-21T00:00:00Z,9314,,,,,,,344,0,,,,,,,,,,04,39,29,466,1919,344,,1,20,fba00087d0ced11d4c6feed0243d70da573b5c8c,0,0,0,0,0,
20200320,AZ,65,,211,101,totalTestsViral,7395,,108,,,,,,3/20/2020 00:00,2020-03-20T00:00:00Z,03/19 20:00,0,108,,2020-03-20T00:00:00Z,7395,,,,,,,276,0,,,,,,,,,,04,21,36,377,1652,276,,0,23,54bb2587044e9346e6e40e2bfda83c6b814fa7d1,0,0,0,0,0,
20200319,AZ,44,,175,130,totalTestsViral,5743,,85,,,,,,3/19/2020 00:00,2020-03-19T00:00:00Z,03/18 20:00,0,85,,2020-03-19T00:00:00Z,5743,,,,,,,219,0,,,,,,,,,,04,16,27,349,1449,219,,0,18,cc14c89c95a3e2d6d7d30169ec56a6393456d66b,0,0,0,0,0,
20200318,AZ,28,,148,102,totalTestsViral,4294,,67,,,,,,3/18/2020 00:00,2020-03-18T00:00:00Z,03/17 20:00,0,67,,2020-03-18T00:00:00Z,4294,,,,,,,176,0,,,,,,,,,,04,8,6,278,1396,176,,0,12,270f4b0d601a28ec072a762077fe6ed5d26fee7c,0,0,0,0,0,
20200317,AZ,20,,142,66,totalTestsViral,2898,,55,,,,,,3/17/2020 00:00,2020-03-17T00:00:00Z,03/16 20:00,0,55,,2020-03-17T00:00:00Z,2898,,,,,,,162,0,,,,,,,,,,04,2,17,228,1043,162,,0,13,6573cffcb9843bbf177a685c6e44f2c90a3857a0,0,0,0,0,0,
20200316,AZ,18,,125,63,totalTestsViral,1855,,42,,,,,,3/16/2020 16:16,2020-03-16T16:16:00Z,03/16 12:16,0,42,,2020-03-16T16:16:00Z,1855,,,,,,,143,0,,,,,,,,,,04,6,4,206,303,143,,0,6,89ba8888722f8d0fd22ed2179ae91f59af5d232a,0,0,0,0,0,
20200315,AZ,12,,121,50,totalTestsViral,1552,,36,,,,,,3/15/2020 12:01,2020-03-15T12:01:00Z,03/15 08:01,0,36,,2020-03-15T12:01:00Z,1552,,,,,,,133,0,,,,,,,,,,04,0,0,183,261,133,,0,10,1f5a993370a63d8220d38ee791e67fb279b0a80f,0,0,0,0,0,
20200314,AZ,12,,121,50,totalTestsViral,1291,,26,,,,,,3/14/2020 12:01,2020-03-14T12:01:00Z,03/14 08:01,0,26,,2020-03-14T12:01:00Z,1291,,,,,,,133,0,,,,,,,,,,04,3,27,183,478,133,,0,4,d4402f23843fa68590312e329623165d2cf2fae0,0,0,0,0,0,
20200313,AZ,9,,94,40,totalTestsViral,813,,22,,,,,,3/13/2020 12:01,2020-03-13T12:01:00Z,03/13 08:01,0,22,,2020-03-13T12:01:00Z,813,,,,,,,103,0,,,,,,,,,,04,0,12,143,391,103,,0,6,d125513113710f11f9d9b9c1aab18d0918d05b0f,0,0,0,0,0,
20200312,AZ,9,,82,24,totalTestsViral,422,,16,,,,,,3/12/2020 12:00,2020-03-12T12:00:00Z,03/12 08:00,,16,,2020-03-12T12:00:00Z,422,,,,,,,91,0,,,,,,,,,,04,0,23,115,137,91,,0,5,2c471e5ccf0c206a97639114028076b27cc98d0b,0,0,0,0,0,
20200311,AZ,9,,59,32,totalTestsViral,285,,11,,,,,,,,,,11,,,285,,,,,,,68,0,,,,,,,,,,04,3,8,100,63,68,,0,3,b22fe45c9a992a000312f79c9fbf214566ccf704,0,0,0,0,0,
20200310,AZ,6,,51,27,totalTestsViral,222,,8,,,,,,,,,,8,,,222,,,,,,,57,0,,,,,,,,,,04,1,7,84,75,57,,0,0,d7049a901b44d66865847bf59837630ee68e6dbf,0,0,0,0,0,
20200309,AZ,5,,44,7,totalTestsViral,147,,8,,,,,,,,,,8,,,147,,,,,,,49,0,,,,,,,,,,04,0,0,56,17,49,,0,2,7e51f88bc01091f3052a1c697053b98823f30286,0,0,0,0,0,
20200308,AZ,5,,44,7,totalTestsViral,130,,6,,,,,,,,,,6,,,130,,,,,,,49,0,,,,,,,,,,04,0,0,56,13,49,,0,0,660c77708d20b80688bab299d62dffb711544560,0,0,0,0,0,
20200307,AZ,5,,44,7,totalTestsViral,117,,6,,,,,,,,,,6,,,117,,,,,,,49,0,,,,,,,,,,04,2,11,56,37,49,,0,0,b54ce8bf09b707cc5e43e145b36449e1ab0b1f6c,0,0,0,0,0,
20200306,AZ,3,,33,15,totalTestsViral,80,,6,,,,,,,,,,6,,,80,,,,,,,36,0,,,,,,,,,,04,1,5,51,17,36,,0,1,e9f4ffb17d88533d44a0e9152fb24018c26bf3fe,0,0,0,0,0,
20200305,AZ,2,,28,6,totalTestsViral,63,,5,,,,,,,,,,5,,,63,,,,,,,30,0,,,,,,,,,,04,0,1,36,30,30,,0,1,19b564f354a732ed862296e4b6432ca44c558002,0,0,0,0,0,
20200304,AZ,2,,27,5,totalTestsViral,33,,4,,,,,,,,,,4,,,33,,,,,,,29,0,,,,,,,,,,04,0,0,34,0,29,,0,0,31519c6a182252ae192e23c8b430e02548bb3cd9,0,0,0,0,0,
