date,state,positive,probableCases,negative,pending,totalTestResultsSource,totalTestResults,hospitalizedCurrently,hospitalizedCumulative,inIcuCurrently,inIcuCumulative,onVentilatorCurrently,onVentilatorCumulative,recovered,lastUpdateEt,dateModified,checkTimeEt,death,hospitalized,hospitalizedDischarged,dateChecked,totalTestsViral,positiveTestsViral,negativeTestsViral,positiveCasesViral,deathConfirmed,deathProbable,totalTestEncountersViral,totalTestsPeopleViral,totalTestsAntibody,positiveTestsAntibody,negativeTestsAntibody,totalTestsPeopleAntibody,positiveTestsPeopleAntibody,negativeTestsPeopleAntibody,totalTestsPeopleAntigen,positiveTestsPeopleAntigen,totalTestsAntigen,positiveTestsAntigen,fips,positiveIncrease,negativeIncrease,total,totalTestResultsIncrease,posNeg,dataQualityGrade,deathIncrease,hospitalizedIncrease,hash,commercialScore,negativeRegularScore,negativeScore,positiveScore,score,grade
20210302,NC,863409,110129,9558601,,totalTestsViral,9541671,1353,,334,,,,,3/2/2021 13:00,2021-03-02T13:00:00Z,03/02 08:00,11288,,819839,2021-03-02T13:00:00Z,9541671,,,753280,9987,1301,,,,,,,,,,,770210,,37,1239,19525,10422010,16397,10422010,,34,0,3586991d6c8f7ab1aa778503428c76d55155e42a,0,0,0,0,0,
20210301,NC,862170,109764,9539076,,totalTestsViral,9525274,1319,,333,,,,,3/1/2021 13:10,2021-03-01T13:10:00Z,03/01 08:10,11254,,819839,2021-03-01T13:10:00Z,9525274,,,752406,9959,1295,,,,,,,,,,,766208,,37,3622,74603,10401246,25289,10401246,,42,0,2611d74a3afb4294e799400cb25f911625837664,0,0,0,0,0,
20210228,NC,858548,109160,9464473,,totalTestsViral,9499985,1414,,348,,,,,2/27/2021 12:00,2021-02-27T12:00:00Z,02/27 07:00,11212,,795521,2021-02-27T12:00:00Z,9499985,,,749388,9922,1290,,,,,,,,,,,759541,,37,0,0,10323021,36576,10323021,,0,0,802289d2c0a19a6ea94b4f2123fd652dae0a4b26,0,0,0,0,0,
20210227,NC,858548,109160,9464473,,totalTestsViral,9463409,1414,,348,,,,,2/27/2021 12:00,2021-02-27T12:00:00Z,02/27 07:00,11212,,795521,2021-02-27T12:00:00Z,9463409,,,749388,9922,1290,,,,,,,,,,,759541,,37,2643,61211,10323021,40943,10323021,,26,0,3f4620965f84e29a01e4c7e9d1036dd8aec9a65e,0,0,0,0,0,
20210226,NC,855905,108520,9403262,,totalTestsViral,9422466,1465,,367,,,,,2/26/2021 11:40,2021-02-26T11:40:00Z,02/26 06:40,11186,,795521,2021-02-26T11:40:00Z,9422466,,,747385,9897,1289,,,,,,,,,,,749095,,37,2924,56888,10259167,60691,10259167,,49,0,a84687694a959fdc09189c9cbdef0ae095dda698,0,0,0,0,0,
20210225,NC,852981,107767,9346374,,totalTestsViral,9361775,1498,,373,,,,,2/25/2021 12:30,2021-02-25T12:30:00Z,02/25 07:30,11137,,795521,2021-02-25T12:30:00Z,9361775,,,745214,9856,1281,,,,,,,,,,,741362,,37,3351,58963,10199355,51032,10199355,,63,0,5dfdc5a2b5cf7543a8318bfc96dae712e0a0fb62,0,0,0,0,0,
20210224,NC,849630,106864,9287411,,totalTestsViral,9310743,1530,,380,,,,,2/24/2021 11:45,2021-02-24T11:45:00Z,02/24 06:45,11074,,795521,2021-02-24T11:45:00Z,9310743,,,742766,9804,1270,,,,,,,,,,,729784,,37,3346,38264,10137041,27606,10137041,,109,0,5391ceeafc988196e4201d58483a043b842631e9,0,0,0,0,0,
20210223,NC,846284,105512,9249147,,totalTestsViral,9283137,1563,,384,,,,,2/23/2021 13:05,2021-02-23T13:05:00Z,02/23 08:05,10965,,795521,2021-02-23T13:05:00Z,9283137,,,740772,9718,1247,,,,,,,,,,,718636,,37,1514,24560,10095431,20738,10095431,,31,0,68c89f33910be4f8346ad67c615a932bc9ab52f8,0,0,0,0,0,
20210222,NC,844770,105002,9224587,,totalTestsViral,9262399,1567,,383,,,,,2/22/2021 12:25,2021-02-22T12:25:00Z,02/22 07:25,10934,,795521,2021-02-22T12:25:00Z,9262399,,,739768,9691,1243,,,,,,,,,,,714035,,37,2133,36001,10069357,35699,10069357,,8,0,a3dbe6d0c5a9f65da9bff3e4ccc71786fdf12f9d,0,0,0,0,0,
20210221,NC,842637,104645,9188586,,totalTestsViral,9226700,1647,,402,,,,,2/21/2021 11:10,2021-02-21T11:10:00Z,02/21 06:10,10926,,765456,2021-02-21T11:10:00Z,9226700,,,737992,9683,1243,,,,,,,,,,,710973,,37,2541,43405,10031223,34955,10031223,,30,0,a19cf9317224d453b40bee8dc36c4bf9a567d3dd,0,0,0,0,0,
20210220,NC,840096,104217,9145181,,totalTestsViral,9191745,1708,,409,,,,,2/20/2021 11:45,2021-02-20T11:45:00Z,02/20 06:45,10896,,765456,2021-02-20T11:45:00Z,9191745,,,735879,9655,1241,,,,,,,,,,,704644,,37,3446,53873,9985277,41747,9985277,,76,0,e414edb876e2818c802833a8278cfbd008c56211,0,0,0,0,0,
20210219,NC,836650,102686,9091308,,totalTestsViral,9149998,1780,,411,,,,,2/19/2021 11:45,2021-02-19T11:45:00Z,02/19 06:45,10820,,765456,2021-02-19T11:45:00Z,9149998,,,733964,9595,1225,,,,,,,,,,,686193,,37,3227,48818,9927958,44322,9927958,,54,0,082305a4623da839167d37f49a1d352dd04f7f2d,0,0,0,0,0,
20210218,NC,833423,101828,9042490,,totalTestsViral,9105676,1892,,436,,,,,2/18/2021 12:40,2021-02-18T12:40:00Z,02/18 07:40,10766,,765456,2021-02-18T12:40:00Z,9105676,,,731595,9554,1212,,,,,,,,,,,678996,,37,3916,51790,9875913,47256,9875913,,96,0,63dbdec104f320b28804755a26ad81496bdc6528,0,0,0,0,0,
20210217,NC,829507,100731,8990700,,totalTestsViral,9058420,1954,,446,,,,,2/17/2021 12:45,2021-02-17T12:45:00Z,02/17 07:45,10670,,765456,2021-02-17T12:45:00Z,9058420,,,728776,9482,1188,,,,,,,,,,,669667,,37,3167,28307,9820207,22102,9820207,,108,0,a7800e9871f28622515f4104c22e0c719cb6ceae,0,0,0,0,0,
20210216,NC,826340,99579,8962393,,totalTestsViral,9036318,1958,,473,,,,,2/16/2021 12:25,2021-02-16T12:25:00Z,02/16 07:25,10562,,765456,2021-02-16T12:25:00Z,9036318,,,726761,9392,1170,,,,,,,,,,,662764,,37,1988,27690,9788733,21872,9788733,,61,0,4935a03ba2e4a4e070dd9f7434c1b11b56436b4e,0,0,0,0,0,
20210215,NC,824352,98967,8934703,,totalTestsViral,9014446,1941,,471,,,,,2/15/2021 12:00,2021-02-15T12:00:00Z,02/15 07:00,10501,,765456,2021-02-15T12:00:00Z,9014446,,,725385,9345,1156,,,,,,,,,,,657215,,37,2458,34501,9759055,31628,9759055,,10,0,974d29bbf681650feaf66ba2b2de7331b22bd4ab,0,0,0,0,0,
20210214,NC,821894,98732,8900202,,totalTestsViral,8982818,1989,,481,,,,,2/14/2021 11:20,2021-02-14T11:20:00Z,02/14 06:20,10491,,730454,2021-02-14T11:20:00Z,8982818,,,723162,9337,1154,,,,,,,,,,,653807,,37,3170,47647,9722096,46585,9722096,,38,0,f3d6347ef15e9b97f06918e1eb62e06bdab8054e,0,0,0,0,0,
20210213,NC,818724,98271,8852555,,totalTestsViral,8936233,2101,,496,,,,,2/13/2021 11:40,2021-02-13T11:40:00Z,02/13 06:40,10453,,730454,2021-02-13T11:40:00Z,8936233,,,720453,9306,1147,,,,,,,,,,,649506,,37,4130,60512,9671279,46903,9671279,,77,0,b3d5980c357358fad35816732d4c1b826c30bb6e,0,0,0,0,0,
20210212,NC,814594,97096,8792043,,totalTestsViral,8889330,2151,,506,,,,,2/12/2021 11:35,2021-02-12T11:35:00Z,02/12 06:35,10376,,730454,2021-02-12T11:35:00Z,8889330,,,717498,9254,1122,,,,,,,,,,,639481,,37,4128,58436,9606637,60115,9606637,,82,0,da2a808a4a7c431b8d5d26f3415659d52d8dd3da,0,0,0,0,0,
20210211,NC,810466,96454,8733607,,totalTestsViral,8829215,2185,,516,,,,,2/11/2021 11:20,2021-02-11T11:20:00Z,02/11 06:20,10294,,730454,2021-02-11T11:20:00Z,8829215,,,714012,9189,1105,,,,,,,,,,,632433,,37,4568,65165,9544073,55752,9544073,,113,0,0940a92cbf04439bc6f2a1f4ff92d04c0440772d,0,0,0,0,0,
20210210,NC,805898,95245,8668442,,totalTestsViral,8773463,2291,,540,,,,,2/10/2021 11:45,2021-02-10T11:45:00Z,02/10 06:45,10181,,730454,2021-02-10T11:45:00Z,8773463,,,710653,9107,1074,,,,,,,,,,,618482,,37,3833,32170,9474340,29670,9474340,,135,0,9af5aba800119d6809df3bc79ca81249aa15b868,0,0,0,0,0,
20210209,NC,802065,93900,8636272,,totalTestsViral,8743793,2374,,558,,,,,2/9/2021 13:12,2021-02-09T13:12:00Z,02/09 08:12,10046,,730454,2021-02-09T13:12:00Z,8743793,,,708165,9002,1044,,,,,,,,,,,612328,,37,2786,31042,9438337,24241,9438337,,55,0,a6d17cc274379b6b65571b30fd5f2769df19b389,0,0,0,0,0,
20210208,NC,799279,93329,8605230,,totalTestsViral,8719552,2339,,559,,,,,2/8/2021 11:50,2021-02-08T11:50:00Z,02/08 06:50,9991,,730454,2021-02-08T11:50:00Z,8719552,,,705950,8958,1033,,,,,,,,,,,607292,,37,3084,42668,9404509,40452,9404509,,8,0,7b253d0f455055640670da8d118c8c3b55756c25,0,0,0,0,0,
20210207,NC,796195,92951,8562562,,totalTestsViral,8679100,2378,,584,,,,,2/7/2021 11:00,2021-02-07T11:00:00Z,02/07 06:00,9983,,683697,2021-02-07T11:00:00Z,8679100,,,703244,8951,1032,,,,,,,,,,,602161,,37,4674,57302,9358757,52994,9358757,,57,0,c2ab343e25e626deeb707ce0b1869b9710b5ede6,0,0,0,0,0,
20210206,NC,791521,92200,8505260,,totalTestsViral,8626106,2468,,591,,,,,2/6/2021 11:00,2021-02-06T11:00:00Z,02/06 06:00,9926,,683697,2021-02-06T11:00:00Z,8626106,,,699321,8901,1025,,,,,,,,,,,598343,,37,4172,53157,9296781,54563,9296781,,85,0,1e7feb213c79469da43add017429f83df72cf1f4,0,0,0,0,0,
20210205,NC,787349,91253,8452103,,totalTestsViral,8571543,2523,,599,,,,,2/5/2021 12:45,2021-02-05T12:45:00Z,02/05 07:45,9841,,683697,2021-02-05T12:45:00Z,8571543,,,696096,8838,1003,,,,,,,,,,,590881,,37,5547,62428,9239452,60695,9239452,,113,0,1b7bf5abe5be3fc436c2dfadb7dfedc71fc4418f,0,0,0,0,0,
20210204,NC,781802,89792,8389675,,totalTestsViral,8510848,2630,,630,,,,,2/4/2021 14:40,2021-02-04T14:40:00Z,02/04 09:40,9728,,683697,2021-02-04T14:40:00Z,8510848,,,692010,8753,975,,,,,,,,,,,580959,,37,5495,63632,9171477,58946,9171477,,150,0,4d1bf4239827877886966952f9b67505a4e12ab1,0,0,0,0,0,
20210203,NC,776307,88557,8326043,,totalTestsViral,8451902,2706,,635,,,,,2/3/2021 12:30,2021-02-03T12:30:00Z,02/03 07:30,9578,,683697,2021-02-03T12:30:00Z,8451902,,,687750,8630,948,,,,,,,,,,,571413,,37,12079,71000,9102350,29042,9102350,,169,0,e1f694beb0754ccd23af3828c05d657c540f9d34,0,0,0,0,0,
20210202,NC,764228,81502,8255043,,totalTestsViral,8422860,2741,,645,,,,,2/2/2021 11:15,2021-02-02T11:15:00Z,02/02 06:15,9409,,683697,2021-02-02T11:15:00Z,8422860,,,682726,8503,906,,,,,,,,,,,527866,,37,2926,27231,9019271,21451,9019271,,67,0,843ad3e7ebc63041d073ed0ffbf797f2b1995941,0,0,0,0,0,
20210201,NC,761302,80856,8227812,,totalTestsViral,8401409,2781,,636,,,,,2/1/2021 11:45,2021-02-01T11:45:00Z,02/01 06:45,9342,,683697,2021-02-01T11:45:00Z,8401409,,,680446,8448,894,,,,,,,,,,,524653,,37,3776,41717,8989114,45291,8989114,,7,0,96336f5b532d65eb4fc8c1faa257fbc6ef0cb6fa,0,0,0,0,0,
20210131,NC,757526,80553,8186095,,totalTestsViral,8356118,2782,,635,,,,,1/31/2021 12:45,2021-01-31T12:45:00Z,01/31 07:45,9335,,635543,2021-01-31T12:45:00Z,8356118,,,676973,8442,893,,,,,,,,,,,522474,,37,4899,56070,8943621,56855,8943621,,48,0,055e90571ad2123405120e4a1f4078ffec31cdae,0,0,0,0,0,
20210130,NC,752627,79853,8130025,,totalTestsViral,8299263,2883,,651,,,,,1/30/2021 11:45,2021-01-30T11:45:00Z,01/30 06:45,9287,,635543,2021-01-30T11:45:00Z,8299263,,,672774,8404,883,,,,,,,,,,,517276,,37,6168,66045,8882652,55755,8882652,,130,0,758f18dbd774f37675501fa97ea3598b2e09ae0b,0,0,0,0,0,
20210129,NC,746459,78623,8063980,,totalTestsViral,8243508,3048,,644,,,,,1/29/2021 12:25,2021-01-29T12:25:00Z,01/29 07:25,9157,,635543,2021-01-29T12:25:00Z,8243508,,,667836,8303,854,,,,,,,,,,,507604,,37,6959,77743,8810439,70192,8810439,,111,0,685ccbff7ce05df9d588a133c3d556ba5af278ee,0,0,0,0,0,
20210128,NC,739500,77314,7986237,,totalTestsViral,8173316,3238,,660,,,,,1/28/2021 12:50,2021-01-28T12:50:00Z,01/28 07:50,9046,,635543,2021-01-28T12:50:00Z,8173316,,,662186,8213,833,,,,,,,,,,,500469,,37,6490,63118,8725737,62431,8725737,,131,0,b8f6c9017061f39f1b53afc9ef99bf381ed0ccf5,0,0,0,0,0,
20210127,NC,733010,75972,7923119,,totalTestsViral,8110885,3305,,676,,,,,1/27/2021 11:05,2021-01-27T11:05:00Z,01/27 06:05,8915,,635543,2021-01-27T11:05:00Z,8110885,,,657038,8120,795,,,,,,,,,,,492898,,37,5587,42605,8656129,35058,8656129,,139,0,838777f4e79ad59529a25e7212f5d4dc045f04d4,0,0,0,0,0,
20210126,NC,727423,74430,7880514,,totalTestsViral,8075827,3368,,696,,,,,1/26/2021 12:45,2021-01-26T12:45:00Z,01/26 07:45,8776,,635543,2021-01-26T12:45:00Z,8075827,,,652993,8005,771,,,,,,,,,,,483594,,37,3978,29899,8607937,24820,8607937,,56,0,ad52dccf3d5358aad0224bbd71fb7b9c47a21476,0,0,0,0,0,
20210125,NC,723445,73581,7850615,,totalTestsViral,8051007,3287,,703,,,,,1/25/2021 11:45,2021-01-25T11:45:00Z,01/25 06:45,8720,,635543,2021-01-25T11:45:00Z,8051007,,,649864,7964,756,,,,,,,,,,,477337,,37,4633,44880,8574060,50620,8574060,,25,0,5543314155cc9598d8654b9f40657d77f3f0246d,0,0,0,0,0,
20210124,NC,718812,73253,7805735,,totalTestsViral,8000387,3303,,713,,,,,1/24/2021 12:00,2021-01-24T12:00:00Z,01/24 07:00,8695,,579573,2021-01-24T12:00:00Z,8000387,,,645559,7942,753,,,,,,,,,,,475269,,37,6096,55889,8524547,55905,8524547,,109,0,ede09e9cb8f7041f4d45e1542b75650fcb741f9a,0,0,0,0,0,
20210123,NC,712716,72280,7749846,,totalTestsViral,7944482,3416,,736,,,,,1/23/2021 11:00,2021-01-23T11:00:00Z,01/23 06:00,8586,,579573,2021-01-23T11:00:00Z,7944482,,,640436,7858,728,,,,,,,,,,,470849,,37,7181,67729,8462562,56090,8462562,,122,0,2fa2ce6689e778b3191b6d858449dad86292d263,0,0,0,0,0,
20210122,NC,705535,70942,7682117,,totalTestsViral,7888392,3512,,752,,,,,1/22/2021 11:15,2021-01-22T11:15:00Z,01/22 06:15,8464,,579573,2021-01-22T11:15:00Z,7888392,,,634593,7756,708,,,,,,,,,,,460479,,37,7436,69985,8387652,69854,8387652,,125,0,30009e18ea8e36d1b778e402713ee074021f6f70,0,0,0,0,0,
20210121,NC,698099,69537,7612132,,totalTestsViral,7818538,3666,,780,,,,,1/21/2021 12:10,2021-01-21T12:10:00Z,01/21 07:10,8339,,579573,2021-01-21T12:10:00Z,7818538,,,628562,7663,676,,,,,,,,,,,449888,,37,7187,63331,8310231,56443,8310231,,139,0,38e78d1765e28e7f63ea7cf5fa20b149e8ef68d3,0,0,0,0,0,
20210120,NC,690912,68055,7548801,,totalTestsViral,7762095,3740,,803,,,,,1/20/2021 11:00,2021-01-20T11:00:00Z,01/20 06:00,8200,,579573,2021-01-20T11:00:00Z,7762095,,,622857,7542,658,,,,,,,,,,,438994,,37,6415,46906,8239713,37882,8239713,,61,0,c44b5a256a67ad8f9764117537f8b960802a8948,0,0,0,0,0,
20210119,NC,684497,65927,7501895,,totalTestsViral,7724213,3881,,861,,,,,1/19/2021 12:00,2021-01-19T12:00:00Z,01/19 07:00,8139,,579573,2021-01-19T12:00:00Z,7724213,,,618570,7495,644,,,,,,,,,,,426781,,37,9860,89103,8186392,31361,8186392,,56,0,bfea587543ca1c33e7c48440671aa186458790f1,0,0,0,0,0,
20210118,NC,674637,65004,7412792,,totalTestsViral,7692852,3862,,863,,,,,1/17/2021 10:55,2021-01-17T10:55:00Z,01/17 05:55,8083,,521475,2021-01-17T10:55:00Z,7692852,,,609633,7446,637,,,,,,,,,,,422577,,37,0,0,8087429,55844,8087429,,0,0,343f2638630dd3cbc271edf341dc91a83ae631a8,0,0,0,0,0,
20210117,NC,674637,65004,7412792,,totalTestsViral,7637008,3862,,863,,,,,1/17/2021 10:55,2021-01-17T10:55:00Z,01/17 05:55,8083,,521475,2021-01-17T10:55:00Z,7637008,,,609633,7446,637,,,,,,,,,,,422577,,37,6811,66560,8087429,69833,8087429,,67,0,55aa967d6da811ec392106ea2e0b0d5a6fdd8274,0,0,0,0,0,
20210116,NC,667826,64144,7346232,,totalTestsViral,7567175,3895,,880,,,,,1/16/2021 11:05,2021-01-16T11:05:00Z,01/16 06:05,8016,,521475,2021-01-16T11:05:00Z,7567175,,,603682,7384,632,,,,,,,,,,,417786,,37,7986,68360,8014058,71081,8014058,,83,0,4abaa470f7ffc4e03beec3dcc2322499a068dd19,0,0,0,0,0,
20210115,NC,659840,63070,7277872,,totalTestsViral,7496094,3916,,861,,,,,1/15/2021 11:00,2021-01-15T11:00:00Z,01/15 06:00,7933,,521475,2021-01-15T11:00:00Z,7496094,,,596770,7323,610,,,,,,,,,,,408021,,37,8914,78630,7937712,69928,7937712,,108,0,cdb6cff18f48ddd70417339c55e4b6d120f9859d,0,0,0,0,0,
20210114,NC,650926,61661,7199242,,totalTestsViral,7426166,3990,,858,,,,,1/14/2021 11:45,2021-01-14T11:45:00Z,01/14 06:45,7825,,521475,2021-01-14T11:45:00Z,7426166,,,589265,7230,595,,,,,,,,,,,398903,,37,9853,74136,7850168,68243,7850168,,80,0,a56863a786d8deef1e7a25d20817418801820f51,0,0,0,0,0,
20210113,NC,641073,59742,7125106,,totalTestsViral,7357923,3951,,848,,,,,1/13/2021 11:45,2021-01-13T11:45:00Z,01/13 06:45,7745,,521475,2021-01-13T11:45:00Z,7357923,,,581331,7167,578,,,,,,,,,,,388038,,37,5098,33432,7766179,41106,7766179,,107,0,8b341b8abb0093eca8f4792f59e465d736291071,0,0,0,0,0,
20210112,NC,635975,58103,7091674,,totalTestsViral,7316817,3940,,839,,,,,1/12/2021 11:40,2021-01-12T11:40:00Z,01/12 06:40,7638,,521475,2021-01-12T11:40:00Z,7316817,,,577872,7080,558,,,,,,,,,,,376857,,37,6851,52108,7727649,30153,7727649,,60,0,33bc4b36879996b075455610eadc8973f83ea457,0,0,0,0,0,
20210111,NC,629124,57366,7039566,,totalTestsViral,7286664,3843,,811,,,,,1/11/2021 12:15,2021-01-11T12:15:00Z,01/11 07:15,7578,,521475,2021-01-11T12:15:00Z,7286664,,,571758,7031,547,,,,,,,,,,,372216,,37,5936,107398,7668690,59826,7668690,,11,0,250331fda3caa3359ed7dde11f5c5b20304d97ea,0,0,0,0,0,
20210110,NC,623188,57013,6932168,,totalTestsViral,7226838,3774,,790,,,,,1/10/2021 11:00,2021-01-10T11:00:00Z,01/10 06:00,7567,,487090,2021-01-10T11:00:00Z,7226838,,,566175,7021,546,,,,,,,,,,,312430,,37,8833,58986,7555356,67844,7555356,,142,0,4d8a218b67de3084cc5ddf0e928cee50142614ef,0,0,0,0,0,
20210109,NC,614355,56062,6873182,,totalTestsViral,7158994,3871,,834,,,,,1/9/2021 10:50,2021-01-09T10:50:00Z,01/09 05:50,7425,,487090,2021-01-09T10:50:00Z,7158994,,,558293,6901,524,,,,,,,,,,,309520,,37,11581,69406,7487537,65774,7487537,,97,0,41b65feba8e0a65f7ed8e0704c8396799a6f45b3,0,0,0,0,0,
20210108,NC,602774,54641,6803776,,totalTestsViral,7093220,3960,,833,,,,,1/8/2021 11:00,2021-01-08T11:00:00Z,01/08 06:00,7328,,487090,2021-01-08T11:00:00Z,7093220,,,548133,6821,507,,,,,,,,,,,302335,,37,10028,81880,7406550,73607,7406550,,115,0,39fe228b996ef771af117adb3d7712255d1d21be,0,0,0,0,0,
20210107,NC,592746,53202,6721896,,totalTestsViral,7019613,3960,,826,,,,,1/7/2021 11:00,2021-01-07T11:00:00Z,01/07 06:00,7213,,487090,2021-01-07T11:00:00Z,7019613,,,539544,6727,486,,,,,,,,,,,295778,,37,10398,61026,7314642,64054,7314642,,137,0,090b7619385d63deb759d25c570dbd9d522a19ac,0,0,0,0,0,
20210106,NC,582348,51518,6660870,,totalTestsViral,6955559,3893,,823,,,,,1/6/2021 11:40,2021-01-06T11:40:00Z,01/06 06:40,7076,,487090,2021-01-06T11:40:00Z,6955559,,,530830,6615,461,,,,,,,,,,,288492,,37,6952,36095,7243218,40448,7243218,,80,0,cfe527f84d078e53f3a9d3a3c850a234ded2eec8,0,0,0,0,0,
20210105,NC,575396,49583,6624775,,totalTestsViral,6915111,3781,,813,,,,,1/5/2021 12:55,2021-01-05T12:55:00Z,01/05 07:55,6996,,487090,2021-01-05T12:55:00Z,6915111,,,525813,6552,444,,,,,,,,,,,278875,,37,5285,27000,7200171,24539,7200171,,55,0,f8a858be94e58247839bb5eeebaa39d451d9c17d,0,0,0,0,0,
20210104,NC,570111,48685,6597775,,totalTestsViral,6890572,3635,,783,,,,,1/4/2021 11:45,2021-01-04T11:45:00Z,01/04 06:45,6941,,487090,2021-01-04T11:45:00Z,6890572,,,521426,6509,432,,,,,,,,,,,275518,,37,5187,30038,7167886,37920,7167886,,31,0,578c7e78db57f2905157f4b948ee11ee569dc850,0,0,0,0,0,
20210103,NC,564924,48267,6567737,,totalTestsViral,6852652,3576,,776,,,,,1/3/2021 11:55,2021-01-03T11:55:00Z,01/03 06:55,6910,,403488,2021-01-03T11:55:00Z,6852652,,,516657,6482,428,,,,,,,,,,,274061,,37,6487,46790,7132661,45161,7132661,,18,0,d11b16c3ea478d353f5b3bcc44ba9018b70dee45,0,0,0,0,0,
20210102,NC,558437,47922,6520947,,totalTestsViral,6807491,3479,,783,,,,,1/2/2021 12:25,2021-01-02T12:25:00Z,01/02 07:25,6892,,403488,2021-01-02T12:25:00Z,6807491,,,510515,6467,425,,,,,,,,,,,272296,,37,18892,116389,7079384,66243,7079384,,144,0,e6da940bceb9d49bc697198a30eb100703f064e9,0,0,0,0,0,
20210101,NC,539545,45594,6404558,,totalTestsViral,6741248,3472,,774,,,,,12/31/2020 11:55,2020-12-31T11:55:00Z,12/31 06:55,6748,,403488,2020-12-31T11:55:00Z,6741248,,,493951,6342,406,,,,,,,,,,,262773,,37,0,0,6944103,72923,6944103,,0,0,cbc8ffd02e719bc866ec3a5876d0a1093f26440a,0,0,0,0,0,
20201231,NC,539545,45594,6404558,,totalTestsViral,6668325,3472,,774,,,,,12/31/2020 11:55,2020-12-31T11:55:00Z,12/31 06:55,6748,,403488,2020-12-31T11:55:00Z,6668325,,,493951,6342,406,,,,,,,,,,,262773,,37,6715,56893,6944103,59022,6944103,,19,0,99d5faa2a8823f8fae7054863ea90376da67ec87,0,0,0,0,0,
20201230,NC,532830,44863,6347665,,totalTestsViral,6609303,3339,,768,,,,,12/30/2020 13:25,2020-12-30T13:25:00Z,12/30 08:25,6729,,403488,2020-12-30T13:25:00Z,6609303,,,487967,6325,404,,,,,,,,,,,256286,,37,8551,29275,6880495,30528,6880495,,155,0,3d958cb702d6c0cc59cc296fa5871f086c980112,0,0,0,0,0,
20201229,NC,524279,42614,6318390,,totalTestsViral,6578775,3377,,761,,,,,12/29/2020 12:25,2020-12-29T12:25:00Z,12/29 07:25,6574,,403488,2020-12-29T12:25:00Z,6578775,,,481665,6199,375,,,,,,,,,,,249893,,37,3563,23078,6842669,19697,6842669,,13,0,4e328d7fa91571789b1cda46e35ea89786fcac21,0,0,0,0,0,
20201228,NC,520716,42002,6295312,,totalTestsViral,6559078,3192,,733,,,,,12/28/2020 11:55,2020-12-28T11:55:00Z,12/28 06:55,6561,,403488,2020-12-28T11:55:00Z,6559078,,,478714,6186,375,,,,,,,,,,,247223,,37,3888,32717,6816028,17302,6816028,,12,0,6aef4687e590fe64a757e70e8e38f578c2755953,0,0,0,0,0,
20201227,NC,516828,41559,6262595,,totalTestsViral,6541776,3123,,721,,,,,12/27/2020 12:55,2020-12-27T12:55:00Z,12/27 07:55,6549,,403488,2020-12-27T12:55:00Z,6541776,,,475269,6176,373,,,,,,,,,,,245762,,37,2898,26995,6779423,35786,6779423,,23,0,496be3b43a85a4fa1cd946bd738644ca45679487,0,0,0,0,0,
20201226,NC,513930,41442,6235600,,totalTestsViral,6505990,3023,,714,,,,,12/26/2020 13:15,2020-12-26T13:15:00Z,12/26 08:15,6526,,403488,2020-12-26T13:15:00Z,6505990,,,472488,6154,372,,,,,,,,,,,245322,,37,19419,182113,6749530,53246,6749530,,166,0,e747a3de2629bc075e89aabf63e48bda5b015a03,0,0,0,0,0,
20201225,NC,494511,39042,6053487,,totalTestsViral,6452744,3043,,696,,,,,12/23/2020 12:00,2020-12-23T12:00:00Z,12/23 07:00,6360,,403488,2020-12-23T12:00:00Z,6452744,,,455469,6029,331,,,,,,,,,,,230958,,37,0,0,6547998,76094,6547998,,0,0,6412f73a3bb54801882e153aedc83b70b9dcc9c6,0,0,0,0,0,
20201224,NC,494511,39042,6053487,,totalTestsViral,6376650,3043,,696,,,,,12/23/2020 12:00,2020-12-23T12:00:00Z,12/23 07:00,6360,,403488,2020-12-23T12:00:00Z,6376650,,,455469,6029,331,,,,,,,,,,,230958,,37,0,0,6547998,57913,6547998,,0,0,5f7631ff45f2d9266695b351d9c179bdaa95ec0f,0,0,0,0,0,
20201223,NC,494511,39042,6053487,,totalTestsViral,6318737,3043,,696,,,,,12/23/2020 12:00,2020-12-23T12:00:00Z,12/23 07:00,6360,,403488,2020-12-23T12:00:00Z,6318737,,,455469,6029,331,,,,,,,,,,,230958,,37,5609,39716,6547998,44277,6547998,,69,0,18835ab0f4a406cd190655a0f91f7404b96c4c56,0,0,0,0,0,
20201222,NC,488902,37518,6013771,,totalTestsViral,6274460,3001,,686,,,,,12/22/2020 11:45,2020-12-22T11:45:00Z,12/22 06:45,6291,,403488,2020-12-22T11:45:00Z,6274460,,,451384,5980,311,,,,,,,,,,,224620,,37,5255,40944,6502673,35857,6502673,,51,0,0a7f15a49486a1e2ce10884b23bcfdf2c48a9db1,0,0,0,0,0,
20201221,NC,483647,36852,5972827,,totalTestsViral,6238603,2817,,659,,,,,12/21/2020 12:05,2020-12-21T12:05:00Z,12/21 07:05,6240,,403488,2020-12-21T12:05:00Z,6238603,,,446795,5940,300,,,,,,,,,,,221396,,37,4479,42680,6456474,52375,6456474,,16,0,9d1779f25f8eea33adc7c8c169c4c565138fa599,0,0,0,0,0,
20201220,NC,479168,36486,5930147,,totalTestsViral,6186228,2748,,629,,,,,12/20/2020 11:30,2020-12-20T11:30:00Z,12/20 06:30,6224,,365273,2020-12-20T11:30:00Z,6186228,,,442682,5925,299,,,,,,,,,,,219724,,37,6900,59526,6409315,61346,6409315,,40,0,82767babdfd885c41d389ab41d5121eded6c42aa,0,0,0,0,0,
20201219,NC,472268,35643,5870621,,totalTestsViral,6124882,2846,,634,,,,,12/19/2020 11:20,2020-12-19T11:20:00Z,12/19 06:20,6184,,365273,2020-12-19T11:20:00Z,6124882,,,436625,5892,292,,,,,,,,,,,216180,,37,6164,69998,6342889,69893,6342889,,59,0,06facdf28da1466710e02ee8df1076803dadac13,0,0,0,0,0,
20201218,NC,466104,34885,5800623,,totalTestsViral,6054989,2824,,619,,,,,12/18/2020 11:37,2020-12-18T11:37:00Z,12/18 06:37,6125,,365273,2020-12-18T11:37:00Z,6054989,,,431219,5842,283,,,,,,,,,,,209865,,37,8444,74799,6266727,69030,6266727,,60,0,f270552fbb7512b5c85ba1130ebbd1f66f53ab33,0,0,0,0,0,
20201217,NC,457660,33839,5725824,,totalTestsViral,5985959,2804,,620,,,,,12/17/2020 12:25,2020-12-17T12:25:00Z,12/17 07:25,6065,,365273,2020-12-17T12:25:00Z,5985959,,,423821,5788,277,,,,,,,,,,,203947,,37,5786,38853,6183484,53560,6183484,,86,0,08c9b88daedeb127baf0f1f0488a4e33c7c72201,0,0,0,0,0,
20201216,NC,451874,32643,5686971,,totalTestsViral,5932399,2811,,646,,,,,12/16/2020 11:30,2020-12-16T11:30:00Z,12/16 06:30,5979,,365273,2020-12-16T11:30:00Z,5932399,,,419231,5714,265,,,,,,,,,,,198646,,37,5273,35847,6138845,33769,6138845,,98,0,3127d7458b43e7dbff321c9496fc464bca8e20af,0,0,0,0,0,
20201215,NC,446601,31521,5651124,,totalTestsViral,5898630,2735,,643,,,,,12/15/2020 11:45,2020-12-15T11:45:00Z,12/15 06:45,5881,,365273,2020-12-15T11:45:00Z,5898630,,,415080,5639,242,,,,,,,,,,,190556,,37,5236,45563,6097725,36132,6097725,,26,0,11c3053a54f5dbbffa020a3db6a59bcf6cf25c85,0,0,0,0,0,
20201214,NC,441365,30895,5605561,,totalTestsViral,5862498,2553,,613,,,,,12/14/2020 11:30,2020-12-14T11:30:00Z,12/14 06:30,5855,,365273,2020-12-14T11:30:00Z,5862498,,,410470,5615,240,,,,,,,,,,,187337,,37,4770,41246,6046926,44465,6046926,,32,0,3d0520beada57c4a1a4ed55b285cb143c8cc6e28,0,0,0,0,0,
20201213,NC,436595,30421,5564315,,totalTestsViral,5818033,2520,,606,,,,,12/13/2020 11:30,2020-12-13T11:30:00Z,12/13 06:30,5823,,341041,2020-12-13T11:30:00Z,5818033,,,406174,5588,235,,,,,,,,,,,186013,,37,6819,57466,6000910,54838,6000910,,27,0,3a0a62f886340b57ade99c71e28893e758a0de28,0,0,0,0,0,
20201212,NC,429776,29795,5506849,,totalTestsViral,5763195,2577,,610,,,,,12/12/2020 11:45,2020-12-12T11:45:00Z,12/12 06:45,5796,,341041,2020-12-12T11:45:00Z,5763195,,,399981,5564,232,,,,,,,,,,,182850,,37,6153,51350,5936625,59779,5936625,,44,0,36e892bbd4af7648c1e1e0fd239d5b98c1653457,0,0,0,0,0,
20201211,NC,423623,28881,5455499,,totalTestsViral,5703416,2514,,583,,,,,12/11/2020 11:30,2020-12-11T11:30:00Z,12/11 06:30,5752,,341041,2020-12-11T11:30:00Z,5703416,,,394742,5528,224,,,,,,,,,,,175843,,37,7540,93124,5879122,63501,5879122,,38,0,3474f297838a065729b7caebf77d54b0d828bf6b,0,0,0,0,0,
20201210,NC,416083,27977,5362375,,totalTestsViral,5639915,2444,,573,,,,,12/10/2020 11:30,2020-12-10T11:30:00Z,12/10 06:30,5714,,341041,2020-12-10T11:30:00Z,5639915,,,388106,5497,217,,,,,,,,,,,168721,,37,5556,14008,5778458,52359,5778458,,53,0,d8ee28e30c37a280cc1321b2ce0c97c4fd8ffeec,0,0,0,0,0,
20201209,NC,410527,27119,5348367,,totalTestsViral,5587556,2440,,577,,,,,12/9/2020 11:40,2020-12-09T11:40:00Z,12/09 06:40,5661,,341041,2020-12-09T11:40:00Z,5587556,,,383408,5453,208,,,,,,,,,,,163371,,37,6495,47499,5758894,40561,5758894,,56,0,93fd19c1d4915c714e32aaaf8eee9e1981012969,0,0,0,0,0,
20201208,NC,404032,26106,5300868,,totalTestsViral,5546995,2373,,573,,,,,12/8/2020 11:30,2020-12-08T11:30:00Z,12/08 06:30,5605,,341041,2020-12-08T11:30:00Z,5546995,,,377926,5401,204,,,,,,,,,,,155329,,37,4670,44415,5704900,38124,5704900,,45,0,dfbc159654853e441bfe21ec7dbdf199aa1f3c8b,0,0,0,0,0,
20201207,NC,399362,25678,5256453,,totalTestsViral,5508871,2240,,528,,,,,12/7/2020 12:10,2020-12-07T12:10:00Z,12/07 07:10,5560,,341041,2020-12-07T12:10:00Z,5508871,,,373684,5364,196,,,,,,,,,,,149603,,37,4372,40167,5655815,49184,5655815,,17,0,43896bc6e6d2b3a1cdb532144a31d3da969b7c49,0,0,0,0,0,
20201206,NC,394990,25452,5216286,,totalTestsViral,5459687,2191,,515,,,,,12/6/2020 12:55,2020-12-06T12:55:00Z,12/06 07:55,5543,,315979,2020-12-06T12:55:00Z,5459687,,,369538,5347,196,,,,,,,,,,,148091,,37,6438,58224,5611276,51078,5611276,,27,0,0d0f6a6978116580fafc899629665c5101e660f2,0,0,0,0,0,
20201205,NC,388552,24854,5158062,,totalTestsViral,5408609,2171,,508,,,,,12/5/2020 11:15,2020-12-05T11:15:00Z,12/05 06:15,5516,,315979,2020-12-05T11:15:00Z,5408609,,,363698,5323,193,,,,,,,,,,,145082,,37,6018,55309,5546614,56481,5546614,,49,0,4b323004576db09f2fdebc3e43d42aa803d83cef,0,0,0,0,0,
20201204,NC,382534,24067,5102753,,totalTestsViral,5352128,2157,,505,,,,,12/4/2020 11:30,2020-12-04T11:30:00Z,12/04 06:30,5467,,315979,2020-12-04T11:30:00Z,5352128,,,358467,5279,188,,,,,,,,,,,138473,,37,5303,47285,5485287,52700,5485287,,57,0,fb56a9fffb68e080cc1ce604c390631ca0ef831d,0,0,0,0,0,
20201203,NC,377231,23265,5055468,,totalTestsViral,5299428,2101,,500,,,,,12/3/2020 11:30,2020-12-03T11:30:00Z,12/03 06:30,5410,,315979,2020-12-03T11:30:00Z,5299428,,,353966,5231,179,,,,,,,,,,,130577,,37,5637,49058,5432699,47036,5432699,,44,0,6bfd9af9feaa1503735fa599b2b19ba0d5ab454f,0,0,0,0,0,
20201202,NC,371594,22314,5006410,,totalTestsViral,5252392,2039,,508,,,,,12/2/2020 12:10,2020-12-02T12:10:00Z,12/02 07:10,5366,,315979,2020-12-02T12:10:00Z,5252392,,,349280,5192,174,,,,,,,,,,,124631,,37,4199,29768,5378004,26100,5378004,,82,0,7b3aa66c1744437dd972324995aa75b1f448a50c,0,0,0,0,0,
20201201,NC,367395,21489,4976642,,totalTestsViral,5226292,2033,,485,,,,,12/1/2020 12:05,2020-12-01T12:05:00Z,12/01 07:05,5284,,315979,2020-12-01T12:05:00Z,5226292,,,345906,5123,161,,,,,,,,,,,118261,,37,2883,24870,5344037,22913,5344037,,23,0,87e53cbf8a0bb00c0f5a3bff56ab1515af87aeff,0,0,0,0,0,
20201130,NC,364512,20994,4951772,,totalTestsViral,5203379,1966,,457,,,,,11/30/2020 12:05,2020-11-30T12:05:00Z,11/30 07:05,5261,,315979,2020-11-30T12:05:00Z,5203379,,,343518,5104,157,,,,,,,,,,,115957,,37,2734,27062,5316284,34354,5316284,,21,0,c223de16c51361041019dcc03eb81bcc7b148d86,0,0,0,0,0,
20201129,NC,361778,20839,4924710,,totalTestsViral,5169025,1885,,454,,,,,11/29/2020 11:30,2020-11-29T11:30:00Z,11/29 06:30,5240,,293555,2020-11-29T11:30:00Z,5169025,,,340939,5085,155,,,,,,,,,,,115123,,37,3820,37814,5286488,39162,5286488,,21,0,5551125a518060d04138cb8f90d4e39b5698cc32,0,0,0,0,0,
20201128,NC,357958,20457,4886896,,totalTestsViral,5129863,1840,,450,,,,,11/28/2020 11:20,2020-11-28T11:20:00Z,11/28 06:20,5219,,293555,2020-11-28T11:20:00Z,5129863,,,337501,5068,151,,,,,,,,,,,113574,,37,3444,48588,5244854,40408,5244854,,9,0,abc117ea00be7ed0b7a6959277eee1e524f4145c,0,0,0,0,0,
20201127,NC,354514,20324,4838308,,totalTestsViral,5089455,1780,,437,,,,,11/27/2020 11:40,2020-11-27T11:40:00Z,11/27 06:40,5210,,293555,2020-11-27T11:40:00Z,5089455,,,334190,5059,151,,,,,,,,,,,111727,,37,8008,100245,5192822,61469,5192822,,72,0,606ac65acb59b430b6c1ce9042f7821ab65559d2,0,0,0,0,0,
20201126,NC,346506,19127,4738063,,totalTestsViral,5027986,1811,,431,,,,,11/25/2020 11:40,2020-11-25T11:40:00Z,11/25 06:40,5138,,293555,2020-11-25T11:40:00Z,5027986,,,327379,4993,145,,,,,,,,,,,103064,,37,0,0,5084569,45366,5084569,,0,0,9d63e15edf6e19d83f1d6e05280abaef0d4988f7,0,0,0,0,0,
20201125,NC,346506,19127,4738063,,totalTestsViral,4982620,1811,,431,,,,,11/25/2020 11:40,2020-11-25T11:40:00Z,11/25 06:40,5138,,293555,2020-11-25T11:40:00Z,4982620,,,327379,4993,145,,,,,,,,,,,103064,,37,4212,51620,5084569,46312,5084569,,64,0,5f6e040525affe9a246bfdb35c1a3f63edbdff7e,0,0,0,0,0,
20201124,NC,342294,18543,4686443,,totalTestsViral,4936308,1724,,412,,,,,11/24/2020 12:00,2020-11-24T12:00:00Z,11/24 07:00,5074,,293555,2020-11-24T12:00:00Z,4936308,,,323751,4939,135,,,,,,,,,,,95746,,37,3100,41869,5028737,40091,5028737,,35,0,1bb573ba4811f7ad6e25c78e77310630b665088a,0,0,0,0,0,
20201123,NC,339194,18204,4644574,,totalTestsViral,4896217,1601,,397,,,,,11/23/2020 12:00,2020-11-23T12:00:00Z,11/23 07:00,5039,,293555,2020-11-23T12:00:00Z,4896217,,,320990,4910,129,,,,,,,,,,,91610,,37,2419,33735,4983768,42082,4983768,,5,0,53fa4f95474d45fcd170245d3274ee89214a00aa,0,0,0,0,0,
20201122,NC,336775,18012,4610839,,totalTestsViral,4854135,1571,,404,,,,,11/22/2020 12:00,2020-11-22T12:00:00Z,11/22 07:00,5034,,276132,2020-11-22T12:00:00Z,4854135,,,318763,4907,127,,,,,,,,,,,91610,,37,4514,65024,4947614,50519,4947614,,29,0,f58ca6a6daf32eb0f0bd1f70b6b464cee5053021,0,0,0,0,0,
20201121,NC,332261,17646,4545815,,totalTestsViral,4803616,1590,,409,,,,,11/21/2020 12:00,2020-11-21T12:00:00Z,11/21 07:00,5005,,276132,2020-11-21T12:00:00Z,4803616,,,314615,4880,125,,,,,,,,,,,88848,,37,3415,55632,4878076,53339,4878076,,26,0,921ae18f2e84aaa3aa086060a2ae344d1ffd435f,0,0,0,0,0,
20201120,NC,328846,17074,4490183,,totalTestsViral,4750277,1571,,415,,,,,11/20/2020 13:10,2020-11-20T13:10:00Z,11/20 08:10,4979,,276132,2020-11-20T13:10:00Z,4750277,,,311772,4854,125,,,,,,,,,,,84138,,37,3688,29078,4819029,49935,4819029,,43,0,21563b923a5302fc5be94181abae35ae4c447cbd,0,0,0,0,0,
20201119,NC,325158,16610,4461105,,totalTestsViral,4700342,1538,,395,,,,,11/19/2020 12:15,2020-11-19T12:15:00Z,11/19 07:15,4936,,276132,2020-11-19T12:15:00Z,4700342,,,308548,4814,122,,,,,,,,,,,81125,,37,4296,50796,4786263,45852,4786263,,38,0,ef738bda6a24eff6627bd7dac2946d7f64f9cfdb,0,0,0,0,0,
20201118,NC,320862,16078,4410309,,totalTestsViral,4654490,1537,,386,,,,,11/18/2020 11:00,2020-11-18T11:00:00Z,11/18 06:00,4898,,276132,2020-11-18T11:00:00Z,4654490,,,304784,4780,118,,,,,,,,,,,74368,,37,3367,30243,4731171,30852,4731171,,46,0,2b85bd5377c78160b8b9ed2b28e178f9980b856a,0,0,0,0,0,
20201117,NC,317495,15497,4380066,,totalTestsViral,4623638,1501,,370,,,,,11/17/2020 12:00,2020-11-17T12:00:00Z,11/17 07:00,4852,,276132,2020-11-17T12:00:00Z,4623638,,,301998,4738,114,,,,,,,,,,,70545,,37,3288,34444,4697561,28714,4697561,,38,0,53c20399daf06f2a6e7e5b61759172922c2b89cc,0,0,0,0,0,
20201116,NC,314207,15146,4345622,,totalTestsViral,4594924,1424,,360,,,,,11/16/2020 11:40,2020-11-16T11:40:00Z,11/16 06:40,4814,,276132,2020-11-16T11:40:00Z,4594924,,,299061,4704,110,,,,,,,,,,,67638,,37,1972,25248,4659829,34737,4659829,,8,0,11e70dd17a0d2998c380a24294e7991b0725d72c,0,0,0,0,0,
20201115,NC,312235,15051,4320374,,totalTestsViral,4560187,1395,,352,,,,,11/15/2020 12:00,2020-11-15T12:00:00Z,11/15 07:00,4806,,261719,2020-11-15T12:00:00Z,4560187,,,297184,4696,110,,,,,,,,,,,66867,,37,3117,37967,4632609,38470,4632609,,50,0,f30fb28a93dce05a37fb44dc18ed5c6eaa787b9f,0,0,0,0,0,
20201114,NC,309118,14790,4282407,,totalTestsViral,4521717,1425,,347,,,,,11/14/2020 12:00,2020-11-14T12:00:00Z,11/14 07:00,4756,,261719,2020-11-14T12:00:00Z,4521717,,,294328,4651,105,,,,,,,,,,,65269,,37,3885,50873,4591525,44616,4591525,,36,0,76e1960f6e07549c770e9d8f87ed2ab60a3ed9c7,0,0,0,0,0,
20201113,NC,305233,14431,4231534,,totalTestsViral,4477101,1423,,352,,,,,11/13/2020 12:45,2020-11-13T12:45:00Z,11/13 07:45,4720,,261719,2020-11-13T12:45:00Z,4477101,,,290802,4619,101,,,,,,,,,,,61929,,37,1779,34214,4536767,43421,4536767,,14,0,f66d76317d5148bf19d7d06375e20d1205e5817d,0,0,0,0,0,
20201112,NC,303454,14250,4197320,,totalTestsViral,4433680,1279,,325,,,,,11/12/2020 12:00,2020-11-12T12:00:00Z,11/12 07:00,4706,,261719,2020-11-12T12:00:00Z,4433680,,,289204,4606,100,,,,,,,,,,,59388,,37,2893,37593,4500774,37868,4500774,,8,0,cd846745044aebfefe725a7b7d53665afdb75240,0,0,0,0,0,
20201111,NC,300561,14037,4159727,,totalTestsViral,4395812,1246,,301,,,,,11/11/2020 11:45,2020-11-11T11:45:00Z,11/11 06:45,4698,,261719,2020-11-11T11:45:00Z,4395812,,,286524,4598,100,,,,,,,,,,,55930,,37,3119,27257,4460288,25979,4460288,,38,0,643bfe37b35574913bd1b0ac3b5cf9b44e2f4a30,0,0,0,0,0,
20201110,NC,297442,13547,4132470,,totalTestsViral,4369833,1230,,325,,,,,11/10/2020 11:45,2020-11-10T11:45:00Z,11/10 06:45,4660,,261719,2020-11-10T11:45:00Z,4369833,,,283895,4562,98,,,,,,,,,,,52915,,37,2582,27714,4429912,25730,4429912,,45,0,3cf414c6257123ca04deef405024d5a7aad1ca63,0,0,0,0,0,
20201109,NC,294860,13181,4104756,,totalTestsViral,4344103,1169,,323,,,,,11/9/2020 11:00,2020-11-09T11:00:00Z,11/09 06:00,4615,,261719,2020-11-09T11:00:00Z,4344103,,,281679,4521,94,,,,,,,,,,,51349,,37,1521,33034,4399616,33738,4399616,,8,0,a03083ff7c27e21d84dc67c72ba6050b0d576a35,0,0,0,0,0,
20201108,NC,293339,13126,4071722,,totalTestsViral,4310365,1147,,311,,,,,11/8/2020 11:00,2020-11-08T11:00:00Z,11/08 06:00,4607,,246318,2020-11-08T11:00:00Z,4310365,,,280213,4513,94,,,,,,,,,,,48655,,37,2094,38811,4365061,38228,4365061,,2,0,08188f6816fb55de33b0f8ecab600b79abda155d,0,0,0,0,0,
20201107,NC,291245,13045,4032911,,totalTestsViral,4272137,1196,,327,,,,,11/7/2020 11:20,2020-11-07T11:20:00Z,11/07 06:20,4605,,246318,2020-11-07T11:20:00Z,4272137,,,278200,4511,94,,,,,,,,,,,47403,,37,2676,44104,4324156,41946,4324156,,23,0,be6ab22ccb006e988d96b3621bdd3083711ac79e,0,0,0,0,0,
20201106,NC,288569,12779,3988807,,totalTestsViral,4230191,1161,,311,,,,,11/6/2020 11:20,2020-11-06T11:20:00Z,11/06 06:20,4582,,246318,2020-11-06T11:20:00Z,4230191,,,275790,4489,93,,,,,,,,,,,45126,,37,2908,47526,4277376,45241,4277376,,34,0,18114171248e967bbaa345f718d54dca6242c067,0,0,0,0,0,
20201105,NC,285661,12488,3941281,,totalTestsViral,4184950,1193,,323,,,,,11/5/2020 11:30,2020-11-05T11:30:00Z,11/05 06:30,4548,,246318,2020-11-05T11:30:00Z,4184950,,,273173,4457,91,,,,,,,,,,,41718,,37,2859,39825,4226942,40636,4226942,,41,0,cee821f8f8153f02d09ce60d25b839e13e6ef5ef,0,0,0,0,0,
20201104,NC,282802,12127,3901456,,totalTestsViral,4144314,1186,,327,,,,,11/4/2020 11:45,2020-11-04T11:45:00Z,11/04 06:45,4507,,246318,2020-11-04T11:45:00Z,4144314,,,270675,4418,89,,,,,,,,,,,39185,,37,2425,24355,4184258,22501,4184258,,50,0,81aa7759928d8f9667666541c2b714ed06ec45b4,0,0,0,0,0,
20201103,NC,280377,11764,3877101,,totalTestsViral,4121813,1175,,331,,,,,11/3/2020 11:25,2020-11-03T11:25:00Z,11/03 06:25,4457,,246318,2020-11-03T11:25:00Z,4121813,,,268613,4371,86,,,,,,,,,,,35890,,37,2349,27533,4157478,26141,4157478,,67,0,d5352b7b3368edfb30b01002b172e48124eda39b,0,0,0,0,0,
20201102,NC,278028,11577,3849568,,totalTestsViral,4095672,1146,,344,,,,,11/2/2020 11:15,2020-11-02T11:15:00Z,11/02 06:15,4390,,246318,2020-11-02T11:15:00Z,4095672,,,266451,4313,77,,,,,,,,,,,33792,,37,1336,30895,4127596,32749,4127596,,7,0,7df536ba2f40f8083e8f525e8d53133850af0888,0,0,0,0,0,
20201101,NC,276692,11521,3818673,,totalTestsViral,4062923,1122,,328,,,,,11/1/2020 11:00,2020-11-01T11:00:00Z,11/01 06:00,4383,,231611,2020-11-01T11:00:00Z,4062923,,,265171,4306,77,,,,,,,,,,,33369,,37,2057,38152,4095365,37191,4095365,,5,0,15d39930e8f152ad8150d4d0101febf5f09f2049,0,0,0,0,0,
20201031,NC,274635,11458,3780521,,totalTestsViral,4025732,1184,,345,,,,,10/31/2020 11:35,2020-10-31T11:35:00Z,10/31 07:35,4378,,231611,2020-10-31T11:35:00Z,4025732,,,263177,4301,77,,,,,,,,,,,32124,,37,2805,46560,4055156,42087,4055156,,46,0,90daefd199ad8eb23bc0b91478533ae5960b6859,0,0,0,0,0,
20201030,NC,271830,11121,3733961,,totalTestsViral,3983645,1196,,343,,,,,10/30/2020 11:30,2020-10-30T11:30:00Z,10/30 07:30,4332,,231611,2020-10-30T11:30:00Z,3983645,,,260709,4257,75,,,,,,,,,,,29700,,37,2809,41639,4005791,43059,4005791,,49,0,7f8ab97b1f2e6306d5913acdd7273de41a93b3a8,0,0,0,0,0,
20201029,NC,269021,10702,3692322,,totalTestsViral,3940586,1181,,340,,,,,10/29/2020 11:05,2020-10-29T11:05:00Z,10/29 07:05,4283,,231611,2020-10-29T11:05:00Z,3940586,,,258319,4210,73,,,,,,,,,,,27145,,37,2885,35416,3961343,36669,3961343,,38,0,4c4086f100db183c584e4f41850754bf49c155be,0,0,0,0,0,
20201028,NC,266136,10443,3656906,,totalTestsViral,3903917,1193,,329,,,,,10/28/2020 11:00,2020-10-28T11:00:00Z,10/28 07:00,4245,,231611,2020-10-28T11:00:00Z,3903917,,,255693,4176,69,,,,,,,,,,,24967,,37,2253,30025,3923042,21589,3923042,,34,0,e5b35129b1072a22165f20253d7aef7368b17b12,0,0,0,0,0,
20201027,NC,263883,10036,3626881,,totalTestsViral,3882328,1214,,329,,,,,10/27/2020 11:25,2020-10-27T11:25:00Z,10/27 07:25,4211,,231611,2020-10-27T11:25:00Z,3882328,,,253847,4144,67,,,,,,,,,,,23444,,37,2141,15710,3890764,25050,3890764,,41,0,45ab1cbeaa6ff6515aed9d756d8e0b7a3bb7ffba,0,0,0,0,0,
20201026,NC,261742,9805,3611171,,totalTestsViral,3857278,1193,,332,,,,,10/26/2020 11:55,2020-10-26T11:55:00Z,10/26 07:55,4170,,231611,2020-10-26T11:55:00Z,3857278,,,251937,4108,62,,,,,,,,,,,22972,,37,1643,26817,3872913,30029,3872913,,13,0,f711a1114d8b348f674d7f97b3e0b191792cf8c5,0,0,0,0,0,
20201025,NC,260099,9767,3584354,,totalTestsViral,3827249,1148,,321,,,,,10/25/2020 11:00,2020-10-25T11:00:00Z,10/25 07:00,4157,,218541,2020-10-25T11:00:00Z,3827249,,,250332,4097,60,,,,,,,,,,,22622,,37,1807,33569,3844453,36632,3844453,,13,0,f89aa20672d31ad9f7314abc5fcb24eae7d9d49a,0,0,0,0,0,
20201024,NC,258292,9672,3550785,,totalTestsViral,3790617,1182,,338,,,,,10/24/2020 12:00,2020-10-24T12:00:00Z,10/24 08:00,4144,,218541,2020-10-24T12:00:00Z,3790617,,,248620,4085,59,,,,,,,,,,,21790,,37,2584,43178,3809077,38722,3809077,,30,0,593c5f7f828794dae1a3afc099120db644023487,0,0,0,0,0,
20201023,NC,255708,9362,3507607,,totalTestsViral,3751895,1181,,325,,,,,10/23/2020 17:58,2020-10-23T17:58:00Z,10/23 13:58,4114,,218541,2020-10-23T17:58:00Z,3751895,,,246346,4058,56,,,,,,,,,,,19839,,37,2716,32924,3763315,44981,3763315,,32,0,e1b7d955ecb1158c53fe7d84ec89d269436867f1,0,0,0,0,0,
20201022,NC,252992,9069,3474683,,totalTestsViral,3706914,1205,,333,,,,,10/22/2020 12:20,2020-10-22T12:20:00Z,10/22 08:20,4082,,218541,2020-10-22T12:20:00Z,3706914,,,243923,4028,54,,,,,,,,,,,18776,,37,2400,33232,3727675,34738,3727675,,50,0,f919e009ee915cdcc636d7972109d74043ebfcb9,0,0,0,0,0,
20201021,NC,250592,8800,3441451,,totalTestsViral,3672176,1219,,337,,,,,10/21/2020 13:10,2020-10-21T13:10:00Z,10/21 09:10,4032,,218541,2020-10-21T13:10:00Z,3672176,,,241792,3981,51,,,,,,,,,,,17543,,37,1842,18408,3692043,16603,3692043,,40,0,035f8ab444053512d1da077a021d6987c34b4530,0,0,0,0,0,
20201020,NC,248750,8453,3423043,,totalTestsViral,3655573,1203,,326,,,,,10/20/2020 12:28,2020-10-20T12:28:00Z,10/20 08:28,3992,,218541,2020-10-20T12:28:00Z,3655573,,,240297,3941,51,,,,,,,,,,,16457,,37,1578,21851,3671793,23119,3671793,,53,0,8478a62b2586efc0dde4e09f5a76da8357b42bdc,0,0,0,0,0,
20201019,NC,247172,8278,3401192,,totalTestsViral,3632454,1142,,311,,,,,10/19/2020 12:05,2020-10-19T12:05:00Z,10/19 08:05,3939,,218541,2020-10-19T12:05:00Z,3632454,,,238894,3892,47,,,,,,,,,,,15544,,37,1144,29962,3648364,32583,3648364,,5,0,2b6b54114b8727bcbdb369554afc979fcb4d72b2,0,0,0,0,0,
20201018,NC,246028,8223,3371230,,totalTestsViral,3599871,1129,,310,,,,,10/18/2020 11:20,2020-10-18T11:20:00Z,10/18 07:20,3934,,206471,2020-10-18T11:20:00Z,3599871,,,237805,3887,47,,,,,,,,,,,15275,,37,2303,32383,3617258,33614,3617258,,5,0,d04f303a20648d555d84d3e7c80d2ce95a08881b,0,0,0,0,0,
20201017,NC,243725,8128,3338847,,totalTestsViral,3566257,1140,,316,,,,,10/17/2020 10:30,2020-10-17T10:30:00Z,10/17 06:30,3929,,206471,2020-10-17T10:30:00Z,3566257,,,235597,3882,47,,,,,,,,,,,14658,,37,2102,40739,3582572,40063,3582572,,19,0,f285d51a2784b4ca587173351d2a4fa95c225d7c,0,0,0,0,0,
20201016,NC,241623,7891,3298108,,totalTestsViral,3526194,1148,,299,,,,,10/16/2020 12:00,2020-10-16T12:00:00Z,10/16 08:00,3910,,206471,2020-10-16T12:00:00Z,3526194,,,233732,3864,46,,,,,,,,,,,13588,,37,2684,36284,3539731,41168,3539731,,36,0,b6a6001653269e84338f00cfb7876026d5d70c0b,0,0,0,0,0,
20201015,NC,238939,7577,3261824,,totalTestsViral,3485026,1140,,296,,,,,10/15/2020 11:45,2020-10-15T11:45:00Z,10/15 07:45,3874,,206471,2020-10-15T11:45:00Z,3485026,,,231362,3831,43,,,,,,,,,,,12872,,37,2532,30996,3500763,32849,3500763,,18,0,33577e68e1bf0075bf99980c95256e3351d94e8d,0,0,0,0,0,
20201014,NC,236407,7292,3230828,,totalTestsViral,3452177,1152,,300,,,,,10/14/2020 11:30,2020-10-14T11:30:00Z,10/14 07:30,3856,,206471,2020-10-14T11:30:00Z,3452177,,,229115,3813,43,,,,,,,,,,,11616,,37,1926,20726,3467235,20537,3467235,,40,0,b632789a0ee0f6e781b51d79873201bef14cf77f,0,0,0,0,0,
20201013,NC,234481,6985,3210102,,totalTestsViral,3431640,1103,,306,,,,,10/13/2020 11:10,2020-10-13T11:10:00Z,10/13 07:10,3816,,206471,2020-10-13T11:10:00Z,3431640,,,227496,3774,42,,,,,,,,,,,10173,,37,1734,25035,3444583,21359,3444583,,43,0,2f50ec0747f334889a3958f9900b8c5e9a1d9e84,0,0,0,0,0,
20201012,NC,232747,6788,3185067,,totalTestsViral,3410281,1109,,314,,,,,10/12/2020 12:25,2020-10-12T12:25:00Z,10/12 08:25,3773,,206471,2020-10-12T12:25:00Z,3410281,,,225959,3738,35,,,,,,,,,,,9950,,37,1276,28288,3417814,32240,3417814,,3,0,8dc5674d76a23e20b3b1b54b9702d32e23347660,0,0,0,0,0,
20201011,NC,231471,6744,3156779,,totalTestsViral,3378041,1046,,288,,,,,10/11/2020 13:00,2020-10-11T13:00:00Z,10/11 09:00,3770,,192644,2020-10-11T13:00:00Z,3378041,,,224727,3735,35,,,,,,,,,,,9655,,37,1719,35716,3388250,36220,3388250,,5,0,2aaa7bf9ee7bd34d7b86e6dd2b7f45001fee743b,0,0,0,0,0,
20201010,NC,229752,6663,3121063,,totalTestsViral,3341821,1034,,281,,,,,10/10/2020 12:00,2020-10-10T12:00:00Z,10/10 08:00,3765,,192644,2020-10-10T12:00:00Z,3341821,,,223089,3731,34,,,,,,,,,,,9135,,37,2321,37209,3350815,41183,3350815,,18,0,e735fec4ea14335f5834d847310cf6c0f7566801,0,0,0,0,0,
20201009,NC,227431,6466,3083854,,totalTestsViral,3300638,1065,,299,,,,,10/9/2020 12:15,2020-10-09T12:15:00Z,10/09 08:15,3747,,192644,2020-10-09T12:15:00Z,3300638,,,220965,3713,34,,,,,,,,,,,8219,,37,2034,40296,3311285,40012,3311285,,25,0,a2f349a261096783b9ba791c248519c2524a8ce4,0,0,0,0,0,
20201008,NC,225397,6235,3043558,,totalTestsViral,3260626,1051,,296,,,,,10/8/2020 12:00,2020-10-08T12:00:00Z,10/08 08:00,3722,,192644,2020-10-08T12:00:00Z,3260626,,,219162,3689,33,,,,,,,,,,,6114,,37,2428,31254,3268955,33428,3268955,,29,0,7afff6d20cc92a8406508543d22a43aa109a52e5,0,0,0,0,0,
20201007,NC,222969,6026,3012304,,totalTestsViral,3227198,1028,,288,,,,,10/7/2020 12:10,2020-10-07T12:10:00Z,10/07 08:10,3693,,192644,2020-10-07T12:10:00Z,3227198,,,216943,3661,32,,,,,,,,,,,5101,,37,1711,16876,3235273,16888,3235273,,23,0,05ec79e481fe0066d4572311db60be73bf99c148,0,0,0,0,0,
20201006,NC,221258,5781,2995428,,totalTestsViral,3210310,1013,,290,,,,,10/6/2020 12:58,2020-10-06T12:58:00Z,10/06 08:58,3670,,192644,2020-10-06T12:58:00Z,3210310,,,215477,3639,31,,,,,,,,,,,4508,,37,1504,21266,3216686,17794,3216686,,33,0,8ec3f93de280a125cd176a92292bcdff6fe12830,0,0,0,0,0,
20201005,NC,219754,5545,2974162,,totalTestsViral,3192516,971,,274,,,,,10/5/2020 12:20,2020-10-05T12:20:00Z,10/05 08:20,3637,,192644,2020-10-05T12:20:00Z,3192516,,,214209,3606,31,,,,,,,,,,,4175,,37,2258,30690,3193916,26698,3193916,,3,0,9f8b575ba1aacff30b2de4d4e834be46ffdcb791,0,0,0,0,0,
20201004,NC,217496,5535,2943472,,totalTestsViral,3165818,907,,266,,,,,10/4/2020 12:00,2020-10-04T12:00:00Z,10/04 08:00,3634,,184422,2020-10-04T12:00:00Z,3165818,,,211961,3603,31,,,,,,,,,,,3996,,37,610,24092,3160968,31889,3160968,,5,0,c1423eefa99a162152fb978ad9a7bb83433c5add,0,0,0,0,0,
20201003,NC,216886,5483,2919380,,totalTestsViral,3133929,921,,273,,,,,10/3/2020 11:45,2020-10-03T11:45:00Z,10/03 07:45,3629,,184422,2020-10-03T11:45:00Z,3133929,,,211403,3600,29,,,,,,,,,,,3527,,37,2202,34360,3136266,35426,3136266,,21,0,aa4081a9869994bf77412a0f8f83f51f0dda2408,0,0,0,0,0,
20201002,NC,214684,5287,2885020,,totalTestsViral,3098503,921,,278,,,,,10/2/2020 11:20,2020-10-02T11:20:00Z,10/02 07:20,3608,,184422,2020-10-02T11:20:00Z,3098503,,,209397,3579,29,,,,,,,,,,,3063,,37,1775,34268,3099704,39874,3099704,,29,0,719da7f38b942f7b39848f1ad557ba96071759bd,0,0,0,0,0,
20201001,NC,212909,5120,2850752,,totalTestsViral,3058629,939,,297,,,,,10/1/2020 12:00,2020-10-01T12:00:00Z,10/01 08:00,3579,,184422,2020-10-01T12:00:00Z,3058629,,,207789,3551,28,,,,,,,,,,,2721,,37,2277,26513,3063661,28574,3063661,,47,0,06054cdb22c3bcda0aa9c7964d07d86f0b5c793e,0,0,0,0,0,
20200930,NC,210632,4929,2824239,,totalTestsViral,3030055,956,,297,,,,,9/30/2020 12:00,2020-09-30T12:00:00Z,09/30 08:00,3532,,184422,2020-09-30T12:00:00Z,3030055,,,205703,3505,27,,,,,,,,,,,2337,,37,1495,13790,3034871,13675,3034871,,38,0,fa738566e59b667a0a915adfecd2dc8efb486eea,0,0,0,0,0,
20200929,NC,209137,4806,2810449,,totalTestsViral,3016380,950,,287,,,,,9/29/2020 12:45,2020-09-29T12:45:00Z,09/29 08:45,3494,,184422,2020-09-29T12:45:00Z,3016380,,,204331,3467,27,,,,,,,,,,,,,37,889,14164,3019586,13789,3019586,,49,0,dbc0c13ae6eed49818ba6e337842589417ed2e82,0,0,0,0,0,
20200928,NC,208248,4680,2796285,,totalTestsViral,3002591,897,,271,,,,,9/28/2020 12:00,2020-09-28T12:00:00Z,09/28 08:00,3445,,184422,2020-09-28T12:00:00Z,3002591,,,203568,3418,27,,,,,,,,,,,,,37,868,24937,3004533,25913,3004533,,4,0,1a73395749cfb551412f749071252cd1b847b688,0,0,0,0,0,
20200927,NC,207380,4676,2771348,,totalTestsViral,2976678,917,,269,,,,,9/27/2020 12:05,2020-09-27T12:05:00Z,09/27 08:05,3441,,176422,2020-09-27T12:05:00Z,2976678,,,202704,3414,27,,,,,,,,,,,,,37,1290,29635,2978728,31292,2978728,,1,0,7ef438f0e594eb62149b4cbc94c56a39c86fd117,0,0,0,0,0,
20200926,NC,206090,4659,2741713,,totalTestsViral,2945386,914,,272,,,,,9/26/2020 12:00,2020-09-26T12:00:00Z,09/26 08:00,3440,,176422,2020-09-26T12:00:00Z,2945386,,,201431,3413,27,,,,,,,,,,,,,37,1759,38427,2947803,35809,2947803,,31,0,9ee039e6c9081d78905f470692219b908db681c3,0,0,0,0,0,
20200925,NC,204331,4563,2703286,,totalTestsViral,2909577,903,,281,,,,,9/25/2020 13:30,2020-09-25T13:30:00Z,09/25 09:30,3409,,176422,2020-09-25T13:30:00Z,2909577,,,199768,3409,,,,,,,,,,,,,,37,6142,31284,2907617,38070,2907617,,53,0,0ef6d78e9a1893c20cd8e205ea4e86e4e05b6617,0,0,0,0,0,
20200924,NC,198189,,2672002,,totalTestsViral,2871507,902,,279,,,,,9/24/2020 11:50,2020-09-24T11:50:00Z,09/24 07:50,3356,,176422,2020-09-24T11:50:00Z,2871507,,,198189,3356,,,,,,,,,,,,,,37,1688,26076,2870191,28179,2870191,,40,0,b36f07c49dbafe40e562eb6976cc6ea2727da1f8,0,0,0,0,0,
20200923,NC,196501,,2645926,,totalTestsViral,2843328,912,,281,,,,,9/23/2020 12:10,2020-09-23T12:10:00Z,09/23 08:10,3316,,176422,2020-09-23T12:10:00Z,2843328,,,196501,3316,,,,,,,,,,,,,,37,952,16546,2842427,12334,2842427,,30,0,9e032f11c9c82bb123fd0fc0a7128366edacfc1f,0,0,0,0,0,
20200922,NC,195549,,2629380,,totalTestsViral,2830994,905,,277,,,,,9/22/2020 12:05,2020-09-22T12:05:00Z,09/22 08:05,3286,,176422,2020-09-22T12:05:00Z,2830994,,,195549,3286,,,,,,,,,,,,,,37,1168,6222,2824929,16001,2824929,,39,0,e774680f389a7834832dcddf96930695afa1c36e,0,0,0,0,0,
20200921,NC,194381,,2623158,,totalTestsViral,2814993,885,,277,,,,,9/21/2020 12:15,2020-09-21T12:15:00Z,09/21 08:15,3247,,176422,2020-09-21T12:15:00Z,2814993,,,194381,3247,,,,,,,,,,,,,,37,800,11921,2817539,24679,2817539,,4,0,e058e211c0130f105f1b6379fa416f11fa3e7ef2,0,0,0,0,0,
20200920,NC,193581,,2611237,,totalTestsViral,2790314,889,,292,,,,,9/20/2020 11:50,2020-09-20T11:50:00Z,09/20 07:50,3243,,167257,2020-09-20T11:50:00Z,2790314,,,193581,3243,,,,,,,,,,,,,,37,1333,32465,2804818,27403,2804818,,8,0,822e2356e0cd39e9baf3d6d2dbd1a2c35215f59c,0,0,0,0,0,
20200919,NC,192248,,2578772,,totalTestsViral,2762911,882,,293,,,,,9/19/2020 11:45,2020-09-19T11:45:00Z,09/19 07:45,3235,,167257,2020-09-19T11:45:00Z,2762911,,,192248,3235,,,,,,,,,,,,,,37,1229,20771,2771020,34441,2771020,,28,0,8bd24930b0c84781efd0e2728bfe6b37287b1edb,0,0,0,0,0,
20200918,NC,191019,,2558001,,totalTestsViral,2728470,904,,283,,,,,9/18/2020 11:00,2020-09-18T11:00:00Z,09/18 07:00,3207,,167257,2020-09-18T11:00:00Z,2728470,,,191019,3207,,,,,,,,,,,,,,37,1443,33402,2749020,37607,2749020,,27,0,0e6c1e9917bce4508ca0712eeeb4a785d79340f2,0,0,0,0,0,
20200917,NC,189576,,2524599,,totalTestsViral,2690863,894,,286,,,,,9/17/2020 11:00,2020-09-17T11:00:00Z,09/17 07:00,3180,,167257,2020-09-17T11:00:00Z,2690863,,,189576,3180,,,,,,,,,,,,,,37,1552,29239,2714175,28506,2714175,,31,0,b854f0419f316614437c782ee90bc597b40f1a20,0,0,0,0,0,
20200916,NC,188024,,2495360,,totalTestsViral,2662357,918,,297,,,,,9/16/2020 11:15,2020-09-16T11:15:00Z,09/16 07:15,3149,,167257,2020-09-16T11:15:00Z,2662357,,,188024,3149,,,,,,,,,,,,,,37,1137,29807,2683384,15629,2683384,,38,0,180c7e634f67d50c23a18f4d53eed34ebeead5ef,0,0,0,0,0,
20200915,NC,186887,,2465553,,totalTestsViral,2646728,916,,297,,,,,9/15/2020 10:55,2020-09-15T10:55:00Z,09/15 06:55,3111,,167257,2020-09-15T10:55:00Z,2646728,,,186887,3111,,,,,,,,,,,,,,37,1106,16515,2652440,18342,2652440,,51,0,9034e0142ab4ebc2aa35b49020e40b83b9841fe4,0,0,0,0,0,
20200914,NC,185781,,2449038,,totalTestsViral,2628386,895,,293,,,,,9/14/2020 11:50,2020-09-14T11:50:00Z,09/14 07:50,3060,,167257,2020-09-14T11:50:00Z,2628386,,,185781,3060,,,,,,,,,,,,,,37,845,17866,2634819,26203,2634819,,8,0,6a788319d73a687d50320eb759bae033f64509fb,0,0,0,0,0,
20200913,NC,184936,,2431172,,totalTestsViral,2602183,831,,270,,,,,9/13/2020 11:50,2020-09-13T11:50:00Z,09/13 07:50,3052,,156652,2020-09-13T11:50:00Z,2602183,,,184936,3052,,,,,,,,,,,,,,37,1196,33780,2616108,33367,2616108,,5,0,cd2ce21e3f84b439b206efd379096d2a544279b2,0,0,0,0,0,
20200912,NC,183740,,2397392,,totalTestsViral,2568816,870,,287,,,,,9/12/2020 12:25,2020-09-12T12:25:00Z,09/12 08:25,3047,,156652,2020-09-12T12:25:00Z,2568816,,,183740,3047,,,,,,,,,,,,,,37,1454,21024,2581132,38681,2581132,,24,0,2af343c79811b5d580851a82d475349ded01c74a,0,0,0,0,0,
20200911,NC,182286,,2376368,,totalTestsViral,2530135,938,,292,,,,,9/11/2020 12:50,2020-09-11T12:50:00Z,09/11 08:50,3023,,156652,2020-09-11T12:50:00Z,2530135,,,182286,3023,,,,,,,,,,,,,,37,1532,35283,2558654,33872,2558654,,33,0,ffc007b93399140a2e7d0f123aa135b8a7baf392,0,0,0,0,0,
20200910,NC,180754,,2341085,,totalTestsViral,2496263,928,,291,,,,,9/10/2020 11:30,2020-09-10T11:30:00Z,09/10 07:30,2990,,156652,2020-09-10T11:30:00Z,2496263,,,180754,2990,,,,,,,,,,,,,,37,1222,30504,2521839,15536,2521839,,32,0,5e74d473a82a8ed63ffa4676e0c425c7bfe38e01,0,0,0,0,0,
20200909,NC,179532,,2310581,,totalTestsViral,2480727,916,,296,,,,,9/9/2020 11:40,2020-09-09T11:40:00Z,09/09 07:40,2958,,156652,2020-09-09T11:40:00Z,2480727,,,179532,2958,,,,,,,,,,,,,,37,897,19239,2490113,10621,2490113,,49,0,072cbef2d88062a9173c5d2ebdfe6091f796097b,0,0,0,0,0,
20200908,NC,178635,,2291342,,totalTestsViral,2470106,827,,262,,,,,9/8/2020 12:05,2020-09-08T12:05:00Z,09/08 08:05,2909,,156652,2020-09-08T12:05:00Z,2470106,,,178635,2909,,,,,,,,,,,,,,37,716,9679,2469977,15250,2469977,,12,0,6e5015893c6d6f299083f2b6a8bc83fc6cfbd1e6,0,0,0,0,0,
20200907,NC,177919,,2281663,,totalTestsViral,2454856,765,,248,,,,,9/6/2020 11:25,2020-09-06T11:25:00Z,09/06 07:25,2897,,156652,2020-09-06T11:25:00Z,2454856,,,177919,2897,,,,,,,,,,,,,,37,1018,15614,2459582,25209,2459582,,7,0,7026366c7c5e56ace81e496cac8e15ed1918b8b4,0,0,0,0,0,
20200906,NC,176901,,2266049,,totalTestsViral,2429647,830,,250,,,,,9/6/2020 11:25,2020-09-06T11:25:00Z,09/06 07:25,2890,,145884,2020-09-06T11:25:00Z,2429647,,,176901,2890,,,,,,,,,,,,,,37,1086,30993,2442950,28779,2442950,,1,0,660468e494aa78741c5b4d35636047c207c2df84,0,0,0,0,0,
20200905,NC,175815,,2235056,,totalTestsViral,2400868,831,,254,,,,,9/5/2020 12:00,2020-09-05T12:00:00Z,09/05 08:00,2889,,145884,2020-09-05T12:00:00Z,2400868,,,175815,2889,,,,,,,,,,,,,,37,1561,20214,2410871,32622,2410871,,50,0,252ac655551ab316d3493b9996956717f921593c,0,0,0,0,0,
20200904,NC,174254,,2214842,,totalTestsViral,2368246,955,,281,,,,,9/4/2020 12:10,2020-09-04T12:10:00Z,09/04 08:10,2839,,145884,2020-09-04T12:10:00Z,2368246,,,174254,2839,,,,,,,,,,,,,,37,2045,39214,2389096,36879,2389096,,36,0,fe32c44536fc6f56e1281dcb796d73584852e996,0,0,0,0,0,
20200903,NC,172209,,2175628,,totalTestsViral,2331367,858,,257,,,,,9/3/2020 12:15,2020-09-03T12:15:00Z,09/03 08:15,2803,,145884,2020-09-03T12:15:00Z,2331367,,,172209,2803,,,,,,,,,,,,,,37,1656,30871,2347837,28887,2347837,,24,0,afd98530ee37d440cb8a8202421e04eedb78c40c,0,0,0,0,0,
20200902,NC,170553,,2144757,,totalTestsViral,2302480,858,,270,,,,,9/2/2020 13:05,2020-09-02T13:05:00Z,09/02 09:05,2779,,145884,2020-09-02T13:05:00Z,2302480,,,170553,2779,,,,,,,,,,,,,,37,1129,18483,2315310,15065,2315310,,38,0,8bb848a745913b88d1ef32ef38a5ca4d061b7ac8,0,0,0,0,0,
20200901,NC,169424,,2126274,,totalTestsViral,2287415,946,,270,,,,,9/1/2020 12:20,2020-09-01T12:20:00Z,09/01 08:20,2741,,145884,2020-09-01T12:20:00Z,2287415,,,169424,2741,,,,,,,,,,,,,,37,2111,37415,2295698,18622,2295698,,39,0,afbdf7907895e4aeeb462772b0a9786f463ad7a6,0,0,0,0,0,
20200831,NC,167313,,2088859,,totalTestsViral,2268793,923,,244,,,,,8/31/2020 12:15,2020-08-31T12:15:00Z,08/31 08:15,2702,,145884,2020-08-31T12:15:00Z,2268793,,,167313,2702,,,,,,,,,,,,,,37,1186,11713,2256172,25044,2256172,,10,0,bbdf3ec385bf5c7971d970dc0301fd0335aafe2d,0,0,0,0,0,
20200830,NC,166127,,2077146,,totalTestsViral,2243749,917,,260,,,,,8/30/2020 11:55,2020-08-30T11:55:00Z,08/30 07:55,2692,,136630,2020-08-30T11:55:00Z,2243749,,,166127,2692,,,,,,,,,,,,,,37,1051,24073,2243273,30979,2243273,,9,0,a551d2cf63607daa080e58947a7d933b591ec571,0,0,0,0,0,
20200829,NC,165076,,2053073,,totalTestsViral,2212770,965,,264,,,,,8/29/2020 12:35,2020-08-29T12:35:00Z,08/29 08:35,2683,,136630,2020-08-29T12:35:00Z,2212770,,,165076,2683,,,,,,,,,,,,,,37,2585,32673,2218149,34871,2218149,,31,0,8145d1640300317127a3be25990c7041073f5fbf,0,0,0,0,0,
20200828,NC,162491,,2020400,,totalTestsViral,2177899,970,,278,,,,,8/28/2020 12:00,2020-08-28T12:00:00Z,08/28 08:00,2652,,136630,2020-08-28T12:00:00Z,2177899,,,162491,2652,,,,,,,,,,,,,,37,1415,28751,2182891,35721,2182891,,22,0,9fe1813b0e075a63c3b0df90aa8d6f4360ca2c23,0,0,0,0,0,
20200827,NC,161076,,1991649,,totalTestsViral,2142178,958,,272,,,,,8/27/2020 11:45,2020-08-27T11:45:00Z,08/27 07:45,2630,,136630,2020-08-27T11:45:00Z,2142178,,,161076,2630,,,,,,,,,,,,,,37,2091,29633,2152725,31132,2152725,,24,0,115ab252083d8f2f5c1dba6d1e1b61f01c569e0f,0,0,0,0,0,
20200826,NC,158985,,1962016,,totalTestsViral,2111046,1004,,281,,,,,8/26/2020 12:15,2020-08-26T12:15:00Z,08/26 08:15,2606,,136630,2020-08-26T12:15:00Z,2111046,,,158985,2606,,,,,,,,,,,,,,37,1244,17398,2121001,14920,2121001,,36,0,c7c4de33346d6fcdf2e37b64d3df06726cae3df2,0,0,0,0,0,
20200825,NC,157741,,1944618,,totalTestsViral,2096126,1000,,270,,,,,8/25/2020 12:10,2020-08-25T12:10:00Z,08/25 08:10,2570,,136630,2020-08-25T12:10:00Z,2096126,,,157741,2570,,,,,,,,,,,,,,37,1345,13319,2102359,13120,2102359,,35,0,d0bee7fe118116ef65092c5e0f1137632a1ef7dc,0,0,0,0,0,
20200824,NC,156396,,1931299,,totalTestsViral,2083006,948,,274,,,,,8/24/2020 11:35,2020-08-24T11:35:00Z,08/24 07:35,2535,,136630,2020-08-24T11:35:00Z,2083006,,,156396,2535,,,,,,,,,,,,,,37,1283,7940,2087695,24169,2087695,,4,0,5720559579e1d4cc3580f50d4ef8910308cb8d7f,0,0,0,0,0,
20200823,NC,155113,,1923359,,totalTestsViral,2058837,898,,268,,,,,8/23/2020 12:05,2020-08-23T12:05:00Z,08/23 08:05,2531,,127749,2020-08-23T12:05:00Z,2058837,,,155113,2531,,,,,,,,,,,,,,37,1472,24882,2078472,24904,2078472,,10,0,fba8e556042969b8603dbc02fccbf30b62dab564,0,0,0,0,0,
20200822,NC,153641,,1898477,,totalTestsViral,2033933,996,,279,,,,,8/22/2020 11:55,2020-08-22T11:55:00Z,08/22 07:55,2521,,127749,2020-08-22T11:55:00Z,2033933,,,153641,2521,,,,,,,,,,,,,,37,1729,19504,2052118,25761,2052118,,27,0,5f0f22d9de5e86b1b354b330e81d9386c1974d1a,0,0,0,0,0,
20200821,NC,151912,,1878973,,totalTestsViral,2008172,1015,,284,,,,,8/21/2020 11:30,2020-08-21T11:30:00Z,08/21 07:30,2494,,127749,2020-08-21T11:30:00Z,2008172,,,151912,2494,,,,,,,,,,,,,,37,2008,25570,2030885,26022,2030885,,29,0,ce592432604db562e5ff2086b32401dbe8f79e86,0,0,0,0,0,
20200820,NC,149904,,1853403,,totalTestsViral,1982150,1023,,280,,,,,8/20/2020 12:10,2020-08-20T12:10:00Z,08/20 08:10,2465,,127749,2020-08-20T12:10:00Z,1982150,,,149904,2465,,,,,,,,,,,,,,37,1972,23241,2003307,25739,2003307,,34,0,b727f212815d7fa3224719d5bd32ed6db332d4f6,0,0,0,0,0,
20200819,NC,147932,,1830162,,totalTestsViral,1956411,1001,,306,,,,,8/19/2020 12:58,2020-08-19T12:58:00Z,08/19 08:58,2431,,127749,2020-08-19T12:58:00Z,1956411,,,147932,2431,,,,,,,,,,,,,,37,1153,25821,1978094,10893,1978094,,35,0,07f9b6ca3f9f6131bb5dc2e4ed1da53310ae51df,0,0,0,0,0,
20200818,NC,146779,,1804341,,totalTestsViral,1945518,1026,,313,,,,,8/18/2020 13:00,2020-08-18T13:00:00Z,08/18 09:00,2396,,127749,2020-08-18T13:00:00Z,1945518,,,146779,2396,,,,,,,,,,,,,,37,1263,14385,1951120,13862,1951120,,48,0,611905af6c81eb61cd22254864f8b3f5abdd8799,0,0,0,0,0,
20200817,NC,145516,,1789956,,totalTestsViral,1931656,980,,290,,,,,8/17/2020 12:20,2020-08-17T12:20:00Z,08/17 08:20,2348,,127749,2020-08-17T12:20:00Z,1931656,,,145516,2348,,,,,,,,,,,,,,37,564,10262,1935472,23021,1935472,,1,0,2685cdaf480028c66d9b5eca89d81b87923af381,0,0,0,0,0,
20200816,NC,144952,,1779694,,totalTestsViral,1908635,934,,289,,,,,8/16/2020 12:20,2020-08-16T12:20:00Z,08/16 08:20,2347,,116969,2020-08-16T12:20:00Z,1908635,,,144952,2347,,,,,,,,,,,,,,37,1246,19999,1924646,25652,1924646,,4,0,46b846197d1fd1a4bddbb44a5f1fdefd8854cdab,0,0,0,0,0,
20200815,NC,143706,,1759695,,totalTestsViral,1882983,1032,,320,,,,,8/15/2020 12:30,2020-08-15T12:30:00Z,08/15 08:30,2343,,116969,2020-08-15T12:30:00Z,1882983,,,143706,2343,,,,,,,,,,,,,,37,1536,24463,1903401,22856,1903401,,30,0,e8636bd9a8032e1fc37e76839689316a26ef5d67,0,0,0,0,0,
20200814,NC,142170,,1735232,,totalTestsViral,1860127,1049,,308,,,,,8/14/2020 11:50,2020-08-14T11:50:00Z,08/14 07:50,2313,,116969,2020-08-14T11:50:00Z,1860127,,,142170,2313,,,,,,,,,,,,,,37,1346,25367,1877402,30068,1877402,,26,0,9bf6045de7e13b22c98532f928497524098b5897,0,0,0,0,0,
20200813,NC,140824,,1709865,,totalTestsViral,1830059,1070,,313,,,,,8/13/2020 12:10,2020-08-13T12:10:00Z,08/13 08:10,2287,,116969,2020-08-13T12:10:00Z,1830059,,,140824,2287,,,,,,,,,,,,,,37,1763,25643,1850689,26715,1850689,,38,0,04585a417782076b881b0e5e64eb6f6d96b447ce,0,0,0,0,0,
20200812,NC,139061,,1684222,,totalTestsViral,1803344,1062,,311,,,,,8/12/2020 14:15,2020-08-12T14:15:00Z,08/12 10:15,2249,,116969,2020-08-12T14:15:00Z,1803344,,,139061,2249,,,,,,,,,,,,,,37,1166,-195381,1823283,15704,1823283,,45,0,24f690ca9020fea347758d0c5620f78021e41955,0,0,0,0,0,
20200811,NC,137895,,1879603,,totalTestsViral,1787640,1122,,329,,,,,8/11/2020 15:40,2020-08-11T15:40:00Z,08/11 11:40,2204,,116969,2020-08-11T15:40:00Z,1787640,,,137895,2204,,,,,,,,,,,,,,37,1051,14528,2017498,17137,2017498,,32,0,ea3dfa1a825629b57d03199f9c4dcf4d10e0166d,0,0,0,0,0,
20200810,NC,136844,,1865075,,totalTestsViral,1770503,1111,,317,,,,,8/10/2020 14:20,2020-08-10T14:20:00Z,08/10 10:20,2172,,105093,2020-08-10T14:20:00Z,1770503,,,136844,2172,,,,,,,,,,,,,,37,626,14745,2001919,19182,2001919,,4,0,7b64aa5dca268993b1acd4dc6c6125ec25673128,0,0,0,0,0,
20200809,NC,136218,,1850330,,totalTestsViral,1751321,1109,,315,,,,,8/9/2020 11:55,2020-08-09T11:55:00Z,08/09 07:55,2168,,105093,2020-08-09T11:55:00Z,1751321,,,136218,2168,,,,,,,,,,,,,,37,1452,15330,1986548,21031,1986548,,8,0,f445c8dda650123bd95ec74c46ccb6a3cb12324b,0,0,0,0,0,
20200808,NC,134766,,1835000,,totalTestsViral,1730290,1129,,335,,,,,8/8/2020 12:10,2020-08-08T12:10:00Z,08/08 08:10,2160,,105093,2020-08-08T12:10:00Z,1730290,,,134766,2160,,,,,,,,,,,,,,37,1954,28000,1969766,21840,1969766,,26,0,d0d1dedfe2990afc75b2963acb7c37ee8c7a7b07,0,0,0,0,0,
20200807,NC,132812,,1807000,,totalTestsViral,1708450,1123,,339,,,,,8/7/2020 12:00,2020-08-07T12:00:00Z,08/07 08:00,2134,,105093,2020-08-07T12:00:00Z,1708450,,,132812,2134,,,,,,,,,,,,,,37,1545,33517,1939812,23469,1939812,,42,0,3cc5784133802e27f3aa6e924d4c920add7ddeef,0,0,0,0,0,
20200806,NC,131267,,1773483,,totalTestsViral,1684981,1147,,333,,,,,8/6/2020 12:00,2020-08-06T12:00:00Z,08/06 08:00,2092,,105093,2020-08-06T12:00:00Z,1684981,,,131267,2092,,,,,,,,,,,,,,37,1979,29103,1904750,19558,1904750,,42,0,13e77080d426fb411f7d3d05217c8acf9615f01a,0,0,0,0,0,
20200805,NC,129288,,1744380,,totalTestsViral,1665423,1167,,346,,,,,8/5/2020 12:00,2020-08-05T12:00:00Z,08/05 08:00,2050,,105093,2020-08-05T12:00:00Z,1665423,,,129288,2050,,,,,,,,,,,,,,37,1127,18515,1873668,11613,1873668,,40,0,bbdda314514c8abb8313e06d250ddc282ecee999,0,0,0,0,0,
20200804,NC,128161,,1725865,,totalTestsViral,1653810,1166,,339,,,,,8/4/2020 12:30,2020-08-04T12:30:00Z,08/04 08:30,2010,,105093,2020-08-04T12:30:00Z,1653810,,,128161,2010,,,,,,,,,,,,,,37,1629,14987,1854026,19740,1854026,,28,0,93e8da064e8a0905c6b788c458118939761b57e7,0,0,0,0,0,
20200803,NC,126532,,1710878,,totalTestsViral,1634070,1057,,318,,,,,8/3/2020 13:10,2020-08-03T13:10:00Z,08/03 09:10,1982,,105093,2020-08-03T13:10:00Z,1634070,,,126532,1982,,,,,,,,,,,,,,37,1313,22587,1837410,23480,1837410,,13,0,a06e339962fa5ba0c40902a22ccc0b1fe57f1f1d,0,0,0,0,0,
20200802,NC,125219,,1688291,,totalTestsViral,1610590,1142,,341,,,,,8/2/2020 13:30,2020-08-02T13:30:00Z,08/02 09:30,1969,,92302,2020-08-02T13:30:00Z,1610590,,,125219,1969,,,,,,,,,,,,,,37,1341,25757,1813510,23091,1813510,,5,0,48eebc54ab937f79ea59c89885efd794bbed2948,0,0,0,0,0,
20200801,NC,123878,,1662534,,totalTestsViral,1587499,1151,,349,,,,,8/1/2020 15:45,2020-08-01T15:45:00Z,08/01 11:45,1964,,92302,2020-08-01T15:45:00Z,1587499,,,123878,1964,,,,,,,,,,,,,,37,1730,27580,1786412,23947,1786412,,40,0,57fce47128a80f6c069827cc219f279479e6eb95,0,0,0,0,0,
20200731,NC,122148,,1634954,,totalTestsViral,1563552,1229,,363,,,,,7/31/2020 11:55,2020-07-31T11:55:00Z,07/31 07:55,1924,,92302,2020-07-31T11:55:00Z,1563552,,,122148,1924,,,,,,,,,,,,,,37,1954,30224,1757102,25438,1757102,,21,0,ffed70d94de54429fce93ab67dcc3873d8508171,0,0,0,0,0,
20200730,NC,120194,,1604730,,totalTestsViral,1538114,1239,,358,,,,,7/30/2020 11:59,2020-07-30T11:59:00Z,07/30 07:59,1903,,92302,2020-07-30T11:59:00Z,1538114,,,120194,1903,,,,,,,,,,,,,,37,2344,31146,1724924,25175,1724924,,38,0,0a5d652ecd61857ffa3e2f34d3b834e9e7affdfa,0,0,0,0,0,
20200729,NC,117850,,1573584,,totalTestsViral,1512939,1291,,361,,,,,7/29/2020 12:10,2020-07-29T12:10:00Z,07/29 08:10,1865,,92302,2020-07-29T12:10:00Z,1512939,,,117850,1865,,,,,,,,,,,,,,37,1763,26131,1691434,20426,1691434,,45,0,712d64c2aa3cc362c8cf49129eae23638cc06d35,0,0,0,0,0,
20200728,NC,116087,,1547453,,totalTestsViral,1492513,1244,,364,,,,,7/28/2020 12:00,2020-07-28T12:00:00Z,07/28 08:00,1820,,92302,2020-07-28T12:00:00Z,1492513,,,116087,1820,,,,,,,,,,,,,,37,1749,26315,1663540,18738,1663540,,30,0,6d9324be5921fa178db34b6732c1a2fbae2f3e57,0,0,0,0,0,
20200727,NC,114338,,1521138,,totalTestsViral,1473775,1169,,352,,,,,7/27/2020 12:00,2020-07-27T12:00:00Z,07/27 08:00,1790,,92302,2020-07-27T12:00:00Z,1473775,,,114338,1790,,,,,,,,,,,,,,37,1625,20466,1635476,25642,1635476,,5,0,d38d17f023a6201466683133a3c3877a20bb7fe7,0,0,0,0,0,
20200726,NC,112713,,1500672,,totalTestsViral,1448133,1170,,350,,,,,7/26/2020 11:45,2020-07-26T11:45:00Z,07/26 07:45,1785,,78707,2020-07-26T11:45:00Z,1448133,,,112713,1785,,,,,,,,,,,,,,37,1621,32722,1613385,23879,1613385,,7,0,4a50e792d788d198fc2ba910989eef794905b317,0,0,0,0,0,
20200725,NC,111092,,1467950,,totalTestsViral,1424254,1168,,362,,,,,7/25/2020 13:00,2020-07-25T13:00:00Z,07/25 09:00,1778,,78707,2020-07-25T13:00:00Z,1424254,,,111092,1778,,,,,,,,,,,,,,37,2097,26648,1579042,22113,1579042,,32,0,ff1381dc982866e8c197fa14907b65b77646199a,0,0,0,0,0,
20200724,NC,108995,,1441302,,totalTestsViral,1402141,1182,,363,,,,,7/24/2020 11:45,2020-07-24T11:45:00Z,07/24 07:45,1746,,78707,2020-07-24T11:45:00Z,1402141,,,108995,1746,,,,,,,,,,,,,,37,2102,24520,1550297,26648,1550297,,20,0,e778b970ecb619ff2b7983a16db9aeeeb8ad8cad,0,0,0,0,0,
20200723,NC,106893,,1416782,,totalTestsViral,1375493,1188,,360,,,,,7/23/2020 11:50,2020-07-23T11:50:00Z,07/23 07:50,1726,,78707,2020-07-23T11:50:00Z,1375493,,,106893,1726,,,,,,,,,,,,,,37,1892,29963,1523675,25652,1523675,,28,0,b4c1ceb176eaba4b4f1a392182b6d57bb878309f,0,0,0,0,0,
20200722,NC,105001,,1386819,,totalTestsViral,1349841,1137,,338,,,,,7/22/2020 12:10,2020-07-22T12:10:00Z,07/22 08:10,1698,,78707,2020-07-22T12:10:00Z,1349841,,,105001,1698,,,,,,,,,,,,,,37,2140,30683,1491820,19982,1491820,,30,0,15015ed772a4156fdcd4e295b6c73ca4efec6c94,0,0,0,0,0,
20200721,NC,102861,,1356136,,totalTestsViral,1329859,1179,,,,,,,7/21/2020 12:00,2020-07-21T12:00:00Z,07/21 08:00,1668,,78707,2020-07-21T12:00:00Z,1329859,,,102861,1668,,,,,,,,,,,,,,37,1815,33294,1458997,21111,1458997,,26,0,2078c343654bb113207dafed84e0c5cbd43d77bb,0,0,0,0,0,
20200720,NC,101046,,1322842,,totalTestsViral,1308748,1086,,,,,,,7/20/2020 12:00,2020-07-20T12:00:00Z,07/20 08:00,1642,,78707,2020-07-20T12:00:00Z,1308748,,,101046,1642,,,,,,,,,,,,,,37,1268,27756,1423888,24440,1423888,,8,0,1f3e7dd51bae8cd8b7efa06b22e93b23dc45fc06,0,0,0,0,0,
20200719,NC,99778,,1295086,,totalTestsViral,1284308,1115,,,,,,,7/19/2020 12:00,2020-07-19T12:00:00Z,07/19 08:00,1634,,67124,2020-07-19T12:00:00Z,1284308,,,99778,1634,,,,,,,,,,,,,,37,1820,13901,1394864,25799,1394864,,5,0,34a71fd40d601bab12f6396e90539a86301ccbae,0,0,0,0,0,
20200718,NC,97958,,1281185,,totalTestsViral,1258509,1154,,,,,,,7/18/2020 12:10,2020-07-18T12:10:00Z,07/18 08:10,1629,,67124,2020-07-18T12:10:00Z,1258509,,,97958,1629,,,,,,,,,,,,,,37,2481,32688,1379143,28220,1379143,,23,0,f0bd005735661210d74a196ec4faee8e7dfe138b,0,0,0,0,0,
20200717,NC,95477,,1248497,,totalTestsViral,1230289,1180,,,,,,,7/17/2020 11:45,2020-07-17T11:45:00Z,07/17 07:45,1606,,67124,2020-07-17T11:45:00Z,1230289,,,95477,1606,,,,,,,,,,,,,,37,2051,29166,1343974,22271,1343974,,18,0,8a6379be2d5bed2d3c8b253a64448d663221a661,0,0,0,0,0,
20200716,NC,93426,,1219331,,totalTestsViral,1208018,1134,,,,,,,7/16/2020 11:25,2020-07-16T11:25:00Z,07/16 07:25,1588,,67124,2020-07-16T11:25:00Z,1208018,,,93426,1588,,,,,,,,,,,,,,37,2160,25960,1312757,23132,1312757,,20,0,ced97b3f393944ab78606e67b4feb89a2c4392c2,0,0,0,0,0,
20200715,NC,91266,,1193371,,totalTestsViral,1184886,1142,,,,,,,7/15/2020 12:00,2020-07-15T12:00:00Z,07/15 08:00,1568,,67124,2020-07-15T12:00:00Z,1184886,,,91266,1568,,,,,,,,,,,,,,37,1782,28009,1284637,23193,1284637,,16,0,b1235027fb8957316d5ddaa436ac4855a0784ac0,0,0,0,0,0,
20200714,NC,89484,,1165362,,totalTestsViral,1161693,1109,,,,,,,7/14/2020 11:30,2020-07-14T11:30:00Z,07/14 07:30,1552,,67124,2020-07-14T11:30:00Z,1161693,,,89484,1552,,,,,,,,,,,,,,37,1956,32404,1254846,18874,1254846,,42,0,268ef6ba5d7dcdb1df58cb20b6546fb65e7bbd40,0,0,0,0,0,
20200713,NC,87528,,1132958,,totalTestsViral,1142819,1040,,,,,,,7/13/2020 11:40,2020-07-13T11:40:00Z,07/13 07:40,1510,,67124,2020-07-13T11:40:00Z,1142819,,,87528,1510,,,,,,,,,,,,,,37,1827,19084,1220486,27022,1220486,,7,0,e3789a10fe9df5e65e25e5ea1e412caabd97854a,0,0,0,0,0,
20200712,NC,85701,,1113874,,totalTestsViral,1115797,1070,,,,,,,7/12/2020 11:15,2020-07-12T11:15:00Z,07/12 07:15,1503,,55318,2020-07-12T11:15:00Z,1115797,,,85701,1503,,,,,,,,,,,,,,37,1908,21609,1199575,24483,1199575,,4,0,9252c64fe708afc916fe4aca396355a627bbf48a,0,0,0,0,0,
20200711,NC,83793,,1092265,,totalTestsViral,1091314,1093,,,,,,,7/11/2020 12:00,2020-07-11T12:00:00Z,07/11 08:00,1499,,55318,2020-07-11T12:00:00Z,1091314,,,83793,1499,,,,,,,,,,,,,,37,2462,22984,1176058,22280,1176058,,20,0,6faca3b3db1d3b2714b9a770eaeb158e68284786,0,0,0,0,0,
20200710,NC,81331,,1069281,,totalTestsViral,1069034,1046,,,,,,,7/10/2020 12:00,2020-07-10T12:00:00Z,07/10 08:00,1479,,55318,2020-07-10T12:00:00Z,1069034,,,81331,1479,,,,,,,,,,,,,,37,1982,26819,1150612,23660,1150612,,18,0,b73ce03495908f874ef1dbed0d10b9b1adcb9a5c,0,0,0,0,0,
20200709,NC,79349,,1042462,,totalTestsViral,1045374,1034,,,,,,,7/9/2020 11:50,2020-07-09T11:50:00Z,07/09 07:50,1461,,55318,2020-07-09T11:50:00Z,1045374,,,79349,1461,,,,,,,,,,,,,,37,2039,23090,1121811,18338,1121811,,20,0,c005e92e0baa4d6c3982b568445f22b88fc7f813,0,0,0,0,0,
20200708,NC,77310,,1019372,,totalTestsViral,1027036,994,,,,,,,7/8/2020 11:55,2020-07-08T11:55:00Z,07/08 07:55,1441,,55318,2020-07-08T11:55:00Z,1027036,,,77310,1441,,,,,,,,,,,,,,37,1435,23957,1096682,14821,1096682,,21,0,619adf93b76422181a57b368b22d8eaee1fda982,0,0,0,0,0,
20200707,NC,75875,,995415,,totalTestsViral,1012215,989,,,,,,,7/7/2020 12:00,2020-07-07T12:00:00Z,07/07 08:00,1420,,55318,2020-07-07T12:00:00Z,1012215,,,75875,1420,,,,,,,,,,,,,,37,1346,18098,1071290,17129,1071290,,22,0,efbfe18d1d6c082397fb472f661b4fff16112387,0,0,0,0,0,
20200706,NC,74529,,977317,,totalTestsViral,995086,982,,,,,,,7/6/2020 12:00,2020-07-06T12:00:00Z,07/06 08:00,1398,,55318,2020-07-06T12:00:00Z,995086,,,74529,1398,,,,,,,,,,,,,,37,1546,13462,1051846,18885,1051846,,2,0,6a64167cfd4e22f5580151b9ef57ea3b1c2a874b,0,0,0,0,0,
20200705,NC,72983,,963855,,totalTestsViral,976201,949,,,,,,,7/5/2020 11:50,2020-07-05T11:50:00Z,07/05 07:50,1396,,45538,2020-07-05T11:50:00Z,976201,,,72983,1396,,,,,,,,,,,,,,37,1329,17213,1036838,16908,1036838,,1,0,11d62f721d14d3e11c255cbc1171174183db4b44,0,0,0,0,0,
20200704,NC,71654,,946642,,totalTestsViral,959293,945,,,,,,,7/4/2020 12:00,2020-07-04T12:00:00Z,07/04 08:00,1395,,45538,2020-07-04T12:00:00Z,959293,,,71654,1395,,,,,,,,,,,,,,37,1413,17590,1018296,20409,1018296,,3,0,15bc45ff75a27a249a47c428f72e2226705cc148,0,0,0,0,0,
20200703,NC,70241,,929052,,totalTestsViral,938884,951,,,,,,,7/3/2020 12:00,2020-07-03T12:00:00Z,07/03 08:00,1392,,45538,2020-07-03T12:00:00Z,938884,,,70241,1392,,,,,,,,,,,,,,37,2099,26074,999293,21474,999293,,1,0,0e3e56533b527a232a33f52fc00874b4e2b9e3da,0,0,0,0,0,
20200702,NC,68142,,902978,,totalTestsViral,917410,912,,,,,,,7/2/2020 12:00,2020-07-02T12:00:00Z,07/02 08:00,1391,,45538,2020-07-02T12:00:00Z,917410,,,68142,1391,,,,,,,,,,,,,,37,1629,27253,971120,21911,971120,,18,0,00a7e74d2c6231e22b2b6b60d6a0e48c70338433,0,0,0,0,0,
20200701,NC,66513,,875725,,totalTestsViral,895499,901,,,,,,,7/1/2020 12:30,2020-07-01T12:30:00Z,07/01 08:30,1373,,45538,2020-07-01T12:30:00Z,895499,,,66513,1373,,,,,,,,,,,,,,37,1843,30362,942238,18461,942238,,30,0,5f6096dc761b62a18dde9640e82b38dc8800e468,0,0,0,0,0,
20200630,NC,64670,,845363,,totalTestsViral,877038,908,,,,,,,6/30/2020 11:45,2020-06-30T11:45:00Z,06/30 07:45,1343,,45538,2020-06-30T11:45:00Z,877038,,,64670,1343,,,,,,,,,,,,,,37,1186,22542,910033,16374,910033,,18,0,d9d8bc0acd5f1baf4f415322e414774e6d9f5ce4,0,0,0,0,0,
20200629,NC,63484,,822821,,totalTestsViral,860664,843,,,,,,,6/28/2020 12:00,2020-06-28T12:00:00Z,06/28 08:00,1325,,45538,2020-06-28T12:00:00Z,860664,,,63484,1325,,,,,,,,,,,,,,37,1342,13058,886305,17548,886305,,3,0,e32d61e21e0033ed5feed33da7f49768f5a1ca86,0,0,0,0,0,
20200628,NC,62142,,809763,,totalTestsViral,843116,890,,,,,,,6/28/2020 12:00,2020-06-28T12:00:00Z,06/28 08:00,1322,,36921,2020-06-28T12:00:00Z,843116,,,62142,1322,,,,,,,,,,,,,,37,1605,15169,871905,20411,871905,,10,0,74714e92fc19d9e839f95f9bcbce67022e6419c9,0,0,0,0,0,
20200627,NC,60537,,794594,,totalTestsViral,822705,888,,,,,,,6/27/2020 12:00,2020-06-27T12:00:00Z,06/27 08:00,1312,,36921,2020-06-27T12:00:00Z,822705,,,60537,1312,,,,,,,,,,,,,,37,1719,16687,855131,19149,855131,,9,0,280f57676a7fa74e7ba0c03821eee0bae5b5f6c5,0,0,0,0,0,
20200626,NC,58818,,777907,,totalTestsViral,803556,892,,,,,,,6/26/2020 11:55,2020-06-26T11:55:00Z,06/26 07:55,1303,,36921,2020-06-26T11:55:00Z,803556,,,58818,1303,,,,,,,,,,,,,,37,1635,23812,836725,21238,836725,,19,0,3bac36bd40b56842c5b588e9502e3ee9712eb9ed,0,0,0,0,0,
20200625,NC,57183,,754095,,totalTestsViral,782318,891,,,,,,,6/25/2020 12:00,2020-06-25T12:00:00Z,06/25 08:00,1284,,36921,2020-06-25T12:00:00Z,782318,,,57183,1284,,,,,,,,,,,,,,37,1009,18984,811278,18527,811278,,18,0,c4d20238b5fda9866fd4f68bb1acbd0b99bbed50,0,0,0,0,0,
20200624,NC,56174,,735111,,totalTestsViral,763791,906,,,,,,,6/24/2020 12:00,2020-06-24T12:00:00Z,06/24 08:00,1266,,36921,2020-06-24T12:00:00Z,763791,,,56174,1266,,,,,,,,,,,,,,37,1721,15736,791285,15713,791285,,15,0,a12fb2b5efdfd3fdec26134eeeb0d4a1d4420232,0,0,0,0,0,
20200623,NC,54453,,719375,,totalTestsViral,748078,915,,,,,,,6/23/2020 11:55,2020-06-23T11:55:00Z,06/23 07:55,1251,,36921,2020-06-23T11:55:00Z,748078,,,54453,1251,,,,,,,,,,,,,,37,848,15635,773828,11253,773828,,28,0,26279e18406c17ad614ecffd56e88cf7d2980d09,0,0,0,0,0,
20200622,NC,53605,,703740,,totalTestsViral,736825,870,,,,,,,6/22/2020 11:35,2020-06-22T11:35:00Z,06/22 07:35,1223,,36921,2020-06-22T11:35:00Z,736825,,,53605,1223,,,,,,,,,,,,,,37,804,10766,757345,18129,757345,,3,0,a66406562da9a06eceec32fe76664435295c6b3d,0,0,0,0,0,
20200621,NC,52801,,692974,,totalTestsViral,718696,845,,,,,,,6/21/2020 12:00,2020-06-21T12:00:00Z,06/21 08:00,1220,,29219,2020-06-21T12:00:00Z,718696,,,52801,1220,,,,,,,,,,,,,,37,1412,13022,745775,15400,745775,,8,0,54cc8fbd6f17cfdd29b4c98d903a968f301cc05b,0,0,0,0,0,
20200620,NC,51389,,679952,,totalTestsViral,703296,883,,,,,,,6/20/2020 11:55,2020-06-20T11:55:00Z,06/20 07:55,1212,,29219,2020-06-20T11:55:00Z,703296,,,51389,1212,,,,,,,,,,,,,,37,1549,17479,731341,24377,731341,,15,0,3bf6bb547eabcde6e9225b67e22fcd695ec6cf1e,0,0,0,0,0,
20200619,NC,49840,,662473,,totalTestsViral,678919,871,,,,,,,6/19/2020 11:55,2020-06-19T11:55:00Z,06/19 07:55,1197,,29219,2020-06-19T11:55:00Z,678919,,,49840,1197,,,,,,,,,,,,,,37,1652,16983,712313,21412,712313,,22,0,ef944841f308d92bdb8cacdb83df12dedabad21e,0,0,0,0,0,
20200618,NC,48188,,645490,,totalTestsViral,657507,857,,,,,,,6/18/2020 12:00,2020-06-18T12:00:00Z,06/18 08:00,1175,,29219,2020-06-18T12:00:00Z,657507,,,48188,1175,,,,,,,,,,,,,,37,1333,24923,693678,17071,693678,,7,0,35a5b09a39e944435c6d3e94d943185974d8d3a6,0,0,0,0,0,
20200617,NC,46855,,620567,,totalTestsViral,640436,846,,,,,,,6/17/2020 12:00,2020-06-17T12:00:00Z,06/17 08:00,1168,,29219,2020-06-17T12:00:00Z,640436,,,46855,1168,,,,,,,,,,,,,,37,1002,14999,667422,13726,667422,,14,0,ee85e2cc4f9729bf4c1c010486ec5a430d4b03aa,0,0,0,0,0,
20200616,NC,45853,,605568,,totalTestsViral,626710,829,,,,,,,6/16/2020 00:00,2020-06-16T00:00:00Z,06/15 20:00,1154,,29219,2020-06-16T00:00:00Z,626710,,,45853,1154,,,,,,,,,,,,,,37,751,12191,651421,12694,651421,,36,0,7fa839ea681249b3b75fecccc7f8314ac557d626,0,0,0,0,0,
20200615,NC,45102,,593377,,totalTestsViral,614016,797,,,,,,,6/15/2020 11:40,2020-06-15T11:40:00Z,06/15 07:40,1118,,29219,2020-06-15T11:40:00Z,614016,,,45102,1118,,,,,,,,,,,,,,37,983,10366,638479,13541,638479,,9,0,c35f28cf6efb6840ee36ae9edc6c2d296a7950d3,0,0,0,0,0,
20200614,NC,44119,,583011,,totalTestsViral,600475,798,,,,,,,6/14/2020 12:00,2020-06-14T12:00:00Z,06/14 08:00,1109,,23653,2020-06-14T12:00:00Z,600475,,,44119,1109,,,,,,,,,,,,,,37,1443,13997,627130,16049,627130,,5,0,7326013af882e5b40c06580a953247a4d07146de,0,0,0,0,0,
20200613,NC,42676,,569014,,totalTestsViral,584426,823,,,,,,,6/13/2020 12:07,2020-06-13T12:07:00Z,06/13 08:07,1104,,23653,2020-06-13T12:07:00Z,584426,,,42676,1104,,,,,,,,,,,,,,37,1427,14566,611690,22126,611690,,12,0,414cb9360982bd159093c012a32d0b7fb9817856,0,0,0,0,0,
20200612,NC,41249,,554448,,totalTestsViral,562300,760,,,,,,,6/12/2020 12:12,2020-06-12T12:12:00Z,06/12 08:12,1092,,23653,2020-06-12T12:12:00Z,562300,,,41249,1092,,,,,,,,,,,,,,37,1768,21252,595697,19471,595697,,28,0,fea157b70516e23e876467f1fb707dc33c9c3b81,0,0,0,0,0,
20200611,NC,39481,,533196,,totalTestsViral,542829,812,,,,,,,6/11/2020 11:50,2020-06-11T11:50:00Z,06/11 07:50,1064,,23653,2020-06-11T11:50:00Z,542829,,,39481,1064,,,,,,,,,,,,,,37,1310,17717,572677,15356,572677,,11,0,5f54a85855b3084c7a984007b1032e2c6641450e,0,0,0,0,0,
20200610,NC,38171,,515479,,totalTestsViral,527473,780,,,,,,,6/10/2020 11:50,2020-06-10T11:50:00Z,06/10 07:50,1053,,23653,2020-06-10T11:50:00Z,527473,,,38171,1053,,,,,,,,,,,,,,37,1011,16928,553650,15719,553650,,24,0,b1508df64bbde3fe61e0ce455a9344a92c37bd73,0,0,0,0,0,
20200609,NC,37160,,498551,,totalTestsViral,511754,774,,,,,,,6/9/2020 12:00,2020-06-09T12:00:00Z,06/09 08:00,1029,,23653,2020-06-09T12:00:00Z,511754,,,37160,1029,,,,,,,,,,,,,,37,676,14922,535711,9326,535711,,23,0,e78b951b0fa13cc2145759c849c029d418f5db1c,0,0,0,0,0,
20200608,NC,36484,,483629,,totalTestsViral,502428,739,,,,,,,6/8/2020 11:30,2020-06-08T11:30:00Z,06/08 07:30,1006,,23653,2020-06-08T11:30:00Z,502428,,,36484,1006,,,,,,,,,,,,,,37,938,7949,520113,12929,520113,,10,0,b204b8b02aea9d8654415c96f714c780905810f6,0,0,0,0,0,
20200607,NC,35546,,475680,,totalTestsViral,489499,696,,,,,,,6/6/2020 11:15,2020-06-06T11:15:00Z,06/06 07:15,996,,18860,2020-06-06T11:15:00Z,489499,,,35546,996,,,,,,,,,,,,,,37,921,12955,511226,15790,511226,,4,0,6ae9d77c8fd18178197e5ec4a20fc02ff2fb5d74,0,0,0,0,0,
20200606,NC,34625,,462725,,totalTestsViral,473709,708,,,,,,,6/6/2020 11:15,2020-06-06T11:15:00Z,06/06 07:15,992,,18860,2020-06-06T11:15:00Z,473709,,,34625,992,,,,,,,,,,,,,,37,1370,13833,497350,12921,497350,,26,0,33e5420f87fd8d9612a5680e75018ac27c2103eb,0,0,0,0,0,
20200605,NC,33255,,448892,,totalTestsViral,460788,717,,,,,,,6/5/2020 12:15,2020-06-05T12:15:00Z,06/05 08:15,966,,18860,2020-06-05T12:15:00Z,460788,,,33255,966,,,,,,,,,,,,,,37,1289,12556,482147,18746,482147,,6,0,8b387b99f894750185c76b31459d37e78230dd65,0,0,0,0,0,
20200604,NC,31966,,436336,,totalTestsViral,442042,659,,,,,,,6/4/2020 12:05,2020-06-04T12:05:00Z,06/04 08:05,960,,18860,2020-06-04T12:05:00Z,442042,,,31966,960,,,,,,,,,,,,,,37,1189,17850,468302,12966,468302,,21,0,91e680b09293571b7d46c27a1e138ad890dbc74f,0,0,0,0,0,
20200603,NC,30777,,418486,,totalTestsViral,429076,684,,,,,,,6/3/2020 12:25,2020-06-03T12:25:00Z,06/03 08:25,939,,18860,2020-06-03T12:25:00Z,429076,,,30777,939,,,,,,,,,,,,,,37,888,13454,449263,12313,449263,,18,0,3fc71279ec2fec0ee25ab6b91b3b2d6de129285b,0,0,0,0,0,
20200602,NC,29889,,405032,,totalTestsViral,416763,716,,,,,,,6/2/2020 12:25,2020-06-02T12:25:00Z,06/02 08:25,921,,18860,2020-06-02T12:25:00Z,416763,,,29889,921,,,,,,,,,,,,,,37,626,12387,434921,4552,434921,,23,0,dff65be6c1703e9d1862091d5aee85d0599af6bf,0,0,0,0,0,
20200601,NC,29263,,392645,,totalTestsViral,412211,650,,,,,,,6/1/2020 10:50,2020-06-01T10:50:00Z,06/01 06:50,898,,18860,2020-06-01T10:50:00Z,412211,,,29263,898,,,,,,,,,,,,,,37,674,4945,421908,13931,421908,,12,0,5bd1b755e32f0299c97515ca5d76778fc68a6d67,0,0,0,0,0,
20200531,NC,28589,,387700,,totalTestsViral,398280,649,,,,,,,5/31/2020 11:24,2020-05-31T11:24:00Z,05/31 07:24,886,,14954,2020-05-31T11:24:00Z,398280,,,28589,886,,,,,,,,,,,,,,37,916,11216,416289,11978,416289,,9,0,4a743499a2081da100abdc97f1ee4096fc44da6e,0,0,0,0,0,
20200530,NC,27673,,376484,,totalTestsViral,386302,638,,,,,,,5/30/2020 11:20,2020-05-30T11:20:00Z,05/30 07:20,877,,14954,2020-05-30T11:20:00Z,386302,,,27673,877,,,,,,,,,,,,,,37,1185,11741,404157,16706,404157,,18,0,1aac9516514363a73ee589ae13f86358a0a695d9,0,0,0,0,0,
20200529,NC,26488,,364743,,totalTestsViral,369596,680,,,,,,,5/29/2020 10:55,2020-05-29T10:55:00Z,05/29 06:55,859,,14954,2020-05-29T10:55:00Z,369596,,,26488,859,,,,,,,,,,,,,,37,1076,14963,391231,10116,391231,,32,0,8068c7c65f73e7c3b2d673b9df2c57cf0cc913a6,0,0,0,0,0,
20200528,NC,25412,,349780,,totalTestsViral,359480,708,,,,,,,5/28/2020 10:30,2020-05-28T10:30:00Z,05/28 06:30,827,,14954,2020-05-28T10:30:00Z,359480,,,25412,827,,,,,,,,,,,,,,37,784,10252,375192,11573,375192,,33,0,743defddaf42515e527573871d69705e4cf7e717,0,0,0,0,0,
20200527,NC,24628,,339528,,totalTestsViral,347907,702,,,,,,,5/27/2020 11:00,2020-05-27T11:00:00Z,05/27 07:00,794,,14954,2020-05-27T11:00:00Z,347907,,,24628,794,,,,,,,,,,,,,,37,488,11337,364156,3571,364156,,28,0,c85f5fed71cef03140e964d3bc1573b8193772c0,0,0,0,0,0,
20200526,NC,24140,,328191,,totalTestsViral,344336,621,,,,,,,5/26/2020 11:00,2020-05-26T11:00:00Z,05/26 07:00,766,,14954,2020-05-26T11:00:00Z,344336,,,24140,766,,,,,,,,,,,,,,37,176,7465,352331,7748,352331,,12,0,ec19c01075974ccd5feee8090278f2c4e78c15a7,0,0,0,0,0,
20200525,NC,23964,,320726,,totalTestsViral,336588,627,,,,,,,5/25/2020 10:55,2020-05-25T10:55:00Z,05/25 06:55,754,,14954,2020-05-25T10:55:00Z,336588,,,23964,754,,,,,,,,,,,,,,37,742,7292,344690,7154,344690,,10,0,594ddf41702d6acf67086eeefe06c01872d28fa0,0,0,0,0,0,
20200524,NC,23222,,313434,,totalTestsViral,329434,587,,,,,,,5/24/2020 11:15,2020-05-24T11:15:00Z,05/24 07:15,744,,11637,2020-05-24T11:15:00Z,329434,,,23222,744,,,,,,,,,,,,,,37,497,6577,336656,9046,336656,,7,0,d4e3d8c79b337f6354b110010be933db97a36645,0,0,0,0,0,
20200523,NC,22725,,306857,,totalTestsViral,320388,589,,,,,,,5/23/2020 11:33,2020-05-23T11:33:00Z,05/23 07:33,737,,11637,2020-05-23T11:33:00Z,320388,,,22725,737,,,,,,,,,,,,,,37,1107,25251,329582,11829,329582,,9,0,065b17c27acdd4d2bf0e66d64a23ecefa3960c4c,0,0,0,0,0,
20200522,NC,21618,,281606,,totalTestsViral,308559,568,,,,,,,5/22/2020 10:51,2020-05-22T10:51:00Z,05/22 06:51,728,,11637,2020-05-22T10:51:00Z,308559,,,21618,728,,,,,,,,,,,,,,37,758,11821,303224,10185,303224,,12,0,8811c86cccf7dc38c43779d1d97546da96e441c2,0,0,0,0,0,
20200521,NC,20860,,269785,,totalTestsViral,298374,578,,,,,,,5/21/2020 13:50,2020-05-21T13:50:00Z,05/21 09:50,716,,11637,2020-05-21T13:50:00Z,298374,,,20860,716,,,,,,,,,,,,,,37,738,12304,290645,12313,290645,,14,0,01c422080d24a7e9ded1379ff798b0120f7e9004,0,0,0,0,0,
20200520,NC,20122,,257481,,totalTestsViral,286061,554,,,,,,,5/20/2020 12:15,2020-05-20T12:15:00Z,05/20 08:15,702,,11637,2020-05-20T12:15:00Z,286061,,,20122,702,,,,,,,,,,,,,,37,422,12173,277603,8647,277603,,11,0,cd53f9195de8fe3e84c0e9cbbfece430cc223922,0,0,0,0,0,
20200519,NC,19700,,245308,,totalTestsViral,277414,585,,,,,,,5/19/2020 14:00,2020-05-19T14:00:00Z,05/19 10:00,691,,11637,2020-05-19T14:00:00Z,277414,,,19700,691,,,,,,,,,,,,,,37,677,8576,265008,8397,265008,,30,0,da8195043ade60a523c488cb11762e0988dfa2b0,0,0,0,0,0,
20200518,NC,19023,,236732,,totalTestsViral,269017,511,,,,,,,5/18/2020 11:00,2020-05-18T11:00:00Z,05/18 07:00,661,,11637,2020-05-18T11:00:00Z,269017,,,19023,661,,,,,,,,,,,,,,37,511,6300,255755,9508,255755,,2,0,91f2c2f7c5f010762ab8b3ddfe69b86937c52f57,0,0,0,0,0,
20200517,NC,18512,,230432,,totalTestsViral,259509,493,,,,,,,5/17/2020 11:00,2020-05-17T11:00:00Z,05/17 07:00,659,,9115,2020-05-17T11:00:00Z,259509,,,18512,659,,,,,,,,,,,,,,37,530,9828,248944,10708,248944,,7,0,7917da20d76587d3d6b515e6544d867ec79371e2,0,0,0,0,0,
20200516,NC,17982,,220604,,totalTestsViral,248801,481,,,,,,,5/16/2020 11:00,2020-05-16T11:00:00Z,05/16 07:00,652,,9115,2020-05-16T11:00:00Z,248801,,,17982,652,,,,,,,,,,,,,,37,853,6186,238586,13923,238586,,11,0,2220157ad8d274123931cefec7ec52f3cfceefde,0,0,0,0,0,
20200515,NC,17129,,214418,,totalTestsViral,234878,492,,,,,,,5/15/2020 11:00,2020-05-15T11:00:00Z,05/15 07:00,641,,9115,2020-05-15T11:00:00Z,234878,,,17129,641,,,,,,,,,,,,,,37,622,11657,231547,9317,231547,,26,0,9a22408c482dbfd25cbb575390274f70f5f7a052,0,0,0,0,0,
20200514,NC,16507,,202761,,totalTestsViral,225561,507,,,,,,,5/14/2020 11:00,2020-05-14T11:00:00Z,05/14 07:00,615,,9115,2020-05-14T11:00:00Z,225561,,,16507,615,,,,,,,,,,,,,,37,691,8120,219268,7919,219268,,18,0,e6c1ba0b39d50410421c71a7c9cd378a789b276d,0,0,0,0,0,
20200513,NC,15816,,194641,,totalTestsViral,217642,521,,,,,,,5/13/2020 10:40,2020-05-13T10:40:00Z,05/13 06:40,597,,9115,2020-05-13T10:40:00Z,217642,,,15816,597,,,,,,,,,,,,,,37,470,7743,210457,6686,210457,,20,0,04a6ebfb50c1cb3f9852ea276c6253105d73830e,0,0,0,0,0,
20200512,NC,15346,,186898,,totalTestsViral,210956,475,,,,,,,5/12/2020 11:00,2020-05-12T11:00:00Z,05/12 07:00,577,,9115,2020-05-12T11:00:00Z,210956,,,15346,577,,,,,,,,,,,,,,37,301,6078,202244,2741,202244,,27,0,540bc9005a566a7a152132b8f67da7b78232db35,0,0,0,0,0,
20200511,NC,15045,,180820,,totalTestsViral,208215,464,,,,,,,5/11/2020 14:00,2020-05-11T14:00:00Z,05/11 10:00,550,,9115,2020-05-11T14:00:00Z,208215,,,15045,550,,,,,,,,,,,,,,37,281,3449,195865,5318,195865,,3,0,76adf0e2123e1e250c74c1700d1c6b909613bdc2,0,0,0,0,0,
20200510,NC,14764,,177371,,totalTestsViral,202897,442,,,,,,,5/10/2020 11:00,2020-05-10T11:00:00Z,05/10 07:00,547,,,2020-05-10T11:00:00Z,202897,,,14764,547,,,,,,,,,,,,,,37,404,5369,192135,7457,192135,,3,0,d6f3427d637c8cede09fd1091cca71a5b1e56868,0,0,0,0,0,
20200509,NC,14360,,172002,,totalTestsViral,195440,513,,,,,,,5/9/2020 10:45,2020-05-09T10:45:00Z,05/09 06:45,544,,,2020-05-09T10:45:00Z,195440,,,14360,544,,,,,,,,,,,,,,37,492,7257,186362,7917,186362,,17,0,7e839213fe7dbf8bac2801ec43507e5752c35c9a,0,0,0,0,0,
20200508,NC,13868,,164745,,totalTestsViral,187523,515,,,,,,,5/8/2020 11:00,2020-05-08T11:00:00Z,05/08 07:00,527,,,2020-05-08T11:00:00Z,187523,,,13868,527,,,,,,,,,,,,,,37,471,6814,178613,6871,178613,,20,0,2366661a168d9b020350ce622c83f52999c22403,0,0,0,0,0,
20200507,NC,13397,,157931,,totalTestsViral,180652,525,,,,,,,5/7/2020 11:00,2020-05-07T11:00:00Z,05/07 07:00,507,,,2020-05-07T11:00:00Z,180652,,,13397,507,,,,,,,,,,,,,,37,639,6207,171328,9330,171328,,30,0,a5fd6cd3657b1b4e96592e3672a041206d09a64b,0,0,0,0,0,
20200506,NC,12758,,151724,,totalTestsViral,171322,516,,,,,,,5/6/2020 10:45,2020-05-06T10:45:00Z,05/06 06:45,477,,,2020-05-06T10:45:00Z,171322,,,12758,477,,,,,,,,,,,,,,37,502,12180,164482,5972,164482,,25,0,6acef818b3809ec51613a62d0858ff6c8c9a4396,0,0,0,0,0,
20200505,NC,12256,,139544,,totalTestsViral,165350,534,,,,,,,5/5/2020 11:00,2020-05-05T11:00:00Z,05/05 07:00,452,,,2020-05-05T11:00:00Z,165350,,,12256,452,,,,,,,,,,,,,,37,408,4953,151800,2701,151800,,22,0,e03eb8d2790946714adc038043bf73745011775d,0,0,0,0,0,
20200504,NC,11848,,134591,,totalTestsViral,162649,498,,,,,,,5/4/2020 10:50,2020-05-04T10:50:00Z,05/04 06:50,430,,,2020-05-04T10:50:00Z,162649,,,11848,430,,,,,,,,,,,,,,37,184,2420,146439,5202,146439,,8,0,21a2b8eaa0a537626bd76792cf61ae19d70aa9bc,0,0,0,0,0,
20200503,NC,11664,,132171,,totalTestsViral,157447,475,,,,,,,5/3/2020 11:00,2020-05-03T11:00:00Z,05/03 07:00,422,,,2020-05-03T11:00:00Z,157447,,,11664,422,,,,,,,,,,,,,,37,155,4205,143835,5961,143835,,2,0,00878f254227a068dd727415991669cf2cf2fb66,0,0,0,0,0,
20200502,NC,11509,,127966,,totalTestsViral,151486,502,,,,,,,5/2/2020 11:00,2020-05-02T11:00:00Z,05/02 07:00,420,,,2020-05-02T11:00:00Z,151486,,,11509,,,,,,,,,,,,,,,37,586,5057,139475,5490,139475,,21,0,96816ed7c2f65be0dd8febb86ccfe1d4f4d645a0,0,0,0,0,0,
20200501,NC,10923,,122909,,totalTestsViral,145996,547,,,,,,,5/1/2020 11:00,2020-05-01T11:00:00Z,05/01 07:00,399,,,2020-05-01T11:00:00Z,145996,,,10923,,,,,,,,,,,,,,,37,414,5382,133832,6598,133832,,21,0,e84bdc39bf37cd55e1510d391a5133d19d7bc972,0,0,0,0,0,
20200430,NC,10509,,117527,,totalTestsViral,139398,546,,,,,,,4/30/2020 11:00,2020-04-30T11:00:00Z,04/30 07:00,378,,,2020-04-30T11:00:00Z,139398,,,10509,,,,,,,,,,,,,,,37,561,9035,128036,5318,128036,,24,0,7dda201867ef036f6e1c95f851188a056a8b0415,0,0,0,0,0,
20200429,NC,9948,,108492,,totalTestsViral,134080,551,,,,,,,4/29/2020 11:00,2020-04-29T11:00:00Z,04/29 07:00,354,,,2020-04-29T11:00:00Z,134080,,,9948,,,,,,,,,,,,,,,37,380,5308,118440,3751,118440,,12,0,b37b645968dbe5640084d256d0b34b0d13b7f1ea,0,0,0,0,0,
20200428,NC,9568,,103184,,totalTestsViral,130329,463,,,,,,,4/28/2020 11:00,2020-04-28T11:00:00Z,04/28 07:00,342,,,2020-04-28T11:00:00Z,130329,,,,,,,,,,,,,,,,,,37,426,2406,112752,2134,112752,,36,0,611f5634dc14dd07e5e3b731fb9f30aec36b819e,0,0,0,0,0,
20200427,NC,9142,,100778,,totalTestsViral,128195,473,,,,,,,4/27/2020 10:20,2020-04-27T10:20:00Z,04/27 06:20,306,,,2020-04-27T10:20:00Z,128195,,,,,,,,,,,,,,,,,,37,312,1714,109920,2985,109920,,7,0,1d33cb18bb66279cbd4c964976ef07412279f939,0,0,0,0,0,
20200426,NC,8830,,99064,,totalTestsViral,125210,451,,,,,,,4/26/2020 11:00,2020-04-26T11:00:00Z,04/26 07:00,299,,,2020-04-26T11:00:00Z,125210,,,,,,,,,,,,,,,,,,37,207,2422,107894,5298,107894,,10,0,ace2f8d80b121d0db2f5735cf3330d225aa9b961,0,0,0,0,0,
20200425,NC,8623,,96642,,totalTestsViral,119912,456,,,,,,,4/25/2020 11:00,2020-04-25T11:00:00Z,04/25 07:00,289,,,2020-04-25T11:00:00Z,119912,,,,,,,,,,,,,,,,,,37,571,4110,105265,4788,105265,,20,0,e440fd79b05d279de9ba963202d8b817249b7e9b,0,0,0,0,0,
20200424,NC,8052,,92532,,totalTestsViral,115124,477,,,,,,,4/24/2020 11:00,2020-04-24T11:00:00Z,04/24 07:00,269,,,2020-04-24T11:00:00Z,115124,,,,,,,,,,,,,,,,,,37,444,3955,100584,6406,100584,,16,0,7ee9d06047d5432f778c192b5668afca01aa77df,0,0,0,0,0,
20200423,NC,7608,,88577,,totalTestsViral,108718,486,,,,,,,4/23/2020 11:00,2020-04-23T11:00:00Z,04/23 07:00,253,,,2020-04-23T11:00:00Z,108718,,,,,,,,,,,,,,,,,,37,388,5461,96185,7796,96185,,11,0,12e26d6cf7cb21451120636faacfba0f73e455b2,0,0,0,0,0,
20200422,NC,7220,,83116,,totalTestsViral,100922,434,,,,,,,4/22/2020 11:00,2020-04-22T11:00:00Z,04/22 07:00,242,,,2020-04-22T11:00:00Z,100922,,,,,,,,,,,,,,,,,,37,269,6736,90336,4520,90336,,29,0,b644d25639cf2a971f47a8b51d4004a2afc0fda9,0,0,0,0,0,
20200421,NC,6951,,76380,,totalTestsViral,96402,427,,,,,,,4/21/2020 10:35,2020-04-21T10:35:00Z,04/21 06:35,213,,,2020-04-21T10:35:00Z,96402,,,,,,,,,,,,,,,,,,37,187,3660,83331,773,83331,,34,0,e24f6ed70c87165108eac904160aec1c0ac49038,0,0,0,0,0,
20200420,NC,6764,,72720,,totalTestsViral,95629,373,,,,,,,4/20/2020 10:35,2020-04-20T10:35:00Z,04/20 06:35,179,,,2020-04-20T10:35:00Z,95629,,,,,,,,,,,,,,,,,,37,271,441,79484,2592,79484,,7,0,f4a78aac30dbd48596bcf182fb8d02ab1ee0e7e6,0,0,0,0,0,
20200419,NC,6493,,72279,,totalTestsViral,93037,465,,,,,,,4/19/2020 11:00,2020-04-19T11:00:00Z,04/19 07:00,172,,,2020-04-19T11:00:00Z,93037,,,,,,,,,,,,,,,,,,37,353,2208,78772,3600,78772,,8,0,5975fc5936db42124d132a693b2a961fee69aa49,0,0,0,0,0,
20200418,NC,6140,,70071,,totalTestsViral,89437,388,,,,,,,4/18/2020 11:00,2020-04-18T11:00:00Z,04/18 07:00,164,,,2020-04-18T11:00:00Z,89437,,,,,,,,,,,,,,,,,,37,281,2949,76211,2472,76211,,12,0,83b3dd15cd405e07e1038be38c65605357198274,0,0,0,0,0,
20200417,NC,5859,,67122,,totalTestsViral,86965,429,,,,,,,4/17/2020 11:00,2020-04-17T11:00:00Z,04/17 07:00,152,,,2020-04-17T11:00:00Z,86965,,,,,,,,,,,,,,,,,,37,394,1670,72981,3576,72981,,21,0,01cb182c69f151370c369fa7ca588e38a9320d2b,0,0,0,0,0,
20200416,NC,5465,,65452,,totalTestsViral,83389,452,,,,,,,4/16/2020 10:45,2020-04-16T10:45:00Z,04/16 06:45,131,,,2020-04-16T10:45:00Z,83389,,,,,,,,,,,,,,,,,,37,342,2748,70917,3215,70917,,14,0,04b7e97948d80ba15cc13e721fbc1ddc18495269,0,0,0,0,0,
20200415,NC,5123,,62704,,totalTestsViral,80174,431,,,,,,,4/15/2020 11:00,2020-04-15T11:00:00Z,04/15 07:00,117,,,2020-04-15T11:00:00Z,80174,,,,,,,,,,,,,,,,,,37,99,2689,67827,1968,67827,,9,0,af20a127f7a9fa4a85d40cc826b359a81bc02a3f,0,0,0,0,0,
20200414,NC,5024,,60015,,totalTestsViral,78206,418,,,,,,,4/14/2020 11:00,2020-04-14T11:00:00Z,04/14 07:00,108,,,2020-04-14T11:00:00Z,78206,,,,,,,,,,,,,,,,,,37,208,1443,65039,1298,65039,,22,0,2a2e56f152636cdff5f60acd2bf3bbd49e5f4935,0,0,0,0,0,
20200413,NC,4816,,58572,,totalTestsViral,76908,313,,,,,,,4/13/2020 11:00,2020-04-13T11:00:00Z,04/13 07:00,86,,,2020-04-13T11:00:00Z,76908,,,,,,,,,,,,,,,,,,37,296,953,63388,7999,63388,,5,0,58747ad2d0c8bf04e63866a610a8d6a8537c4975,0,0,0,0,0,
20200412,NC,4520,,57619,,totalTestsViral,68909,331,,,,,,,4/12/2020 10:45,2020-04-12T10:45:00Z,04/12 06:45,81,,,2020-04-12T10:45:00Z,68909,,,,,,,,,,,,,,,,,,37,208,1538,62139,2875,62139,,1,0,5d8064fb2ee83d3d02b6d15f02232fa10bb8351f,0,0,0,0,0,
20200411,NC,4312,,56081,,totalTestsViral,66034,362,,,,,,,4/11/2020 11:00,2020-04-11T11:00:00Z,04/11 07:00,80,,,2020-04-11T11:00:00Z,66034,,,,,,,,,,,,,,,,,,37,404,2344,60393,10211,60393,,6,0,c872f82906534c04a11376253ab7bf30ca431221,0,0,0,0,0,
20200410,NC,3908,,53737,,totalTestsViral,55823,423,,,,,,,4/10/2020 11:00,2020-04-10T11:00:00Z,04/10 07:00,74,,,2020-04-10T11:00:00Z,55823,,,,,,,,,,,,,,,,,,37,257,9579,57645,5262,57645,,9,0,b7972c8bf3d432a9f8464942c3aa3a23d249ab2e,0,0,0,0,0,
20200409,NC,3651,,44158,,totalTestsViral,50561,398,,,,,,,4/9/2020 11:00,2020-04-09T11:00:00Z,04/09 07:00,65,,,2020-04-09T11:00:00Z,50561,,,,,,,,,,,,,,,,,,37,225,4597,47809,2431,47809,,12,0,e7baa4f1990229463fcafbed7a2b87ea241e4bc5,0,0,0,0,0,
20200408,NC,3426,,39561,,totalTestsViral,48130,386,,,,,,,4/8/2020 11:00,2020-04-08T11:00:00Z,04/08 07:00,53,,,2020-04-08T11:00:00Z,48130,,,,,,,,,,,,,,,,,,37,205,1700,42987,913,42987,,7,0,f0cc271900540e956493e6839e16bafbcefe51b7,0,0,0,0,0,
20200407,NC,3221,,37861,,totalTestsViral,47217,354,,,,,,,4/7/2020 10:15,2020-04-07T10:15:00Z,04/07 06:15,46,,,2020-04-07T10:15:00Z,47217,,,,,,,,,,,,,,,,,,37,351,5,41082,852,41082,,13,0,c5f3be3d680e39fd98249665a90aa7ba9b049a25,0,0,0,0,0,
20200406,NC,2870,,37856,,totalTestsViral,46365,270,,,,,,,4/6/2020 11:00,2020-04-06T11:00:00Z,04/06 07:00,33,,,2020-04-06T11:00:00Z,46365,,,,,,,,,,,,,,,,,,37,285,396,40726,1343,40726,,2,0,4170a8d6ba1c5833ab8e345a4e577db22f764af9,0,0,0,0,0,
20200405,NC,2585,,37460,,totalTestsViral,45022,261,,,,,,,4/5/2020 11:00,2020-04-05T11:00:00Z,04/05 07:00,31,,,2020-04-05T11:00:00Z,45022,,,,,,,,,,,,,,,,,,37,183,1089,40045,7629,40045,,7,0,8ec25ddca98e21b5cb35b3644e2be7292da0a42b,0,0,0,0,0,
20200404,NC,2402,,36371,,totalTestsViral,37393,271,,,,,,,4/4/2020 11:00,2020-04-04T11:00:00Z,04/04 07:00,24,,,2020-04-04T11:00:00Z,37393,,,,,,,,,,,,,,,,,,37,309,6866,38773,3404,38773,,5,0,b672d049fc2e2b1187c587bd8b2c853c1adae6b5,0,0,0,0,0,
20200403,NC,2093,,29505,,totalTestsViral,33989,184,,,,,,,4/3/2020 13:55,2020-04-03T13:55:00Z,04/03 09:55,19,,,2020-04-03T13:55:00Z,33989,,,,,,,,,,,,,,,,,,37,236,2683,31598,2883,31598,,3,0,f5a5e1731fe5c037c343e80f2a3effe5b3bcb4b4,0,0,0,0,0,
20200402,NC,1857,,26822,,totalTestsViral,31106,184,,,,,,,4/2/2020 14:00,2020-04-02T14:00:00Z,04/02 10:00,16,,,2020-04-02T14:00:00Z,31106,,,,,,,,,,,,,,,,,,37,273,2163,28679,3435,28679,,6,0,5066e3ab2265197f56ad49eecb2f20cf5c9ca4a5,0,0,0,0,0,
20200401,NC,1584,,24659,,totalTestsViral,27671,204,,,,,,,4/1/2020 11:00,2020-04-01T11:00:00Z,04/01 07:00,10,,,2020-04-01T11:00:00Z,27671,,,,,,,,,,,,,,,,,,37,86,3051,26243,2787,26243,,2,0,77c4a8721e27be1fe5e108fc7d34984b7b179b4e,0,0,0,0,0,
20200331,NC,1498,,21608,,totalTestsViral,24884,157,,,,,,,3/31/2020 09:05,2020-03-31T09:05:00Z,03/31 05:05,8,,,2020-03-31T09:05:00Z,24884,,,,,,,,,,,,,,,,,,37,191,2051,23106,2082,23106,,2,0,dd674de8f8bc23a9a4a8e4c7e4b2151551c072d2,0,0,0,0,0,
20200330,NC,1307,,19557,,totalTestsViral,22802,137,,,,,,,3/30/2020 11:00,2020-03-30T11:00:00Z,03/30 07:00,6,,,2020-03-30T11:00:00Z,22802,,,,,,,,,,,,,,,,,,37,267,1652,20864,1638,20864,,2,0,ce19cd8f17ea836837bae438e4c1c1c81e94a01b,0,0,0,0,0,
20200329,NC,1040,,17905,,totalTestsViral,21164,91,,,,,,,3/29/2020 10:35,2020-03-29T10:35:00Z,03/29 06:35,4,,,2020-03-29T10:35:00Z,21164,,,,,,,,,,,,,,,,,,37,105,1313,18945,2910,18945,,0,0,77cb5c0bce483a0c8b562a179dd47e2a4e6e64fd,0,0,0,0,0,
20200328,NC,935,,16592,,totalTestsViral,18254,87,,,,,,,3/28/2020 10:55,2020-03-28T10:55:00Z,03/28 06:55,4,,,2020-03-28T10:55:00Z,18254,,,,,,,,,,,,,,,,,,37,172,2219,17527,2667,17527,,1,0,426723445e4a76ee2afc60d98448fe470ae653fa,0,0,0,0,0,
20200327,NC,763,,14373,,totalTestsViral,15587,77,,,,,,,3/27/2020 11:40,2020-03-27T11:40:00Z,03/27 07:40,3,,,2020-03-27T11:40:00Z,15587,,,,,,,,,,,,,,,,,,37,127,2099,15136,2793,15136,,1,0,5b9fcbdf68eb0a10a3e865643b9eb0506f95abc3,0,0,0,0,0,
20200326,NC,636,,12274,,totalTestsViral,12794,29,,,,,,,3/26/2020 12:36,2020-03-26T12:36:00Z,03/26 08:36,2,,,2020-03-26T12:36:00Z,12794,,,,,,,,,,,,,,,,,,37,132,2289,12910,2446,12910,,1,0,5c87d020d4fcf60d9d7a9a7f023936d3905cb55a,0,0,0,0,0,
20200325,NC,504,,9985,,totalTestsViral,10348,29,,,,,,,3/25/2020 16:30,2020-03-25T16:30:00Z,03/25 12:30,1,,,2020-03-25T16:30:00Z,10348,,,,,,,,,,,,,,,,,,37,106,1844,10489,529,10489,,1,0,8b8ec82f3853b563b109c5008060b9aa826fc41f,0,0,0,0,0,
20200324,NC,398,,8141,,totalTestsViral,9819,,,,,,,,3/24/2020 09:45,2020-03-24T09:45:00Z,03/24 05:45,0,,,2020-03-24T09:45:00Z,9819,,,,,,,,,,,,,,,,,,37,101,0,8539,2163,8539,,0,0,3f46cebca3cb84a2dfdb43d072b645c90c113f0d,0,0,0,0,0,
20200323,NC,297,,8141,,totalTestsViral,7656,,,,,,,,3/23/2020 15:00,2020-03-23T15:00:00Z,03/23 11:00,0,,,2020-03-23T15:00:00Z,7656,,,,,,,,,,,,,,,,,,37,42,1958,8438,1389,8438,,0,0,00455e6bcab647452badcb19b1f07060da5d15d7,0,0,0,0,0,
20200322,NC,255,,6183,,totalTestsViral,6267,,,,,,,,3/22/2020 10:16,2020-03-22T10:16:00Z,03/22 06:16,0,,,2020-03-22T10:16:00Z,6267,,,,,,,,,,,,,,,,,,37,71,1091,6438,2192,6438,,0,0,7aea2823aa83811bc097f1dc954fe3ebda4cb3b1,0,0,0,0,0,
20200321,NC,184,,5092,,totalTestsViral,4075,,,,,,,,3/21/2020 10:30,2020-03-21T10:30:00Z,03/21 06:30,0,,,2020-03-21T10:30:00Z,4075,,,,,,,,,,,,,,,,,,37,47,1996,5276,943,5276,,0,0,ca30d0d4d249eb155c6d58d9a95893d4cf491043,0,0,0,0,0,
20200320,NC,137,,3096,,totalTestsViral,3132,,,,,,,,3/20/2020 09:35,2020-03-20T09:35:00Z,03/20 05:35,0,,,2020-03-20T09:35:00Z,3132,,,,,,,,,,,,,,,,,,37,40,688,3233,1696,3233,,0,0,23294555a68ac8bcda5c65b7aa6ef94e7af4239d,0,0,0,0,0,
20200319,NC,97,,2408,,totalTestsViral,1436,,,,,,,,3/19/2020 09:45,2020-03-19T09:45:00Z,03/19 05:45,0,,,2020-03-19T09:45:00Z,1436,,,,,,,,,,,,,,,,,,37,34,621,2505,205,2505,,0,0,639b19d56bb3191b2b6623e09a819c271ce69165,0,0,0,0,0,
20200318,NC,63,,1787,,totalTestsViral,1231,,,,,,,,3/18/2020 10:44,2020-03-18T10:44:00Z,03/18 06:44,0,,,2020-03-18T10:44:00Z,1231,,,,,,,,,,,,,,,,,,37,23,1313,1850,295,1850,,0,0,e1288ed3098b2a359329f98a64ce555dcf6316ee,0,0,0,0,0,
20200317,NC,40,,474,,totalTestsViral,936,,,,,,,,3/17/2020 08:51,2020-03-17T08:51:00Z,03/17 04:51,0,,,2020-03-17T08:51:00Z,936,,,,,,,,,,,,,,,,,,37,7,178,514,936,514,,0,0,ad036673be9c25160703339c5ea31d1316932115,0,0,0,0,0,
20200316,NC,33,,296,151,totalTestsViral,,,,,,,,,3/16/2020 15:33,2020-03-16T15:33:00Z,03/16 11:33,0,,,2020-03-16T15:33:00Z,,,,,,,,,,,,,,,,,,,37,1,69,480,0,329,,0,0,f62a9d757de25986ab4dc0b48d568119be974ee6,0,0,0,0,0,
20200315,NC,32,,227,151,totalTestsViral,,,,,,,,,3/15/2020 10:30,2020-03-15T10:30:00Z,03/15 06:30,,,,2020-03-15T10:30:00Z,,,,,,,,,,,,,,,,,,,37,9,90,410,0,259,,0,0,028a8e88aea503ab5e8915c1f887b27d398a08b3,0,0,0,0,0,
20200314,NC,23,,137,,totalTestsViral,,,,,,,,,3/14/2020 12:00,2020-03-14T12:00:00Z,03/14 08:00,,,,2020-03-14T12:00:00Z,,,,,,,,,,,,,,,,,,,37,8,51,160,0,160,,0,0,c428641c2d069d79425fda5b03b776ec955b50a1,0,0,0,0,0,
20200313,NC,15,,86,,totalTestsViral,,,,,,,,,3/13/2020 08:45,2020-03-13T08:45:00Z,03/13 04:45,,,,2020-03-13T08:45:00Z,,,,,,,,,,,,,,,,,,,37,3,26,101,0,101,,0,0,3b40ce7625ffb8b6f3e74f5c6237053d29aff4b9,0,0,0,0,0,
20200312,NC,12,,60,,totalTestsViral,,,,,,,,,3/12/2020 08:00,2020-03-12T08:00:00Z,03/12 04:00,,,,2020-03-12T08:00:00Z,,,,,,,,,,,,,,,,,,,37,5,60,72,0,72,,0,0,9d094cc46189fe4b85c2161e3ff7e3bac9feb4d8,0,0,0,0,0,
20200311,NC,7,,,,totalTestsViral,,,,,,,,,,,,,,,,,,,,,,,,,,,,,,,,,,37,0,0,7,0,7,,0,0,a82f8d8903c63ad13fdcdd5d22d137ddfaea9ebf,0,0,0,0,0,
20200310,NC,7,,,,totalTestsViral,,,,,,,,,,,,,,,,,,,,,,,,,,,,,,,,,,37,5,0,7,0,7,,0,0,c0e02b228c8f5c7cf58d83e796529b12d770bf47,0,0,0,0,0,
20200309,NC,2,,,,totalTestsViral,,,,,,,,,,,,,,,,,,,,,,,,,,,,,,,,,,37,0,0,2,0,2,,0,0,355b2d64f2e0e2e61bcef0170033e44e696be77c,0,0,0,0,0,
20200308,NC,2,,,,totalTestsViral,,,,,,,,,,,,,,,,,,,,,,,,,,,,,,,,,,37,0,0,2,0,2,,0,0,131b4ff788de1965e243d9819c78eec86f6890dc,0,0,0,0,0,
20200307,NC,2,,,,totalTestsViral,,,,,,,,,,,,,,,,,,,,,,,,,,,,,,,,,,37,0,0,2,0,2,,0,0,20b5b740bb015250292df77cf189ead80de16bc4,0,0,0,0,0,
20200306,NC,2,,,,totalTestsViral,,,,,,,,,,,,,,,,,,,,,,,,,,,,,,,,,,37,1,0,2,0,2,,0,0,a2d6aa96ae87ae004fc5ecd60959023073bb5de6,0,0,0,0,0,
20200305,NC,1,,,,totalTestsViral,,,,,,,,,,,,,,,,,,,,,,,,,,,,,,,,,,37,0,0,1,0,1,,0,0,98454f8d9816a213f296f25f44f70d808761b3a9,0,0,0,0,0,
20200304,NC,1,,,,totalTestsViral,,,,,,,,,,,,,,,,,,,,,,,,,,,,,,,,,,37,0,0,1,0,1,,0,0,e72208f5f35e2e6f7620478e8bead7608280f496,0,0,0,0,0,
