date,state,positive,probableCases,negative,pending,totalTestResultsSource,totalTestResults,hospitalizedCurrently,hospitalizedCumulative,inIcuCurrently,inIcuCumulative,onVentilatorCurrently,onVentilatorCumulative,recovered,dataQualityGrade,lastUpdateEt,dateModified,checkTimeEt,death,hospitalized,dateChecked,totalTestsViral,positiveTestsViral,negativeTestsViral,positiveCasesViral,deathConfirmed,deathProbable,totalTestEncountersViral,totalTestsPeopleViral,totalTestsAntibody,positiveTestsAntibody,negativeTestsAntibody,totalTestsPeopleAntibody,positiveTestsPeopleAntibody,negativeTestsPeopleAntibody,totalTestsPeopleAntigen,positiveTestsPeopleAntigen,totalTestsAntigen,positiveTestsAntigen,fips,positiveIncrease,negativeIncrease,total,totalTestResultsIncrease,posNeg,deathIncrease,hospitalizedIncrease,hash,commercialScore,negativeRegularScore,negativeScore,positiveScore,score,grade
20210131,VA,504779,100310,,284,totalTestEncountersViral,5234155,2516,21409,496,,315,,40322,A+,1/30/2021 17:00,2021-01-30T17:00:00Z,01/30 12:00,6464,21409,2021-01-30T17:00:00Z,,496769,,404469,5657,807,5234155,,207762,22763,,,,,,,1057980,102362,51,2558,0,505063,23920,504779,15,32,b0997359de33adcf73883d6b2c3beb8a5b137912,0,0,0,0,0,
20210130,VA,502221,99689,,293,totalTestEncountersViral,5210235,2632,21377,507,,311,,39192,A+,1/29/2021 17:00,2021-01-29T17:00:00Z,01/29 12:00,6449,21377,2021-01-29T17:00:00Z,,494447,,402532,5646,803,5210235,,207415,22695,,,,,,,1051469,101679,51,4309,0,502514,30033,502221,70,136,9ad7830eb22b4e85c1d8c6a64695079aa53b169f,0,0,0,0,0,
20210129,VA,497912,98335,,265,totalTestEncountersViral,5180202,2691,21241,511,,309,,38947,A+,1/28/2021 17:00,2021-01-28T17:00:00Z,01/28 12:00,6379,21241,2021-01-28T17:00:00Z,,490721,,399577,5606,773,5180202,,206752,22451,,,,,,,1032759,100480,51,4238,0,498177,33217,497912,71,128,49491be368176676995bbe3e7b1aefabdc5e137f,0,0,0,0,0,
20210128,VA,493674,97234,,267,totalTestEncountersViral,5146985,2706,21113,515,,322,,38597,A+,1/27/2021 17:00,2021-01-27T17:00:00Z,01/27 12:00,6308,21113,2021-01-27T17:00:00Z,,482836,,396440,5566,742,5146985,,205994,21940,,,,,,,1022074,97871,51,5121,0,493941,34288,493674,80,127,5052dbeb83187d7143665523a0f1c6244140d8e3,0,0,0,0,0,
20210127,VA,488553,95618,,314,totalTestEncountersViral,5112697,2868,20986,537,,332,,37823,A+,1/26/2021 17:00,2021-01-26T17:00:00Z,01/26 12:00,6228,20986,2021-01-26T17:00:00Z,,482836,,392935,5489,739,5112697,,205175,21940,,,,,,,1005293,97871,51,5227,0,488867,33386,488553,54,126,3bb0be0e731c02ef87b9dc9e9611cd438a47d368,0,0,0,0,0,
20210126,VA,483326,94067,,280,totalTestEncountersViral,5079311,2847,20860,539,,316,,37527,A+,1/25/2021 17:00,2021-01-25T17:00:00Z,01/25 12:00,6174,20860,2021-01-25T17:00:00Z,,478535,,389259,5442,732,5079311,,204758,21809,,,,,,,987681,96316,51,4707,0,483606,22879,483326,93,96,2a5a6dcf85503abacb66b4171c12cdf27eb14836,0,0,0,0,0,
20210125,VA,478619,92727,,320,totalTestEncountersViral,5056432,2892,20764,554,,324,,37191,A+,1/24/2021 17:00,2021-01-24T17:00:00Z,01/24 12:00,6081,20764,2021-01-24T17:00:00Z,,474962,,385892,5363,718,5056432,,203887,21577,,,,,,,973893,95014,51,6172,0,478939,49382,478619,3,52,9510296b30f61ec025b50332e0c614e9aa7d95b8,0,0,0,0,0,
20210124,VA,472447,91006,,310,totalTestEncountersViral,5007050,2850,20712,546,,329,,37076,A+,1/23/2021 17:00,2021-01-23T17:00:00Z,01/23 12:00,6078,20712,2021-01-23T17:00:00Z,,469204,,381441,5361,717,5007050,,203229,21379,,,,,,,964092,93794,51,3792,0,472757,29079,472447,-1,58,31f6f92285ec0fee588b04a5cc4545ca3d60df9a,0,0,0,0,0,
20210123,VA,468655,89966,,312,totalTestEncountersViral,4977971,2927,20654,567,,320,,36817,A+,1/22/2021 17:00,2021-01-22T17:00:00Z,01/22 12:00,6079,20654,2021-01-22T17:00:00Z,,465744,,378689,5334,745,4977971,,202226,21064,,,,,,,953844,92343,51,4904,0,468967,29486,468655,77,110,47caa8afd97c9609f5262d83096fb38b6485102a,0,0,0,0,0,
20210122,VA,463751,88843,,309,totalTestEncountersViral,4948485,2972,20544,509,,332,,36577,A+,1/21/2021 17:00,2021-01-21T17:00:00Z,01/21 12:00,6002,20544,2021-01-21T17:00:00Z,,462102,,374908,5269,733,4948485,,201866,20963,,,,,,,937337,91219,51,4147,0,464060,24875,463751,62,139,b954eea3fdf21bae2e6bc1c3837f39772e4e5f00,0,0,0,0,0,
20210121,VA,459604,87388,,306,totalTestEncountersViral,4923610,3011,20405,545,,337,,36379,A+,1/20/2021 17:00,2021-01-20T17:00:00Z,01/20 12:00,5940,20405,2021-01-20T17:00:00Z,,458335,,372216,5211,729,4923610,,200759,20541,,,,,,,924129,89831,51,4013,0,459910,24529,459604,79,174,65c713e4768dc37b2225e9872cd64c02ea48748d,0,0,0,0,0,
20210120,VA,455591,86535,,339,totalTestEncountersViral,4899081,3098,20231,554,,338,,36103,A+,1/19/2021 17:00,2021-01-19T17:00:00Z,01/19 12:00,5861,20231,2021-01-19T17:00:00Z,,455305,,369056,5137,724,4899081,,200591,20484,,,,,,,913437,89046,51,4515,0,455930,20924,455591,63,165,f61ad39cb8c566e173534d94f8348720fbc26634,0,0,0,0,0,
20210119,VA,451076,84917,,350,totalTestEncountersViral,4878157,3173,20066,588,,347,,35752,A+,1/18/2021 17:00,2021-01-18T17:00:00Z,01/18 12:00,5798,20066,2021-01-18T17:00:00Z,,452111,,366159,5084,714,4878157,,199956,20314,,,,,,,899414,87697,51,4526,0,451426,25428,451076,59,84,af5c42b8bab1f48af935322814dab801e8002d04,0,0,0,0,0,
20210118,VA,446550,83818,,372,totalTestEncountersViral,4852729,3151,19982,584,,354,,35476,A+,1/17/2021 17:00,2021-01-17T17:00:00Z,01/17 12:00,5739,19982,2021-01-17T17:00:00Z,,448402,,362732,5042,697,4852729,,199429,20179,,,,,,,882070,86391,51,7245,0,446922,45333,446550,10,69,5e61bd1490278ed6b99459d2ab860ea6aad13de7,0,0,0,0,0,
20210117,VA,439305,81960,,319,totalTestEncountersViral,4807396,3058,19913,566,,339,,35276,A+,1/16/2021 17:00,2021-01-16T17:00:00Z,01/16 12:00,5729,19913,2021-01-16T17:00:00Z,,442196,,357345,5037,692,4807396,,198429,19910,,,,,,,872919,84857,51,9914,0,439624,42583,439305,23,67,de61d5d9c044d2a270c8a505fc879c3bc30c5d1a,0,0,0,0,0,
20210116,VA,429391,77421,,327,totalTestEncountersViral,4764813,3119,19846,561,,354,,35095,A+,1/15/2021 17:00,2021-01-15T17:00:00Z,01/15 12:00,5706,19846,2021-01-15T17:00:00Z,,437141,,351970,5016,690,4764813,,197591,19647,,,,,,,852859,80504,51,6757,0,429718,34133,429391,50,105,753f3d106af143f35e67dc89ed4e86689b049113,0,0,0,0,0,
20210115,VA,422634,75717,,342,totalTestEncountersViral,4730680,3147,19741,580,,362,,34805,A+,1/14/2021 17:00,2021-01-14T17:00:00Z,01/14 12:00,5656,19741,2021-01-14T17:00:00Z,,432556,,346917,4982,674,4730680,,196733,19422,,,,,,,836380,79389,51,4795,0,422976,23966,422634,30,146,3bcef4bbad045e174d2006502a2d2c50cd8fc2d7,0,0,0,0,0,
20210114,VA,417839,74535,,376,totalTestEncountersViral,4706714,3196,19595,583,,366,,34013,A+,1/13/2021 17:00,2021-01-13T17:00:00Z,01/13 12:00,5626,19595,2021-01-13T17:00:00Z,,429112,,343304,4952,674,4706714,,196019,19240,,,,,,,822044,78154,51,5294,0,418215,32084,417839,74,125,c131cf069bf9446fd51a1a312325b31738d543f8,0,0,0,0,0,
20210113,VA,412545,73077,,400,totalTestEncountersViral,4674630,3209,19470,587,,362,,33798,A+,1/12/2021 17:00,2021-01-12T17:00:00Z,01/12 12:00,5552,19470,2021-01-12T17:00:00Z,,424808,,339468,4892,660,4674630,,195642,19128,,,,,,,808831,76731,51,4598,0,412945,33663,412545,75,144,853b84ed7f24ae04d64b9978d1d9d5fac9663182,0,0,0,0,0,
20210112,VA,407947,71744,,407,totalTestEncountersViral,4640967,3185,19326,582,,349,,33562,A+,1/11/2021 17:00,2021-01-11T17:00:00Z,01/11 12:00,5477,19326,2021-01-11T17:00:00Z,,419898,,336203,4833,644,4640967,,194986,18945,,,,,,,793498,75090,51,4561,0,408354,19827,407947,84,144,94fcba4e824450b3767a4c4a927a048ac79f4126,0,0,0,0,0,
20210111,VA,403386,70656,,403,totalTestEncountersViral,4621140,3117,19182,571,,352,,33142,A+,1/10/2021 17:00,2021-01-10T17:00:00Z,01/10 12:00,5393,19182,2021-01-10T17:00:00Z,,416129,,332730,4758,635,4621140,,194816,18887,,,,,,,778957,73676,51,4530,0,403789,32988,403386,10,87,5fa9c0c8c0d711a21f45ad9b081545e8e28a5676,0,0,0,0,0,
20210110,VA,398856,69671,,374,totalTestEncountersViral,4588152,3060,19095,553,,348,,32998,A+,1/9/2021 17:00,2021-01-09T17:00:00Z,01/09 12:00,5383,19095,2021-01-09T17:00:00Z,,411465,,329185,4749,634,4588152,,193731,18644,,,,,,,772466,70387,51,5141,0,399230,50192,398856,2,70,df482695a5a61978b0a73cfb32ee04e44e2a7c4b,0,0,0,0,0,
20210109,VA,393715,68198,,321,totalTestEncountersViral,4537960,3032,19025,565,,348,,32833,A+,1/8/2021 17:00,2021-01-08T17:00:00Z,01/08 12:00,5381,19025,2021-01-08T17:00:00Z,,404268,,325517,4748,633,4537960,,193186,18516,,,,,,,763167,70186,51,5798,0,394036,37958,393715,69,107,55023ca0690fa80de4d40edf35e5ea071189f4e2,0,0,0,0,0,
20210108,VA,387917,66745,,298,totalTestEncountersViral,4500002,2991,18918,547,,351,,32595,A+,1/7/2021 17:00,2021-01-07T17:00:00Z,01/07 12:00,5312,18918,2021-01-07T17:00:00Z,,398661,,321172,4681,631,4500002,,191817,18259,,,,,,,761716,68458,51,5238,0,388215,36234,387917,37,128,9749cdb74b9dc4549b47cd5410eede72b51a6ed4,0,0,0,0,0,
20210107,VA,382679,65556,,337,totalTestEncountersViral,4463768,3000,18790,568,,366,,32368,A+,1/6/2021 17:00,2021-01-06T17:00:00Z,01/06 12:00,5275,18790,2021-01-06T17:00:00Z,,392694,,317123,4646,629,4463768,,191056,18068,,,,,,,746104,66883,51,5379,0,383016,35557,382679,49,154,23336f12c7d71f5dd32633eef422d4906a96a3fc,0,0,0,0,0,
20210106,VA,377300,63951,,307,totalTestEncountersViral,4428211,2925,18636,537,,357,,32101,A+,1/5/2021 17:00,2021-01-05T17:00:00Z,01/05 12:00,5226,18636,2021-01-05T17:00:00Z,,386635,,313349,4604,622,4428211,,190313,17863,,,,,,,734696,65180,51,5387,0,377607,23570,377300,35,110,a859cbbd51cd252718e34ea1625724dd948e34e8,0,0,0,0,0,
20210105,VA,371913,62254,,310,totalTestEncountersViral,4404641,2918,18526,558,,337,,31735,A+,1/4/2021 17:00,2021-01-04T17:00:00Z,01/04 12:00,5191,18526,2021-01-04T17:00:00Z,,382344,,309659,4572,619,4404641,,189835,17753,,,,,,,721628,63223,51,4377,0,372223,21164,371913,59,139,dd669f3537bca6e88fc28506ddedc67bb1dd81d8,0,0,0,0,0,
20210104,VA,367536,60919,,332,totalTestEncountersViral,4383477,2765,18387,563,,339,,31561,A+,1/3/2021 17:00,2021-01-03T17:00:00Z,01/03 12:00,5132,18387,2021-01-03T17:00:00Z,,378485,,306617,4522,610,4383477,,189476,17687,,,,,,,700852,60888,51,3771,0,367868,17997,367536,8,77,c354c75bf77532b0b887a7f25e02fef4f72fb4c0,0,0,0,0,0,
20210103,VA,363765,59884,,306,totalTestEncountersViral,4365480,2708,18310,557,,344,,31368,A+,1/2/2021 17:00,2021-01-02T17:00:00Z,01/02 12:00,5124,18310,2021-01-02T17:00:00Z,,375690,,303881,4516,608,4365480,,189200,17625,,,,,,,695855,59684,51,5010,0,364071,27541,363765,7,70,132b2c71483c01b09211d82ec291c1d70c4a892a,0,0,0,0,0,
20210102,VA,358755,58792,,309,totalTestEncountersViral,4337939,2710,18240,557,,335,,31182,A+,1/1/2021 17:00,2021-01-01T17:00:00Z,01/01 12:00,5117,18240,2021-01-01T17:00:00Z,,371576,,299963,4509,608,4337939,,188540,17481,,,,,,,690483,58336,51,3989,0,359064,46619,358755,36,74,3051c6fa12263acdfabecaf486f0bbc0dd0555e5,0,0,0,0,0,
20210101,VA,354766,57713,,340,totalTestEncountersViral,4291320,2754,18166,557,,322,,30964,A+,12/31/2020 17:00,2020-12-31T17:00:00Z,12/31 12:00,5081,18166,2020-12-31T17:00:00Z,,364782,,297053,4478,603,4291320,,187996,17347,,,,,,,685608,57410,51,5182,0,355106,35329,354766,49,125,9e12ea445df8e8af19b108b6aa1035cba977ec95,0,0,0,0,0,
20201231,VA,349584,56138,,356,totalTestEncountersViral,4255991,2744,18041,525,,328,,30707,A+,12/30/2020 17:00,2020-12-30T17:00:00Z,12/30 12:00,5032,18041,2020-12-30T17:00:00Z,,359589,,293446,4437,595,4255991,,187352,17177,,,,,,,671049,55902,51,5239,0,349940,35048,349584,48,131,8b176ed244081b24be10ec7875a0b864c554f0b4,0,0,0,0,0,
20201230,VA,344345,54613,,341,totalTestEncountersViral,4220943,2707,17910,553,,330,,30444,A+,12/29/2020 17:00,2020-12-29T17:00:00Z,12/29 12:00,4984,17910,2020-12-29T17:00:00Z,,354682,,289732,4394,590,4220943,,186372,16954,,,,,,,656121,54057,51,4048,0,344686,29760,344345,64,128,c5fdf09469e41e07d2a59b02e293a3c2353d547e,0,0,0,0,0,
20201229,VA,340297,53081,,329,totalTestEncountersViral,4191183,2698,17782,539,,326,,30133,A+,12/28/2020 17:00,2020-12-28T17:00:00Z,12/28 12:00,4920,17782,2020-12-28T17:00:00Z,,350261,,287216,4340,580,4191183,,185880,16832,,,,,,,643688,52378,51,4122,0,340626,22510,340297,59,177,9b2e96c72db69dc33c644e3498dea20df17373fb,0,0,0,0,0,
20201228,VA,336175,51831,,332,totalTestEncountersViral,4168673,2563,17605,526,,321,,29782,A+,12/27/2020 17:00,2020-12-27T17:00:00Z,12/27 12:00,4861,17605,2020-12-27T17:00:00Z,,347136,,284344,4288,573,4168673,,185503,16752,,,,,,,623181,50403,51,2599,0,336507,18686,336175,7,57,0ea074efe318409d744f714a142f507089513f70,0,0,0,0,0,
20201227,VA,333576,51169,,318,totalTestEncountersViral,4149987,2495,17548,514,,318,,29661,A+,12/26/2020 17:00,2020-12-26T17:00:00Z,12/26 12:00,4854,17548,2020-12-26T17:00:00Z,,344591,,282407,4285,569,4149987,,185281,16713,,,,,,,618369,49300,51,3999,0,333894,21188,333576,14,84,f797674a05ad1313f2c213c83ae7ff4c645770ef,0,0,0,0,0,
20201226,VA,329577,50424,,267,totalTestEncountersViral,4128799,2454,17464,548,,299,,29545,A+,12/25/2020 17:00,2020-12-25T17:00:00Z,12/25 12:00,4840,17464,2020-12-25T17:00:00Z,,341947,,279153,4272,568,4128799,,184862,16628,,,,,,,613309,48074,51,1584,0,329844,58799,329577,20,14,064d0bf5cba3d518313a85be681a82f3d4ae465e,0,0,0,0,0,
20201225,VA,327993,49945,,272,totalTestEncountersViral,4070000,2478,17450,518,,291,,29131,A+,12/24/2020 17:00,2020-12-24T17:00:00Z,12/24 12:00,4820,17450,2020-12-24T17:00:00Z,,338769,,278048,4268,552,4070000,,184332,16504,,,,,,,611273,47681,51,4078,0,328265,0,327993,29,61,1d80b04bd087c2f035c16bdf3338f3aae700676d,0,0,0,0,0,
20201224,VA,323915,48680,,337,totalTestEncountersViral,4070000,2577,17389,530,,294,,28940,A+,12/23/2020 17:00,2020-12-23T17:00:00Z,12/23 12:00,4791,17389,2020-12-23T17:00:00Z,,334662,,275235,4263,528,4070000,,183622,16337,,,,,,,600101,46717,51,4782,0,324252,40097,323915,31,118,2df4ccc62387ddc76826c507c071b1d94becddd8,0,0,0,0,0,
20201223,VA,319133,47322,,354,totalTestEncountersViral,4029903,2586,17271,532,,290,,28330,A+,12/22/2020 17:00,2020-12-22T17:00:00Z,12/22 12:00,4760,17271,2020-12-22T17:00:00Z,,329850,,271811,4251,509,4029903,,182305,16098,,,,,,,581961,45465,51,4652,0,319487,36671,319133,55,188,bc5f400e0ed351f95f4df9e3df6c9ae86c9aaf52,0,0,0,0,0,
20201222,VA,314481,46009,,342,totalTestEncountersViral,3993232,2166,17083,535,,279,,28175,A+,12/21/2020 17:00,2020-12-21T17:00:00Z,12/21 12:00,4705,17083,2020-12-21T17:00:00Z,,325601,,268472,4221,484,3993232,,181749,15990,,,,,,,569450,43995,51,3591,0,314823,18216,314481,51,135,6c3b672d58e7d04cc2d552d7f2d44cea2a7dd222,0,0,0,0,0,
20201221,VA,310890,45105,,329,totalTestEncountersViral,3975016,2442,16948,530,,282,,27887,A+,12/20/2020 17:00,2020-12-20T17:00:00Z,12/20 12:00,4654,16948,2020-12-20T17:00:00Z,,323094,,265785,4192,462,3975016,,181193,15866,,,,,,,546371,42360,51,4042,0,311219,37048,310890,4,70,10eb9e508b888c3a750e01e05ac4cf55298f729d,0,0,0,0,0,
20201220,VA,306848,44259,,326,totalTestEncountersViral,3937968,2405,16878,517,,272,,27780,A+,12/19/2020 17:00,2020-12-19T17:00:00Z,12/19 12:00,4650,16878,2020-12-19T17:00:00Z,,319340,,262589,4189,461,3937968,,180505,15734,,,,,,,541605,41593,51,3876,0,307174,49299,306848,7,54,ce64d494a66df8b89fd82176de8a80e58b5ed28e,0,0,0,0,0,
20201219,VA,302972,43337,,318,totalTestEncountersViral,3888669,2429,16824,495,,264,,27633,A+,12/18/2020 17:00,2020-12-18T17:00:00Z,12/18 12:00,4643,16824,2020-12-18T17:00:00Z,,314238,,259635,4184,459,3888669,,179607,15579,,,,,,,536904,40887,51,3584,0,303290,56986,302972,45,140,8c012206c551555af9eddb3b49052dfe9f34131f,0,0,0,0,0,
20201218,VA,299388,42389,,334,totalTestEncountersViral,3831683,2409,16684,510,,254,,27471,A+,12/17/2020 17:00,2020-12-17T17:00:00Z,12/17 12:00,4598,16684,2020-12-17T17:00:00Z,,308734,,256999,4164,434,3831683,,178644,15367,,,,,,,524667,39768,51,3295,0,299722,20893,299388,45,181,78021e11547a02aca6f7b08a2c53c4e850abe31a,0,0,0,0,0,
20201217,VA,296093,41371,,410,totalTestEncountersViral,3810790,2399,16503,490,,246,,27307,A+,12/16/2020 17:00,2020-12-16T17:00:00Z,12/16 12:00,4553,16503,2020-12-16T17:00:00Z,,306207,,254722,4126,427,3810790,,177710,15176,,,,,,,509287,38582,51,3853,0,296503,30764,296093,45,150,697c651f23365d3e7481fef7c55b2b2598c21c11,0,0,0,0,0,
20201216,VA,292240,40346,,359,totalTestEncountersViral,3780026,2349,16353,511,,257,,27060,A+,12/15/2020 17:00,2020-12-15T17:00:00Z,12/15 12:00,4508,16353,2020-12-15T17:00:00Z,,302764,,251894,4090,418,3780026,,176758,14973,,,,,,,498734,37577,51,3931,0,292599,25270,292240,38,166,039c9c17f3ce2aff8fbca79543b177d76bf8b65c,0,0,0,0,0,
20201215,VA,288309,39269,,382,totalTestEncountersViral,3754756,2361,16187,490,,240,,26929,A+,12/14/2020 17:00,2020-12-14T17:00:00Z,12/14 12:00,4470,16187,2020-12-14T17:00:00Z,,299894,,249040,4058,412,3754756,,176040,14850,,,,,,,485798,36376,51,3160,0,288691,25743,288309,56,114,bf5afc01ed49b0e32021ad9928b1face3a640cf9,0,0,0,0,0,
20201214,VA,285149,38583,,415,totalTestEncountersViral,3729013,2260,16073,458,,236,,26618,A+,12/13/2020 17:00,2020-12-13T17:00:00Z,12/13 12:00,4414,16073,2020-12-13T17:00:00Z,,296965,,246566,4009,405,3729013,,175431,14764,,,,,,,468468,34999,51,3240,0,285564,26266,285149,3,59,6c388426af1ba6c0b77ed90ee1336b62d868105c,0,0,0,0,0,
20201213,VA,281909,37990,,358,totalTestEncountersViral,3702747,2154,16014,426,,220,,26503,A+,12/12/2020 17:00,2020-12-12T17:00:00Z,12/12 12:00,4411,16014,2020-12-12T17:00:00Z,,294026,,243919,4006,405,3702747,,174786,14661,,,,,,,464781,34344,51,3294,0,282267,31966,281909,2,47,d907cfb5fed22291e336a7424319a9128ef9ee29,0,0,0,0,0,
20201212,VA,278615,37218,,338,totalTestEncountersViral,3670781,2117,15967,440,,229,,26434,A+,12/11/2020 17:00,2020-12-11T17:00:00Z,12/11 12:00,4409,15967,2020-12-11T17:00:00Z,,290122,,241397,4005,404,3670781,,173585,14450,,,,,,,460725,33645,51,4177,0,278953,36289,278615,39,103,732e370b3c1755d179ded054ac8f2912925bf130,0,0,0,0,0,
20201211,VA,274438,36157,,366,totalTestEncountersViral,3634492,2115,15864,427,,216,,26190,A+,12/10/2020 17:00,2020-12-10T17:00:00Z,12/10 12:00,4370,15864,2020-12-10T17:00:00Z,,285871,,238281,3973,397,3634492,,172142,14230,,,,,,,450597,32581,51,3395,0,274804,33751,274438,35,141,a2b84c8dd5df4eecd50de14818c82e5d37528d15,0,0,0,0,0,
20201210,VA,271043,35323,,366,totalTestEncountersViral,3600741,2051,15723,415,,203,,26016,A+,12/9/2020 17:00,2020-12-09T17:00:00Z,12/09 12:00,4335,15723,2020-12-09T17:00:00Z,,282215,,235720,3940,395,3600741,,170832,14054,,,,,,,437010,31451,51,3915,0,271409,27442,271043,54,131,7b4bac4bea3f8ff9d376e569b75ffd2fe22e648d,0,0,0,0,0,
20201209,VA,267128,34188,,382,totalTestEncountersViral,3573299,2035,15592,436,,200,,25862,A+,12/8/2020 17:00,2020-12-08T17:00:00Z,12/08 12:00,4281,15592,2020-12-08T17:00:00Z,,279105,,232940,3894,387,3573299,,169610,13906,,,,,,,425676,30484,51,4398,0,267510,27430,267128,21,125,bbb5ce5f4dc52943b6b4de26a3aec31168214e95,0,0,0,0,0,
20201208,VA,262730,33177,,348,totalTestEncountersViral,3545869,1918,15467,435,,196,,25201,A+,12/7/2020 17:00,2020-12-07T17:00:00Z,12/07 12:00,4260,15467,2020-12-07T17:00:00Z,,275809,,229553,3875,385,3545869,,169034,13822,,,,,,,413883,29468,51,3860,0,263078,23817,262730,52,111,6c7164b30b4e8aca85756ef65a64f0b05a6603b2,0,0,0,0,0,
20201207,VA,258870,32444,,329,totalTestEncountersViral,3522052,1885,15356,403,,180,,25401,A+,12/6/2020 17:00,2020-12-06T17:00:00Z,12/06 12:00,4208,15356,2020-12-06T17:00:00Z,,273087,,226426,3829,379,3522052,,168577,13780,,,,,,,398841,28286,51,3817,0,259199,29851,258870,8,61,a25639059d306b3d1106df41ac8a98f14123b398,0,0,0,0,0,
20201206,VA,255053,31674,,479,totalTestEncountersViral,3492201,1969,15295,395,,187,,25235,A+,12/5/2020 17:00,2020-12-05T17:00:00Z,12/05 12:00,4200,15295,2020-12-05T17:00:00Z,,270132,,223379,3822,378,3492201,,168166,13691,,,,,,,395181,27785,51,3880,0,255532,55853,255053,3,40,71a17fee9aa83fce0a794f4a8dc42acd3127c1b2,0,0,0,0,0,
20201205,VA,251173,30663,,344,totalTestEncountersViral,3436348,1852,15255,407,,183,,25115,A+,12/4/2020 17:00,2020-12-04T17:00:00Z,12/04 12:00,4197,15255,2020-12-04T17:00:00Z,,263811,,220510,3819,378,3436348,,167356,13570,,,,,,,391458,27174,51,3793,0,251517,49724,251173,37,139,08e8999ef5191956ae32892577cb79321b230dc8,0,0,0,0,0,
20201204,VA,247380,29792,,368,totalTestEncountersViral,3386624,1854,15116,413,,187,,24998,A+,12/3/2020 17:00,2020-12-03T17:00:00Z,12/03 12:00,4160,15116,2020-12-03T17:00:00Z,,258264,,217588,3805,355,3386624,,166524,13429,,,,,,,381849,26246,51,2877,0,247748,25623,247380,13,102,c2ceffc9bd07cfcdfe3526b6815c08199e128611,0,0,0,0,0,
20201203,VA,244503,28735,,386,totalTestEncountersViral,3361001,1853,15014,411,,186,,24782,A+,12/2/2020 17:00,2020-12-02T17:00:00Z,12/02 12:00,4147,15014,2020-12-02T17:00:00Z,,255535,,215768,3798,349,3361001,,165936,13333,,,,,,,369584,25296,51,2023,0,244889,10105,244503,34,131,b0d967c37e1ebdbf889a7ad43d1e668a4af7c3eb,0,0,0,0,0,
20201202,VA,242480,28094,,388,totalTestEncountersViral,3350896,1860,14883,427,,188,,24620,A+,12/1/2020 17:00,2020-12-01T17:00:00Z,12/01 12:00,4113,14883,2020-12-01T17:00:00Z,,253961,,214386,3768,345,3350896,,165196,13193,,,,,,,359184,24460,51,2417,0,242868,9470,242480,20,158,e130718a8a86c0da2ec87573777131e4077b402c,0,0,0,0,0,
20201201,VA,240063,27147,,335,totalTestEncountersViral,3341426,1757,14725,398,,173,,24393,A+,11/30/2020 17:00,2020-11-30T17:00:00Z,11/30 12:00,4093,14725,2020-11-30T17:00:00Z,,252516,,212916,3750,343,3341426,,164852,13134,,,,,,,347973,23481,51,2228,0,240398,15099,240063,31,106,2820b590ef459da34dd42001c7a09ef107d2f7dc,0,0,0,0,0,
20201130,VA,237835,26581,,327,totalTestEncountersViral,3326327,1658,14619,376,,162,,24199,A+,11/29/2020 17:00,2020-11-29T17:00:00Z,11/29 12:00,4062,14619,2020-11-29T17:00:00Z,,250857,,211254,3723,339,3326327,,164675,13113,,,,,,,333151,22467,51,1893,0,238162,16984,237835,4,47,60ee12d870ac53b32ac9e9bd828289a8e5b0ee3b,0,0,0,0,0,
20201129,VA,235942,26159,,338,totalTestEncountersViral,3309343,1628,14572,365,,155,,24062,A+,11/28/2020 17:00,2020-11-28T17:00:00Z,11/28 12:00,4058,14572,2020-11-28T17:00:00Z,,249282,,209783,3719,339,3309343,,164487,13083,,,,,,,330594,21982,51,2325,0,236280,14135,235942,4,56,e25282d09de35da23736f0981df110d1e1d750a2,0,0,0,0,0,
20201128,VA,233617,25448,,271,totalTestEncountersViral,3295208,1585,14516,370,,149,,23957,A+,11/27/2020 17:00,2020-11-27T17:00:00Z,11/27 12:00,4054,14516,2020-11-27T17:00:00Z,,247942,,208169,3715,339,3295208,,164242,13056,,,,,,,327697,21435,51,3173,0,233888,25498,233617,10,65,ee2c56640fc4d308241c2856cd4c5fe0307ddc4b,0,0,0,0,0,
20201127,VA,230444,24812,,317,totalTestEncountersViral,3269710,1593,14451,373,,160,,23858,A+,11/26/2020 17:00,2020-11-26T17:00:00Z,11/26 12:00,4044,14451,2020-11-26T17:00:00Z,,245600,,205632,3704,340,3269710,,163722,12992,,,,,,,320970,20657,51,1544,0,230761,32817,230444,15,34,5b1a8ee7ae97d58f0a647d6b37b510984f5a5c32,0,0,0,0,0,
20201126,VA,228900,24494,,315,totalTestEncountersViral,3236893,1601,14417,370,,152,,23749,A+,11/25/2020 17:00,2020-11-25T17:00:00Z,11/25 12:00,4029,14417,2020-11-25T17:00:00Z,,243145,,204406,3698,331,3236893,,163229,12874,,,,,,,318954,20419,51,2600,0,229215,23027,228900,21,105,8c48fc7d1389b06db95725431bd8d129f22e287f,0,0,0,0,0,
20201125,VA,226300,23874,,304,totalTestEncountersViral,3213866,1549,14312,361,,153,,23625,A+,11/24/2020 17:00,2020-11-24T17:00:00Z,11/24 12:00,4008,14312,2020-11-24T17:00:00Z,,239167,,202426,3679,329,3213866,,162545,12744,,,,,,,306712,19764,51,2718,0,226604,26599,226300,29,100,bd5ec025f2f99e49fa4d371aeb07f626fa01296d,0,0,0,0,0,
20201124,VA,223582,23298,,323,totalTestEncountersViral,3187267,1496,14212,354,,146,,23498,A+,11/23/2020 17:00,2020-11-23T17:00:00Z,11/23 12:00,3979,14212,2020-11-23T17:00:00Z,,239167,,200284,3660,319,3187267,,162237,12670,,,,,,,295204,19026,51,2544,0,223905,26208,223582,37,116,022d215efe80acf2e75d3b96556212e9971f1ab9,0,0,0,0,0,
20201123,VA,221038,22896,,382,totalTestEncountersViral,3161059,1512,14096,351,,152,,23253,A+,11/22/2020 17:00,2020-11-22T17:00:00Z,11/22 12:00,3942,14096,2020-11-22T17:00:00Z,,237216,,198142,3629,313,3161059,,161986,12636,,,,,,,281905,18262,51,3242,0,221420,42165,221038,4,50,ed36a4d2f6138d6b684e20d9b371b4ef2c3fca2c,0,0,0,0,0,
20201122,VA,217796,22297,,351,totalTestEncountersViral,3118894,1469,14046,320,,145,,23133,A+,11/21/2020 17:00,2020-11-21T17:00:00Z,11/21 12:00,3938,14046,2020-11-21T17:00:00Z,,234326,,195499,3628,310,3118894,,161570,12551,,,,,,,278521,17860,51,2117,0,218147,47759,217796,0,29,9fb1716fc8a054457006dc1fd9049c37fab2c8cf,0,0,0,0,0,
20201121,VA,215679,21925,,349,totalTestEncountersViral,3071135,1507,14017,331,,135,,23053,A+,11/20/2020 17:00,2020-11-20T17:00:00Z,11/20 12:00,3938,14017,2020-11-20T17:00:00Z,,230823,,193754,3628,310,3071135,,161019,12447,,,,,,,274637,17535,51,2348,0,216028,35503,215679,26,103,63c2e72c2c975f456b48ced4b2a0db4735a62f33,0,0,0,0,0,
20201120,VA,213331,21360,,351,totalTestEncountersViral,3035632,1510,13914,318,,133,,22946,A+,11/20/2020 17:00,2020-11-20T17:00:00Z,11/20 12:00,3912,13914,2020-11-20T17:00:00Z,,228050,,191971,3605,307,3035632,,160366,12337,,,,,,,267440,16975,51,2544,0,213682,28171,213331,16,99,30bad17723ea0e5ca76f82c39090141f530052c8,0,0,0,0,0,
20201119,VA,210787,20631,,440,totalTestEncountersViral,3007461,1569,13815,303,,123,,22858,A+,11/18/2020 17:00,2020-11-18T17:00:00Z,11/18 12:00,3896,13815,2020-11-18T17:00:00Z,,226178,,190156,3594,302,3007461,,159753,12233,,,,,,,257906,16468,51,1954,0,211227,24031,210787,36,108,12bb730ddfc0af771313aa083c59f8303fc19c0e,0,0,0,0,0,
20201118,VA,208833,19980,,364,totalTestEncountersViral,2983430,1469,13707,318,,126,,22594,A+,11/17/2020 17:00,2020-11-17T17:00:00Z,11/17 12:00,3860,13707,2020-11-17T17:00:00Z,,224321,,188853,3569,291,2983430,,159160,12132,,,,,,,251641,16091,51,2071,0,209197,20273,208833,25,99,05b26b8206c4ff812d8d92d4dcb5362303594300,0,0,0,0,0,
20201117,VA,206762,19475,,312,totalTestEncountersViral,2963157,1392,13608,272,,103,,22466,A+,11/16/2020 17:00,2020-11-16T17:00:00Z,11/16 12:00,3835,13608,2020-11-16T17:00:00Z,,223485,,187287,3557,278,2963157,,158884,12072,,,,,,,242057,15566,51,2125,0,207074,25024,206762,29,56,50c554e83e83220c70a5cdbcb8381c2a1a05b62f,0,0,0,0,0,
20201116,VA,204637,19112,,266,totalTestEncountersViral,2938133,1337,13552,263,,118,,22362,A+,11/15/2020 17:00,2020-11-15T17:00:00Z,11/15 12:00,3806,13552,2020-11-15T17:00:00Z,,221669,,185525,3533,273,2938133,,158675,12045,,,,,,,233836,14984,51,2677,0,204903,17396,204637,6,48,c6a55e8b383f2f4ea3f6d57fd3979b830203e741,0,0,0,0,0,
20201115,VA,201960,18506,,278,totalTestEncountersViral,2920737,1284,13504,252,,120,,22252,A+,11/14/2020 17:00,2020-11-14T17:00:00Z,11/14 12:00,3800,13504,2020-11-14T17:00:00Z,,220239,,183454,3527,273,2920737,,158299,11983,,,,,,,231890,14728,51,1161,0,202238,33735,201960,1,24,804a13dcb99731a19b7a85f206640fde78d8dfa0,0,0,0,0,0,
20201114,VA,200799,18315,,293,totalTestEncountersViral,2887002,1312,13480,261,,121,,22192,A+,11/13/2020 17:00,2020-11-13T17:00:00Z,11/13 12:00,3799,13480,2020-11-13T17:00:00Z,,217693,,182484,3526,273,2887002,,157976,11920,,,,,,,229928,14415,51,1537,0,201092,22993,200799,14,72,46254b9a055f244147939778490143daf2becf43,0,0,0,0,0,
20201113,VA,199262,17786,,318,totalTestEncountersViral,2864009,1296,13408,258,,115,,22095,A+,11/12/2020 17:00,2020-11-12T17:00:00Z,11/12 12:00,3785,13408,2020-11-12T17:00:00Z,,215909,,181476,3513,272,2864009,,157504,11841,,,,,,,224599,13895,51,1235,0,199580,10212,199262,27,69,efc70084cc769c5256f7ac10da6590fe433e85cb,0,0,0,0,0,
20201112,VA,198027,17404,,370,totalTestEncountersViral,2853797,1313,13339,246,,110,,22002,A+,11/11/2020 17:00,2020-11-11T17:00:00Z,11/11 12:00,3758,13339,2020-11-11T17:00:00Z,,214915,,180623,3490,268,2853797,,157051,11761,,,,,,,216078,13380,51,1521,0,198397,11990,198027,17,66,cc90e15612a42c15000655869d8977ce04e7f566,0,0,0,0,0,
20201111,VA,196506,16820,,362,totalTestEncountersViral,2841807,1265,13273,250,,106,,21863,A+,11/10/2020 17:00,2020-11-10T17:00:00Z,11/10 12:00,3741,13273,2020-11-10T17:00:00Z,,213917,,179686,3474,267,2841807,,156626,11696,,,,,,,209299,12832,51,1594,0,196868,21148,196506,15,90,8f9994e81a7f20242312d64e808fea46bf39c3fc,0,0,0,0,0,
20201110,VA,194912,16480,,289,totalTestEncountersViral,2820659,1174,13183,224,,88,,21716,A+,11/9/2020 17:00,2020-11-09T17:00:00Z,11/09 12:00,3726,13183,2020-11-09T17:00:00Z,,212446,,178432,3460,266,2820659,,156431,11677,,,,,,,201185,12356,51,1435,0,195201,17809,194912,13,67,320b2cea5bfca8e28dc419b548840d73a2a05b9d,0,0,0,0,0,
20201109,VA,193477,16237,,303,totalTestEncountersViral,2802850,1127,13116,214,,98,,21618,A+,11/8/2020 17:00,2020-11-08T17:00:00Z,11/08 12:00,3713,13116,2020-11-08T17:00:00Z,,211092,,177240,3447,266,2802850,,156286,11654,,,,,,,193316,11777,51,1302,0,193780,15744,193477,6,52,1ecb286f253af4cf49d10e4812241b9d2113bacf,0,0,0,0,0,
20201108,VA,192175,15956,,271,totalTestEncountersViral,2787106,1090,13064,202,,90,,21494,A+,11/7/2020 17:00,2020-11-07T17:00:00Z,11/07 12:00,3707,13064,2020-11-07T17:00:00Z,,210094,,176219,3441,266,2787106,,156041,11627,,,,,,,191824,11541,51,1302,0,192446,20753,192175,3,42,3e59835e104c7d507093e349c578ee155006e85f,0,0,0,0,0,
20201107,VA,190873,15686,,264,totalTestEncountersViral,2766353,1062,13022,215,,91,,21441,A+,11/6/2020 17:00,2020-11-06T17:00:00Z,11/06 12:00,3704,13022,2020-11-06T17:00:00Z,,208746,,175187,3439,265,2766353,,155695,11575,,,,,,,190186,11320,51,2103,0,191137,23124,190873,22,86,c00b6fbf6b058b48409de126fbaa02c8b17d08b8,0,0,0,0,0,
20201106,VA,188770,15125,,266,totalTestEncountersViral,2743229,1057,12936,216,,96,,21366,A+,11/5/2020 17:00,2020-11-05T17:00:00Z,11/05 12:00,3682,12936,2020-11-05T17:00:00Z,,207023,,173645,3432,250,2743229,,155320,11524,,,,,,,184749,10986,51,1568,0,189036,24023,188770,-6,71,4056d107ed33a3c36e7a70509d7205c00a99f02b,0,0,0,0,0,
20201105,VA,187202,14784,,297,totalTestEncountersViral,2719206,1064,12865,240,,104,,21289,A+,11/4/2020 17:00,2020-11-04T17:00:00Z,11/04 12:00,3688,12865,2020-11-04T17:00:00Z,,205694,,172418,3426,262,2719206,,154933,11466,,,,,,,178110,10584,51,1366,0,187499,18441,187202,11,68,91ed8f5b5683a6b59b75a89beb18b2a4982c6394,0,0,0,0,0,
20201104,VA,185836,14410,,262,totalTestEncountersViral,2700765,1041,12797,231,,102,,20372,A+,11/3/2020 17:00,2020-11-03T17:00:00Z,11/03 12:00,3677,12797,2020-11-03T17:00:00Z,,204362,,171426,3416,261,2700765,,154480,11414,,,,,,,172639,10270,51,1157,0,186098,15096,185836,11,58,7f942147a25687cfb707f7f52eabcca3b94bda40,0,0,0,0,0,
20201103,VA,184679,14102,,280,totalTestEncountersViral,2685669,1026,12739,222,,97,,20306,A+,11/2/2020 17:00,2020-11-02T17:00:00Z,11/02 12:00,3666,12739,2020-11-02T17:00:00Z,,203259,,170577,3408,258,2685669,,154320,11385,,,,,,,165181,9950,51,1261,0,184959,22514,184679,8,65,a174dad0287f7f10320b03ae3b1e284c6bf5e895,0,0,0,0,0,
20201102,VA,183418,13906,,309,totalTestEncountersViral,2663155,1031,12674,214,,97,,20124,A+,11/1/2020 17:00,2020-11-01T17:00:00Z,11/01 12:00,3658,12674,2020-11-01T17:00:00Z,,201764,,169512,3402,256,2663155,,154182,11355,,,,,,,158540,9623,51,1026,0,183727,15496,183418,3,27,deb5b669d843573704b7b814b18133331fa444cf,0,0,0,0,0,
20201101,VA,182392,13717,,289,totalTestEncountersViral,2647659,1012,12647,228,,98,,20044,A+,10/31/2020 17:00,2020-10-31T17:00:00Z,10/31 13:00,3655,12647,2020-10-31T17:00:00Z,,200892,,168675,3399,256,2647659,,153999,11324,,,,,,,157691,9447,51,1202,0,182681,21607,182392,1,43,cff8c2b0c10dbc39dfec2382a320da3d9213660b,0,0,0,0,0,
20201031,VA,181190,13487,,273,totalTestEncountersViral,2626052,1026,12604,228,,104,,20008,A+,10/30/2020 17:00,2020-10-30T17:00:00Z,10/30 13:00,3654,12604,2020-10-30T17:00:00Z,,199544,,167703,3398,256,2626052,,153578,11261,,,,,,,156735,9296,51,1551,0,181463,19388,181190,11,93,9550f1665c168071e862c65d68999a2684b8a31b,0,0,0,0,0,
20201030,VA,179639,13088,,302,totalTestEncountersViral,2606664,1065,12511,231,,107,,19929,A+,10/29/2020 17:00,2020-10-29T17:00:00Z,10/29 13:00,3643,12511,2020-10-29T17:00:00Z,,198437,,166551,3391,252,2606664,,153190,11198,,,,,,,153542,9040,51,1456,0,179941,22859,179639,7,57,56aa262eec95e5204ed521a348cb0dd191436573,0,0,0,0,0,
20201029,VA,178183,12799,,334,totalTestEncountersViral,2583805,1082,12454,249,,108,,19832,A+,10/28/2020 17:00,2020-10-28T17:00:00Z,10/28 13:00,3636,12454,2020-10-28T17:00:00Z,,196941,,165384,3384,252,2583805,,152722,11141,,,,,,,148502,8716,51,1429,0,178517,20492,178183,20,70,4a659e1e20182fadcdb1dc8813536d2218b56d58,0,0,0,0,0,
20201028,VA,176754,12446,,336,totalTestEncountersViral,2563313,1068,12384,252,,113,,19786,A+,10/27/2020 17:00,2020-10-27T17:00:00Z,10/27 13:00,3616,12384,2020-10-27T17:00:00Z,,195768,,164308,3364,252,2563313,,152222,11065,,,,,,,144018,8419,51,1345,0,177090,19798,176754,16,64,9d736272730c6a4dba97f60d94a336de077abd55,0,0,0,0,0,
20201027,VA,175409,12070,,335,totalTestEncountersViral,2543515,1081,12320,230,,106,,19702,A+,10/27/2020 17:00,2020-10-27T17:00:00Z,10/27 13:00,3600,12320,2020-10-27T17:00:00Z,,194517,,163339,3350,250,2543515,,152030,11035,,,,,,,137698,8062,51,1134,0,175744,18094,175409,19,60,b7e858b354dccf8131564f0cb813d3984d48a892,0,0,0,0,0,
20201026,VA,174275,11848,,312,totalTestEncountersViral,2525421,1048,12260,230,,114,,19583,A+,10/25/2020 17:00,2020-10-25T17:00:00Z,10/25 13:00,3581,12260,2020-10-25T17:00:00Z,,193427,,162427,3331,250,2525421,,151884,11027,,,,,,,132820,7711,51,904,0,174587,15308,174275,2,27,3f3b4df3767dff48799294030ebae97fa47b0825,0,0,0,0,0,
20201025,VA,173371,11703,,283,totalTestEncountersViral,2510113,979,12233,216,,109,,19520,A+,10/24/2020 17:00,2020-10-24T17:00:00Z,10/24 13:00,3579,12233,2020-10-24T17:00:00Z,,192590,,161668,3329,250,2510113,,151576,10979,,,,,,,131764,7556,51,999,0,173654,21096,173371,1,35,edaa5c41dbbd691255e27bc0e6bbfa9a1d7d8349,0,0,0,0,0,
20201024,VA,172372,11529,,283,totalTestEncountersViral,2489017,979,12198,220,,117,,19455,A+,10/23/2020 17:00,2020-10-23T17:00:00Z,10/23 13:00,3578,12198,2020-10-23T17:00:00Z,,191459,,160843,3328,250,2489017,,151141,10920,,,,,,,130880,7390,51,1088,0,172655,16956,172372,39,58,09a5e62f8cbea4ad38e2c2ba2fdef696fb2767bd,0,0,0,0,0,
20201023,VA,171284,11280,,310,totalTestEncountersViral,2472061,1012,12140,233,,113,,19406,A+,10/22/2020 17:00,2020-10-22T17:00:00Z,10/22 13:00,3539,12140,2020-10-22T17:00:00Z,,190579,,160004,3293,246,2472061,,150675,10848,,,,,,,126983,7104,51,1180,0,171594,20363,171284,15,67,64183dc978375acf9b5bb45cb2566aed20618c9b,0,0,0,0,0,
20201022,VA,170104,11044,,424,totalTestEncountersViral,2451698,1109,12073,218,,120,,19321,A+,10/21/2020 17:00,2020-10-21T17:00:00Z,10/21 13:00,3524,12073,2020-10-21T17:00:00Z,,189561,,159060,3274,250,2451698,,150199,10788,,,,,,,122836,6854,51,1332,0,170528,19962,170104,9,63,a07d757015b9f052c685c998bae0d377a4f6748e,0,0,0,0,0,
20201021,VA,168772,10774,,315,totalTestEncountersViral,2431736,1010,12010,202,,97,,19226,A+,10/20/2020 17:00,2020-10-20T17:00:00Z,10/20 13:00,3515,12010,2020-10-20T17:00:00Z,,188401,,157998,3266,249,2431736,,149742,10737,,,,,,,118874,6573,51,1018,0,169087,19796,168772,30,55,2ae21f319e1a548bb048d67b5613132ea2255681,0,0,0,0,0,
20201020,VA,167754,10541,,249,totalTestEncountersViral,2411940,937,11955,194,,98,,19170,A+,10/19/2020 17:00,2020-10-19T17:00:00Z,10/19 13:00,3485,11955,2020-10-19T17:00:00Z,,187280,,157213,3236,249,2411940,,149504,10696,,,,,,,113108,6312,51,926,0,168003,13829,167754,28,73,ce6916c4aebb7614da55af9dac4fb6984f87cc20,0,0,0,0,0,
20201019,VA,166828,10389,,283,totalTestEncountersViral,2398111,972,11882,210,,81,,19096,A+,10/18/2020 17:00,2020-10-18T17:00:00Z,10/18 13:00,3457,11882,2020-10-18T17:00:00Z,,186494,,156439,3209,248,2398111,,149429,10684,,,,,,,108105,6077,51,690,0,167111,11333,166828,24,21,56a81ebf6d8a27c95c3c54f5a425b096d97ab5f6,0,0,0,0,0,
20201018,VA,166138,10300,,282,totalTestEncountersViral,2386778,972,11861,205,,95,,19034,A+,10/17/2020 17:00,2020-10-17T17:00:00Z,10/17 13:00,3433,11861,2020-10-17T17:00:00Z,,185890,,155838,3186,247,2386778,,149155,10636,,,,,,,107193,5949,51,900,0,166420,20398,166138,11,30,ad6f9c6ddebbf566b5830e032c83072ff5fa1025,0,0,0,0,0,
20201017,VA,165238,10170,,290,totalTestEncountersViral,2366380,993,11831,219,,100,,18996,A+,10/16/2020 17:00,2020-10-16T17:00:00Z,10/16 13:00,3422,11831,2020-10-16T17:00:00Z,,184857,,155068,3175,247,2366380,,148804,10587,,,,,,,106469,5853,51,1114,0,165528,19481,165238,14,51,d89330d91a06748145a2502b9fdc4dc7bec40376,0,0,0,0,0,
20201016,VA,164124,9998,,329,totalTestEncountersViral,2346899,1002,11780,222,,104,,18911,A+,10/15/2020 17:00,2020-10-15T17:00:00Z,10/15 13:00,3408,11780,2020-10-15T17:00:00Z,,183829,,154126,3161,247,2346899,,148325,10524,,,,,,,102541,5661,51,1183,0,164453,20097,164124,20,76,315286882e099dc0ffd1791fc2b8b593b4d4afb2,0,0,0,0,0,
20201015,VA,162941,9824,,319,totalTestEncountersViral,2326802,1009,11704,220,,104,,18831,A+,10/14/2020 17:00,2020-10-14T17:00:00Z,10/14 13:00,3388,11704,2020-10-14T17:00:00Z,,182743,,153117,3149,239,2326802,,147878,10446,,,,,,,97881,5440,51,1331,0,163260,22433,162941,7,76,d5a108916d029266879f9e2af9f15461941467b9,0,0,0,0,0,
20201014,VA,161610,9571,,334,totalTestEncountersViral,2304369,1007,11628,230,,102,,18747,A+,10/13/2020 17:00,2020-10-13T17:00:00Z,10/13 13:00,3381,11628,2020-10-13T17:00:00Z,,181521,,152039,3141,240,2304369,,147373,10381,,,,,,,93689,5232,51,805,0,161944,11807,161610,9,30,c985f1ba98719b32dff35078c5bb87fa00e9671e,0,0,0,0,0,
20201013,VA,160805,9448,,313,totalTestEncountersViral,2292562,999,11598,200,,98,,18657,A+,10/12/2020 17:00,2020-10-12T17:00:00Z,10/12 13:00,3372,11598,2020-10-12T17:00:00Z,,180768,,151357,3132,240,2292562,,147166,10365,,,,,,,88467,5035,51,1235,0,161118,20720,160805,11,45,7f89f4199ff2a425b89abbdb3f6c54e1309095ca,0,0,0,0,0,
20201012,VA,159570,9249,,321,totalTestEncountersViral,2271842,965,11553,205,,92,,18539,A+,10/11/2020 17:00,2020-10-11T17:00:00Z,10/11 13:00,3361,11553,2020-10-11T17:00:00Z,,179640,,150321,3122,239,2271842,,147037,10350,,,,,,,83449,4799,51,854,0,159891,15022,159570,3,34,ab597261156f87b577a7cc7b9e739ef1ac49356e,0,0,0,0,0,
20201011,VA,158716,9085,,296,totalTestEncountersViral,2256820,924,11519,201,,98,,18492,A+,10/10/2020 17:00,2020-10-10T17:00:00Z,10/10 13:00,3358,11519,2020-10-10T17:00:00Z,,176851,,149631,3120,238,2256820,,146719,10312,,,,,,,82437,4712,51,811,0,159012,18616,158716,4,18,714636169fd9805a85c94bf243232aa66b518aae,0,0,0,0,0,
20201010,VA,157905,8972,,301,totalTestEncountersViral,2238204,943,11501,208,,97,,18447,A+,10/9/2020 17:00,2020-10-09T17:00:00Z,10/09 13:00,3354,11501,2020-10-09T17:00:00Z,,176851,,148933,3116,238,2238204,,146267,10252,,,,,,,81263,4616,51,1256,0,158206,18694,157905,10,54,0b636d5391352b081dcc0954018db8b7cae9457d,0,0,0,0,0,
20201009,VA,156649,8721,,312,totalTestEncountersViral,2219510,963,11447,205,,87,,18336,A+,10/8/2020 17:00,2020-10-08T17:00:00Z,10/08 13:00,3344,11447,2020-10-08T17:00:00Z,,176851,,147928,3110,234,2219510,,145817,10195,,,,,,,77241,4448,51,1114,0,156961,29718,156649,16,54,12d361a2121c1e55a93a9684126fa12302548356,0,0,0,0,0,
20201008,VA,155535,8578,,310,totalTestEncountersViral,2189792,933,11393,196,,89,,18278,A+,10/7/2020 17:00,2020-10-07T17:00:00Z,10/07 13:00,3328,11393,2020-10-07T17:00:00Z,,175080,,146957,3097,231,2189792,,145318,10146,,,,,,,72188,4289,51,1844,0,155845,19479,155535,25,48,1a08c90a3df077b999b488f6a069be21c014cf2e,0,0,0,0,0,
20201007,VA,153691,8229,,362,totalTestEncountersViral,2170313,1003,11345,228,,109,,18189,A+,10/6/2020 17:00,2020-10-06T17:00:00Z,10/06 13:00,3303,11345,2020-10-06T17:00:00Z,,174072,,145462,3088,215,2170313,,144775,10082,,,,,,,68577,4128,51,509,0,154053,16145,153691,12,29,caa615296cd856846276b856cb497f19dc256cf5,0,0,0,0,0,
20201006,VA,153182,8195,,319,totalTestEncountersViral,2154168,926,11316,219,,104,,18112,A+,10/5/2020 17:00,2020-10-05T17:00:00Z,10/05 13:00,3291,11316,2020-10-05T17:00:00Z,,173202,,144987,3077,214,2154168,,144482,10052,,,,,,,62702,3982,51,625,0,153501,14177,153182,15,57,12b850abaa20b625da65beca3d18212a206f4fcc,0,0,0,0,0,
20201005,VA,152557,8118,,329,totalTestEncountersViral,2139991,925,11259,213,,101,,17893,A+,10/4/2020 17:00,2020-10-04T17:00:00Z,10/04 13:00,3276,11259,2020-10-04T17:00:00Z,,172487,,144439,3063,213,2139991,,144360,10036,,,,,,,57839,3808,51,687,0,152886,26113,152557,3,38,d3399387e293002fd2271b09bf1a4c174779fee5,0,0,0,0,0,
20201004,VA,151870,7987,,282,totalTestEncountersViral,2113878,877,11221,197,,98,,17848,A+,10/3/2020 17:00,2020-10-03T17:00:00Z,10/03 13:00,3273,11221,2020-10-03T17:00:00Z,,171249,,143883,3060,213,2113878,,144083,9993,,,,,,,57112,3737,51,1067,0,152152,0,151870,3,30,75614ad8908fc82e5c80483e7ea3aac51a7bef5e,0,0,0,0,0,
20201003,VA,150803,7880,,306,totalTestEncountersViral,2113878,906,11191,191,,103,,17810,A+,10/2/2020 17:00,2020-10-02T17:00:00Z,10/02 13:00,3270,11191,2020-10-02T17:00:00Z,,171249,,142923,3057,213,2113878,,143993,9979,,,,,,,56286,3669,51,1116,0,151109,19517,150803,20,51,5445c5defb77c18e97dc900470c851a6c571742c,0,0,0,0,0,
20201002,VA,149687,7837,,300,totalTestEncountersViral,2094361,890,11140,201,,108,,17752,A+,10/1/2020 17:00,2020-10-01T17:00:00Z,10/01 13:00,3250,11140,2020-10-01T17:00:00Z,,169995,,141850,3037,213,2094361,,143582,9924,,,,,,,52768,3538,51,966,0,149987,20125,149687,22,48,da5a53f2c2b5b2abca57e058ffe1055260219418,0,0,0,0,0,
20201001,VA,148721,7731,,326,totalTestEncountersViral,2074236,913,11092,210,,107,,17713,A+,9/30/2020 17:00,2020-09-30T17:00:00Z,09/30 13:00,3228,11092,2020-09-30T17:00:00Z,,169007,,140990,3015,213,2074236,,143107,9868,,,,,,,48657,3395,51,450,0,149047,24248,148721,20,51,df6d68822c19749dcafbeae8a78d9d4732706705,0,0,0,0,0,
20200930,VA,148271,7657,,314,totalTestEncountersViral,2049988,908,11041,190,,104,,17633,A+,9/29/2020 17:00,2020-09-29T17:00:00Z,09/29 13:00,3208,11041,2020-09-29T17:00:00Z,,167677,,140614,2995,213,2049988,,142594,9825,,,,,,,45793,3277,51,755,0,148585,10478,148271,21,63,1a061574c788635ae72345bb82f3963eda1bed2b,0,0,0,0,0,
20200929,VA,147516,7555,,360,totalTestEncountersViral,2039510,958,10978,202,,113,,17576,A+,9/28/2020 17:00,2020-09-28T17:00:00Z,09/28 13:00,3187,10978,2020-09-28T17:00:00Z,,167223,,139961,2976,211,2039510,,142332,9797,,,,,,,40550,3176,51,923,0,147876,12342,147516,15,62,afb0e3a5a439efbd362a6b1e7ce7fff2f4f48635,0,0,0,0,0,
20200928,VA,146593,7449,,288,totalTestEncountersViral,2027168,890,10916,193,,103,,17483,A+,9/27/2020 17:00,2020-09-27T17:00:00Z,09/27 13:00,3172,10916,2020-09-27T17:00:00Z,,166501,,139144,2962,210,2027168,,142258,9780,,,,,,,36663,3052,51,449,0,146881,24039,146593,13,27,5e20a2a1d706b401d8ae9d011e7b924901221f1f,0,0,0,0,0,
20200927,VA,146144,7410,,265,totalTestEncountersViral,2003129,868,10889,198,,103,,17443,A+,9/26/2020 17:00,2020-09-26T17:00:00Z,09/26 13:00,3159,10889,2020-09-26T17:00:00Z,,165374,,138734,2951,208,2003129,,141970,9741,,,,,,,36044,3009,51,736,0,146409,9785,146144,15,26,127a5b81c99b8fe0c782d99f72ae4c0d472dbc33,0,0,0,0,0,
20200926,VA,145408,7235,,310,totalTestEncountersViral,1993344,924,10863,202,,111,,17255,A+,9/25/2020 17:00,2020-09-25T17:00:00Z,09/25 13:00,3144,10863,2020-09-25T17:00:00Z,,165048,,138173,2937,207,1993344,,141528,9697,,,,,,,35606,2952,51,975,0,145718,19845,145408,8,57,d9303533f98a64aa6017713f45cfe0628aea41fe,0,0,0,0,0,
20200925,VA,144433,7150,,348,totalTestEncountersViral,1973499,965,10806,221,,117,,17185,A+,9/24/2020 17:00,2020-09-24T17:00:00Z,09/24 13:00,3136,10806,2020-09-24T17:00:00Z,,163973,,137283,2930,206,1973499,,141049,9630,,,,,,,32659,2874,51,941,0,144781,20534,144433,23,37,ed80cb35fade25473a748a7861e0806d9f2023dc,0,0,0,0,0,
20200924,VA,143492,7044,,358,totalTestEncountersViral,1952965,982,10769,219,,112,,17099,A+,9/23/2020 17:00,2020-09-23T17:00:00Z,09/23 13:00,3113,10769,2020-09-23T17:00:00Z,,163164,,136448,2907,206,1952965,,140516,9575,,,,,,,29340,2806,51,902,0,143850,30359,143492,24,51,e5e2adb5d118e7eaee3538b6632389fd0400ae03,0,0,0,0,0,
20200923,VA,142590,6964,,298,totalTestEncountersViral,1922606,916,10718,215,,113,,17038,A+,9/22/2020 17:00,2020-09-22T17:00:00Z,09/22 13:00,3089,10718,2020-09-22T17:00:00Z,,161672,,135626,2882,207,1922606,,139981,9507,,,,,,,26970,2739,51,580,0,142888,11026,142590,29,43,2013e02e5c28c8adc6d3f2b463770c32fc37d3fb,0,0,0,0,0,
20200922,VA,142010,6909,,308,totalTestEncountersViral,1911580,940,10675,213,,113,,16979,A+,9/21/2020 17:00,2020-09-21T17:00:00Z,09/21 13:00,3060,10675,2020-09-21T17:00:00Z,,161087,,135101,2853,207,1911580,,139724,9483,,,,,,,22823,2649,51,872,0,142318,12943,142010,39,62,1fd78bd0a71723b53b4c3df39cba4f8332862529,0,0,0,0,0,
20200921,VA,141138,6837,,343,totalTestEncountersViral,1898637,995,10613,217,,106,,16903,A+,9/20/2020 17:00,2020-09-20T17:00:00Z,09/20 13:00,3021,10613,2020-09-20T17:00:00Z,,160412,,134301,2816,205,1898637,,139644,9478,,,,,,,20498,2586,51,627,0,141481,16609,141138,6,22,c6987fa4ea54f2a2f6af0c768166c85ce1e7b1f6,0,0,0,0,0,
20200920,VA,140511,6789,,308,totalTestEncountersViral,1882028,939,10591,263,,126,,16880,A+,9/19/2020 17:00,2020-09-19T17:00:00Z,09/19 13:00,3015,10591,2020-09-19T17:00:00Z,,159604,,133722,2811,204,1882028,,139301,9440,,,,,,,20230,2576,51,856,0,140819,15362,140511,25,29,fcca25276400fefbab5694c1d6f27b167c5555c1,0,0,0,0,0,
20200919,VA,139655,6689,,299,totalTestEncountersViral,1866666,960,10562,219,,108,,16848,A+,9/18/2020 17:00,2020-09-18T17:00:00Z,09/18 13:00,2990,10562,2020-09-18T17:00:00Z,,158898,,132966,2787,203,1866666,,138925,9390,,,,,,,19889,2558,51,953,0,139954,35043,139655,41,42,db312300c5ea0a0c178f1eea7b2314624c77b902,0,0,0,0,0,
20200918,VA,138702,6612,,297,totalTestEncountersViral,1831623,945,10520,212,,102,,16762,A+,9/17/2020 17:00,2020-09-17T17:00:00Z,09/17 13:00,2949,10520,2020-09-17T17:00:00Z,,157605,,132090,2755,194,1831623,,138413,9344,,,,,,,17626,2481,51,1242,0,138999,9611,138702,29,56,cc55d16d73b76c06e24d5f42bc985ff600a753dc,0,0,0,0,0,
20200917,VA,137460,6500,,326,totalTestEncountersViral,1822012,995,10464,225,,109,,16671,A+,9/16/2020 17:00,2020-09-16T17:00:00Z,09/16 13:00,2920,10464,2020-09-16T17:00:00Z,,156565,,130960,2734,186,1822012,,137851,9283,,,,,,,15668,2426,51,1101,0,137786,22161,137460,36,75,d305d682b35b77d3b8ddc7aef924b73c5dfe46c0,0,0,0,0,0,
20200916,VA,136359,6396,,349,totalTestEncountersViral,1799851,1027,10389,212,,103,,16536,A+,9/15/2020 17:00,2020-09-15T17:00:00Z,09/15 13:00,2884,10389,2020-09-15T17:00:00Z,,155402,,129963,2711,173,1799851,,137257,9208,,,,,,,14367,2379,51,845,0,136708,14298,136359,45,52,21a424263c8389e445f05d1abd648bd1bb7b3f5b,0,0,0,0,0,
20200915,VA,135514,6255,,329,totalTestEncountersViral,1785553,1015,10337,228,,104,,16449,A+,9/14/2020 17:00,2020-09-14T17:00:00Z,09/14 13:00,2839,10337,2020-09-14T17:00:00Z,,154395,,129259,2691,148,1785553,,137017,9173,,,,,,,12299,2318,51,943,0,135843,12395,135514,96,44,b351866e33dd0c3a311669eee80d3b4e21e6a76b,0,0,0,0,0,
20200914,VA,134571,6171,,308,totalTestEncountersViral,1773158,1006,10293,220,,110,,16361,A+,9/13/2020 17:00,2020-09-13T17:00:00Z,09/13 13:00,2743,10293,2020-09-13T17:00:00Z,,153493,,128400,2607,136,1773158,,136928,9163,,,,,,,10980,2257,51,757,0,134879,13062,134571,19,49,4ec24f64020de854c011e66337903ffd6f0ec444,0,0,0,0,0,
20200913,VA,133814,6142,,304,totalTestEncountersViral,1760096,1012,10244,232,,119,,16310,A+,9/12/2020 17:00,2020-09-12T17:00:00Z,09/12 13:00,2724,10244,2020-09-12T17:00:00Z,,152703,,127672,2591,133,1760096,,136675,9145,,,,,,,10830,2236,51,874,0,134118,16076,133814,2,26,65b87eac8361ff824ec72ba2793acc01c2dbb603,0,0,0,0,0,
20200912,VA,132940,6090,,272,totalTestEncountersViral,1744020,995,10218,228,,113,,16276,A+,9/11/2020 17:00,2020-09-11T17:00:00Z,09/11 13:00,2722,10218,2020-09-11T17:00:00Z,,151825,,126850,2589,133,1744020,,136156,9090,,,,,,,10639,2216,51,1300,0,133212,15910,132940,11,63,aced7f201eb8c7c97c923b748a924316718e060c,0,0,0,0,0,
20200911,VA,131640,5937,,340,totalTestEncountersViral,1728110,1120,10155,249,,120,,16143,A+,9/10/2020 17:00,2020-09-10T17:00:00Z,09/10 13:00,2711,10155,2020-09-10T17:00:00Z,,150703,,125703,2578,133,1728110,,135417,9034,,,,,,,9895,2175,51,1115,0,131980,17554,131640,3,70,a2a6c340aa717b5a4e4f67007c733a6cbece4a5c,0,0,0,0,0,
20200910,VA,130525,5906,,333,totalTestEncountersViral,1710556,1096,10085,255,,134,,16061,A+,9/9/2020 17:00,2020-09-09T17:00:00Z,09/09 13:00,2708,10085,2020-09-09T17:00:00Z,,149486,,124619,2575,133,1710556,,134764,8973,,,,,,,9283,2148,51,1236,0,130858,16353,130525,11,77,05f7aeab3f8ddf19bcc5156b5a7f4523affc36ce,0,0,0,0,0,
20200909,VA,129289,5801,,272,totalTestEncountersViral,1694203,1072,10008,252,,121,,15967,A+,9/8/2020 17:00,2020-09-08T17:00:00Z,09/08 13:00,2697,10008,2020-09-08T17:00:00Z,,148183,,123488,2564,133,1694203,,134451,8945,,,,,,,8860,2072,51,882,0,129561,10155,129289,11,76,0db410ea404d2c070248e004307393c5dd6d4e40,0,0,0,0,0,
20200908,VA,128407,5696,,283,totalTestEncountersViral,1684048,1051,9932,240,,118,,15770,A+,9/7/2020 17:00,2020-09-07T17:00:00Z,09/07 13:00,2686,9932,2020-09-07T17:00:00Z,,147187,,122711,2553,133,1684048,,134241,8920,,,,,,,8020,2006,51,836,0,128690,7602,128407,2,30,807e006f02135bbca2fa6476444b5c49e8698d26,0,0,0,0,0,
20200907,VA,127571,5652,,294,totalTestEncountersViral,1676446,1061,9902,249,,119,,15742,A+,9/6/2020 17:00,2020-09-06T17:00:00Z,09/06 13:00,2684,9902,2020-09-06T17:00:00Z,,146610,,121919,2551,133,1676446,,134195,8919,,,,,,,7553,1983,51,645,0,127865,11971,127571,6,21,9ac58b652b754f944d1ec29f1c4955eb18f4650f,0,0,0,0,0,
20200906,VA,126926,5609,,268,totalTestEncountersViral,1664475,1083,9881,232,,119,,15683,A+,9/5/2020 17:00,2020-09-05T17:00:00Z,09/05 13:00,2678,9881,2020-09-05T17:00:00Z,,145825,,121317,2545,133,1664475,,133940,8900,,,,,,,7326,1950,51,1199,0,127194,12455,126926,1,32,5d7c66e5155b83c30602eeabb62bbddc8ea12cd4,0,0,0,0,0,
20200905,VA,125727,5536,,285,totalTestEncountersViral,1652020,1098,9849,243,,121,,15636,A+,9/4/2020 17:00,2020-09-04T17:00:00Z,09/04 13:00,2677,9849,2020-09-04T17:00:00Z,,144891,,120191,2544,133,1652020,,133366,8855,,,,,,,7003,1921,51,948,0,126012,17712,125727,15,51,5cf153e8f461909ad9a00fabed1954b2a69334da,0,0,0,0,0,
20200904,VA,124779,5520,,273,totalTestEncountersViral,1634308,1101,9798,244,,128,,15492,A+,9/3/2020 17:00,2020-09-03T17:00:00Z,09/03 13:00,2662,9798,2020-09-03T17:00:00Z,,143477,,119259,2529,133,1634308,,132675,8798,,,,,,,6607,1888,51,1111,0,125052,15255,124779,10,57,c8d2d64aa56925e81db92d974ba7a374dbabe5d2,0,0,0,0,0,
20200903,VA,123668,5478,,330,totalTestEncountersViral,1619053,1130,9741,257,,123,,15395,A+,9/2/2020 17:00,2020-09-02T17:00:00Z,09/02 13:00,2652,9741,2020-09-02T17:00:00Z,,142173,,118190,2519,133,1619053,,131966,8728,,,,,,,6117,1849,51,1126,0,123998,13763,123668,11,63,da080bfa10f525153da6a728700a9b4dc7352f1b,0,0,0,0,0,
20200902,VA,122542,5401,,278,totalTestEncountersViral,1605290,1114,9678,266,,134,,15319,A+,9/1/2020 17:00,2020-09-01T17:00:00Z,09/01 13:00,2641,9678,2020-09-01T17:00:00Z,,140932,,117141,2508,133,1605290,,131244,8656,,,,,,,5557,1802,51,927,0,122820,11922,122542,29,57,aee38e708ac4b99d78ea02368f6e0d45b9669fca,0,0,0,0,0,
20200901,VA,121615,5321,,235,totalTestEncountersViral,1593368,1039,9621,258,,130,,15199,A+,8/31/2020 17:00,2020-08-31T17:00:00Z,08/31 13:00,2612,9621,2020-08-31T17:00:00Z,,140228,,116294,2479,133,1593368,,130895,8624,,,,,,,4971,1727,51,1021,0,121850,12077,121615,32,52,764df8d19cf9ad214a511d01f4bd84098caeba5f,0,0,0,0,0,
20200831,VA,120594,5260,,318,totalTestEncountersViral,1581291,1082,9569,257,,146,,15085,A+,8/30/2020 17:00,2020-08-30T17:00:00Z,08/30 13:00,2580,9569,2020-08-30T17:00:00Z,,139056,,115334,2447,133,1581291,,130763,8610,,,,,,,4588,1666,51,847,0,120912,13097,120594,11,14,2423ad7c482fdf1814e19fff0fe1c38e199cfece,0,0,0,0,0,
20200830,VA,119747,5233,,313,totalTestEncountersViral,1568194,1090,9555,251,,132,,14999,A+,8/29/2020 17:00,2020-08-29T17:00:00Z,08/29 13:00,2569,9555,2020-08-29T17:00:00Z,,137012,,114514,2436,133,1568194,,130370,8566,,,,,,,4382,1623,51,938,0,120060,12707,119747,1,43,4c77ba5e081a39e35940da8a4749aefb143b9fce,0,0,0,0,0,
20200829,VA,118809,5186,,310,totalTestEncountersViral,1555487,1101,9512,245,,131,,14957,A+,8/28/2020 17:00,2020-08-28T17:00:00Z,08/28 13:00,2568,9512,2020-08-28T17:00:00Z,,137012,,113623,2435,133,1555487,,129748,8513,,,,,,,4205,1598,51,1217,0,119119,16197,118809,18,52,7ae9ce8f6c4e4e31af49df60bc236fa40b4316fd,0,0,0,0,0,
20200828,VA,117592,5146,,288,totalTestEncountersViral,1539290,1101,9460,261,,136,,14866,A+,8/27/2020 17:00,2020-08-27T17:00:00Z,08/27 13:00,2550,9460,2020-08-27T17:00:00Z,,135726,,112446,2417,133,1539290,,129057,8452,,,,,,,3985,1554,51,2134,0,117880,36769,117592,35,69,06f90e82adc0d198696c8820a2050944dccf6dbe,0,0,0,0,0,
20200827,VA,115458,5021,,349,totalTestEncountersViral,1502521,1174,9391,264,,148,,14764,A+,8/26/2020 17:00,2020-08-26T17:00:00Z,08/26 13:00,2515,9391,2020-08-26T17:00:00Z,,134326,,110437,2382,133,1502521,,128260,8374,,,,,,,3583,1515,51,0,0,115807,0,115458,0,65,808b5ffd82db21f7c20496b13c50a6f27a4c3c31,0,0,0,0,0,
20200826,VA,115458,5021,,328,totalTestEncountersViral,1502521,1170,9326,265,,145,,14682,A+,8/26/2020 17:00,2020-08-26T17:00:00Z,08/26 13:00,2515,9326,2020-08-26T17:00:00Z,,133061,,110437,2382,133,1502521,,127444,8292,,,,,,,3352,1480,51,823,0,115786,7507,115458,21,67,120d89e6e31915da9d2de0efdae54c55c73513b7,0,0,0,0,0,
20200825,VA,114635,4956,,347,totalTestEncountersViral,1495014,1174,9259,273,,144,,14581,A+,8/24/2020 17:00,2020-08-24T17:00:00Z,08/24 13:00,2494,9259,2020-08-24T17:00:00Z,,132419,,109679,2370,124,1495014,,126988,8252,,,,,,,3223,1439,51,1005,0,114982,15897,114635,23,52,8dbe0fc50f09aac55a10ab1958434fb1cd5ecaf4,0,0,0,0,0,
20200824,VA,113630,4863,,307,totalTestEncountersViral,1479117,1127,9207,256,,134,,14482,A+,8/23/2020 17:00,2020-08-23T17:00:00Z,08/23 13:00,2471,9207,2020-08-23T17:00:00Z,,131291,,108767,2352,119,1479117,,126679,8229,,,,,,,3099,1394,51,664,0,113937,13084,113630,4,31,c7be3719d23e277a93bc2a55535e49737c8222d8,0,0,0,0,0,
20200823,VA,112966,4854,,309,totalTestEncountersViral,1466033,1155,9176,251,,130,,14443,A+,8/22/2020 17:00,2020-08-22T17:00:00Z,08/22 13:00,2467,9176,2020-08-22T17:00:00Z,,130505,,108112,2348,119,1466033,,126244,8193,,,,,,,3051,1381,51,894,0,113275,12362,112966,24,37,8f3e16d2eafcb0a0ec2106c29bf154400ab3c270,0,0,0,0,0,
20200822,VA,112072,4804,,291,totalTestEncountersViral,1453671,1154,9139,254,,125,,14353,A+,8/21/2020 17:00,2020-08-21T17:00:00Z,08/21 13:00,2443,9139,2020-08-21T17:00:00Z,,129523,,107268,2324,119,1453671,,125539,8124,,,,,,,2978,1364,51,1212,0,112363,16393,112072,7,68,fdf1cd0e84e0c0aa4bde0dfa04b1c39f152cc339,0,0,0,0,0,
20200821,VA,110860,4683,,357,totalTestEncountersViral,1437278,1233,9071,263,,142,,14249,A+,8/20/2020 17:00,2020-08-20T17:00:00Z,08/20 13:00,2436,9071,2020-08-20T17:00:00Z,,128248,,106177,2319,117,1437278,,124621,8059,,,,,,,2869,1326,51,978,0,111217,18943,110860,9,73,9d9755baf321c646a554b8d283f9c39a1ae58dc4,0,0,0,0,0,
20200820,VA,109882,4593,,373,totalTestEncountersViral,1418335,1266,8998,276,,148,,14091,A+,8/19/2020 17:00,2020-08-19T17:00:00Z,08/19 13:00,2427,8998,2020-08-19T17:00:00Z,,126909,,105289,2310,117,1418335,,123789,7996,,,,,,,2786,1296,51,863,0,110255,15864,109882,17,73,ebb50a38250354042ba3635867fbe40ddd07ed02,0,0,0,0,0,
20200819,VA,109019,4544,,343,totalTestEncountersViral,1402471,1243,8925,280,,145,,13989,A+,8/18/2020 17:00,2020-08-18T17:00:00Z,08/18 13:00,2410,8925,2020-08-18T17:00:00Z,,125862,,104475,2293,117,1402471,,122863,7928,,,,,,,2682,1265,51,737,0,109362,16639,109019,14,76,c77062c73fd56a67b88ba5d00986b926cba67287,0,0,0,0,0,
20200818,VA,108282,4473,,381,totalTestEncountersViral,1385832,1253,8849,300,,163,,13910,A+,8/17/2020 17:00,2020-08-17T17:00:00Z,08/17 13:00,2396,8849,2020-08-17T17:00:00Z,,125049,,103809,2278,118,1385832,,122457,7889,,,,,,,2576,1220,51,861,0,108663,16795,108282,11,82,566cccdbbeb8c95bfc16c29fb9ed50d516d25aea,0,0,0,0,0,
20200817,VA,107421,4405,,316,totalTestEncountersViral,1369037,1173,8767,281,,158,,13827,A+,8/16/2020 17:00,2020-08-16T17:00:00Z,08/16 13:00,2385,8767,2020-08-16T17:00:00Z,,124287,,103016,2268,117,1369037,,122297,7866,,,,,,,2457,1174,51,734,0,107737,19577,107421,4,30,aa558a78bf9e9cea333847b1ef41d5fdb32db44f,0,0,0,0,0,
20200816,VA,106687,4388,,341,totalTestEncountersViral,1349460,1184,8737,283,,165,,13783,A+,8/15/2020 17:00,2020-08-15T17:00:00Z,08/15 13:00,2381,8737,2020-08-15T17:00:00Z,,123419,,102299,2266,115,1349460,,121831,7831,,,,,,,2408,1159,51,937,0,107028,16522,106687,0,36,4703f858b2abe43fc893a186b0146d8fe4ef27f4,0,0,0,0,0,
20200815,VA,105750,4302,,407,totalTestEncountersViral,1332938,1271,8701,279,,167,,13694,A+,8/14/2020 17:00,2020-08-14T17:00:00Z,08/14 13:00,2381,8701,2020-08-14T17:00:00Z,,122373,,101448,2265,116,1332938,,121105,7773,,,,,,,2355,1152,51,912,0,106157,16901,105750,11,51,4d4357f959cf1eeead22039833cc88bac6e6f0a1,0,0,0,0,0,
20200814,VA,104838,4235,,439,totalTestEncountersViral,1316037,1299,8650,268,,150,,13477,A+,8/13/2020 17:00,2020-08-13T17:00:00Z,08/13 13:00,2370,8650,2020-08-13T17:00:00Z,,121207,,100603,2255,115,1316037,,120344,7708,,,,,,,2268,1120,51,1216,0,105277,14128,104838,7,58,a665bb695f099868dcef10a0540264938143771d,0,0,0,0,0,
20200813,VA,103622,4194,,390,totalTestEncountersViral,1301909,1258,8592,289,,141,,13389,A+,8/12/2020 17:00,2020-08-12T17:00:00Z,08/12 13:00,2363,8592,2020-08-12T17:00:00Z,,120124,,99428,2248,115,1301909,,119503,7653,,,,,,,2184,1091,51,1101,0,104012,18500,103622,11,60,b66ecb2b22db8fcb2711f3bc47eebca712417e81,0,0,0,0,0,
20200812,VA,102521,4147,,397,totalTestEncountersViral,1283409,1281,8532,290,,142,,13247,A+,8/11/2020 17:00,2020-08-11T17:00:00Z,08/11 13:00,2352,8532,2020-08-11T17:00:00Z,,118778,,98374,2238,114,1283409,,118560,7566,,,,,,,2089,1066,51,776,0,102918,15897,102521,8,74,8fc1bba605d18a2f151d7e1728ac1086cb1f6266,0,0,0,0,0,
20200811,VA,101745,4033,,427,totalTestEncountersViral,1267512,1293,8458,280,,148,,13152,A+,8/10/2020 17:00,2020-08-10T17:00:00Z,08/10 13:00,2344,8458,2020-08-10T17:00:00Z,,117747,,97712,2232,112,1267512,,117915,7527,,,,,,,1983,1032,51,996,0,102172,9907,101745,17,67,7987b6a91b5949853d29be2f215f455dea40f643,0,0,0,0,0,
20200810,VA,100749,3942,,396,totalTestEncountersViral,1257605,1251,8391,279,,159,,12961,A+,8/9/2020 17:00,2020-08-09T17:00:00Z,08/09 13:00,2327,8391,2020-08-09T17:00:00Z,,116969,,96807,2215,112,1257605,,117808,7510,,,,,,,1869,990,51,663,0,101145,17266,100749,1,22,eef95b625f24fe8ff920961c4377521e74f9ad15,0,0,0,0,0,
20200809,VA,100086,3919,,344,totalTestEncountersViral,1240339,1200,8369,260,,146,,12923,A+,8/8/2020 17:00,2020-08-08T17:00:00Z,08/08 13:00,2326,8369,2020-08-08T17:00:00Z,,115992,,96167,2214,112,1240339,,117315,7466,,,,,,,1810,973,51,897,0,100430,21174,100086,4,37,0f38101e7dda170b9e85a3ec51d267f4b872e68c,0,0,0,0,0,
20200808,VA,99189,3863,,362,totalTestEncountersViral,1219165,1258,8332,271,,145,,12843,A+,8/7/2020 17:00,2020-08-07T17:00:00Z,08/07 13:00,2322,8332,2020-08-07T17:00:00Z,,115088,,95326,2211,111,1219165,,116649,7406,,,,,,,1773,968,51,1307,0,99551,14161,99189,5,51,587706efaeb5139bd873b736d07c45586b6f27cf,0,0,0,0,0,
20200807,VA,97882,3741,,475,totalTestEncountersViral,1205004,1372,8281,284,,159,,12725,A+,8/6/2020 17:00,2020-08-06T17:00:00Z,08/06 13:00,2317,8281,2020-08-06T17:00:00Z,,113903,,94141,2208,109,1205004,,115847,7340,,,,,,,1666,932,51,2015,0,98357,13700,97882,18,98,3431487c199927a681e850ba0420d95149dd98c8,0,0,0,0,0,
20200806,VA,95867,3623,,474,totalTestEncountersViral,1191304,1349,8183,284,,157,,12635,A+,8/5/2020 17:00,2020-08-05T17:00:00Z,08/05 13:00,2299,8183,2020-08-05T17:00:00Z,,112844,,92244,2191,108,1191304,,115091,7260,,,,,,,1558,903,51,818,0,96341,15124,95867,25,57,050886318f290a0b3f2edae4133f97e04f6f55df,0,0,0,0,0,
20200805,VA,95049,3576,,423,totalTestEncountersViral,1176180,1304,8126,283,,144,,12522,A+,8/4/2020 17:00,2020-08-04T17:00:00Z,08/04 13:00,2274,8126,2020-08-04T17:00:00Z,,111669,,91473,2164,110,1176180,,113935,7135,,,,,,,1433,865,51,798,0,95472,11665,95049,30,41,3a155d70a23675261b812c2be4354be9572bd993,0,0,0,0,0,
20200804,VA,94251,3523,,375,totalTestEncountersViral,1164515,1255,8085,282,,144,,12385,A+,8/3/2020 17:00,2020-08-03T17:00:00Z,08/03 13:00,2244,8085,2020-08-03T17:00:00Z,,110906,,90728,2134,110,1164515,,113579,7106,,,,,,,1320,818,51,1145,0,94626,12911,94251,26,67,ba3a7ceabf22392ea862253c5a1a12e2d0e3fb22,0,0,0,0,0,
20200803,VA,93106,3504,,322,totalTestEncountersViral,1151604,1205,8018,271,,151,,12255,A+,8/2/2020 17:00,2020-08-02T17:00:00Z,08/02 13:00,2218,8018,2020-08-02T17:00:00Z,,109903,,89602,2108,110,1151604,,113447,7094,,,,,,,1222,791,51,1324,0,93428,15036,93106,0,63,f7acf607027c196ef661c0705a6240d71f6961f0,0,0,0,0,0,
20200802,VA,91782,3458,,315,totalTestEncountersViral,1136568,1172,7955,267,,138,,12108,A+,8/1/2020 17:00,2020-08-01T17:00:00Z,08/01 13:00,2218,7955,2020-08-01T17:00:00Z,,108778,,88324,2108,110,1136568,,112929,7055,,,,,,,1176,782,51,981,0,92097,12641,91782,3,45,e0e352f1be6d5f010e2f553588ea6f5c5072870f,0,0,0,0,0,
20200801,VA,90801,3434,,352,totalTestEncountersViral,1123927,1256,7910,275,,150,,12007,A+,7/31/2020 17:00,2020-07-31T17:00:00Z,07/31 13:00,2215,7910,2020-07-31T17:00:00Z,,107823,,87367,2105,110,1123927,,112208,6974,,,,,,,1118,770,51,913,0,91153,16567,90801,41,44,10aab7a46a692b6a88639602ac9e657477a097c9,0,0,0,0,0,
20200731,VA,89888,3387,,449,totalTestEncountersViral,1107360,1334,7866,279,,145,,11937,A+,7/30/2020 17:00,2020-07-30T17:00:00Z,07/30 13:00,2174,7866,2020-07-30T17:00:00Z,,106630,,86501,2067,107,1107360,,111265,6906,,,,,,,1057,759,51,984,0,90337,15745,89888,33,80,674d94c0525fa9c0b51c9ab4ae874428089390cb,0,0,0,0,0,
20200730,VA,88904,3358,,492,totalTestEncountersViral,1091615,1357,7786,284,,147,,11728,A+,7/29/2020 17:00,2020-07-29T17:00:00Z,07/29 13:00,2141,7786,2020-07-29T17:00:00Z,,105369,,85546,2035,106,1091615,,110617,6839,,,,,,,1009,738,51,911,0,89396,18152,88904,16,48,171b63d57fd183ce5fd1eee0ac1c5c06825121ae,0,0,0,0,0,
20200729,VA,87993,3293,,484,totalTestEncountersViral,1073463,1350,7738,276,,155,,11650,A+,7/28/2020 17:00,2020-07-28T17:00:00Z,07/28 13:00,2125,7738,2020-07-28T17:00:00Z,,104037,,84700,2020,105,1073463,,109278,6729,,,,,,,963,701,51,999,0,88477,17315,87993,30,52,0a4d68572da292dcdd9fdcdb8fc0545cd972792a,0,0,0,0,0,
20200728,VA,86994,3262,,436,totalTestEncountersViral,1056148,1294,7686,261,,153,,11550,A+,7/27/2020 17:00,2020-07-27T17:00:00Z,07/27 13:00,2095,7686,2020-07-27T17:00:00Z,,101450,,83732,1991,104,1056148,,108701,6687,,,,,,,937,675,51,922,0,87430,20138,86994,13,39,49456b1924bf7cb07ae4be75008f1fcba734d20f,0,0,0,0,0,
20200727,VA,86072,3201,,379,totalTestEncountersViral,1036010,1200,7647,260,,140,,10940,A+,7/26/2020 17:00,2020-07-26T17:00:00Z,07/26 13:00,2082,7647,2020-07-26T17:00:00Z,,101450,,82871,1978,104,1036010,,108500,6668,,,,,,,894,638,51,1505,0,86451,10944,86072,4,54,c67effcaedc0334645a9c86d27ec86693571b42c,0,0,0,0,0,
20200726,VA,84567,3174,,393,totalTestEncountersViral,1025066,1174,7593,268,,143,,10882,A+,7/25/2020 17:00,2020-07-25T17:00:00Z,07/25 13:00,2078,7593,2020-07-25T17:00:00Z,,100785,,81393,1975,103,1025066,,108072,6634,,,,,,,868,613,51,958,0,84960,17752,84567,3,23,efd70fa7a6023fb768aa30ad30bbade7178d3af4,0,0,0,0,0,
20200725,VA,83609,3129,,416,totalTestEncountersViral,1007314,1201,7570,266,,138,,10800,A+,7/24/2020 17:00,2020-07-24T17:00:00Z,07/24 13:00,2075,7570,2020-07-24T17:00:00Z,,99636,,80480,1972,103,1007314,,107085,6550,,,,,,,859,605,51,1245,0,84025,20126,83609,8,55,3a86a2bf377440ffb705087195689de26aae57b4,0,0,0,0,0,
20200724,VA,82364,3111,,451,totalTestEncountersViral,987188,1250,7515,274,,142,,10576,A+,7/23/2020 17:00,2020-07-23T17:00:00Z,07/23 13:00,2067,7515,2020-07-23T17:00:00Z,,98175,,79253,1964,103,987188,,105975,6466,,,,,,,824,577,51,1127,0,82815,18043,82364,13,78,587a6b503f4f3400810ab2bd96bd12c63d5fa481,0,0,0,0,0,
20200723,VA,81237,3055,,417,totalTestEncountersViral,969145,1218,7437,257,,136,,10479,A+,7/22/2020 17:00,2020-07-22T17:00:00Z,07/22 13:00,2054,7437,2020-07-22T17:00:00Z,,96887,,78182,1951,103,969145,,104597,6348,,,,,,,798,555,51,844,0,81654,17971,81237,3,86,d9b83c176caa49a9e33c72f739fc56b42862367c,0,0,0,0,0,
20200722,VA,80393,3013,,385,totalTestEncountersViral,951174,1157,7351,253,,136,,10331,A+,7/21/2020 17:00,2020-07-21T17:00:00Z,07/21 13:00,2051,7351,2020-07-21T17:00:00Z,,94379,,77380,1948,103,951174,,103203,6252,,,,,,,749,527,51,1022,0,80778,14026,80393,3,84,cc1515f62fe2805459194544f1aabcca1649c60a,0,0,0,0,0,
20200721,VA,79371,2944,,427,totalTestEncountersViral,937148,1189,7267,258,,127,,10235,A+,7/20/2020 17:00,2020-07-20T17:00:00Z,07/20 13:00,2048,7267,2020-07-20T17:00:00Z,,94379,,76427,1945,103,937148,,102208,6159,,,,,,,709,501,51,996,0,79798,19647,79371,17,66,b643e13a5cc26318ef3b16395fa08edf7129a943,0,0,0,0,0,
20200720,VA,78375,2960,,415,totalTestEncountersViral,917501,1158,7201,265,,125,,10107,A+,7/19/2020 17:00,2020-07-19T17:00:00Z,07/19 13:00,2031,7201,2020-07-19T17:00:00Z,,93228,,75415,1927,104,917501,,101913,6127,,,,,,,645,466,51,945,0,78790,7498,78375,4,36,43b59c53a96fc4d9f6829c39c8ea52159a351a83,0,0,0,0,0,
20200719,VA,77430,2940,,453,totalTestEncountersViral,910003,1186,7165,249,,127,,10017,A+,7/18/2020 17:00,2020-07-18T17:00:00Z,07/18 13:00,2027,7165,2020-07-18T17:00:00Z,,92712,,74490,1923,104,910003,,101546,6092,,,,,,,636,458,51,1057,0,77883,12739,77430,2,18,a2313afeca97d65ad0dade8f7eb87f2bd90004b9,0,0,0,0,0,
20200718,VA,76373,2953,,421,totalTestEncountersViral,897264,1166,7147,254,,108,,9976,A+,7/17/2020 17:00,2020-07-17T17:00:00Z,07/17 13:00,2025,7147,2020-07-17T17:00:00Z,,91652,,73420,1921,104,897264,,100461,6016,,,,,,,627,452,51,940,0,76794,16938,76373,12,60,b32e86f6f91da32aa54a930b98faa221a9150dfb,0,0,0,0,0,
20200717,VA,75433,2917,,470,totalTestEncountersViral,880326,1171,7087,247,,118,,9883,A+,7/16/2020 17:00,2020-07-16T17:00:00Z,07/16 13:00,2013,7087,2020-07-16T17:00:00Z,,90256,,72516,1909,104,880326,,98287,5279,,,,,,,570,428,51,1002,0,75903,12395,75433,6,67,8a69402f31147a8066e91af497051c964faf5199,0,0,0,0,0,
20200716,VA,74431,2861,,444,totalTestEncountersViral,867931,1134,7020,248,,118,,9644,A+,7/15/2020 17:00,2020-07-15T17:00:00Z,07/15 13:00,2007,7020,2020-07-15T17:00:00Z,,89268,,71570,1903,104,867931,,96741,5180,,,,,,,548,410,51,904,0,74875,13565,74431,15,115,cd7829236f04ed13a067c5f463dfb5ff771da8e1,0,0,0,0,0,
20200715,VA,73527,2858,,382,totalTestEncountersViral,854366,1081,6905,246,,113,,9527,A+,7/14/2020 17:00,2020-07-14T17:00:00Z,07/14 13:00,1992,6905,2020-07-14T17:00:00Z,,88265,,70669,1882,110,854366,,94740,5001,,,,,,,507,378,51,1084,0,73909,13864,73527,15,88,8f75bcffd46f6b2e7fd59256d13a664d52cafa69,0,0,0,0,0,
20200714,VA,72443,2833,,420,totalTestEncountersViral,840502,1127,6817,249,,112,,9423,A+,7/13/2020 17:00,2020-07-13T17:00:00Z,07/13 13:00,1977,6817,2020-07-13T17:00:00Z,,87237,,69610,1870,107,840502,,93234,4893,,,,,,,461,340,51,801,0,72863,14041,72443,9,52,eddd1462d7ef2b533f256ed1cde27416b52861ff,0,0,0,0,0,
20200713,VA,71642,2828,,466,totalTestEncountersViral,826461,1129,6765,243,,105,,9330,A+,7/12/2020 17:00,2020-07-12T17:00:00Z,07/12 13:00,1968,6765,2020-07-12T17:00:00Z,,86045,,68814,1861,107,826461,,92985,4869,,,,,,,423,321,51,972,0,72108,12538,71642,2,21,d954e01ab03ecea6886db5ce301fdb5534890956,0,0,0,0,0,
20200712,VA,70670,2840,,389,totalTestEncountersViral,813923,1045,6744,228,,101,,9310,A+,7/11/2020 17:00,2020-07-11T17:00:00Z,07/11 13:00,1966,6744,2020-07-11T17:00:00Z,,84998,,67830,1859,107,813923,,92695,4857,,,,,,,413,311,51,888,0,71059,16007,70670,4,37,b5c73254b9cf3a557714f380df5b2df015fb7b41,0,0,0,0,0,
20200711,VA,69782,2819,,365,totalTestEncountersViral,797916,1020,6707,230,,97,,9271,A+,7/10/2020 17:00,2020-07-10T17:00:00Z,07/10 13:00,1962,6707,2020-07-10T17:00:00Z,,83832,,66963,1857,105,797916,,91478,4802,,,,,,,398,296,51,851,0,70147,16539,69782,4,32,3dd6fdfd3be5e6ad9a216f7e2ce3feb04603deee,0,0,0,0,0,
20200710,VA,68931,2836,,378,totalTestEncountersViral,781377,1006,6675,234,,102,,9189,A+,7/9/2020 17:00,2020-07-09T17:00:00Z,07/09 13:00,1958,6675,2020-07-09T17:00:00Z,,82679,,66095,1853,105,781377,,89599,4752,,,,,,,364,266,51,943,0,69309,13457,68931,21,50,24354c02d02e7c729816d1c4829a587169460eba,0,0,0,0,0,
20200709,VA,67988,2797,,370,totalTestEncountersViral,767920,956,6625,215,,93,,9065,A+,7/8/2020 17:00,2020-07-08T17:00:00Z,07/08 13:00,1937,6625,2020-07-08T17:00:00Z,,81692,,65191,1832,105,767920,,87835,4689,,,,,,,349,251,51,613,0,68358,16721,67988,32,48,38a26881b162e1b71f68ca506eb982483caeda0c,0,0,0,0,0,
20200708,VA,67375,2792,,377,totalTestEncountersViral,751199,971,6577,230,,98,,9011,A+,7/7/2020 17:00,2020-07-07T17:00:00Z,07/07 13:00,1905,6577,2020-07-07T17:00:00Z,,80487,,64583,1799,106,751199,,85623,4612,,,,,,,330,232,51,635,0,67752,12900,67375,24,65,b38605d6ac1d8b11b1910318162ba7e3e3ebe387,0,0,0,0,0,
20200707,VA,66740,2790,,313,totalTestEncountersViral,738299,902,6512,221,,105,,8913,A+,7/6/2020 17:00,2020-07-06T17:00:00Z,07/06 13:00,1881,6512,2020-07-06T17:00:00Z,,79499,,63950,1775,106,738299,,84585,4553,,,,,,,311,214,51,638,0,67053,10798,66740,28,77,baab5691f39311a2c20b5f321ba55c17ce183f11,0,0,0,0,0,
20200706,VA,66102,2763,,218,totalTestEncountersViral,727501,783,6435,194,,86,,8809,A+,7/5/2020 17:00,2020-07-05T17:00:00Z,07/05 13:00,1853,6435,2020-07-05T17:00:00Z,,78870,,63339,1747,106,727501,,84360,4542,,,,,,,298,201,51,354,0,66320,9362,66102,0,17,6dd97b3a85711841e68fbdbc84b448b02b92fd02,0,0,0,0,0,
20200705,VA,65748,2767,,246,totalTestEncountersViral,718139,792,6418,202,,95,,8784,A+,7/4/2020 17:00,2020-07-04T17:00:00Z,07/04 13:00,1853,6418,2020-07-04T17:00:00Z,,78124,,62981,1746,107,718139,,84163,4532,,,,,,,291,194,51,639,0,65994,10389,65748,4,13,b500afd8f9625fa5a536c7c885fc57c73a7c7e5f,0,0,0,0,0,
20200704,VA,65109,2709,,280,totalTestEncountersViral,707750,808,6405,207,,99,,8741,A+,7/3/2020 17:00,2020-07-03T17:00:00Z,07/03 13:00,1849,6405,2020-07-03T17:00:00Z,,77536,,62400,1745,104,707750,,83852,4515,,,,,,,276,179,51,716,0,65389,11709,65109,4,23,f905afb09f7569164f0eb6910c6a3a0db92b19e8,0,0,0,0,0,
20200703,VA,64393,2703,,283,totalTestEncountersViral,696041,818,6382,207,,95,,8711,A+,7/2/2020 17:00,2020-07-02T17:00:00Z,07/02 13:00,1845,6382,2020-07-02T17:00:00Z,,76798,,61690,1741,104,696041,,82549,4472,,,,,,,269,172,51,658,0,64676,11483,64393,29,49,2fec122c21bea30f491140f7a96ec71e04dfbc37,0,0,0,0,0,
20200702,VA,63735,2696,,343,totalTestEncountersViral,684558,888,6333,206,,95,,8496,A+,7/1/2020 17:00,2020-07-01T17:00:00Z,07/01 13:00,1816,6333,2020-07-01T17:00:00Z,,75964,,61039,1712,104,684558,,80624,4408,,,,,,,266,169,51,532,0,64078,12640,63735,30,71,080c3fa6990fee9081c2abb36437c3c2cfae7501,0,0,0,0,0,
20200701,VA,63203,2675,,357,totalTestEncountersViral,671918,892,6262,205,,95,,8131,A+,6/30/2020 17:00,2020-06-30T17:00:00Z,06/30 13:00,1786,6262,2020-06-30T17:00:00Z,,75141,,60528,1681,105,671918,,78642,4337,,,,,,,258,161,51,416,0,63560,16514,63203,23,59,bc6629831e1dec74617c388cef84b8e5fd7bb393,0,0,0,0,0,
20200630,VA,62787,2663,,355,totalTestEncountersViral,655404,902,6203,230,,98,,8080,A+,6/29/2020 17:00,2020-06-29T17:00:00Z,06/29 13:00,1763,6203,2020-06-29T17:00:00Z,,74344,,60124,1658,105,655404,,77190,4276,,,,,,,254,157,51,598,0,63142,9645,62787,23,39,e73fd67f4c226da7d337d090508ea40a38b2d9fb,0,0,0,0,0,
20200629,VA,62189,2667,,261,totalTestEncountersViral,645759,796,6164,225,,101,,8023,A+,6/28/2020 17:00,2020-06-28T17:00:00Z,06/28 13:00,1740,6164,2020-06-28T17:00:00Z,,73788,,59522,1635,105,645759,,76969,4257,,,,,,,244,147,51,453,0,62450,9045,62189,8,28,0a5e07808b30141812d0898944d0f3c97912c194,0,0,0,0,0,
20200628,VA,61736,2665,,295,totalTestEncountersViral,636714,818,6136,235,,107,,8005,A+,6/27/2020 17:00,2020-06-27T17:00:00Z,06/27 13:00,1732,6136,2020-06-27T17:00:00Z,,73198,,59071,1628,104,636714,,76475,4236,,,,,,,239,142,51,489,0,62031,10692,61736,8,16,6455f885110127031ab10970a0f0fe2e145f75a4,0,0,0,0,0,
20200627,VA,61247,2636,,284,totalTestEncountersViral,626022,819,6120,234,,103,,7968,A+,6/26/2020 17:00,2020-06-26T17:00:00Z,06/26 13:00,1724,6120,2020-06-26T17:00:00Z,,72567,,58611,1620,104,626022,,75057,4192,,,,,,,236,139,51,677,0,61531,10518,61247,24,49,dfc1352818cd931d2158a82deca7fae292cad985,0,0,0,0,0,
20200626,VA,60570,2593,,295,totalTestEncountersViral,615504,854,6071,219,,99,,7868,A+,6/25/2020 17:00,2020-06-25T17:00:00Z,06/25 13:00,1700,6071,2020-06-25T17:00:00Z,,71867,,57977,1596,104,615504,,73574,4158,,,,,,,224,127,51,624,0,60865,11693,60570,25,76,f9995c7d106bd836e14dc8ec25b290c16cd41abe,0,0,0,0,0,
20200625,VA,59946,2562,,303,totalTestEncountersViral,603811,854,5995,237,,104,,7818,A+,6/24/2020 17:00,2020-06-24T17:00:00Z,06/24 13:00,1675,5995,2020-06-24T17:00:00Z,,70986,,57384,1572,103,603811,,71993,4103,,,,,,,219,123,51,432,0,60249,11740,59946,14,40,a8cb38605d08380f844df08239f69e42fd2aba60,0,0,0,0,0,
20200624,VA,59514,2558,,319,totalTestEncountersViral,592071,886,5955,235,,107,,7765,A+,6/23/2020 17:00,2020-06-23T17:00:00Z,06/23 13:00,1661,5955,2020-06-23T17:00:00Z,,70203,,56956,1559,102,592071,,69979,4037,,,,,,,208,112,51,520,0,59833,10763,59514,16,42,a26370ed9bf6e64a3c2ecd3d7553fc40cb628c8a,0,0,0,0,0,
20200623,VA,58994,2542,,291,totalTestEncountersViral,581308,847,5913,245,,126,,7725,A+,6/22/2020 17:00,2020-06-22T17:00:00Z,06/22 13:00,1645,5913,2020-06-22T17:00:00Z,,69593,,56452,1542,103,581308,,68992,3992,,,,,,,196,100,51,529,0,59285,8137,58994,25,44,9aea9077e4c145dd2ed26b41ac87c2e1c58ae177,0,0,0,0,0,
20200622,VA,58465,2516,,298,totalTestEncountersViral,573171,848,5869,240,,132,,7663,A+,6/21/2020 17:00,2020-06-21T17:00:00Z,06/21 13:00,1620,5869,2020-06-21T17:00:00Z,,69143,,55949,1517,103,573171,,68762,3983,,,,,,,194,98,51,471,0,58763,8774,58465,9,29,9d48def2f60c847589c28fc8e3ba8dee489420ab,0,0,0,0,0,
20200621,VA,57994,2490,,297,totalTestEncountersViral,564397,863,5840,243,,125,,7646,A+,6/20/2020 17:00,2020-06-20T17:00:00Z,06/20 13:00,1611,5840,2020-06-20T17:00:00Z,,68672,,55504,1508,103,564397,,68314,3978,,,,,,,187,91,51,551,0,58291,14255,57994,4,33,75f34e2cadb7a09688a2071a7b478254ef093e9f,0,0,0,0,0,
20200620,VA,57443,2490,,303,totalTestEncountersViral,550142,880,5807,267,,133,,7607,A+,6/19/2020 17:00,2020-06-19T17:00:00Z,06/19 13:00,1607,5807,2020-06-19T17:00:00Z,,67975,,54953,1504,103,550142,,67129,3928,,,,,,,185,91,51,650,0,57746,8834,57443,5,10,bd5d0867c383ed85e4c5261eb2d5bb6251ae76bf,0,0,0,0,0,
20200619,VA,56793,2481,,285,totalTestEncountersViral,541308,862,5797,251,,121,,7563,A+,6/18/2020 17:00,2020-06-18T17:00:00Z,06/18 13:00,1602,5797,2020-06-18T17:00:00Z,,67410,,54312,1499,103,541308,,65374,3862,,,,,,,182,88,51,555,0,57078,9873,56793,16,53,b52e88afe9c814957763e0b8f9477beeb599d787,0,0,0,0,0,
20200618,VA,56238,2469,,259,totalTestEncountersViral,531435,857,5744,241,,129,,7493,A+,6/17/2020 17:00,2020-06-17T17:00:00Z,06/17 13:00,1586,5744,2020-06-17T17:00:00Z,,66774,,53769,1482,104,531435,,63844,3803,,,,,,,182,88,51,463,0,56497,11335,56238,3,52,78f7afa79eb0c366f15ccf1b7e445f68b23ddee3,0,0,0,0,0,
20200617,VA,55775,2457,,313,totalTestEncountersViral,520100,938,5692,249,,120,,7429,A+,6/16/2020 17:00,2020-06-16T17:00:00Z,06/16 13:00,1583,5692,2020-06-16T17:00:00Z,,66042,,53318,1478,105,520100,,61907,3750,,,,,,,179,85,51,444,0,56088,10219,55775,13,49,be64ec0d940e163082143f12677f4249864895db,0,0,0,0,0,
20200616,VA,55331,2414,,257,totalTestEncountersViral,509881,904,5643,241,,125,,7341,A+,6/15/2020 17:00,2020-06-15T17:00:00Z,06/15 13:00,1570,5643,2020-06-15T17:00:00Z,,65432,,52917,1465,105,509881,,60889,3704,,,,,,,179,85,51,445,0,55588,7489,55331,18,55,d6d8840f6474c0dc0a2a0350607d9d6a643fac99,0,0,0,0,0,
20200615,VA,54886,2426,,259,totalTestEncountersViral,502392,902,5588,269,,130,,7230,A+,6/14/2020 17:00,2020-06-14T17:00:00Z,06/14 13:00,1552,5588,2020-06-14T17:00:00Z,,64951,,52460,1444,108,502392,,60740,3699,,,,,,,176,82,51,380,0,55145,8677,54886,6,52,873d1bf8660a4ec8641af9e507a47c81eaa46759,0,0,0,0,0,
20200614,VA,54506,2403,,302,totalTestEncountersViral,493715,958,5536,334,,155,,7178,A+,6/13/2020 17:00,2020-06-13T17:00:00Z,06/13 13:00,1546,5536,2020-06-13T17:00:00Z,,64446,,52103,1438,108,493715,,60293,3666,,,,,,,174,80,51,637,0,54808,9500,54506,5,25,7de8d85e0bc078e09879b5101ed5f5bda34674fc,0,0,0,0,0,
20200613,VA,53869,2370,,283,totalTestEncountersViral,484215,959,5511,295,,142,,7131,A+,6/12/2020 17:00,2020-06-12T17:00:00Z,06/12 13:00,1541,5511,2020-06-12T17:00:00Z,,63856,,51499,1435,106,484215,,58767,3588,,,,,,,169,75,51,658,0,54152,10561,53869,7,66,5075f3decd8bcea0e3d1a503e722f9ba5b2c74c2,0,0,0,0,0,
20200612,VA,53211,2358,,363,totalTestEncountersViral,473654,1026,5445,297,,143,,7002,A+,6/11/2020 17:00,2020-06-11T17:00:00Z,06/11 13:00,1534,5445,2020-06-11T17:00:00Z,,63219,,50853,1426,108,473654,,57230,3493,,,,,,,168,74,51,564,0,53574,9966,53211,14,85,5e0327224143f6e26b6f8b6f82f39afceccc77a0,0,0,0,0,0,
20200611,VA,52647,2372,,358,totalTestEncountersViral,463688,1069,5360,273,,138,,6895,A+,6/10/2020 17:00,2020-06-10T17:00:00Z,06/10 13:00,1520,5360,2020-06-10T17:00:00Z,,62434,,50275,1413,107,463688,,55736,3385,,,,,,,166,72,51,470,0,53005,12100,52647,6,88,87aa20cef7e58888b22f46386ba9bb489345cda3,0,0,0,0,0,
20200610,VA,52177,2392,,407,totalTestEncountersViral,451588,1155,5272,296,,139,,6826,A+,6/9/2020 17:00,2020-06-09T17:00:00Z,06/09 13:00,1514,5272,2020-06-09T17:00:00Z,,61618,,49785,1408,106,451588,,53944,3282,,,,,,,165,71,51,439,0,52584,10867,52177,18,69,af4a47bce6ac5eda1c244b80f8084b5074a3f3b9,0,0,0,0,0,
20200609,VA,51738,2376,,383,totalTestEncountersViral,440721,1169,5203,311,,155,,6677,A+,6/8/2020 17:00,2020-06-08T17:00:00Z,06/08 13:00,1496,5203,2020-06-08T17:00:00Z,,60931,,49362,1391,105,440721,,53053,3231,,,,,,,162,68,51,487,0,52121,8054,51738,19,60,38bac5d0a8bc9947c3269d6603d0980e76484899,0,0,0,0,0,
20200608,VA,51251,2372,,373,totalTestEncountersViral,432667,1173,5143,308,,160,,6557,A+,6/7/2020 17:00,2020-06-07T17:00:00Z,06/07 13:00,1477,5143,2020-06-07T17:00:00Z,,60282,,48879,1373,104,432667,,52772,3202,,,,,,,155,61,51,570,0,51624,8655,51251,5,37,f2b25508d6ac69ab1f50f6e1849e399de451de26,0,0,0,0,0,
20200607,VA,50681,2332,,385,totalTestEncountersViral,424012,1186,5106,316,,165,,6538,A+,6/6/2020 17:00,2020-06-06T17:00:00Z,06/06 13:00,1472,5106,2020-06-06T17:00:00Z,,59668,,48349,1369,103,424012,,52312,3164,,,,,,,153,59,51,1284,0,51066,9237,50681,12,52,9b2a9be711e4cba756352f78564b452201785109,0,0,0,0,0,
20200606,VA,49397,2274,,350,totalTestEncountersViral,414775,1171,5054,324,,169,,6382,A+,6/5/2020 17:00,2020-06-05T17:00:00Z,06/05 13:00,1460,5054,2020-06-05T17:00:00Z,,59020,,47123,1357,103,414775,,50911,3070,,,,,,,147,53,51,865,0,49747,9893,49397,7,46,0c18133993cb7a9cb5982b15c263e67a88ea1bae,0,0,0,0,0,
20200605,VA,48532,2251,,374,totalTestEncountersViral,404882,1205,5008,320,,161,,6392,A+,6/4/2020 17:00,2020-06-04T17:00:00Z,06/04 13:00,1453,5008,2020-06-04T17:00:00Z,,58319,,46281,1350,103,404882,,49415,2973,,,,,,,144,50,51,676,0,48906,11931,48532,8,51,d7295686a987d2177f2bbbe57c09965c85852b87,0,0,0,0,0,
20200604,VA,47856,2236,,412,totalTestEncountersViral,392951,1266,4957,321,,171,,6284,A+,6/3/2020 17:00,2020-06-03T17:00:00Z,06/03 13:00,1445,4957,2020-06-03T17:00:00Z,,57368,,45620,1338,107,392951,,47626,2843,,,,,,,143,49,51,951,0,48268,11402,47856,17,73,f11e0e8c497b8680abaa339777e35ac2e5c93c75,0,0,0,0,0,
20200603,VA,46905,2190,,435,totalTestEncountersViral,381549,1311,4884,313,,185,,6165,A+,6/2/2020 17:00,2020-06-02T17:00:00Z,06/02 13:00,1428,4884,2020-06-02T17:00:00Z,,56250,,44715,1322,106,381549,,45940,2730,,,,,,,141,48,51,666,0,47340,12268,46905,21,114,67e1815ffe14fd37a7f377e1827d3e1cff51d5df,0,0,0,0,0,
20200602,VA,46239,2170,,450,totalTestEncountersViral,369281,1362,4770,336,,186,,6011,A+,6/1/2020 17:00,2020-06-01T17:00:00Z,06/01 13:00,1407,4770,2020-06-01T17:00:00Z,,55298,,44069,1300,107,369281,,44853,2679,,,,,,,137,45,51,841,0,46689,7484,46239,15,76,a69351ab35df51a0669ca7c999aafb635f458a4f,0,0,0,0,0,
20200601,VA,45398,2151,,419,totalTestEncountersViral,361797,1371,4694,347,,188,,5899,A+,5/31/2020 17:00,2020-05-31T17:00:00Z,05/31 13:00,1392,4694,2020-05-31T17:00:00Z,,54481,,43247,1282,110,361797,,44694,2668,,,,,,,133,41,51,791,0,45817,7958,45398,17,51,122ef3c058fbd5a9728e127484939cd17a42e155,0,0,0,0,0,
20200531,VA,44607,2108,,500,totalTestEncountersViral,353839,1458,4643,371,,196,,5868,A+,5/30/2020 17:00,2020-05-30T17:00:00Z,05/30 13:00,1375,4643,2020-05-30T17:00:00Z,,53898,,42499,1274,101,353839,,44192,2627,,,,,,,133,41,51,996,0,45107,9839,44607,5,42,6615c5a723299da0f9c29cc840ba00e88c43148a,0,0,0,0,0,
20200530,VA,43611,2082,,481,totalTestEncountersViral,344000,1471,4601,372,,194,,5745,A+,5/29/2020 17:00,2020-05-29T17:00:00Z,05/29 13:00,1370,4601,2020-05-29T17:00:00Z,,53077,,41529,1269,101,344000,,42431,2515,,,,,,,133,41,51,1078,0,44092,11953,43611,12,72,37a9aa00e52156d449cab2bda2a3d18dac0dadf2,0,0,0,0,0,
20200529,VA,42533,2056,,525,totalTestEncountersViral,332047,1524,4529,373,,193,,5648,A+,5/29/2020 17:00,2020-05-29T17:00:00Z,05/29 13:00,1358,4529,2020-05-29T17:00:00Z,,51711,,40477,1258,100,332047,,40620,2407,,,,,,,133,41,51,1132,0,43058,12362,42533,20,87,7f7fd9ef8bae566548706a6653da9b5cb5194ffe,0,0,0,0,0,
20200528,VA,41401,2008,,476,totalTestEncountersViral,319685,1502,4442,416,,195,,5472,A+,5/27/2020 17:00,2020-05-27T17:00:00Z,05/27 13:00,1338,4442,2020-05-27T17:00:00Z,,50205,,39393,1236,102,319685,,38326,2254,,,,,,,132,41,51,1152,0,41877,11757,41401,57,57,3b6687821336703a7b838514ca9377eba19c2933,0,0,0,0,0,
20200527,VA,40249,1973,,444,totalTestEncountersViral,307928,1459,4385,390,,203,,5367,A+,5/26/2020 17:00,2020-05-26T17:00:00Z,05/26 13:00,1281,4385,2020-05-26T17:00:00Z,,48969,,38276,1202,79,307928,,36965,2144,,,,,,,132,41,51,907,0,40693,11501,40249,45,60,2c6c19ceddd8d4761311aaf03bb42ff894c649c4,0,0,0,0,0,
20200526,VA,39342,1902,,412,totalTestEncountersViral,296427,1403,4325,366,,190,,5227,A+,5/25/2020 17:00,2020-05-25T17:00:00Z,05/25 13:00,1236,4325,2020-05-25T17:00:00Z,,47645,,37440,1175,61,296427,,36820,2131,,,,,,,120,30,51,1615,0,39754,5226,39342,28,56,002083b6f4aaf7b08cbf4d93af4281d946e07f94,0,0,0,0,0,
20200525,VA,37727,1837,,414,totalTestEncountersViral,291201,1376,4269,349,,182,,5145,A+,5/24/2020 17:00,2020-05-24T17:00:00Z,05/24 13:00,1208,4269,2020-05-24T17:00:00Z,,47140,,35890,1158,50,291201,,36768,2124,,,,,,,119,29,51,1483,0,38141,7585,37727,37,55,df226bd77c06c8e1895e29d7c52c86a530e613eb,0,0,0,0,0,
20200524,VA,36244,1793,,411,totalTestEncountersViral,283616,1351,4214,354,,192,,5102,A+,5/23/2020 17:00,2020-05-23T17:00:00Z,05/23 13:00,1171,4214,2020-05-23T17:00:00Z,,46256,,34451,1135,36,283616,,36260,2094,,,,,,,119,29,51,495,0,36655,7319,36244,12,33,a262777f7c10a103f6afbe14738dece28d5f7e58,0,0,0,0,0,
20200523,VA,35749,1787,,409,totalTestEncountersViral,276297,1384,4181,330,,213,,5047,A+,5/22/2020 17:00,2020-05-22T17:00:00Z,05/22 13:00,1159,4181,2020-05-22T17:00:00Z,,45359,,33962,1123,36,276297,,34481,1981,,,,,,,118,29,51,799,0,36158,10630,35749,23,36,7305e9823759c863aee4517b8dba2823043d3cc7,0,0,0,0,0,
20200522,VA,34950,1742,,464,totalTestEncountersViral,265667,1459,4145,366,,207,,4963,A+,5/21/2020 17:00,2020-05-21T17:00:00Z,05/21 13:00,1136,4145,2020-05-21T17:00:00Z,,43902,,33208,1100,36,265667,,32735,1878,,,,,,,116,27,51,813,0,35414,8187,34950,37,52,a5a44959e3c4878cce00a90d4efc0deb4c23dcb7,0,0,0,0,0,
20200521,VA,34137,1709,,490,totalTestEncountersViral,257480,1491,4093,351,,191,,4778,A+,5/21/2020 17:00,2020-05-21T17:00:00Z,05/21 13:00,1099,4093,2020-05-21T17:00:00Z,,42676,,32428,1064,35,257480,,30922,1777,,,,,,,112,27,51,1229,0,34627,11052,34137,25,114,501f3256fb8ca50b3b4ee83e0861c754be0b8bef,0,0,0,0,0,
20200520,VA,32908,1661,,518,totalTestEncountersViral,246428,1536,3979,370,,202,,4523,A+,5/19/2020 17:00,2020-05-19T17:00:00Z,05/19 13:00,1074,3979,2020-05-19T17:00:00Z,,41104,,31247,1040,34,246428,,28875,1647,,,,,,,109,25,51,763,0,33426,8154,32908,33,75,5f780c8e9441362ee0e2dc94ac7146f1f3dffe2d,0,0,0,0,0,
20200519,VA,32145,1606,,473,totalTestEncountersViral,238274,1497,3904,377,,199,,4271,A+,5/18/2020 17:00,2020-05-18T17:00:00Z,05/18 13:00,1041,3904,2020-05-18T17:00:00Z,,39921,,30539,1007,34,238274,,27340,1561,,,,,,,109,25,51,1005,0,32618,5640,32145,27,82,9904dfe0c8535888a28cf3f3ee1e5e5132cc6a28,0,0,0,0,0,
20200518,VA,31140,1549,,530,totalTestEncountersViral,232634,1502,3822,361,,194,,4107,A+,5/17/2020 17:00,2020-05-17T17:00:00Z,05/17 13:00,1014,3822,2020-05-17T17:00:00Z,,39211,,29591,980,34,232634,,27229,1552,,,,,,,107,25,51,752,0,31670,8508,31140,5,47,d6bf75cf40c6d9a1f0b0d6b6317b546983043a9b,0,0,0,0,0,
20200517,VA,30388,1487,,527,totalTestEncountersViral,224126,1524,3775,379,,195,,3993,A+,5/16/2020 17:00,2020-05-16T17:00:00Z,05/16 13:00,1009,3775,2020-05-16T17:00:00Z,,38003,,28901,975,34,224126,,26744,1516,,,,,,,107,25,51,705,0,30915,7805,30388,7,51,02a023d02fa3e5d2732a301f749f83cfddfb1bec,0,0,0,0,0,
20200516,VA,29683,1450,,485,totalTestEncountersViral,216321,1505,3724,381,,189,,3909,A+,5/15/2020 17:00,2020-05-15T17:00:00Z,05/15 13:00,1002,3724,2020-05-15T17:00:00Z,,36922,,28233,968,34,216321,,24858,1395,,,,,,,101,24,51,1011,0,30168,7210,29683,25,67,d2f21e2fa41e612f9828d3978a2f23d2ae8dd0e0,0,0,0,0,0,
20200515,VA,28672,1379,,458,totalTestEncountersViral,209111,1511,3657,362,,195,,3805,A+,5/14/2020 17:00,2020-05-14T17:00:00Z,05/14 13:00,977,3657,2020-05-14T17:00:00Z,,35912,,27293,944,33,209111,,22902,1273,,,,,,,91,23,51,859,0,29130,7952,28672,22,65,98ab90247702d01079a58cd22788f0c092d3c867,0,0,0,0,0,
20200514,VA,27813,1344,,496,totalTestEncountersViral,201159,1533,3592,355,,201,,3678,A+,5/13/2020 17:00,2020-05-13T17:00:00Z,05/13 13:00,955,3592,2020-05-13T17:00:00Z,,34740,,26469,927,28,201159,,20711,1156,,,,,,,84,22,51,1067,0,28309,8735,27813,28,72,5683f7d13314b09bdd0c3f349ef68c4cc8b8e72d,0,0,0,0,0,
20200513,VA,26746,1315,,485,totalTestEncountersViral,192424,1526,3520,374,,202,,3554,A+,5/12/2020 17:00,2020-05-12T17:00:00Z,05/12 13:00,927,3520,2020-05-12T17:00:00Z,,33434,,25431,899,28,192424,,19080,1054,,,,,,,83,21,51,946,0,27231,6009,26746,36,125,8540d4ee7b0b1a5fbe0258dcb761c49796f41dd2,0,0,0,0,0,
20200512,VA,25800,1199,,447,totalTestEncountersViral,186415,1529,3395,364,,201,,3400,A+,5/12/2020 09:00,2020-05-12T09:00:00Z,05/12 05:00,891,3395,2020-05-12T09:00:00Z,,32577,,24601,864,27,186415,,17626,975,,,,,,,82,20,51,730,0,26247,4204,25800,41,95,3f54472efce2645f3dbeb30a4ce915742a67ee3f,0,0,0,0,0,
20200511,VA,25070,1181,,432,totalTestEncountersViral,182211,1504,3300,362,,194,,3273,A+,5/10/2020 17:00,2020-05-10T17:00:00Z,05/10 13:00,850,3300,2020-05-10T17:00:00Z,,31982,,23889,823,27,182211,,17515,961,,,,,,,82,20,51,989,0,25502,5553,25070,11,89,6fef53d7968918323ec58d2371aca149cc4b7b5f,0,0,0,0,0,
20200510,VA,24081,1119,,506,totalTestEncountersViral,176658,1555,3211,351,,187,,3201,A+,5/9/2020 17:00,2020-05-09T17:00:00Z,05/09 13:00,839,3211,2020-05-09T17:00:00Z,,31136,,22962,813,26,176658,,16846,922,,,,,,,82,20,51,885,0,24587,7117,24081,12,47,3f90300dcacbd71152d0efa38412c2ebb68fbc77,0,0,0,0,0,
20200509,VA,23196,1110,,501,totalTestEncountersViral,169541,1593,3164,367,,198,,3124,A+,5/8/2020 17:00,2020-05-08T17:00:00Z,05/08 13:00,827,3164,2020-05-08T17:00:00Z,,30016,,22086,801,26,169541,,15457,839,,,,,,,82,20,51,854,0,23697,8426,23196,15,105,a311298f0d5474f2d6e973898fb581167c6038c5,0,0,0,0,0,
20200508,VA,22342,1068,,549,totalTestEncountersViral,161115,1625,3059,378,,199,,2997,A+,5/7/2020 17:00,2020-05-07T17:00:00Z,05/07 13:00,812,3059,2020-05-07T17:00:00Z,,28671,,21274,787,25,161115,,13422,737,,,,,,,65,20,51,772,0,22891,7282,22342,43,104,973821a163fd2531fd6715284fba49947c508121,0,0,0,0,0,
20200507,VA,21570,1033,,519,totalTestEncountersViral,153833,1613,2955,371,,203,,2825,A+,5/6/2020 17:00,2020-05-06T17:00:00Z,05/06 13:00,769,2955,2020-05-06T17:00:00Z,,27518,,20537,745,24,153833,,12106,658,,,,,,,50,19,51,1314,0,22089,8712,21570,56,182,37bdcd15daefbacb1840b1299f5a4ef888f01ab4,0,0,0,0,0,
20200506,VA,20256,899,,469,totalTestEncountersViral,145121,1496,2773,361,,189,,2617,A+,5/4/2020 17:00,2020-05-04T17:00:00Z,05/04 13:00,713,2773,2020-05-04T17:00:00Z,,26185,,19357,690,23,145121,,10441,553,,,,,,,50,19,51,0,0,20725,6185,20256,0,73,246bdd8877bb740143a825ab4562a085cc98df3e,0,0,0,0,0,
20200505,VA,20256,899,,469,totalTestEncountersViral,138936,1496,2700,361,,189,,2617,A+,5/4/2020 17:00,2020-05-04T17:00:00Z,05/04 13:00,713,2700,2020-05-04T17:00:00Z,,25079,,19357,690,23,138936,,9325,499,,,,,,,45,14,51,764,0,20725,3295,20256,29,73,cf659d2002445c0fda8bfef890536e6b4c4c0ba2,0,0,0,0,0,
20200504,VA,19492,852,,478,totalTestEncountersViral,135641,1463,2627,348,,192,,2547,A+,5/3/2020 17:00,2020-05-03T17:00:00Z,05/03 13:00,684,2627,2020-05-03T17:00:00Z,,24539,,18640,662,22,135641,,9034,485,,,,,,,45,14,51,821,0,19970,4821,19492,24,108,9013c04b08388ff64abc34a55949f58317238ac4,0,0,0,0,0,
20200503,VA,18671,798,,465,totalTestEncountersViral,130820,1413,2519,385,,193,,2497,B,5/2/2020 17:00,2020-05-02T17:00:00Z,05/02 13:00,660,2519,2020-05-02T17:00:00Z,,23596,,17873,644,16,130820,,8443,449,,,,,,,45,14,51,940,0,19136,5852,18671,44,103,3853a374bdf2f0ef234fad10229135dc831b2208,0,0,0,0,0,
20200502,VA,17731,752,,458,totalTestEncountersViral,124968,1426,2416,375,,202,,2312,B,5/2/2020 00:00,2020-05-02T00:00:00Z,05/01 20:00,616,2416,2020-05-02T00:00:00Z,,22637,,16979,607,9,124968,,7065,382,,,,,,,45,14,51,830,0,18189,6613,17731,35,94,8918811914e174d73aa93079c228851bb4566a82,0,0,0,0,0,
20200501,VA,16901,792,,468,totalTestEncountersViral,118355,1431,2322,366,,193,,2196,B,4/30/2020 17:00,2020-04-30T17:00:00Z,04/30 13:00,581,2322,2020-04-30T17:00:00Z,,21476,,16109,572,9,118355,,5774,303,,,,,,,44,13,51,1055,0,17369,5440,16901,29,63,7a0799cd2f612784b98eef190916c87d0a4b5a61,0,0,0,0,0,
20200430,VA,15846,666,,583,totalTestEncountersViral,112915,1550,2259,372,,208,,2104,B,4/30/2020 00:00,2020-04-30T00:00:00Z,04/29 20:00,552,2259,2020-04-30T00:00:00Z,,20578,,15180,543,9,112915,,4308,219,,,,,,,42,11,51,885,0,16429,6644,15846,30,94,c930545090247d8f9f01c9f94dfe5f5bfcc229a0,0,0,0,0,0,
20200429,VA,14961,633,,620,totalTestEncountersViral,106271,1566,2165,387,,222,,2042,B,4/29/2020 00:00,2020-04-29T00:00:00Z,04/28 20:00,522,2165,2020-04-29T00:00:00Z,,19344,,14328,513,9,106271,,3302,187,,,,,,,28,10,51,622,0,15581,4089,14961,30,99,b2638739d7727968d2034512d9961fe12465d7fd,0,0,0,0,0,
20200428,VA,14339,545,,560,totalTestEncountersViral,102182,1508,2066,376,,217,,1914,B,4/27/2020 17:00,2020-04-27T17:00:00Z,04/27 13:00,492,2066,2020-04-27T17:00:00Z,,18567,,13794,487,5,102182,,2539,152,,,,,,,27,9,51,804,0,14899,3254,14339,34,52,043d416f92b4a58a19fa897c4cbf3ff488ba5c76,0,0,0,0,0,
20200427,VA,13535,499,,542,totalTestEncountersViral,98928,1455,2014,389,,217,,1843,B,4/27/2020 00:00,2020-04-27T00:00:00Z,04/26 20:00,458,2014,2020-04-27T00:00:00Z,,17974,,13036,454,4,98928,,2134,138,,,,,,,27,9,51,565,0,14077,3742,13535,10,72,9fccb4eada77c9f5bdfc52ea49e40d3f13c3052d,0,0,0,0,0,
20200426,VA,12970,482,,539,totalTestEncountersViral,95186,1436,1942,387,,217,,1815,B,4/26/2020 00:00,2020-04-26T00:00:00Z,04/25 20:00,448,1942,2020-04-26T00:00:00Z,,17180,,12488,444,4,95186,,1908,120,,,,,,,27,9,51,604,0,13509,4061,12970,12,105,983e28bade2279afe7e7050f9a2c68b5fdc54fdb,0,0,0,0,0,
20200425,VA,12366,464,,1405,totalTestEncountersViral,91125,1405,1837,357,,223,,1717,B,4/25/2020 00:00,2020-04-25T00:00:00Z,04/24 20:00,436,1837,2020-04-25T00:00:00Z,,16409,,11902,432,4,91125,,1386,88,,,,,,,27,9,51,772,0,13771,3529,12366,26,84,170530e9f8067c8a678ef94180bc6f193572d1b6,0,0,0,0,0,
20200424,VA,11594,425,,487,totalTestEncountersViral,87596,1399,1753,379,,220,,1672,A,4/24/2020 00:00,2020-04-24T00:00:00Z,04/23 20:00,410,1753,2020-04-24T00:00:00Z,,15704,,11169,407,3,87596,,844,72,,,,,,,27,9,51,596,0,12081,4990,11594,38,94,6b912f7f681601e0c99a8a86fbccf34b833e8728,0,0,0,0,0,
20200423,VA,10998,371,,492,totalTestEncountersViral,82606,1379,1659,400,,249,,1567,A,4/23/2020 00:00,2020-04-23T00:00:00Z,04/22 20:00,372,1659,2020-04-23T00:00:00Z,,14835,,10627,370,2,82606,,343,33,,,,,,,27,9,51,732,0,11490,4811,10998,23,78,3042a924f1e06982096f54402760830bfe29427c,0,0,0,0,0,
20200422,VA,10266,314,,477,totalTestEncountersViral,77795,1374,1581,419,,244,,1497,A,4/22/2020 00:00,2020-04-22T00:00:00Z,04/21 20:00,349,1581,2020-04-22T00:00:00Z,,13940,,9952,347,2,77795,,91,18,,,,,,,27,9,51,636,0,10743,2716,10266,25,81,f93ae172eb1cd7c063f405f57ea38d974b2c5f9a,0,0,0,0,0,
20200421,VA,9630,179,,477,totalTestEncountersViral,75079,1331,1500,403,,251,,1418,A,4/21/2020 00:00,2020-04-21T00:00:00Z,04/20 20:00,324,1500,2020-04-21T00:00:00Z,,13382,,9451,321,3,75079,,69,14,,,,,,,27,9,51,640,0,10107,1974,9630,24,78,03f4eeefc664648a8254f72e83904b268bbf65be,0,0,0,0,0,
20200420,VA,8990,,,468,totalTestEncountersViral,73105,1296,1422,396,,237,,1324,A,4/20/2020 00:00,2020-04-20T00:00:00Z,04/19 20:00,300,1422,2020-04-20T00:00:00Z,,12913,,,,,73105,,36,4,,,,,,,27,9,51,453,0,9458,2439,8990,23,126,5bcce7ef002ca708692ce43f8e5029ac3d4d3790,0,0,0,0,0,
20200419,VA,8537,,,499,totalTestEncountersViral,70666,1319,1296,388,,231,,1267,A,4/19/2020 00:00,2020-04-19T00:00:00Z,04/18 20:00,277,1296,2020-04-19T00:00:00Z,,12352,,,,,70666,,27,4,,,,,,,26,8,51,484,0,9036,2706,8537,19,75,f9cbf5a20faeb29d2eb0928153e0c54534e2cb9e,0,0,0,0,0,
20200418,VA,8053,,,486,totalTestEncountersViral,67960,1307,1221,398,,230,,1228,A,4/17/2020 17:00,2020-04-17T17:00:00Z,04/17 13:00,258,1221,2020-04-17T17:00:00Z,,11808,,,,,67960,,9,3,,,,,,,26,8,51,562,0,8539,3305,8053,27,107,fb980291e01d98acb3c68b1c98c78e86607c106d,0,0,0,0,0,
20200417,VA,7491,,,499,totalTestEncountersViral,64655,1308,1114,400,,224,,1110,A,4/16/2020 17:00,2020-04-16T17:00:00Z,04/16 13:00,231,1114,2020-04-16T17:00:00Z,,11200,,,,,64655,,5,1,,,,,,,23,5,51,602,0,7990,3271,7491,23,66,1c04e3308566ffa2d0d6e33263ec57f255fdf992,0,0,0,0,0,
20200416,VA,6889,,,537,totalTestEncountersViral,61384,1337,1048,427,,238,,951,A,4/16/2020 00:00,2020-04-16T00:00:00Z,04/15 20:00,208,1048,2020-04-16T00:00:00Z,,10526,,,,,61384,,4,1,,,,,,,21,3,51,389,0,7426,3026,6889,13,70,b2c47920f7ba74151031ccd2078b1f2587f2f022,0,0,0,0,0,
20200415,VA,6500,,,496,totalTestEncountersViral,58358,1298,978,394,,234,,752,A,4/15/2020 00:00,2020-04-15T00:00:00Z,04/14 20:00,195,978,2020-04-15T00:00:00Z,,9948,,,,,58358,,4,1,,,,,,,21,3,51,329,0,6996,2047,6500,41,75,26b3f16c6df725d6ff4d39502e5e3c271cd05b14,0,0,0,0,0,
20200414,VA,6171,,,469,totalTestEncountersViral,56311,1282,903,422,,276,,721,A,4/13/2020 17:00,2020-04-13T17:00:00Z,04/13 13:00,154,903,2020-04-13T17:00:00Z,,9551,,,,,56311,,1,1,,,,,,,21,3,51,424,0,6640,1613,6171,5,31,85848477f32741a0c92d15dc35ed49802852863c,0,0,0,0,0,
20200413,VA,5747,,,473,totalTestEncountersViral,54698,1238,872,428,,302,,,A,4/13/2020 09:00,2020-04-13T09:00:00Z,04/13 05:00,149,872,2020-04-13T09:00:00Z,,9221,,,,,54698,,1,1,,,,,,,21,3,51,473,0,6220,2142,5747,8,35,f003eb375bdae0dd65a6e5560a722f5eb22648c1,0,0,0,0,0,
20200412,VA,5274,,,521,totalTestEncountersViral,52556,751,837,440,,294,,,A,4/11/2020 17:00,2020-04-11T17:00:00Z,04/11 13:00,141,837,2020-04-11T17:00:00Z,,8813,,,,,52556,,1,1,,,,,,,21,3,51,197,0,5795,2365,5274,11,65,24e90055fe04721ea23a4933178aaeec8212dffc,0,0,0,0,0,
20200411,VA,5077,,,517,totalTestEncountersViral,50191,1252,772,426,,283,,,A,4/10/2020 17:00,2020-04-10T17:00:00Z,04/10 13:00,130,772,2020-04-10T17:00:00Z,,8351,,,,,50191,,1,1,,,,,,,21,3,51,568,0,5594,2799,5077,9,87,05e12e4153695f36bb8e68f10150a90700736438,0,0,0,0,0,
20200410,VA,4509,,,521,totalTestEncountersViral,47392,1238,685,457,,287,,,A,4/10/2020 09:00,2020-04-10T09:00:00Z,04/10 05:00,121,685,2020-04-10T09:00:00Z,,7915,,,,,47392,,1,1,,,,,,,21,3,51,467,0,5030,3372,4509,12,122,4a76ac9d3e8951c9e28007c74875bbc058091d27,0,0,0,0,0,
20200409,VA,4042,,,627,totalTestEncountersViral,44020,669,563,469,,285,,,A,4/9/2020 00:00,2020-04-09T00:00:00Z,04/08 20:00,109,563,2020-04-09T00:00:00Z,,7378,,,,,44020,,1,1,,,,,,,20,3,51,397,0,4669,2310,4042,34,0,1c4b42722e09f25503d1fcc9fb7e81f9f7ae046d,0,0,0,0,0,
20200408,VA,3645,,,,totalTestEncountersViral,41710,,563,,,,,,A,4/7/2020 17:00,2020-04-07T17:00:00Z,04/07 13:00,75,563,2020-04-07T17:00:00Z,,6923,,,,,41710,,1,1,,,,,,,20,3,51,312,0,3645,2391,3645,12,66,080c378962e24f608f07623c99d5ded00d2d3ddd,0,0,0,0,0,
20200407,VA,3333,,,,totalTestEncountersViral,39319,,497,,,,,,A,4/6/2020 17:00,2020-04-06T17:00:00Z,04/06 13:00,63,497,2020-04-06T17:00:00Z,,6533,,,,,39319,,0,0,,,,,,,19,2,51,455,0,3333,2962,3333,9,66,2dcabbf4f74ddf8a26a77cd8f0868710c9c4397e,0,0,0,0,0,
20200406,VA,2878,,,,totalTestEncountersViral,36357,,431,,,,,,A,4/5/2020 17:00,2020-04-05T17:00:00Z,04/05 13:00,54,431,2020-04-05T17:00:00Z,,6122,,,,,36357,,,,,,,,,,19,2,51,241,0,2878,3809,2878,3,41,2287f411ef27040e1acdc9ef1df8160886d7bab3,0,0,0,0,0,
20200405,VA,2637,,,,totalTestEncountersViral,32548,,390,,,,,,A,4/4/2020 17:00,2020-04-04T17:00:00Z,04/04 13:00,51,390,2020-04-04T17:00:00Z,,5637,,,,,32548,,,,,,,,,,19,2,51,230,0,2637,2193,2637,-1,78,89c8dffd3e42ae142238c79857ef0504838ee4ec,0,0,0,0,0,
20200404,VA,2407,,,,totalTestEncountersViral,30355,,312,,,,,,A,4/3/2020 17:00,2020-04-03T17:00:00Z,04/03 13:00,52,312,2020-04-03T17:00:00Z,,5230,,,,,30355,,,,,,,,,,19,2,51,395,0,2407,2709,2407,6,66,6f7018bac07cd3c1f3e86400356b1ecc56cae854,0,0,0,0,0,
20200403,VA,2012,,,,totalTestEncountersViral,27646,,246,,,,,,A,4/3/2020 09:00,2020-04-03T09:00:00Z,04/03 05:00,46,246,2020-04-03T09:00:00Z,,4880,,,,,27646,,,,,,,,,,19,2,51,306,0,2012,1964,2012,5,38,02635eafcb625d2fea2807456c589517a791b81c,0,0,0,0,0,
20200402,VA,1706,,,,totalTestEncountersViral,25682,246,208,,,,,,A,4/2/2020 09:00,2020-04-02T09:00:00Z,04/02 05:00,41,208,2020-04-02T09:00:00Z,,4550,,,,,25682,,,,,,,,,,19,2,51,222,0,1706,2392,1706,7,43,99f22cb6568fa602829e9b3a293c2bdbd54856b4,0,0,0,0,0,
20200401,VA,1484,,,,totalTestEncountersViral,23290,,165,,,,,,A,4/1/2020 13:00,2020-04-01T13:00:00Z,04/01 09:00,34,165,2020-04-01T13:00:00Z,,4191,,,,,23290,,,,,,,,,,19,2,51,234,0,1484,1897,1484,7,29,743cff77353f9a4b4c110a772780e7e01573a3f6,0,0,0,0,0,
20200331,VA,1250,,,,totalTestEncountersViral,21393,,136,,,,,,A,3/31/2020 00:00,2020-03-31T00:00:00Z,03/30 20:00,27,136,2020-03-31T00:00:00Z,,3847,,,,,21393,,,,,,,,,,19,2,51,230,0,1250,1685,1250,2,24,e2bd2816c3ccca95084c802e2d02514689d89778,0,0,0,0,0,
20200330,VA,1020,,,,totalTestEncountersViral,19708,,112,,,,,,A,3/30/2020 00:00,2020-03-30T00:00:00Z,03/29 20:00,25,112,2020-03-30T00:00:00Z,,3613,,,,,19708,,,,,,,,,,19,2,51,130,0,1020,1386,1020,3,13,84aaf45fc92a64ed4e29652e8c18ac09933e7516,0,0,0,0,0,
20200329,VA,890,,,,totalTestEncountersViral,18322,,99,,,,,,A,3/29/2020 00:00,2020-03-29T00:00:00Z,03/28 20:00,22,99,2020-03-29T00:00:00Z,,3403,,,,,18322,,,,,,,,,,18,1,51,151,0,890,1598,890,5,16,02715056b428e158c2325babd99af66f6394c91d,0,0,0,0,0,
20200328,VA,739,,,,totalTestEncountersViral,16724,,83,,,,,,A,3/28/2020 00:00,2020-03-28T00:00:00Z,03/27 20:00,17,83,2020-03-28T00:00:00Z,,3214,,,,,16724,,,,,,,,,,18,1,51,135,0,739,1946,739,3,18,ff0a4e47bc606df8398a822df82b0481152a3927,0,0,0,0,0,
20200327,VA,604,,,,totalTestEncountersViral,14778,,65,,,,,,A,3/27/2020 00:00,2020-03-27T00:00:00Z,03/26 20:00,14,65,2020-03-27T00:00:00Z,,2967,,,,,14778,,,,,,,,,,18,1,51,144,0,604,1404,604,1,6,d24dca495d729097911ca2336dfba13094bd8797,0,0,0,0,0,
20200326,VA,460,,,,totalTestEncountersViral,13374,,59,,,,,,A,3/26/2020 00:00,2020-03-26T00:00:00Z,03/25 20:00,13,59,2020-03-26T00:00:00Z,,2777,,,,,13374,,,,,,,,,,18,1,51,69,0,460,1097,460,4,14,d6e323a7961e1765144e767a28bb027349aafc5e,0,0,0,0,0,
20200325,VA,391,,,,totalTestEncountersViral,12277,,45,,,,,,A,3/25/2020 00:00,2020-03-25T00:00:00Z,03/24 20:00,9,45,2020-03-25T00:00:00Z,,2630,,,,,12277,,,,,,,,,,18,1,51,101,0,391,1074,391,2,7,fffbeacf682860cde7c7237f705c51c1963de8fe,0,0,0,0,0,
20200324,VA,290,,,,totalTestEncountersViral,11203,,38,,,,,,A,3/24/2020 00:00,2020-03-24T00:00:00Z,03/23 20:00,7,38,2020-03-24T00:00:00Z,,2494,,,,,11203,,,,,,,,,,18,1,51,36,0,290,810,290,1,6,839a2d9856293b067a046254937c91342f19d8e0,0,0,0,0,0,
20200323,VA,254,,,,totalTestEncountersViral,10393,,32,,,,,,A,3/23/2020 00:00,2020-03-23T00:00:00Z,03/22 20:00,6,32,2020-03-23T00:00:00Z,,2405,,,,,10393,,,,,,,,,,18,1,51,35,0,254,498,254,3,7,37a5ad527c5d137b6f7945a1898495b97d4ccff7,0,0,0,0,0,
20200322,VA,219,,,,totalTestEncountersViral,9895,,25,,,,,,,3/21/2020 17:00,2020-03-21T17:00:00Z,03/21 13:00,3,25,2020-03-21T17:00:00Z,,2375,,,,,9895,,,,,,,,,,18,1,51,67,0,219,907,219,1,5,328e93abb1256871e7112b941da414ed91d8878d,0,0,0,0,0,
20200321,VA,152,,,,totalTestEncountersViral,8988,,20,,,,,,,3/21/2020 00:00,2020-03-21T00:00:00Z,03/20 20:00,2,20,2020-03-21T00:00:00Z,,2302,,,,,8988,,,,,,,,,,18,1,51,38,0,152,595,152,0,1,b5bdffc5247ce5ce635386089253c6257ec23567,0,0,0,0,0,
20200320,VA,114,,,,totalTestEncountersViral,8393,,19,,,,,,,3/20/2020 00:00,2020-03-20T00:00:00Z,03/19 20:00,2,19,2020-03-20T00:00:00Z,,2253,,,,,8393,,,,,,,,,,18,1,51,20,0,114,593,114,0,19,429676a21c7ea8ae36ebfc2b743b61498daa1708,0,0,0,0,0,
20200319,VA,94,,,,totalTestEncountersViral,7800,,,,,,,,,3/19/2020 12:00,2020-03-19T12:00:00Z,03/19 08:00,2,,2020-03-19T12:00:00Z,,2161,,,,,7800,,,,,,,,,,18,1,51,17,0,94,424,94,1,0,53c6a01ad3edc5cd9811f2ab5595fba2fa3c5a54,0,0,0,0,0,
20200318,VA,77,,,,totalTestEncountersViral,7376,,,,,,,,,3/18/2020 12:00,2020-03-18T12:00:00Z,03/18 08:00,1,,2020-03-18T12:00:00Z,,2142,,,,,7376,,,,,,,,,,18,1,51,10,0,77,224,77,0,0,7224d06dc35b936aafa6306d4a39af27ec50b79f,0,0,0,0,0,
20200317,VA,67,,,,totalTestEncountersViral,7152,,,,,,,,,3/17/2020 12:00,2020-03-17T12:00:00Z,03/17 08:00,1,,2020-03-17T12:00:00Z,,2119,,,,,7152,,,,,,,,,,18,1,51,16,0,67,325,67,0,0,bbfa5fd1aa6701a19a5fa73f03c4cb7c4a6ef87c,0,0,0,0,0,
20200316,VA,51,,,,totalTestEncountersViral,6827,,,,,,,,,3/16/2020 16:09,2020-03-16T16:09:00Z,03/16 12:09,1,,2020-03-16T16:09:00Z,,2107,,,,,6827,,,,,,,,,,18,1,51,6,0,51,88,51,0,0,9d3330227e572cd7adaa092f531069326b8c0e50,0,0,0,0,0,
20200315,VA,45,,,,totalTestEncountersViral,6739,,,,,,,,,3/15/2020 14:15,2020-03-15T14:15:00Z,03/15 10:15,1,,2020-03-15T14:15:00Z,,2100,,,,,6739,,,,,,,,,,18,1,51,15,0,45,59,45,1,0,efe1b11c96aef9925a0d16a60c97b76806f7275d,0,0,0,0,0,
20200314,VA,30,,,,totalTestEncountersViral,6680,,,,,,,,,3/13/2020 11:00,2020-03-13T11:00:00Z,03/13 07:00,,,2020-03-13T11:00:00Z,,2098,,,,,6680,,,,,,,,,,18,1,51,0,0,30,79,30,0,0,72f057635f7bfebd73c8e952c63f822519775a68,0,0,0,0,0,
20200313,VA,30,,,,totalTestEncountersViral,6601,,,,,,,,,3/13/2020 00:00,2020-03-13T00:00:00Z,03/12 20:00,,,2020-03-13T00:00:00Z,,2095,,,,,6601,,,,,,,,,,18,1,51,13,0,30,85,30,0,0,bcdc6354afa81d48b8f2899ac0ab3fb7ed4b198e,0,0,0,0,0,
20200312,VA,17,,,,totalTestEncountersViral,6516,,,,,,,,,3/12/2020 12:00,2020-03-12T12:00:00Z,03/12 08:00,,,2020-03-12T12:00:00Z,,2094,,,,,6516,,,,,,,,,,18,1,51,8,0,17,32,17,0,0,ef762d1e2a5ebc7540b07f9cfe9d9a71e4e18970,0,0,0,0,0,
20200311,VA,9,,,,totalTestEncountersViral,6484,,,,,,,,,,,,,,,,2092,,,,,6484,,,,,,,,,,18,1,51,1,0,9,11,9,0,0,ca2375c6771a8f44ba7d0f21847c097ce0671264,0,0,0,0,0,
20200310,VA,8,,,,totalTestEncountersViral,6473,,,,,,,,,,,,,,,,2092,,,,,6473,,,,,,,,,,18,1,51,5,0,8,10,8,0,0,6383c0b38d1a6cf62bdc4aade6f2e165e091f441,0,0,0,0,0,
20200309,VA,3,,,9,totalTestEncountersViral,6463,,,,,,,,,,,,,,,,2092,,,,,6463,,,,,,,,,,18,1,51,1,0,12,1,3,0,0,5a53fc29f503f55a96276271bee21351d62886ef,0,0,0,0,0,
20200308,VA,2,,,6,totalTestEncountersViral,6462,,,,,,,,,,,,,,,,2092,,,,,6462,,,,,,,,,,18,1,51,2,0,8,5,2,0,0,b83ae65fabae0c23825deaa9d5f868b37f9d2c0f,0,0,0,0,0,
20200307,VA,0,,,7,totalTestEncountersViral,6457,,,,,,,,,,,,,,,,2092,,,,,6457,,,,,,,,,,18,1,51,0,0,7,2,0,0,0,78812ca40eb7fa821d7da67d931ef6c375941ea1,0,0,0,0,0,
20200306,VA,0,,,10,totalTestEncountersViral,6455,,,,,,,,,,,,,,,,2091,,,,,6455,,,,,,,,,,18,1,51,0,0,10,2,0,0,0,54bdce8af8109a83c99c0ae33de641fa5700dbbe,0,0,0,0,0,
20200305,VA,0,,,3,totalTestEncountersViral,6453,,,,,,,,,,,,,,,,2091,,,,,6453,,,,,,,,,,18,1,51,0,0,3,1,0,0,0,b9ca6821bb355cd2755f5b93523ba9afbb812c6d,0,0,0,0,0,
20200304,VA,,,,,totalTestEncountersViral,6452,,,,,,,,,,,,,,,,2090,,,,,6452,,,,,,,,,,18,1,51,0,0,0,1,0,0,0,38502512bb8ef0d2413f3b2ab93b9618f234bdd4,0,0,0,0,0,
20200303,VA,,,,,totalTestEncountersViral,6451,,,,,,,,,,,,,,,,2090,,,,,6451,,,,,,,,,,18,1,51,0,0,0,1,0,0,0,d71709099c669b3ad83d3cde0bc4232548e1391f,0,0,0,0,0,
20200302,VA,,,,,totalTestEncountersViral,6450,,,,,,,,,,,,,,,,2090,,,,,6450,,,,,,,,,,18,1,51,0,0,0,1,0,0,0,fe4f1ea6268144347f6e84b5216aec8ecc335336,0,0,0,0,0,
20200301,VA,,,,,totalTestEncountersViral,6449,,,,,,,,,,,,,,,,2090,,,,,6449,,,,,,,,,,18,1,51,0,0,0,2,0,0,0,6cb7ea3cba20947d39a97116ecabc2fc57b7faa6,0,0,0,0,0,
20200229,VA,,,,,totalTestEncountersViral,6447,,,,,,,,,,,,,,,,2090,,,,,6447,,,,,,,,,,17,1,51,0,0,0,2,0,0,0,541a62020fb430bb16862f3a8c6e88bdd53df949,0,0,0,0,0,
20200228,VA,,,,,totalTestEncountersViral,6445,,,,,,,,,,,,,,,,2090,,,,,6445,,,,,,,,,,14,0,51,0,0,0,0,0,0,0,2b9f08fbb6e11603c417478ae78f53070dfe05a6,0,0,0,0,0,
20200227,VA,,,,,totalTestEncountersViral,6445,,,,,,,,,,,,,,,,,,,,,6445,,,,,,,,,,14,0,51,0,0,0,6445,0,0,0,463e2128f71e03b3e6a1c965b87035242739a4fc,0,0,0,0,0,
20200226,VA,,,,,totalTestEncountersViral,,,,,,,,,,,,,,,,,,,,,,,,,,,,,,,,14,0,51,0,0,0,0,0,0,0,d2c1d1f30cc5c1305df4af23057ef2dd8a112076,0,0,0,0,0,
20200225,VA,,,,,totalTestEncountersViral,,,,,,,,,,,,,,,,,,,,,,,,,,,,,,,,14,0,51,0,0,0,0,0,0,0,0c0f37b39a3767e636143fce8a248845c760be70,0,0,0,0,0,
20200224,VA,,,,,totalTestEncountersViral,,,,,,,,,,,,,,,,,,,,,,,,,,,,,,,,14,0,51,0,0,0,0,0,0,0,830003edbba9a71412d1e9366879db27929a223d,0,0,0,0,0,
20200223,VA,,,,,totalTestEncountersViral,,,,,,,,,,,,,,,,,,,,,,,,,,,,,,,,12,0,51,0,0,0,0,0,0,0,7bd417300091f84fe6c84971461fbe7ecafecc01,0,0,0,0,0,
20200222,VA,,,,,totalTestEncountersViral,,,,,,,,,,,,,,,,,,,,,,,,,,,,,,,,11,0,51,0,0,0,0,0,0,0,8b9afdb9a0b8b5a631ea520ab40e84125748aed0,0,0,0,0,0,
20200221,VA,,,,,totalTestEncountersViral,,,,,,,,,,,,,,,,,,,,,,,,,,,,,,,,9,0,51,0,0,0,0,0,0,0,6f1e48643194cf5d4032aa5c98b3dea3b71b4cfb,0,0,0,0,0,
20200220,VA,,,,,totalTestEncountersViral,,,,,,,,,,,,,,,,,,,,,,,,,,,,,,,,9,0,51,0,0,0,0,0,0,0,2f2fcf349b4c845b58c0593dfccaaff84967f23c,0,0,0,0,0,
20200219,VA,,,,,totalTestEncountersViral,,,,,,,,,,,,,,,,,,,,,,,,,,,,,,,,9,0,51,0,0,0,0,0,0,0,e604dce34c28d23d1ac22eff6a64469b1845a0cf,0,0,0,0,0,
20200218,VA,,,,,totalTestEncountersViral,,,,,,,,,,,,,,,,,,,,,,,,,,,,,,,,7,0,51,0,0,0,0,0,0,0,0c68890f88d055002ea09fd6a8f021235277adf7,0,0,0,0,0,
20200217,VA,,,,,totalTestEncountersViral,,,,,,,,,,,,,,,,,,,,,,,,,,,,,,,,5,0,51,0,0,0,0,0,0,0,8c29bf264dccb18e6fff3abbcbc59c627fbb1993,0,0,0,0,0,
20200216,VA,,,,,totalTestEncountersViral,,,,,,,,,,,,,,,,,,,,,,,,,,,,,,,,4,0,51,0,0,0,0,0,0,0,41062817851154fcc91e4bcbfd19b8b7d8ce63d1,0,0,0,0,0,
20200215,VA,,,,,totalTestEncountersViral,,,,,,,,,,,,,,,,,,,,,,,,,,,,,,,,4,0,51,0,0,0,0,0,0,0,ed275d9a7010c7b2b3563890527bfcf973d6af4c,0,0,0,0,0,
20200214,VA,,,,,totalTestEncountersViral,,,,,,,,,,,,,,,,,,,,,,,,,,,,,,,,4,0,51,0,0,0,0,0,0,0,7ff9d24d9b27f07e0d94f20f05cba91ee93a1819,0,0,0,0,0,
20200213,VA,,,,,totalTestEncountersViral,,,,,,,,,,,,,,,,,,,,,,,,,,,,,,,,4,0,51,0,0,0,0,0,0,0,37e4a67db84cb5c75b6efd0e246fba7cdcd7e30b,0,0,0,0,0,
20200212,VA,,,,,totalTestEncountersViral,,,,,,,,,,,,,,,,,,,,,,,,,,,,,,,,4,0,51,0,0,0,0,0,0,0,9e9ab2ae0f3b8a9dd341204edfe21ddd5fd47568,0,0,0,0,0,
20200211,VA,,,,,totalTestEncountersViral,,,,,,,,,,,,,,,,,,,,,,,,,,,,,,,,4,0,51,0,0,0,0,0,0,0,5d3be8544b2123b274bd4c49ac5a9cf79915aeb3,0,0,0,0,0,
20200210,VA,,,,,totalTestEncountersViral,,,,,,,,,,,,,,,,,,,,,,,,,,,,,,,,3,0,51,0,0,0,0,0,0,0,24d6d5280fa6319647ebbb0d960cb9442d696582,0,0,0,0,0,
20200209,VA,,,,,totalTestEncountersViral,,,,,,,,,,,,,,,,,,,,,,,,,,,,,,,,3,0,51,0,0,0,0,0,0,0,807932af9f3595ff532deb1ecac99604bdea4fa9,0,0,0,0,0,
20200208,VA,,,,,totalTestEncountersViral,,,,,,,,,,,,,,,,,,,,,,,,,,,,,,,,3,0,51,0,0,0,0,0,0,0,922e5067ff25e050ad59442cb8ae0dd92868c770,0,0,0,0,0,
20200207,VA,,,,,totalTestEncountersViral,,,,,,,,,,,,,,,,,,,,,,,,,,,,,,,,3,0,51,0,0,0,0,0,0,0,31a7563272f5bb3dfa6546a6c8d20b4d5ed6a75a,0,0,0,0,0,
20200206,VA,,,,,totalTestEncountersViral,,,,,,,,,,,,,,,,,,,,,,,,,,,,,,,,3,0,51,0,0,0,0,0,0,0,e786ac4dc6b3b073146166d6da562cf9456437b6,0,0,0,0,0,
20200205,VA,,,,,totalTestEncountersViral,,,,,,,,,,,,,,,,,,,,,,,,,,,,,,,,3,0,51,0,0,0,0,0,0,0,b74cbd00eb3f405baa93cc328ee54b8bf6c1457c,0,0,0,0,0,
20200204,VA,,,,,totalTestEncountersViral,,,,,,,,,,,,,,,,,,,,,,,,,,,,,,,,3,0,51,0,0,0,0,0,0,0,31b60bfc373abd887a8ac68b49d824dc69cbf11a,0,0,0,0,0,
20200203,VA,,,,,totalTestEncountersViral,,,,,,,,,,,,,,,,,,,,,,,,,,,,,,,,2,0,51,0,0,0,0,0,0,0,f59d53126719160b4e5350acdb41e2027c417bde,0,0,0,0,0,
20200202,VA,,,,,totalTestEncountersViral,,,,,,,,,,,,,,,,,,,,,,,,,,,,,,,,2,0,51,0,0,0,0,0,0,0,68cf8c79cd99c0a2340a92f2570d8f101a5cd947,0,0,0,0,0,
20200201,VA,,,,,totalTestEncountersViral,,,,,,,,,,,,,,,,,,,,,,,,,,,,,,,,2,0,51,0,0,0,0,0,0,0,5745d2a1ff68cebdd732a8d2440559f7530fb2fe,0,0,0,0,0,
20200131,VA,,,,,totalTestEncountersViral,,,,,,,,,,,,,,,,,,,,,,,,,,,,,,,,2,0,51,0,0,0,0,0,0,0,5097d90f44b04885ba97c509641dc147ce89296e,0,0,0,0,0,
20200130,VA,,,,,totalTestEncountersViral,,,,,,,,,,,,,,,,,,,,,,,,,,,,,,,,2,0,51,0,0,0,0,0,0,0,ddd4fb4d34a719b8e2576b5bbe693ad0dcd9b0a3,0,0,0,0,0,
20200129,VA,,,,,totalTestEncountersViral,,,,,,,,,,,,,,,,,,,,,,,,,,,,,,,,2,0,51,0,0,0,0,0,0,0,363490866a9826ca64e0c86235643747edd12dc6,0,0,0,0,0,
20200128,VA,,,,,totalTestEncountersViral,,,,,,,,,,,,,,,,,,,,,,,,,,,,,,,,1,0,51,0,0,0,0,0,0,0,a44a9f0cf8a92433c546961de52b602f9ce38d42,0,0,0,0,0,
20200127,VA,,,,,totalTestEncountersViral,,,,,,,,,,,,,,,,,,,,,,,,,,,,,,,,1,0,51,0,0,0,0,0,0,0,efd6e0329bd5d9a9745a88b2ee06a89dcfd8ea91,0,0,0,0,0,
