date,state,positive,probableCases,negative,pending,totalTestResultsSource,totalTestResults,hospitalizedCurrently,hospitalizedCumulative,inIcuCurrently,inIcuCumulative,onVentilatorCurrently,onVentilatorCumulative,recovered,lastUpdateEt,dateModified,checkTimeEt,death,hospitalized,hospitalizedDischarged,dateChecked,totalTestsViral,positiveTestsViral,negativeTestsViral,positiveCasesViral,deathConfirmed,deathProbable,totalTestEncountersViral,totalTestsPeopleViral,totalTestsAntibody,positiveTestsAntibody,negativeTestsAntibody,totalTestsPeopleAntibody,positiveTestsPeopleAntibody,negativeTestsPeopleAntibody,totalTestsPeopleAntigen,positiveTestsPeopleAntigen,totalTestsAntigen,positiveTestsAntigen,fips,positiveIncrease,negativeIncrease,total,totalTestResultsIncrease,posNeg,dataQualityGrade,deathIncrease,hospitalizedIncrease,hash,commercialScore,negativeRegularScore,negativeScore,positiveScore,score,grade
20210222,IN,656358,,2429196,,totalTestsViral,7794765,878,42500,163,7411,73,,428623,2/21/2021 23:59,2021-02-21T23:59:00Z,02/21 18:59,12407,42500,428623,2021-02-21T23:59:00Z,7794765,747519,,,11982,425,,3085554,,,,,,,,,,,18,817,844,3085554,40727,3085554,,35,55,fa3fe16a2505848249f34c951f2ce7a35b55981f,0,0,0,0,0,
20210221,IN,655541,,2428352,,totalTestsViral,7754038,870,42445,161,7408,80,,427828,2/20/2021 23:59,2021-02-20T23:59:00Z,02/20 18:59,12372,42445,427828,2021-02-20T23:59:00Z,7754038,746727,,,11947,425,,3083893,,,,,,,,,,,18,881,6767,3083893,32380,3083893,,36,67,83702c33879710169b34e806be21f4348046059a,0,0,0,0,0,
20210220,IN,654660,,2421585,,totalTestsViral,7721658,923,42378,172,7391,78,,427682,2/19/2021 23:59,2021-02-19T23:59:00Z,02/19 18:59,12336,42378,427682,2021-02-19T23:59:00Z,7721658,745419,,,11912,424,,3076245,,,,,,,,,,,18,1415,4964,3076245,38624,3076245,,11,45,337d1a3968ffbf43bd72b0c7a7323f65b56cad93,0,0,0,0,0,
20210219,IN,653245,,2416621,,totalTestsViral,7683034,948,42333,179,7383,88,,427275,2/18/2021 23:59,2021-02-18T23:59:00Z,02/18 18:59,12325,42333,427275,2021-02-18T23:59:00Z,7683034,743777,,,11898,427,,3069866,,,,,,,,,,,18,1035,3489,3069866,32361,3069866,,44,87,1cf39652fedab8cefc5e2136c9753a0fdf013bdc,0,0,0,0,0,
20210218,IN,652210,,2413132,,totalTestsViral,7650673,966,42246,178,7372,90,,426507,2/17/2021 23:59,2021-02-17T23:59:00Z,02/17 18:59,12281,42246,426507,2021-02-17T23:59:00Z,7650673,742550,,,11854,427,,3065342,,,,,,,,,,,18,757,2577,3065342,25717,3065342,,31,160,006234ffbc3e814cb2195ef09af1a4562006c3ac,0,0,0,0,0,
20210217,IN,651453,,2410555,,totalTestsViral,7624956,955,42086,193,7336,98,,425451,2/16/2021 23:59,2021-02-16T23:59:00Z,02/16 18:59,12250,42086,425451,2021-02-16T23:59:00Z,7624956,741642,,,11825,425,,3062008,,,,,,,,,,,18,923,3587,3062008,31115,3062008,,19,246,644c73e5e8da1db33e69e934604d300e04f5d6b2,0,0,0,0,0,
20210216,IN,650530,,2406968,,totalTestsViral,7593841,1018,41840,201,7312,107,,424155,2/15/2021 23:59,2021-02-15T23:59:00Z,02/15 18:59,12231,41840,424155,2021-02-15T23:59:00Z,7593841,740557,,,11805,426,,3057498,,,,,,,,,,,18,878,2691,3057498,20208,3057498,,40,194,a1a0aa85491fd55d77941f7e01e703fb139f94e5,0,0,0,0,0,
20210215,IN,649652,,2404277,,totalTestsViral,7573633,1066,41646,200,7285,104,,423216,2/14/2021 23:59,2021-02-14T23:59:00Z,02/14 18:59,12191,41646,423216,2021-02-14T23:59:00Z,7573633,739554,,,11765,426,,3053929,,,,,,,,,,,18,777,3324,3053929,16103,3053929,,18,42,b14a6d349e44104e296a71755a4a51996f3d1907,0,0,0,0,0,
20210214,IN,648875,,2400953,,totalTestsViral,7557530,1031,41604,214,7283,108,,422051,2/13/2021 23:59,2021-02-13T23:59:00Z,02/13 18:59,12173,41604,422051,2021-02-13T23:59:00Z,7557530,738594,,,11746,427,,3049828,,,,,,,,,,,18,1218,4756,3049828,40801,3049828,,24,74,645fd901f79612b0ebe4289373d354ea0ea867fd,0,0,0,0,0,
20210213,IN,647657,,2396197,,totalTestsViral,7516729,1079,41530,211,7267,109,,421850,2/12/2021 23:59,2021-02-12T23:59:00Z,02/12 18:59,12149,41530,421850,2021-02-12T23:59:00Z,7516729,737120,,,11722,427,,3043854,,,,,,,,,,,18,1232,6068,3043854,46516,3043854,,32,71,ba1829cf5a8823ec3a80f60c93480c9907f8d95e,0,0,0,0,0,
20210212,IN,646425,,2390129,,totalTestsViral,7470213,1178,41459,227,7253,119,,421304,2/11/2021 23:59,2021-02-11T23:59:00Z,02/11 18:59,12117,41459,421304,2021-02-11T23:59:00Z,7470213,735665,,,11690,427,,3036554,,,,,,,,,,,18,1419,5192,3036554,45132,3036554,,90,81,84bf18c97ebca06789dcf8359dacdbfbfdc13701,0,0,0,0,0,
20210211,IN,645006,,2384937,,totalTestsViral,7425081,1226,41378,239,7240,118,,420225,2/10/2021 23:59,2021-02-10T23:59:00Z,02/10 18:59,12027,41378,420225,2021-02-10T23:59:00Z,7425081,734071,,,11604,423,,3029943,,,,,,,,,,,18,1701,6629,3029943,57871,3029943,,26,86,1703d41c8a3ec66cb8964309b4b2b20f99154400,0,0,0,0,0,
20210210,IN,643305,,2378308,,totalTestsViral,7367210,1273,41292,262,7228,138,,419043,2/9/2021 23:59,2021-02-09T23:59:00Z,02/09 18:59,12001,41292,419043,2021-02-09T23:59:00Z,7367210,732027,,,11578,423,,3021613,,,,,,,,,,,18,1431,4797,3021613,38386,3021613,,59,85,5f180520a6407f392a9221d37db0ba44a23e01d9,0,0,0,0,0,
20210209,IN,641874,,2373511,,totalTestsViral,7328824,1265,41207,274,7207,142,,417785,2/8/2021 23:59,2021-02-08T23:59:00Z,02/08 18:59,11942,41207,417785,2021-02-08T23:59:00Z,7328824,730482,,,11526,416,,3015385,,,,,,,,,,,18,1130,3070,3015385,25604,3015385,,67,98,a30da830271509e24c72c10bf8d6273d7b14b579,0,0,0,0,0,
20210208,IN,640744,,2370441,,totalTestsViral,7303220,1292,41109,285,7190,146,,416754,2/7/2021 23:59,2021-02-07T23:59:00Z,02/07 18:59,11875,41109,416754,2021-02-07T23:59:00Z,7303220,729157,,,11459,416,,3011185,,,,,,,,,,,18,1033,3722,3011185,17399,3011185,,58,75,d2841a685b5d6325b17f2505a02a03cce5e717c8,0,0,0,0,0,
20210207,IN,639711,,2366719,,totalTestsViral,7285821,1287,41034,290,7177,153,,415656,2/6/2021 23:59,2021-02-06T23:59:00Z,02/06 18:59,11817,41034,415656,2021-02-06T23:59:00Z,7285821,727970,,,11401,416,,3006430,,,,,,,,,,,18,1724,5633,3006430,48517,3006430,,65,63,348eacd328cf2bdba10e2877e426048a3f2797da,0,0,0,0,0,
20210206,IN,637987,,2361086,,totalTestsViral,7237304,1399,40971,300,7158,163,,415130,2/5/2021 23:59,2021-02-05T23:59:00Z,02/05 18:59,11752,40971,415130,2021-02-05T23:59:00Z,7237304,725910,,,11346,406,,2999073,,,,,,,,,,,18,2816,7188,2999073,56220,2999073,,66,80,7d09758ce87976a9965ad348081c207fd33b2375,0,0,0,0,0,
20210205,IN,635171,,2353898,,totalTestsViral,7181084,1446,40891,322,7148,165,,414245,2/4/2021 23:59,2021-02-04T23:59:00Z,02/04 18:59,11686,40891,414245,2021-02-04T23:59:00Z,7181084,722479,,,11280,406,,2989069,,,,,,,,,,,18,1481,4562,2989069,30280,2989069,,49,117,e7d24415eb89ecaef66e76c51910685554c2c71f,0,0,0,0,0,
20210204,IN,633690,,2349336,,totalTestsViral,7150804,1541,40774,331,7135,175,,412819,2/3/2021 23:59,2021-02-03T23:59:00Z,02/03 18:59,11637,40774,412819,2021-02-03T23:59:00Z,7150804,720786,,,11231,406,,2983026,,,,,,,,,,,18,2359,7049,2983026,54480,2983026,,1546,107,b5cecb7a60c0b208cc3552d4d943a4ecafd1c1c3,0,0,0,0,0,
20210203,IN,631331,,2342287,,totalTestsViral,7096324,1582,40667,344,7116,188,,411314,2/2/2021 23:59,2021-02-02T23:59:00Z,02/02 18:59,10091,40667,411314,2021-02-02T23:59:00Z,7096324,718064,,,9713,378,,2973618,,,,,,,,,,,18,1428,3599,2973618,29149,2973618,,37,97,f2a082211ae6712b48bfb80ff1c213a0120805b7,0,0,0,0,0,
20210202,IN,629903,,2338688,,totalTestsViral,7067175,1624,40570,347,7097,200,,409565,2/1/2021 23:59,2021-02-01T23:59:00Z,02/01 18:59,10054,40570,409565,2021-02-01T23:59:00Z,7067175,716476,,,9677,377,,2968591,,,,,,,,,,,18,1512,3498,2968591,27431,2968591,,65,133,59af201316a24063e9a5f2bf84fcedd2c6eeee32,0,0,0,0,0,
20210201,IN,628391,,2335190,,totalTestsViral,7039744,1594,40437,374,7065,201,,407664,1/31/2021 23:59,2021-01-31T23:59:00Z,01/31 18:59,9989,40437,407664,2021-01-31T23:59:00Z,7039744,714746,,,9613,376,,2963581,,,,,,,,,,,18,1709,4005,2963581,25221,2963581,,15,89,24a108a83f841f547866fc5d3ed09cff82703eb1,0,0,0,0,0,
20210131,IN,626682,,2331185,,totalTestsViral,7014523,1584,40348,372,7054,214,,405459,1/30/2021 23:59,2021-01-30T23:59:00Z,01/30 18:59,9974,40348,405459,2021-01-30T23:59:00Z,7014523,712717,,,9598,376,,2957867,,,,,,,,,,,18,1723,6699,2957867,38115,2957867,,7,82,a811ef915b1ecf1bd5ad583a7c3ce1004775293c,0,0,0,0,0,
20210130,IN,624959,,2324486,,totalTestsViral,6976408,1648,40266,387,7039,212,,404922,1/29/2021 23:59,2021-01-29T23:59:00Z,01/29 18:59,9967,40266,404922,2021-01-29T23:59:00Z,6976408,710665,,,9592,375,,2949445,,,,,,,,,,,18,2334,6878,2949445,47203,2949445,,42,116,9c88cdb499746959641ccd25f741ac00cfbcba1c,0,0,0,0,0,
20210129,IN,622625,,2317608,,totalTestsViral,6929205,1725,40150,399,7019,219,,403634,1/28/2021 23:59,2021-01-28T23:59:00Z,01/28 18:59,9925,40150,403634,2021-01-28T23:59:00Z,6929205,707942,,,9549,376,,2940233,,,,,,,,,,,18,2630,7250,2940233,44714,2940233,,46,132,1ab0ddf327eaf7230cfc6dd4be70b94e9ba54f66,0,0,0,0,0,
20210128,IN,619995,,2310358,,totalTestsViral,6884491,1915,40018,420,6993,232,,401700,1/27/2021 23:59,2021-01-27T23:59:00Z,01/27 18:59,9879,40018,401700,2021-01-27T23:59:00Z,6884491,704889,,,9504,375,,2930353,,,,,,,,,,,18,2819,7407,2930353,54195,2930353,,34,124,777a34b11b10f08fbc53941f461d749772db2bb9,0,0,0,0,0,
20210127,IN,617176,,2302951,,totalTestsViral,6830296,1902,39894,430,6974,242,,399347,1/26/2021 23:59,2021-01-26T23:59:00Z,01/26 18:59,9845,39894,399347,2021-01-26T23:59:00Z,6830296,701673,,,9470,375,,2920127,,,,,,,,,,,18,2230,5714,2920127,43069,2920127,,38,141,814bd38a2859028a484d31b86b7bceb53ff2bbcf,0,0,0,0,0,
20210126,IN,614946,,2297237,,totalTestsViral,6787227,1976,39753,449,6935,249,,396991,1/25/2021 23:59,2021-01-25T23:59:00Z,01/25 18:59,9807,39753,396991,2021-01-25T23:59:00Z,6787227,699136,,,9432,375,,2912183,,,,,,,,,,,18,1718,3433,2912183,25789,2912183,,79,144,0cba8be2c26d62cd54252d9227be2a754dca0ce3,0,0,0,0,0,
20210125,IN,613228,,2293804,,totalTestsViral,6761438,2045,39609,459,6916,257,,394046,1/24/2021 23:59,2021-01-24T23:59:00Z,01/24 18:59,9728,39609,394046,2021-01-24T23:59:00Z,6761438,697231,,,9352,376,,2907032,,,,,,,,,,,18,2189,4792,2907032,23097,2907032,,12,104,b164bde7ef93f04bac24928b370dd81fe8948b2a,0,0,0,0,0,
20210124,IN,611039,,2289012,,totalTestsViral,6738341,2118,39505,478,6917,243,,390699,1/23/2021 23:59,2021-01-23T23:59:00Z,01/23 18:59,9716,39505,390699,2021-01-23T23:59:00Z,6738341,694707,,,9340,376,,2900051,,,,,,,,,,,18,2520,6575,2900051,36864,2900051,,23,109,f17d23950628a63e1392828289e9c03057b793b0,0,0,0,0,0,
20210123,IN,608519,,2282437,,totalTestsViral,6701477,2134,39396,478,6885,261,,389773,1/22/2021 23:59,2021-01-22T23:59:00Z,01/22 18:59,9693,39396,389773,2021-01-22T23:59:00Z,6701477,691677,,,9317,376,,2890956,,,,,,,,,,,18,3093,7967,2890956,48977,2890956,,51,154,c000c2a4b5c629b046e88b6b85950fcb4d4a147e,0,0,0,0,0,
20210122,IN,605426,,2274470,,totalTestsViral,6652500,2151,39242,496,6849,266,,388141,1/21/2021 23:59,2021-01-21T23:59:00Z,01/21 18:59,9642,39242,388141,2021-01-21T23:59:00Z,6652500,688073,,,9267,375,,2879896,,,,,,,,,,,18,3489,8417,2879896,52461,2879896,,49,197,ff52933b6189480642409260e68f376521484fa3,0,0,0,0,0,
20210121,IN,601937,,2266053,,totalTestsViral,6600039,2303,39045,519,6811,266,,387324,1/20/2021 23:59,2021-01-20T23:59:00Z,01/20 18:59,9593,39045,387324,2021-01-20T23:59:00Z,6600039,684081,,,9218,375,,2867990,,,,,,,,,,,18,3624,8375,2867990,54719,2867990,,64,188,ce096990598f0b0671a5a06a64ee9c2726bab14d,0,0,0,0,0,
20210120,IN,598313,,2257678,,totalTestsViral,6545320,2302,38857,522,6799,275,,385183,1/19/2021 23:59,2021-01-19T23:59:00Z,01/19 18:59,9529,38857,385183,2021-01-19T23:59:00Z,6545320,679955,,,9154,375,,2855991,,,,,,,,,,,18,2877,5482,2855991,46558,2855991,,63,162,e04cf18e8e06afda3a5590445a473ecb46b4a176,0,0,0,0,0,
20210119,IN,595436,,2252196,,totalTestsViral,6498762,2332,38695,525,6764,263,,382304,1/18/2021 23:59,2021-01-18T23:59:00Z,01/18 18:59,9466,38695,382304,2021-01-18T23:59:00Z,6498762,676693,,,9092,374,,2847632,,,,,,,,,,,18,2727,5400,2847632,35976,2847632,,126,151,e84230ab916d5af44d339302a77d28557c85b8e5,0,0,0,0,0,
20210118,IN,592709,,2246796,,totalTestsViral,6462786,2386,38544,557,6742,282,,379277,1/17/2021 23:59,2021-01-17T23:59:00Z,01/17 18:59,9340,38544,379277,2021-01-17T23:59:00Z,6462786,673631,,,8966,374,,2839505,,,,,,,,,,,18,2498,5655,2839505,31601,2839505,,30,146,eda700a98492550390ef3adcc8b1989a546172a7,0,0,0,0,0,
20210117,IN,590211,,2241141,,totalTestsViral,6431185,2348,38398,527,6719,279,,376384,1/16/2021 23:59,2021-01-16T23:59:00Z,01/16 18:59,9310,38398,376384,2021-01-16T23:59:00Z,6431185,670629,,,8936,374,,2831352,,,,,,,,,,,18,3162,8326,2831352,44991,2831352,,23,132,6ce84ffb1799e09dc8aa3445693ca1c76fdd58e4,0,0,0,0,0,
20210116,IN,587049,,2232815,,totalTestsViral,6386194,2404,38266,525,6685,269,,375699,1/15/2021 23:59,2021-01-15T23:59:00Z,01/15 18:59,9287,38266,375699,2021-01-15T23:59:00Z,6386194,666864,,,8913,374,,2819864,,,,,,,,,,,18,3889,9232,2819864,58171,2819864,,41,210,ffa2bfe92c0a91bfe6b95855ca9d5e8d2f73a595,0,0,0,0,0,
20210115,IN,583160,,2223583,,totalTestsViral,6328023,2432,38056,551,6641,285,,374379,1/14/2021 23:59,2021-01-14T23:59:00Z,01/14 18:59,9246,38056,374379,2021-01-14T23:59:00Z,6328023,662323,,,8872,374,,2806743,,,,,,,,,,,18,4666,9786,2806743,56420,2806743,,44,188,84134627ef1d656508946e7d1ea6235d72fe603c,0,0,0,0,0,
20210114,IN,578494,,2213797,,totalTestsViral,6271603,2440,37868,550,6610,280,,373704,1/13/2021 23:59,2021-01-13T23:59:00Z,01/13 18:59,9202,37868,373704,2021-01-13T23:59:00Z,6271603,656974,,,8830,372,,2792291,,,,,,,,,,,18,4375,7925,2792291,51516,2792291,,39,189,2b7823f928fd534ee0487b0ee901024fc2ffbf2b,0,0,0,0,0,
20210113,IN,574119,,2205872,,totalTestsViral,6220087,2484,37679,550,6583,284,,372444,1/12/2021 23:59,2021-01-12T23:59:00Z,01/12 18:59,9163,37679,372444,2021-01-12T23:59:00Z,6220087,652054,,,8790,373,,2779991,,,,,,,,,,,18,3642,6192,2779991,44959,2779991,,59,174,905ce6ecc802bc34ab6cf4ec90d70d26cc84cc95,0,0,0,0,0,
20210112,IN,570477,,2199680,,totalTestsViral,6175128,2515,37505,553,6540,293,,370456,1/11/2021 23:59,2021-01-11T23:59:00Z,01/11 18:59,9104,37505,370456,2021-01-11T23:59:00Z,6175128,647868,,,8731,373,,2770157,,,,,,,,,,,18,3139,4445,2770157,34244,2770157,,88,217,9948a684fe0918d17733fa62e0431d6e6b49f590,0,0,0,0,0,
20210111,IN,567338,,2195235,,totalTestsViral,6140884,2537,37288,568,6510,286,,367734,1/10/2021 23:59,2021-01-10T23:59:00Z,01/10 18:59,9016,37288,367734,2021-01-10T23:59:00Z,6140884,644393,,,8643,373,,2762573,,,,,,,,,,,18,3685,6364,2762573,31731,2762573,,31,163,6d70cffc80156bc177c81fbd80dd0ad5edf18190,0,0,0,0,0,
20210110,IN,563653,,2188871,,totalTestsViral,6109153,2593,37125,556,6481,291,,364890,1/9/2021 23:59,2021-01-09T23:59:00Z,01/09 18:59,8985,37125,364890,2021-01-09T23:59:00Z,6109153,640198,,,8613,372,,2752524,,,,,,,,,,,18,5093,8517,2752524,47654,2752524,,19,166,437ac4fc3099f5ded16e5c8e0c841e862959aae0,0,0,0,0,0,
20210109,IN,558560,,2180354,,totalTestsViral,6061499,2678,36959,579,6441,299,,364221,1/8/2021 23:59,2021-01-08T23:59:00Z,01/08 18:59,8966,36959,364221,2021-01-08T23:59:00Z,6061499,634311,,,8595,371,,2738914,,,,,,,,,,,18,5966,8559,2738914,56096,2738914,,74,193,cbdcd1206838e92f558b5c249affbffd99c2b9f8,0,0,0,0,0,
20210108,IN,552594,,2171795,,totalTestsViral,6005403,2769,36766,584,6408,295,,362458,1/7/2021 23:59,2021-01-07T23:59:00Z,01/07 18:59,8892,36766,362458,2021-01-07T23:59:00Z,6005403,627575,,,8521,371,,2724389,,,,,,,,,,,18,6095,7656,2724389,54481,2724389,,69,249,3d970a75910c0855689a05dfdbcee72e72db0108,0,0,0,0,0,
20210107,IN,546499,,2164139,,totalTestsViral,5950922,2812,36517,593,6377,306,,360087,1/6/2021 23:59,2021-01-06T23:59:00Z,01/06 18:59,8823,36517,360087,2021-01-06T23:59:00Z,5950922,620799,,,8452,371,,2710638,,,,,,,,,,,18,7270,8783,2710638,56417,2710638,,80,203,d4133d5d4d7e220696283c0f3c37a98f202e43f5,0,0,0,0,0,
20210106,IN,539229,,2155356,,totalTestsViral,5894505,2782,36314,586,6355,303,,357442,1/5/2021 23:59,2021-01-05T23:59:00Z,01/05 18:59,8743,36314,357442,2021-01-05T23:59:00Z,5894505,612814,,,8371,372,,2694585,,,,,,,,,,,18,6146,6700,2694585,49161,2694585,,80,193,25d0835e8198d13b3fcb648cd1f0ffe4124547d8,0,0,0,0,0,
20210105,IN,533083,,2148656,,totalTestsViral,5845344,2907,36121,591,6364,326,,354859,1/4/2021 23:59,2021-01-04T23:59:00Z,01/04 18:59,8663,36121,354859,2021-01-04T23:59:00Z,5845344,606160,,,8292,371,,2681739,,,,,,,,,,,18,3395,3288,2681739,31318,2681739,,149,265,9fb137c0db5c7d0f369a9e966d451722f9ef90a4,0,0,0,0,0,
20210104,IN,529688,,2145368,,totalTestsViral,5814026,2836,35856,649,6292,321,,351569,1/3/2021 23:59,2021-01-03T23:59:00Z,01/03 18:59,8514,35856,351569,2021-01-03T23:59:00Z,5814026,602535,,,8150,364,,2675056,,,,,,,,,,,18,3617,3966,2675056,21329,2675056,,39,210,de3af906690f4d866ca7562a2db0c2807132be2e,0,0,0,0,0,
20210103,IN,526071,,2141402,,totalTestsViral,5792697,2714,35646,648,6251,326,,348425,1/2/2021 23:59,2021-01-02T23:59:00Z,01/02 18:59,8475,35646,348425,2021-01-02T23:59:00Z,5792697,598551,,,8111,364,,2667473,,,,,,,,,,,18,2981,3796,2667473,23424,2667473,,65,239,efb6d1ee79bddebc4bc160fee609649043776ab3,0,0,0,0,0,
20210102,IN,523090,,2137606,,totalTestsViral,5769273,2655,35407,663,6206,342,,347401,1/1/2021 23:59,2021-01-01T23:59:00Z,01/01 18:59,8410,35407,347401,2021-01-01T23:59:00Z,5769273,595137,,,8055,355,,2660696,,,,,,,,,,,18,5317,5415,2660696,39230,2660696,,39,197,bbbd9f7dcd45d7f80e21e87a8f0dc39158022546,0,0,0,0,0,
20210101,IN,517773,,2132191,,totalTestsViral,5730043,2786,35210,676,6194,348,,345474,12/31/2020 23:59,2020-12-31T23:59:00Z,12/31 18:59,8371,35210,345474,2020-12-31T23:59:00Z,5730043,589048,,,8016,355,,2649964,,,,,,,,,,,18,6288,6981,2649964,48333,2649964,,108,211,d6f3774c1610d68bc2aa7841d858dd2b1c7557fd,0,0,0,0,0,
20201231,IN,511485,,2125210,,totalTestsViral,5681710,2842,34999,633,6144,353,,342578,12/30/2020 23:59,2020-12-30T23:59:00Z,12/30 18:59,8263,34999,342578,2020-12-30T23:59:00Z,5681710,581967,,,7911,352,,2636695,,,,,,,,,,,18,6468,7348,2636695,54368,2636695,,103,238,7a8e46b204d3a3e5e21e92a2bc47b56bd4ee7419,0,0,0,0,0,
20201230,IN,505017,,2117862,,totalTestsViral,5627342,2941,34761,659,6078,365,,339416,12/29/2020 23:59,2020-12-29T23:59:00Z,12/29 18:59,8160,34761,339416,2020-12-29T23:59:00Z,5627342,455701,,,7812,348,,2622879,,,,,,,,,,,18,4735,4469,2622879,42249,2622879,,109,227,12f2b85a3b1de2b1b205b4df476480673f662842,0,0,0,0,0,
20201229,IN,500282,,2113393,,totalTestsViral,5585093,2951,34534,646,6044,363,,335678,12/28/2020 23:59,2020-12-28T23:59:00Z,12/28 18:59,8051,34534,335678,2020-12-28T23:59:00Z,5585093,455701,,,7703,348,,2613675,,,,,,,,,,,18,3976,4030,2613675,31548,2613675,,165,262,d83e6caa1686b4ad67e3b516649917b4564f4d8d,0,0,0,0,0,
20201228,IN,496306,,2109363,,totalTestsViral,5553545,2866,34272,632,5993,364,,330642,12/27/2020 23:59,2020-12-27T23:59:00Z,12/27 18:59,7886,34272,330642,2020-12-27T23:59:00Z,5553545,452139,,,7539,347,,2605669,,,,,,,,,,,18,2465,2993,2605669,17489,2605669,,43,170,4fe63f0a7454d8b80837d7eca1e7b2de933e7113,0,0,0,0,0,
20201227,IN,493841,,2106370,,totalTestsViral,5536056,2811,34102,638,5963,360,,324634,12/26/2020 23:59,2020-12-26T23:59:00Z,12/26 18:59,7843,34102,324634,2020-12-26T23:59:00Z,5536056,449547,,,7496,347,,2600211,,,,,,,,,,,18,1820,2422,2600211,18542,2600211,,42,267,182fe285a91ddbb193a126482bba50c09e7cd071,0,0,0,0,0,
20201226,IN,492021,,2103948,,totalTestsViral,5517514,2808,33835,636,5908,352,,323054,12/25/2020 23:59,2020-12-25T23:59:00Z,12/25 18:59,7801,33835,323054,2020-12-25T23:59:00Z,5517514,447970,,,7461,340,,2595969,,,,,,,,,,,18,3841,5963,2595969,32679,2595969,,31,171,091d654d6be61c7f6a8363279b35e1516f375933,0,0,0,0,0,
20201225,IN,488180,,2097985,,totalTestsViral,5484835,2918,33664,633,5881,369,,320167,12/24/2020 23:59,2020-12-24T23:59:00Z,12/24 18:59,7770,33664,320167,2020-12-24T23:59:00Z,5484835,438752,,,7431,339,,2586165,,,,,,,,,,,18,5446,8174,2586165,53689,2586165,,40,199,9459f8ed091f00938c95a55784cbb0af22ee1ddf,0,0,0,0,0,
20201224,IN,482734,,2089811,,totalTestsViral,5431146,3013,33465,633,5857,369,,314963,12/23/2020 23:59,2020-12-23T23:59:00Z,12/23 18:59,7730,33465,314963,2020-12-23T23:59:00Z,5431146,438752,,,7391,339,,2572545,,,,,,,,,,,18,6196,9856,2572545,54571,2572545,,85,251,a5d6198f583251f0914657595d080aa9b5abac56,0,0,0,0,0,
20201223,IN,476538,,2079955,,totalTestsViral,5376575,3123,33214,664,5820,364,,308573,12/22/2020 23:59,2020-12-22T23:59:00Z,12/22 18:59,7645,33214,308573,2020-12-22T23:59:00Z,5376575,432483,,,7306,339,,2556493,,,,,,,,,,,18,4662,6813,2556493,45972,2556493,,64,222,fac0c28bf1ddf10e4145be12fdd2eaa1a5178efb,0,0,0,0,0,
20201222,IN,471876,,2073142,,totalTestsViral,5330603,3064,32992,649,5780,356,,302456,12/21/2020 11:59,2020-12-21T11:59:00Z,12/21 06:59,7581,32992,302456,2020-12-21T11:59:00Z,5330603,428014,,,7244,337,,2545018,,,,,,,,,,,18,3657,7689,2545018,41961,2545018,,143,282,4d9c93629d0ada039afcf84ad977b3b03d8d2fba,0,0,0,0,0,
20201221,IN,468219,,2065453,,totalTestsViral,5288642,2967,32710,665,5742,345,,295682,12/20/2020 11:59,2020-12-20T11:59:00Z,12/20 06:59,7438,32710,295682,2020-12-20T11:59:00Z,5288642,424789,,,7101,337,,2533672,,,,,,,,,,,18,3865,6128,2533672,28115,2533672,,34,214,e69d426b20e8392f46e469ad78ccc41f44402fca,0,0,0,0,0,
20201220,IN,464354,,2059325,,totalTestsViral,5260527,2932,32496,660,5700,343,,287402,12/19/2020 11:59,2020-12-19T11:59:00Z,12/19 06:59,7404,32496,287402,2020-12-19T11:59:00Z,5260527,421339,,,7070,334,,2523679,,,,,,,,,,,18,6483,12102,2523679,64091,2523679,,66,225,b12ea7798345ad80e657d772a7fe69798a28fb80,0,0,0,0,0,
20201219,IN,457871,,2047223,,totalTestsViral,5196436,2932,32271,673,5676,358,,284558,12/18/2020 11:59,2020-12-18T11:59:00Z,12/18 06:59,7338,32271,284558,2020-12-18T11:59:00Z,5196436,415266,,,7017,321,,2505094,,,,,,,,,,,18,4732,7992,2505094,39420,2505094,,73,229,d8b2cb38a09c6dd0753fcf54a57cc219ffdd6520,0,0,0,0,0,
20201218,IN,453139,,2039231,,totalTestsViral,5157016,3065,32042,674,5637,370,,281473,12/17/2020 11:59,2020-12-17T11:59:00Z,12/17 06:59,7265,32042,281473,2020-12-17T11:59:00Z,5157016,410895,,,6944,321,,2492370,,,,,,,,,,,18,5949,8687,2492370,54022,2492370,,85,222,b16f84a3df79440458d674963647ef2754cf3e13,0,0,0,0,0,
20201217,IN,447190,,2030544,,totalTestsViral,5102994,3147,31820,683,5605,382,,276505,12/16/2020 11:59,2020-12-16T11:59:00Z,12/16 06:59,7180,31820,276505,2020-12-16T11:59:00Z,5102994,405471,,,6860,320,,2477734,,,,,,,,,,,18,6340,9832,2477734,52831,2477734,,79,245,371391ac1eb2689b928eaf58b481626f3fb0a598,0,0,0,0,0,
20201216,IN,440850,,2020712,,totalTestsViral,5050163,3192,31575,852,5564,380,,275246,12/15/2020 11:59,2020-12-15T11:59:00Z,12/15 06:59,7101,31575,275246,2020-12-15T11:59:00Z,5050163,399796,,,6781,320,,2461562,,,,,,,,,,,18,6208,8803,2461562,49885,2461562,,133,251,97bdb5ac70c68afe8897093862b23b1c42cc5e8c,0,0,0,0,0,
20201215,IN,434642,,2011909,,totalTestsViral,5000278,3229,31324,911,5538,404,,269838,12/14/2020 11:59,2020-12-14T11:59:00Z,12/14 06:59,6968,31324,269838,2020-12-14T11:59:00Z,5000278,394462,,,6657,311,,2446551,,,,,,,,,,,18,4241,6425,2446551,38910,2446551,,128,289,f25a02365fbfc36427f301e7eee93311aed4d621,0,0,0,0,0,
20201214,IN,430401,,2005484,,totalTestsViral,4961368,3072,31035,872,5489,385,,263874,12/13/2020 23:59,2020-12-13T23:59:00Z,12/13 18:59,6840,31035,263874,2020-12-13T23:59:00Z,4961368,390585,,,6530,310,,2435885,,,,,,,,,,,18,4967,7199,2435885,33983,2435885,,35,239,a9ac8cfe57822148e4e209d881fe98b1c8e8e39f,0,0,0,0,0,
20201213,IN,425434,,1998285,,totalTestsViral,4927385,3108,30796,885,5441,386,,257026,12/12/2020 23:59,2020-12-12T23:59:00Z,12/12 18:59,6805,30796,257026,2020-12-12T23:59:00Z,4927385,385912,,,6495,310,,2423719,,,,,,,,,,,18,5898,11433,2423719,47708,2423719,,47,263,90bf93489c1f766762f3f19c0512dbd47f8f36f5,0,0,0,0,0,
20201212,IN,419536,,1986852,,totalTestsViral,4879677,3141,30533,914,5423,418,,254949,12/11/2020 23:59,2020-12-11T23:59:00Z,12/11 18:59,6758,30533,254949,2020-12-11T23:59:00Z,4879677,380981,,,6458,300,,2406388,,,,,,,,,,,18,7401,11487,2406388,60687,2406388,,85,407,6f6b62313d5dd08936f6985c64a8128a7d9f056f,0,0,0,0,0,
20201211,IN,412135,,1975365,,totalTestsViral,4818990,3204,30126,939,5353,416,,252215,12/10/2020 23:59,2020-12-10T23:59:00Z,12/10 18:59,6673,30126,252215,2020-12-10T23:59:00Z,4818990,374187,,,6373,300,,2387500,,,,,,,,,,,18,7200,11119,2387500,56097,2387500,,70,383,e49b3d502d9ecc846f67f1e181c80cbb46a8eb3f,0,0,0,0,0,
20201210,IN,404935,,1964246,,totalTestsViral,4762893,3221,29743,949,5275,410,,247133,12/9/2020 23:59,2020-12-09T23:59:00Z,12/09 18:59,6603,29743,247133,2020-12-09T23:59:00Z,4762893,367427,,,6302,301,,2369181,,,,,,,,,,,18,6518,9809,2369181,55927,2369181,,97,331,853a006f770df5c20031f790855027c4030552ec,0,0,0,0,0,
20201209,IN,398417,,1954437,,totalTestsViral,4706966,3244,29412,949,5238,414,,241677,12/8/2020 23:59,2020-12-08T23:59:00Z,12/08 18:59,6506,29412,241677,2020-12-08T23:59:00Z,4706966,361752,,,6207,299,,2352854,,,,,,,,,,,18,5754,8792,2352854,50139,2352854,,96,383,7dea6c360ad32efeb5cf6ebe22a3fa09d22b0319,0,0,0,0,0,
20201208,IN,392663,,1945645,,totalTestsViral,4656827,3250,29029,955,5193,399,,236245,12/7/2020 23:59,2020-12-07T23:59:00Z,12/07 18:59,6410,29029,236245,2020-12-07T23:59:00Z,4656827,357104,,,6109,301,,2338308,,,,,,,,,,,18,5385,8954,2338308,42287,2338308,,126,386,98cc4b5c42cbfc3adc0c1625dc4a8775b3817ad2,0,0,0,0,0,
20201207,IN,387278,,1936691,,totalTestsViral,4614540,3214,28643,954,5128,393,,230157,12/6/2020 23:59,2020-12-06T23:59:00Z,12/06 18:59,6284,28643,230157,2020-12-06T23:59:00Z,4614540,352008,,,5986,298,,2323969,,,,,,,,,,,18,5661,8429,2323969,37329,2323969,,42,276,7697f872d17994697cde6d377df6f3e4e0a769f3,0,0,0,0,0,
20201206,IN,381617,,1928262,,totalTestsViral,4577211,3189,28367,961,5081,368,,224059,12/5/2020 23:59,2020-12-05T23:59:00Z,12/05 18:59,6242,28367,224059,2020-12-05T23:59:00Z,4577211,347061,,,5944,298,,2309879,,,,,,,,,,,18,6598,11103,2309879,51451,2309879,,35,351,f7a7ccf336747b650e7d64375c80115c4ad27bf5,0,0,0,0,0,
20201205,IN,375019,,1917159,,totalTestsViral,4525760,3255,28016,961,5033,368,,222022,12/4/2020 23:59,2020-12-04T23:59:00Z,12/04 18:59,6207,28016,222022,2020-12-04T23:59:00Z,4525760,341255,,,5910,297,,2292178,,,,,,,,,,,18,7690,12306,2292178,61268,2292178,,85,344,eb70a9d98de60a7f1ae151db07a935a4b67f5f0b,0,0,0,0,0,
20201204,IN,367329,,1904853,,totalTestsViral,4464492,3289,27672,955,4990,383,,219094,12/3/2020 23:59,2020-12-03T23:59:00Z,12/03 18:59,6122,27672,219094,2020-12-03T23:59:00Z,4464492,334650,,,5832,290,,2272182,,,,,,,,,,,18,7899,11419,2272182,61536,2272182,,89,436,1ee289069384d76f3d7dc2b405096a87dbef104e,0,0,0,0,0,
20201203,IN,359430,,1893434,,totalTestsViral,4402956,3362,27236,987,4931,399,,213673,12/2/2020 23:59,2020-12-02T23:59:00Z,12/02 18:59,6033,27236,213673,2020-12-02T23:59:00Z,4402956,327467,,,5748,285,,2252864,,,,,,,,,,,18,8460,12302,2252864,60470,2252864,,60,382,2f8d862689a9ea76c4f8899ef7437553ad0d3f8f,0,0,0,0,0,
20201202,IN,350970,,1881132,,totalTestsViral,4342486,3441,26854,1001,4867,407,,208176,12/1/2020 23:59,2020-12-01T23:59:00Z,12/01 18:59,5973,26854,208176,2020-12-01T23:59:00Z,4342486,320141,,,5688,285,,2232102,,,,,,,,,,,18,6597,8247,2232102,46499,2232102,,109,430,08061deb61f97bd77e1166304c214b141a1d0887,0,0,0,0,0,
20201201,IN,344373,,1872885,,totalTestsViral,4295987,3460,26424,990,4794,386,,203214,11/30/2020 23:59,2020-11-30T23:59:00Z,11/30 18:59,5864,26424,203214,2020-11-30T23:59:00Z,4295987,313886,,,5598,266,,2217258,,,,,,,,,,,18,5396,7281,2217258,36023,2217258,,141,406,4caa82ed435756b00540e450f114c8b948d5d677,0,0,0,0,0,
20201130,IN,338977,,1865604,,totalTestsViral,4259964,3401,26018,968,4722,389,,197078,11/29/2020 23:59,2020-11-29T23:59:00Z,11/29 18:59,5723,26018,197078,2020-11-29T23:59:00Z,4259964,309723,,,5456,267,,2204581,,,,,,,,,,,18,5665,9988,2204581,37936,2204581,,38,386,d86ed13a266d5e7553d0320c554c3cafa3cdb363,0,0,0,0,0,
20201129,IN,333312,,1855616,,totalTestsViral,4222028,3392,25632,951,4660,355,,191290,11/28/2020 23:59,2020-11-28T23:59:00Z,11/28 18:59,5685,25632,191290,2020-11-28T23:59:00Z,4222028,304037,,,5418,267,,2188928,,,,,,,,,,,18,4304,9873,2188928,38627,2188928,,22,303,dfd208b307091e17d165523954d600e84df73001,0,0,0,0,0,
20201128,IN,329008,,1845743,,totalTestsViral,4183401,3381,25329,938,4604,356,,189640,11/27/2020 23:59,2020-11-27T23:59:00Z,11/27 18:59,5663,25329,189640,2020-11-27T23:59:00Z,4183401,300487,,,5394,269,,2174751,,,,,,,,,,,18,4471,8170,2174751,34805,2174751,,69,389,0f05728e36ece46095e80bba757baff68867340c,0,0,0,0,0,
20201127,IN,324537,,1837573,,totalTestsViral,4148596,3287,24940,946,4538,338,,187259,11/26/2020 23:59,2020-11-26T23:59:00Z,11/26 18:59,5594,24940,187259,2020-11-26T23:59:00Z,4148596,296828,,,5328,266,,2162110,,,,,,,,,,,18,5643,10740,2162110,48346,2162110,,33,366,48fc1913f86aaa6155e8720258b21bc19f452764,0,0,0,0,0,
20201126,IN,318894,,1826833,,totalTestsViral,4100250,3384,24574,955,4493,338,,182726,11/25/2020 23:59,2020-11-25T23:59:00Z,11/25 18:59,5561,24574,182726,2020-11-25T23:59:00Z,4100250,291641,,,5295,266,,2145727,,,,,,,,,,,18,6373,12959,2145727,62056,2145727,,63,357,65c1f80ba5626551734769761c6e284651c72bae,0,0,0,0,0,
20201125,IN,312521,,1813874,,totalTestsViral,4038194,3363,24217,956,4421,326,,177972,11/24/2020 23:59,2020-11-24T23:59:00Z,11/24 18:59,5498,24217,177972,2020-11-24T23:59:00Z,4038194,285743,,,5232,266,,2126395,,,,,,,,,,,18,5983,12668,2126395,61511,2126395,,63,333,b463f09a09066e85191e25c4780afd4c6b139304,0,0,0,0,0,
20201124,IN,306538,,1801206,,totalTestsViral,3976683,3279,23884,909,4371,325,,173231,11/24/2020 23:05,2020-11-24T23:05:00Z,11/24 18:05,5435,23884,173231,2020-11-24T23:05:00Z,3976683,280434,,,5169,266,,2107744,,,,,,,,,,,18,5625,11391,2107744,37038,2107744,,103,358,78db7104de573971f13778e6d41f467f7cb74828,0,0,0,0,0,
20201123,IN,300913,,1789815,,totalTestsViral,3939645,3219,23526,915,4313,317,,169211,11/22/2020 23:59,2020-11-22T23:59:00Z,11/22 18:59,5332,23526,169211,2020-11-22T23:59:00Z,3939645,275890,,,5067,265,,2090728,,,,,,,,,,,18,5556,12482,2090728,42100,2090728,,27,317,951e5efdad7dffc5118412451ca91c19291c23b6,0,0,0,0,0,
20201122,IN,295357,,1777333,,totalTestsViral,3897545,3144,23209,878,4284,310,,164992,11/21/2020 23:59,2020-11-21T23:59:00Z,11/21 18:59,5305,23209,164992,2020-11-21T23:59:00Z,3897545,271532,,,5040,265,,2072690,,,,,,,,,,,18,6174,13373,2072690,51165,2072690,,59,335,20a16f1962891e0bf1dfce3bed9af52e02a0b059,0,0,0,0,0,
20201121,IN,289183,,1763960,,totalTestsViral,3846380,3168,22874,925,4227,291,,163741,11/20/2020 23:59,2020-11-20T23:59:00Z,11/20 18:59,5246,22874,163741,2020-11-20T23:59:00Z,3846380,265477,,,4992,254,,2053143,,,,,,,,,,,18,6872,15333,2053143,60958,2053143,,40,362,313d21108fbb1ac481cef4726cf22089da2e8ded,0,0,0,0,0,
20201120,IN,282311,,1748627,,totalTestsViral,3785422,3077,22512,898,4182,278,,162324,11/19/2020 23:59,2020-11-19T23:59:00Z,11/19 18:59,5206,22512,162324,2020-11-19T23:59:00Z,3785422,259467,,,4952,254,,2030938,,,,,,,,,,,18,6808,14367,2030938,60088,2030938,,63,352,275ec5b62cf018262b0c065476791da9530a79a1,0,0,0,0,0,
20201119,IN,275503,,1734260,,totalTestsViral,3725334,3063,22160,854,4129,269,,159413,11/18/2020 23:59,2020-11-18T23:59:00Z,11/18 18:59,5143,22160,159413,2020-11-18T23:59:00Z,3725334,253606,,,4889,254,,2009763,,,,,,,,,,,18,7281,13026,2009763,57285,2009763,,59,423,f5f4654af1d841d5f60574dd5aaa9f00bf55bf64,0,0,0,0,0,
20201118,IN,268222,,1721234,,totalTestsViral,3668049,3040,21737,847,4068,262,,156423,11/17/2020 23:59,2020-11-17T23:59:00Z,11/17 18:59,5084,21737,156423,2020-11-17T23:59:00Z,3668049,247870,,,4830,254,,1989456,,,,,,,,,,,18,6015,14353,1989456,55973,1989456,,59,348,10844ea8b776a324cf813f914e7668b463db3fe6,0,0,0,0,0,
20201117,IN,262207,,1706881,,totalTestsViral,3612076,2951,21389,796,4017,246,,153381,11/16/2020 23:59,2020-11-16T23:59:00Z,11/16 18:59,5025,21389,153381,2020-11-16T23:59:00Z,3612076,242046,,,4770,255,,1969088,,,,,,,,,,,18,5463,11423,1969088,42121,1969088,,89,346,f85475d5042964bdfd405ce5af4a5c0f81d2ef4d,0,0,0,0,0,
20201116,IN,256744,,1695458,,totalTestsViral,3569955,2768,21043,750,3969,232,,150235,11/15/2020 23:59,2020-11-15T23:59:00Z,11/15 18:59,4936,21043,150235,2020-11-15T23:59:00Z,3569955,237802,,,4686,250,,1952202,,,,,,,,,,,18,5147,8766,1952202,33873,1952202,,26,339,156828eaac866b38f34c585a88b615dbe42468aa,0,0,0,0,0,
20201115,IN,251597,,1686692,,totalTestsViral,3536082,2628,20704,729,3900,224,,146886,11/14/2020 23:59,2020-11-14T23:59:00Z,11/14 18:59,4910,20704,146886,2020-11-14T23:59:00Z,3536082,233727,,,4660,250,,1938289,,,,,,,,,,,18,6710,13628,1938289,53337,1938289,,22,321,e4462ce2476293de10bd6f9918405b2db0e4f846,0,0,0,0,0,
20201114,IN,244887,,1673064,,totalTestsViral,3482745,2634,20383,689,3869,227,,146000,11/13/2020 23:59,2020-11-13T23:59:00Z,11/13 18:59,4888,20383,146000,2020-11-13T23:59:00Z,3482745,228434,,,4638,250,,1917951,,,,,,,,,,,18,8322,16559,1917951,68372,1917951,,25,295,b52b9d4ccf8444fa4fb3e3c3af20749dfa4f0c76,0,0,0,0,0,
20201113,IN,236565,,1656505,,totalTestsViral,3414373,2548,20088,664,3810,216,,144548,11/12/2020 23:59,2020-11-12T23:59:00Z,11/12 18:59,4863,20088,144548,2020-11-12T23:59:00Z,3414373,221056,,,4613,250,,1893070,,,,,,,,,,,18,5600,11153,1893070,44275,1893070,,50,515,aadbf44e69fef746892d6976c14ee5eeeeaf9b3e,0,0,0,0,0,
20201112,IN,230965,,1645352,,totalTestsViral,3370098,2569,19573,671,3758,220,,142017,11/11/2020 23:59,2020-11-11T23:59:00Z,11/11 18:59,4813,19573,142017,2020-11-11T23:59:00Z,3370098,216436,,,4563,250,,1876317,,,,,,,,,,,18,6591,16026,1876317,62253,1876317,,51,289,4a9e58f7e3333aa7f3c3943f01ad3004b6685f2f,0,0,0,0,0,
20201111,IN,224374,,1629326,,totalTestsViral,3307845,2544,19284,649,3703,196,,139444,11/10/2020 23:59,2020-11-10T23:59:00Z,11/10 18:59,4762,19284,139444,2020-11-10T23:59:00Z,3307845,211162,,,4512,250,,1853700,,,,,,,,,,,18,5036,11034,1853700,38192,1853700,,31,261,97e74b1976529448c7863bca84b246273f9fae55,0,0,0,0,0,
20201110,IN,219338,,1618292,,totalTestsViral,3269653,2336,19023,599,3656,183,,136988,11/9/2020 23:59,2020-11-09T23:59:00Z,11/09 18:59,4731,19023,136988,2020-11-09T23:59:00Z,3269653,207297,,,4481,250,,1837630,,,,,,,,,,,18,4829,9772,1837630,30619,1837630,,67,285,1ce841bc2d9e2e1bb6a63b8db23a8821477ebd48,0,0,0,0,0,
20201109,IN,214509,,1608520,,totalTestsViral,3239034,2174,18738,547,3623,180,,134598,11/8/2020 23:59,2020-11-08T23:59:00Z,11/08 18:59,4664,18738,134598,2020-11-08T23:59:00Z,3239034,203042,,,4418,246,,1823029,,,,,,,,,,,18,4135,8954,1823029,28368,1823029,,35,233,fd40471f5104ffb065c2e812b7a7aeff11285e19,0,0,0,0,0,
20201108,IN,210374,,1599566,,totalTestsViral,3210666,2070,18505,524,3566,173,,131979,11/7/2020 23:59,2020-11-07T23:59:00Z,11/07 18:59,4629,18505,131979,2020-11-07T23:59:00Z,3210666,199666,,,4383,246,,1809940,,,,,,,,,,,18,4652,10890,1809940,43148,1809940,,37,232,09eb1098843caffb01f45f1e67606e472e79ea0a,0,0,0,0,0,
20201107,IN,205722,,1588676,,totalTestsViral,3167518,2036,18273,559,3527,195,,131277,11/6/2020 23:59,2020-11-06T23:59:00Z,11/06 18:59,4592,18273,131277,2020-11-06T23:59:00Z,3167518,195456,,,4348,244,,1794398,,,,,,,,,,,18,4899,12394,1794398,50449,1794398,,45,268,1292f8a6dc069f7f3eaa0e35708f00a7d873955c,0,0,0,0,0,
20201106,IN,200823,,1576282,,totalTestsViral,3117069,2001,18005,540,3477,191,,130248,11/5/2020 23:59,2020-11-05T23:59:00Z,11/05 18:59,4547,18005,130248,2020-11-05T23:59:00Z,3117069,191092,,,4306,241,,1777105,,,,,,,,,,,18,4647,10511,1777105,43214,1777105,,36,207,cf4f3950f63ffef84c39085378cbbd9ba7705694,0,0,0,0,0,
20201105,IN,196176,,1565771,,totalTestsViral,3073855,1948,17798,568,3433,197,,128674,11/4/2020 23:59,2020-11-04T23:59:00Z,11/04 18:59,4511,17798,128674,2020-11-04T23:59:00Z,3073855,187475,,,4269,242,,1761947,,,,,,,,,,,18,4412,9039,1761947,41093,1761947,,47,185,d7b56b07d8f32255a9e901e666b8be3197bc1e38,0,0,0,0,0,
20201104,IN,191764,,1556732,,totalTestsViral,3032762,1897,17613,545,3393,183,,127143,11/3/2020 23:59,2020-11-03T23:59:00Z,11/03 18:59,4464,17613,127143,2020-11-03T23:59:00Z,3032762,183083,,,4224,240,,1748496,,,,,,,,,,,18,3698,11223,1748496,37419,1748496,,25,229,00a4339cc0266cb9bc1c9bb154605813393589fa,0,0,0,0,0,
20201103,IN,188066,,1545509,,totalTestsViral,2995343,1867,17384,566,3356,194,,125661,11/2/2020 23:59,2020-11-02T23:59:00Z,11/02 18:59,4439,17384,125661,2020-11-02T23:59:00Z,2995343,180092,,,4199,240,,1733575,,,,,,,,,,,18,2881,7852,1733575,25013,1733575,,49,229,4232d092d6d18d4146886de914bc0ba41544c6ca,0,0,0,0,0,
20201102,IN,185185,,1537657,,totalTestsViral,2970330,1759,17155,528,3313,170,,123980,11/1/2020 23:59,2020-11-01T23:59:00Z,11/01 18:59,4390,17155,123980,2020-11-01T23:59:00Z,2970330,177335,,,4150,240,,1722842,,,,,,,,,,,18,3077,9821,1722842,29293,1722842,,26,132,111061520418372dd0768630aaaeb31d1111179e,0,0,0,0,0,
20201101,IN,182108,,1527836,,totalTestsViral,2941037,1732,17023,495,3292,167,,122446,10/31/2020 23:59,2020-10-31T23:59:00Z,10/31 19:59,4364,17023,122446,2020-10-31T23:59:00Z,2941037,174616,,,4124,240,,1709944,,,,,,,,,,,18,2750,8186,1709944,30420,1709944,,32,176,fcadc45b816dbae8add014d47c5d11cadb930bfe,0,0,0,0,0,
20201031,IN,179358,,1519650,,totalTestsViral,2910617,1740,16847,515,3263,174,,121813,10/30/2020 23:59,2020-10-30T23:59:00Z,10/30 19:59,4332,16847,121813,2020-10-30T23:59:00Z,2910617,172330,,,4096,236,,1699008,,,,,,,,,,,18,3465,10760,1699008,46698,1699008,,46,162,9e060f54446f90fcf5a38bf9006cc1f9a9fd21d4,0,0,0,0,0,
20201030,IN,175893,,1508890,,totalTestsViral,2863919,1662,16685,517,3248,170,,120925,10/29/2020 23:59,2020-10-29T23:59:00Z,10/29 19:59,4286,16685,120925,2020-10-29T23:59:00Z,2863919,168905,,,4050,236,,1684783,,,,,,,,,,,18,3163,10527,1684783,41067,1684783,,26,216,0fed32a1ab93a526aba55ec0d6be76ccd240f7eb,0,0,0,0,0,
20201029,IN,172730,,1498363,,totalTestsViral,2822852,1733,16469,508,3204,159,,119664,10/28/2020 23:59,2020-10-28T23:59:00Z,10/28 19:59,4260,16469,119664,2020-10-28T23:59:00Z,2822852,166440,,,4024,236,,1671093,,,,,,,,,,,18,3618,10385,1671093,39104,1671093,,33,196,a659d6bab04ab2d013d4e2d0806af8f50c29c343,0,0,0,0,0,
20201028,IN,169112,,1487978,,totalTestsViral,2783748,1679,16273,470,3155,166,,118268,10/27/2020 23:59,2020-10-27T23:59:00Z,10/27 19:59,4227,16273,118268,2020-10-27T23:59:00Z,2783748,163098,,,3991,236,,1657090,,,,,,,,,,,18,2548,8000,1657090,29437,1657090,,33,209,fd840de4f8345fcf0340af4cbe5631556c6fb319,0,0,0,0,0,
20201027,IN,166564,,1479978,,totalTestsViral,2754311,1687,16064,494,3135,156,,116834,10/26/2020 23:59,2020-10-26T23:59:00Z,10/26 19:59,4194,16064,116834,2020-10-26T23:59:00Z,2754311,160768,,,3958,236,,1646542,,,,,,,,,,,18,1983,6327,1646542,19366,1646542,,51,159,98bc10c88a155aea82cb80b969dc5f6cda3e5100,0,0,0,0,0,
20201026,IN,164581,,1473651,,totalTestsViral,2734945,1634,15905,500,3115,164,,115425,10/25/2020 23:59,2020-10-25T23:59:00Z,10/25 19:59,4143,15905,115425,2020-10-25T23:59:00Z,2734945,159199,,,3907,236,,1638232,,,,,,,,,,,18,1974,6790,1638232,23867,1638232,,13,138,fe9297541729522bebe8eaf862f5535fd4faee11,0,0,0,0,0,
20201025,IN,162607,,1466861,,totalTestsViral,2711078,1666,15767,500,3093,165,,113994,10/24/2020 23:59,2020-10-24T23:59:00Z,10/24 19:59,4130,15767,113994,2020-10-24T23:59:00Z,2711078,157582,,,3894,236,,1629468,,,,,,,,,,,18,2153,8984,1629468,29881,1629468,,12,140,1f72a588bffa337da35a2350655c87556bb47124,0,0,0,0,0,
20201024,IN,160454,,1457877,,totalTestsViral,2681197,1685,15627,481,3066,152,,113498,10/23/2020 23:59,2020-10-23T23:59:00Z,10/23 19:59,4118,15627,113498,2020-10-23T23:59:00Z,2681197,155443,,,3882,236,,1618331,,,,,,,,,,,18,2741,9994,1618331,38675,1618331,,26,129,10ab16a0df008e10fc8eeade9dc8a7cde180298c,0,0,0,0,0,
20201023,IN,157713,,1447883,,totalTestsViral,2642522,1548,15498,433,3049,152,,112914,10/22/2020 23:59,2020-10-22T23:59:00Z,10/22 19:59,4092,15498,112914,2020-10-22T23:59:00Z,2642522,153266,,,3858,234,,1605596,,,,,,,,,,,18,2467,8764,1605596,31257,1605596,,27,194,87c66530f868a3ebafe93309945d395f4f596f0e,0,0,0,0,0,
20201022,IN,155246,,1439119,,totalTestsViral,2611265,1515,15304,433,3006,143,,111792,10/21/2020 23:59,2020-10-21T23:59:00Z,10/21 19:59,4065,15304,111792,2020-10-21T23:59:00Z,2611265,150959,,,3831,234,,1594365,,,,,,,,,,,18,2850,10406,1594365,36465,1594365,,42,141,8f983c7375d0252c99023e3f5a79f3d0549733ae,0,0,0,0,0,
20201021,IN,152396,,1428713,,totalTestsViral,2574800,1484,15163,412,2976,141,,110746,10/20/2020 23:59,2020-10-20T23:59:00Z,10/20 19:59,4023,15163,110746,2020-10-20T23:59:00Z,2574800,148743,,,3790,233,,1581109,,,,,,,,,,,18,1732,7027,1581109,23394,1581109,,15,180,c98c5903fbf5ee97b47f3e181f82870e89be4c3c,0,0,0,0,0,
20201020,IN,150664,,1421686,,totalTestsViral,2551406,1425,14983,412,2954,141,,109675,10/18/2020 23:59,2020-10-18T23:59:00Z,10/18 19:59,4008,14983,109675,2020-10-18T23:59:00Z,2551406,147110,,,3775,233,,1572350,,,,,,,,,,,18,1498,6130,1572350,17543,1572350,,48,157,7be9ed8052c69c73dfd54c580d4915ae3168648b,0,0,0,0,0,
20201019,IN,149166,,1415556,,totalTestsViral,2533863,1373,14826,383,2926,125,,108462,10/18/2020 23:59,2020-10-18T23:59:00Z,10/18 19:59,3960,14826,108462,2020-10-18T23:59:00Z,2533863,146170,,,3727,233,,1564722,,,,,,,,,,,18,1584,7701,1564722,21689,1564722,,23,111,7f078c213f055a7c4493e0f2726b0db0b1f4f279,0,0,0,0,0,
20201018,IN,147582,,1407855,,totalTestsViral,2512174,1387,14715,403,2907,136,,107148,10/17/2020 23:59,2020-10-17T23:59:00Z,10/17 19:59,3937,14715,107148,2020-10-17T23:59:00Z,2512174,144379,,,3704,233,,1555437,,,,,,,,,,,18,1605,7905,1555437,26668,1555437,,19,111,29e0efc1a77771387db88330d70bd3f29a9950da,0,0,0,0,0,
20201017,IN,145977,,1399950,,totalTestsViral,2485506,1358,14604,403,2883,136,,106319,10/16/2020 23:59,2020-10-16T23:59:00Z,10/16 19:59,3918,14604,106319,2020-10-16T23:59:00Z,2485506,143090,,,3685,233,,1545927,,,,,,,,,,,18,2482,10496,1545927,34221,1545927,,31,131,2802b8207d63c329717db790b37d862c852facea,0,0,0,0,0,
20201016,IN,143495,,1389454,,totalTestsViral,2451285,1311,14473,379,2867,136,,106319,10/15/2020 23:59,2020-10-15T23:59:00Z,10/15 19:59,3887,14473,106319,2020-10-15T23:59:00Z,2451285,140959,,,3654,233,,1532949,,,,,,,,,,,18,2283,9264,1532949,1006,1532949,,23,120,cc499b4afb4910454b0d046428d86167a18e0f97,0,0,0,0,0,
20201015,IN,141212,,1380190,,totalTestsViral,2450279,1355,14353,377,2845,132,,105594,10/14/2020 23:59,2020-10-14T23:59:00Z,10/14 19:59,3864,14353,105594,2020-10-14T23:59:00Z,2450279,140901,,,3632,232,,1521402,,,,,,,,,,,18,1943,8399,1521402,7707,1521402,,28,125,1c2b42bb80fdf3331a57af6c6b446b7573222cfd,0,0,0,0,0,
20201014,IN,139269,,1371791,,totalTestsViral,2442572,1357,14228,396,2818,125,,104647,10/13/2020 23:59,2020-10-13T23:59:00Z,10/13 19:59,3836,14228,104647,2020-10-13T23:59:00Z,2442572,140388,,,3609,227,,1511060,,,,,,,,,,,18,1165,5972,1511060,21445,1511060,,14,113,818a433342a244a5bd9092c80e1175b4b9a3e49a,0,0,0,0,0,
20201013,IN,138104,,1365819,,totalTestsViral,2421127,1288,14115,382,2808,132,,103722,10/12/2020 23:59,2020-10-12T23:59:00Z,10/12 19:59,3822,14115,103722,2020-10-12T23:59:00Z,2421127,139052,,,3595,227,,1503923,,,,,,,,,,,18,1549,6522,1503923,27395,1503923,,27,131,ee0711f70bd458b57c289fc05b977573800737db,0,0,0,0,0,
20201012,IN,136555,,1359297,,totalTestsViral,2393732,1238,13984,346,2780,122,,102769,10/11/2020 23:59,2020-10-11T23:59:00Z,10/11 19:59,3795,13984,102769,2020-10-11T23:59:00Z,2393732,136966,,,3568,227,,1495852,,,,,,,,,,,18,1574,8096,1495852,6347,1495852,,6,124,e87e7f6fab5a32e3df560771ddd8168fa380dba7,0,0,0,0,0,
20201011,IN,134981,,1351201,,totalTestsViral,2387385,1232,13860,349,2765,119,,101184,10/10/2020 23:59,2020-10-10T23:59:00Z,10/10 19:59,3789,13860,101184,2020-10-10T23:59:00Z,2387385,136318,,,3562,227,,1486182,,,,,,,,,,,18,1570,9973,1486182,9066,1486182,,7,104,cbc898d5d5ca3323dafecdac5c9f63fcb16170cf,0,0,0,0,0,
20201010,IN,133411,,1341228,,totalTestsViral,2378319,1180,13756,339,2751,115,,101184,10/9/2020 23:59,2020-10-09T23:59:00Z,10/09 19:59,3782,13756,101184,2020-10-09T23:59:00Z,2378319,135649,,,3555,227,,1474639,,,,,,,,,,,18,1918,9285,1474639,24590,1474639,,21,108,8c2f6edc43a282771a80efe0ed31cd8077437929,0,0,0,0,0,
20201009,IN,131493,,1331943,,totalTestsViral,2353729,1187,13648,357,2720,116,,101184,10/8/2020 23:59,2020-10-08T23:59:00Z,10/08 19:59,3761,13648,101184,2020-10-08T23:59:00Z,2353729,134014,,,3534,227,,1463436,,,,,,,,,,,18,1816,10229,1463436,30473,1463436,,19,111,53fb0ae16f08bd319b0d97d007a18ba7037ae9e2,0,0,0,0,0,
20201008,IN,129677,,1321714,,totalTestsViral,2323256,1110,13537,342,2691,107,,100528,10/7/2020 23:59,2020-10-07T23:59:00Z,10/07 19:59,3742,13537,100528,2020-10-07T23:59:00Z,2323256,132382,,,3515,227,,1451391,,,,,,,,,,,18,1450,9024,1451391,29878,1451391,,15,107,0c28a899386dfd029e78f1990986faaa76c29e46,0,0,0,0,0,
20201007,IN,128227,,1312690,,totalTestsViral,2293378,1081,13430,333,2683,101,,99802,10/6/2020 23:59,2020-10-06T23:59:00Z,10/06 19:59,3727,13430,99802,2020-10-06T23:59:00Z,2293378,130884,,,3500,227,,1440917,,,,,,,,,,,18,1281,7417,1440917,34767,1440917,,16,106,df86a3dee1cccaf0a62da763367acd3312da7fec,0,0,0,0,0,
20201006,IN,126946,,1305273,,totalTestsViral,2258611,1138,13324,333,2658,103,,98988,10/5/2020 23:59,2020-10-05T23:59:00Z,10/05 19:59,3711,13324,98988,2020-10-05T23:59:00Z,2258611,129432,,,3484,227,,1432219,,,,,,,,,,,18,970,6074,1432219,31776,1432219,,30,85,893dc06b8975c939ece3954fa2240044dc546f65,0,0,0,0,0,
20201005,IN,125976,,1299199,,totalTestsViral,2226835,1019,13239,308,2640,103,,98127,10/4/2020 23:59,2020-10-04T23:59:00Z,10/04 19:59,3681,13239,98127,2020-10-04T23:59:00Z,2226835,127617,,,3454,227,,1425175,,,,,,,,,,,18,830,6282,1425175,6242,1425175,,7,91,d89748241059920e8a612546ac5b3ed0e9f50f3a,0,0,0,0,0,
20201004,IN,125146,,1292917,,totalTestsViral,2220593,950,13148,279,2618,102,,96845,10/3/2020 23:59,2020-10-03T23:59:00Z,10/03 19:59,3674,13148,96845,2020-10-03T23:59:00Z,2220593,127140,,,3447,227,,1418063,,,,,,,,,,,18,1087,8501,1418063,8383,1418063,,5,80,97d8ca6bca9dfbd667da76185c06653a12e4503e,0,0,0,0,0,
20201003,IN,124059,,1284416,,totalTestsViral,2212210,911,13068,281,2605,104,,96845,10/2/2020 23:59,2020-10-02T23:59:00Z,10/02 19:59,3669,13068,96845,2020-10-02T23:59:00Z,2212210,126662,,,3442,227,,1408475,,,,,,,,,,,18,1419,8534,1408475,25729,1408475,,13,85,6c91baf4018d8231588e649be6f06b325f6b62ba,0,0,0,0,0,
20201002,IN,122640,,1275882,,totalTestsViral,2186481,963,12983,292,2590,102,,94816,10/1/2020 23:59,2020-10-01T23:59:00Z,10/01 19:59,3656,12983,94816,2020-10-01T23:59:00Z,2186481,125500,,,3429,227,,1398522,,,,,,,,,,,18,1464,9327,1398522,26601,1398522,,11,72,bd001f1519e1e8af8bb1de11207c16b1e2514c8b,0,0,0,0,0,
20201001,IN,121176,,1266555,,totalTestsViral,2159880,919,12911,265,2577,102,,95655,9/30/2020 23:59,2020-09-30T23:59:00Z,09/30 19:59,3645,12911,95655,2020-09-30T23:59:00Z,2159880,124303,,,3418,227,,1387731,,,,,,,,,,,18,1157,6724,1387731,26618,1387731,,13,97,ff7542f7b60d8f01ae3c6b5c81fc7ff8ac75dd0d,0,0,0,0,0,
20200930,IN,120019,,1259831,,totalTestsViral,2133262,975,12814,265,2554,96,,94816,9/29/2020 23:59,2020-09-29T23:59:00Z,09/29 19:59,3632,12814,94816,2020-09-29T23:59:00Z,2133262,123101,,,3405,227,,1379850,,,,,,,,,,,18,953,7542,1379850,31627,1379850,,20,56,3bd680f1391dedb9ab0ce3521bc6f1557651d3f1,0,0,0,0,0,
20200929,IN,119066,,1252289,,totalTestsViral,2101635,942,12758,288,2541,94,,93921,9/28/2020 23:59,2020-09-28T23:59:00Z,09/28 19:59,3612,12758,93921,2020-09-28T23:59:00Z,2101635,121800,,,3385,227,,1371355,,,,,,,,,,,18,744,4317,1371355,30052,1371355,,21,104,1d3ea4b3fb821cd28585238d98396e6314b5577c,0,0,0,0,0,
20200928,IN,118322,,1247972,,totalTestsViral,2071583,957,12654,299,2515,93,,92847,9/27/2020 23:59,2020-09-27T23:59:00Z,09/27 19:59,3591,12654,92847,2020-09-27T23:59:00Z,2071583,120249,,,3365,226,,1366294,,,,,,,,,,,18,872,6562,1366294,5102,1366294,,11,58,d2f5528eca4dc039de2faf1d5186dbfe86636077,0,0,0,0,0,
20200927,IN,117450,,1241410,,totalTestsViral,2066481,910,12596,282,2511,92,,92552,9/26/2020 23:59,2020-09-26T23:59:00Z,09/26 19:59,3580,12596,92552,2020-09-26T23:59:00Z,2066481,119892,,,3354,226,,1358860,,,,,,,,,,,18,901,7569,1358860,7516,1358860,,3,75,b31bcb113ce0d7b7372684325ac33d7665fef283,0,0,0,0,0,
20200926,IN,116549,,1233841,,totalTestsViral,2058965,910,12521,259,2497,92,,92306,9/25/2020 23:59,2020-09-25T23:59:00Z,09/25 19:59,3577,12521,92306,2020-09-25T23:59:00Z,2058965,119466,,,3351,226,,1350390,,,,,,,,,,,18,1142,7786,1350390,22732,1350390,,11,58,6c2eea68aa2bd960faac2d943e1afdd60f64e34c,0,0,0,0,0,
20200925,IN,115407,,1226055,,totalTestsViral,2036233,856,12463,258,2484,83,,91866,9/24/2020 23:59,2020-09-24T23:59:00Z,09/24 19:59,3566,12463,91866,2020-09-24T23:59:00Z,2036233,118514,,,3340,226,,1341462,,,,,,,,,,,18,1171,8683,1341462,26532,1341462,,18,75,2e3f2200ad534667ad02349a05aadaa0cd561817,0,0,0,0,0,
20200924,IN,114236,,1217372,,totalTestsViral,2009701,840,12388,261,2462,83,,90979,9/23/2020 23:59,2020-09-23T23:59:00Z,09/23 19:59,3548,12388,90979,2020-09-23T23:59:00Z,2009701,117524,,,3322,226,,1331608,,,,,,,,,,,18,899,7890,1331608,26075,1331608,,18,76,f104049e126441b1f04522f78e159c8f3f77f69d,0,0,0,0,0,
20200923,IN,113337,,1209482,,totalTestsViral,1983626,815,12312,272,2448,78,,90069,9/22/2020 23:59,2020-09-22T23:59:00Z,09/22 19:59,3530,12312,90069,2020-09-22T23:59:00Z,1983626,116484,,,3305,225,,1322819,,,,,,,,,,,18,711,6668,1322819,31028,1322819,,10,47,a3ac1210cbeb992a01c175df8c56aedbad414ac8,0,0,0,0,0,
20200922,IN,112626,,1202814,,totalTestsViral,1952598,759,12265,254,2439,79,,89072,9/21/2020 23:59,2020-09-21T23:59:00Z,09/21 19:59,3520,12265,89072,2020-09-21T23:59:00Z,1952598,115413,,,3295,225,,1315440,,,,,,,,,,,18,599,6196,1315440,27439,1315440,,8,81,f80f5666754f06ee49ddeb0a43fe66e4dc37a661,0,0,0,0,0,
20200921,IN,112027,,1196618,,totalTestsViral,1925159,766,12184,228,2428,72,,88173,9/20/2020 23:59,2020-09-20T23:59:00Z,09/20 19:59,3512,12184,88173,2020-09-20T23:59:00Z,1925159,114271,,,3287,225,,1308645,,,,,,,,,,,18,522,6183,1308645,4272,1308645,,6,41,6976700bb259bb9d30de86891fd5f2b08de1adee,0,0,0,0,0,
20200920,IN,111505,,1190435,,totalTestsViral,1920887,754,12143,218,2410,72,,87090,9/19/2020 23:59,2020-09-19T23:59:00Z,09/19 19:59,3506,12143,87090,2020-09-19T23:59:00Z,1920887,114033,,,3281,225,,1301940,,,,,,,,,,,18,746,8579,1301940,6438,1301940,,3,52,916a2bb044c428beadd3af35c37d0a135a7c7408,0,0,0,0,0,
20200919,IN,110759,,1181856,,totalTestsViral,1914449,762,12091,239,2402,74,,86260,9/18/2020 23:59,2020-09-18T23:59:00Z,09/18 19:59,3503,12091,86260,2020-09-18T23:59:00Z,1914449,113690,,,3278,225,,1292615,,,,,,,,,,,18,1076,10101,1292615,22051,1292615,,8,56,b97536a901c54d6544c6d959902be910db30359d,0,0,0,0,0,
20200918,IN,109683,,1171755,,totalTestsViral,1892398,804,12035,235,2387,76,,86260,9/17/2020 23:59,2020-09-17T23:59:00Z,09/17 19:59,3495,12035,86260,2020-09-17T23:59:00Z,1892398,112900,,,3270,225,,1281438,,,,,,,,,,,18,1037,10751,1281438,26346,1281438,,17,53,df1fa91f9c6be7cf3ba23f0057742be2f6f5934e,0,0,0,0,0,
20200917,IN,108646,,1161004,,totalTestsViral,1866052,778,11982,241,2376,72,,85334,9/16/2020 23:59,2020-09-16T23:59:00Z,09/16 19:59,3478,11982,85334,2020-09-16T23:59:00Z,1866052,112082,,,3253,225,,1269650,,,,,,,,,,,18,837,6921,1269650,27098,1269650,,6,64,1e900fa3e443f39695e0868568b1308421f1dc22,0,0,0,0,0,
20200916,IN,107809,,1154083,,totalTestsViral,1838954,788,11918,237,2363,68,,84336,9/15/2020 23:59,2020-09-15T23:59:00Z,09/15 19:59,3472,11918,84336,2020-09-15T23:59:00Z,1838954,111213,,,3247,225,,1261892,,,,,,,,,,,18,580,6581,1261892,29407,1261892,,12,60,e6fdac3b418fe0c29dcf899a2377adf7512d943f,0,0,0,0,0,
20200915,IN,107229,,1147502,,totalTestsViral,1809547,809,11858,230,2363,68,,83279,9/14/2020 23:59,2020-09-14T23:59:00Z,09/14 19:59,3460,11858,83279,2020-09-14T23:59:00Z,1809547,110299,,,3235,225,,1254731,,,,,,,,,,,18,689,6749,1254731,26378,1254731,,21,62,2cf6f636a2ea083390a92e8bdba27c8eaadcf727,0,0,0,0,0,
20200914,IN,106540,,1140753,,totalTestsViral,1783169,844,11796,230,2353,74,,82311,9/13/2020 23:59,2020-09-13T23:59:00Z,09/13 19:59,3439,11796,82311,2020-09-13T23:59:00Z,1783169,109242,,,3215,224,,1247293,,,,,,,,,,,18,736,7573,1247293,4380,1247293,,1,47,ace73e3cbca323d8a52a7df963ab2b441a86818e,0,0,0,0,0,
20200913,IN,105804,,1133180,,totalTestsViral,1778789,731,11749,219,2338,72,,81405,9/12/2020 23:59,2020-09-12T23:59:00Z,09/12 19:59,3438,11749,81405,2020-09-12T23:59:00Z,1778789,108988,,,3214,224,,1238984,,,,,,,,,,,18,1243,30761,1238984,6884,1238984,,1,39,9413d3bbbe5835926186e9639d3ac060a30529ea,0,0,0,0,0,
20200912,IN,104561,,1102419,,totalTestsViral,1771905,807,11710,234,2327,70,,81089,9/11/2020 23:59,2020-09-11T23:59:00Z,09/11 19:59,3437,11710,81089,2020-09-11T23:59:00Z,1771905,108696,,,3213,224,,1206980,,,,,,,,,,,18,1056,22820,1206980,24599,1206980,,17,59,6d576cd9f1f351dfddec12c6ea2a5382a06bbcf0,0,0,0,0,0,
20200911,IN,103505,,1079599,,totalTestsViral,1747306,809,11651,225,2315,68,,80738,9/10/2020 23:59,2020-09-10T23:59:00Z,09/10 19:59,3420,11651,80738,2020-09-10T23:59:00Z,1747306,107792,,,3196,224,,1183104,,,,,,,,,,,18,1262,17701,1183104,27818,1183104,,10,60,af80c67df2c4c243f4450b48ae7ca66cd37b0390,0,0,0,0,0,
20200910,IN,102243,,1061898,,totalTestsViral,1719488,833,11591,239,2310,68,,79859,9/9/2020 23:59,2020-09-09T23:59:00Z,09/09 19:59,3410,11591,79859,2020-09-09T23:59:00Z,1719488,106849,,,3186,224,,1164141,,,,,,,,,,,18,758,5365,1164141,28205,1164141,,13,63,386ad8d9d1759e808d0c9743d20fca992eeff43e,0,0,0,0,0,
20200909,IN,101485,,1056533,,totalTestsViral,1691283,763,11528,229,2304,70,,78925,9/8/2020 23:59,2020-09-08T23:59:00Z,09/08 19:59,3397,11528,78925,2020-09-08T23:59:00Z,1691283,105870,,,3173,224,,1158018,,,,,,,,,,,18,705,6450,1158018,31600,1158018,,17,61,7e91b37728d09b5db9ddf465d3bd2ce807dcef9b,0,0,0,0,0,
20200908,IN,100780,,1050083,,totalTestsViral,1659683,839,11467,246,2284,65,,77939,9/7/2020 23:59,2020-09-07T23:59:00Z,09/07 19:59,3380,11467,77939,2020-09-07T23:59:00Z,1659683,104565,,,3156,224,,1150863,,,,,,,,,,,18,386,3905,1150863,5981,1150863,,12,57,5f7f98652a42f8bcb25cd49f33246401d0c89518,0,0,0,0,0,
20200907,IN,100394,,1046178,,totalTestsViral,1653702,771,11410,236,2278,63,,77015,9/6/2020 23:59,2020-09-06T23:59:00Z,09/06 19:59,3368,11410,77015,2020-09-06T23:59:00Z,1653702,104226,,,3144,224,,1146572,,,,,,,,,,,18,590,7114,1146572,4676,1146572,,4,45,541f85d80d0082453f10429cd616d9174788195b,0,0,0,0,0,
20200906,IN,99804,,1039064,,totalTestsViral,1649026,751,11365,232,2271,70,,76023,9/5/2020 23:59,2020-09-05T23:59:00Z,09/05 19:59,3364,11365,76023,2020-09-05T23:59:00Z,1649026,103975,,,3140,224,,1138868,,,,,,,,,,,18,843,8947,1138868,6492,1138868,,2,47,f44e89154408622d581326532f5ce5119d230e4b,0,0,0,0,0,
20200905,IN,98961,,1030117,,totalTestsViral,1642534,771,11318,249,2260,77,,75680,9/4/2020 23:59,2020-09-04T23:59:00Z,09/04 19:59,3362,11318,75680,2020-09-04T23:59:00Z,1642534,103626,,,3138,224,,1129078,,,,,,,,,,,18,1077,10574,1129078,21522,1129078,,12,53,c3c9087db06620d0fc1218a0417f726123000e8b,0,0,0,0,0,
20200904,IN,97884,,1019543,,totalTestsViral,1621012,865,11265,262,2246,78,,75222,9/3/2020 23:59,2020-09-03T23:59:00Z,09/03 19:59,3350,11265,75222,2020-09-03T23:59:00Z,1621012,102642,,,3127,223,,1117427,,,,,,,,,,,18,1030,13359,1117427,23426,1117427,,18,69,53ce9fab4efffbd07de093a5d19e0138da1ea673,0,0,0,0,0,
20200903,IN,96854,,1006184,,totalTestsViral,1597586,856,11196,257,2242,79,,74288,9/2/2020 23:59,2020-09-02T23:59:00Z,09/02 19:59,3332,11196,74288,2020-09-02T23:59:00Z,1597586,101659,,,3110,222,,1103038,,,,,,,,,,,18,1104,9338,1103038,23969,1103038,,7,53,6cd3ac72f4d2a3b98169375769aa8300b2877695,0,0,0,0,0,
20200902,IN,95750,,996846,,totalTestsViral,1573617,887,11143,247,2237,69,,73390,9/1/2020 23:59,2020-09-01T23:59:00Z,09/01 19:59,3325,11143,73390,2020-09-01T23:59:00Z,1573617,100657,,,3106,219,,1092596,,,,,,,,,,,18,859,7972,1092596,22733,1092596,,13,49,378dfd4109f1db4fc3b88137ac5d190234eaaa07,0,0,0,0,0,
20200901,IN,94891,,988874,,totalTestsViral,1550884,848,11094,239,2230,74,,72391,8/31/2020 23:59,2020-08-31T23:59:00Z,08/31 19:59,3312,11094,72391,2020-08-31T23:59:00Z,1550884,99678,,,3093,219,,1083765,,,,,,,,,,,18,695,6123,1083765,21552,1083765,,16,51,324bc01506f5cd4d09ce27061af86258d62b983d,0,0,0,0,0,
20200831,IN,94196,,982751,,totalTestsViral,1529332,881,11043,222,2217,79,,71591,8/30/2020 23:59,2020-08-30T23:59:00Z,08/30 19:59,3296,11043,71591,2020-08-30T23:59:00Z,1529332,98364,,,3077,219,,1076947,,,,,,,,,,,18,883,10708,1076947,4601,1076947,,5,200,2dec716af546649ce5802645fa8eeebf5dbeed5a,0,0,0,0,0,
20200830,IN,93313,,972043,,totalTestsViral,1524731,883,10843,267,2163,79,,70534,8/29/2020 23:59,2020-08-29T23:59:00Z,08/29 19:59,3291,10843,70534,2020-08-29T23:59:00Z,1524731,98104,,,3072,219,,1065356,,,,,,,,,,,18,879,8684,1065356,7068,1065356,,6,4,589bc985d1245750a715bd4f1828d8fad5ae3bfc,0,0,0,0,0,
20200829,IN,92434,,963359,,totalTestsViral,1517663,880,10839,278,2167,72,,70183,8/28/2020 23:59,2020-08-28T23:59:00Z,08/28 19:59,3285,10839,70183,2020-08-28T23:59:00Z,1517663,97687,,,3066,219,,1055793,,,,,,,,,,,18,1121,10623,1055793,20667,1055793,,8,21,743d98642920773f9750fc2a274c23d52c228252,0,0,0,0,0,
20200828,IN,91313,,952736,,totalTestsViral,1496996,867,10818,281,2158,67,,69723,8/27/2020 23:59,2020-08-27T23:59:00Z,08/27 19:59,3277,10818,69723,2020-08-27T23:59:00Z,1496996,96767,,,3058,219,,1044049,,,,,,,,,,,18,809,8494,1044049,21724,1044049,,11,71,0d82ca4af8223df41ad815a81818de1cf9959947,0,0,0,0,0,
20200827,IN,90504,,944242,,totalTestsViral,1475272,882,10747,279,2156,71,,68675,8/26/2020 23:59,2020-08-26T23:59:00Z,08/26 19:59,3266,10747,68675,2020-08-26T23:59:00Z,1475272,95734,,,3047,219,,1034746,,,,,,,,,,,18,1145,11064,1034746,22014,1034746,,7,142,2a68c265cdee5e72c82d569860eabf0c6203aa03,0,0,0,0,0,
20200826,IN,89359,,933178,,totalTestsViral,1453258,948,10605,283,2121,75,,67673,8/25/2020 23:59,2020-08-25T23:59:00Z,08/25 19:59,3259,10605,67673,2020-08-25T23:59:00Z,1453258,94581,,,3041,218,,1022537,,,,,,,,,,,18,938,10618,1022537,21687,1022537,,18,188,e2de56930435eab84b25577241ccdc8003d1af91,0,0,0,0,0,
20200825,IN,88421,,922560,,totalTestsViral,1431571,987,10417,276,2099,77,,66703,8/24/2020 23:59,2020-08-24T23:59:00Z,08/24 19:59,3241,10417,66703,2020-08-24T23:59:00Z,1431571,93508,,,3023,218,,1010981,,,,,,,,,,,18,829,8114,1010981,21702,1010981,,16,74,770a9d9f076ed1c5ef416f255822cdc0e54e12c4,0,0,0,0,0,
20200824,IN,87592,,914446,,totalTestsViral,1409869,912,10343,248,2085,75,,64131,8/23/2020 23:59,2020-08-23T23:59:00Z,08/23 19:59,3225,10343,64131,2020-08-23T23:59:00Z,1409869,92192,,,3008,217,,1002038,,,,,,,,,,,18,1660,22576,1002038,6737,1002038,,5,62,f3e05e4d213b0603932dfc483fac75db544a280b,0,0,0,0,0,
20200823,IN,85932,,891870,,totalTestsViral,1403132,894,10281,252,2076,70,,64131,8/22/2020 23:59,2020-08-22T23:59:00Z,08/22 19:59,3220,10281,64131,2020-08-22T23:59:00Z,1403132,91844,,,3003,217,,977802,,,,,,,,,,,18,615,7541,977802,9088,977802,,2,62,4334f492a87e063c0412a62939a24dd658b8616c,0,0,0,0,0,
20200822,IN,85317,,884329,,totalTestsViral,1394044,883,10219,235,2067,76,,64131,8/21/2020 23:59,2020-08-21T23:59:00Z,08/21 19:59,3218,10219,64131,2020-08-21T23:59:00Z,1394044,91434,,,3001,217,,969646,,,,,,,,,,,18,1000,10214,969646,23790,969646,,10,87,c0bf63635cea812575ed2ae7ee813b587efd4b34,0,0,0,0,0,
20200821,IN,84317,,874115,,totalTestsViral,1370254,860,10132,252,2051,81,,64131,8/20/2020 23:59,2020-08-20T23:59:00Z,08/20 19:59,3208,10132,64131,2020-08-20T23:59:00Z,1370254,90442,,,2992,216,,958432,,,,,,,,,,,18,1040,11921,958432,25173,958432,,17,-13,b180f0c15b3b2d74e8138a236f874c9015be545d,0,0,0,0,0,
20200820,IN,83277,,862194,,totalTestsViral,1345081,921,10145,257,2069,78,,63262,8/19/2020 23:59,2020-08-19T23:59:00Z,08/19 19:59,3191,10145,63262,2020-08-19T23:59:00Z,1345081,89402,,,2979,212,,945471,,,,,,,,,,,18,941,10497,945471,26649,945471,,11,55,a2589a95def2ee47d1c65e4de895db8ea616d498,0,0,0,0,0,
20200819,IN,82336,,851697,,totalTestsViral,1318432,842,10090,249,2059,88,,62483,8/18/2020 23:59,2020-08-18T23:59:00Z,08/18 19:59,3180,10090,62483,2020-08-18T23:59:00Z,1318432,88272,,,2968,212,,934033,,,,,,,,,,,18,489,4930,934033,27130,934033,,15,53,d12fe944d44848445eec898e0d3055e4bffc0535,0,0,0,0,0,
20200818,IN,81847,,846767,,totalTestsViral,1291302,849,10037,251,2052,94,,61518,8/17/2020 23:59,2020-08-17T23:59:00Z,08/17 19:59,3165,10037,61518,2020-08-17T23:59:00Z,1291302,87119,,,2954,211,,928614,,,,,,,,,,,18,841,13140,928614,26269,928614,,30,64,81e7512c6d9a7ff1e1c8ea406755b7020a87bcd2,0,0,0,0,0,
20200817,IN,81006,,833627,,totalTestsViral,1265033,900,9973,262,2033,95,,60677,8/16/2020 23:59,2020-08-16T23:59:00Z,08/16 19:59,3135,9973,60677,2020-08-16T23:59:00Z,1265033,85778,,,2926,209,,914633,,,,,,,,,,,18,591,7191,914633,7721,914633,,2,38,30b4d1f8ec7644b108cb472c6ad4975352ac5156,0,0,0,0,0,
20200816,IN,80415,,826436,,totalTestsViral,1257312,944,9935,265,2035,92,,59801,8/15/2020 23:59,2020-08-15T23:59:00Z,08/15 19:59,3133,9935,59801,2020-08-15T23:59:00Z,1257312,85460,,,2924,209,,906851,,,,,,,,,,,18,739,8497,906851,7647,906851,,5,63,3f5d1d4e8f65deaa612d309aedab72e126f99a1e,0,0,0,0,0,
20200815,IN,79676,,817939,,totalTestsViral,1249665,922,9872,267,2032,88,,59488,8/14/2020 23:59,2020-08-14T23:59:00Z,08/14 19:59,3128,9872,59488,2020-08-14T23:59:00Z,1249665,85105,,,2921,207,,897615,,,,,,,,,,,18,1044,10082,897615,24570,897615,,15,71,b91dd8526e48485ce8bb543c00289a33f2dbb28b,0,0,0,0,0,
20200814,IN,78632,,807857,,totalTestsViral,1225095,910,9801,291,2007,80,,59073,8/13/2020 23:59,2020-08-13T23:59:00Z,08/13 19:59,3113,9801,59073,2020-08-13T23:59:00Z,1225095,83963,,,2906,207,,886489,,,,,,,,,,,18,1067,7452,886489,22748,886489,,8,123,360db3a6d8541ecbb46b9b9a02578ab4a2d92b36,0,0,0,0,0,
20200813,IN,77565,,800405,,totalTestsViral,1202347,991,9678,290,1975,86,,57209,8/12/2020 23:59,2020-08-12T23:59:00Z,08/12 19:59,3105,9678,57209,2020-08-12T23:59:00Z,1202347,83003,,,2898,207,,877970,,,,,,,,,,,18,1043,9933,877970,21711,877970,,19,0,c1e3300564d84ab9140af4bfde358725d485ca50,0,0,0,0,0,
20200812,IN,76522,,790472,,totalTestsViral,1180636,936,9678,294,1975,84,,57209,8/11/2020 23:59,2020-08-11T23:59:00Z,08/11 19:59,3086,9678,57209,2020-08-11T23:59:00Z,1180636,81888,,,2878,208,,866994,,,,,,,,,,,18,660,4679,866994,20395,866994,,17,79,e17355f00c5bf5070177356bb3e70139ef2d183d,0,0,0,0,0,
20200811,IN,75862,,785793,,totalTestsViral,1160241,964,9599,327,1961,87,,56349,8/10/2020 23:59,2020-08-10T23:59:00Z,08/10 19:59,3069,9599,56349,2020-08-10T23:59:00Z,1160241,80828,,,2863,206,,861655,,,,,,,,,,,18,870,8674,861655,23169,861655,,25,245,f1809c7474a52f49540dc61854166c56c6a9c961,0,0,0,0,0,
20200810,IN,74992,,777119,,totalTestsViral,1137072,921,9354,305,1927,81,,54068,8/9/2020 23:59,2020-08-09T23:59:00Z,08/09 19:59,3044,9354,54068,2020-08-09T23:59:00Z,1137072,79539,,,2838,206,,852111,,,,,,,,,,,18,664,10322,852111,5323,852111,,3,0,2e1510760b798d937ec3ff95908def4b6abc388a,0,0,0,0,0,
20200809,IN,74328,,766797,,totalTestsViral,1131749,960,9354,289,1927,78,,54068,8/8/2020 23:59,2020-08-08T23:59:00Z,08/08 19:59,3041,9354,54068,2020-08-08T23:59:00Z,1131749,79241,,,2835,206,,841125,,,,,,,,,,,18,1041,11618,841125,7788,841125,,5,0,1aa367544e2db0e8b43ef18a253a1df81af556cc,0,0,0,0,0,
20200808,IN,73287,,755179,,totalTestsViral,1123961,960,9354,284,1927,85,,54068,8/7/2020 23:59,2020-08-07T23:59:00Z,08/07 19:59,3036,9354,54068,2020-08-07T23:59:00Z,1123961,78838,,,2834,202,,828466,,,,,,,,,,,18,1033,10329,828466,20914,828466,,13,0,cdbfb1f6fa26b8af57d03ecf954f0ad555a8e2f6,0,0,0,0,0,
20200807,IN,72254,,744850,,totalTestsViral,1103047,990,9354,295,1927,76,,54068,8/6/2020 23:59,2020-08-06T23:59:00Z,08/06 19:59,3023,9354,54068,2020-08-06T23:59:00Z,1103047,77694,,,2821,202,,817104,,,,,,,,,,,18,1239,11520,817104,19868,817104,,10,87,f4035ed62d71cf179c5fc1b9287c8d722bc7cfae,0,0,0,0,0,
20200806,IN,71015,,733330,,totalTestsViral,1083179,1009,9267,301,1923,82,,53301,8/5/2020 23:59,2020-08-05T23:59:00Z,08/05 19:59,3013,9267,53301,2020-08-05T23:59:00Z,1083179,76537,,,2811,202,,804345,,,,,,,,,,,18,1040,11080,804345,19347,804345,,6,119,1e0fcfef7f92f44decdcd3af219fa12450aa10f4,0,0,0,0,0,
20200805,IN,69975,,722250,,totalTestsViral,1063832,923,9148,308,1894,93,,51709,8/4/2020 23:59,2020-08-04T23:59:00Z,08/04 19:59,3007,9148,51709,2020-08-04T23:59:00Z,1063832,75398,,,2805,202,,792225,,,,,,,,,,,18,720,6487,792225,19817,792225,,11,0,b5703497d12d09f03ecb02bb8496e2f53fe06712,0,0,0,0,0,
20200804,IN,69255,,715763,,totalTestsViral,1044015,980,9148,375,1894,83,,43535,8/3/2020 23:59,2020-08-03T23:59:00Z,08/03 19:59,2996,9148,43535,2020-08-03T23:59:00Z,1044015,74168,,,2794,202,,785018,,,,,,,,,,,18,822,8714,785018,19783,785018,,16,144,4b2a33ad2d5fb0bdba0e02ec7cc93fdc88c44486,0,0,0,0,0,
20200803,IN,68433,,707049,,totalTestsViral,1024232,904,9004,310,1871,81,,47355,8/2/2020 23:59,2020-08-02T23:59:00Z,08/02 19:59,2980,9004,47355,2020-08-02T23:59:00Z,1024232,72940,,,2780,200,,775482,,,,,,,,,,,18,576,5863,775482,4095,775482,,5,156,cdd3d7703543d0314730ad46eed3c2ae93664b0c,0,0,0,0,0,
20200802,IN,67857,,701186,,totalTestsViral,1020137,873,8848,322,1852,77,,47355,8/1/2020 23:59,2020-08-01T23:59:00Z,08/01 19:59,2975,8848,47355,2020-08-01T23:59:00Z,1020137,72660,,,2775,200,,769043,,,,,,,,,,,18,735,9702,769043,6795,769043,,4,67,bd75be6a9cf260c3ed1ea16f7e45070a67092add,0,0,0,0,0,
20200801,IN,67122,,691484,,totalTestsViral,1013342,977,8781,322,1836,81,,46955,7/31/2020 23:59,2020-07-31T23:59:00Z,07/31 19:59,2971,8781,46955,2020-07-31T23:59:00Z,1013342,72225,,,2771,200,,758606,,,,,,,,,,,18,968,10255,758606,17077,758606,,6,54,ad655cf0e0f9bbd6759d2a6fa6cbeba3d0bdc90e,0,0,0,0,0,
20200731,IN,66154,,681229,,totalTestsViral,996265,865,8727,280,1825,81,,46466,7/30/2020 23:59,2020-07-30T23:59:00Z,07/30 19:59,2965,8727,46466,2020-07-30T23:59:00Z,996265,71180,,,2765,200,,747383,,,,,,,,,,,18,901,10634,747383,16140,747383,,19,60,7a465ee4f1fd326a7d7090a669f87ee6eccfa809,0,0,0,0,0,
20200730,IN,65253,,670595,,totalTestsViral,980125,831,8667,301,1808,69,,45751,7/29/2020 23:59,2020-07-29T23:59:00Z,07/29 19:59,2946,8667,45751,2020-07-29T23:59:00Z,980125,70277,,,2746,200,,735848,,,,,,,,,,,18,954,10656,735848,16212,735848,,14,80,686ef973dbe15eb73145eb499cf536481ea7b141,0,0,0,0,0,
20200729,IN,64299,,659939,,totalTestsViral,963913,837,8587,279,1796,69,,45058,7/28/2020 23:59,2020-07-28T23:59:00Z,07/28 19:59,2932,8587,45058,2020-07-28T23:59:00Z,963913,69162,,,2733,199,,724238,,,,,,,,,,,18,621,6808,724238,17840,724238,,8,82,b2235615d1216aa05e87906d1a21ad29633e21ad,0,0,0,0,0,
20200728,IN,63678,,653131,,totalTestsViral,946073,907,8505,304,1772,69,,44548,7/27/2020 23:59,2020-07-27T23:59:00Z,07/27 19:59,2924,8505,44548,2020-07-27T23:59:00Z,946073,68086,,,2725,199,,716809,,,,,,,,,,,18,771,8247,716809,18320,716809,,18,61,b63b74259afb3a08aec521db2205afb23fd45e31,0,0,0,0,0,
20200727,IN,62907,,644884,,totalTestsViral,927753,835,8444,291,1767,66,,44124,7/26/2020 23:59,2020-07-26T23:59:00Z,07/26 19:59,2906,8444,44124,2020-07-26T23:59:00Z,927753,66936,,,2709,197,,707791,,,,,,,,,,,18,535,5945,707791,3593,707791,,3,43,8b1e2572e14e364bda35bcdff7e42ba334901484,0,0,0,0,0,
20200726,IN,62372,,638939,,totalTestsViral,924160,834,8401,282,1758,62,,43809,7/25/2020 23:59,2020-07-25T23:59:00Z,07/25 19:59,2903,8401,43809,2020-07-25T23:59:00Z,924160,66662,,,2706,197,,701311,,,,,,,,,,,18,852,10185,701311,6791,701311,,8,221,2b8f2d3c11e4344c39df9bfacfb858b3920a36de,0,0,0,0,0,
20200725,IN,61520,,628754,,totalTestsViral,917369,824,8180,281,1736,63,,43535,7/24/2020 23:59,2020-07-24T23:59:00Z,07/24 19:59,2895,8180,43535,2020-07-24T23:59:00Z,917369,66239,,,2698,197,,690274,,,,,,,,,,,18,922,10603,690274,17350,690274,,11,52,eafa8bf1ab8479b93a9377661aec494ffa41dcab,0,0,0,0,0,
20200724,IN,60598,,618151,,totalTestsViral,900019,850,8128,313,1725,69,,43066,7/23/2020 23:59,2020-07-23T23:59:00Z,07/23 19:59,2884,8128,43066,2020-07-23T23:59:00Z,900019,65223,,,2687,197,,678749,,,,,,,,,,,18,996,11470,678749,16580,678749,,4,62,fdf4311f704e719bd2c5c82720292314bfaeab29,0,0,0,0,0,
20200723,IN,59602,,606681,,totalTestsViral,883439,869,8066,327,1708,85,,42603,7/22/2020 23:59,2020-07-22T23:59:00Z,07/22 19:59,2880,8066,42603,2020-07-22T23:59:00Z,883439,64176,,,2683,197,,666283,,,,,,,,,,,18,929,10941,666283,16316,666283,,17,46,7d3d1418c7e30beb77f5b7c693fd72675b4a5def,0,0,0,0,0,
20200722,IN,58673,,595740,,totalTestsViral,867123,869,8020,327,1703,85,,41322,7/21/2020 23:59,2020-07-21T23:59:00Z,07/21 19:59,2863,8020,41322,2020-07-21T23:59:00Z,867123,63089,,,2666,197,,654413,,,,,,,,,,,18,757,8851,654413,17034,654413,,17,79,88f2abfd3badf51622e37b49a07d7455258a6f36,0,0,0,0,0,
20200721,IN,57916,,586889,,totalTestsViral,850089,803,7941,267,1691,82,,41322,7/20/2020 23:59,2020-07-20T23:59:00Z,07/20 19:59,2846,7941,41322,2020-07-20T23:59:00Z,850089,61982,,,2652,194,,644805,,,,,,,,,,,18,710,8435,644805,17689,644805,,21,0,b57cd7b5eb5a2f2371999d44cc51231858d60a9a,0,0,0,0,0,
20200720,IN,57206,,578454,,totalTestsViral,832400,805,7941,248,1691,85,,41322,7/19/2020 23:59,2020-07-19T23:59:00Z,07/19 19:59,2825,7941,41322,2020-07-19T23:59:00Z,832400,60881,,,2632,193,,635660,,,,,,,,,,,18,635,8145,635660,4207,635660,,3,46,c2cf8252b9cb849f7a808ffd1f593161ec8d5fca,0,0,0,0,0,
20200719,IN,56571,,570309,,totalTestsViral,828193,786,7895,244,1675,81,,40965,7/18/2020 23:59,2020-07-18T23:59:00Z,07/18 19:59,2822,7895,40965,2020-07-18T23:59:00Z,828193,60583,,,2629,193,,626880,,,,,,,,,,,18,917,11508,626880,7240,626880,,2,34,2699af36ea10e3fa61800198f7fbc3a3d01f3a5b,0,0,0,0,0,
20200718,IN,55654,,558801,,totalTestsViral,820953,798,7861,245,1667,84,,40722,7/17/2020 23:59,2020-07-17T23:59:00Z,07/17 19:59,2820,7861,40722,2020-07-17T23:59:00Z,820953,60196,,,2627,193,,614455,,,,,,,,,,,18,841,8979,614455,17273,614455,,17,47,9866270ead4157a46709038fea7ce67b488f2ac7,0,0,0,0,0,
20200717,IN,54813,,549822,,totalTestsViral,803680,815,7814,258,1658,80,,40421,7/16/2020 23:59,2020-07-16T23:59:00Z,07/16 19:59,2803,7814,40421,2020-07-16T23:59:00Z,803680,59214,,,2610,193,,604635,,,,,,,,,,,18,733,8344,604635,17026,604635,,8,67,334ccb40f6cef21c9befe358c36db7ba6042821f,0,0,0,0,0,
20200716,IN,54080,,541478,,totalTestsViral,786654,827,7747,292,1643,86,,40004,7/15/2020 23:59,2020-07-15T23:59:00Z,07/15 19:59,2795,7747,40004,2020-07-15T23:59:00Z,786654,58217,,,2602,193,,595558,,,,,,,,,,,18,710,8259,595558,14941,595558,,10,61,cd92af72118a68accd3ed69b92e338f91e6a5805,0,0,0,0,0,
20200715,IN,53370,,533219,,totalTestsViral,771713,881,7686,284,1634,79,,39571,7/14/2020 23:59,2020-07-14T23:59:00Z,07/14 19:59,2785,7686,39571,2020-07-14T23:59:00Z,771713,57295,,,2592,193,,586589,,,,,,,,,,,18,685,7495,586589,15645,586589,,10,53,fcbbe290cf79d1a224674a7e9709dbc0fcd8b405,0,0,0,0,0,
20200714,IN,52685,,525724,,totalTestsViral,756068,767,7633,266,1620,73,,39155,7/13/2020 23:59,2020-07-13T23:59:00Z,07/13 19:59,2775,7633,39155,2020-07-13T23:59:00Z,756068,56338,,,2582,193,,578409,,,,,,,,,,,18,648,7352,578409,16568,578409,,13,59,5d41e99fbb94655fa5cfe05865163e96b4eaf89a,0,0,0,0,0,
20200713,IN,52037,,518372,,totalTestsViral,739500,764,7574,255,1601,71,,38914,7/12/2020 23:59,2020-07-12T23:59:00Z,07/12 19:59,2762,7574,38914,2020-07-12T23:59:00Z,739500,55304,,,2569,193,,570409,,,,,,,,,,,18,425,5337,570409,4462,570409,,2,47,a864b437dd1c21aa44fbbc2c11f2997b5dcdb189,0,0,0,0,0,
20200712,IN,51612,,513035,,totalTestsViral,735038,702,7527,237,1592,68,,38623,7/11/2020 23:59,2020-07-11T23:59:00Z,07/11 19:59,2760,7527,38623,2020-07-11T23:59:00Z,735038,54984,,,2567,193,,564647,,,,,,,,,,,18,533,5968,564647,6048,564647,,4,69,ebf42d6e2d4979bf3f8cf2bc9f869db1c9fe0292,0,0,0,0,0,
20200711,IN,51079,,507067,,totalTestsViral,728990,714,7458,237,1577,72,,38441,7/10/2020 23:59,2020-07-10T23:59:00Z,07/10 19:59,2756,7458,38441,2020-07-10T23:59:00Z,728990,54645,,,2563,193,,558146,,,,,,,,,,,18,779,6805,558146,13575,558146,,8,0,ce8679c8500036111ac462d11bc4d478d8cf485a,0,0,0,0,0,
20200710,IN,50300,,500262,,totalTestsViral,715415,667,7458,217,1577,87,,38120,7/9/2020 23:59,2020-07-09T23:59:00Z,07/09 19:59,2748,7458,38120,2020-07-09T23:59:00Z,715415,53858,,,2555,193,,550562,,,,,,,,,,,18,725,7545,550562,12365,550562,,9,72,332e2f5bce347fd268e9b13746b1a2be1564141e,0,0,0,0,0,
20200709,IN,49575,,492717,,totalTestsViral,703050,686,7386,226,1556,89,,37795,7/8/2020 23:59,2020-07-08T23:59:00Z,07/08 19:59,2739,7386,37795,2020-07-08T23:59:00Z,703050,53099,,,2546,193,,542292,,,,,,,,,,,18,512,5923,542292,11519,542292,,7,21,ea3bd96fa57635c48dd21142914fda668eb36eaa,0,0,0,0,0,
20200708,IN,49063,,486794,,totalTestsViral,691531,667,7365,217,1551,87,,37462,7/7/2020 23:59,2020-07-07T23:59:00Z,07/07 19:59,2732,7365,37462,2020-07-07T23:59:00Z,691531,52338,,,2539,193,,535857,,,,,,,,,,,18,437,5345,535857,12892,535857,,15,32,d3543e24309828839e4e462f15100164afee4b27,0,0,0,0,0,
20200707,IN,48626,,481449,,totalTestsViral,678639,655,7333,213,1540,76,,36999,7/6/2020 23:59,2020-07-06T23:59:00Z,07/06 19:59,2717,7333,36999,2020-07-06T23:59:00Z,678639,51467,,,2524,193,,530075,,,,,,,,,,,18,295,3188,530075,14657,530075,,19,48,ab38ffbb4c288cd077b8d74012f0d1b364f1a2fc,0,0,0,0,0,
20200706,IN,48331,,478261,,totalTestsViral,663982,613,7285,229,1526,88,,36788,7/5/2020 11:59,2020-07-05T11:59:00Z,07/05 07:59,2698,7285,36788,2020-07-05T11:59:00Z,663982,50513,,,2505,193,,526592,,,,,,,,,,,18,323,4547,526592,3406,526592,,5,31,b4111bb67034a9e33d4459feb5ac0619ab7589ad,0,0,0,0,0,
20200705,IN,48008,,473714,,totalTestsViral,660576,632,7254,218,1526,87,,36475,7/4/2020 11:59,2020-07-04T11:59:00Z,07/04 07:59,2693,7254,36475,2020-07-04T11:59:00Z,660576,50252,,,2500,193,,521722,,,,,,,,,,,18,576,8858,521722,2679,521722,,6,38,312367b626923bfbde7eb8ed7e97da7584059ae5,0,0,0,0,0,
20200704,IN,47432,,464856,,totalTestsViral,657897,632,7216,218,1516,87,,36076,7/3/2020 23:59,2020-07-03T23:59:00Z,07/03 19:59,2687,7216,36076,2020-07-03T23:59:00Z,657897,50094,,,2494,193,,512288,,,,,,,,,,,18,517,7618,512288,6720,512288,,6,41,f14d0cf06d789aa63961a52d5e228942a165997c,0,0,0,0,0,
20200703,IN,46915,,457238,,totalTestsViral,651177,633,7175,217,1506,81,,35756,7/2/2020 23:59,2020-07-02T23:59:00Z,07/02 19:59,2681,7175,35756,2020-07-02T23:59:00Z,651177,49750,,,2488,193,,504153,,,,,,,,,,,18,528,6790,504153,12003,504153,,19,36,e505479d58b1a9467068060b6d7d7cdca3459a36,0,0,0,0,0,
20200702,IN,46387,,450448,,totalTestsViral,639174,644,7139,221,1493,89,,35405,7/1/2020 23:59,2020-07-01T23:59:00Z,07/01 19:59,2662,7139,35405,2020-07-01T23:59:00Z,639174,49040,,,2469,193,,496835,,,,,,,,,,,18,435,6684,496835,10679,496835,,12,44,122b1e33982f912d4bc58862d65c50988f931338,0,0,0,0,0,
20200701,IN,45952,,443764,,totalTestsViral,628495,668,7095,232,1483,103,,35025,6/30/2020 23:59,2020-06-30T23:59:00Z,06/30 19:59,2650,7095,35025,2020-06-30T23:59:00Z,628495,48446,,,2456,194,,489716,,,,,,,,,,,18,358,5162,489716,12042,489716,,10,30,da3e0b3f022f47b8ebd2dd42185c0674c889326b,0,0,0,0,0,
20200630,IN,45594,,438602,,totalTestsViral,616453,695,7065,272,1477,97,,34646,6/29/2020 23:59,2020-06-29T23:59:00Z,06/29 19:59,2640,7065,34646,2020-06-29T23:59:00Z,616453,47831,,,2448,192,,484196,,,,,,,,,,,18,366,7311,484196,13264,484196,,16,41,f55acb05d05d29f444b96590117c12a6dbd415cb,0,0,0,0,0,
20200629,IN,45228,,431291,,totalTestsViral,603189,626,7024,265,1469,85,,34348,6/28/2020 23:59,2020-06-28T23:59:00Z,06/28 19:59,2624,7024,34348,2020-06-28T23:59:00Z,603189,47156,,,2432,192,,476519,,,,,,,,,,,18,298,5686,476519,3768,476519,,5,21,dfcc7e2c97e88dd5c8a6b06b7a68e49cf14ba0ff,0,0,0,0,0,
20200628,IN,44930,,425605,,totalTestsViral,599421,617,7003,266,1468,86,,33935,6/27/2020 23:59,2020-06-27T23:59:00Z,06/27 19:59,2619,7003,33935,2020-06-27T23:59:00Z,599421,46926,,,2427,192,,470535,,,,,,,,,,,18,355,7163,470535,5424,470535,,3,21,bcb855c80be85404e4f93f278a95ce156cd07c10,0,0,0,0,0,
20200627,IN,44575,,418442,,totalTestsViral,593997,595,6982,257,1461,82,,33725,6/26/2020 23:59,2020-06-26T23:59:00Z,06/26 19:59,2616,6982,33725,2020-06-26T23:59:00Z,593997,46660,,,2424,192,,463017,,,,,,,,,,,18,435,8692,463017,12788,463017,,21,38,d6b120f8e7211e0ee8f6b2f3d4e5e8342fc50e34,0,0,0,0,0,
20200626,IN,44140,,409750,,totalTestsViral,581209,692,6944,281,1458,94,,33396,6/25/2020 23:59,2020-06-25T23:59:00Z,06/25 19:59,2595,6944,33396,2020-06-25T23:59:00Z,581209,46080,,,2403,192,,453890,,,,,,,,,,,18,485,9153,453890,12144,453890,,9,32,208b3d5fb7f487f59816af28c2e8b8e7812d5e93,0,0,0,0,0,
20200625,IN,43655,,400597,,totalTestsViral,569065,723,6912,276,1452,91,,33036,6/24/2020 23:59,2020-06-24T23:59:00Z,06/24 19:59,2586,6912,33036,2020-06-24T23:59:00Z,569065,45558,,,2394,192,,444252,,,,,,,,,,,18,515,11854,444252,11644,444252,,8,29,6bc49d57a30068bd6236990823d6d9795b136191,0,0,0,0,0,
20200624,IN,43140,,388743,,totalTestsViral,557421,701,6883,263,1446,89,,32152,6/23/2020 23:59,2020-06-23T23:59:00Z,06/23 19:59,2578,6883,32152,2020-06-23T23:59:00Z,557421,45085,,,2386,192,,431883,,,,,,,,,,,18,269,5238,431883,12883,431883,,9,30,078df8ef3bbd93d9b9d4ec7d173035c96ece4a44,0,0,0,0,0,
20200623,IN,42871,,383505,,totalTestsViral,544538,736,6853,297,1447,110,,32152,6/22/2020 23:59,2020-06-22T23:59:00Z,06/22 19:59,2569,6853,32152,2020-06-22T23:59:00Z,544538,44579,,,2377,192,,426376,,,,,,,,,,,18,238,7222,426376,13634,426376,,16,34,dba8b52dbd7c2c37fd118271df6f6683a9fa555d,0,0,0,0,0,
20200622,IN,42633,,376283,,totalTestsViral,530904,756,6819,283,1452,108,,31739,6/21/2020 23:59,2020-06-21T23:59:00Z,06/21 19:59,2553,6819,31739,2020-06-21T23:59:00Z,530904,43983,,,2363,190,,418916,,,,,,,,,,,18,210,6786,418916,2797,418916,,13,31,199df8fc77f18d54792c882a7c5debd61eda60a7,0,0,0,0,0,
20200621,IN,42423,,369497,,totalTestsViral,528107,744,6788,226,1450,124,,31302,6/20/2020 23:59,2020-06-20T23:59:00Z,06/20 19:59,2540,6788,31302,2020-06-20T23:59:00Z,528107,43845,,,2350,190,,411920,,,,,,,,,,,18,362,9756,411920,6393,411920,,4,33,787ef0eceb49226cb95d7c728397d57c902aca19,0,0,0,0,0,
20200620,IN,42061,,359741,,totalTestsViral,521714,768,6755,231,1444,113,,31110,6/19/2020 23:59,2020-06-19T23:59:00Z,06/19 19:59,2536,6755,31110,2020-06-19T23:59:00Z,521714,43627,,,2346,190,,401802,,,,,,,,,,,18,315,8600,401802,13456,401802,,20,24,9d1a37b12245398e8327dc77b4f8f327f9c98ef7,0,0,0,0,0,
20200619,IN,41746,,351141,,totalTestsViral,508258,773,6731,259,1465,111,,30760,6/18/2020 23:59,2020-06-18T23:59:00Z,06/18 19:59,2516,6731,30760,2020-06-18T23:59:00Z,508258,43205,,,2327,189,,392887,,,,,,,,,,,18,308,7857,392887,13669,392887,,25,142,eeda4dfc5a050a4e96b42646a05eb83e969c8dd2,0,0,0,0,0,
20200618,IN,41438,,343284,,totalTestsViral,494589,754,6589,236,1389,103,,30175,6/17/2020 23:59,2020-06-17T23:59:00Z,06/17 19:59,2491,6589,30175,2020-06-17T23:59:00Z,494589,42778,,,2304,187,,384722,,,,,,,,,,,18,425,13115,384722,13627,384722,,16,63,7c53f053cc8e30a83cc4ad7761513ad526e8ba6b,0,0,0,0,0,
20200617,IN,41013,,330169,,totalTestsViral,480962,789,6526,238,1384,105,,29671,6/16/2020 23:59,2020-06-16T23:59:00Z,06/16 19:59,2475,6526,29671,2020-06-16T23:59:00Z,480962,42306,,,2289,186,,371182,,,,,,,,,,,18,227,7210,371182,13141,371182,,28,45,840a1a00762a628e59c0b8b25b459a7bb2f44884,0,0,0,0,0,
20200616,IN,40786,,322959,,totalTestsViral,467821,860,6481,313,1383,121,,29093,6/15/2020 23:59,2020-06-15T23:59:00Z,06/15 19:59,2447,6481,29093,2020-06-15T23:59:00Z,467821,41887,,,2265,182,,363745,,,,,,,,,,,18,356,7560,363745,13858,363745,,14,30,a1311f0fe562e173b75df3e265bd38bf1ec67e18,0,0,0,0,0,
20200615,IN,40430,,315399,,totalTestsViral,453963,882,6451,305,1368,123,,28744,6/14/2020 23:59,2020-06-14T23:59:00Z,06/14 19:59,2433,6451,28744,2020-06-14T23:59:00Z,453963,41401,,,2251,182,,355829,,,,,,,,,,,18,521,6917,355829,2846,355829,,11,32,738f948ed11822e4425a4ebb83c83f7524ff84bb,0,0,0,0,0,
20200614,IN,39909,,308482,,totalTestsViral,451117,869,6419,301,1360,113,,28522,6/13/2020 23:59,2020-06-13T23:59:00Z,06/13 19:59,2422,6419,28522,2020-06-13T23:59:00Z,451117,41237,,,2240,182,,348391,,,,,,,,,,,18,366,7388,348391,6733,348391,,9,70,01a292fcd32b0c84f0654ef5f419a795dfa81ce7,0,0,0,0,0,
20200613,IN,39543,,301094,,totalTestsViral,444384,871,6349,316,1354,118,,28241,6/12/2020 23:59,2020-06-12T23:59:00Z,06/12 19:59,2413,6349,28241,2020-06-12T23:59:00Z,444384,41037,,,2231,182,,340637,,,,,,,,,,,18,397,5060,340637,13135,340637,,17,0,90abfd1e350ebc6ab1a90d8e89602de70cc778d3,0,0,0,0,0,
20200612,IN,39146,,296034,,totalTestsViral,431249,906,6349,329,1354,116,,27811,6/11/2020 23:59,2020-06-11T23:59:00Z,06/11 19:59,2396,6349,27811,2020-06-11T23:59:00Z,431249,40598,,,2214,182,,335180,,,,,,,,,,,18,398,7440,335180,12072,335180,,16,35,37439d3d319f3c703fed23d8b29a93c4a89247e3,0,0,0,0,0,
20200611,IN,38748,,288594,,totalTestsViral,419177,887,6314,331,1345,118,,27321,6/10/2020 23:59,2020-06-10T23:59:00Z,06/10 19:59,2380,6314,27321,2020-06-10T23:59:00Z,419177,40143,,,2198,182,,327342,,,,,,,,,,,18,411,6837,327342,10094,327342,,25,53,8280cfca19c13883094526d1e83d77e1437fec0c,0,0,0,0,0,
20200610,IN,38337,,281757,,totalTestsViral,409083,894,6261,307,1334,113,,26791,6/9/2020 23:59,2020-06-09T23:59:00Z,06/09 19:59,2355,6261,26791,2020-06-09T23:59:00Z,409083,39659,,,2173,182,,320094,,,,,,,,,,,18,304,4400,320094,8539,320094,,16,36,50196e4a8c01086d8761069802ab6b075784b8a4,0,0,0,0,0,
20200609,IN,38033,,277357,,totalTestsViral,400544,853,6225,307,1330,113,,26205,6/8/2020 23:59,2020-06-08T23:59:00Z,06/08 19:59,2339,6225,26205,2020-06-08T23:59:00Z,400544,39180,,,2158,181,,315390,,,,,,,,,,,18,410,5477,315390,11680,315390,,23,46,eea15fa494209c66b292c1631f826a077f3c9df4,0,0,0,0,0,
20200608,IN,37623,,271880,,totalTestsViral,388864,902,6179,346,1325,130,,25608,6/7/2020 23:59,2020-06-07T23:59:00Z,06/07 19:59,2316,6179,25608,2020-06-07T23:59:00Z,388864,38475,,,2135,181,,309503,,,,,,,,,,,18,226,5014,309503,2365,309503,,13,43,7fe9d1c6e26bb10807dca336df3e1eb80e535567,0,0,0,0,0,
20200607,IN,37397,,266866,,totalTestsViral,386499,913,6136,335,1317,133,,25138,6/6/2020 23:59,2020-06-06T23:59:00Z,06/06 19:59,2303,6136,25138,2020-06-06T23:59:00Z,386499,38333,,,2121,182,,304263,,,,,,,,,,,18,400,6333,304263,4339,304263,,11,45,309df94a539baa1b85bb226fdbc2c6dd60917a7d,0,0,0,0,0,
20200606,IN,36997,,260533,,totalTestsViral,382160,926,6091,344,1304,133,,24729,6/5/2020 23:59,2020-06-05T23:59:00Z,06/05 19:59,2292,6091,24729,2020-06-05T23:59:00Z,382160,38172,,,2110,182,,297530,,,,,,,,,,,18,419,5473,297530,9507,297530,,34,38,c6675222b3ccdeef2cbd5fc8b3317747553c7b07,0,0,0,0,0,
20200605,IN,36578,,255060,,totalTestsViral,372653,924,6053,368,1293,147,,24317,6/4/2020 23:59,2020-06-04T23:59:00Z,06/04 19:59,2258,6053,24317,2020-06-04T23:59:00Z,372653,37703,,,2078,180,,291638,,,,,,,,,,,18,482,5922,291638,8645,291638,,27,54,a4d0fa95e945dee5084b14d2a22ea0c6161999ff,0,0,0,0,0,
20200604,IN,36096,,249138,,totalTestsViral,364008,979,5999,372,1286,144,,23707,6/3/2020 23:59,2020-06-03T23:59:00Z,06/03 19:59,2231,5999,23707,2020-06-03T23:59:00Z,364008,37198,,,2052,179,,285234,,,,,,,,,,,18,384,7035,285234,8308,285234,,24,47,c6db72bb2f885d147c69ec4949fd5ae6cc671d45,0,0,0,0,0,
20200603,IN,35712,,242103,,totalTestsViral,355700,1017,5952,358,1282,138,,23182,6/2/2020 23:59,2020-06-02T23:59:00Z,06/02 19:59,2207,5952,23182,2020-06-02T23:59:00Z,355700,36766,,,2032,175,,277815,,,,,,,,,,,18,475,5421,277815,7220,277815,,10,50,1a8db7e661fd4076bbad79559af4b2845fc987e4,0,0,0,0,0,
20200602,IN,35237,,236682,,totalTestsViral,348480,961,5902,358,1261,140,,22623,6/1/2020 23:59,2020-06-01T23:59:00Z,06/01 19:59,2197,5902,22623,2020-06-01T23:59:00Z,348480,36307,,,2022,175,,271919,,,,,,,,,,,18,407,5616,271919,9970,271919,,55,42,47f9fb2a1002a550aa64b78ad550a06fcb032547,0,0,0,0,0,
20200601,IN,34830,,231066,,totalTestsViral,338510,1041,5860,366,1255,148,,22224,5/31/2020 23:59,2020-05-31T23:59:00Z,05/31 19:59,2142,5860,22224,2020-05-31T23:59:00Z,338510,35601,,,1976,166,,265896,,,,,,,,,,,18,256,4094,265896,2175,265896,,8,575,ec9d2f292f771343675eb31764614e89d3018445,0,0,0,0,0,
20200531,IN,34574,,226972,,totalTestsViral,336335,1050,5285,372,1248,143,,21704,5/30/2020 23:59,2020-05-30T23:59:00Z,05/30 19:59,2134,5285,21704,2020-05-30T23:59:00Z,336335,35461,,,1967,167,,261546,,,,,,,,,,,18,363,4788,261546,3398,261546,,9,0,1e419ac310fe37e6944afc25465e86b2b17da2c0,0,0,0,0,0,
20200530,IN,34211,,222184,,totalTestsViral,332937,1149,5285,412,1166,161,,,5/29/2020 23:59,2020-05-29T23:59:00Z,05/29 19:59,2125,5285,,2020-05-29T23:59:00Z,332937,35268,,,1958,167,,256395,,,,,,,,,,,18,653,7029,256395,9305,256395,,15,0,ccd7b41d57cc8216b75d0d5d476cce3bf19f3879,0,0,0,0,0,
20200529,IN,33558,,215155,,totalTestsViral,323632,1149,5285,412,1166,161,,,5/28/2020 23:59,2020-05-28T23:59:00Z,05/28 19:59,2110,5285,,2020-05-28T23:59:00Z,323632,34726,,,1946,164,,248713,,,,,,,,,,,18,490,5936,248713,8880,248713,,42,0,05295f40b9b9ebdb20ce867b9a9398851c10dfc2,0,0,0,0,0,
20200528,IN,33068,,209219,,totalTestsViral,314752,1131,5285,411,1166,178,,,5/27/2020 23:59,2020-05-27T23:59:00Z,05/27 19:59,2068,5285,,2020-05-27T23:59:00Z,314752,34150,,,1907,161,,242287,,,,,,,,,,,18,631,6323,242287,7944,242287,,38,0,022c42dfd520a8c7595157c038b74e54205aa970,0,0,0,0,0,
20200527,IN,32437,,202896,,totalTestsViral,306808,1122,5285,400,1166,182,,,5/26/2020 23:59,2020-05-26T23:59:00Z,05/26 19:59,2030,5285,,2020-05-26T23:59:00Z,306808,33609,,,1871,159,,235333,,,,,,,,,,,18,359,4225,235333,9869,235333,,26,0,3802106fc8f7d966a6d9129364034b6d78fb4f29,0,0,0,0,0,
20200526,IN,32078,,198671,,totalTestsViral,296939,1088,5285,365,1166,163,,,5/26/2020 14:40,2020-05-26T14:40:00Z,05/26 10:40,2004,5285,,2020-05-26T14:40:00Z,296939,32841,,,1850,154,,230749,,,,,,,,,,,18,363,4135,230749,2258,230749,,28,0,18f65b540baef6c1f6271f2d5aeda9c829613d72,0,0,0,0,0,
20200525,IN,31715,,194536,,totalTestsViral,294681,1102,5285,365,1166,169,,,5/24/2020 23:59,2020-05-24T23:59:00Z,05/24 19:59,1976,5285,,2020-05-24T23:59:00Z,294681,32668,,,1832,152,,226251,,,,,,,,,,,18,339,5111,226251,2237,226251,,0,0,fde312752e7d81f0c355c5a3e6382673dba66096,0,0,0,0,0,
20200524,IN,31376,,189425,,totalTestsViral,292444,1112,5285,396,1166,173,,,5/23/2020 23:59,2020-05-23T23:59:00Z,05/23 19:59,1976,5285,,2020-05-23T23:59:00Z,292444,32498,,,1824,152,,220801,,,,,,,,,,,18,475,5393,220801,3396,220801,,33,0,edb1751424ec7593c0f346597659fa0981f83209,0,0,0,0,0,
20200523,IN,30901,,184032,,totalTestsViral,289048,1138,5285,403,1166,173,,,5/22/2020 23:59,2020-05-22T23:59:00Z,05/22 19:59,1943,5285,,2020-05-22T23:59:00Z,289048,32286,,,1812,152,,214933,,,,,,,,,,,18,492,5880,214933,9733,214933,,2,0,5d88588e34fb5b304c8aa1104f27258031912718,0,0,0,0,0,
20200522,IN,30409,,178152,,totalTestsViral,279315,1203,5285,416,1166,173,,,5/21/2020 23:59,2020-05-21T23:59:00Z,05/21 19:59,1941,5285,,2020-05-21T23:59:00Z,279315,31659,,,1791,150,,208561,,,,,,,,,,,18,473,5093,208561,9102,208561,,28,896,9c0b5967932f38c46e2137f136472263f2d373d5,0,0,0,0,0,
20200521,IN,29936,,173059,,totalTestsViral,270213,1166,4389,409,990,175,,,5/20/2020 23:59,2020-05-20T23:59:00Z,05/20 19:59,1913,4389,,2020-05-20T23:59:00Z,270213,30933,,,1764,149,,202995,,,,,,,,,,,18,662,6595,202995,8160,202995,,49,0,8022407ab6a54b2b63faebf75165fe320cf7b0bf,0,0,0,0,0,
20200520,IN,29274,,166464,,totalTestsViral,262053,1288,4389,431,990,197,,,5/19/2020 23:59,2020-05-19T23:59:00Z,05/19 19:59,1864,4389,,2020-05-19T23:59:00Z,262053,30308,,,1716,148,,195738,,,,,,,,,,,18,569,5839,195738,8870,195738,,40,0,2da1b24779af4ce41154823dfc103467f3b774d6,0,0,0,0,0,
20200519,IN,28705,,160625,,totalTestsViral,253183,1268,4389,421,990,206,,,5/18/2020 23:59,2020-05-18T23:59:00Z,05/18 19:59,1824,4389,,2020-05-18T23:59:00Z,253183,29641,,,1678,146,,189330,,,,,,,,,,,18,450,4968,189330,10043,189330,,59,0,24f4673df065100ec9a6ee0faf2dff82be02b714,0,0,0,0,0,
20200518,IN,28255,,155657,,totalTestsViral,243140,1244,4389,426,990,212,,,5/17/2020 23:59,2020-05-17T23:59:00Z,05/17 19:59,1765,4389,,2020-05-17T23:59:00Z,243140,28874,,,1621,144,,183912,,,,,,,,,,,18,477,6192,183912,2308,183912,,14,0,a87bb061cde0bf6f2bb06befbb226eb5eeacb543,0,0,0,0,0,
20200517,IN,27778,,149465,,totalTestsViral,240832,1246,4389,441,990,205,,,5/16/2020 23:59,2020-05-16T23:59:00Z,05/16 19:59,1751,4389,,2020-05-16T23:59:00Z,240832,28677,,,1607,144,,177243,,,,,,,,,,,18,498,5387,177243,3677,177243,,10,0,11c886832fdceab3f179e9dc845949909b12ab17,0,0,0,0,0,
20200516,IN,27280,,144078,,totalTestsViral,237155,1274,4389,426,990,199,,,5/15/2020 23:59,2020-05-15T23:59:00Z,05/15 19:59,1741,4389,,2020-05-15T23:59:00Z,237155,28421,,,1596,145,,171358,,,,,,,,,,,18,625,5285,171358,11307,171358,,50,0,7e8ed61022dcc6e52ea37cf6065cac2f75a001c4,0,0,0,0,0,
20200515,IN,26655,,138793,,totalTestsViral,225848,1294,4389,492,990,213,,,5/14/2020 23:59,2020-05-14T23:59:00Z,05/14 19:59,1691,4389,,2020-05-14T23:59:00Z,225848,27480,,,1550,138,,165448,,,,,,,,,,,18,602,4607,165448,9561,165448,,45,0,ace5931fd4671ef4782921ccdb71de64a964814f,0,0,0,0,0,
20200514,IN,26053,,134186,,totalTestsViral,216287,1381,4389,488,990,217,,,5/13/2020 23:59,2020-05-13T23:59:00Z,05/13 19:59,1646,4389,,2020-05-13T23:59:00Z,216287,26854,,,1508,138,,154083,,,,,,,,,,,18,580,5576,160239,8593,160239,,27,0,15852247fb3e7100c027a4a58ba22df06545f79e,0,0,0,0,0,
20200513,IN,25473,,128610,,totalTestsViral,207694,1336,4389,481,990,217,,,5/12/2020 23:59,2020-05-12T23:59:00Z,05/12 19:59,1619,4389,,2020-05-12T23:59:00Z,207694,26199,,,1482,137,,150510,,,,,,,,,,,18,346,3227,154083,8390,154083,,41,0,8dfd84a56d3a9a5a52bb7da2d6d7e0eda424d50b,0,0,0,0,0,
20200512,IN,25127,,125383,,totalTestsViral,199304,1283,4389,472,990,212,,,5/11/2020 23:59,2020-05-11T23:59:00Z,05/11 19:59,1578,4389,,2020-05-11T23:59:00Z,199304,25457,,,1444,134,,,,,,,,,,,,,18,500,3322,150510,8630,150510,,38,0,e83f8729c1357d645c7258b647ee5bf1eaaae18e,0,0,0,0,0,
20200511,IN,24627,,122061,,totalTestsViral,190674,1346,4389,452,990,213,,,5/10/2020 23:59,2020-05-10T23:59:00Z,05/10 19:59,1540,4389,,2020-05-10T23:59:00Z,190674,24752,,,1411,,,,,,,,,,,,,,18,501,6158,146688,1650,146688,,32,0,7f4f32be4c2a9810e26eec00dcf4dd20d1c00e00,0,0,0,0,0,
20200510,IN,24126,,115903,,totalTestsViral,189024,1328,4389,462,990,205,,,5/9/2020 23:59,2020-05-09T23:59:00Z,05/09 19:59,1508,4389,,2020-05-09T23:59:00Z,189024,24618,,,1379,,,,,,,,,,,,,,18,394,3949,140029,3839,140029,,18,0,fc8feb2a57e34d7d8b233df49d6d12dd26dae7b5,0,0,0,0,0,
20200509,IN,23732,,111954,,totalTestsViral,185185,1361,4389,458,990,213,,,5/8/2020 23:59,2020-05-08T23:59:00Z,05/08 19:59,1490,4389,,2020-05-08T23:59:00Z,185185,24293,,,1362,,,,,,,,,,,,,,18,586,4972,135686,7819,135686,,43,0,53a435f42d7b4969236fada92cf58902ff32eb68,0,0,0,0,0,
20200508,IN,23146,,106982,,totalTestsViral,177366,1379,4389,481,990,219,,,5/7/2020 23:59,2020-05-07T23:59:00Z,05/07 19:59,1447,4389,,2020-05-07T23:59:00Z,177366,23719,,,1328,,,,,,,,,,,,,,18,643,4703,130128,7659,130128,,33,4389,cdc6db089c60bdba6b111f15ed3c3a3f2d6a04b5,0,0,0,0,0,
20200507,IN,22503,,102279,,totalTestsViral,169707,1457,,487,,228,,,5/6/2020 23:59,2020-05-06T23:59:00Z,05/06 19:59,1414,,,2020-05-06T23:59:00Z,169707,23103,,,1295,,,,,,,,,,,,,,18,633,3653,124782,7043,124782,,37,0,1e2e94a030681f28893e59d8bb1659496aa03878,0,0,0,0,0,
20200506,IN,21870,,98626,,totalTestsViral,162664,1558,,526,,281,,,5/5/2020 23:59,2020-05-05T23:59:00Z,05/05 19:59,1377,,,2020-05-05T23:59:00Z,162664,22504,,,1264,,,,,,,,,,,,,,18,837,3825,120496,7804,120496,,51,0,ed91e4968ed65b5cab8f39c612c544de077f0ba0,0,0,0,0,0,
20200505,IN,21033,,94801,,totalTestsViral,154860,1537,,480,,272,,,5/4/2020 23:59,2020-05-04T23:59:00Z,05/04 19:59,1326,,,2020-05-04T23:59:00Z,154860,21666,,,1213,,,,,,,,,,,,,,18,526,2011,115834,6917,115834,,62,0,5b27817c1305bba075771b8f949295d0b827132e,0,0,0,0,0,
20200504,IN,20507,,92790,,totalTestsViral,147943,1449,,483,,249,,,5/3/2020 23:59,2020-05-03T23:59:00Z,05/03 19:59,1264,,,2020-05-03T23:59:00Z,147943,20933,,,1151,,,,,,,,,,,,,,18,574,3864,113297,2221,113297,,18,0,abf771a0adc11cc005a4dffbb086d33506d8a3a2,0,0,0,0,0,
20200503,IN,19933,,88926,,totalTestsViral,145722,1398,,476,,242,,,5/2/2020 23:59,2020-05-02T23:59:00Z,05/02 19:59,1246,,,2020-05-02T23:59:00Z,145722,20610,,,1132,,,,,,,,,,,,,,18,638,4080,108859,3879,108859,,17,0,a5b4db03947e35c35ea5c68012460dc15312cc5e,0,0,0,0,0,
20200502,IN,19295,,84846,,totalTestsViral,141843,1456,,487,,244,,,5/1/2020 23:59,2020-05-01T23:59:00Z,05/01 19:59,1229,,,2020-05-01T23:59:00Z,141843,20157,,,,,,,,,,,,,,,,,18,665,3837,104141,7634,104141,,54,0,fa012bcbd9611a40be3b689c6b785c0c9fd9e921,0,0,0,0,0,
20200501,IN,18630,,81009,,totalTestsViral,134209,1431,,514,,257,,,4/30/2020 23:59,2020-04-30T23:59:00Z,04/30 19:59,1175,,,2020-04-30T23:59:00Z,134209,19297,,,,,,,,,,,,,,,,,18,795,3846,99639,6836,99639,,61,0,6e5d3e57e1c31645dddd48476f183649b2bae0c4,0,0,0,0,0,
20200430,IN,17835,,77163,,totalTestsViral,127373,1466,,549,,275,,,4/29/2020 23:59,2020-04-29T23:59:00Z,04/29 19:59,1114,,,2020-04-29T23:59:00Z,127373,18597,,,,,,,,,,,,,,,,,18,653,2795,94998,6239,94998,,49,0,c27236846b64a0abbce84ade122d1aacf2238e4f,0,0,0,0,0,
20200429,IN,17182,,74368,,totalTestsViral,121134,1484,,570,,262,,,4/28/2020 23:59,2020-04-28T23:59:00Z,04/28 19:59,1065,,,2020-04-28T23:59:00Z,121134,17875,,,,,,,,,,,,,,,,,18,594,3775,91550,6039,91550,,164,0,4ee9240bab3b2e0141d04b58c3f5200d61425b36,0,0,0,0,0,
20200428,IN,16588,,70593,,totalTestsViral,115095,1518,,546,,275,,,4/27/2020 23:59,2020-04-27T23:59:00Z,04/27 19:59,901,,,2020-04-27T23:59:00Z,115095,17109,,,,,,,,,,,,,,,,,18,627,2078,87181,5640,87181,,57,0,6f5804dc05579eb86919e8f6a144018974a23721,0,0,0,0,0,
20200427,IN,15961,,68515,,totalTestsViral,109455,1493,,581,,284,,,4/26/2020 23:59,2020-04-26T23:59:00Z,04/26 19:59,844,,,2020-04-26T23:59:00Z,109455,16407,,,,,,,,,,,,,,,,,18,949,1819,84476,2287,84476,,31,0,b8964ef2f2018a78c9e113ab1fb423b2b48c95e4,0,0,0,0,0,
20200426,IN,15012,,66696,,totalTestsViral,107168,1446,,589,,310,,,4/25/2020 23:59,2020-04-25T23:59:00Z,04/25 19:59,813,,,2020-04-25T23:59:00Z,107168,16184,,,,,,,,,,,,,,,,,18,617,1317,81708,2745,81708,,28,0,4b78ca9c522b7697e50ab1dd548235dc4eaed726,0,0,0,0,0,
20200425,IN,14395,,65379,,totalTestsViral,104423,1515,,598,,324,,,4/24/2020 23:59,2020-04-24T23:59:00Z,04/24 19:59,785,,,2020-04-24T23:59:00Z,104423,15794,,,,,,,,,,,,,,,,,18,715,3506,79774,4330,79774,,44,0,4ba490648b464358a50dd67705ba6442354c8305,0,0,0,0,0,
20200424,IN,13680,,61873,,totalTestsViral,100093,,,621,,325,,,4/23/2020 23:59,2020-04-23T23:59:00Z,04/23 19:59,741,,,2020-04-23T23:59:00Z,100093,15018,,,,,,,,,,,,,,,,,18,641,2872,75553,5282,75553,,35,0,14239309204fb2637c01404c205d664009e1c930,0,0,0,0,0,
20200423,IN,13039,,59001,,totalTestsViral,94811,,,652,,333,,,4/22/2020 23:59,2020-04-22T23:59:00Z,04/22 19:59,706,,,2020-04-22T23:59:00Z,94811,13594,,,,,,,,,,,,,,,,,18,601,1969,72040,4585,72040,,45,0,7cfc6ab0fafb22ed70805929cf6300a3a8ce182b,0,0,0,0,0,
20200422,IN,12438,,57032,,totalTestsViral,90226,,,633,,334,,,4/21/2020 23:59,2020-04-21T23:59:00Z,04/21 19:59,661,,,2020-04-21T23:59:00Z,90226,13000,,,,,,,,,,,,,,,,,18,341,1865,69470,4526,69470,,31,0,107b8cbc6b7f7ac4ec690bdca977eacdad62f76c,0,0,0,0,0,
20200421,IN,12097,,55167,,totalTestsViral,85700,,,676,,368,,,4/20/2020 23:59,2020-04-20T23:59:00Z,04/20 19:59,630,,,2020-04-20T23:59:00Z,85700,12365,,,,,,,,,,,,,,,,,18,411,2214,67264,4862,67264,,61,0,6ca78bb98f527699fa49ff58a00b94612d31ab46,0,0,0,0,0,
20200420,IN,11686,,52953,,totalTestsViral,80838,,,669,,353,,,4/19/2020 23:59,2020-04-19T23:59:00Z,04/19 19:59,569,,,2020-04-19T23:59:00Z,80838,11648,,,,,,,,,,,,,,,,,18,476,3021,64639,1338,64639,,7,0,5d5a1a1125b3a619a3eaafc1ce133bedf92c1259,0,0,0,0,0,
20200419,IN,11210,,49932,,totalTestsViral,79500,,,649,,342,,,4/18/2020 23:59,2020-04-18T23:59:00Z,04/18 19:59,562,,,2020-04-18T23:59:00Z,79500,11413,,,,,,,,,,,,,,,,,18,569,3700,61142,2006,61142,,17,0,a30524abd7fb6b0ae0acc6be6b2a0be9a3281bdf,0,0,0,0,0,
20200418,IN,10641,,46232,,totalTestsViral,77494,,,663,,360,,,4/17/2020 23:59,2020-04-17T23:59:00Z,04/17 19:59,545,,,2020-04-17T23:59:00Z,77494,11160,,,,,,,,,,,,,,,,,18,487,1601,56873,4831,56873,,26,0,e9db1429033ac266e98cb3a5cc952df5d0d2f00a,0,0,0,0,0,
20200417,IN,10154,,44631,,totalTestsViral,72663,,,638,,417,,,4/16/2020 23:59,2020-04-16T23:59:00Z,04/16 19:59,519,,,2020-04-16T23:59:00Z,72663,10524,,,,,,,,,,,,,,,,,18,612,3058,54785,4545,54785,,42,0,37418066e0efd3dee61e424b124add6cb76f2dd0,0,0,0,0,0,
20200416,IN,9542,,41573,,totalTestsViral,68118,,,696,,426,,,4/15/2020 23:59,2020-04-15T23:59:00Z,04/15 19:59,477,,,2020-04-15T23:59:00Z,68118,9939,,,,,,,,,,,,,,,,,18,587,2132,51115,3813,51115,,41,0,15010c6efe096fadb7c0c602d2b2fdb10ac6ffa2,0,0,0,0,0,
20200415,IN,8955,,39441,,totalTestsViral,64305,,,737,,422,,,4/14/2020 11:59,2020-04-14T11:59:00Z,04/14 07:59,436,,,2020-04-14T11:59:00Z,64305,9391,,,,,,,,,,,,,,,,,18,428,1951,48396,4061,48396,,48,0,3f08b2ce2c699af027f86464a37d4efd01e88622,0,0,0,0,0,
20200414,IN,8527,,37490,,totalTestsViral,60244,,,721,,435,,,4/14/2020 13:00,2020-04-14T13:00:00Z,04/14 09:00,388,,,2020-04-14T13:00:00Z,60244,8780,,,,,,,,,,,,,,,,,18,291,1187,46017,3887,46017,,38,0,28fb811ca13e5bac72e50acaf2659532e9cc0d20,0,0,0,0,0,
20200413,IN,8236,,36303,,totalTestsViral,56357,,,740,,459,,,4/12/2020 23:59,2020-04-12T23:59:00Z,04/12 19:59,350,,,2020-04-12T23:59:00Z,56357,8222,,,,,,,,,,,,,,,,,18,308,1742,44539,876,44539,,7,0,fc3e62183457db1aa80e7439875638921ad593bd,0,0,0,0,0,
20200412,IN,7928,,34561,,totalTestsViral,55481,,,820,,497,,,4/11/2020 11:59,2020-04-11T11:59:00Z,04/11 07:59,343,,,2020-04-11T11:59:00Z,55481,8083,,,,,,,,,,,,,,,,,18,493,2781,42489,1725,42489,,13,0,59a664f5eca114d89a356f587f25a7b9d5fb01ff,0,0,0,0,0,
20200411,IN,7435,,31780,,totalTestsViral,53756,,,820,,497,,,4/10/2020 23:59,2020-04-10T23:59:00Z,04/10 19:59,330,,,2020-04-10T23:59:00Z,53756,7861,,,,,,,,,,,,,,,,,18,528,3647,39215,3131,39215,,30,0,80a1b9ace82500bc4d05e542930f96b04a83a8bb,0,0,0,0,0,
20200410,IN,6907,,28133,,totalTestsViral,50625,,,820,,497,,,4/10/2020 10:00,2020-04-10T10:00:00Z,04/10 06:00,300,,,2020-04-10T10:00:00Z,50625,7434,,,,,,,,,,,,,,,,,18,556,2351,35040,3050,35040,,55,0,fe303ae88c430e8b23d82fefb8ed692167b25484,0,0,0,0,0,
20200409,IN,6351,,25782,,totalTestsViral,47575,,,924,,507,,,4/8/2020 23:59,2020-04-08T23:59:00Z,04/08 19:59,245,,,2020-04-08T23:59:00Z,47575,7032,,,,,,,,,,,,,,,,,18,408,856,32133,3381,32133,,42,0,5fe899717cfb6d9063f2e303b5b070218e2ebef0,0,0,0,0,0,
20200408,IN,5943,,24926,,totalTestsViral,44194,,,924,,507,,,4/8/2020 02:45,2020-04-08T02:45:00Z,04/07 22:45,203,,,2020-04-08T02:45:00Z,44194,6475,,,,,,,,,,,,,,,,,18,436,1669,30869,3016,30869,,30,0,258c29512248d7da101a7a55c008b119ee811d00,0,0,0,0,0,
20200407,IN,5507,,23257,,totalTestsViral,41178,,,924,,507,,,4/6/2020 23:59,2020-04-06T23:59:00Z,04/06 19:59,173,,,2020-04-06T23:59:00Z,41178,6008,,,,,,,,,,,,,,,,,18,563,2010,28764,2697,28764,,34,0,c85669fd19023903611facc7b535736d0116e609,0,0,0,0,0,
20200406,IN,4944,,21247,,totalTestsViral,38481,,,924,,507,,,4/6/2020 14:00,2020-04-06T14:00:00Z,04/06 10:00,139,,,2020-04-06T14:00:00Z,38481,5526,,,,,,,,,,,,,,,,,18,533,3006,26191,1231,26191,,12,0,ac30fb24db1b01513c3f0fbe7d659af135cf41e1,0,0,0,0,0,
20200405,IN,4411,,18241,,totalTestsViral,37250,,,,,,,,4/4/2020 11:59,2020-04-04T11:59:00Z,04/04 07:59,127,,,2020-04-04T11:59:00Z,37250,5300,,,,,,,,,,,,,,,,,18,458,2394,22652,1789,22652,,11,0,5e167c2742d3a2779a86f593cae8becec0eb132f,0,0,0,0,0,
20200404,IN,3953,,15847,,totalTestsViral,35461,,,,,,,,4/2/2020 23:59,2020-04-02T23:59:00Z,04/02 19:59,116,,,2020-04-02T23:59:00Z,35461,5021,,,,,,,,,,,,,,,,,18,516,1449,19800,3009,19800,,14,0,8afba0d3aae6f791980925c1c3e8fb98ed348053,0,0,0,0,0,
20200403,IN,3437,,14398,,totalTestsViral,32452,,,,,,,,4/2/2020 23:59,2020-04-02T23:59:00Z,04/02 19:59,102,,,2020-04-02T23:59:00Z,32452,4618,,,,,,,,,,,,,,,,,18,398,1152,17835,2862,17835,,24,0,8c2163115ea978d497688cbda6be22c7d7e7f27e,0,0,0,0,0,
20200402,IN,3039,,13246,,totalTestsViral,29590,,,,,,,,4/1/2020 23:59,2020-04-01T23:59:00Z,04/01 19:59,78,,,2020-04-01T23:59:00Z,29590,4182,,,,,,,,,,,,,,,,,18,474,1436,16285,2698,16285,,13,0,ada67879a0d009880c40a202bdc21c4c74875a15,0,0,0,0,0,
20200401,IN,2565,,11810,,totalTestsViral,26892,,,,,,,,4/1/2020 00:59,2020-04-01T00:59:00Z,03/31 20:59,65,,,2020-04-01T00:59:00Z,26892,3785,,,,,,,,,,,,,,,,,18,406,596,14375,2552,14375,,16,0,58f2592cfa3e4dfbc9d650da443d384b198e078c,0,0,0,0,0,
20200331,IN,2159,,11214,,totalTestsViral,24340,,,,,,,,3/30/2020 12:59,2020-03-30T12:59:00Z,03/30 08:59,49,,,2020-03-30T12:59:00Z,24340,3394,,,,,,,,,,,,,,,,,18,373,1342,13373,2059,13373,,14,0,b93b79aed7d218d3a6a28b59f36e7ed759fa77d6,0,0,0,0,0,
20200330,IN,1786,,9872,,totalTestsViral,22281,,,,,,,,3/29/2020 12:59,2020-03-29T12:59:00Z,03/29 08:59,35,,,2020-03-29T12:59:00Z,22281,3029,,,,,,,,,,,,,,,,,18,272,1556,11658,1709,11658,,3,0,12e9993f83dc9607684a7f0eb872eaa30493a1a6,0,0,0,0,0,
20200329,IN,1514,,8316,,totalTestsViral,20572,,,,,,,,3/29/2020 11:00,2020-03-29T11:00:00Z,03/29 07:00,32,,,2020-03-29T11:00:00Z,20572,2813,,,,,,,,,,,,,,,,,18,282,1141,9830,1433,9830,,1,0,ce6436cdfe4983edf5b2c3c3189791e038fe6a33,0,0,0,0,0,
20200328,IN,1232,,7175,,totalTestsViral,19139,,,,,,,,3/28/2020 11:00,2020-03-28T11:00:00Z,03/28 07:00,31,,,2020-03-28T11:00:00Z,19139,2545,,,,,,,,,,,,,,,,,18,251,1220,8407,2350,8407,,7,0,88ffd7cbf191af4a15b8f93ad8803dd90c0fa8aa,0,0,0,0,0,
20200327,IN,981,,5955,,totalTestsViral,16789,,,,,,,,3/26/2020 12:59,2020-03-26T12:59:00Z,03/26 08:59,24,,,2020-03-26T12:59:00Z,16789,2163,,,,,,,,,,,,,,,,,18,336,1949,6936,2740,6936,,7,0,957a93415dbe8bcca14bb665bbe1d01dc47900d7,0,0,0,0,0,
20200326,IN,645,,4006,,totalTestsViral,14049,,,,,,,,3/25/2020 12:59,2020-03-25T12:59:00Z,03/25 08:59,17,,,2020-03-25T12:59:00Z,14049,1824,,,,,,,,,,,,,,,,,18,168,1127,4651,2457,4651,,3,-1,e94c4c976a454bfc3b3b757ac5eac10c926d9a91,0,0,0,0,0,
20200325,IN,477,,2879,,totalTestsViral,11592,,1,,,,,,3/25/2020 00:59,2020-03-25T00:59:00Z,03/24 20:59,14,1,,2020-03-25T00:59:00Z,11592,1505,,,,,,,,,,,,,,,,,18,112,313,3356,1723,3356,,2,0,39abe7f5a767fa4b65a2ed580ab7c26884fa7d5c,0,0,0,0,0,
20200324,IN,365,,2566,,totalTestsViral,9869,,1,,,,,,3/24/2020 11:00,2020-03-24T11:00:00Z,03/24 07:00,12,1,,2020-03-24T11:00:00Z,9869,1181,,,,,,,,,,,,,,,,,18,106,865,2931,1567,2931,,5,0,6ed1af7457b5da207c49b065fd89d481367f772f,0,0,0,0,0,
20200323,IN,259,,1701,,totalTestsViral,8302,,1,,,,,,3/23/2020 11:00,2020-03-23T11:00:00Z,03/23 07:00,7,1,,2020-03-23T11:00:00Z,8302,906,,,,,,,,,,,,,,,,,18,58,408,1960,1063,1960,,1,0,0428669515cbf5a988b7ae53a2a92144fb043d0d,0,0,0,0,0,
20200322,IN,201,,1293,,totalTestsViral,7239,,1,,,,,,3/13/2020 00:59,2020-03-13T00:59:00Z,03/12 20:59,6,1,,2020-03-13T00:59:00Z,7239,802,,,,,,,,,,,,,,,,,18,75,586,1494,744,1494,,2,0,ecb14b32819bca4936c4e023ad22fe4dbe8991b6,0,0,0,0,0,
20200321,IN,126,,707,,totalTestsViral,6495,,1,,,,,,3/21/2020 00:59,2020-03-21T00:59:00Z,03/20 20:59,4,1,,2020-03-21T00:59:00Z,6495,680,,,,,,,,,,,,,,,,,18,47,232,833,1823,833,,2,1,dd89f9d9dd15d73a9c726e91660fcc410faa93af,0,0,0,0,0,
20200320,IN,79,,475,,totalTestsViral,4672,,,,,,,,3/20/2020 00:59,2020-03-20T00:59:00Z,03/19 20:59,2,,,2020-03-20T00:59:00Z,4672,471,,,,,,,,,,,,,,,,,18,23,151,554,1178,554,,0,0,11e8f04a9ddcb55cd8864dbb355f94dac7dfddd1,0,0,0,0,0,
20200319,IN,56,,324,,totalTestsViral,3494,,,,,,,,3/19/2020 00:59,2020-03-19T00:59:00Z,03/18 20:59,2,,,2020-03-19T00:59:00Z,3494,338,,,,,,,,,,,,,,,,,18,17,170,380,897,380,,0,0,f60c2e442844c0667aae71eb8001d85bf6adbcd5,0,0,0,0,0,
20200318,IN,39,,154,,totalTestsViral,2597,,,,,,,,3/17/2020 23:59,2020-03-17T23:59:00Z,03/17 19:59,2,,,2020-03-17T23:59:00Z,2597,238,,,,,,,,,,,,,,,,,18,9,25,193,790,193,,0,0,5d4f6547a8b1780ad3ccce2a1d0993056b1723d2,0,0,0,0,0,
20200317,IN,30,,129,,totalTestsViral,1807,,,,,,,,3/16/2020 23:59,2020-03-16T23:59:00Z,03/16 19:59,2,,,2020-03-16T23:59:00Z,1807,160,,,,,,,,,,,,,,,,,18,6,14,159,685,159,,1,0,1f669ff902d1ba6a2b0bb3a08b404bd7e7968b51,0,0,0,0,0,
20200316,IN,24,,115,,totalTestsViral,1122,,,,,,,,3/16/2020 15:44,2020-03-16T15:44:00Z,03/16 11:44,1,,,2020-03-16T15:44:00Z,1122,94,,,,,,,,,,,,,,,,,18,5,13,139,159,139,,1,0,83b1df1959d6ee0d6cda4938a519555df69a8cf0,0,0,0,0,0,
20200315,IN,19,,102,,totalTestsViral,963,,,,,,,,3/15/2020 00:59,2020-03-15T00:59:00Z,03/14 20:59,0,,,2020-03-15T00:59:00Z,963,74,,,,,,,,,,,,,,,,,18,4,28,121,288,121,,0,0,f8e36eee48ef6861267fface9a633dea2e83884c,0,0,0,0,0,
20200314,IN,15,,74,,totalTestsViral,675,,,,,,,,3/13/2020 23:59,2020-03-13T23:59:00Z,03/13 19:59,0,,,2020-03-13T23:59:00Z,675,51,,,,,,,,,,,,,,,,,18,3,13,89,264,89,,0,0,ec1df6c9ae4f3c90f215ccc44c903130c306bd22,0,0,0,0,0,
20200313,IN,12,,61,,totalTestsViral,411,,,,,,,,3/12/2020 23:59,2020-03-12T23:59:00Z,03/12 19:59,,,,2020-03-12T23:59:00Z,411,30,,,,,,,,,,,,,,,,,18,0,9,73,210,73,,0,0,5955ff59095c9fd99a16778f65397525dcb1e7d2,0,0,0,0,0,
20200312,IN,12,,52,,totalTestsViral,201,,,,,,,,3/11/2020 11:59,2020-03-11T11:59:00Z,03/11 07:59,,,,2020-03-11T11:59:00Z,201,16,,,,,,,,,,,,,,,,,18,2,19,64,68,64,,0,0,c9f6d9ecfb786a6d83983c40203eac8791bd12a9,0,0,0,0,0,
20200311,IN,10,,33,,totalTestsViral,133,,,,,,,,3/10/2020 00:00,2020-03-10T00:00:00Z,03/09 20:00,,,,2020-03-10T00:00:00Z,133,10,,,,,,,,,,,,,,,,,18,4,3,43,58,43,,0,0,b096bf4a1667668e60753269352c95a1e575ee8d,0,0,0,0,0,
20200310,IN,6,,30,,totalTestsViral,75,,,,,,,,3/9/2020 00:00,2020-03-09T00:00:00Z,03/08 20:00,,,,2020-03-09T00:00:00Z,75,9,,,,,,,,,,,,,,,,,18,4,30,36,33,36,,0,0,bc49807cb1c4fddeba3c0b4482b7b02ee1193ac8,0,0,0,0,0,
20200309,IN,2,,,,totalTestsViral,42,,,,,,,,3/8/2020 00:00,2020-03-08T00:00:00Z,03/07 19:00,,,,2020-03-08T00:00:00Z,42,3,,,,,,,,,,,,,,,,,18,0,0,2,9,2,,0,0,6a4851562b3f78a308ba233bcbe26ae34a2720e8,0,0,0,0,0,
20200308,IN,2,,,,totalTestsViral,33,,,,,,,,3/7/2020 00:00,2020-03-07T00:00:00Z,03/06 19:00,,,,2020-03-07T00:00:00Z,33,1,,,,,,,,,,,,,,,,,18,1,0,2,6,2,,0,0,27e212d9c35ebed6839076eea25a83ee29d80373,0,0,0,0,0,
20200307,IN,1,,,,totalTestsViral,27,,,,,,,,3/6/2020 00:00,2020-03-06T00:00:00Z,03/05 19:00,,,,2020-03-06T00:00:00Z,27,0,,,,,,,,,,,,,,,,,18,0,0,1,8,1,,0,0,5c5aa062d1b82b0e4921fd0c86c7bccabdd2ae98,0,0,0,0,0,
20200306,IN,1,,,,totalTestsViral,19,,,,,,,,3/5/2020 00:00,2020-03-05T00:00:00Z,03/04 19:00,,,,2020-03-05T00:00:00Z,19,0,,,,,,,,,,,,,,,,,18,1,0,1,2,1,,0,0,f373190a34eb08e759376dd0531c8d47fa96e4f3,0,0,0,0,0,
20200305,IN,,,,,totalTestsViral,17,,,,,,,,3/4/2020 00:00,2020-03-04T00:00:00Z,03/03 19:00,,,,2020-03-04T00:00:00Z,17,0,,,,,,,,,,,,,,,,,18,0,0,0,5,0,,0,0,4edb81700ebbcbce27c75b97df05a8e1454dfbd1,0,0,0,0,0,
20200304,IN,,,,,totalTestsViral,12,,,,,,,,3/3/2020 00:00,2020-03-03T00:00:00Z,03/02 19:00,,,,2020-03-03T00:00:00Z,12,0,,,,,,,,,,,,,,,,,18,0,0,0,4,0,,0,0,817360f5c4dcc2de82eac0e7aa7550d88da67367,0,0,0,0,0,
20200303,IN,,,,,totalTestsViral,8,,,,,,,,3/2/2020 00:00,2020-03-02T00:00:00Z,03/01 19:00,,,,2020-03-02T00:00:00Z,8,0,,,,,,,,,,,,,,,,,18,0,0,0,2,0,,0,0,3e637502e8b588d01a217b9914a5675370e45de6,0,0,0,0,0,
20200302,IN,,,,,totalTestsViral,6,,,,,,,,2/29/2020 00:00,2020-02-29T00:00:00Z,02/28 19:00,,,,2020-02-29T00:00:00Z,6,0,,,,,,,,,,,,,,,,,18,0,0,0,0,0,,0,0,c2adb0fb3217446f847fe02b17e019828aefbb9e,0,0,0,0,0,
20200301,IN,,,,,totalTestsViral,6,,,,,,,,2/29/2020 00:00,2020-02-29T00:00:00Z,02/28 19:00,,,,2020-02-29T00:00:00Z,6,0,,,,,,,,,,,,,,,,,18,0,0,0,2,0,,0,0,ee3d4c0788657b648a3df53a9414741f01892c1d,0,0,0,0,0,
20200229,IN,,,,,totalTestsViral,4,,,,,,,,2/28/2020 00:00,2020-02-28T00:00:00Z,02/27 19:00,,,,2020-02-28T00:00:00Z,4,0,,,,,,,,,,,,,,,,,18,0,0,0,2,0,,0,0,86b04c6615d1765194b87df92123df680217c7af,0,0,0,0,0,
20200228,IN,,,,,totalTestsViral,2,,,,,,,,2/27/2020 00:00,2020-02-27T00:00:00Z,02/26 19:00,,,,2020-02-27T00:00:00Z,2,0,,,,,,,,,,,,,,,,,18,0,0,0,1,0,,0,0,be1b5dc726d27c08cfc963009d0982d726c0129f,0,0,0,0,0,
20200227,IN,,,,,totalTestsViral,1,,,,,,,,2/26/2020 00:00,2020-02-26T00:00:00Z,02/25 19:00,,,,2020-02-26T00:00:00Z,1,0,,,,,,,,,,,,,,,,,18,0,0,0,0,0,,0,0,65302d94ca063a7d827d1ac29d1db05d54fe27ec,0,0,0,0,0,
