date,state,positive,probableCases,negative,pending,totalTestResultsSource,totalTestResults,hospitalizedCurrently,hospitalizedCumulative,inIcuCurrently,inIcuCumulative,onVentilatorCurrently,onVentilatorCumulative,recovered,lastUpdateEt,dateModified,checkTimeEt,death,hospitalized,hospitalizedDischarged,dateChecked,totalTestsViral,positiveTestsViral,negativeTestsViral,positiveCasesViral,deathConfirmed,deathProbable,totalTestEncountersViral,totalTestsPeopleViral,totalTestsAntibody,positiveTestsAntibody,negativeTestsAntibody,totalTestsPeopleAntibody,positiveTestsPeopleAntibody,negativeTestsPeopleAntibody,totalTestsPeopleAntigen,positiveTestsPeopleAntigen,totalTestsAntigen,positiveTestsAntigen,fips,positiveIncrease,negativeIncrease,total,totalTestResultsIncrease,posNeg,dataQualityGrade,deathIncrease,hospitalizedIncrease,hash,commercialScore,negativeRegularScore,negativeScore,positiveScore,score,grade
20210307,WI,621654,54961,2647864,31,totalTestEncountersViral,7080595,249,26457,66,2273,,,553203,3/7/2021 00:00,2021-03-07T00:00:00Z,03/06 19:00,7106,26457,,2021-03-07T00:00:00Z,,,,566693,6481,625,7080595,3214557,,,,,,,,,,,55,377,3521,3269549,19193,3269518,,4,25,ea0056371780c0d00c44fa4f40092e7e0708a929,0,0,0,0,0,
20210306,WI,621277,54913,2644343,36,totalTestEncountersViral,7061402,260,26432,77,2271,,,552642,3/6/2021 00:00,2021-03-06T00:00:00Z,03/05 19:00,7102,26432,,2021-03-06T00:00:00Z,,,,566364,6478,624,7061402,3210707,,,,,,,,,,,55,614,2161,3265656,24321,3265620,,8,45,75f9bf52b10e890bcf5a51d63b1a4e5834e14ad1,0,0,0,0,0,
20210305,WI,620663,54505,2642182,36,totalTestEncountersViral,7037081,260,26387,77,2268,,,552311,3/5/2021 00:00,2021-03-05T00:00:00Z,03/04 19:00,7094,26387,,2021-03-05T00:00:00Z,,,,566158,6477,617,7037081,3208340,,,,,,,,,,,55,721,3034,3262881,28542,3262845,,12,57,95b2a8208a870ba9b97f9f6afe29999c147f011e,0,0,0,0,0,
20210304,WI,619942,54134,2639148,19,totalTestEncountersViral,7008539,262,26330,67,2266,,,551885,3/4/2021 00:00,2021-03-04T00:00:00Z,03/03 19:00,7082,26330,,2021-03-04T00:00:00Z,,,,565808,6470,612,7008539,3204956,,,,,,,,,,,55,855,4149,3259109,37986,3259090,,13,51,113b3d81b402d0025b4eac17dbafb840c83b974c,0,0,0,0,0,
20210303,WI,619087,53956,2634999,36,totalTestEncountersViral,6970553,267,26279,69,2264,,,551329,3/3/2021 00:00,2021-03-03T00:00:00Z,03/02 19:00,7069,26279,,2021-03-03T00:00:00Z,,,,565131,6458,611,6970553,3200130,,,,,,,,,,,55,780,3287,3254122,31959,3254086,,19,57,2d03e79d7cda7217e2fc625a15d4bfbedc6fd643,0,0,0,0,0,
20210302,WI,618307,53715,2631712,23,totalTestEncountersViral,6938594,275,26222,71,2259,,,550730,3/2/2021 00:00,2021-03-02T00:00:00Z,03/01 19:00,7050,26222,,2021-03-02T00:00:00Z,,,,564592,6440,610,6938594,3196304,,,,,,,,,,,55,607,2090,3250042,16676,3250019,,36,64,5c59615798870d7ec4053049fc17c8bb50f6a53a,0,0,0,0,0,
20210301,WI,617700,53432,2629622,44,totalTestEncountersViral,6921918,287,26158,73,2256,,,550280,3/1/2021 00:00,2021-03-01T00:00:00Z,02/28 19:00,7014,26158,,2021-03-01T00:00:00Z,,,,564268,6412,602,6921918,3193890,,,,,,,,,,,55,333,2826,3247366,15040,3247322,,0,31,e2ad624b18d84f607152974288e3e36fc0800233,0,0,0,0,0,
20210228,WI,617367,53407,2626796,29,totalTestEncountersViral,6906878,290,26127,73,2254,,,549668,2/28/2021 00:00,2021-02-28T00:00:00Z,02/27 19:00,7014,26127,,2021-02-28T00:00:00Z,,,,563960,6412,602,6906878,3190756,,,,,,,,,,,55,481,3298,3244192,20046,3244163,,0,39,1ff58d5b598d4e058979630b9432c31e2f48ea9a,0,0,0,0,0,
20210227,WI,616886,53390,2623498,53,totalTestEncountersViral,6886832,304,26088,89,2254,,,548884,2/27/2021 00:00,2021-02-27T00:00:00Z,02/26 19:00,7014,26088,,2021-02-27T00:00:00Z,,,,563496,6412,602,6886832,3186994,,,,,,,,,,,55,868,3201,3240437,26314,3240384,,15,75,0221da674d36eab094cbd554334d320178ba8f82,0,0,0,0,0,
20210226,WI,616018,53211,2620297,53,totalTestEncountersViral,6860518,304,26013,89,2252,,,548040,2/26/2021 00:00,2021-02-26T00:00:00Z,02/25 19:00,6999,26013,,2021-02-26T00:00:00Z,,,,562807,6399,600,6860518,3183104,,,,,,,,,,,55,793,4842,3236368,35113,3236315,,5,59,34c9fbaea0237801daaa0f252a0f03c8086876ed,0,0,0,0,0,
20210225,WI,615225,53074,2615455,28,totalTestEncountersViral,6825405,355,25954,93,2251,,,547168,2/25/2021 00:00,2021-02-25T00:00:00Z,02/24 19:00,6994,25954,,2021-02-25T00:00:00Z,,,,562151,6394,600,6825405,3177606,,,,,,,,,,,55,965,12337,3230708,88386,3230680,,58,61,234b2e2487dd9cafcc734df812415e3b22176745,0,0,0,0,0,
20210224,WI,614260,52949,2603118,45,totalTestEncountersViral,6737019,347,25893,92,2250,,,546408,2/24/2021 00:00,2021-02-24T00:00:00Z,02/23 19:00,6936,25893,,2021-02-24T00:00:00Z,,,,561311,6342,594,6737019,3164429,,,,,,,,,,,55,841,4517,3217423,27260,3217378,,26,55,2abe83f3c24f7d99e1aa82590530f7c0044108df,0,0,0,0,0,
20210223,WI,613419,52855,2598601,45,totalTestEncountersViral,6709759,347,25838,92,2249,,,545562,2/23/2021 00:00,2021-02-23T00:00:00Z,02/22 19:00,6910,25838,,2021-02-23T00:00:00Z,,,,560564,6317,593,6709759,3159165,,,,,,,,,,,55,707,2987,3212065,16989,3212020,,39,63,3ef58229e4c5a8d4ac52c87b3f77e77c0e0417b5,0,0,0,0,0,
20210222,WI,612712,52714,2595614,46,totalTestEncountersViral,6692770,348,25775,95,2247,,,544926,2/22/2021 00:00,2021-02-22T00:00:00Z,02/21 19:00,6871,25775,,2021-02-22T00:00:00Z,,,,559998,6284,587,6692770,3155612,,,,,,,,,,,55,472,3251,3208372,15157,3208326,,0,32,82481aef601b828cb36c63e68c8aebdba9de07c1,0,0,0,0,0,
20210221,WI,612240,52665,2592363,31,totalTestEncountersViral,6677613,353,25743,83,2242,,,544250,2/21/2021 00:00,2021-02-21T00:00:00Z,02/20 19:00,6871,25743,,2021-02-21T00:00:00Z,,,,559575,6284,587,6677613,3151938,,,,,,,,,,,55,451,3862,3204634,24235,3204603,,0,27,c20114a9d48ec91a8bdb7069e32c4490a22849c5,0,0,0,0,0,
20210220,WI,611789,52617,2588501,41,totalTestEncountersViral,6653378,370,25716,96,2240,,,543411,2/20/2021 00:00,2021-02-20T00:00:00Z,02/19 19:00,6871,25716,,2021-02-20T00:00:00Z,,,,559172,6284,587,6653378,3147673,,,,,,,,,,,55,815,4126,3200331,25296,3200290,,19,81,2cacc3266a3016da60b8bcb7709e243084026060,0,0,0,0,0,
20210219,WI,610974,52478,2584375,41,totalTestEncountersViral,6628082,370,25635,96,2239,,,542495,2/19/2021 00:00,2021-02-19T00:00:00Z,02/18 19:00,6852,25635,,2021-02-19T00:00:00Z,,,,558496,6267,585,6628082,3142871,,,,,,,,,,,55,919,4535,3195390,28691,3195349,,36,79,26e1afd13ad3966b80402db97133dd5e3081069a,0,0,0,0,0,
20210218,WI,610055,52333,2579840,35,totalTestEncountersViral,6599391,391,25556,107,2239,,,541515,2/18/2021 00:00,2021-02-18T00:00:00Z,02/17 19:00,6816,25556,,2021-02-18T00:00:00Z,,,,557722,6232,584,6599391,3137562,,,,,,,,,,,55,866,4814,3189930,36012,3189895,,18,58,b5e5645d4099c7ff3a77f43176090578c6174455,0,0,0,0,0,
20210217,WI,609189,52200,2575026,36,totalTestEncountersViral,6563379,385,25498,107,2236,,,540524,2/17/2021 00:00,2021-02-17T00:00:00Z,02/16 19:00,6798,25498,,2021-02-17T00:00:00Z,,,,556989,6214,584,6563379,3132015,,,,,,,,,,,55,771,4228,3184251,31540,3184215,,10,76,f86b96b5bcfced93031c8fad122553ffbc779fd6,0,0,0,0,0,
20210216,WI,608418,52086,2570798,43,totalTestEncountersViral,6531839,411,25422,117,2231,,,539657,2/16/2021 00:00,2021-02-16T00:00:00Z,02/15 19:00,6788,25422,,2021-02-16T00:00:00Z,,,,556332,6204,584,6531839,3127130,,,,,,,,,,,55,779,2594,3179259,16160,3179216,,39,82,da86d469b2ce4801847fa1b48c354da82ea7cbdb,0,0,0,0,0,
20210215,WI,607639,51931,2568204,31,totalTestEncountersViral,6515679,413,25340,118,2226,,,538767,2/15/2021 00:00,2021-02-15T00:00:00Z,02/14 19:00,6749,25340,,2021-02-15T00:00:00Z,,,,555708,6166,583,6515679,3123912,,,,,,,,,,,55,426,3681,3175874,15430,3175843,,4,38,2524c7f80a0c1572794c12c010370caf740781be,0,0,0,0,0,
20210214,WI,607213,51910,2564523,17,totalTestEncountersViral,6500249,402,25302,116,2220,,,537955,2/14/2021 00:00,2021-02-14T00:00:00Z,02/13 19:00,6745,25302,,2021-02-14T00:00:00Z,,,,555303,6162,583,6500249,3119826,,,,,,,,,,,55,562,3683,3171753,20460,3171736,,1,34,7d1e614006c9d527902f62dd3f516905309f0f05,0,0,0,0,0,
20210213,WI,606651,51851,2560840,43,totalTestEncountersViral,6479789,461,25268,120,2219,,,536864,2/13/2021 00:00,2021-02-13T00:00:00Z,02/12 19:00,6744,25268,,2021-02-13T00:00:00Z,,,,554800,6161,583,6479789,3115640,,,,,,,,,,,55,866,3752,3167534,25645,3167491,,10,71,f04f4602e7aaa40e2f99eb059cae32247902f23a,0,0,0,0,0,
20210212,WI,605785,51737,2557088,43,totalTestEncountersViral,6454144,461,25197,120,2218,,,535627,2/12/2021 00:00,2021-02-12T00:00:00Z,02/11 19:00,6734,25197,,2021-02-12T00:00:00Z,,,,554048,6151,583,6454144,3111136,,,,,,,,,,,55,1102,4607,3162916,29891,3162873,,11,55,21a1137f39048b7ae7615d8063883160365b797e,0,0,0,0,0,
20210211,WI,604683,51573,2552481,48,totalTestEncountersViral,6424253,489,25142,127,2217,,,534164,2/11/2021 00:00,2021-02-11T00:00:00Z,02/10 19:00,6723,25142,,2021-02-11T00:00:00Z,,,,553110,6140,583,6424253,3105591,,,,,,,,,,,55,1428,5905,3157212,39684,3157164,,18,52,af25b076acb8a88af3fbc42c20e12d218bdf681b,0,0,0,0,0,
20210210,WI,603255,51384,2546576,48,totalTestEncountersViral,6384569,489,25090,127,2214,,,532793,2/10/2021 00:00,2021-02-10T00:00:00Z,02/09 19:00,6705,25090,,2021-02-10T00:00:00Z,,,,551871,6129,576,6384569,3098447,,,,,,,,,,,55,999,4992,3149879,32691,3149831,,42,69,a2e6b70aa4ad18fbb792510418b5462b6130687f,0,0,0,0,0,
20210209,WI,602256,51206,2541584,37,totalTestEncountersViral,6351878,525,25021,133,2208,,,531343,2/9/2021 00:00,2021-02-09T00:00:00Z,02/08 19:00,6663,25021,,2021-02-09T00:00:00Z,,,,551050,6094,569,6351878,3092634,,,,,,,,,,,55,865,3487,3143877,16626,3143840,,49,102,9277a6cfa5d45aeac2a93ea3a7d72d86d8678188,0,0,0,0,0,
20210208,WI,601391,51022,2538097,35,totalTestEncountersViral,6335252,572,24919,134,2202,,,530216,2/8/2021 00:00,2021-02-08T00:00:00Z,02/07 19:00,6614,24919,,2021-02-08T00:00:00Z,,,,550369,6055,559,6335252,3088466,,,,,,,,,,,55,609,3175,3139523,-13449,3139488,,1,34,b8326bc6ab0f845cff6d1424e608af7e766e5409,0,0,0,0,0,
20210207,WI,600782,50956,2534922,11,totalTestEncountersViral,6348701,570,24885,144,2201,,,529120,2/7/2021 00:00,2021-02-07T00:00:00Z,02/06 19:00,6613,24885,,2021-02-07T00:00:00Z,,,,549826,6054,559,6348701,3084748,,,,,,,,,,,55,766,3856,3135715,14437,3135704,,2,61,0563b77a7685df09cd5f0a71153217d6d0fefd5f,0,0,0,0,0,
20210206,WI,600016,50861,2531066,35,totalTestEncountersViral,6334264,593,24824,164,2194,,,527575,2/6/2021 00:00,2021-02-06T00:00:00Z,02/05 19:00,6611,24824,,2021-02-06T00:00:00Z,,,,549155,6052,559,6334264,3080221,,,,,,,,,,,55,1114,3504,3131117,29609,3131082,,36,90,95597e1ba48f9b9bdea4162785ce3de691ef1f97,0,0,0,0,0,
20210205,WI,598902,50681,2527562,49,totalTestEncountersViral,6304655,594,24734,160,2192,,,526004,2/5/2021 00:00,2021-02-05T00:00:00Z,02/04 19:00,6575,24734,,2021-02-05T00:00:00Z,,,,548221,6020,555,6304655,3075783,,,,,,,,,,,55,1427,4460,3126513,25984,3126464,,30,100,261106af2153ae433292453891644ce5a7435ee1,0,0,0,0,0,
20210204,WI,597475,50520,2523102,44,totalTestEncountersViral,6278671,639,24634,173,2186,,,524120,2/4/2021 00:00,2021-02-04T00:00:00Z,02/03 19:00,6545,24634,,2021-02-04T00:00:00Z,,,,546955,5992,553,6278671,3070057,,,,,,,,,,,55,1719,5656,3120621,41946,3120577,,49,80,1c47c04c8ec2efdd80d6c5aebd165258bb7797b7,0,0,0,0,0,
20210203,WI,595756,50319,2517446,43,totalTestEncountersViral,6236725,655,24554,158,2186,,,522361,2/3/2021 00:00,2021-02-03T00:00:00Z,02/02 19:00,6496,24554,,2021-02-03T00:00:00Z,,,,545437,5951,545,6236725,3062883,,,,,,,,,,,55,1539,4689,3113245,32129,3113202,,16,94,5f8ec346784cf8660acd2a7250989b859bd048d4,0,0,0,0,0,
20210202,WI,594217,49957,2512757,44,totalTestEncountersViral,6204596,686,24460,146,2185,,,520325,2/2/2021 00:00,2021-02-02T00:00:00Z,02/01 19:00,6480,24460,,2021-02-02T00:00:00Z,,,,544260,5937,543,6204596,3057017,,,,,,,,,,,55,1296,2087,3107018,43823,3106974,,44,123,62c3900a1c96a354bbbc00a0d316b7dae4d78020,0,0,0,0,0,
20210201,WI,592921,49756,2510670,42,totalTestEncountersViral,6160773,697,24337,168,2181,,,518801,2/1/2021 00:00,2021-02-01T00:00:00Z,01/31 19:00,6436,24337,,2021-02-01T00:00:00Z,,,,543165,5897,539,6160773,3053835,,,,,,,,,,,55,781,3070,3103633,-16802,3103591,,2,39,15de601b7e98d0a80c0968294cbc90087d5234aa,0,0,0,0,0,
20210131,WI,592140,49725,2507600,73,totalTestEncountersViral,6177575,680,24298,185,2179,,,517169,1/31/2021 00:00,2021-01-31T00:00:00Z,01/30 19:00,6434,24298,,2021-01-31T00:00:00Z,,,,542415,5896,538,6177575,3050015,,,,,,,,,,,55,1143,4213,3099813,22737,3099740,,4,55,ee0a67659c3a7d794821900dc8bc0927786a1008,0,0,0,0,0,
20210130,WI,590997,49589,2503387,73,totalTestEncountersViral,6154838,680,24243,185,2178,,,515745,1/30/2021 00:00,2021-01-30T00:00:00Z,01/29 19:00,6430,24243,,2021-01-30T00:00:00Z,,,,541408,5893,537,6154838,3044795,,,,,,,,,,,55,1613,4870,3094457,30427,3094384,,40,89,45844aa527209a6591a7ffdf06f365311970e0f6,0,0,0,0,0,
20210129,WI,589384,49469,2498517,73,totalTestEncountersViral,6124411,680,24154,185,2171,,,513809,1/29/2021 00:00,2021-01-29T00:00:00Z,01/28 19:00,6390,24154,,2021-01-29T00:00:00Z,,,,539915,5860,530,6124411,3038432,,,,,,,,,,,55,1804,5373,3087974,31499,3087901,,56,91,c34b6a7bc2632bda581a04d175f616b0bb6481d7,0,0,0,0,0,
20210128,WI,587580,49232,2493144,61,totalTestEncountersViral,6092912,710,24063,166,2170,,,511859,1/28/2021 00:00,2021-01-28T00:00:00Z,01/27 19:00,6334,24063,,2021-01-28T00:00:00Z,,,,538348,5811,523,6092912,3031492,,,,,,,,,,,55,1980,6184,3080785,42793,3080724,,32,87,11eeea5e20a4a84860eba8a9fd162e06aaff37f3,0,0,0,0,0,
20210127,WI,585600,49054,2486960,53,totalTestEncountersViral,6050119,734,23976,160,2167,,,510012,1/27/2021 00:00,2021-01-27T00:00:00Z,01/26 19:00,6302,23976,,2021-01-27T00:00:00Z,,,,536546,5787,515,6050119,3023506,,,,,,,,,,,55,1559,5225,3072613,29580,3072560,,38,93,9520a0e5628cf3d66afb0c57b3a871fec7d5aea3,0,0,0,0,0,
20210126,WI,584041,48823,2481735,64,totalTestEncountersViral,6020539,746,23883,155,2164,,,507760,1/26/2021 00:00,2021-01-26T00:00:00Z,01/25 19:00,6264,23883,,2021-01-26T00:00:00Z,,,,535218,5753,511,6020539,3016953,,,,,,,,,,,55,1564,4147,3065840,17138,3065776,,65,135,2b03745dec34f97f815cd85257c5aef8ad1b14a3,0,0,0,0,0,
20210125,WI,582477,48560,2477588,69,totalTestEncountersViral,6003401,772,23748,175,2158,,,505987,1/25/2021 00:00,2021-01-25T00:00:00Z,01/24 19:00,6199,23748,,2021-01-25T00:00:00Z,,,,533917,5699,500,6003401,3011505,,,,,,,,,,,55,1100,3253,3060134,12931,3060065,,9,56,80450fddf041223ff069d28f941c72d60554fb86,0,0,0,0,0,
20210124,WI,581377,48406,2474335,36,totalTestEncountersViral,5990470,761,23692,169,2153,,,504238,1/24/2021 00:00,2021-01-24T00:00:00Z,01/23 19:00,6190,23692,,2021-01-24T00:00:00Z,,,,532971,5691,499,5990470,3007306,,,,,,,,,,,55,1374,5212,3055748,23209,3055712,,6,67,b7e65755c597b6a718993cba7a27b22a3b9c6110,0,0,0,0,0,
20210123,WI,580003,48151,2469123,62,totalTestEncountersViral,5967261,785,23625,178,2148,,,502593,1/23/2021 00:00,2021-01-23T00:00:00Z,01/22 19:00,6184,23625,,2021-01-23T00:00:00Z,,,,531852,5685,499,5967261,3000975,,,,,,,,,,,55,2012,5779,3049188,29672,3049126,,49,89,5a8bfd125577f39f4aa494ad45533f0019cd828c,0,0,0,0,0,
20210122,WI,577991,47820,2463344,62,totalTestEncountersViral,5937589,785,23536,178,2144,,,500685,1/22/2021 00:00,2021-01-22T00:00:00Z,01/21 19:00,6135,23536,,2021-01-22T00:00:00Z,,,,530171,5643,492,5937589,2993515,,,,,,,,,,,55,2303,6312,3041397,40284,3041335,,45,91,9b27300055bdce4052d3f39d377cdf086f14c64a,0,0,0,0,0,
20210121,WI,575688,47587,2457032,57,totalTestEncountersViral,5897305,808,23445,173,2140,,,498368,1/21/2021 00:00,2021-01-21T00:00:00Z,01/20 19:00,6090,23445,,2021-01-21T00:00:00Z,,,,528101,5607,483,5897305,2985133,,,,,,,,,,,55,2569,6510,3032777,35774,3032720,,55,82,f1754c3b7e161272f95bc92c998ae1e1a110e8aa,0,0,0,0,0,
20210120,WI,573119,47195,2450522,60,totalTestEncountersViral,5861531,834,23363,193,2138,,,496297,1/20/2021 00:00,2021-01-20T00:00:00Z,01/19 19:00,6035,23363,,2021-01-20T00:00:00Z,,,,525924,5562,473,5861531,2976446,,,,,,,,,,,55,1851,5123,3023701,28822,3023641,,62,119,8f6296194b0f5e051873f6454a6bcc2f013160b9,0,0,0,0,0,
20210119,WI,571268,46866,2445399,69,totalTestEncountersViral,5832709,865,23244,203,2136,,,494029,1/19/2021 00:00,2021-01-19T00:00:00Z,01/18 19:00,5973,23244,,2021-01-19T00:00:00Z,,,,524402,5512,461,5832709,2969801,,,,,,,,,,,55,1933,3556,3016736,19302,3016667,,47,114,72c695f1561a9730eafd4265c710617b1a7ca911,0,0,0,0,0,
20210118,WI,569335,46458,2441843,52,totalTestEncountersViral,5813407,875,23130,209,2127,,,491962,1/18/2021 00:00,2021-01-18T00:00:00Z,01/17 19:00,5926,23130,,2021-01-18T00:00:00Z,,,,522877,5470,456,5813407,2964720,,,,,,,,,,,55,1169,4049,3011230,15335,3011178,,20,54,59ca83ad48a2c5c9d021c9fb6ee82c622994e38c,0,0,0,0,0,
20210117,WI,568166,46372,2437794,54,totalTestEncountersViral,5798072,953,23076,227,2124,,,490043,1/17/2021 00:00,2021-01-17T00:00:00Z,01/16 19:00,5906,23076,,2021-01-17T00:00:00Z,,,,521794,5451,455,5798072,2959588,,,,,,,,,,,55,1891,5068,3006014,25805,3005960,,1,50,7949b0708060c1ca59ab167efe00ac4f167a4ebe,0,0,0,0,0,
20210116,WI,566275,46087,2432726,54,totalTestEncountersViral,5772267,953,23026,227,2123,,,487754,1/16/2021 00:00,2021-01-16T00:00:00Z,01/15 19:00,5905,23026,,2021-01-16T00:00:00Z,,,,520188,5450,455,5772267,2952914,,,,,,,,,,,55,2409,5095,2999055,26697,2999001,,135,103,61b0f2454d6a772dbb6dc8c00410acb002ac4be1,0,0,0,0,0,
20210115,WI,563866,45615,2427631,53,totalTestEncountersViral,5745570,998,22923,229,2117,,,485157,1/15/2021 00:00,2021-01-15T00:00:00Z,01/14 19:00,5770,22923,,2021-01-15T00:00:00Z,,,,518251,5322,448,5745570,2945882,,,,,,,,,,,55,2706,5771,2991550,29446,2991497,,42,119,2d5a2cceae420ef360c51a57168ccbf64e1b54ea,0,0,0,0,0,
20210114,WI,561160,45178,2421860,73,totalTestEncountersViral,5716124,1025,22804,224,2115,,,482669,1/14/2021 00:00,2021-01-14T00:00:00Z,01/13 19:00,5728,22804,,2021-01-14T00:00:00Z,,,,515982,5290,438,5716124,2937842,,,,,,,,,,,55,3140,6987,2983093,41690,2983020,,49,99,bab3c2511dc7db74a0a3b40d7a2bcb808926b19c,0,0,0,0,0,
20210113,WI,558020,44750,2414873,66,totalTestEncountersViral,5674434,988,22705,225,2113,,,480112,1/13/2021 00:00,2021-01-13T00:00:00Z,01/12 19:00,5679,22705,,2021-01-13T00:00:00Z,,,,513270,5248,431,5674434,2928143,,,,,,,,,,,55,2771,5293,2972959,29499,2972893,,46,122,7a7352c84dce0a6c43cae3d830b2726b16bc1f73,0,0,0,0,0,
20210112,WI,555249,44113,2409580,48,totalTestEncountersViral,5644935,1017,22583,221,2107,,,477460,1/12/2021 00:00,2021-01-12T00:00:00Z,01/11 19:00,5633,22583,,2021-01-12T00:00:00Z,,,,511136,5211,422,5644935,2920716,,,,,,,,,,,55,3307,3846,2964877,18049,2964829,,58,149,6f5068867265be70071781f294c9f2dc6b283bdb,0,0,0,0,0,
20210111,WI,551942,43596,2405734,64,totalTestEncountersViral,5626886,973,22434,219,2100,,,474830,1/11/2021 00:00,2021-01-11T00:00:00Z,01/10 19:00,5575,22434,,2021-01-11T00:00:00Z,,,,508346,5162,413,5626886,2914080,,,,,,,,,,,55,1682,3998,2957740,18002,2957676,,5,56,712f73e6aaafba9126f102784dcb7940e707152d,0,0,0,0,0,
20210110,WI,550260,43370,2401736,62,totalTestEncountersViral,5608884,1054,22378,242,2098,,,472862,1/10/2021 00:00,2021-01-10T00:00:00Z,01/09 19:00,5570,22378,,2021-01-10T00:00:00Z,,,,506890,5157,413,5608884,2908626,,,,,,,,,,,55,2126,5630,2952058,23843,2951996,,3,52,ac212eeeec0f32a05062647c68c54210b0ed342e,0,0,0,0,0,
20210109,WI,548134,43076,2396106,62,totalTestEncountersViral,5585041,1054,22326,242,2093,,,470385,1/9/2021 00:00,2021-01-09T00:00:00Z,01/08 19:00,5567,22326,,2021-01-09T00:00:00Z,,,,505058,5155,412,5585041,2901164,,,,,,,,,,,55,3516,5568,2944302,26539,2944240,,38,120,1a229b7db430eb4283122d065fa209ecbf9ebce2,0,0,0,0,0,
20210108,WI,544618,42606,2390538,41,totalTestEncountersViral,5558502,1077,22206,244,2080,,,467069,1/8/2021 00:00,2021-01-08T00:00:00Z,01/07 19:00,5529,22206,,2021-01-08T00:00:00Z,,,,502012,5119,410,5558502,2892550,,,,,,,,,,,55,4110,7128,2935197,40683,2935156,,52,136,0e2b86ea71461a0a3c8abad4e267a80895259c4b,0,0,0,0,0,
20210107,WI,540508,41970,2383410,64,totalTestEncountersViral,5517819,1128,22070,243,2080,,,464443,1/7/2021 00:00,2021-01-07T00:00:00Z,01/06 19:00,5477,22070,,2021-01-07T00:00:00Z,,,,498538,5079,398,5517819,2881948,,,,,,,,,,,55,4509,6357,2923982,39652,2923918,,42,99,432b7f566c00fd5c2f823d8b698a77496a62f226,0,0,0,0,0,
20210106,WI,535999,41252,2377053,77,totalTestEncountersViral,5478167,1104,21971,245,2074,,,461729,1/6/2021 00:00,2021-01-06T00:00:00Z,01/05 19:00,5435,21971,,2021-01-06T00:00:00Z,,,,494747,5039,396,5478167,2871800,,,,,,,,,,,55,4109,6568,2913129,32470,2913052,,69,175,bb85e9a5fbb571ff8382dbfe0d6b650ab6481a26,0,0,0,0,0,
20210105,WI,531890,40549,2370485,62,totalTestEncountersViral,5445697,1123,21796,231,2066,,,458650,1/5/2021 00:00,2021-01-05T00:00:00Z,01/04 19:00,5366,21796,,2021-01-05T00:00:00Z,,,,491341,4979,387,5445697,2861826,,,,,,,,,,,55,4019,4805,2902437,22559,2902375,,97,216,070ec6e27c51f103007876427c6f48d7b54044de,0,0,0,0,0,
20210104,WI,527871,39933,2365680,42,totalTestEncountersViral,5423138,1069,21580,225,2058,,,456529,1/4/2021 00:00,2021-01-04T00:00:00Z,01/03 19:00,5269,21580,,2021-01-04T00:00:00Z,,,,487938,4884,385,5423138,2853618,,,,,,,,,,,55,1626,2505,2893593,12009,2893551,,8,51,ff550c3b3db4f4def19a507737e5dda4b20def2c,0,0,0,0,0,
20210103,WI,526245,39714,2363175,68,totalTestEncountersViral,5411129,1018,21529,230,2057,,,454850,1/3/2021 00:00,2021-01-03T00:00:00Z,01/02 19:00,5261,21529,,2021-01-03T00:00:00Z,,,,486531,4875,386,5411129,2849706,,,,,,,,,,,55,2593,2142,2889488,8455,2889420,,5,80,aa5cb1cff80df10646fc310b5d64749acef8d163,0,0,0,0,0,
20210102,WI,523652,39567,2361033,68,totalTestEncountersViral,5402674,1018,21449,230,2053,,,452502,1/2/2021 00:00,2021-01-02T00:00:00Z,01/01 19:00,5256,21449,,2021-01-02T00:00:00Z,,,,484085,4870,386,5402674,2845118,,,,,,,,,,,55,1129,3976,2884753,21846,2884685,,2,49,546630ddb895c394daf4256f71c4bb94ce53b260,0,0,0,0,0,
20210101,WI,522523,39516,2357057,58,totalTestEncountersViral,5380828,1074,21400,244,2051,,,450358,1/1/2021 00:00,2021-01-01T00:00:00Z,12/31 19:00,5254,21400,,2021-01-01T00:00:00Z,,,,483007,4869,385,5380828,2840064,,,,,,,,,,,55,2085,6388,2879638,32340,2879580,,12,50,15ea8c8b0ef46a0893e8b3e1bb15b79388e42afa,0,0,0,0,0,
20201231,WI,520438,39366,2350669,58,totalTestEncountersViral,5348488,1074,21350,244,2049,,,447500,12/31/2020 00:00,2020-12-31T00:00:00Z,12/30 19:00,5242,21350,,2020-12-31T00:00:00Z,,,,481102,4859,383,5348488,2831771,,,,,,,,,,,55,4212,5898,2871165,39680,2871107,,50,143,1d1145373d1c6dcf02fafffce15746964c7e5433,0,0,0,0,0,
20201230,WI,516226,38934,2344771,58,totalTestEncountersViral,5308808,1074,21207,244,2034,,,444609,12/30/2020 00:00,2020-12-30T00:00:00Z,12/29 19:00,5192,21207,,2020-12-30T00:00:00Z,,,,477292,4818,374,5308808,2822063,,,,,,,,,,,55,3170,4607,2861055,25493,2860997,,40,126,bc518f796ac6620d91b9f6086d766d2caebb46c8,0,0,0,0,0,
20201229,WI,513056,38519,2340164,72,totalTestEncountersViral,5283315,1082,21081,249,2031,,,440857,12/29/2020 00:00,2020-12-29T00:00:00Z,12/28 19:00,5152,21081,,2020-12-29T00:00:00Z,,,,474537,4783,369,5283315,2814701,,,,,,,,,,,55,2919,3633,2853292,17549,2853220,,92,170,593438252875ed65da8de2322d083eefa574687c,0,0,0,0,0,
20201228,WI,510137,37984,2336531,62,totalTestEncountersViral,5265766,1113,20911,237,2021,,,438394,12/28/2020 00:00,2020-12-28T00:00:00Z,12/27 19:00,5060,20911,,2020-12-28T00:00:00Z,,,,472153,4711,349,5265766,2808684,,,,,,,,,,,55,1557,3836,2846730,13074,2846668,,21,82,03b4dfe1b54281fc3e937b4fd466428b2defe82c,0,0,0,0,0,
20201227,WI,508580,37762,2332695,35,totalTestEncountersViral,5252692,1089,20829,240,2018,,,436233,12/27/2020 00:00,2020-12-27T00:00:00Z,12/26 19:00,5039,20829,,2020-12-27T00:00:00Z,,,,470818,4692,347,5252692,2803513,,,,,,,,,,,55,2558,2615,2841310,11349,2841275,,10,95,808057cfc1e655a150545f51b735852b0927697f,0,0,0,0,0,
20201226,WI,506022,37491,2330080,44,totalTestEncountersViral,5241343,1243,20734,260,2015,,,433415,12/26/2020 00:00,2020-12-26T00:00:00Z,12/25 19:00,5029,20734,,2020-12-26T00:00:00Z,,,,468531,4683,346,5241343,2798611,,,,,,,,,,,55,677,5261,2836146,23019,2836102,,4,31,06bf407c6c313188bfd6e176b41deaca9296e785,0,0,0,0,0,
20201225,WI,505345,37446,2324819,44,totalTestEncountersViral,5218324,1243,20703,260,2015,,,431428,12/25/2020 00:00,2020-12-25T00:00:00Z,12/24 19:00,5025,20703,,2020-12-25T00:00:00Z,,,,467899,4679,346,5218324,2792718,,,,,,,,,,,55,1639,7109,2830208,39125,2830164,,6,56,a5d8c72f7cbdd6021cff1f936985f9c715362b82,0,0,0,0,0,
20201224,WI,503706,37313,2317710,44,totalTestEncountersViral,5179199,1243,20647,260,2016,,,428208,12/24/2020 00:00,2020-12-24T00:00:00Z,12/23 19:00,5019,20647,,2020-12-24T00:00:00Z,,,,466393,4674,345,5179199,2784103,,,,,,,,,,,55,3263,7719,2821460,39779,2821416,,66,128,dc91bffb2ef2b432f3d798cbf2ddfc087407b136,0,0,0,0,0,
20201223,WI,500443,36849,2309991,44,totalTestEncountersViral,5139420,1243,20519,260,2006,,,424946,12/23/2020 00:00,2020-12-23T00:00:00Z,12/22 19:00,4953,20519,,2020-12-23T00:00:00Z,,,,463594,4614,339,5139420,2773585,,,,,,,,,,,55,3063,6277,2810478,28876,2810434,,74,164,34236607541a6b0ba4f120ecac6de6e78815723b,0,0,0,0,0,
20201222,WI,497380,36365,2303714,84,totalTestEncountersViral,5110544,1274,20355,281,1997,,,421506,12/22/2020 00:00,2020-12-22T00:00:00Z,12/21 19:00,4879,20355,,2020-12-22T00:00:00Z,,,,461015,4545,334,5110544,2764729,,,,,,,,,,,55,3027,4449,2801178,21624,2801094,,128,187,3f9122c64807236aa21c1924e9726bfbf0ca5f01,0,0,0,0,0,
20201221,WI,494353,35741,2299265,72,totalTestEncountersViral,5088920,1308,20168,272,1980,,,418587,12/21/2020 00:00,2020-12-21T00:00:00Z,12/20 19:00,4751,20168,,2020-12-21T00:00:00Z,,,,458612,4425,326,5088920,2757877,,,,,,,,,,,55,1629,5067,2793690,24235,2793618,,8,48,9763255c7a83a1970124f242860cdb5caa4d39ec,0,0,0,0,0,
20201220,WI,492724,35547,2294198,62,totalTestEncountersViral,5064685,1268,20120,292,1978,,,415922,12/20/2020 00:00,2020-12-20T00:00:00Z,12/19 19:00,4743,20120,,2020-12-20T00:00:00Z,,,,457177,4417,326,5064685,2751375,,,,,,,,,,,55,2045,5867,2786984,24578,2786922,,21,68,39017b737fa071b81e728bb03d9f14b634e39fa8,0,0,0,0,0,
20201219,WI,490679,35328,2288331,97,totalTestEncountersViral,5040107,1330,20052,290,1976,,,412499,12/19/2020 00:00,2020-12-19T00:00:00Z,12/18 19:00,4722,20052,,2020-12-19T00:00:00Z,,,,455351,4399,323,5040107,2743682,,,,,,,,,,,55,4315,7201,2779107,35523,2779010,,90,122,d5ac67c22fb0f2bc95e792dc7819999556aafa02,0,0,0,0,0,
20201218,WI,486364,34688,2281130,97,totalTestEncountersViral,5004584,1330,19930,290,1968,,,408367,12/18/2020 00:00,2020-12-18T00:00:00Z,12/17 19:00,4632,19930,,2020-12-18T00:00:00Z,,,,451676,4315,317,5004584,2732806,,,,,,,,,,,55,3921,7194,2767591,38347,2767494,,71,145,dde9df260153fdc0a8f77876139b68b6ffaa5026,0,0,0,0,0,
20201217,WI,482443,34002,2273936,99,totalTestEncountersViral,4966237,1363,19785,298,1963,,,403706,12/17/2020 00:00,2020-12-17T00:00:00Z,12/16 19:00,4561,19785,,2020-12-17T00:00:00Z,,,,448441,4255,306,4966237,2722377,,,,,,,,,,,55,4281,7295,2756478,38534,2756379,,68,129,274a2bfa3636ecd1556b60b23e17b252569a46e5,0,0,0,0,0,
20201216,WI,478162,33364,2266641,85,totalTestEncountersViral,4927703,1410,19656,314,1951,,,399073,12/16/2020 00:00,2020-12-16T00:00:00Z,12/15 19:00,4493,19656,,2020-12-16T00:00:00Z,,,,444798,4196,297,4927703,2711439,,,,,,,,,,,55,2822,6849,2744888,28659,2744803,,85,146,5817f9bfd5ff64418827188fc9e76ca2ab87354c,0,0,0,0,0,
20201215,WI,475340,32944,2259792,107,totalTestEncountersViral,4899044,1461,19510,331,1944,,,394095,12/15/2020 00:00,2020-12-15T00:00:00Z,12/14 19:00,4408,19510,,2020-12-15T00:00:00Z,,,,442396,4122,286,4899044,2702188,,,,,,,,,,,55,4055,3798,2735239,19457,2735132,,56,184,452214c8ee7672bfa2830217d231d3d6a1686e44,0,0,0,0,0,
20201214,WI,471285,32390,2255994,118,totalTestEncountersViral,4879587,1471,19326,319,1933,,,390003,12/14/2020 00:00,2020-12-14T00:00:00Z,12/13 19:00,4352,19326,,2020-12-14T00:00:00Z,,,,438895,4068,284,4879587,2694889,,,,,,,,,,,55,2329,5228,2727397,22272,2727279,,13,77,9e991a3f9f6ff5e867c541ab7c3d1bf0b9d1bb9a,0,0,0,0,0,
20201213,WI,468956,32183,2250766,96,totalTestEncountersViral,4857315,1448,19249,328,1930,,,386655,12/13/2020 00:00,2020-12-13T00:00:00Z,12/12 19:00,4339,19249,,2020-12-13T00:00:00Z,,,,436773,4056,283,4857315,2687539,,,,,,,,,,,55,2965,9418,2719818,36314,2719722,,15,87,4b57074a5996a9fa1ec8dd0c60595e02ed8a20ff,0,0,0,0,0,
20201212,WI,465991,31975,2241348,96,totalTestEncountersViral,4821001,1448,19162,328,1928,,,381633,12/12/2020 00:00,2020-12-12T00:00:00Z,12/11 19:00,4324,19162,,2020-12-12T00:00:00Z,,,,434016,4041,283,4821001,2675364,,,,,,,,,,,55,4624,9583,2707435,43457,2707339,,58,142,dd8f3461032f59c11f7c0156e34611268ff8903c,0,0,0,0,0,
20201211,WI,461367,31410,2231765,96,totalTestEncountersViral,4777544,1448,19020,328,1916,,,375627,12/11/2020 00:00,2020-12-11T00:00:00Z,12/10 19:00,4266,19020,,2020-12-11T00:00:00Z,,,,429957,3991,275,4777544,2661722,,,,,,,,,,,55,4478,7187,2693228,31888,2693132,,57,145,6940a3c936ab9dfc0b6a9a2b00188beb0b36f829,0,0,0,0,0,
20201210,WI,456889,30790,2224578,107,totalTestEncountersViral,4745656,1484,18875,332,1902,,,369821,12/10/2020 00:00,2020-12-10T00:00:00Z,12/09 19:00,4209,18875,,2020-12-10T00:00:00Z,,,,426099,3944,265,4745656,2650677,,,,,,,,,,,55,4709,8521,2681574,37247,2681467,,67,160,a2a9e7485d20ba473eccf4905d1d0c50b9966716,0,0,0,0,0,
20201209,WI,452180,30115,2216057,115,totalTestEncountersViral,4708409,1535,18715,326,1897,,,363504,12/9/2020 00:00,2020-12-09T00:00:00Z,12/08 19:00,4142,18715,,2020-12-09T00:00:00Z,,,,422065,3887,255,4708409,2638122,,,,,,,,,,,55,4171,8107,2668352,31660,2668237,,88,215,00a4b6b3931824905bfd6c5a24d9924b0b27df06,0,0,0,0,0,
20201208,WI,448009,29563,2207950,189,totalTestEncountersViral,4676749,1556,18500,325,1889,,,356752,12/8/2020 00:00,2020-12-08T00:00:00Z,12/07 19:00,4054,18500,,2020-12-08T00:00:00Z,,,,418446,3806,248,4676749,2626396,,,,,,,,,,,55,4620,5477,2656148,25694,2655959,,81,214,99bfcb676c09c5f944dae0b40949799bc5e6ae61,0,0,0,0,0,
20201207,WI,443389,29057,2202473,122,totalTestEncountersViral,4651055,1566,18286,326,1882,,,352510,12/7/2020 00:00,2020-12-07T00:00:00Z,12/06 19:00,3973,18286,,2020-12-07T00:00:00Z,,,,414332,3738,235,4651055,2616805,,,,,,,,,,,55,2322,5751,2645984,27828,2645862,,21,70,3a41a276e308455cd9666a877757ea32f3f917ea,0,0,0,0,0,
20201206,WI,441067,28890,2196722,95,totalTestEncountersViral,4623227,1660,18216,371,1880,,,348995,12/6/2020 00:00,2020-12-06T00:00:00Z,12/05 19:00,3952,18216,,2020-12-06T00:00:00Z,,,,412177,3719,233,4623227,2608899,,,,,,,,,,,55,3149,7773,2637884,27704,2637789,,18,90,166207caa1ccd4574e4691ebfa50e2996851da8a,0,0,0,0,0,
20201205,WI,437918,28532,2188949,95,totalTestEncountersViral,4595523,1660,18126,371,1879,,,343481,12/5/2020 00:00,2020-12-05T00:00:00Z,12/04 19:00,3934,18126,,2020-12-05T00:00:00Z,,,,409386,3702,232,4595523,2598335,,,,,,,,,,,55,5711,8629,2626962,38957,2626867,,92,183,537900dff1605ce017d02a90706d05efac2964e0,0,0,0,0,0,
20201204,WI,432207,27652,2180320,95,totalTestEncountersViral,4556566,1660,17943,371,1865,,,337653,12/4/2020 00:00,2020-12-04T00:00:00Z,12/03 19:00,3842,17943,,2020-12-04T00:00:00Z,,,,404555,3625,217,4556566,2584875,,,,,,,,,,,55,5673,10350,2612622,39104,2612527,,69,202,9a025c989f5bf7b2d2251e03bcb266b9d04c54eb,0,0,0,0,0,
20201203,WI,426534,26826,2169970,154,totalTestEncountersViral,4517462,1754,17741,376,1853,,,331425,12/3/2020 00:00,2020-12-03T00:00:00Z,12/02 19:00,3773,17741,,2020-12-03T00:00:00Z,,,,399708,3562,211,4517462,2569678,,,,,,,,,,,55,5604,7354,2596658,38263,2596504,,70,172,27b6cb428afa47fc4e89377f352632cb725f2f46,0,0,0,0,0,
20201202,WI,420930,25840,2162616,158,totalTestEncountersViral,4479199,1780,17569,397,1835,,,325587,12/2/2020 00:00,2020-12-02T00:00:00Z,12/01 19:00,3703,17569,,2020-12-02T00:00:00Z,,,,395090,3502,201,4479199,2557706,,,,,,,,,,,55,4565,6206,2583704,26098,2583546,,92,197,09d14a46d9b83ad1231f296de854fcff594af862,0,0,0,0,0,
20201201,WI,416365,25052,2156410,131,totalTestEncountersViral,4453101,1827,17372,415,1824,,,319426,12/1/2020 00:00,2020-12-01T00:00:00Z,11/30 19:00,3611,17372,,2020-12-01T00:00:00Z,,,,391313,3420,191,4453101,2547723,,,,,,,,,,,55,4635,6414,2572906,27071,2572775,,117,277,95fe777976f7197d83bd2706f47951bb38729a80,0,0,0,0,0,
20201130,WI,411730,24495,2149996,143,totalTestEncountersViral,4426030,1845,17095,395,1808,,,315086,11/30/2020 00:00,2020-11-30T00:00:00Z,11/29 19:00,3494,17095,,2020-11-30T00:00:00Z,,,,387235,3313,181,4426030,2537231,,,,,,,,,,,55,2676,6206,2561869,27880,2561726,,7,96,d3ea5c3b6b0a234dd199df8d8560925b82d90d7a,0,0,0,0,0,
20201129,WI,409054,24353,2143790,131,totalTestEncountersViral,4398150,1824,16999,398,1801,,,311438,11/29/2020 00:00,2020-11-29T00:00:00Z,11/28 19:00,3487,16999,,2020-11-29T00:00:00Z,,,,384701,3307,180,4398150,2528491,,,,,,,,,,,55,4055,5680,2552975,25061,2552844,,23,117,a8bdaca2b7ba8db88817876552f3ce3c88a9d042,0,0,0,0,0,
20201128,WI,404999,24129,2138110,148,totalTestEncountersViral,4373089,1843,16882,400,1797,,,306770,11/28/2020 00:00,2020-11-28T00:00:00Z,11/27 19:00,3464,16882,,2020-11-28T00:00:00Z,,,,380870,3285,179,4373089,2518980,,,,,,,,,,,55,5473,4410,2543257,21209,2543109,,30,167,39cd5410dcd7d699afedf93ff82a22b7864b1685,0,0,0,0,0,
20201127,WI,399526,23689,2133700,169,totalTestEncountersViral,4351880,1727,16715,363,1788,,,301541,11/27/2020 00:00,2020-11-27T00:00:00Z,11/26 19:00,3434,16715,,2020-11-27T00:00:00Z,,,,375837,3257,177,4351880,2509537,,,,,,,,,,,55,1422,8498,2533395,33665,2533226,,19,57,8d59a90a994bc467f8742e3f6622705ad6eceb11,0,0,0,0,0,
20201126,WI,398104,23567,2125202,163,totalTestEncountersViral,4318215,1892,16658,441,1788,,,296577,11/26/2020 00:00,2020-11-26T00:00:00Z,11/25 19:00,3415,16658,,2020-11-26T00:00:00Z,,,,374537,3240,175,4318215,2499739,,,,,,,,,,,55,5666,8653,2523469,36568,2523306,,72,201,207738b9caa74ead684f0336c80b51f3f9ec700a,0,0,0,0,0,
20201125,WI,392438,22996,2116549,163,totalTestEncountersViral,4281647,1892,16457,441,1781,,,290969,11/25/2020 00:00,2020-11-25T00:00:00Z,11/24 19:00,3343,16457,,2020-11-25T00:00:00Z,,,,369442,3178,165,4281647,2485991,,,,,,,,,,,55,5997,11793,2509150,46685,2508987,,71,248,f9c5065850730059a0838ccb6e5d0be0f8ae4329,0,0,0,0,0,
20201124,WI,386441,22468,2104756,142,totalTestEncountersViral,4234962,1986,16209,436,1767,,,284903,11/24/2020 00:00,2020-11-24T00:00:00Z,11/23 19:00,3272,16209,,2020-11-24T00:00:00Z,,,,363973,3115,157,4234962,2468729,,,,,,,,,,,55,6748,10308,2491339,38892,2491197,,114,279,83e465be71e0b6096e099b5dd635d12f40f8373a,0,0,0,0,0,
20201123,WI,379693,21922,2094448,141,totalTestEncountersViral,4196070,1999,15930,438,1754,,,280358,11/23/2020 00:00,2020-11-23T00:00:00Z,11/22 19:00,3158,15930,,2020-11-23T00:00:00Z,,,,357771,3011,147,4196070,2452219,,,,,,,,,,,55,3455,9196,2474282,33414,2474141,,8,107,50de6545d7a303f4b038939b3bd238891bd62511,0,0,0,0,0,
20201122,WI,376238,21562,2085252,127,totalTestEncountersViral,4162656,1988,15823,428,1747,,,276574,11/22/2020 00:00,2020-11-22T00:00:00Z,11/21 19:00,3150,15823,,2020-11-22T00:00:00Z,,,,354676,3005,145,4162656,2439928,,,,,,,,,,,55,4019,11392,2461617,40477,2461490,,7,89,e050a096adfa8fe0fbabd8b1e0b2289f7263de12,0,0,0,0,0,
20201121,WI,372219,21050,2073860,168,totalTestEncountersViral,4122179,2076,15734,441,1742,,,272180,11/21/2020 00:00,2020-11-21T00:00:00Z,11/20 19:00,3143,15734,,2020-11-21T00:00:00Z,,,,351169,3005,138,4122179,2425029,,,,,,,,,,,55,7029,11669,2446247,39436,2446079,,52,208,2de3f1826e1996ec152a917666f040e2b1bc48bc,0,0,0,0,0,
20201120,WI,365190,20245,2062191,168,totalTestEncountersViral,4082743,2076,15526,441,1729,,,266280,11/20/2020 00:00,2020-11-20T00:00:00Z,11/19 19:00,3091,15526,,2020-11-20T00:00:00Z,,,,344945,2954,137,4082743,2407136,,,,,,,,,,,55,7077,12665,2427549,50551,2427381,,81,190,d111d948f89143f0699dc3a8b75f9ca24d27c42b,0,0,0,0,0,
20201119,WI,358113,19641,2049526,150,totalTestEncountersViral,4032192,2104,15336,427,1715,,,259953,11/19/2020 00:00,2020-11-19T00:00:00Z,11/18 19:00,3010,15336,,2020-11-19T00:00:00Z,,,,338472,2876,134,4032192,2387998,,,,,,,,,,,55,7448,12585,2407789,45778,2407639,,85,236,1440932fb12e0cd11721d1e3c091553bb8789493,0,0,0,0,0,
20201118,WI,350665,18828,2036941,158,totalTestEncountersViral,3986414,2217,15100,428,1706,,,254365,11/18/2020 00:00,2020-11-18T00:00:00Z,11/17 19:00,2925,15100,,2020-11-18T00:00:00Z,,,,331837,2793,132,3986414,2368778,,,,,,,,,,,55,8510,12140,2387764,40138,2387606,,58,283,86e7bceabf3ec6abfb4daa43a71bfba647f184ba,0,0,0,0,0,
20201117,WI,342155,18307,2024801,167,totalTestEncountersViral,3946276,2278,14817,456,1688,,,248700,11/17/2020 00:00,2020-11-17T00:00:00Z,11/16 19:00,2867,14817,,2020-11-17T00:00:00Z,,,,323848,2741,126,3946276,2348649,,,,,,,,,,,55,7593,15653,2367123,52750,2366956,,103,318,8d8b6b3a42f60d0bdf546a2cc48b18a6a853a3e0,0,0,0,0,0,
20201116,WI,334562,17804,2009148,197,totalTestEncountersViral,3893526,2278,14499,456,1666,,,243841,11/16/2020 00:00,2020-11-16T00:00:00Z,11/15 19:00,2764,14499,,2020-11-16T00:00:00Z,,,,316758,2649,115,3893526,2325906,,,,,,,,,,,55,4638,7909,2343907,28350,2343710,,13,118,c6d58244c965cc1e3b807c18dd2b5c088b0a4e2d,0,0,0,0,0,
20201115,WI,329924,17555,2001239,197,totalTestEncountersViral,3865176,2097,14381,446,1665,,,240075,11/15/2020 00:00,2020-11-15T00:00:00Z,11/14 19:00,2751,14381,,2020-11-15T00:00:00Z,,,,312369,2637,114,3865176,2313608,,,,,,,,,,,55,6320,11919,2331360,42769,2331163,,12,155,2ea08d264137705e4a45c8fee8120a0bf7eb790a,0,0,0,0,0,
20201114,WI,323604,17293,1989320,186,totalTestEncountersViral,3822407,2034,14226,435,1652,,,235170,11/14/2020 00:00,2020-11-14T00:00:00Z,11/13 19:00,2739,14226,,2020-11-14T00:00:00Z,,,,306311,2625,114,3822407,2295631,,,,,,,,,,,55,5581,13808,2313110,54210,2312924,,56,181,ea2ffbbf0de0d296b4351328b4a0707e12051229,0,0,0,0,0,
20201113,WI,318023,16858,1975512,154,totalTestEncountersViral,3768197,2045,14045,435,1637,,,229469,11/13/2020 00:00,2020-11-13T00:00:00Z,11/12 19:00,2683,14045,,2020-11-13T00:00:00Z,,,,301165,2573,110,3768197,2276677,,,,,,,,,,,55,8451,10713,2293689,39614,2293535,,62,274,867fe58246b4b49198290fd2c557eeaf84dbcbd9,0,0,0,0,0,
20201112,WI,309572,16184,1964799,241,totalTestEncountersViral,3728583,2077,13771,424,1625,,,223937,11/12/2020 00:00,2020-11-12T00:00:00Z,11/11 19:00,2621,13771,,2020-11-12T00:00:00Z,,,,293388,2515,106,3728583,2258167,,,,,,,,,,,55,8223,14931,2274612,49459,2274371,,67,264,5604cd1aae3bf47d3e7053b40e1cee2eb239fad0,0,0,0,0,0,
20201111,WI,301349,15458,1949868,144,totalTestEncountersViral,3679124,2102,13507,441,1617,,,219304,11/11/2020 00:00,2020-11-11T00:00:00Z,11/10 19:00,2554,13507,,2020-11-11T00:00:00Z,,,,285891,2457,97,3679124,2235759,,,,,,,,,,,55,7537,10424,2251361,34257,2251217,,72,277,3f234172d402871c3caeffc850008a930003dff7,0,0,0,0,0,
20201110,WI,293812,14969,1939444,215,totalTestEncountersViral,3644867,2070,13230,418,1590,,,214469,11/10/2020 00:00,2020-11-10T00:00:00Z,11/09 19:00,2482,13230,,2020-11-10T00:00:00Z,,,,278843,2395,87,3644867,2218287,,,,,,,,,,,55,7432,12926,2233471,47573,2233256,,72,291,10167aac7562a763ddd817c90818d151f7c1db63,0,0,0,0,0,
20201109,WI,286380,14610,1926518,347,totalTestEncountersViral,3597294,2003,12939,396,1575,,,210318,11/9/2020 00:00,2020-11-09T00:00:00Z,11/08 19:00,2410,12939,,2020-11-09T00:00:00Z,,,,271770,2329,81,3597294,2198288,,,,,,,,,,,55,4470,9717,2213245,32557,2212898,,18,100,f5a9212f3a18ca3d6160277794261cdcaa6afd66,0,0,0,0,0,
20201108,WI,281910,14500,1916801,293,totalTestEncountersViral,3564737,1860,12839,397,1572,,,206944,11/8/2020 00:00,2020-11-08T00:00:00Z,11/07 19:00,2392,12839,,2020-11-08T00:00:00Z,,,,267410,2312,80,3564737,2184211,,,,,,,,,,,55,4407,8481,2199004,24662,2198711,,11,112,2d6efbd12e1c3f9a47017f4f46170270a17cb7c8,0,0,0,0,0,
20201107,WI,277503,14373,1908320,260,totalTestEncountersViral,3540075,1806,12727,373,1570,,,202879,11/7/2020 00:00,2020-11-07T00:00:00Z,11/06 19:00,2381,12727,,2020-11-07T00:00:00Z,,,,263130,2301,80,3540075,2171450,,,,,,,,,,,55,7521,11863,2186083,43054,2185823,,48,173,0d31322165059dca65a6bd18a08f90c802388c59,0,0,0,0,0,
20201106,WI,269982,13917,1896457,277,totalTestEncountersViral,3497021,1787,12554,385,1557,,,198090,11/6/2020 00:00,2020-11-06T00:00:00Z,11/05 19:00,2333,12554,,2020-11-06T00:00:00Z,,,,256065,2256,77,3497021,2152522,,,,,,,,,,,55,6411,14644,2166716,56991,2166439,,64,244,a5e0362261647e37fbf7b7e5bb79db95aca67f6e,0,0,0,0,0,
20201105,WI,263571,13647,1881813,299,totalTestEncountersViral,3440030,1774,12310,376,1542,,,193369,11/5/2020 00:00,2020-11-05T00:00:00Z,11/04 19:00,2269,12310,,2020-11-05T00:00:00Z,,,,249924,2194,75,3440030,2131737,,,,,,,,,,,55,6284,9518,2145683,31577,2145384,,40,223,a571942eea85a6d5e61a2d658cc0abe052e9d93a,0,0,0,0,0,
20201104,WI,257287,13285,1872295,278,totalTestEncountersViral,3408453,1747,12087,360,1530,,,189331,11/4/2020 00:00,2020-11-04T00:00:00Z,11/03 19:00,2229,12087,,2020-11-04T00:00:00Z,,,,244002,2156,73,3408453,2116297,,,,,,,,,,,55,6255,10333,2129860,31365,2129582,,58,243,12a0fe2972276b34c507e4b0cc399cc4a400e311,0,0,0,0,0,
20201103,WI,251032,12965,1861962,271,totalTestEncountersViral,3377088,1714,11844,347,1514,,,185241,11/3/2020 00:00,2020-11-03T00:00:00Z,11/02 19:00,2171,11844,,2020-11-03T00:00:00Z,,,,238067,2102,69,3377088,2100029,,,,,,,,,,,55,6104,15344,2113265,49173,2112994,,58,247,1d4996851b3b7c7479d18b09892b31949003a8a6,0,0,0,0,0,
20201102,WI,244928,12632,1846618,257,totalTestEncountersViral,3327915,1648,11597,352,1499,,,181845,11/2/2020 00:00,2020-11-02T00:00:00Z,11/01 19:00,2113,11597,,2020-11-02T00:00:00Z,,,,232296,2050,63,3327915,2078914,,,,,,,,,,,55,3505,5413,2091803,17559,2091546,,3,100,7d65cdb76ded9727127e04103ba66349cde86344,0,0,0,0,0,
20201101,WI,241423,12560,1841205,249,totalTestEncountersViral,3310356,1512,11497,343,1491,,,179230,11/1/2020 00:00,2020-11-01T00:00:00Z,10/31 20:00,2110,11497,,2020-11-01T00:00:00Z,,,,228863,2047,63,3310356,2070068,,,,,,,,,,,55,3553,14569,2082877,21236,2082628,,18,123,6573123e253ccb25bea92297b730ca2e50c547ed,0,0,0,0,0,
20201031,WI,237870,12500,1826636,247,totalTestEncountersViral,3289120,1502,11374,349,1479,,,175096,10/31/2020 00:00,2020-10-31T00:00:00Z,10/30 20:00,2092,11374,,2020-10-31T00:00:00Z,,,,225370,2031,61,3289120,2052006,,,,,,,,,,,55,5808,9575,2064753,53451,2064506,,63,229,ad43aad307b3a9f024401819b87b1876f57f6038,0,0,0,0,0,
20201030,WI,232062,11970,1817061,151,totalTestEncountersViral,3235669,1546,11145,350,1463,,,171252,10/30/2020 00:00,2020-10-30T00:00:00Z,10/29 20:00,2029,11145,,2020-10-30T00:00:00Z,,,,220092,1972,57,3235669,2037153,,,,,,,,,,,55,5357,13596,2049274,37568,2049123,,26,142,397d2dfd868ccd9c34d9408f102572f7bdc2cb22,0,0,0,0,0,
20201029,WI,226705,11709,1803465,169,totalTestEncountersViral,3198101,1453,11003,330,1465,,,168117,10/29/2020 00:00,2020-10-29T00:00:00Z,10/28 20:00,2003,11003,,2020-10-29T00:00:00Z,,,,214996,1948,55,3198101,2018461,,,,,,,,,,,55,5146,8304,2030339,37721,2030170,,60,193,9152c228c2359818a772e9d7855bcfef5b91477c,0,0,0,0,0,
20201028,WI,221559,11433,1795161,132,totalTestEncountersViral,3160380,1439,10810,339,1453,,,164726,10/28/2020 00:00,2020-10-28T00:00:00Z,10/27 20:00,1943,10810,,2020-10-28T00:00:00Z,,,,210126,1897,46,3160380,2005287,,,,,,,,,,,55,4130,6003,2016852,22005,2016720,,48,174,71cbfd15a37ec54bff066a4bb3a986912ec56a83,0,0,0,0,0,
20201027,WI,217429,11118,1789158,143,totalTestEncountersViral,3138375,1385,10636,339,1442,,,161260,10/27/2020 00:00,2020-10-27T00:00:00Z,10/26 20:00,1895,10636,,2020-10-27T00:00:00Z,,,,206311,1852,43,3138375,1995469,,,,,,,,,,,55,5501,11266,2006730,34693,2006587,,71,220,4e53fc96e9d2c83db8a0c539eb7c48886bb228ee,0,0,0,0,0,
20201026,WI,211928,10879,1777892,113,totalTestEncountersViral,3103682,1350,10416,329,1424,,,158158,10/26/2020 00:00,2020-10-26T00:00:00Z,10/25 20:00,1824,10416,,2020-10-26T00:00:00Z,,,,201049,1788,36,3103682,1978941,,,,,,,,,,,55,3011,9866,1989933,27878,1989820,,11,84,2484a6004d10ccf67e88a975beeec13595cb8b54,0,0,0,0,0,
20201025,WI,208917,10751,1768026,115,totalTestEncountersViral,3075804,1293,10332,320,1412,,,155814,10/25/2020 00:00,2020-10-25T00:00:00Z,10/24 20:00,1813,10332,,2020-10-25T00:00:00Z,,,,198166,1778,35,3075804,1966192,,,,,,,,,,,55,3778,10396,1977058,29127,1976943,,10,95,7c1b4217d2a050ccdae87acc736e70b4c83f124c,0,0,0,0,0,
20201024,WI,205139,10599,1757630,119,totalTestEncountersViral,3046677,1237,10237,276,1405,,,152928,10/24/2020 00:00,2020-10-24T00:00:00Z,10/23 20:00,1803,10237,,2020-10-24T00:00:00Z,,,,194540,1770,33,3046677,1952170,,,,,,,,,,,55,4673,13558,1962888,41161,1962769,,29,199,5fd29372da33c7d8507e7b5b20ce27ef766acade,0,0,0,0,0,
20201023,WI,200466,9988,1744072,180,totalTestEncountersViral,3005516,1245,10038,332,1396,,,149534,10/23/2020 00:00,2020-10-23T00:00:00Z,10/22 20:00,1774,10038,,2020-10-23T00:00:00Z,,,,190478,1745,29,3005516,1934550,,,,,,,,,,,55,4643,13426,1944718,40443,1944538,,49,183,5a9382e929f935d71a8dc5568faa6eede0640221,0,0,0,0,0,
20201022,WI,195823,9723,1730646,192,totalTestEncountersViral,2965073,1202,9855,324,1386,,,145509,10/22/2020 00:00,2020-10-22T00:00:00Z,10/21 20:00,1725,9855,,2020-10-22T00:00:00Z,,,,186100,1703,22,2965073,1916746,,,,,,,,,,,55,3632,12082,1926661,40867,1926469,,23,151,a5bce18deedbeab91d981b60bd9def9b6337e03b,0,0,0,0,0,
20201021,WI,192191,9504,1718564,209,totalTestEncountersViral,2924206,1190,9704,299,1371,,,142485,10/21/2020 00:00,2020-10-21T00:00:00Z,10/20 20:00,1702,9704,,2020-10-21T00:00:00Z,,,,182687,1681,21,2924206,1901251,,,,,,,,,,,55,4363,5681,1910964,13633,1910755,,50,167,ebcd1c39a7f567fafd5ecf3a81490d6c2326817b,0,0,0,0,0,
20201020,WI,187828,9346,1712883,223,totalTestEncountersViral,2910573,1192,9537,315,1354,,,139455,10/20/2020 00:00,2020-10-20T00:00:00Z,10/19 20:00,1652,9537,,2020-10-20T00:00:00Z,,,,178482,1633,19,2910573,1891365,,,,,,,,,,,55,4686,9070,1900934,15330,1900711,,35,218,6e38fd1e08b93282d8d0d7bdd59b1e334eb2e89a,0,0,0,0,0,
20201019,WI,183142,9251,1703813,201,totalTestEncountersViral,2895243,1172,9319,302,1340,,,136910,10/19/2020 00:00,2020-10-19T00:00:00Z,10/18 20:00,1617,9319,,2020-10-19T00:00:00Z,,,,173891,1600,17,2895243,1877704,,,,,,,,,,,55,7915,113244,1887156,20113,1886955,,29,292,c6dc890bbb8f23cfc942fa918544534aed540366,0,0,0,0,0,
20201018,WI,175227,9041,1590569,142,totalTestEncountersViral,2875130,1090,9027,284,1325,,,130231,10/18/2020 00:00,2020-10-18T00:00:00Z,10/17 20:00,1588,9027,,2020-10-18T00:00:00Z,,,,166186,1574,14,2875130,1756755,,,,,,,,,,,55,0,0,1765938,26894,1765796,,0,0,b1036c9bc005dc2fd0aa63818e38587c1dfa2410,0,0,0,0,0,
20201017,WI,175227,9041,1590569,176,totalTestEncountersViral,2848236,1068,9027,268,1325,,,130231,10/16/2020 00:00,2020-10-16T00:00:00Z,10/15 20:00,1588,9027,,2020-10-16T00:00:00Z,,,,166186,1574,14,2848236,1756755,,,,,,,,,,,55,0,0,1765972,32435,1765796,,0,0,6c82c2567155a9681cdf727f9162a9bc1d4d1c2c,0,0,0,0,0,
20201016,WI,175227,9041,1590569,206,totalTestEncountersViral,2815801,1101,9027,274,1325,,,130231,10/16/2020 00:00,2020-10-16T00:00:00Z,10/15 20:00,1588,9027,,2020-10-16T00:00:00Z,,,,166186,1574,14,2815801,1756755,,,,,,,,,,,55,4105,10725,1766002,35157,1765796,,23,135,10a97be6aab1faacebc76cdf481ebaeb840f8714,0,0,0,0,0,
20201015,WI,171122,8797,1579844,236,totalTestEncountersViral,2780644,1043,8892,264,1308,,,127576,10/15/2020 00:00,2020-10-15T00:00:00Z,10/14 20:00,1565,8892,,2020-10-15T00:00:00Z,,,,162325,1553,12,2780644,1742169,,,,,,,,,,,55,4040,11455,1751202,33859,1750966,,18,138,0bffc41762d77c87d0d49a9c686ddfb9f21875bd,0,0,0,0,0,
20201014,WI,167082,8504,1568389,213,totalTestEncountersViral,2746785,1017,8754,246,1304,,,125411,10/14/2020 00:00,2020-10-14T00:00:00Z,10/13 20:00,1547,8754,,2020-10-14T00:00:00Z,,,,158578,1536,11,2746785,1726967,,,,,,,,,,,55,3323,11435,1735684,27206,1735471,,29,153,c50f081753eaf97ccfb080a938b7f74c8ca7491c,0,0,0,0,0,
20201013,WI,163759,8288,1556954,239,totalTestEncountersViral,2719579,959,8601,243,1287,,,123196,10/13/2020 00:00,2020-10-13T00:00:00Z,10/12 20:00,1518,8601,,2020-10-13T00:00:00Z,,,,155471,1508,10,2719579,1712425,,,,,,,,,,,55,3428,11262,1720952,29967,1720713,,34,147,0aad262fa46bcb3345f01c4de48cfc61e18e6784,0,0,0,0,0,
20201012,WI,160331,8139,1545692,248,totalTestEncountersViral,2689612,950,8454,240,1277,,,121204,10/12/2020 00:00,2020-10-12T00:00:00Z,10/11 20:00,1484,8454,,2020-10-12T00:00:00Z,,,,152192,1474,10,2689612,1697884,,,,,,,,,,,55,2016,7815,1706271,24939,1706023,,9,56,4949aa425a7cb028b7bf1f1b31f7d1b8d05c8396,0,0,0,0,0,
20201011,WI,158315,8079,1537877,217,totalTestEncountersViral,2664673,872,8398,229,1271,,,119747,10/11/2020 00:00,2020-10-11T00:00:00Z,10/10 20:00,1475,8398,,2020-10-11T00:00:00Z,,,,150236,1465,10,2664673,1688113,,,,,,,,,,,55,2713,7571,1696409,28261,1696192,,7,79,475c20da6f494a801bdb1368ad27346b5a076be9,0,0,0,0,0,
20201010,WI,155602,8042,1530306,208,totalTestEncountersViral,2636412,870,8319,232,1270,,,117865,10/10/2020 00:00,2020-10-10T00:00:00Z,10/09 20:00,1468,8319,,2020-10-10T00:00:00Z,,,,147560,1458,10,2636412,1677866,,,,,,,,,,,55,2971,11644,1686116,32759,1685908,,17,120,afea661de0ddf46c94ea2a459f8b84d753e54f87,0,0,0,0,0,
20201009,WI,152631,7813,1518662,300,totalTestEncountersViral,2603653,876,8199,229,1261,,,115826,10/9/2020 00:00,2020-10-09T00:00:00Z,10/08 20:00,1451,8199,,2020-10-09T00:00:00Z,,,,144818,1440,11,2603653,1663480,,,,,,,,,,,55,3164,11834,1671593,34811,1671293,,16,138,2e4ba2c2895a16dd3e692c53c60db3640fb378c0,0,0,0,0,0,
20201008,WI,149467,7637,1506828,282,totalTestEncountersViral,2568842,907,8061,228,1253,,,113596,10/8/2020 00:00,2020-10-08T00:00:00Z,10/07 20:00,1435,8061,,2020-10-08T00:00:00Z,,,,141830,1424,11,2568842,1648658,,,,,,,,,,,55,3274,13524,1656577,30423,1656295,,9,110,be7cd6bf70e6198df7f6501be25825cf54d20f48,0,0,0,0,0,
20201007,WI,146193,7495,1493304,259,totalTestEncountersViral,2538419,873,7951,219,1233,,,111765,10/7/2020 00:00,2020-10-07T00:00:00Z,10/06 20:00,1426,7951,,2020-10-07T00:00:00Z,,,,138698,1415,11,2538419,1632002,,,,,,,,,,,55,2463,11188,1639756,27346,1639497,,16,141,593d8e8ba71ea555f0091bca78c528e68d2a1d35,0,0,0,0,0,
20201006,WI,143730,7351,1482116,262,totalTestEncountersViral,2511073,853,7810,261,1225,,,110110,10/6/2020 00:00,2020-10-06T00:00:00Z,10/05 20:00,1410,7810,,2020-10-06T00:00:00Z,,,,136379,1399,11,2511073,1618495,,,,,,,,,,,55,2075,9539,1626108,23124,1625846,,18,108,1bd6b480066e329474670d5f7a8446131fca2d86,0,0,0,0,0,
20201005,WI,141655,7296,1472577,204,totalTestEncountersViral,2487949,782,7702,209,1212,,,108371,10/5/2020 00:00,2020-10-05T00:00:00Z,10/04 20:00,1392,7702,,2020-10-05T00:00:00Z,,,,134359,1381,11,2487949,1606936,,,,,,,,,,,55,1727,6864,1614436,21775,1614232,,4,56,5ff4bf4219f392cdf8154ff880d736d0cf28bcce,0,0,0,0,0,
20201004,WI,139928,7265,1465713,188,totalTestEncountersViral,2466174,714,7646,194,1205,,,107004,10/4/2020 00:00,2020-10-04T00:00:00Z,10/03 20:00,1388,7646,,2020-10-04T00:00:00Z,,,,132663,1377,11,2466174,1598376,,,,,,,,,,,55,1926,8950,1605829,25865,1605641,,5,58,2d2aea0cd9489f825694fbb06efcc57538a745a5,0,0,0,0,0,
20201003,WI,138002,7204,1456763,176,totalTestEncountersViral,2440309,692,7588,200,1202,,,105373,10/3/2020 00:00,2020-10-03T00:00:00Z,10/02 20:00,1383,7588,,2020-10-03T00:00:00Z,,,,130798,1372,11,2440309,1587561,,,,,,,,,,,55,3054,11192,1594941,28475,1594765,,20,82,3050698c7807c18256290dc072cf83790a33ab40,0,0,0,0,0,
20201002,WI,134948,7042,1445571,192,totalTestEncountersViral,2411834,663,7506,181,1196,,,103530,10/2/2020 00:00,2020-10-02T00:00:00Z,10/01 20:00,1363,7506,,2020-10-02T00:00:00Z,,,,127906,1353,10,2411834,1573477,,,,,,,,,,,55,2825,10850,1580711,31882,1580519,,5,97,101a8e4bdf9044d99426c4d758de6455e3a25849,0,0,0,0,0,
20201001,WI,132123,6962,1434721,162,totalTestEncountersViral,2379952,669,7409,208,1187,,,101669,10/1/2020 00:00,2020-10-01T00:00:00Z,09/30 20:00,1358,7409,,2020-10-01T00:00:00Z,,,,125161,1348,10,2379952,1559882,,,,,,,,,,,55,3000,11474,1567006,32975,1566844,,21,109,d0bb48cda46a4339fea265cabc23deb263a380b7,0,0,0,0,0,
20200930,WI,129123,6849,1423247,190,totalTestEncountersViral,2346977,683,7300,198,1179,,,99925,9/30/2020 00:00,2020-09-30T00:00:00Z,09/29 20:00,1337,7300,,2020-09-30T00:00:00Z,,,,122274,1327,10,2346977,1545521,,,,,,,,,,,55,2459,9473,1552560,23113,1552370,,27,91,b1979ba4edb54a696a913b838bbad9c581cc0bff,0,0,0,0,0,
20200929,WI,126664,6709,1413774,208,totalTestEncountersViral,2323864,646,7209,205,1171,,,98385,9/29/2020 00:00,2020-09-29T00:00:00Z,09/28 20:00,1310,7209,,2020-09-29T00:00:00Z,,,,119955,1300,10,2323864,1533729,,,,,,,,,,,55,2447,8397,1540646,20928,1540438,,17,67,f2be5bc76a756ca495f661c83174921038964713,0,0,0,0,0,
20200928,WI,124217,6629,1405377,162,totalTestEncountersViral,2302936,640,7142,173,1162,,,96727,9/28/2020 00:00,2020-09-28T00:00:00Z,09/27 20:00,1293,7142,,2020-09-28T00:00:00Z,,,,117588,1283,10,2302936,1522965,,,,,,,,,,,55,1739,6159,1529756,23385,1529594,,2,47,0234d6ce5f34875ad2295690736a3285dab46a15,0,0,0,0,0,
20200927,WI,122478,6616,1399218,210,totalTestEncountersViral,2279551,571,7095,166,1156,,,95513,9/27/2020 00:00,2020-09-27T00:00:00Z,09/26 20:00,1291,7095,,2020-09-27T00:00:00Z,,,,115862,1281,10,2279551,1515080,,,,,,,,,,,55,2247,5806,1521906,28227,1521696,,0,54,f5202ee97dfcc35b475d0d9c7d39bd7747920540,0,0,0,0,0,
20200926,WI,120231,6586,1393412,211,totalTestEncountersViral,2251324,574,7041,161,1153,,,94094,9/26/2020 00:00,2020-09-26T00:00:00Z,09/25 20:00,1291,7041,,2020-09-26T00:00:00Z,,,,113645,1281,10,2251324,1507057,,,,,,,,,,,55,2902,9767,1513854,30429,1513643,,7,79,f9270c572c501a91125350dbc0ad5aa90df4ea2b,0,0,0,0,0,
20200925,WI,117329,6501,1383645,194,totalTestEncountersViral,2220895,543,6962,147,1150,,,92366,9/25/2020 00:00,2020-09-25T00:00:00Z,09/24 20:00,1284,6962,,2020-09-25T00:00:00Z,,,,110828,1274,10,2220895,1494473,,,,,,,,,,,55,2629,12575,1501168,28444,1500974,,9,65,e565df4b8aaec0f0245a0e85529668dcbf2df6ea,0,0,0,0,0,
20200924,WI,114700,6376,1371070,208,totalTestEncountersViral,2192451,530,6897,151,1006,,,90726,9/24/2020 00:00,2020-09-24T00:00:00Z,09/23 20:00,1275,6897,,2020-09-24T00:00:00Z,,,,108324,1265,10,2192451,1479394,,,,,,,,,,,55,2478,10887,1485978,31123,1485770,,7,76,ed4ef129e71e8dc9e82478d4e8179b6fc938d9d6,0,0,0,0,0,
20200923,WI,112222,6290,1360183,198,totalTestEncountersViral,2161328,509,6821,140,998,,,89393,9/23/2020 00:00,2020-09-23T00:00:00Z,09/22 20:00,1268,6821,,2020-09-23T00:00:00Z,,,,105932,1259,9,2161328,1466115,,,,,,,,,,,55,1895,11691,1472603,21641,1472405,,9,56,e4faf4ab4c9815bb5a2fd5ec59362574f216e1c6,0,0,0,0,0,
20200922,WI,110327,6157,1348492,190,totalTestEncountersViral,2139687,474,6765,134,991,,,88131,9/22/2020 00:00,2020-09-22T00:00:00Z,09/21 20:00,1259,6765,,2020-09-22T00:00:00Z,,,,104170,1251,8,2139687,1452662,,,,,,,,,,,55,1739,10865,1459009,18473,1458819,,7,73,13166ea45953eaa56f05d352a8a0929e9f148c69,0,0,0,0,0,
20200921,WI,108588,6090,1337627,153,totalTestEncountersViral,2121214,433,6692,131,1117,,,86822,9/21/2020 00:00,2020-09-21T00:00:00Z,09/20 20:00,1252,6692,,2020-09-21T00:00:00Z,,,,102498,1244,8,2121214,1440125,,,,,,,,,,,55,1296,5525,1446368,16994,1446215,,2,39,98acf67677d5cf1670be782c9f4236268d8d8afb,0,0,0,0,0,
20200920,WI,107292,6065,1332102,133,totalTestEncountersViral,2104220,407,6653,111,1115,,,85824,9/20/2020 00:00,2020-09-20T00:00:00Z,09/19 20:00,1250,6653,,2020-09-20T00:00:00Z,,,,101227,1242,8,2104220,1433329,,,,,,,,,,,55,1735,6655,1439527,19808,1439394,,1,34,51a6febc347ee772f39b80fb09e2a9d9f3f2bc3e,0,0,0,0,0,
20200919,WI,105557,5995,1325447,121,totalTestEncountersViral,2084412,362,6619,105,1112,,,84632,9/19/2020 00:00,2020-09-19T00:00:00Z,09/18 20:00,1249,6619,,2020-09-19T00:00:00Z,,,,99562,1241,8,2084412,1425009,,,,,,,,,,,55,2403,10189,1431125,27370,1431004,,3,50,98e36c815b803b272ea378c814a652523b546ccf,0,0,0,0,0,
20200918,WI,103154,5875,1315258,121,totalTestEncountersViral,2057042,342,6569,98,1110,,,83184,9/18/2020 00:00,2020-09-18T00:00:00Z,09/17 20:00,1246,6569,,2020-09-18T00:00:00Z,,,,97279,1238,8,2057042,1412537,,,,,,,,,,,55,2580,10534,1418533,27446,1418412,,7,47,5843334bb0d02a0f48bbe3fe081a5a7063298cb3,0,0,0,0,0,
20200917,WI,100574,5828,1304724,148,totalTestEncountersViral,2029596,347,6522,103,1105,,,81902,9/17/2020 00:00,2020-09-17T00:00:00Z,09/16 20:00,1239,6522,,2020-09-17T00:00:00Z,,,,94746,1231,8,2029596,1399470,,,,,,,,,,,55,2134,9411,1405446,28480,1405298,,2,68,0f0fd0a37ae721b8aa4a796b47489ce4b02a9bb4,0,0,0,0,0,
20200916,WI,98440,5728,1295313,175,totalTestEncountersViral,2001116,370,6454,103,1098,,,80627,9/16/2020 00:00,2020-09-16T00:00:00Z,09/15 20:00,1237,6454,,2020-09-16T00:00:00Z,,,,92712,1228,9,2001116,1388025,,,,,,,,,,,55,1502,10788,1393928,18792,1393753,,8,48,d01fd55b5edeb30c37ec8a01689ca7e0d8e68889,0,0,0,0,0,
20200915,WI,96938,5634,1284525,154,totalTestEncountersViral,1982324,343,6406,95,1090,,,79557,9/15/2020 00:00,2020-09-15T00:00:00Z,09/14 20:00,1229,6406,,2020-09-15T00:00:00Z,,,,91304,1220,9,1982324,1375829,,,,,,,,,,,55,1441,10918,1381617,15529,1381463,,11,56,1fed7e087b52ddcb3a37fb35bc84215325e9b3cd,0,0,0,0,0,
20200914,WI,95497,5541,1273607,163,totalTestEncountersViral,1966795,341,6350,98,1083,,,78527,9/14/2020 00:00,2020-09-14T00:00:00Z,09/13 20:00,1218,6350,,2020-09-14T00:00:00Z,,,,89956,1210,8,1966795,1363563,,,,,,,,,,,55,818,3149,1369267,12435,1369104,,0,18,e9ebbd178aa6a1092c33bbd98d68b6164440c5b2,0,0,0,0,0,
20200913,WI,94679,5494,1270458,158,totalTestEncountersViral,1954360,313,6332,93,1080,,,77750,9/13/2020 00:00,2020-09-13T00:00:00Z,09/12 20:00,1218,6332,,2020-09-13T00:00:00Z,,,,89185,1210,8,1954360,1359643,,,,,,,,,,,55,1624,6153,1365295,18857,1365137,,1,23,1dbb567644772e2e91754a2b9f02a577080f1cc4,0,0,0,0,0,
20200912,WI,93055,5452,1264305,144,totalTestEncountersViral,1935503,319,6309,94,1078,,,76909,9/12/2020 00:00,2020-09-12T00:00:00Z,09/11 20:00,1217,6309,,2020-09-12T00:00:00Z,,,,87603,1209,8,1935503,1351908,,,,,,,,,,,55,1430,10271,1357504,17507,1357360,,12,46,dcb1cfdce26ef88496de443b789471e370825915,0,0,0,0,0,
20200911,WI,91625,5375,1254034,144,totalTestEncountersViral,1917996,326,6263,97,1074,,,75878,9/11/2020 00:00,2020-09-11T00:00:00Z,09/10 20:00,1205,6263,,2020-09-11T00:00:00Z,,,,86250,1197,8,1917996,1340284,,,,,,,,,,,55,1443,8586,1345803,19759,1345659,,4,41,d8a9a06367758b7031368a524cb184a155d470b9,0,0,0,0,0,
20200910,WI,90182,5301,1245448,142,totalTestEncountersViral,1898237,304,6222,93,1068,,,74834,9/10/2020 00:00,2020-09-10T00:00:00Z,09/09 20:00,1201,6222,,2020-09-10T00:00:00Z,,,,84881,1193,8,1898237,1330329,,,,,,,,,,,55,1592,7275,1335772,23621,1335630,,10,49,c2d2e264c4d877557296021451fe879897736c82,0,0,0,0,0,
20200909,WI,88590,5256,1238173,66,totalTestEncountersViral,1874616,302,6173,86,1058,,,73964,9/9/2020 00:00,2020-09-09T00:00:00Z,09/08 20:00,1191,6173,,2020-09-09T00:00:00Z,,,,83334,1183,8,1874616,1321507,,,,,,,,,,,55,913,8014,1326829,9740,1326763,,15,55,d71a37f8f0196e6df81375f380bcca1b70f82dad,0,0,0,0,0,
20200908,WI,87677,5200,1230159,138,totalTestEncountersViral,1864876,297,6118,88,1052,,,73122,9/8/2020 00:00,2020-09-08T00:00:00Z,09/07 20:00,1176,6118,,2020-09-08T00:00:00Z,,,,82477,1168,8,1864876,1312636,,,,,,,,,,,55,749,3366,1317974,11140,1317836,,0,29,f21a5cd60a2d3d9a111535b509be3c9c43fa8374,0,0,0,0,0,
20200907,WI,86928,5168,1226793,118,totalTestEncountersViral,1853736,289,6089,91,1052,,,72478,9/7/2020 00:00,2020-09-07T00:00:00Z,09/06 20:00,1176,6089,,2020-09-07T00:00:00Z,,,,81760,1168,8,1853736,1308553,,,,,,,,,,,55,575,4899,1313839,11939,1313721,,0,19,033e64efe5d5290531b3af2bbc299981e525da23,0,0,0,0,0,
20200906,WI,86353,5160,1221894,118,totalTestEncountersViral,1841797,286,6070,96,1050,,,71906,9/6/2020 00:00,2020-09-06T00:00:00Z,09/05 20:00,1176,6070,,2020-09-06T00:00:00Z,,,,81193,1168,8,1841797,1303087,,,,,,,,,,,55,890,4616,1308365,14596,1308247,,0,22,0ae63a0f7e7eb5992b42e273317ef5b81460adeb,0,0,0,0,0,
20200905,WI,85463,5163,1217278,118,totalTestEncountersViral,1827201,275,6048,95,1047,,,71153,9/5/2020 00:00,2020-09-05T00:00:00Z,09/04 20:00,1176,6048,,2020-09-05T00:00:00Z,,,,80300,1168,8,1827201,1297578,,,,,,,,,,,55,999,7075,1302859,19570,1302741,,15,50,cd06b45b3be67ca5ffa0b8668c35eb53a5933cb0,0,0,0,0,0,
20200904,WI,84464,5110,1210203,130,totalTestEncountersViral,1807631,302,5998,116,1043,,,70229,9/4/2020 00:00,2020-09-04T00:00:00Z,09/03 20:00,1161,5998,,2020-09-04T00:00:00Z,,,,79354,1153,8,1807631,1289557,,,,,,,,,,,55,1542,10204,1294797,21487,1294667,,7,52,9a8eb8258578406c957986b8e5a8010f9f253ea9,0,0,0,0,0,
20200903,WI,82922,5066,1199999,150,totalTestEncountersViral,1786144,293,5946,104,1036,,,69299,9/3/2020 00:00,2020-09-03T00:00:00Z,09/02 20:00,1154,5946,,2020-09-03T00:00:00Z,,,,77856,1146,8,1786144,1277855,,,,,,,,,,,55,740,8451,1283071,15598,1282921,,4,30,e3df47333bada8855546111601f586d1ac045b84,0,0,0,0,0,
20200902,WI,82182,5053,1191548,150,totalTestEncountersViral,1770546,287,5916,91,1030,,,68641,9/2/2020 00:00,2020-09-02T00:00:00Z,09/01 20:00,1150,5916,,2020-09-02T00:00:00Z,,,,77129,1142,8,1770546,1268677,,,,,,,,,,,55,578,7831,1273880,17412,1273730,,11,38,530e44249225a9d7a254bf3639deb36ea2528b5e,0,0,0,0,0,
20200901,WI,81604,5020,1183717,167,totalTestEncountersViral,1753134,295,5878,100,1026,,,67902,9/1/2020 00:00,2020-09-01T00:00:00Z,08/31 20:00,1139,5878,,2020-09-01T00:00:00Z,,,,76584,1130,9,1753134,1260301,,,,,,,,,,,55,1036,10863,1265488,13321,1265321,,9,61,040e7194b828dd8718300cb78038c4cc5710b834,0,0,0,0,0,
20200831,WI,80568,4965,1172854,157,totalTestEncountersViral,1739813,290,5817,96,1020,,,67234,8/31/2020 00:00,2020-08-31T00:00:00Z,08/30 20:00,1130,5817,,2020-08-31T00:00:00Z,,,,75603,1122,8,1739813,1248457,,,,,,,,,,,55,268,3552,1253579,11302,1253422,,0,13,009e8dc2ac4d940c72076f1cac9496643912543e,0,0,0,0,0,
20200830,WI,80300,4963,1169302,157,totalTestEncountersViral,1728511,287,5804,104,1020,,,66699,8/30/2020 00:00,2020-08-30T00:00:00Z,08/29 20:00,1130,5804,,2020-08-30T00:00:00Z,,,,75337,1122,8,1728511,1244639,,,,,,,,,,,55,570,4562,1249759,13218,1249602,,3,29,a34dca1f1ef74c94c27343e7365a54804e6635d1,0,0,0,0,0,
20200829,WI,79730,4930,1164740,116,totalTestEncountersViral,1715293,268,5775,90,1017,,,66075,8/29/2020 00:00,2020-08-29T00:00:00Z,08/28 20:00,1127,5775,,2020-08-29T00:00:00Z,,,,74800,1119,8,1715293,1239540,,,,,,,,,,,55,862,7933,1244586,15862,1244470,,6,39,49c3d76f5399a40d5be76d59d537cbe0d69ed4c8,0,0,0,0,0,
20200828,WI,78868,4887,1156807,116,totalTestEncountersViral,1699431,309,5736,103,1010,,,65265,8/28/2020 00:00,2020-08-28T00:00:00Z,08/27 20:00,1121,5736,,2020-08-28T00:00:00Z,,,,73981,1113,8,1699431,1230788,,,,,,,,,,,55,864,8313,1235791,24357,1235675,,2,52,b5d605087a519e4bbf851a499be8c481522fa1bb,0,0,0,0,0,
20200827,WI,78004,4866,1148494,124,totalTestEncountersViral,1675074,291,5684,96,1004,,,64480,8/27/2020 00:00,2020-08-27T00:00:00Z,08/26 20:00,1119,5684,,2020-08-27T00:00:00Z,,,,73138,1111,8,1675074,1221632,,,,,,,,,,,55,912,9913,1226622,17578,1226498,,11,33,9013966c7876de3ecd8bece5c5d0a851ea23618e,0,0,0,0,0,
20200826,WI,77092,4832,1138581,182,totalTestEncountersViral,1657496,344,5651,107,996,,,63730,8/26/2020 00:00,2020-08-26T00:00:00Z,08/25 20:00,1108,5651,,2020-08-26T00:00:00Z,,,,72260,1100,8,1657496,1210841,,,,,,,,,,,55,786,9610,1215855,17840,1215673,,6,41,a27ddfe4713c39ef566ecd153bea109415647eb7,0,0,0,0,0,
20200825,WI,76306,4814,1128971,133,totalTestEncountersViral,1639656,354,5610,133,996,,,62995,8/25/2020 00:00,2020-08-25T00:00:00Z,08/24 20:00,1102,5610,,2020-08-25T00:00:00Z,,,,71492,1094,8,1639656,1200463,,,,,,,,,,,55,687,9349,1205410,9892,1205277,,13,37,867d487d79b254b61d4a256b4e2a31e3088b05a6,0,0,0,0,0,
20200824,WI,75619,4765,1119622,180,totalTestEncountersViral,1629764,337,5573,121,991,,,62310,8/24/2020 00:00,2020-08-24T00:00:00Z,08/23 20:00,1089,5573,,2020-08-24T00:00:00Z,,,,70854,1081,8,1629764,1190476,,,,,,,,,,,55,414,4473,1195421,13463,1195241,,0,15,18140d6be2cc9b631f7978b6b688c556d1ba74f2,0,0,0,0,0,
20200823,WI,75205,4743,1115149,171,totalTestEncountersViral,1616301,321,5558,106,990,,,61720,8/23/2020 00:00,2020-08-23T00:00:00Z,08/22 20:00,1089,5558,,2020-08-23T00:00:00Z,,,,70462,1081,8,1616301,1185611,,,,,,,,,,,55,479,4361,1190525,10977,1190354,,0,13,2a3d64436d757b7dbc3e3e3b11a754672cf63a82,0,0,0,0,0,
20200822,WI,74726,4717,1110788,190,totalTestEncountersViral,1605324,333,5545,108,986,,,60933,8/22/2020 00:00,2020-08-22T00:00:00Z,08/21 20:00,1089,5545,,2020-08-22T00:00:00Z,,,,70009,1081,8,1605324,1180797,,,,,,,,,,,55,975,7750,1185704,16237,1185514,,14,40,9b0556dbd2b664099a7634cf1c044b44ba3b7f1c,0,0,0,0,0,
20200821,WI,73751,4692,1103038,190,totalTestEncountersViral,1589087,350,5505,119,982,,,60055,8/21/2020 00:00,2020-08-21T00:00:00Z,08/20 20:00,1075,5505,,2020-08-21T00:00:00Z,,,,69059,1068,7,1589087,1172097,,,,,,,,,,,55,848,9744,1176979,17733,1176789,,1,36,bb6ed51c22f7d6a91c48a5fd5370c4897332cf32,0,0,0,0,0,
20200820,WI,72903,4670,1093294,172,totalTestEncountersViral,1571354,367,5469,120,978,,,59076,8/20/2020 00:00,2020-08-20T00:00:00Z,08/19 20:00,1074,5469,,2020-08-20T00:00:00Z,,,,68233,1067,7,1571354,1161527,,,,,,,,,,,55,769,9131,1166369,20737,1166197,,7,39,94f90a2a67eadf35798f26be3051a0fbcfed1a49,0,0,0,0,0,
20200819,WI,72134,4641,1084163,166,totalTestEncountersViral,1550617,388,5430,121,975,,,58244,8/19/2020 00:00,2020-08-19T00:00:00Z,08/18 20:00,1067,5430,,2020-08-19T00:00:00Z,,,,67493,1060,7,1550617,1151656,,,,,,,,,,,55,710,8766,1156463,16846,1156297,,8,50,215bcca4cee1ec3a9eb76d6682d2fc427acc1041,0,0,0,0,0,
20200818,WI,71424,4594,1075397,185,totalTestEncountersViral,1533771,380,5380,109,964,,,57382,8/18/2020 00:00,2020-08-18T00:00:00Z,08/17 20:00,1059,5380,,2020-08-18T00:00:00Z,,,,66830,1052,7,1533771,1142227,,,,,,,,,,,55,709,9357,1147006,9880,1146821,,13,53,1b52ba9880eb4fc0a51f4dc2f191ad75ba466018,0,0,0,0,0,
20200817,WI,70715,4519,1066040,172,totalTestEncountersViral,1523891,365,5327,124,961,,,56602,8/17/2020 00:00,2020-08-17T00:00:00Z,08/16 20:00,1046,5327,,2020-08-17T00:00:00Z,,,,66196,1039,7,1523891,1132236,,,,,,,,,,,55,469,5507,1136927,10852,1136755,,0,23,158e37550875d0b8c5ce8b67954ce9d058a3837f,0,0,0,0,0,
20200816,WI,70246,4505,1060533,152,totalTestEncountersViral,1513039,347,5304,105,957,,,55982,8/16/2020 00:00,2020-08-16T00:00:00Z,08/15 20:00,1046,5304,,2020-08-16T00:00:00Z,,,,65741,1039,7,1513039,1126274,,,,,,,,,,,55,699,5414,1130931,13392,1130779,,1,29,d9642fd54080446d9ab3509df0eaacd5c516ea91,0,0,0,0,0,
20200815,WI,69547,4491,1055119,239,totalTestEncountersViral,1499647,337,5275,96,954,,,55172,8/15/2020 00:00,2020-08-15T00:00:00Z,08/14 20:00,1045,5275,,2020-08-15T00:00:00Z,,,,65056,1038,7,1499647,1120175,,,,,,,,,,,55,866,10506,1124905,19531,1124666,,13,40,83a24d5c1699d5d0d8623f31bd52b093c417aff8,0,0,0,0,0,
20200814,WI,68681,4454,1044613,239,totalTestEncountersViral,1480116,336,5235,110,951,,,54181,8/14/2020 00:00,2020-08-14T00:00:00Z,08/13 20:00,1032,5235,,2020-08-14T00:00:00Z,,,,64227,1025,7,1480116,1108840,,,,,,,,,,,55,1059,9418,1113533,20179,1113294,,7,65,02f112eb5837ee54047a58c0fd426f93689c7405,0,0,0,0,0,
20200813,WI,67622,4416,1035195,221,totalTestEncountersViral,1459937,354,5170,109,942,,,53239,8/13/2020 00:00,2020-08-13T00:00:00Z,08/12 20:00,1025,5170,,2020-08-13T00:00:00Z,,,,63206,1018,7,1459937,1098401,,,,,,,,,,,55,968,11472,1103038,19647,1102817,,7,45,f9b3130c524e163c3f743de2da473a823493a9d6,0,0,0,0,0,
20200812,WI,66654,4391,1023723,221,totalTestEncountersViral,1440290,387,5125,113,941,,,52350,8/12/2020 00:00,2020-08-12T00:00:00Z,08/11 20:00,1018,5125,,2020-08-12T00:00:00Z,,,,62263,1011,7,1440290,1085986,,,,,,,,,,,55,531,9446,1090598,16220,1090377,,5,33,7eb3df651547174b39d272890239c75ce4548ee8,0,0,0,0,0,
20200811,WI,66123,4338,1014277,221,totalTestEncountersViral,1424070,364,5092,111,939,,,51456,8/11/2020 00:00,2020-08-11T00:00:00Z,08/10 20:00,1013,5092,,2020-08-11T00:00:00Z,,,,61785,1006,7,1424070,1076062,,,,,,,,,,,55,767,12875,1080621,10532,1080400,,8,61,aa881fc298d57c07d2f48e0b725b1eb501bb6cf8,0,0,0,0,0,
20200810,WI,65356,4295,1001402,207,totalTestEncountersViral,1413538,414,5031,119,938,,,50662,8/10/2020 00:00,2020-08-10T00:00:00Z,08/09 20:00,1005,5031,,2020-08-10T00:00:00Z,,,,61061,998,7,1413538,1062463,,,,,,,,,,,55,521,7660,1066965,12367,1066758,,0,31,714b5f5d066bc43167566d94298432eb2d34d51c,0,0,0,0,0,
20200809,WI,64835,4281,993742,153,totalTestEncountersViral,1401171,352,5000,98,938,,,50028,8/9/2020 00:00,2020-08-09T00:00:00Z,08/08 20:00,1005,5000,,2020-08-09T00:00:00Z,,,,60554,998,7,1401171,1054296,,,,,,,,,,,55,622,6797,1058730,13943,1058577,,2,20,1334f449fdd43ca5401a1fd2e298e5d25a81389b,0,0,0,0,0,
20200808,WI,64213,4280,986945,152,totalTestEncountersViral,1387228,338,4980,104,937,,,49283,8/8/2020 00:00,2020-08-08T00:00:00Z,08/07 20:00,1003,4980,,2020-08-08T00:00:00Z,,,,59933,996,7,1387228,1046878,,,,,,,,,,,55,1185,11997,1051310,17797,1051158,,6,50,b34e99cadd9a8c554f69a8856a03bbc198e04450,0,0,0,0,0,
20200807,WI,63028,4260,974948,118,totalTestEncountersViral,1369431,350,4930,121,931,,,48244,8/7/2020 00:00,2020-08-07T00:00:00Z,08/06 20:00,997,4930,,2020-08-07T00:00:00Z,,,,58768,990,7,1369431,1033716,,,,,,,,,,,55,1043,13097,1038094,21150,1037976,,12,49,5c299bb5d3a7cf8e5ef238c7d55532f82b28963c,0,0,0,0,0,
20200806,WI,61985,4206,961851,92,totalTestEncountersViral,1348281,330,4881,121,927,,,47221,8/6/2020 00:00,2020-08-06T00:00:00Z,08/05 20:00,985,4881,,2020-08-06T00:00:00Z,,,,57779,978,7,1348281,1019630,,,,,,,,,,,55,875,16867,1023928,21856,1023836,,8,55,d8f1021cd57577ac8ddcd82f12fa301d7ad4b4e7,0,0,0,0,0,
20200805,WI,61110,4170,944984,116,totalTestEncountersViral,1326425,330,4826,112,919,,,46323,8/5/2020 00:00,2020-08-05T00:00:00Z,08/04 20:00,977,4826,,2020-08-05T00:00:00Z,,,,56940,970,7,1326425,1001924,,,,,,,,,,,55,939,16139,1006210,19353,1006094,,9,43,7cf022405b4c1b2fcfb431ff4395f8b77e70ce0e,0,0,0,0,0,
20200804,WI,60171,4115,928845,108,totalTestEncountersViral,1307072,327,4783,110,916,,,45368,8/4/2020 00:00,2020-08-04T00:00:00Z,08/03 20:00,968,4783,,2020-08-04T00:00:00Z,,,,56056,961,7,1307072,984901,,,,,,,,,,,55,770,17410,989124,13059,989016,,12,51,ed5c925eb65bffb58f90ef6e83aec2ef04138d44,0,0,0,0,0,
20200803,WI,59401,4073,911435,105,totalTestEncountersViral,1294013,345,4732,120,910,,,44495,8/3/2020 00:00,2020-08-03T00:00:00Z,08/02 20:00,956,4732,,2020-08-03T00:00:00Z,,,,55328,949,7,1294013,966763,,,,,,,,,,,55,411,6769,970941,12991,970836,,1,15,2dd08c14190a623f733a8bd4b44d77933bba6f31,0,0,0,0,0,
20200802,WI,58990,4066,904666,122,totalTestEncountersViral,1281022,354,4717,110,910,,,43964,8/2/2020 00:00,2020-08-02T00:00:00Z,08/01 20:00,955,4717,,2020-08-02T00:00:00Z,,,,54924,948,7,1281022,959590,,,,,,,,,,,55,932,8721,963778,15299,963656,,1,36,d7c7a00d7606f744cba1407c8dc6718702540c41,0,0,0,0,0,
20200801,WI,58058,4056,895945,157,totalTestEncountersViral,1265723,337,4681,110,904,,,43284,8/1/2020 00:00,2020-08-01T00:00:00Z,07/31 20:00,954,4681,,2020-08-01T00:00:00Z,,,,54002,947,7,1265723,949947,,,,,,,,,,,55,1124,13796,954160,18715,954003,,13,44,2b5df73366e12a86017d27b9bfc8400ac694beca,0,0,0,0,0,
20200731,WI,56934,3994,882149,132,totalTestEncountersViral,1247008,308,4637,108,900,,,42317,7/31/2020 00:00,2020-07-31T00:00:00Z,07/30 20:00,941,4637,,2020-07-31T00:00:00Z,,,,52940,934,7,1247008,935089,,,,,,,,,,,55,855,14547,939215,20018,939083,,15,47,163128c36b49ed28c8c7605b391cbfa7bcba4871,0,0,0,0,0,
20200730,WI,56079,3971,867602,122,totalTestEncountersViral,1226990,341,4590,111,893,,,41319,7/30/2020 00:00,2020-07-30T00:00:00Z,07/29 20:00,926,4590,,2020-07-30T00:00:00Z,,,,52108,919,7,1226990,919710,,,,,,,,,,,55,1091,16211,923803,24201,923681,,8,51,a6977ac5b8c7f054eb7b9cc6dee249a61f76b3e3,0,0,0,0,0,
20200729,WI,54988,3939,851391,107,totalTestEncountersViral,1202789,271,4539,86,886,,,40416,7/29/2020 00:00,2020-07-29T00:00:00Z,07/28 20:00,918,4539,,2020-07-29T00:00:00Z,,,,51049,911,7,1202789,902440,,,,,,,,,,,55,924,13824,906486,21024,906379,,5,46,89dee7007c0e61b62e2bd625af7c684ad2153145,0,0,0,0,0,
20200728,WI,54064,3885,837567,110,totalTestEncountersViral,1181765,246,4493,86,880,,,39513,7/28/2020 00:00,2020-07-28T00:00:00Z,07/27 20:00,913,4493,,2020-07-28T00:00:00Z,,,,50179,906,7,1181765,887746,,,,,,,,,,,55,783,13662,891741,12190,891631,,13,73,b42076bf524ddb826eb6bdf29840d375f06e33e8,0,0,0,0,0,
20200727,WI,53281,3864,823905,104,totalTestEncountersViral,1169575,250,4420,85,872,,,38633,7/27/2020 00:00,2020-07-27T00:00:00Z,07/26 20:00,900,4420,,2020-07-27T00:00:00Z,,,,49417,893,7,1169575,873322,,,,,,,,,,,55,601,6356,877290,14956,877186,,1,26,c52f1d533f5215bdd860bf40db23e9d04b933008,0,0,0,0,0,
20200726,WI,52680,3853,817549,77,totalTestEncountersViral,1154619,165,4394,64,870,,,37971,7/26/2020 00:00,2020-07-26T00:00:00Z,07/25 20:00,899,4394,,2020-07-26T00:00:00Z,,,,48827,892,7,1154619,866376,,,,,,,,,,,55,965,9021,870306,16452,870229,,1,26,18f35f3264beb42217bbb5f58f2389e8fae916ab,0,0,0,0,0,
20200725,WI,51715,3845,808528,91,totalTestEncountersViral,1138167,209,4368,75,868,,,37287,7/25/2020 00:00,2020-07-25T00:00:00Z,07/24 20:00,898,4368,,2020-07-25T00:00:00Z,,,,47870,891,7,1138167,856398,,,,,,,,,,,55,988,13248,860334,19979,860243,,13,41,b2dc5f790686f68b76bc225bfbee8318df5c5a03,0,0,0,0,0,
20200724,WI,50727,3810,795280,177,totalTestEncountersViral,1118188,312,4327,60,861,,,36333,7/24/2020 00:00,2020-07-24T00:00:00Z,07/23 20:00,885,4327,,2020-07-24T00:00:00Z,,,,46917,878,7,1118188,842197,,,,,,,,,,,55,1058,16438,846184,23660,846007,,0,54,32284c229b8a02cf1ee4e2049b48aef12ddd4404,0,0,0,0,0,
20200723,WI,49669,3770,778842,82,totalTestEncountersViral,1094528,187,4273,51,857,,,35502,7/23/2020 16:00,2020-07-23T16:00:00Z,07/23 12:00,885,4273,,2020-07-23T16:00:00Z,,,,45899,878,7,1094528,824741,,,,,,,,,,,55,1086,14212,828593,20183,828511,,13,48,44728d9d19d3d525fded4c73efd6ed4dae0da0cf,0,0,0,0,0,
20200722,WI,48583,3736,764630,51,totalTestEncountersViral,1074345,167,4225,63,848,,,34682,7/22/2020 16:00,2020-07-22T16:00:00Z,07/22 12:00,872,4225,,2020-07-22T16:00:00Z,,,,44847,865,7,1074345,809477,,,,,,,,,,,55,747,14068,813264,21969,813213,,6,31,7997e8e6e4acbe9ade15d348842923f97796e378,0,0,0,0,0,
20200721,WI,47836,3701,750562,190,totalTestEncountersViral,1052376,354,4194,101,838,,,33902,7/21/2020 16:00,2020-07-21T16:00:00Z,07/21 12:00,866,4194,,2020-07-21T16:00:00Z,,,,44135,859,7,1052376,794697,,,,,,,,,,,55,1161,13371,798588,17640,798398,,13,65,3c9cb7ba41a25b1ce8b2308260c3865bcf62786e,0,0,0,0,0,
20200720,WI,46675,3657,737191,146,totalTestEncountersViral,1034736,367,4129,110,829,,,33130,7/20/2020 16:00,2020-07-20T16:00:00Z,07/20 12:00,853,4129,,2020-07-20T16:00:00Z,,,,43018,846,7,1034736,780209,,,,,,,,,,,55,727,6289,784012,16414,783866,,2,22,72d0f8c860ba8a8dc72db707d868a5f9a62a0639,0,0,0,0,0,
20200719,WI,45948,3633,730902,139,totalTestEncountersViral,1018322,339,4107,99,826,,,32628,7/19/2020 16:00,2020-07-19T16:00:00Z,07/19 12:00,851,4107,,2020-07-19T16:00:00Z,,,,42315,844,7,1018322,773217,,,,,,,,,,,55,849,7259,776989,19944,776850,,1,25,4c27e0fc40f0841b89efe3013332792284491f70,0,0,0,0,0,
20200718,WI,45099,3614,723643,159,totalTestEncountersViral,998378,315,4082,90,823,,,32004,7/18/2020 16:00,2020-07-18T16:00:00Z,07/18 12:00,850,4082,,2020-07-18T16:00:00Z,,,,41485,843,7,998378,765128,,,,,,,,,,,55,1031,11446,768901,22253,768742,,10,51,c2811d2a997cd14b6f31b86b73714267c92f11de,0,0,0,0,0,
20200717,WI,44068,3561,712197,170,totalTestEncountersViral,976125,331,4031,96,816,,,31258,7/17/2020 16:00,2020-07-17T16:00:00Z,07/17 12:00,840,4031,,2020-07-17T16:00:00Z,,,,40507,833,7,976125,752704,,,,,,,,,,,55,929,12527,756435,22748,756265,,2,63,3b9b7eef4eb4174cd22c11a13652dd02e1f4600b,0,0,0,0,0,
20200716,WI,43139,3512,699670,154,totalTestEncountersViral,953377,308,3968,88,811,,,30555,7/16/2020 16:00,2020-07-16T16:00:00Z,07/16 12:00,838,3968,,2020-07-16T16:00:00Z,,,,39627,831,7,953377,739297,,,,,,,,,,,55,942,13371,742963,19765,742809,,4,45,658f5621ef950985b96f8e2f3511b94f522044a8,0,0,0,0,0,
20200715,WI,42197,3470,686299,177,totalTestEncountersViral,933612,295,3923,88,810,,,29923,7/15/2020 16:00,2020-07-15T16:00:00Z,07/15 12:00,834,3923,,2020-07-15T16:00:00Z,,,,38727,827,7,933612,725026,,,,,,,,,,,55,848,13104,728673,20310,728496,,1,31,85cfc42204c00347bc3ceb492e39aeeb7eb04433,0,0,0,0,0,
20200714,WI,41349,3443,673195,147,totalTestEncountersViral,913302,293,3892,83,804,,,29275,7/14/2020 16:00,2020-07-14T16:00:00Z,07/14 12:00,833,3892,,2020-07-14T16:00:00Z,,,,37906,826,7,913302,711101,,,,,,,,,,,55,967,13716,714691,16257,714544,,6,42,0bfaf96f5088c887df22c74f08345cb6de2a6e52,0,0,0,0,0,
20200713,WI,40382,3440,659479,143,totalTestEncountersViral,897045,283,3850,85,800,,,28670,7/13/2020 16:00,2020-07-13T16:00:00Z,07/13 12:00,827,3850,,2020-07-13T16:00:00Z,,,,36942,820,7,897045,696421,,,,,,,,,,,55,505,6127,700004,14404,699861,,0,26,37a78594985500c79dac0cb933b6e64279495467,0,0,0,0,0,
20200712,WI,39877,3429,653352,148,totalTestEncountersViral,882641,264,3824,74,800,,,28318,7/12/2020 16:00,2020-07-12T16:00:00Z,07/12 12:00,827,3824,,2020-07-12T16:00:00Z,,,,36448,820,7,882641,689800,,,,,,,,,,,55,797,6848,693377,17158,693229,,-1,27,2909f29b5d3f7864f5955c2cc14109e55f56492c,0,0,0,0,0,
20200711,WI,39080,3401,646504,155,totalTestEncountersViral,865483,264,3797,75,797,,,27909,7/11/2020 16:00,2020-07-11T16:00:00Z,07/11 12:00,828,3797,,2020-07-11T16:00:00Z,,,,35679,821,7,865483,682183,,,,,,,,,,,55,981,11093,685739,17659,685584,,7,31,3197cbe6c386ce1e448ee6b64e77e0746c423d9b,0,0,0,0,0,
20200710,WI,38099,3346,635411,151,totalTestEncountersViral,847824,278,3766,77,792,,,27329,7/10/2020 16:00,2020-07-10T16:00:00Z,07/10 12:00,821,3766,,2020-07-10T16:00:00Z,,,,34753,814,7,847824,670164,,,,,,,,,,,55,889,11857,673661,19676,673510,,5,40,289cc1e2032dc1b5875dcda9055430059be4c60f,0,0,0,0,0,
20200709,WI,37210,3302,623554,168,totalTestEncountersViral,828148,284,3726,76,787,,,26792,7/9/2020 16:00,2020-07-09T16:00:00Z,07/09 12:00,816,3726,,2020-07-09T16:00:00Z,,,,33908,809,7,828148,657462,,,,,,,,,,,55,800,12404,660932,17991,660764,,2,43,188fcc35bc945efe0df3e0872961aba4e793ff18,0,0,0,0,0,
20200708,WI,36410,3256,611150,152,totalTestEncountersViral,810157,274,3683,74,787,,,26305,7/8/2020 16:00,2020-07-08T16:00:00Z,07/08 12:00,814,3683,,2020-07-08T16:00:00Z,,,,33154,807,7,810157,644304,,,,,,,,,,,55,645,10138,647712,16655,647560,,2,44,f9be8d9fe1cfbc4acba4f160f007b972a44113b5,0,0,0,0,0,
20200707,WI,35765,3209,601012,164,totalTestEncountersViral,793502,254,3639,69,777,,,25758,7/7/2020 16:00,2020-07-07T16:00:00Z,07/07 12:00,812,3639,,2020-07-07T16:00:00Z,,,,32556,805,7,793502,633568,,,,,,,,,,,55,535,12099,636941,9387,636777,,9,37,527ded591da9b2627f6e9351147cf5e3f6c99326,0,0,0,0,0,
20200706,WI,35230,3169,588913,172,totalTestEncountersViral,784115,255,3602,69,772,,,25242,7/6/2020 16:00,2020-07-06T16:00:00Z,07/06 12:00,803,3602,,2020-07-06T16:00:00Z,,,,32061,796,7,784115,620974,,,,,,,,,,,55,490,4802,624315,9068,624143,,0,16,2a4ba2de325dfc1ed8d75d76ad9e61722a240a6f,0,0,0,0,0,
20200705,WI,34740,3163,584111,129,totalTestEncountersViral,775047,244,3586,65,771,,,24899,7/5/2020 16:00,2020-07-05T16:00:00Z,07/05 12:00,803,3586,,2020-07-05T16:00:00Z,,,,31577,796,7,775047,615688,,,,,,,,,,,55,533,4474,618980,12258,618851,,0,12,871104f9e81b92025a329ecb575f8756ad7193b9,0,0,0,0,0,
20200704,WI,34207,3152,579637,129,totalTestEncountersViral,762789,235,3574,67,771,,,24491,7/4/2020 16:00,2020-07-04T16:00:00Z,07/04 12:00,803,3574,,2020-07-04T16:00:00Z,,,,31055,796,7,762789,610692,,,,,,,,,,,55,776,6084,613973,17819,613844,,0,19,59c210067b332ae6b3d1ae0cd35dfc77c60a8141,0,0,0,0,0,
20200703,WI,33431,3114,573553,134,totalTestEncountersViral,744970,244,3555,75,768,,,24043,7/3/2020 16:00,2020-07-03T16:00:00Z,07/03 12:00,803,3555,,2020-07-03T16:00:00Z,,,,30317,796,7,744970,603870,,,,,,,,,,,55,622,9607,607118,17156,606984,,3,36,4f087fb210ebad1262e8e330b6cf845e12d34834,0,0,0,0,0,
20200702,WI,32809,3071,563946,143,totalTestEncountersViral,727814,236,3519,74,763,,,23527,7/2/2020 16:00,2020-07-02T16:00:00Z,07/02 12:00,800,3519,,2020-07-02T16:00:00Z,,,,29738,793,7,727814,593684,,,,,,,,,,,55,584,12339,596898,16073,596755,,7,37,f47e3ac26289dd7dea1868fb5d89ad93d6796ade,0,0,0,0,0,
20200701,WI,32225,3026,551607,147,totalTestEncountersViral,711741,237,3482,77,757,,,23089,7/1/2020 16:00,2020-07-01T16:00:00Z,07/01 12:00,793,3482,,2020-07-01T16:00:00Z,,,,29199,786,7,711741,580806,,,,,,,,,,,55,563,12068,583979,13743,583832,,9,36,a37d1fb5ffc8bcc879a4026841c187dca77d642c,0,0,0,0,0,
20200630,WI,31662,3003,539539,169,totalTestEncountersViral,697998,242,3446,79,750,,,22587,6/30/2020 16:00,2020-06-30T16:00:00Z,06/30 12:00,784,3446,,2020-06-30T16:00:00Z,,,,28659,777,7,697998,568198,,,,,,,,,,,55,629,12180,571370,10772,571201,,0,39,6f6a3f9d25cfa1e3bc09522c541d0ae1942bf31e,0,0,0,0,0,
20200629,WI,31033,2975,527359,158,totalTestEncountersViral,687226,236,3407,90,747,,,22217,6/29/2020 16:00,2020-06-29T16:00:00Z,06/29 12:00,784,3407,,2020-06-29T16:00:00Z,,,,28058,777,7,687226,555417,,,,,,,,,,,55,326,5612,558550,13191,558392,,7,14,22ab6ce463a0f3a55388bfdf30d55e8b0aa6309a,0,0,0,0,0,
20200628,WI,30707,2964,521747,146,totalTestEncountersViral,674035,251,3393,93,746,,,21953,6/28/2020 16:00,2020-06-28T16:00:00Z,06/28 12:00,777,3393,,2020-06-28T16:00:00Z,,,,27743,777,,674035,549490,,,,,,,,,,,55,480,6024,552600,12922,552454,,0,11,b71e92ef18f67b34ff227e1bbfa93439b31d27c5,0,0,0,0,0,
20200627,WI,30227,2941,515723,140,totalTestEncountersViral,661113,248,3382,92,746,,,21606,6/27/2020 16:00,2020-06-27T16:00:00Z,06/27 12:00,777,3382,,2020-06-27T16:00:00Z,,,,27286,777,,661113,543009,,,,,,,,,,,55,559,8555,546090,14722,545950,,11,31,fc0a328484e59c4e4fa08f2e7ecde9ecff6ebd5b,0,0,0,0,0,
20200626,WI,29668,2921,507168,142,totalTestEncountersViral,646391,262,3351,95,741,,,21174,6/26/2020 16:00,2020-06-26T16:00:00Z,06/26 12:00,766,3351,,2020-06-26T16:00:00Z,,,,26747,766,,646391,533915,,,,,,,,,,,55,563,8607,536978,13218,536836,,0,25,e418b51d516f8e21bba3cf057d2509eb889497ed,0,0,0,0,0,
20200625,WI,29105,2878,498561,134,totalTestEncountersViral,633173,247,3326,94,734,,,20557,6/24/2020 16:00,2020-06-24T16:00:00Z,06/24 12:00,766,3326,,2020-06-24T16:00:00Z,,,,26227,766,,633173,524788,,,,,,,,,,,55,464,10758,527800,17149,527666,,9,27,cb35ce565b757d729438ad3961640cb7d29297eb,0,0,0,0,0,
20200624,WI,28641,2878,487803,160,totalTestEncountersViral,616024,239,3299,89,723,,,20121,6/24/2020 16:00,2020-06-24T16:00:00Z,06/24 12:00,757,3299,,2020-06-24T16:00:00Z,,,,25763,757,,616024,513566,,,,,,,,,,,55,466,9638,516604,12596,516444,,7,31,ca914d87252834d671703d51e8a0c4f625e9fe5e,0,0,0,0,0,
20200623,WI,28175,2844,478165,142,totalTestEncountersViral,603428,240,3268,93,716,,,19852,6/23/2020 16:00,2020-06-23T16:00:00Z,06/23 12:00,750,3268,,2020-06-23T16:00:00Z,,,,25331,750,,603428,503496,,,,,,,,,,,55,297,11531,506482,8624,506340,,5,37,a1e5d6c3b7dc96aabc944e54bf0c9d9bb1250074,0,0,0,0,0,
20200622,WI,27878,2810,466634,169,totalTestEncountersViral,594804,246,3231,93,711,,,19543,6/22/2020 16:00,2020-06-22T16:00:00Z,06/22 12:00,745,3231,,2020-06-22T16:00:00Z,,,,25068,745,,594804,491702,,,,,,,,,,,55,263,6300,494681,8861,494512,,1,11,c793ee78b972f36279a05af54aa64a889ad269f6,0,0,0,0,0,
20200621,WI,27615,2796,460334,153,totalTestEncountersViral,585943,243,3220,94,710,,,19310,6/21/2020 16:00,2020-06-21T16:00:00Z,06/21 12:00,744,3220,,2020-06-21T16:00:00Z,,,,24819,744,,585943,485153,,,,,,,,,,,55,289,5771,488102,10914,487949,,0,17,517f4c9dd716af7104404025735d6f06c14b700b,0,0,0,0,0,
20200620,WI,27326,2787,454563,155,totalTestEncountersViral,575029,239,3203,90,708,,,18951,6/20/2020 16:00,2020-06-20T16:00:00Z,06/20 12:00,744,3203,,2020-06-20T16:00:00Z,,,,24539,744,,575029,479102,,,,,,,,,,,55,413,9812,482044,13680,481889,,14,26,fed03b3df4161d0336dac731f13c41df6ffb5ea5,0,0,0,0,0,
20200619,WI,26913,2759,444751,158,totalTestEncountersViral,561349,241,3177,91,704,,,18055,6/19/2020 16:00,2020-06-19T16:00:00Z,06/19 12:00,730,3177,,2020-06-19T16:00:00Z,,,,24154,730,,561349,468905,,,,,,,,,,,55,323,10838,471822,13987,471664,,11,17,ca71b81303d4036c2e335ccb1c228d295d181b1c,0,0,0,0,0,
20200618,WI,26590,2714,433913,174,totalTestEncountersViral,547362,241,3160,82,701,,,18055,6/18/2020 16:00,2020-06-18T16:00:00Z,06/18 12:00,719,3160,,2020-06-18T16:00:00Z,,,,23876,719,,547362,457789,,,,,,,,,,,55,461,10177,460677,14175,460503,,7,32,44e5acf6c3fd6a084ed96911e82ea0ddba386686,0,0,0,0,0,
20200617,WI,26129,2675,423736,179,totalTestEncountersViral,533187,247,3128,93,696,,,17613,6/17/2020 16:00,2020-06-17T16:00:00Z,06/17 12:00,712,3128,,2020-06-17T16:00:00Z,,,,23454,712,,533187,447190,,,,,,,,,,,55,285,9406,450044,11672,449865,,9,32,529014374da419487b63cbf5d4144f5fc29e2240,0,0,0,0,0,
20200616,WI,25844,2646,414330,192,totalTestEncountersViral,521515,275,3096,100,687,,,17122,6/16/2020 16:00,2020-06-16T16:00:00Z,06/16 12:00,703,3096,,2020-06-16T16:00:00Z,,,,23198,703,,521515,437528,,,,,,,,,,,55,298,10883,440366,7575,440174,,9,35,965ceffc96ced701e8a6cc94f6d7aabd3388378c,0,0,0,0,0,
20200615,WI,25546,2614,403447,188,totalTestEncountersViral,513940,284,3061,100,680,,,16837,6/15/2020 16:00,2020-06-15T16:00:00Z,06/15 12:00,694,3061,,2020-06-15T16:00:00Z,,,,22932,694,,513940,426379,,,,,,,,,,,55,206,6081,429181,8813,428993,,2,12,fd740c1df4469c398612bfa1e321df7d2ac1040f,0,0,0,0,0,
20200614,WI,25340,2582,397366,184,totalTestEncountersViral,505127,291,3049,101,680,,,16558,6/14/2020 16:00,2020-06-14T16:00:00Z,06/14 12:00,692,3049,,2020-06-14T16:00:00Z,,,,22758,692,,505127,420124,,,,,,,,,,,55,251,8967,422890,10010,422706,,1,14,99314a1f4b6474189309a9f950ccf46c0ad46073,0,0,0,0,0,
20200613,WI,25089,2571,388399,167,totalTestEncountersViral,495117,285,3035,99,677,,,16231,6/13/2020 16:00,2020-06-13T16:00:00Z,06/13 12:00,691,3035,,2020-06-13T16:00:00Z,,,,22518,691,,495117,410917,,,,,,,,,,,55,294,11037,413655,13427,413488,,2,32,dc1f62ccf6fde6ab148f5415eb61cd6d49adea71,0,0,0,0,0,
20200612,WI,24795,2549,377362,172,totalTestEncountersViral,481690,287,3003,104,670,,,15783,6/12/2020 16:00,2020-06-12T16:00:00Z,06/12 12:00,689,3003,,2020-06-12T16:00:00Z,,,,22246,689,,481690,399608,,,,,,,,,,,55,354,11308,402329,12959,402157,,7,27,8ba28897f98ebc42ee4f8ca1f0e0512f42468b61,0,0,0,0,0,
20200611,WI,24441,2515,366054,188,totalTestEncountersViral,468731,306,2976,101,660,,,15348,6/11/2020 00:00,2020-06-11T00:00:00Z,06/10 20:00,682,2976,,2020-06-11T00:00:00Z,,,,21926,682,,468731,387980,,,,,,,,,,,55,371,8942,390683,14373,390495,,11,33,b02f44cc70073a7f44e6eb8a62545b5622dfb4d5,0,0,0,0,0,
20200610,WI,24070,2477,357112,190,totalTestEncountersViral,454358,328,2943,114,654,,,14999,6/10/2020 00:00,2020-06-10T00:00:00Z,06/09 20:00,671,2943,,2020-06-10T00:00:00Z,,,,21593,671,,454358,378705,,,,,,,,,,,55,336,9902,381372,11847,381182,,10,39,3676b6c4c96fed951d2cea998c48a686f6d8d912,0,0,0,0,0,
20200609,WI,23734,2426,347210,174,totalTestEncountersViral,442511,331,2904,117,649,,,14583,6/9/2020 00:00,2020-06-09T00:00:00Z,06/08 20:00,661,2904,,2020-06-09T00:00:00Z,,,,21308,661,,442511,368518,,,,,,,,,,,55,300,13957,371118,8078,370944,,15,44,b5431f2120ab6cd533453570013061dd099ea81e,0,0,0,0,0,
20200608,WI,23434,2396,333253,206,totalTestEncountersViral,434433,322,2860,110,637,,,14242,6/8/2020 00:00,2020-06-08T00:00:00Z,06/07 20:00,646,2860,,2020-06-08T00:00:00Z,,,,21038,646,,434433,354291,,,,,,,,,,,55,222,7386,356893,8378,356687,,-1,12,0a0e0808431ed28fe30cb4c9012394713444758f,0,0,0,0,0,
20200607,WI,23212,2377,325867,183,totalTestEncountersViral,426055,308,2848,107,638,,,14047,6/7/2020 00:00,2020-06-07T00:00:00Z,06/06 20:00,647,2848,,2020-06-07T00:00:00Z,,,,20835,647,,426055,346702,,,,,,,,,,,55,275,11065,349262,10119,349079,,2,16,110275176e6e75644dff7c139b795ed2a65a3303,0,0,0,0,0,
20200606,WI,22937,2366,314802,177,totalTestEncountersViral,415936,315,2832,118,636,,,13770,6/6/2020 00:00,2020-06-06T00:00:00Z,06/05 20:00,645,2832,,2020-06-06T00:00:00Z,,,,20571,645,,415936,335373,,,,,,,,,,,55,338,11470,337916,12208,337739,,12,41,589006565c369bb1a5a0b8decc1dd33155533535,0,0,0,0,0,
20200605,WI,22599,2350,303332,174,totalTestEncountersViral,403728,355,2791,124,625,,,13337,6/5/2020 00:00,2020-06-05T00:00:00Z,06/04 20:00,633,2791,,2020-06-05T00:00:00Z,,,,20249,633,,403728,323581,,,,,,,,,,,55,406,11965,326105,13528,325931,,7,52,292648d1b6d11dac7eb1365659591065169647af,0,0,0,0,0,
20200604,WI,22193,2301,291367,196,totalTestEncountersViral,390200,355,2739,117,616,,,12980,6/4/2020 00:00,2020-06-04T00:00:00Z,06/03 20:00,626,2739,,2020-06-04T00:00:00Z,,,,19892,626,,390200,311259,,,,,,,,,,,55,532,11656,313756,13349,313560,,10,39,d30f7ce0636cc453cf4d222fea07d74925f851c9,0,0,0,0,0,
20200603,WI,21661,2261,279711,199,totalTestEncountersViral,376851,357,2700,130,606,,,12172,6/3/2020 00:00,2020-06-03T00:00:00Z,06/02 20:00,616,2700,,2020-06-03T00:00:00Z,,,,19400,616,,376851,299111,,,,,,,,,,,55,506,15968,301571,11243,301372,,9,57,5ef653b34855c45cc3f837fcc905b0979b3b9442,0,0,0,0,0,
20200602,WI,21155,2238,263743,209,totalTestEncountersViral,365608,388,2643,139,593,,,12172,6/2/2020 16:00,2020-06-02T16:00:00Z,06/02 12:00,607,2643,,2020-06-02T16:00:00Z,,,,18917,607,,365608,282660,,,,,,,,,,,55,419,10148,285107,11971,284898,,12,40,fd3c6a53d419cb8644b0cd27df3179debb9e3621,0,0,0,0,0,
20200601,WI,20736,2193,253595,211,totalTestEncountersViral,353637,403,2603,136,586,,,11838,6/1/2020 00:00,2020-06-01T00:00:00Z,05/31 20:00,595,2603,,2020-06-01T00:00:00Z,,,,18543,595,,353637,272138,,,,,,,,,,,55,172,3492,274542,11441,274331,,3,20,48601e631677fdc0408e951071cafc6ca2e5ecf5,0,0,0,0,0,
20200531,WI,20564,2161,250103,211,totalTestEncountersViral,342196,414,2583,133,585,,,11646,5/31/2020 16:00,2020-05-31T16:00:00Z,05/31 12:00,592,2583,,2020-05-31T16:00:00Z,,,,18403,592,,342196,268506,,,,,,,,,,,55,182,7195,270878,11415,270667,,4,20,cbe79fc08f8022756611d018856946abb358120e,0,0,0,0,0,
20200530,WI,20382,2152,242908,208,totalTestEncountersViral,330781,409,2563,144,577,,,11338,5/30/2020 16:00,2020-05-30T16:00:00Z,05/30 12:00,588,2563,,2020-05-30T16:00:00Z,,,,18230,588,,330781,261138,,,,,,,,,,,55,539,9320,263498,12296,263290,,20,64,7ef78b0ac2d7953c63461f1ec7772281008715cb,0,0,0,0,0,
20200529,WI,19843,2136,233588,235,totalTestEncountersViral,318485,423,2499,144,567,,,10880,5/29/2020 00:00,2020-05-29T00:00:00Z,05/28 20:00,568,2499,,2020-05-29T00:00:00Z,,,,17707,568,,318485,251295,,,,,,,,,,,55,766,12869,253666,12077,253431,,18,47,5652100e263ce4afd7329c98419358b858d15246,0,0,0,0,0,
20200528,WI,19077,2103,220719,250,totalTestEncountersViral,306408,408,2452,138,556,,,10384,5/28/2020 00:00,2020-05-28T00:00:00Z,05/27 20:00,550,2452,,2020-05-28T00:00:00Z,,,,16974,550,,306408,237693,,,,,,,,,,,55,564,10114,240046,12594,239796,,11,41,b2f9f96282f818595bafe5c580db3a7b5cec9660,0,0,0,0,0,
20200527,WI,18513,2051,210605,335,totalTestEncountersViral,293814,413,2411,139,550,,,9846,5/27/2020 16:00,2020-05-27T16:00:00Z,05/27 12:00,539,2411,,2020-05-27T16:00:00Z,,,,16462,539,,293814,227067,,,,,,,,,,,55,646,9731,229453,13635,229118,,22,49,92722504ebef88eb19afe1331628e33109ed00b5,0,0,0,0,0,
20200526,WI,17867,2004,200874,218,totalTestEncountersViral,280179,422,2362,135,544,,,9405,5/26/2020 00:00,2020-05-26T00:00:00Z,05/25 20:00,517,2362,,2020-05-26T00:00:00Z,,,,15863,517,,280179,216737,,,,,,,,,,,55,296,7495,218959,9984,218741,,3,23,8212ebc4f728fe1bfc50db29340d36f1ed66c91a,0,0,0,0,0,
20200525,WI,17571,1987,193379,207,totalTestEncountersViral,270195,388,2339,121,543,,,9207,5/25/2020 00:00,2020-05-25T00:00:00Z,05/24 20:00,514,2339,,2020-05-25T00:00:00Z,,,,15584,514,,270195,208963,,,,,,,,,,,55,318,7173,211157,11661,210950,,4,24,11ecfb749c42c370f9be3b61343b0f4825cff056,0,0,0,0,0,
20200524,WI,17253,1976,186206,223,totalTestEncountersViral,258534,399,2315,126,541,,,8999,5/24/2020 00:00,2020-05-24T00:00:00Z,05/23 20:00,510,2315,,2020-05-24T00:00:00Z,,,,15277,510,,258534,201483,,,,,,,,,,,55,410,6877,203682,11497,203459,,3,23,941c6a50dc223f8c710913e2867639eee4879fbb,0,0,0,0,0,
20200523,WI,16843,1966,179329,223,totalTestEncountersViral,247037,388,2292,128,542,,,8688,5/23/2020 00:00,2020-05-23T00:00:00Z,05/22 20:00,507,2292,,2020-05-23T00:00:00Z,,,,14877,507,,247037,194206,,,,,,,,,,,55,503,6626,196395,11017,196172,,11,33,8ce2ea0e0a6957de33b070a387d8b01dc236e174,0,0,0,0,0,
20200522,WI,16340,1944,172703,187,totalTestEncountersViral,236020,416,2259,134,535,,,8362,5/22/2020 00:00,2020-05-22T00:00:00Z,05/21 20:00,496,2259,,2020-05-22T00:00:00Z,,,,14396,496,,236020,187099,,,,,,,,,,,55,548,9465,189230,11512,189043,,9,41,e15831de931bdb7650ea4a498591ad8615764abb,0,0,0,0,0,
20200521,WI,15792,1907,163238,220,totalTestEncountersViral,224508,398,2218,126,526,,,8012,5/21/2020 00:00,2020-05-21T00:00:00Z,05/20 20:00,487,2218,,2020-05-21T00:00:00Z,,,,13885,487,,224508,161122,,,,,,,,,,,55,523,8938,179250,13693,179030,,6,57,0b7ea0e18540b1d374fc33a0ef44671264e11a16,0,0,0,0,0,
20200520,WI,15269,1856,154300,211,totalTestEncountersViral,210815,393,2161,128,515,,,7728,5/20/2020 00:00,2020-05-20T00:00:00Z,05/19 20:00,481,2161,,2020-05-20T00:00:00Z,,,,13413,481,,210815,161122,,,,,,,,,,,55,577,6063,169780,11911,169569,,14,51,f210703a0145521e1a795d5eada15434f7bdadfb,0,0,0,0,0,
20200519,WI,14692,1807,148237,211,totalTestEncountersViral,198904,398,2110,130,503,,,7371,5/19/2020 00:00,2020-05-19T00:00:00Z,05/18 20:00,467,2110,,2020-05-19T00:00:00Z,,,,12885,467,,198904,161122,,,,,,,,,,,55,250,3735,163140,8072,162929,,8,42,d9656061f4aa1a61d9688720ab2e95752dcc5c77,0,0,0,0,0,
20200518,WI,14442,1755,144502,194,totalTestEncountersViral,190832,379,2068,127,496,,,6786,5/18/2020 00:00,2020-05-18T00:00:00Z,05/17 20:00,459,2068,,2020-05-18T00:00:00Z,,,,12687,459,,190832,157189,,,,,,,,,,,55,185,4828,159138,6371,158944,,6,30,7717cdfab933c2355f12605bc04a6bcdd73205d1,0,0,0,0,0,
20200517,WI,14257,1714,139674,182,totalTestEncountersViral,184461,364,2038,131,494,,,6542,5/17/2020 00:00,2020-05-17T00:00:00Z,05/16 20:00,453,2038,,2020-05-17T00:00:00Z,152217,,,12543,453,,184461,152217,,,,,,,,,,,55,379,5468,154113,7819,153931,,0,20,37bf36bcaed88430dc6e3ac05c061507cf8ff29f,0,0,0,0,0,
20200516,WI,13878,1691,134206,189,totalTestEncountersViral,176642,361,2018,128,488,,,6542,5/16/2020 00:00,2020-05-16T00:00:00Z,05/15 20:00,453,2018,,2020-05-16T00:00:00Z,,,,12187,453,,176642,146393,,,,,,,,,,,55,534,5549,148273,9936,148084,,8,41,c2e1a4c06da23dc0ca2f340e843d9de4352eea6b,0,0,0,0,0,
20200515,WI,13344,1659,128657,191,totalTestEncountersViral,166706,356,1977,125,485,,,6250,5/15/2020 00:00,2020-05-15T00:00:00Z,05/14 20:00,445,1977,,2020-05-15T00:00:00Z,,,,11685,445,,166706,140342,,,,,,,,,,,55,475,6059,142192,8746,142001,,11,38,3ecbf2ae4f18f9ef5f04fec58b4a64f5eaeba1e7,0,0,0,0,0,
20200514,WI,12869,1594,122598,169,totalTestEncountersViral,157960,352,1939,120,478,,,5994,5/14/2020 00:00,2020-05-14T00:00:00Z,05/13 20:00,434,1939,,2020-05-14T00:00:00Z,,,,11275,434,,157960,128013,,,,,,,,,,,55,420,5487,135636,8312,135467,,13,31,2e63dce1054af6ca58b3c5fec522bccfdea653c6,0,0,0,0,0,
20200513,WI,12449,1547,117111,194,totalTestEncountersViral,149648,343,1908,122,469,,,5673,5/13/2020 00:00,2020-05-13T00:00:00Z,05/12 20:00,421,1908,,2020-05-13T00:00:00Z,,,,10902,421,,149648,123359,,,,,,,,,,,55,318,4363,129754,6807,129560,,3,31,2ff4776b7d061a8bb88cf9b10e3d829dad624d54,0,0,0,0,0,
20200512,WI,12131,1520,112748,180,totalTestEncountersViral,142841,326,1877,115,464,,,5371,5/12/2020 12:23,2020-05-12T12:23:00Z,05/12 08:23,418,1877,,2020-05-12T12:23:00Z,,,,10611,418,,142841,,,,,,,,,,,,55,211,4715,125059,5004,124879,,9,31,15705fd6788528c17c58e9cd8414f666859f4d3c,0,0,0,0,0,
20200511,WI,11920,1502,108033,180,totalTestEncountersViral,137837,340,1846,117,460,,,5176,5/11/2020 00:00,2020-05-11T00:00:00Z,05/10 20:00,409,1846,,2020-05-11T00:00:00Z,,,,10418,409,,137837,,,,,,,,,,,,55,226,2870,120133,4693,119953,,9,26,9b71f70035bd81a9df777fc561cfc7c9e5b4c395,0,0,0,0,0,
20200510,WI,11694,1475,105163,182,totalTestEncountersViral,133144,332,1820,113,456,,,5014,5/10/2020 00:00,2020-05-10T00:00:00Z,05/09 20:00,400,1820,,2020-05-10T00:00:00Z,,,,10219,400,,133144,,,,,,,,,,,,55,292,3228,117039,5609,116857,,2,14,9f94436ec656b6fdfc3f204bb66dd1287b5b8cfa,0,0,0,0,0,
20200509,WI,11402,1463,101935,204,totalTestEncountersViral,127535,339,1806,110,452,,,4875,5/9/2020 00:00,2020-05-09T00:00:00Z,05/08 20:00,398,1806,,2020-05-09T00:00:00Z,,,,9939,398,,127535,,,,,,,,,,,,55,372,4670,113541,5781,113337,,14,39,23b9f4a768744cc0701b369f74c5a2161ab72fdd,0,0,0,0,0,
20200508,WI,11030,1440,97265,204,totalTestEncountersViral,121754,345,1767,110,441,,,4694,5/8/2020 00:00,2020-05-08T00:00:00Z,05/07 20:00,384,1767,,2020-05-08T00:00:00Z,,,,9590,384,,121754,,,,,,,,,,,,55,409,4230,108499,5633,108295,,10,35,3507ded5c9dc52f77305024c8e6cd22128c5f21b,0,0,0,0,0,
20200507,WI,10621,1406,93035,219,totalTestEncountersViral,116121,339,1732,107,435,,,4520,5/7/2020 00:00,2020-05-07T00:00:00Z,05/06 20:00,374,1732,,2020-05-07T00:00:00Z,,,,9215,374,,116121,,,,,,,,,,,,55,359,5209,103875,6367,103656,,12,38,53d0013f29967e8e7c019f4f0fe6e5f3189d0075,0,0,0,0,0,
20200506,WI,10262,1361,87826,212,totalTestEncountersViral,109754,298,1694,107,423,,,4348,5/6/2020 00:00,2020-05-06T00:00:00Z,05/05 20:00,362,1694,,2020-05-06T00:00:00Z,,,,8901,362,,109754,,,,,,,,,,,,55,366,3859,98300,5261,98088,,9,31,22d90c713beafbb164f0ca28124940aa21918b4d,0,0,0,0,0,
20200505,WI,9896,1330,83967,236,totalTestEncountersViral,104493,309,1663,91,414,,,4131,5/5/2020 00:00,2020-05-05T00:00:00Z,05/04 20:00,353,1663,,2020-05-05T00:00:00Z,,,,8566,353,,104493,,,,,,,,,,,,55,358,3500,94099,3914,93863,,13,42,b6a233ca5c1e7682dee5f1ab40c717115f4d149a,0,0,0,0,0,
20200504,WI,9538,1302,80467,226,totalTestEncountersViral,100579,348,1621,116,404,,,3973,5/4/2020 00:00,2020-05-04T00:00:00Z,05/03 20:00,340,1621,,2020-05-04T00:00:00Z,,,,8236,340,,100579,,,,,,,,,,,,55,311,2470,90231,3499,90005,,1,13,32f97a54dd086af1c4cb8f504c347662cab3131b,0,0,0,0,0,
20200503,WI,9227,1263,77997,231,totalTestEncountersViral,97080,348,1608,116,402,,,3723,5/3/2020 00:00,2020-05-03T00:00:00Z,05/02 20:00,339,1608,,2020-05-03T00:00:00Z,,,,7964,,,97080,,,,,,,,,,,,55,307,2427,87455,4266,87224,,5,17,97d71d8379125447f2be8fcae3b8246f3dd45400,0,0,0,0,0,
20200502,WI,8920,1260,75570,231,totalTestEncountersViral,92814,352,1591,119,400,,,3698,5/2/2020 16:00,2020-05-02T16:00:00Z,05/02 12:00,334,1591,,2020-05-02T16:00:00Z,,,,7660,,,92814,,,,,,,,,,,,55,370,3004,84721,4107,84490,,7,47,ff1338109bb3a83ba81cdc106790db7c3291d56d,0,0,0,0,0,
20200501,WI,8550,1236,72566,218,totalTestEncountersViral,88707,341,1544,127,391,,,3352,5/1/2020 16:00,2020-05-01T16:00:00Z,05/01 12:00,327,1544,,2020-05-01T16:00:00Z,,,,7314,,,88707,,,,,,,,,,,,55,498,3172,81334,3806,81116,,11,32,e5b5cd77c8e1080d49d794d9320b380e92e48657,0,0,0,0,0,
20200430,WI,8052,1198,69394,195,totalTestEncountersViral,84901,359,1512,119,382,,,3352,4/30/2020 16:00,2020-04-30T16:00:00Z,04/30 12:00,316,1512,,2020-04-30T16:00:00Z,,,,6854,,,84901,,,,,,,,,,,,55,392,2764,77641,4245,77446,,8,23,db761cc26f1aa020c35a4df1cb064622ce058a70,0,0,0,0,0,
20200429,WI,7660,1140,66630,227,totalTestEncountersViral,80656,350,1489,121,363,,,,4/29/2020 00:00,2020-04-29T00:00:00Z,04/28 20:00,308,1489,,2020-04-29T00:00:00Z,,,,6520,,,80656,,,,,,,,,,,,55,269,3095,74517,3676,74290,,8,33,96f3f94ba8d94d91cda5b2dc0bb23bd26d97236a,0,0,0,0,0,
20200428,WI,7391,1102,63535,193,totalTestEncountersViral,76980,351,1456,123,363,,,,4/28/2020 16:00,2020-04-28T16:00:00Z,04/28 12:00,300,1456,,2020-04-28T16:00:00Z,,,,6289,,,76980,,,,,,,,,,,,55,230,2224,71119,3105,70926,,19,41,b3a1cdc5f6ab04187522b6a18d943ed7cc5a88c2,0,0,0,0,0,
20200427,WI,7161,1080,61311,204,totalTestEncountersViral,73875,335,1415,124,355,,,,4/27/2020 16:00,2020-04-27T16:00:00Z,04/27 12:00,281,1415,,2020-04-27T16:00:00Z,,,,6081,,,73875,,,,,,,,,,,,55,198,2076,68676,2248,68472,,9,18,f2bcdc308de7085bfa6793a617812a1500bbce52,0,0,0,0,0,
20200426,WI,6963,1052,59235,197,totalTestEncountersViral,71627,343,1397,141,353,,,,4/26/2020 16:00,2020-04-26T16:00:00Z,04/26 12:00,272,1397,,2020-04-26T16:00:00Z,,,,5911,,,71627,,,,,,,,,,,,55,248,2097,66395,2866,66198,,6,21,ce23d99adbd1e866dd114c40eb11f38fe001241c,0,0,0,0,0,
20200425,WI,6715,1028,57138,241,totalTestEncountersViral,68761,341,1376,137,353,,,,4/25/2020 16:00,2020-04-25T16:00:00Z,04/25 12:00,266,1376,,2020-04-25T16:00:00Z,,,,5687,,,68761,,,,,,,,,,,,55,351,2565,64094,2959,63853,,4,23,02c467d593ec7cfc146920144325f7824f549eb9,0,0,0,0,0,
20200424,WI,6364,1008,54573,206,totalTestEncountersViral,65802,356,1353,146,346,,,,4/24/2020 16:00,2020-04-24T16:00:00Z,04/24 12:00,262,1353,,2020-04-24T16:00:00Z,,,,5356,,,65802,,,,,,,,,,,,55,353,3117,61143,2799,60937,,5,35,41cd5a8254055ab2cfa569c22ae27a51c2a0fed0,0,0,0,0,0,
20200423,WI,6011,959,51456,201,totalTestEncountersViral,63003,349,1318,146,342,,,,4/23/2020 16:00,2020-04-23T16:00:00Z,04/23 12:00,257,1318,,2020-04-23T16:00:00Z,,,,5052,,,63003,,,,,,,,,,,,55,245,1954,57668,2892,57467,,11,16,13ebbf075eea62034df3ce14ee592d76f82887dd,0,0,0,0,0,
20200422,WI,5766,921,49502,229,totalTestEncountersViral,60111,352,1302,137,324,,,,4/22/2020 16:00,2020-04-22T16:00:00Z,04/22 12:00,246,1302,,2020-04-22T16:00:00Z,,,,4845,,,60111,,,,,,,,,,,,55,257,1661,55497,2698,55268,,4,50,61ada466fe41d6591e8624ef3c8ec0c6b4bfb7a9,0,0,0,0,0,
20200421,WI,5509,889,47841,219,totalTestEncountersViral,57413,358,1252,137,324,,,,4/21/2020 16:00,2020-04-21T16:00:00Z,04/21 12:00,242,1252,,2020-04-21T16:00:00Z,,,,4620,,,57413,,,,,,,,,,,,55,156,1238,53569,2006,53350,,12,41,f01d13bdd1a8518bf17b7d1137ac0b13ea744a37,0,0,0,0,0,
20200420,WI,5353,854,46603,237,totalTestEncountersViral,55407,357,1211,142,307,,,,4/20/2020 16:00,2020-04-20T16:00:00Z,04/20 12:00,230,1211,,2020-04-20T16:00:00Z,,,,4499,,,55407,,,,,,,,,,,,55,177,1280,52193,1326,51956,,10,21,1581df0b566f7427387b87ecf494f5df0bc50dcb,0,0,0,0,0,
20200419,WI,5176,830,45323,248,totalTestEncountersViral,54081,357,1190,137,307,,,,4/19/2020 12:57,2020-04-19T12:57:00Z,04/19 08:57,220,1190,,2020-04-19T12:57:00Z,,,,4346,,,54081,,,,,,,,,,,,55,163,1361,50747,1990,50499,,9,14,800365a66ea5f69905f857730af197812e369ed2,0,0,0,0,0,
20200418,WI,5013,814,43962,229,totalTestEncountersViral,52091,361,1176,136,307,,,,4/18/2020 12:45,2020-04-18T12:45:00Z,04/18 08:45,211,1176,,2020-04-18T12:45:00Z,,,,4199,,,52091,,,,,,,,,,,,55,174,1597,49204,2108,48975,,6,23,12e5354d6f09273da5c9b153d0501671fabd92b2,0,0,0,0,0,
20200417,WI,4839,794,42365,198,totalTestEncountersViral,49983,361,1153,141,306,348,,,4/17/2020 14:24,2020-04-17T14:24:00Z,04/17 10:24,205,1153,,2020-04-17T14:24:00Z,,,,4045,,,49983,,,,,,,,,,,,55,203,1391,47402,1965,47204,,8,32,072b5be910d33d0fe692ab9f2c0ba434cf72866c,0,0,0,0,0,
20200416,WI,4636,761,40974,218,totalTestEncountersViral,48018,394,1121,147,299,,,,4/16/2020 00:00,2020-04-16T00:00:00Z,04/15 20:00,197,1121,,2020-04-16T00:00:00Z,,,,3875,,,48018,,,,,,,,,,,,55,183,1648,45828,1774,45610,,15,30,0a01bb1ca98fac0c86b1a530253007d3fdcabd76,0,0,0,0,0,
20200415,WI,4453,732,39326,280,totalTestEncountersViral,46244,406,1091,162,290,,,,4/15/2020 11:01,2020-04-15T11:01:00Z,04/15 07:01,182,1091,,2020-04-15T11:01:00Z,,,,3721,,,46244,,,,,,,,,,,,55,207,1329,44059,1751,43779,,12,42,5e4aa7c8c383ad2cbb899e1262d6ee9b76d0ee02,0,0,0,0,0,
20200414,WI,4246,691,37997,277,totalTestEncountersViral,44493,441,1049,161,283,,,,4/14/2020 16:00,2020-04-14T16:00:00Z,04/14 12:00,170,1049,,2020-04-14T16:00:00Z,,,,3555,,,44493,,,,,,,,,,,,55,166,1228,42520,1373,42243,,16,56,3cfc957552969b71905a1eccb7e341df3ef741ff,0,0,0,0,0,
20200413,WI,4080,652,36769,273,totalTestEncountersViral,43120,431,993,163,264,,,,4/13/2020 00:00,2020-04-13T00:00:00Z,04/12 20:00,154,993,,2020-04-13T00:00:00Z,,,,3428,,,43120,,,,,,,,,,,,55,116,853,41122,1103,40849,,10,19,efebcd2d61d698b5feb5c72e2a7790c951d06b1d,0,0,0,0,0,
20200412,WI,3964,623,35916,,totalTestEncountersViral,42017,443,974,176,261,,,,4/12/2020 09:46,2020-04-12T09:46:00Z,04/12 05:46,144,974,,2020-04-12T09:46:00Z,,,,3341,,,42017,,,,,,,,,,,,55,142,1236,39880,1527,39880,,7,24,b0abb9f196e785e11c0f7014c8c48d423e9768d5,0,0,0,0,0,
20200411,WI,3822,609,34680,,totalTestEncountersViral,40490,445,950,184,257,,,,4/11/2020 01:00,2020-04-11T01:00:00Z,04/10 21:00,137,950,,2020-04-11T01:00:00Z,,,,3213,,,40490,,,,,,,,,,,,55,157,1455,38502,1787,38502,,9,46,185b7509702490368b3fca83ad58089adf34f28e,0,0,0,0,0,
20200410,WI,3665,597,33225,,totalTestEncountersViral,38703,443,904,185,247,,,,4/10/2020 16:00,2020-04-10T16:00:00Z,04/10 12:00,128,904,,2020-04-10T16:00:00Z,,,,3068,,,38703,,,,,,,,,,,,55,222,1801,36890,1998,36890,,17,61,89312edd30b40a4c4d54412eb752296a628f283f,0,0,0,0,0,
20200409,WI,3443,558,31424,,totalTestEncountersViral,36705,446,843,196,230,,,,4/9/2020 16:00,2020-04-09T16:00:00Z,04/09 12:00,111,843,,2020-04-09T16:00:00Z,,,,2885,,,36705,,,,,,,,,,,,55,164,1309,34867,1870,34867,,12,53,c839244c4bdd751f654d0fa195362aab77618a2b,0,0,0,0,0,
20200408,WI,3279,523,30115,,totalTestEncountersViral,34835,351,790,157,218,,,,4/8/2020 16:00,2020-04-08T16:00:00Z,04/08 12:00,99,790,,2020-04-08T16:00:00Z,,,,2756,,,34835,,,,,,,,,,,,55,215,1603,33394,1778,33394,,7,45,eb139a8fe639674ae01192f77ac530a7b244874e,0,0,0,0,0,
20200407,WI,3064,486,28512,,totalTestEncountersViral,33057,334,745,157,200,,,,4/7/2020 16:00,2020-04-07T16:00:00Z,04/07 12:00,92,745,,2020-04-07T16:00:00Z,,,,2578,,,33057,,,,,,,,,,,,55,198,1938,31576,1420,31576,,15,77,b3658169a3b26276dd6c181a69f6977076809585,0,0,0,0,0,
20200406,WI,2866,426,26574,,totalTestEncountersViral,31637,300,668,136,186,,,,4/6/2020 16:00,2020-04-06T16:00:00Z,04/06 12:00,77,668,,2020-04-06T16:00:00Z,,,,2440,,,31637,,,,,,,,,,,,55,223,1405,29440,1603,29440,,9,44,750ab8a273e37c1e8cb1ab30ff442c3fc62840b3,0,0,0,0,0,
20200405,WI,2643,376,25169,,totalTestEncountersViral,30034,294,624,134,175,,,,4/5/2020 16:00,2020-04-05T16:00:00Z,04/05 12:00,68,624,,2020-04-05T16:00:00Z,,,,2267,,,30034,,,,,,,,,,,,55,167,1310,27812,1838,27812,,12,36,7a2cae3b4a81770326af456c892aed17273123e8,0,0,0,0,0,
20200404,WI,2476,364,23859,,totalTestEncountersViral,28196,279,588,117,,,,,4/4/2020 04:00,2020-04-04T04:00:00Z,04/04 00:00,56,588,,2020-04-04T04:00:00Z,,,,2112,,,28196,,,,,,,,,,,,55,213,1482,26335,2153,26335,,19,101,7c0040601a1691ce1e9fbab244d9be93f10d45ae,0,0,0,0,0,
20200403,WI,2263,351,22377,,totalTestEncountersViral,26043,257,487,117,,,,,4/3/2020 04:00,2020-04-03T04:00:00Z,04/03 00:00,37,487,,2020-04-03T04:00:00Z,,,,1912,,,26043,,,,,,,,,,,,55,223,2060,24640,1904,24640,,6,26,595869e7ecff2e5dec6edc78fcb81d471eacc1f6,0,0,0,0,0,
20200402,WI,2040,310,20317,,totalTestEncountersViral,24139,192,461,103,,,,,4/2/2020 16:00,2020-04-02T16:00:00Z,04/02 12:00,31,461,,2020-04-02T16:00:00Z,,,,1730,,,24139,,,,,,,,,,,,55,219,1498,22357,1693,22357,,7,63,c8f1292a346153b4e515c70535c8812ac8b9638b,0,0,0,0,0,
20200401,WI,1821,271,18819,,totalTestEncountersViral,22446,,398,,,,,,4/1/2020 16:00,2020-04-01T16:00:00Z,04/01 12:00,24,398,,2020-04-01T16:00:00Z,,,,1550,,,22446,,,,,,,,,,,,55,236,1444,20640,2057,20640,,8,61,abff028308446e6f97f918e6c1cf284f2f0ba277,0,0,0,0,0,
20200331,WI,1585,234,17375,,totalTestEncountersViral,20389,,337,,,,,,3/31/2020 16:00,2020-03-31T16:00:00Z,03/31 12:00,16,337,,2020-03-31T16:00:00Z,,,,1351,,,20389,,,,,,,,,,,,55,163,1519,18960,1394,18960,,2,337,aae385140e892425ced4eade06fee8e1e41cc9e1,0,0,0,0,0,
20200330,WI,1422,201,15856,,totalTestEncountersViral,18995,,,,,,,,3/30/2020 16:00,2020-03-30T16:00:00Z,03/30 12:00,14,,,2020-03-30T16:00:00Z,,,,1221,,,18995,,,,,,,,,,,,55,146,-694,17278,1274,17278,,1,0,919b638b178627bae2d7c70204a41ae9e82705bb,0,0,0,0,0,
20200329,WI,1276,164,16550,,totalTestEncountersViral,17721,,,,,,,,3/29/2020 16:00,2020-03-29T16:00:00Z,03/29 12:00,13,,,2020-03-29T16:00:00Z,,,,1112,,,17721,,,,,,,,,,,,55,142,1318,17826,1329,17826,,0,0,cda56a6418d92960d797942a9031318aca7e9dd1,0,0,0,0,0,
20200328,WI,1134,145,15232,,totalTestEncountersViral,16392,,,,,,,,3/28/2020 16:00,2020-03-28T16:00:00Z,03/28 12:00,13,,,2020-03-28T16:00:00Z,,,,989,,,16392,,,,,,,,,,,,55,165,2092,16366,1703,16366,,0,0,d682f44b8eb1b124b53a68e645cb60d55d73222d,0,0,0,0,0,
20200327,WI,969,127,13140,,totalTestEncountersViral,14689,,,,,,,,3/27/2020 16:00,2020-03-27T16:00:00Z,03/27 12:00,13,,,2020-03-27T16:00:00Z,,,,842,,,14689,,,,,,,,,,,,55,163,1557,14109,1812,14109,,5,0,153523702b9b784ef85a9c1f081d6b3aa708eafa,0,0,0,0,0,
20200326,WI,806,99,11583,,totalTestEncountersViral,12877,,,,,,,,3/26/2020 16:00,2020-03-26T16:00:00Z,03/26 12:00,8,,,2020-03-26T16:00:00Z,,,,707,,,12877,,,,,,,,,,,,55,139,1494,12389,1625,12389,,1,0,c1166de8a4ebc3c311df7bfdb153821f6df56d53,0,0,0,0,0,
20200325,WI,667,82,10089,,totalTestEncountersViral,11252,,,,,,,,3/25/2020 16:00,2020-03-25T16:00:00Z,03/25 12:00,7,,,2020-03-25T16:00:00Z,,,,585,,,11252,,,,,,,,,,,,55,142,1852,10756,1646,10756,,2,0,f87e3ab02ad808ea05dd30a48b139ca4a8c5bcb7,0,0,0,0,0,
20200324,WI,525,68,8237,,totalTestEncountersViral,9606,,,,,,,,3/24/2020 16:00,2020-03-24T16:00:00Z,03/24 12:00,5,,,2020-03-24T16:00:00Z,,,,457,,,9606,,,,,,,,,,,,55,59,1187,8762,1259,8762,,0,0,535eeb90d4bc97980c7492e0b123d7ed912c2cde,0,0,0,0,0,
20200323,WI,466,50,7050,,totalTestEncountersViral,8347,,,,,,,,3/23/2020 16:00,2020-03-23T16:00:00Z,03/23 12:00,5,,,2020-03-23T16:00:00Z,,,,416,,,8347,,,,,,,,,,,,55,41,820,7516,987,7516,,1,0,f8ba67c54cb4190426c344b7e3a925e75aa860cb,0,0,0,0,0,
20200322,WI,425,40,6230,,totalTestEncountersViral,7360,,,,,,,,3/22/2020 04:00,2020-03-22T04:00:00Z,03/22 00:00,4,,,2020-03-22T04:00:00Z,,,,385,,,7360,,,,,,,,,,,,55,110,1602,6655,1310,6655,,0,0,66341d2ea3d996d4052c53d2b8a57e8589f87b73,0,0,0,0,0,
20200321,WI,315,34,4628,,totalTestEncountersViral,6050,,,,,,,,3/21/2020 16:00,2020-03-21T16:00:00Z,03/21 12:00,4,,,2020-03-21T16:00:00Z,,,,281,,,6050,,,,,,,,,,,,55,80,1173,4943,1602,4943,,1,0,87c2bd05913114a7f03c51511c096fae19d99983,0,0,0,0,0,
20200320,WI,235,29,3455,,totalTestEncountersViral,4448,,,,,,,,3/20/2020 16:00,2020-03-20T16:00:00Z,03/20 12:00,3,,,2020-03-20T16:00:00Z,,,,206,,,4448,,,,,,,,,,,,55,61,1263,3690,1263,3690,,3,0,7f5216ca12b6cfee29b7cc19d1ce003199f1fe35,0,0,0,0,0,
20200319,WI,174,19,2192,,totalTestEncountersViral,3185,,,,,,,,3/19/2020 16:00,2020-03-19T16:00:00Z,03/19 12:00,,,,2020-03-19T16:00:00Z,,,,155,,,3185,,,,,,,,,,,,55,53,615,2366,1055,2366,,0,0,1939446c97936872bc27fe3ed77e60604c13d32d,0,0,0,0,0,
20200318,WI,121,15,1577,,totalTestEncountersViral,2130,,,,,,,,3/17/2020 15:00,2020-03-17T15:00:00Z,03/17 11:00,,,,2020-03-17T15:00:00Z,,,,106,,,2130,,,,,,,,,,,,55,38,539,1698,810,1698,,0,0,e8c5f9c6217153228d08b058637b4d02d3a1c33d,0,0,0,0,0,
20200317,WI,83,11,1038,,totalTestEncountersViral,1320,,,,,,,,3/17/2020 15:00,2020-03-17T15:00:00Z,03/17 11:00,,,,2020-03-17T15:00:00Z,,,,72,,,1320,,,,,,,,,,,,55,27,534,1121,378,1121,,0,0,1586870d74370b020623d1a35056850a11f38bc8,0,0,0,0,0,
20200316,WI,56,9,504,,totalTestEncountersViral,942,,,,,,,,3/16/2020 15:06,2020-03-16T15:06:00Z,03/16 11:06,,,,2020-03-16T15:06:00Z,,,,47,,,942,,,,,,,,,,,,55,19,191,560,365,560,,0,0,fcefe61352e8243fc49cd2cdfb0da089749c0662,0,0,0,0,0,
20200315,WI,37,4,313,,totalTestEncountersViral,577,,,,,,,,3/14/2020 15:00,2020-03-14T15:00:00Z,03/14 11:00,,,,2020-03-14T15:00:00Z,,,,33,,,577,,,,,,,,,,,,55,14,144,350,271,350,,0,0,22a81834314e215abadca8a1a7d885b712d2a2d6,0,0,0,0,0,
20200314,WI,23,4,169,,totalTestEncountersViral,306,,,,,,,,3/13/2020 15:00,2020-03-13T15:00:00Z,03/13 11:00,,,,2020-03-13T15:00:00Z,,,,19,,,306,,,,,,,,,,,,55,0,0,192,130,192,,0,0,ef85e413a5756672eedbeae1c8f4980d5e425c42,0,0,0,0,0,
20200313,WI,23,4,169,,totalTestEncountersViral,176,,,,,,,,3/13/2020 15:00,2020-03-13T15:00:00Z,03/13 11:00,,,,2020-03-13T15:00:00Z,,,,19,,,176,,,,,,,,,,,,55,14,85,192,71,192,,0,0,db027dd899d1a1b025a93ebd65e4b74edb19415c,0,0,0,0,0,
20200312,WI,9,1,84,,totalTestEncountersViral,105,,,,,,,,3/12/2020 15:30,2020-03-12T15:30:00Z,03/12 11:30,,,,2020-03-12T15:30:00Z,,,,8,,,105,,,,,,,,,,,,55,6,41,93,46,93,,0,0,c4554ee62fa9587b4c214b1aeac1b0a454e9d89d,0,0,0,0,0,
20200311,WI,3,,43,,totalTestEncountersViral,59,,,,,,,,,,,,,,,,,,3,,,59,,,,,,,,,,,,55,1,7,46,19,46,,0,0,656a5beb2f6a4c5a254fb8a6dba2f4acee8d6a72,0,0,0,0,0,
20200310,WI,2,,36,,totalTestEncountersViral,40,,,,,,,,,,,,,,,,,,2,,,40,,,,,,,,,,,,55,1,0,38,9,38,,0,0,fe4929bf2a0c04ee157344795572c9a66df85be1,0,0,0,0,0,
20200309,WI,1,,36,,totalTestEncountersViral,31,,,,,,,,,,,,,,,,,,1,,,31,,,,,,,,,,,,55,0,5,37,0,37,,0,0,af1ab1ba6252a8113fe47faaa57b5afe2043a3f0,0,0,0,0,0,
20200308,WI,1,,31,12,totalTestEncountersViral,31,,,,,,,,,,,,,,,,,,1,,,31,,,,,,,,,,,,55,0,0,44,0,32,,0,0,82e2b3df8205f6f4dd7348cbd93ef645a92a3d62,0,0,0,0,0,
20200307,WI,1,,31,12,totalTestEncountersViral,31,,,,,,,,,,,,,,,,,,1,,,31,,,,,,,,,,,,55,0,0,44,10,32,,0,0,078f703acb259e3899af0d99a5d3e41d41848795,0,0,0,0,0,
20200306,WI,1,,31,12,totalTestEncountersViral,21,,,,,,,,,,,,,,,,,,1,,,21,,,,,,,,,,,,55,0,12,44,9,32,,0,0,e87a35e9bf59d2c731263612cd9832a34b0b9668,0,0,0,0,0,
20200305,WI,1,,19,6,totalTestEncountersViral,12,,,,,,,,,,,,,,,,,,1,,,12,,,,,,,,,,,,55,0,0,26,5,20,,0,0,0a683a837943b722a37d85e43f37e43d15903c6c,0,0,0,0,0,
20200304,WI,1,,19,6,totalTestEncountersViral,7,,,,,,,,,,,,,,,,,,1,,,7,,,,,,,,,,,,55,1,19,26,0,20,,0,0,23d37d633a3defa3160d79b737662faf54c711f0,0,0,0,0,0,
20200303,WI,,,,,totalTestEncountersViral,7,,,,,,,,,,,,,,,,,,,,,7,,,,,,,,,,,,55,0,0,0,0,0,,0,0,396b459dd3e046fa988c52d20decb73e17d331fc,0,0,0,0,0,
