date,state,positive,probableCases,negative,pending,totalTestResultsSource,totalTestResults,hospitalizedCurrently,hospitalizedCumulative,inIcuCurrently,inIcuCumulative,onVentilatorCurrently,onVentilatorCumulative,recovered,lastUpdateEt,dateModified,checkTimeEt,death,hospitalized,hospitalizedDischarged,dateChecked,totalTestsViral,positiveTestsViral,negativeTestsViral,positiveCasesViral,deathConfirmed,deathProbable,totalTestEncountersViral,totalTestsPeopleViral,totalTestsAntibody,positiveTestsAntibody,negativeTestsAntibody,totalTestsPeopleAntibody,positiveTestsPeopleAntibody,negativeTestsPeopleAntibody,totalTestsPeopleAntigen,positiveTestsPeopleAntigen,totalTestsAntigen,positiveTestsAntigen,fips,positiveIncrease,negativeIncrease,total,totalTestResultsIncrease,posNeg,dataQualityGrade,deathIncrease,hospitalizedIncrease,hash,commercialScore,negativeRegularScore,negativeScore,positiveScore,score,grade
20210307,DE,88354,4733,545070,,totalTestEncountersViral,1431942,104,,13,,,,,3/6/2021 18:00,2021-03-06T18:00:00Z,03/06 13:00,1473,,,2021-03-06T18:00:00Z,,91873,,83621,1337,136,1431942,633424,,,,,,,,,,,10,215,917,633424,5867,633424,,9,0,059d870e689d5cc19c35f5eb398214d7d9856373,0,0,0,0,0,
20210306,DE,88139,4715,544153,,totalTestEncountersViral,1426075,114,,12,,,,,3/5/2021 18:00,2021-03-05T18:00:00Z,03/05 13:00,1464,,,2021-03-05T18:00:00Z,,91685,,83424,1328,136,1426075,632292,,,,,,,,,,,10,265,1362,632292,8757,632292,,11,0,0c0d7ba9adc97456b67de8b807dee6a2cf3a47f0,0,0,0,0,0,
20210305,DE,87874,4687,542791,,totalTestEncountersViral,1417318,127,,15,,,,,3/4/2021 18:00,2021-03-04T18:00:00Z,03/04 13:00,1453,,,2021-03-04T18:00:00Z,,91372,,83187,1317,136,1417318,630665,,,,,,,,,,,10,231,1020,630665,3678,630665,,9,0,1595f00ddc9f1b0e38a9f4f568d850ca24c30bc7,0,0,0,0,0,
20210304,DE,87643,4672,541771,,totalTestEncountersViral,1413640,130,,18,,,,,3/3/2021 18:00,2021-03-03T18:00:00Z,03/03 13:00,1444,,,2021-03-03T18:00:00Z,,91186,,82971,1308,136,1413640,629414,,,,,,,,,,,10,218,807,629414,3724,629414,,4,0,bfd86c8bc01aad3ed98a58914737f44bc92b594f,0,0,0,0,0,
20210303,DE,87425,4648,540964,,totalTestEncountersViral,1409916,135,,17,,,,,3/2/2021 18:00,2021-03-02T18:00:00Z,03/02 13:00,1440,,,2021-03-02T18:00:00Z,,91050,,82777,1304,136,1409916,628389,,,,,,,,,,,10,232,1073,628389,4613,628389,,14,0,0bc8d5cd694c4a22e32aa076c0b52c0088300e42,0,0,0,0,0,
20210302,DE,87193,4622,539891,,totalTestEncountersViral,1405303,151,,18,,,,,3/1/2021 18:00,2021-03-01T18:00:00Z,03/01 13:00,1426,,,2021-03-01T18:00:00Z,,90814,,82571,1290,136,1405303,627084,,,,,,,,,,,10,113,340,627084,4849,627084,,4,0,63af933b9ffc531036ba2587a43058e0f35b1fd3,0,0,0,0,0,
20210301,DE,87080,4604,539551,,totalTestEncountersViral,1400454,151,,23,,,,,2/28/2021 18:00,2021-02-28T18:00:00Z,02/28 13:00,1422,,,2021-02-28T18:00:00Z,,90549,,82476,1286,136,1400454,626631,,,,,,,,,,,10,281,907,626631,4870,626631,,0,0,340afbad5ed15783b464a0a6f509f6eec1414dd8,0,0,0,0,0,
20210228,DE,86799,4581,538644,,totalTestEncountersViral,1395584,142,,22,,,,,2/27/2021 18:00,2021-02-27T18:00:00Z,02/27 13:00,1422,,,2021-02-27T18:00:00Z,,90267,,82218,1286,136,1395584,625443,,,,,,,,,,,10,282,1037,625443,8220,625443,,4,0,d658c01e49ecc814b9b263e5844f82f365a843fa,0,0,0,0,0,
20210227,DE,86517,4565,537607,,totalTestEncountersViral,1387364,159,,22,,,,,2/26/2021 18:00,2021-02-26T18:00:00Z,02/26 13:00,1418,,,2021-02-26T18:00:00Z,,89959,,81952,1283,135,1387364,624124,,,,,,,,,,,10,419,1425,624124,9562,624124,,0,0,76fc3b122563952da8b9f6dfc3d5f46e88dd2406,0,0,0,0,0,
20210226,DE,86098,4552,536182,,totalTestEncountersViral,1377802,156,,26,,,,,2/25/2021 18:00,2021-02-25T18:00:00Z,02/25 13:00,1418,,,2021-02-25T18:00:00Z,,89597,,81546,1283,135,1377802,622280,,,,,,,,,,,10,297,1217,622280,6251,622280,,12,0,4b754a12f2b1590c46d68c4f7bd5bc6d98e41498,0,0,0,0,0,
20210225,DE,85801,4544,534965,,totalTestEncountersViral,1371551,164,,26,,,,,2/24/2021 18:00,2021-02-24T18:00:00Z,02/24 13:00,1406,,,2021-02-24T18:00:00Z,,89237,,81257,1273,133,1371551,620766,,,,,,,,,,,10,295,1061,620766,2817,620766,,4,0,42eecd1f223140c3552f46ded588a4d75d4e4a87,0,0,0,0,0,
20210224,DE,85506,4515,533904,,totalTestEncountersViral,1368734,182,,27,,,,,2/23/2021 18:00,2021-02-23T18:00:00Z,02/23 13:00,1402,,,2021-02-23T18:00:00Z,,89126,,80991,1269,133,1368734,619410,,,,,,,,,,,10,278,1231,619410,5059,619410,,23,0,fc43ea23c4303a5eaaedc86de2f02d3ed7defd03,0,0,0,0,0,
20210223,DE,85228,4484,532673,,totalTestEncountersViral,1363675,181,,27,,,,,2/22/2021 18:00,2021-02-22T18:00:00Z,02/22 13:00,1379,,,2021-02-22T18:00:00Z,,88810,,80744,1248,131,1363675,617901,,,,,,,,,,,10,138,221,617901,4416,617901,,11,0,65ca65a63b9912f050c966cb0f1b47dd18e0596f,0,0,0,0,0,
20210222,DE,85090,4481,532452,,totalTestEncountersViral,1359259,182,,19,,,,,2/21/2021 18:00,2021-02-21T18:00:00Z,02/21 13:00,1368,,,2021-02-21T18:00:00Z,,88513,,80609,1237,131,1359259,617542,,,,,,,,,,,10,358,847,617542,2288,617542,,1,0,49d6e3a9493887fbf93db92617c661077e54fd2e,0,0,0,0,0,
20210221,DE,84732,4441,531605,,totalTestEncountersViral,1356971,175,,24,,,,,2/20/2021 18:00,2021-02-20T18:00:00Z,02/20 13:00,1367,,,2021-02-20T18:00:00Z,,88415,,80291,1236,131,1356971,616337,,,,,,,,,,,10,201,687,616337,8317,616337,,1,0,d999029d89d01efe38bf71298c7794df96ce02d8,0,0,0,0,0,
20210220,DE,84531,4414,530918,,totalTestEncountersViral,1348654,178,,21,,,,,2/19/2021 18:00,2021-02-19T18:00:00Z,02/19 13:00,1366,,,2021-02-19T18:00:00Z,,88110,,80117,1235,131,1348654,615449,,,,,,,,,,,10,350,1111,615449,6735,615449,,23,0,410c861c894eae32dab86aba83dfb1923713908b,0,0,0,0,0,
20210219,DE,84181,4384,529807,,totalTestEncountersViral,1341919,173,,20,,,,,2/18/2021 18:00,2021-02-18T18:00:00Z,02/18 13:00,1343,,,2021-02-18T18:00:00Z,,87719,,79797,1213,130,1341919,613988,,,,,,,,,,,10,329,1165,613988,6322,613988,,17,0,0d796e33e1887b4449fd3c1d2760c959489b7875,0,0,0,0,0,
20210218,DE,83852,4346,528642,,totalTestEncountersViral,1335597,197,,18,,,,,2/17/2021 18:00,2021-02-17T18:00:00Z,02/17 13:00,1326,,,2021-02-17T18:00:00Z,,87442,,79506,1196,130,1335597,612494,,,,,,,,,,,10,271,1020,612494,2593,612494,,10,0,ed9a5679fbddcd3e1b9ffe9784753e20d96eb238,0,0,0,0,0,
20210217,DE,83581,4324,527622,,totalTestEncountersViral,1333004,195,,15,,,,,2/16/2021 18:00,2021-02-16T18:00:00Z,02/16 13:00,1316,,,2021-02-16T18:00:00Z,,87335,,79257,1190,126,1333004,611203,,,,,,,,,,,10,212,1233,611203,5155,611203,,25,0,a078b09dec97d800a58b9c98a9cd0fee57199cde,0,0,0,0,0,
20210216,DE,83369,4298,526389,,totalTestEncountersViral,1327849,186,,17,,,,,2/15/2021 18:00,2021-02-15T18:00:00Z,02/15 13:00,1291,,,2021-02-15T18:00:00Z,,87082,,79071,1168,123,1327849,609758,,,,,,,,,,,10,130,305,609758,4758,609758,,8,0,c35375b2695dd38afb7237230afac88a8c916eec,0,0,0,0,0,
20210215,DE,83239,4285,526084,,totalTestEncountersViral,1323091,200,,19,,,,,2/14/2021 18:00,2021-02-14T18:00:00Z,02/14 13:00,1283,,,2021-02-14T18:00:00Z,,86783,,78954,1160,123,1323091,609323,,,,,,,,,,,10,236,766,609323,3871,609323,,0,0,d0664880d1b60b4759cc5fcd77cf2540ecf57d3f,0,0,0,0,0,
20210214,DE,83003,4260,525318,,totalTestEncountersViral,1319220,216,,18,,,,,2/13/2021 18:00,2021-02-13T18:00:00Z,02/13 13:00,1283,,,2021-02-13T18:00:00Z,,86579,,78743,1160,123,1319220,608321,,,,,,,,,,,10,331,1313,608321,9832,608321,,1,0,77cede57761392e4bfae4d5233868f66e8936af0,0,0,0,0,0,
20210213,DE,82672,4213,524005,,totalTestEncountersViral,1309388,282,,20,,,,,2/12/2021 18:00,2021-02-12T18:00:00Z,02/12 13:00,1282,,,2021-02-12T18:00:00Z,,86129,,78459,1159,123,1309388,606677,,,,,,,,,,,10,409,2034,606677,9113,606677,,13,0,39fd7a9331b4a8e692a379c9a6a52ca3db5bc516,0,0,0,0,0,
20210212,DE,82263,4197,521971,,totalTestEncountersViral,1300275,247,,23,,,,,2/11/2021 18:00,2021-02-11T18:00:00Z,02/11 13:00,1269,,,2021-02-11T18:00:00Z,,85725,,78066,1148,121,1300275,604234,,,,,,,,,,,10,388,1510,604234,7055,604234,,7,0,c5edec0be9f4574f64633e94379d06afdaf8ef19,0,0,0,0,0,
20210211,DE,81875,4138,520461,,totalTestEncountersViral,1293220,253,,24,,,,,2/10/2021 18:00,2021-02-10T18:00:00Z,02/10 13:00,1262,,,2021-02-10T18:00:00Z,,85297,,77737,1141,121,1293220,602336,,,,,,,,,,,10,414,1357,602336,3937,602336,,17,0,3ecd09d946c2a67f855be091bd5f8ed1c35593f1,0,0,0,0,0,
20210210,DE,81461,4101,519104,,totalTestEncountersViral,1289283,252,,25,,,,,2/9/2021 18:00,2021-02-09T18:00:00Z,02/09 13:00,1245,,,2021-02-09T18:00:00Z,,85005,,77360,1127,118,1289283,600565,,,,,,,,,,,10,251,755,600565,3470,600565,,24,0,7231bfb33de0e144cb879a49545ffccb6579ab90,0,0,0,0,0,
20210209,DE,81210,4069,518349,,totalTestEncountersViral,1285813,254,,27,,,,,2/8/2021 18:00,2021-02-08T18:00:00Z,02/08 13:00,1221,,,2021-02-08T18:00:00Z,,84811,,77141,1104,117,1285813,599559,,,,,,,,,,,10,279,829,599559,7785,599559,,13,0,de4e20a2647cdc25d247ffb23539a998518e458c,0,0,0,0,0,
20210208,DE,80931,4031,517520,,totalTestEncountersViral,1278028,243,,32,,,,,2/7/2021 18:00,2021-02-07T18:00:00Z,02/07 13:00,1208,,,2021-02-07T18:00:00Z,,84228,,76900,1091,117,1278028,598451,,,,,,,,,,,10,337,863,598451,8140,598451,,0,0,fefb0fbaebdf803bd76ce4aae127585d89528cda,0,0,0,0,0,
20210207,DE,80594,4000,516657,,totalTestEncountersViral,1269888,263,,33,,,,,2/6/2021 18:00,2021-02-06T18:00:00Z,02/06 13:00,1208,,,2021-02-06T18:00:00Z,,83588,,76594,1091,117,1269888,597251,,,,,,,,,,,10,762,1736,597251,9233,597251,,6,0,ca22037c23bcbeee256c1954f8a35737d4e66a39,0,0,0,0,0,
20210206,DE,79832,3957,514921,,totalTestEncountersViral,1260655,267,,31,,,,,2/5/2021 18:00,2021-02-05T18:00:00Z,02/05 13:00,1202,,,2021-02-05T18:00:00Z,,83169,,75875,1087,115,1260655,594753,,,,,,,,,,,10,286,1742,594753,7001,594753,,11,0,224b43d09a98421e5da4380ad4a7797fa8f1f56d,0,0,0,0,0,
20210205,DE,79546,3957,513179,,totalTestEncountersViral,1253654,290,,40,,,,,2/4/2021 18:00,2021-02-04T18:00:00Z,02/04 13:00,1191,,,2021-02-04T18:00:00Z,,82785,,75589,1076,115,1253654,592725,,,,,,,,,,,10,321,1119,592725,2802,592725,,56,0,baf7a52a47cc0b5370070c04dfb612c3b85cfd1a,0,0,0,0,0,
20210204,DE,79225,3949,512060,,totalTestEncountersViral,1250852,315,,39,,,,,2/3/2021 18:00,2021-02-03T18:00:00Z,02/03 13:00,1135,,,2021-02-03T18:00:00Z,,82586,,75276,1022,113,1250852,591285,,,,,,,,,,,10,243,729,591285,1561,591285,,5,0,1fd663e85aa2e66457337e48d78f97231d1f5458,0,0,0,0,0,
20210203,DE,78982,3908,511331,,totalTestEncountersViral,1249291,332,,44,,,,,2/2/2021 18:00,2021-02-02T18:00:00Z,02/02 13:00,1130,,,2021-02-02T18:00:00Z,,82487,,75074,1017,113,1249291,590313,,,,,,,,,,,10,286,1574,590313,5702,590313,,22,0,2153b1e68f5ac4bfc51591dfbb534a985cb19fe7,0,0,0,0,0,
20210202,DE,78696,3869,509757,,totalTestEncountersViral,1243589,326,,42,,,,,2/1/2021 18:00,2021-02-01T18:00:00Z,02/01 13:00,1108,,,2021-02-01T18:00:00Z,,82026,,74827,997,111,1243589,588453,,,,,,,,,,,10,201,437,588453,6669,588453,,7,0,3a3934e4a90cc59384c0783aa8d21295971f3491,0,0,0,0,0,
20210201,DE,78495,3817,509320,,totalTestEncountersViral,1236920,321,,39,,,,,1/31/2021 18:00,2021-01-31T18:00:00Z,01/31 13:00,1101,,,2021-01-31T18:00:00Z,,81472,,74678,991,110,1236920,587815,,,,,,,,,,,10,424,1379,587815,6037,587815,,11,0,72c36d255a1abf9cc47792825ced2ba83393621a,0,0,0,0,0,
20210131,DE,78071,3792,507941,,totalTestEncountersViral,1230883,315,,43,,,,,1/30/2021 18:00,2021-01-30T18:00:00Z,01/30 13:00,1090,,,2021-01-30T18:00:00Z,,80995,,74279,982,108,1230883,586012,,,,,,,,,,,10,520,1680,586012,9697,586012,,9,0,22dc7d776d4cf7abb63772c910829b5b8d59e624,0,0,0,0,0,
20210130,DE,77551,3738,506261,,totalTestEncountersViral,1221186,303,,43,,,,,1/29/2021 18:00,2021-01-29T18:00:00Z,01/29 13:00,1081,,,2021-01-29T18:00:00Z,,80445,,73813,974,107,1221186,583812,,,,,,,,,,,10,616,2176,583812,9656,583812,,3,0,a057f7685ce9d5bc60e8154863479098a94a0c53,0,0,0,0,0,
20210129,DE,76935,3682,504085,,totalTestEncountersViral,1211530,320,,46,,,,,1/28/2021 18:00,2021-01-28T18:00:00Z,01/28 13:00,1078,,,2021-01-28T18:00:00Z,,79929,,73253,971,107,1211530,581020,,,,,,,,,,,10,440,1542,581020,8319,581020,,3,0,676960718340dcd99897b7ae90a34abd8913dfee,0,0,0,0,0,
20210128,DE,76495,3645,502543,,totalTestEncountersViral,1203211,333,,51,,,,,1/27/2021 18:00,2021-01-27T18:00:00Z,01/27 13:00,1075,,,2021-01-27T18:00:00Z,,79306,,72850,968,107,1203211,579038,,,,,,,,,,,10,663,1961,579038,3076,579038,,3,0,e5898cae1f56604c5971aa5ed7197012e6af7fbb,0,0,0,0,0,
20210127,DE,75832,3565,500582,,totalTestEncountersViral,1200135,355,,48,,,,,1/26/2021 18:00,2021-01-26T18:00:00Z,01/26 13:00,1072,,,2021-01-26T18:00:00Z,,79110,,72267,965,107,1200135,576414,,,,,,,,,,,10,342,1725,576414,7403,576414,,7,0,57a8d81bb495aaf26df66830fa98b57e9a30ac2f,0,0,0,0,0,
20210126,DE,75490,3507,498857,,totalTestEncountersViral,1192732,383,,47,,,,,1/25/2021 18:00,2021-01-25T18:00:00Z,01/25 13:00,1065,,,2021-01-25T18:00:00Z,,78557,,71983,958,107,1192732,574347,,,,,,,,,,,10,299,634,574347,7775,574347,,16,0,e6635e6e70bdb42df26bb8a9f70929a414c3444a,0,0,0,0,0,
20210125,DE,75191,3464,498223,,totalTestEncountersViral,1184957,385,,50,,,,,1/24/2021 18:00,2021-01-24T18:00:00Z,01/24 13:00,1049,,,2021-01-24T18:00:00Z,,77834,,71727,942,107,1184957,573414,,,,,,,,,,,10,616,2081,573414,8116,573414,,8,0,3743644f74d018fc07088094529d6e7b63196c59,0,0,0,0,0,
20210124,DE,74575,3463,496142,,totalTestEncountersViral,1176841,388,,52,,,,,1/23/2021 18:00,2021-01-23T18:00:00Z,01/23 13:00,1041,,,2021-01-23T18:00:00Z,,77099,,71112,934,107,1176841,570717,,,,,,,,,,,10,660,1432,570717,8844,570717,,5,0,3c0ddfb58ef51c4fa8fe5db5ede387e6645f91ae,0,0,0,0,0,
20210123,DE,73915,3435,494710,,totalTestEncountersViral,1167997,401,,55,,,,,1/22/2021 18:00,2021-01-22T18:00:00Z,01/22 13:00,1036,,,2021-01-22T18:00:00Z,,76487,,70480,929,107,1167997,568625,,,,,,,,,,,10,682,2238,568625,10871,568625,,9,0,80ac8e4b708059d4f5034dd468b1299a338acbb0,0,0,0,0,0,
20210122,DE,73233,3373,492472,,totalTestEncountersViral,1157126,420,,59,,,,,1/21/2021 18:00,2021-01-21T18:00:00Z,01/21 13:00,1027,,,2021-01-21T18:00:00Z,,75751,,69860,920,107,1157126,565705,,,,,,,,,,,10,710,2006,565705,8760,565705,,0,0,992e83f3b1a59a364abc4f090c96d6a3eb141671,0,0,0,0,0,
20210121,DE,72523,3302,490466,,totalTestEncountersViral,1148366,448,,60,,,,,1/20/2021 18:00,2021-01-20T18:00:00Z,01/20 13:00,1027,,,2021-01-20T18:00:00Z,,74937,,69221,920,107,1148366,562989,,,,,,,,,,,10,748,1741,562989,6275,562989,,1,0,f6af865791caae7c8050d400b637e7c4683ce564,0,0,0,0,0,
20210120,DE,71775,3243,488725,,totalTestEncountersViral,1142091,456,,53,,,,,1/19/2021 18:00,2021-01-19T18:00:00Z,01/19 13:00,1026,,,2021-01-19T18:00:00Z,,74311,,68532,919,107,1142091,560500,,,,,,,,,,,10,464,1737,560500,7640,560500,,5,0,4788265b88e49a75a9ea1e866876528a565b3258,0,0,0,0,0,
20210119,DE,71311,3216,486988,,totalTestEncountersViral,1134451,454,,53,,,,,1/18/2021 18:00,2021-01-18T18:00:00Z,01/18 13:00,1021,,,2021-01-18T18:00:00Z,,73600,,68095,915,106,1134451,558299,,,,,,,,,,,10,401,988,558299,7821,558299,,5,0,06373993786a49a9b6048408ade2287db6ddb221,0,0,0,0,0,
20210118,DE,70910,3205,486000,,totalTestEncountersViral,1126630,434,,55,,,,,1/17/2021 18:00,2021-01-17T18:00:00Z,01/17 13:00,1016,,,2021-01-17T18:00:00Z,,72747,,67705,910,106,1126630,556910,,,,,,,,,,,10,616,1539,556910,10468,556910,,0,0,50fdab77b158e29e70e0f9a9d794fea1df3faea9,0,0,0,0,0,
20210117,DE,70294,3197,484461,,totalTestEncountersViral,1116162,450,,57,,,,,1/16/2021 18:00,2021-01-16T18:00:00Z,01/16 13:00,1016,,,2021-01-16T18:00:00Z,,71884,,67097,910,106,1116162,554755,,,,,,,,,,,10,922,2670,554755,8031,554755,,0,0,7fcd064f0218f275ffefb53765fd1ecc4af77a08,0,0,0,0,0,
20210116,DE,69372,3146,481791,,totalTestEncountersViral,1108131,441,,54,,,,,1/15/2021 18:00,2021-01-15T18:00:00Z,01/15 13:00,1016,,,2021-01-15T18:00:00Z,,71272,,66226,910,106,1108131,551163,,,,,,,,,,,10,645,1525,551163,6641,551163,,14,0,8cd9b13732bf97cbd7c70d5b36390f2679339b92,0,0,0,0,0,
20210115,DE,68727,3078,480266,,totalTestEncountersViral,1101490,451,,56,,,,,1/14/2021 18:00,2021-01-14T18:00:00Z,01/14 13:00,1002,,,2021-01-14T18:00:00Z,,70699,,65649,897,105,1101490,548993,,,,,,,,,,,10,662,1932,548993,11518,548993,,7,0,e3ae7d8ddae4376787b60ec2117faeeb5f327619,0,0,0,0,0,
20210114,DE,68065,3034,478334,,totalTestEncountersViral,1089972,466,,56,,,,,1/13/2021 18:00,2021-01-13T18:00:00Z,01/13 13:00,995,,,2021-01-13T18:00:00Z,,69690,,65031,890,105,1089972,546399,,,,,,,,,,,10,892,2154,546399,8527,546399,,1,0,3888579b974caab922d34ffb7969264a1c9b9433,0,0,0,0,0,
20210113,DE,67173,2979,476180,,totalTestEncountersViral,1081445,474,,55,,,,,1/12/2021 18:00,2021-01-12T18:00:00Z,01/12 13:00,994,,,2021-01-12T18:00:00Z,,68972,,64194,889,105,1081445,543353,,,,,,,,,,,10,727,2893,543353,7745,543353,,3,0,29beea76cd1cd0569b2c4d2093becc26156593ed,0,0,0,0,0,
20210112,DE,66446,2914,473287,,totalTestEncountersViral,1073700,473,,55,,,,,1/11/2021 18:00,2021-01-11T18:00:00Z,01/11 13:00,991,,,2021-01-11T18:00:00Z,,68284,,63532,886,105,1073700,539733,,,,,,,,,,,10,619,1133,539733,9900,539733,,5,0,e1884a170aac6d45d7c27dec43a7991f6e1cdc45,0,0,0,0,0,
20210111,DE,65827,2867,472154,,totalTestEncountersViral,1063800,471,,58,,,,,1/10/2021 18:00,2021-01-10T18:00:00Z,01/10 13:00,986,,,2021-01-10T18:00:00Z,,67385,,62960,881,105,1063800,537981,,,,,,,,,,,10,554,1869,537981,10925,537981,,14,0,0c5f35f25103d441483136d832fa590d904c8970,0,0,0,0,0,
20210110,DE,65273,2864,470285,,totalTestEncountersViral,1052875,472,,62,,,,,1/9/2021 18:00,2021-01-09T18:00:00Z,01/09 13:00,972,,,2021-01-09T18:00:00Z,,66469,,62409,869,103,1052875,535558,,,,,,,,,,,10,798,2636,535558,8365,535558,,3,0,99cc15102970bfbf1fd084507e4f543543fcbb67,0,0,0,0,0,
20210109,DE,64475,2791,467649,,totalTestEncountersViral,1044510,464,,62,,,,,1/8/2021 18:00,2021-01-08T18:00:00Z,01/08 13:00,969,,,2021-01-08T18:00:00Z,,65879,,61684,866,103,1044510,532124,,,,,,,,,,,10,972,2262,532124,5091,532124,,12,0,224984a8886013f53f51e1e4c2996f7778e752e5,0,0,0,0,0,
20210108,DE,63503,2745,465387,,totalTestEncountersViral,1039419,451,,59,,,,,1/17/2021 18:00,2021-01-17T18:00:00Z,01/17 13:00,957,,,2021-01-17T18:00:00Z,,65388,,60758,854,103,1039419,528890,,,,,,,,,,,10,554,1411,528890,9983,528890,,8,0,84bee46df6ce5a3be228e1c6c0c68330b159fa42,0,0,0,0,0,
20210107,DE,62949,2675,463976,,totalTestEncountersViral,1029436,453,,57,,,,,1/6/2021 18:00,2021-01-06T18:00:00Z,01/06 13:00,949,,,2021-01-06T18:00:00Z,,64153,,60274,846,103,1029436,526925,,,,,,,,,,,10,1220,1779,526925,9107,526925,,2,0,b1e27162f0c17b98e0eb27c799e3e4020f470efb,0,0,0,0,0,
20210106,DE,61729,2595,462197,,totalTestEncountersViral,1020329,458,,65,,,,,1/5/2021 18:00,2021-01-05T18:00:00Z,01/05 13:00,947,,,2021-01-05T18:00:00Z,,63121,,59134,844,103,1020329,523926,,,,,,,,,,,10,629,1547,523926,6606,523926,,0,0,51882b4a4cbc2b5a519734df3213b540a6629728,0,0,0,0,0,
20210105,DE,61100,2540,460650,,totalTestEncountersViral,1013723,431,,56,,,,,1/4/2021 18:00,2021-01-04T18:00:00Z,01/04 13:00,947,,,2021-01-04T18:00:00Z,,62434,,58560,844,103,1013723,521750,,,,,,,,,,,10,767,1563,521750,9544,521750,,10,0,95bc62cb8d8c1377ba467a4bf0a1c933ae1e7193,0,0,0,0,0,
20210104,DE,60333,2491,459087,,totalTestEncountersViral,1004179,432,,52,,,,,1/3/2021 18:00,2021-01-03T18:00:00Z,01/03 13:00,937,,,2021-01-03T18:00:00Z,,61515,,57842,834,103,1004179,519420,,,,,,,,,,,10,849,1801,519420,8083,519420,,7,0,5f0570352466e63e3fd44466dc87b97fb066f400,0,0,0,0,0,
20210103,DE,59484,2449,457286,,totalTestEncountersViral,996096,421,,53,,,,,1/2/2021 18:00,2021-01-02T18:00:00Z,01/02 13:00,930,,,2021-01-02T18:00:00Z,,60849,,57035,828,102,996096,516770,,,,,,,,,,,10,611,1324,516770,4778,516770,,0,0,9f6d7e3a504ee3a00d99dd2d3f910084e6b36581,0,0,0,0,0,
20210102,DE,58873,2418,455962,,totalTestEncountersViral,991318,412,,59,,,,,1/1/2021 18:00,2021-01-01T18:00:00Z,01/01 13:00,930,,,2021-01-01T18:00:00Z,,60390,,56455,828,102,991318,514835,,,,,,,,,,,10,809,2102,514835,6712,514835,,0,0,107ecd7be6503d31c99332c90cf082549c959305,0,0,0,0,0,
20210101,DE,58064,2394,453860,,totalTestEncountersViral,984606,412,,58,,,,,12/31/2020 18:00,2020-12-31T18:00:00Z,12/31 13:00,930,,,2020-12-31T18:00:00Z,,59741,,55670,828,102,984606,511924,,,,,,,,,,,10,608,1231,511924,6402,511924,,4,0,8831541d2e95b7837ecad1b25207fa6241903254,0,0,0,0,0,
20201231,DE,57456,2344,452629,,totalTestEncountersViral,978204,411,,58,,,,,12/30/2020 18:00,2020-12-30T18:00:00Z,12/30 13:00,926,,,2020-12-30T18:00:00Z,,59007,,55112,824,102,978204,510085,,,,,,,,,,,10,860,1747,510085,5648,510085,,5,0,126c7294cfd2ac03e5671ba18c376a25fdb53ef3,0,0,0,0,0,
20201230,DE,56596,2304,450882,,totalTestEncountersViral,972556,425,,56,,,,,12/29/2020 18:00,2020-12-29T18:00:00Z,12/29 13:00,921,,,2020-12-29T18:00:00Z,,58156,,54292,819,102,972556,507478,,,,,,,,,,,10,407,1259,507478,5685,507478,,23,0,4415b4d319c69ead028844af7dedf7f3f910733a,0,0,0,0,0,
20201229,DE,56189,2270,449623,,totalTestEncountersViral,966871,427,,60,,,,,12/28/2020 18:00,2020-12-28T18:00:00Z,12/28 13:00,898,,,2020-12-28T18:00:00Z,,57650,,53919,798,100,966871,505812,,,,,,,,,,,10,701,1454,505812,10505,505812,,0,0,da513e3fead17e38f5e17f3759c4af034b965f94,0,0,0,0,0,
20201228,DE,55488,2200,448169,,totalTestEncountersViral,956366,428,,60,,,,,12/27/2020 18:00,2020-12-27T18:00:00Z,12/27 13:00,898,,,2020-12-27T18:00:00Z,,56881,,53288,798,100,956366,503657,,,,,,,,,,,10,431,1222,503657,10026,503657,,1,0,a7a684dd56161319209bc69ae077ca96215d2bf9,0,0,0,0,0,
20201227,DE,55057,2196,446947,,totalTestEncountersViral,946340,403,,64,,,,,12/26/2020 18:00,2020-12-26T18:00:00Z,12/26 13:00,897,,,2020-12-26T18:00:00Z,,56125,,52861,797,100,946340,502004,,,,,,,,,,,10,584,1673,502004,7111,502004,,2,0,252435839a8a7e1477479e63234f51172a9a9ff0,0,0,0,0,0,
20201226,DE,54473,2185,445274,,totalTestEncountersViral,939229,400,,55,,,,,12/25/2020 18:00,2020-12-25T18:00:00Z,12/25 13:00,895,,,2020-12-25T18:00:00Z,,55667,,52288,795,100,939229,499747,,,,,,,,,,,10,820,2518,499747,9800,499747,,4,0,4e8bee6da90d4f41af270e0c44ecea823e4cad06,0,0,0,0,0,
20201225,DE,53653,2167,442756,,totalTestEncountersViral,929429,404,,62,,,,,12/24/2020 18:00,2020-12-24T18:00:00Z,12/24 13:00,891,,,2020-12-24T18:00:00Z,,54697,,51486,791,100,929429,496409,,,,,,,,,,,10,638,2121,496409,7846,496409,,3,0,27569a8241d994a8f4b56b935737dcbf21be8af6,0,0,0,0,0,
20201224,DE,53015,2128,440635,,totalTestEncountersViral,921583,426,,60,,,,,12/23/2020 18:00,2020-12-23T18:00:00Z,12/23 13:00,888,,,2020-12-23T18:00:00Z,,53999,,50887,788,100,921583,493650,,,,,,,,,,,10,780,2622,493650,7829,493650,,16,0,1adf41b3102b93530d115744615de9741dd37582,0,0,0,0,0,
20201223,DE,52235,2096,438013,,totalTestEncountersViral,913754,454,,64,,,,,12/22/2020 18:00,2020-12-22T18:00:00Z,12/22 13:00,872,,,2020-12-22T18:00:00Z,,53197,,50139,772,100,913754,490248,,,,,,,,,,,10,612,1361,490248,3382,490248,,0,0,9eeb58f38da65f1e0488c8e30522beac8282935f,0,0,0,0,0,
20201222,DE,51623,1996,436652,,totalTestEncountersViral,910372,433,,61,,,,,12/21/2020 18:00,2020-12-21T18:00:00Z,12/21 13:00,872,,,2020-12-21T18:00:00Z,,52822,,49627,772,100,910372,488275,,,,,,,,,,,10,567,1604,488275,4808,488275,,1,0,2012c0fc2c4d36a81e363292f9bd6e2e69c9bd5b,0,0,0,0,0,
20201221,DE,51056,1929,435048,,totalTestEncountersViral,905564,419,,67,,,,,12/20/2020 18:00,2020-12-20T18:00:00Z,12/20 13:00,871,,,2020-12-20T18:00:00Z,,52421,,49127,771,100,905564,486104,,,,,,,,,,,10,440,1605,486104,7129,486104,,9,0,4250820f6bf4e3b8c19c839e9bf42ea329a4db4b,0,0,0,0,0,
20201220,DE,50616,1916,433443,,totalTestEncountersViral,898435,410,,66,,,,,12/19/2020 18:00,2020-12-19T18:00:00Z,12/19 13:00,862,,,2020-12-19T18:00:00Z,,51759,,48700,762,100,898435,484059,,,,,,,,,,,10,480,1554,484059,7996,484059,,4,0,98551b7a633aaef70aa5459f896862a3ddecdbf9,0,0,0,0,0,
20201219,DE,50136,1887,431889,,totalTestEncountersViral,890439,411,,59,,,,,12/18/2020 18:00,2020-12-18T18:00:00Z,12/18 13:00,858,,,2020-12-18T18:00:00Z,,51003,,48249,758,100,890439,482025,,,,,,,,,,,10,1027,2892,482025,7520,482025,,4,0,fff350da094cc58dd85bcf5e9e4132d02e69cf84,0,0,0,0,0,
20201218,DE,49109,1875,428997,,totalTestEncountersViral,882919,407,,68,,,,,12/17/2020 18:00,2020-12-17T18:00:00Z,12/17 13:00,854,,,2020-12-17T18:00:00Z,,50385,,47234,755,99,882919,478106,,,,,,,,,,,10,341,1090,478106,8332,478106,,9,0,b3004d9eba40df884efa429ff8ce55f5f856b206,0,0,0,0,0,
20201217,DE,48768,1871,427907,,totalTestEncountersViral,874587,407,,58,,,,,12/16/2020 18:00,2020-12-16T18:00:00Z,12/16 13:00,845,,,2020-12-16T18:00:00Z,,49471,,46897,745,100,874587,476675,,,,,,,,,,,10,839,2343,476675,10563,476675,,12,0,5d1e4424ae9713ba3c7c5e3ccd100bddef7cc282,0,0,0,0,0,
20201216,DE,47929,1813,425564,,totalTestEncountersViral,864024,400,,54,,,,,12/15/2020 18:00,2020-12-15T18:00:00Z,12/15 13:00,833,,,2020-12-15T18:00:00Z,,48504,,46116,735,98,864024,473493,,,,,,,,,,,10,787,2535,473493,9676,473493,,7,0,88f6bf892f28904a211bb5eb9d7661335c06b66d,0,0,0,0,0,
20201215,DE,47142,1761,423029,,totalTestEncountersViral,854348,376,,62,,,,,12/14/2020 18:00,2020-12-14T18:00:00Z,12/14 13:00,826,,,2020-12-14T18:00:00Z,,47589,,45381,728,98,854348,470171,,,,,,,,,,,10,685,2073,470171,8556,470171,,10,0,0618827e2600595baa073927b533b711fc85c0b3,0,0,0,0,0,
20201214,DE,46457,1749,420956,,totalTestEncountersViral,845792,373,,50,,,,,12/13/2020 18:00,2020-12-13T18:00:00Z,12/13 13:00,816,,,2020-12-13T18:00:00Z,,46835,,44708,719,97,845792,467413,,,,,,,,,,,10,997,3053,467413,9931,467413,,0,0,8dc6835965d4fb06fe955b8ed42d250ea8a1e1a3,0,0,0,0,0,
20201213,DE,45460,1741,417903,,totalTestEncountersViral,835861,357,,55,,,,,12/12/2020 18:00,2020-12-12T18:00:00Z,12/12 13:00,816,,,2020-12-12T18:00:00Z,,45648,,43719,719,97,835861,463363,,,,,,,,,,,10,584,2079,463363,6829,463363,,1,0,411a8e92cceccfeaac27bfadcc5e99a70f9df6fa,0,0,0,0,0,
20201212,DE,44876,1719,415824,,totalTestEncountersViral,829032,348,,52,,,,,12/11/2020 18:00,2020-12-11T18:00:00Z,12/11 13:00,815,,,2020-12-11T18:00:00Z,,44977,,43157,718,97,829032,460700,,,,,,,,,,,10,1058,3263,460700,9874,460700,,8,0,6e26e7519fed268d2548fe1b3993c227719699a9,0,0,0,0,0,
20201211,DE,43818,1666,412561,,totalTestEncountersViral,819158,363,,49,,,,,12/10/2020 18:00,2020-12-10T18:00:00Z,12/10 13:00,807,,,2020-12-10T18:00:00Z,,44107,,42152,710,97,819158,456379,,,,,,,,,,,10,782,2160,456379,8820,456379,,1,0,d14a0bbb0d5d95331f5f8a6a2ce5a496dbfd6d5f,0,0,0,0,0,
20201210,DE,43036,1644,410401,,totalTestEncountersViral,810338,349,,44,,,,,12/9/2020 18:00,2020-12-09T18:00:00Z,12/09 13:00,806,,,2020-12-09T18:00:00Z,,43331,,41392,709,97,810338,453437,,,,,,,,,,,10,643,2008,453437,8158,453437,,3,0,e8f4f34d074079ce353b07f10841a66a28838ae3,0,0,0,0,0,
20201209,DE,42393,1610,408393,,totalTestEncountersViral,802180,348,,42,,,,,12/8/2020 18:00,2020-12-08T18:00:00Z,12/08 13:00,803,,,2020-12-08T18:00:00Z,,42638,,40783,707,96,802180,450786,,,,,,,,,,,10,929,2419,450786,5841,450786,,0,0,184abcd8ebc261c70b0b7cba089d71c361026cf6,0,0,0,0,0,
20201208,DE,41464,1593,405974,,totalTestEncountersViral,796339,338,,41,,,,,12/7/2020 18:00,2020-12-07T18:00:00Z,12/07 13:00,803,,,2020-12-07T18:00:00Z,,41931,,39871,707,96,796339,447438,,,,,,,,,,,10,753,2157,447438,8081,447438,,10,0,fea2721c7b785254bee81634cd2e322e15f39d4d,0,0,0,0,0,
20201207,DE,40711,1551,403817,,totalTestEncountersViral,788258,322,,37,,,,,12/6/2020 18:00,2020-12-06T18:00:00Z,12/06 13:00,793,,,2020-12-06T18:00:00Z,,41125,,39160,698,95,788258,444528,,,,,,,,,,,10,799,2963,444528,9960,444528,,0,0,8f491a37598f8a9458601eefb73d07d246b76e23,0,0,0,0,0,
20201206,DE,39912,1550,400854,,totalTestEncountersViral,778298,315,,39,,,,18851,12/5/2020 18:00,2020-12-05T18:00:00Z,12/05 13:00,793,,,2020-12-05T18:00:00Z,,40267,,38362,698,95,778298,440766,,,,,,,,,,,10,816,2340,440766,8480,440766,,11,0,3acab697e164f40fc832558ea4d0e6c74d7ae686,0,0,0,0,0,
20201205,DE,39096,1441,398514,,totalTestEncountersViral,769818,306,,36,,,,18605,12/4/2020 18:00,2020-12-04T18:00:00Z,12/04 13:00,782,,,2020-12-04T18:00:00Z,,39295,,37655,688,94,769818,437610,,,,,,,,,,,10,698,1845,437610,9014,437610,,0,0,91cc6ad979251ff47c40155d16fc4962a7f2886e,0,0,0,0,0,
20201204,DE,38398,1412,396669,,totalTestEncountersViral,760804,288,,37,,,,18371,12/3/2020 18:00,2020-12-03T18:00:00Z,12/03 13:00,782,,,2020-12-03T18:00:00Z,,38516,,36986,688,94,760804,435067,,,,,,,,,,,10,942,2365,435067,4175,435067,,3,0,ec2a1bf3ff73a40c78c731661969e0da01fc9c68,0,0,0,0,0,
20201203,DE,37456,1405,394304,,totalTestEncountersViral,756629,277,,33,,,,18066,12/2/2020 18:00,2020-12-02T18:00:00Z,12/02 13:00,779,,,2020-12-02T18:00:00Z,,38106,,36051,685,94,756629,431760,,,,,,,,,,,10,758,2469,431760,8590,431760,,0,0,a07077558a976cf18152e5319a56747f887f2f6a,0,0,0,0,0,
20201202,DE,36698,1398,391835,,totalTestEncountersViral,748039,273,,34,,,,17907,12/1/2020 18:00,2020-12-01T18:00:00Z,12/01 13:00,779,,,2020-12-01T18:00:00Z,,37254,,35300,685,94,748039,428533,,,,,,,,,,,10,355,928,428533,3851,428533,,2,0,4a577a233f1de14335b0484d33091df7a1d43f77,0,0,0,0,0,
20201201,DE,36343,1380,390907,,totalTestEncountersViral,744188,246,,33,,,,17713,11/30/2020 18:00,2020-11-30T18:00:00Z,11/30 13:00,777,,,2020-11-30T18:00:00Z,,36848,,34963,683,94,744188,427250,,,,,,,,,,,10,689,2219,427250,3754,427250,,5,0,ab74ad3f7fa58293f3082429fc6c22f312ea7d94,0,0,0,0,0,
20201130,DE,35654,1378,388688,,totalTestEncountersViral,740434,243,,33,,,,17463,11/29/2020 18:00,2020-11-29T18:00:00Z,11/29 13:00,772,,,2020-11-29T18:00:00Z,,36473,,34276,679,93,740434,424342,,,,,,,,,,,10,403,1555,424342,10970,424342,,2,0,ef16cd61c443d76cad48d8fa1ffcd92d434f1a73,0,0,0,0,0,
20201129,DE,35251,1375,387133,,totalTestEncountersViral,729464,211,,31,,,,17279,11/28/2020 18:00,2020-11-28T18:00:00Z,11/28 13:00,770,,,2020-11-28T18:00:00Z,,35710,,33876,677,93,729464,422384,,,,,,,,,,,10,581,2559,422384,9274,422384,,7,0,dee8254a9c1f0b69931802350dc988167961a8e0,0,0,0,0,0,
20201128,DE,34670,1372,384574,,totalTestEncountersViral,720190,202,,29,,,,17082,11/27/2020 18:00,2020-11-27T18:00:00Z,11/27 13:00,763,,,2020-11-27T18:00:00Z,,35184,,33298,671,92,720190,419244,,,,,,,,,,,10,500,2685,419244,10939,419244,,0,0,f2918dc106e0931573acf092b0cdb98a5af6cb3d,0,0,0,0,0,
20201127,DE,34170,1370,381889,,totalTestEncountersViral,709251,187,,31,,,,16874,11/26/2020 18:00,2020-11-26T18:00:00Z,11/26 13:00,763,,,2020-11-26T18:00:00Z,,34554,,32800,671,92,709251,416059,,,,,,,,,,,10,591,3056,416059,3664,416059,,2,0,14768f216b9e85834c8a9b430b6dc681753415c2,0,0,0,0,0,
20201126,DE,33579,1355,378833,,totalTestEncountersViral,705587,195,,30,,,,16712,11/25/2020 18:00,2020-11-25T18:00:00Z,11/25 13:00,761,,,2020-11-25T18:00:00Z,,34268,,32224,670,91,705587,412412,,,,,,,,,,,10,584,3174,412412,5944,412412,,1,0,74afad49df0f03af9fc6dc7ac680f193288ea4f2,0,0,0,0,0,
20201125,DE,32995,1339,375659,,totalTestEncountersViral,699643,183,,28,,,,16538,11/24/2020 18:00,2020-11-24T18:00:00Z,11/24 13:00,760,,,2020-11-24T18:00:00Z,,33941,,31656,669,91,699643,408654,,,,,,,,,,,10,331,2116,408654,6634,408654,,3,0,22bf62f8429d96cba3269cc7361d5aff5261445c,0,0,0,0,0,
20201124,DE,32664,1328,373543,,totalTestEncountersViral,693009,185,,28,,,,16262,11/23/2020 18:00,2020-11-23T18:00:00Z,11/23 13:00,757,,,2020-11-23T18:00:00Z,,33562,,31336,666,91,693009,406207,,,,,,,,,,,10,453,2913,406207,5527,406207,,5,0,7fb8dc806f47c0a153876f1288c101ff0e6de846,0,0,0,0,0,
20201123,DE,32211,1319,370630,,totalTestEncountersViral,687482,178,,30,,,,16073,11/22/2020 18:00,2020-11-22T18:00:00Z,11/22 13:00,752,,,2020-11-22T18:00:00Z,,33232,,30892,661,91,687482,402841,,,,,,,,,,,10,403,2002,402841,7533,402841,,4,0,a7152358c77e281403113354f8c3f1e83c086b37,0,0,0,0,0,
20201122,DE,31808,1316,368628,,totalTestEncountersViral,679949,177,,29,,,,15890,11/21/2020 18:00,2020-11-21T18:00:00Z,11/21 13:00,748,,,2020-11-21T18:00:00Z,,32836,,30492,657,91,679949,400436,,,,,,,,,,,10,487,3006,400436,9593,400436,,2,0,3213e508fb169239cd88b36b895cee124c0e2438,0,0,0,0,0,
20201121,DE,31321,1306,365622,,totalTestEncountersViral,670356,172,,29,,,,15735,11/20/2020 18:00,2020-11-20T18:00:00Z,11/20 13:00,746,,,2020-11-20T18:00:00Z,,32381,,30015,655,91,670356,396943,,,,,,,,,,,10,505,3156,396943,10902,396943,,0,0,c297f3a1b06e810a664cd8eb0f34082fc598eacc,0,0,0,0,0,
20201120,DE,30816,1305,362466,,totalTestEncountersViral,659454,170,,26,,,,15534,11/19/2020 18:00,2020-11-19T18:00:00Z,11/19 13:00,746,,,2020-11-19T18:00:00Z,,31835,,29511,655,91,659454,393282,,,,,,,,,,,10,663,3598,393282,16112,393282,,4,0,16cf7dcca5ca4c667b582f3f6d89c5512df7f36d,0,0,0,0,0,
20201119,DE,30153,1293,358868,,totalTestEncountersViral,643342,165,,30,,,,15435,11/18/2020 18:00,2020-11-18T18:00:00Z,11/18 13:00,742,,,2020-11-18T18:00:00Z,,31161,,28860,652,90,643342,389021,,,,,,,,,,,10,398,1950,389021,1216,389021,,0,0,b3246dec6d173191d14bbc937a1d8f285ebf2a21,0,0,0,0,0,
20201118,DE,29755,1282,356918,,totalTestEncountersViral,642126,153,,29,,,,15301,11/17/2020 18:00,2020-11-17T18:00:00Z,11/17 13:00,742,,,2020-11-17T18:00:00Z,,31019,,28473,652,90,642126,386673,,,,,,,,,,,10,203,994,386673,8113,386673,,3,0,f1beab4b9f26d630f54c6208e1c09ff0276a9c18,0,0,0,0,0,
20201117,DE,29552,1271,355924,,totalTestEncountersViral,634013,153,,32,,,,15161,11/16/2020 18:00,2020-11-16T18:00:00Z,11/16 13:00,739,,,2020-11-16T18:00:00Z,,30580,,28281,649,90,634013,385476,,,,,,,,,,,10,352,2215,385476,5075,385476,,3,0,19bb0a216cfcd8ef790a9e0a64102ffb94ed5431,0,0,0,0,0,
20201116,DE,29200,1269,353709,,totalTestEncountersViral,628938,141,,31,,,,15007,11/15/2020 18:00,2020-11-15T18:00:00Z,11/15 13:00,736,,,2020-11-15T18:00:00Z,,30313,,27931,646,90,628938,382909,,,,,,,,,,,10,397,2697,382909,6597,382909,,0,0,32420796ab0ad7be50fdf425344a432412040360,0,0,0,0,0,
20201115,DE,28803,1256,351012,,totalTestEncountersViral,622341,81,,16,,,,14867,11/14/2020 18:00,2020-11-14T18:00:00Z,11/14 13:00,736,,,2020-11-14T18:00:00Z,,29901,,27547,646,90,622341,379815,,,,,,,,,,,10,408,2043,379815,5894,379815,,0,0,a1b6d1b84d55f9a934a2b09c7a53c8bbeeda36d2,0,0,0,0,0,
20201114,DE,28395,1252,348969,,totalTestEncountersViral,616447,132,,23,,,,14727,11/13/2020 18:00,2020-11-13T18:00:00Z,11/13 13:00,736,,,2020-11-13T18:00:00Z,,29586,,27143,646,90,616447,377364,,,,,,,,,,,10,379,1762,377364,7673,377364,,2,0,6f84ef96110e48b2cd0e56bf142e1de684046133,0,0,0,0,0,
20201113,DE,28016,1238,347207,,totalTestEncountersViral,608774,130,,22,,,,14571,11/12/2020 18:00,2020-11-12T18:00:00Z,11/12 13:00,734,,,2020-11-12T18:00:00Z,,29166,,26778,644,90,608774,375223,,,,,,,,,,,10,470,2519,375223,4127,375223,,2,0,711b2dd209a3c9169afc797346b1779cbd076533,0,0,0,0,0,
20201112,DE,27546,1226,344688,,totalTestEncountersViral,604647,126,,22,,,,14487,11/11/2020 18:00,2020-11-11T18:00:00Z,11/11 13:00,732,,,2020-11-11T18:00:00Z,,28976,,26320,642,90,604647,372234,,,,,,,,,,,10,204,1405,372234,1319,372234,,8,0,d57649a6f4b2c14501b2054e2e7b87e743588b46,0,0,0,0,0,
20201111,DE,27342,1221,343283,,totalTestEncountersViral,603328,126,,25,,,,14380,11/10/2020 18:00,2020-11-10T18:00:00Z,11/10 13:00,724,,,2020-11-10T18:00:00Z,,28875,,26121,637,87,603328,370625,,,,,,,,,,,10,230,1264,370625,4285,370625,,2,0,ea7ad9105d98fff2583239f4d6ac3f2263cfeb06,0,0,0,0,0,
20201110,DE,27112,1214,342019,,totalTestEncountersViral,599043,127,,29,,,,14276,11/9/2020 18:00,2020-11-09T18:00:00Z,11/09 13:00,722,,,2020-11-09T18:00:00Z,,28648,,25898,635,87,599043,369131,,,,,,,,,,,10,204,1347,369131,5244,369131,,3,0,c54cd0904c0e92504235a38e0e832fb897c3c939,0,0,0,0,0,
20201109,DE,26908,1211,340672,,totalTestEncountersViral,593799,119,,27,,,,14158,11/8/2020 18:00,2020-11-08T18:00:00Z,11/08 13:00,719,,,2020-11-08T18:00:00Z,,28417,,25697,632,87,593799,367580,,,,,,,,,,,10,305,1996,367580,6237,367580,,1,0,9bc320b8cda241651aa76f0cf15faca6ff8d19a1,0,0,0,0,0,
20201108,DE,26603,1208,338676,,totalTestEncountersViral,587562,116,,24,,,,14019,11/7/2020 18:00,2020-11-07T18:00:00Z,11/07 13:00,718,,,2020-11-07T18:00:00Z,,28087,,25395,631,87,587562,365279,,,,,,,,,,,10,345,2003,365279,5281,365279,,2,0,48c1aa904f02082f0e9dc9625413682d31df6de3,0,0,0,0,0,
20201107,DE,26258,1201,336673,,totalTestEncountersViral,582281,115,,26,,,,13888,11/6/2020 18:00,2020-11-06T18:00:00Z,11/06 13:00,716,,,2020-11-06T18:00:00Z,,27896,,25057,629,87,582281,362931,,,,,,,,,,,10,223,1827,362931,5159,362931,,0,0,b1b608c12b4e24859363b0c1aeb5f8803f7f3286,0,0,0,0,0,
20201106,DE,26035,1200,334846,,totalTestEncountersViral,577122,114,,27,,,,13766,11/5/2020 18:00,2020-11-05T18:00:00Z,11/05 13:00,716,,,2020-11-05T18:00:00Z,,27700,,24835,629,87,577122,360881,,,,,,,,,,,10,282,2213,360881,3331,360881,,0,0,af43d54fd2189602e7b1cba347eb00474d092ad9,0,0,0,0,0,
20201105,DE,25753,1199,332633,,totalTestEncountersViral,573791,113,,28,,,,13685,11/4/2020 18:00,2020-11-04T18:00:00Z,11/04 13:00,716,,,2020-11-04T18:00:00Z,,27537,,24554,629,87,573791,358386,,,,,,,,,,,10,219,1503,358386,1308,358386,,4,0,b9f5c067c5b7ee97b415e577065c452efd2bd167,0,0,0,0,0,
20201104,DE,25534,1198,331130,,totalTestEncountersViral,572483,114,,28,,,,13598,11/3/2020 18:00,2020-11-03T18:00:00Z,11/03 13:00,712,,,2020-11-03T18:00:00Z,,27486,,24336,625,87,572483,356664,,,,,,,,,,,10,108,889,356664,2423,356664,,0,0,fd3d1cb169e948941fc26b8e343b444e79780bb7,0,0,0,0,0,
20201103,DE,25426,1190,330241,,totalTestEncountersViral,570060,107,,25,,,,13497,11/2/2020 18:00,2020-11-02T18:00:00Z,11/02 13:00,712,,,2020-11-02T18:00:00Z,,27364,,24236,625,87,570060,355667,,,,,,,,,,,10,115,882,355667,4077,355667,,2,0,392cc09769c84e6dc246dc94b739ec09a673eab0,0,0,0,0,0,
20201102,DE,25311,1177,329359,,totalTestEncountersViral,565983,111,,24,,,,13375,11/1/2020 18:00,2020-11-01T18:00:00Z,11/01 13:00,710,,,2020-11-01T18:00:00Z,,27236,,24134,623,87,565983,354670,,,,,,,,,,,10,185,2137,354670,4716,354670,,0,0,4ac4dd1a81a081a2c76d3ca0574a232f7edf43f3,0,0,0,0,0,
20201101,DE,25126,1171,327222,,totalTestEncountersViral,561267,102,,25,,,,13291,10/31/2020 18:00,2020-10-31T18:00:00Z,10/31 14:00,710,,,2020-10-31T18:00:00Z,,27073,,23955,623,87,561267,352348,,,,,,,,,,,10,175,1445,352348,6396,352348,,2,0,57286c1530b0eb2753c2b81ef82780b3bed9c912,0,0,0,0,0,
20201031,DE,24951,1164,325777,,totalTestEncountersViral,554871,89,,23,,,,13188,10/30/2020 18:00,2020-10-30T18:00:00Z,10/30 14:00,708,,,2020-10-30T18:00:00Z,,26846,,23787,621,87,554871,350728,,,,,,,,,,,10,200,2001,350728,4014,350728,,4,0,e402c11bae08ff6eb20dd97431c69006a637b5a5,0,0,0,0,0,
20201030,DE,24751,1157,323776,,totalTestEncountersViral,550857,101,,22,,,,13074,10/29/2020 18:00,2020-10-29T18:00:00Z,10/29 14:00,704,,,2020-10-29T18:00:00Z,,26734,,23594,617,87,550857,348527,,,,,,,,,,,10,198,1906,348527,4020,348527,,15,0,0d97368f83e1e8383c100598718adb01ef54f56f,0,0,0,0,0,
20201029,DE,24553,1148,321870,,totalTestEncountersViral,546837,99,,22,,,,13008,10/28/2020 18:00,2020-10-28T18:00:00Z,10/28 14:00,689,,,2020-10-28T18:00:00Z,,26597,,23405,608,81,546837,346423,,,,,,,,,,,10,161,1323,346423,2057,346423,,1,0,c3350ae37e6ea5073eddc5e147818e20ca31fd28,0,0,0,0,0,
20201028,DE,24392,1141,320547,,totalTestEncountersViral,544780,92,,22,,,,12934,10/27/2020 18:00,2020-10-27T18:00:00Z,10/27 14:00,688,,,2020-10-27T18:00:00Z,,26499,,23251,607,81,544780,344939,,,,,,,,,,,10,143,1655,344939,2058,344939,,2,0,d59f1cafcb44f70841426232d46b8c42af8fedfe,0,0,0,0,0,
20201027,DE,24249,1135,318892,,totalTestEncountersViral,542722,93,,20,,,,12846,10/26/2020 18:00,2020-10-26T18:00:00Z,10/26 14:00,686,,,2020-10-26T18:00:00Z,,26432,,23114,605,81,542722,343141,,,,,,,,,,,10,81,989,343141,3323,343141,,1,0,94865b30502f8f0e629fb193ab1ee27008257a87,0,0,0,0,0,
20201026,DE,24168,1132,317903,,totalTestEncountersViral,539399,108,,19,,,,12732,10/25/2020 18:00,2020-10-25T18:00:00Z,10/25 14:00,685,,,2020-10-25T18:00:00Z,,26323,,23036,604,81,539399,342071,,,,,,,,,,,10,207,2523,342071,6187,342071,,4,0,4a451967062ab73613cdcf2cea15fb118e46d5ff,0,0,0,0,0,
20201025,DE,23961,1123,315380,,totalTestEncountersViral,533212,103,,21,,,,12643,10/24/2020 18:00,2020-10-24T18:00:00Z,10/24 14:00,681,,,2020-10-24T18:00:00Z,,26149,,22838,600,81,533212,339341,,,,,,,,,,,10,114,1951,339341,4782,339341,,1,0,56d5dfeae9e3e682d5dcca4fd56f4a34f3fabd66,0,0,0,0,0,
20201024,DE,23847,1123,313429,,totalTestEncountersViral,528430,103,,22,,,,12610,10/23/2020 18:00,2020-10-23T18:00:00Z,10/23 14:00,680,,,2020-10-23T18:00:00Z,,26003,,22724,599,81,528430,337276,,,,,,,,,,,10,160,2004,337276,5276,337276,,2,0,571a71540d79ff79e32baf2bc5ac42cac138c8e1,0,0,0,0,0,
20201023,DE,23687,1120,311425,,totalTestEncountersViral,523154,106,,25,,,,12493,10/22/2020 18:00,2020-10-22T18:00:00Z,10/22 14:00,678,,,2020-10-22T18:00:00Z,,25862,,22567,597,81,523154,335112,,,,,,,,,,,10,159,1894,335112,2913,335112,,8,0,a0445dcf59742f59f865974fe30de8ec18c850d7,0,0,0,0,0,
20201022,DE,23528,1116,309531,,totalTestEncountersViral,520241,110,,25,,,,12410,10/21/2020 18:00,2020-10-21T18:00:00Z,10/21 14:00,670,,,2020-10-21T18:00:00Z,,25757,,22412,589,81,520241,333059,,,,,,,,,,,10,153,1426,333059,1483,333059,,0,0,1928833d0a7a8332b65b16a5313c2f8eb0e1d872,0,0,0,0,0,
20201021,DE,23375,1112,308105,,totalTestEncountersViral,518758,99,,23,,,,12335,10/20/2020 18:00,2020-10-20T18:00:00Z,10/20 14:00,670,,,2020-10-20T18:00:00Z,,25687,,22263,589,81,518758,331480,,,,,,,,,,,10,50,704,331480,3377,331480,,2,0,af020dc297889e7607e70ff833c5f1cefb630ea0,0,0,0,0,0,
20201020,DE,23325,1105,307401,,totalTestEncountersViral,515381,107,,25,,,,12245,10/19/2020 18:00,2020-10-19T18:00:00Z,10/19 14:00,668,,,2020-10-19T18:00:00Z,,25574,,22220,587,81,515381,330726,,,,,,,,,,,10,129,1579,330726,2352,330726,,2,0,373cc9635ab6a2a721b5d77cb2fe3274fc526458,0,0,0,0,0,
20201019,DE,23196,1098,305822,,totalTestEncountersViral,513029,107,,19,,,,12113,10/18/2020 18:00,2020-10-18T18:00:00Z,10/18 14:00,666,,,2020-10-18T18:00:00Z,,25524,,22098,585,81,513029,329018,,,,,,,,,,,10,103,1619,329018,6458,329018,,1,0,1f37a93c7382990f9b5f0ac3826519d69e48f0c0,0,0,0,0,0,
20201018,DE,23093,1096,304203,,totalTestEncountersViral,506571,106,,21,,,,12018,10/17/2020 18:00,2020-10-17T18:00:00Z,10/17 14:00,665,,,2020-10-17T18:00:00Z,,25347,,21997,584,81,506571,327296,,,,,,,,,,,10,151,2676,327296,5098,327296,,1,0,f6cdc91aeb55c208742942b642c9095cb872e7e9,0,0,0,0,0,
20201017,DE,22942,1093,301527,,totalTestEncountersViral,501473,101,,26,,,,11928,10/16/2020 18:00,2020-10-16T18:00:00Z,10/16 14:00,664,,,2020-10-16T18:00:00Z,,25217,,21849,583,81,501473,324469,,,,,,,,,,,10,218,3109,324469,6058,324469,,2,0,ffcd983dc662c4cc684e0e32a27b4a184713bb7c,0,0,0,0,0,
20201016,DE,22724,1089,298418,,totalTestEncountersViral,495415,104,,26,,,,11818,10/15/2020 18:00,2020-10-15T18:00:00Z,10/15 14:00,662,,,2020-10-15T18:00:00Z,,25062,,21635,581,81,495415,321142,,,,,,,,,,,10,164,2345,321142,3199,321142,,1,0,6b84938f8528cdf6c4357b6f0f71518dad8c6ce3,0,0,0,0,0,
20201015,DE,22560,1087,296073,,totalTestEncountersViral,492216,111,,28,,,,11724,10/14/2020 18:00,2020-10-14T18:00:00Z,10/14 14:00,661,,,2020-10-14T18:00:00Z,,24954,,21473,580,81,492216,318633,,,,,,,,,,,10,95,1715,318633,1608,318633,,1,0,6c39ca436c7c1a2e540bf1e3589760b64f31f796,0,0,0,0,0,
20201014,DE,22465,1085,294358,,totalTestEncountersViral,490608,116,,22,,,,11665,10/13/2020 18:00,2020-10-13T18:00:00Z,10/13 14:00,660,,,2020-10-13T18:00:00Z,,24902,,21380,580,80,490608,316823,,,,,,,,,,,10,71,1000,316823,3707,316823,,1,0,a6d3333e10741c5a6531f63483da8e5f3f279f84,0,0,0,0,0,
20201013,DE,22394,1083,293358,,totalTestEncountersViral,486901,112,,19,,,,11588,10/12/2020 18:00,2020-10-12T18:00:00Z,10/12 14:00,659,,,2020-10-12T18:00:00Z,,24773,,21311,579,80,486901,315752,,,,,,,,,,,10,105,1366,315752,5460,315752,,3,0,20cd1a5d009006f1cb72a95c2834ee4a13b06b4e,0,0,0,0,0,
20201012,DE,22289,1080,291992,,totalTestEncountersViral,481441,105,,25,,,,11493,10/11/2020 18:00,2020-10-11T18:00:00Z,10/11 14:00,656,,,2020-10-11T18:00:00Z,,24645,,21209,576,80,481441,314281,,,,,,,,,,,10,159,3552,314281,6265,314281,,2,0,8d15fb1040cce043ee54ab583ae34460f53a1a91,0,0,0,0,0,
20201011,DE,22130,1080,288440,,totalTestEncountersViral,475176,108,,24,,,,11430,10/10/2020 18:00,2020-10-10T18:00:00Z,10/10 14:00,654,,,2020-10-10T18:00:00Z,,24512,,21050,574,80,475176,310570,,,,,,,,,,,10,132,2793,310570,8353,310570,,1,0,39f0b1c88fbeda5924f69d07b7bd07a5a8b50d80,0,0,0,0,0,
20201010,DE,21998,1081,285647,,totalTestEncountersViral,466823,103,,21,,,,11338,10/9/2020 18:00,2020-10-09T18:00:00Z,10/09 14:00,653,,,2020-10-09T18:00:00Z,,24327,,20917,573,80,466823,307645,,,,,,,,,,,10,171,3107,307645,6319,307645,,2,0,83f6f46d264be95bc2af2a455d9e3c9079bb8af3,0,0,0,0,0,
20201009,DE,21827,1079,282540,,totalTestEncountersViral,460504,104,,21,,,,11236,10/8/2020 18:00,2020-10-08T18:00:00Z,10/08 14:00,651,,,2020-10-08T18:00:00Z,,24206,,20748,571,80,460504,304367,,,,,,,,,,,10,145,2720,304367,3449,304367,,0,0,7e0c21690efa406d2b5c055df29f40d2238998d6,0,0,0,0,0,
20201008,DE,21682,1078,279820,,totalTestEncountersViral,457055,101,,21,,,,11146,10/7/2020 18:00,2020-10-07T18:00:00Z,10/07 14:00,651,,,2020-10-07T18:00:00Z,,24108,,20604,571,80,457055,301502,,,,,,,,,,,10,132,2197,301502,1920,301502,,2,0,fdc3163222dc1aad4ad2796d50fbfe99f350bdcf,0,0,0,0,0,
20201007,DE,21550,1076,277623,,totalTestEncountersViral,455135,89,,18,,,,11071,10/6/2020 18:00,2020-10-06T18:00:00Z,10/06 14:00,649,,,2020-10-06T18:00:00Z,,24043,,20474,569,80,455135,299173,,,,,,,,,,,10,84,1576,299173,3109,299173,,3,0,430b203c4812d873fb3a83389f6fe54f79e640df,0,0,0,0,0,
20201006,DE,21466,1074,276047,,totalTestEncountersViral,452026,87,,20,,,,10990,10/5/2020 18:00,2020-10-05T18:00:00Z,10/05 14:00,646,,,2020-10-05T18:00:00Z,,23951,,20392,566,80,452026,297513,,,,,,,,,,,10,103,1575,297513,3681,297513,,1,0,bef06833dcff2f3af9f1404d020ae384fcbee1ca,0,0,0,0,0,
20201005,DE,21363,1076,274472,,totalTestEncountersViral,448345,81,,20,,,,10880,10/4/2020 18:00,2020-10-04T18:00:00Z,10/04 14:00,645,,,2020-10-04T18:00:00Z,,23850,,20287,565,80,448345,295835,,,,,,,,,,,10,120,1626,295835,5425,295835,,0,0,9bc3bb6e8061bc2164a6815c5768c7d497425da5,0,0,0,0,0,
20201004,DE,21243,1076,272846,,totalTestEncountersViral,442920,82,,20,,,,10806,10/3/2020 18:00,2020-10-03T18:00:00Z,10/03 14:00,645,,,2020-10-03T18:00:00Z,,23695,,20167,565,80,442920,294089,,,,,,,,,,,10,118,1513,294089,4602,294089,,0,0,e9bd424c411810aef1d9dcd20a094d2adc8d0b8c,0,0,0,0,0,
20201003,DE,21125,1107,271333,,totalTestEncountersViral,438318,83,,21,,,,10748,10/2/2020 18:00,2020-10-02T18:00:00Z,10/02 14:00,645,,,2020-10-02T18:00:00Z,,23585,,20018,565,80,438318,292458,,,,,,,,,,,10,188,1987,292458,4767,292458,,3,0,ff208a837f03bd8945e269f4775ee0dd31db3e8d,0,0,0,0,0,
20201002,DE,20937,1098,269346,,totalTestEncountersViral,433551,83,,16,,,,10678,10/1/2020 18:00,2020-10-01T18:00:00Z,10/01 14:00,642,,,2020-10-01T18:00:00Z,,23476,,19839,562,80,433551,290283,,,,,,,,,,,10,150,1916,290283,2006,290283,,6,0,548de41e56d16bb994ce6829d2fcfe30a95cc075,0,0,0,0,0,
20201001,DE,20787,1097,267430,,totalTestEncountersViral,431545,78,,17,,,,10648,9/30/2020 18:00,2020-09-30T18:00:00Z,09/30 14:00,636,,,2020-09-30T18:00:00Z,,23400,,19690,559,77,431545,288217,,,,,,,,,,,10,174,1481,288217,1399,288217,,0,0,21829e02febb08a0d6e9e5ed7d585b02e094d3f3,0,0,0,0,0,
20200930,DE,20613,1073,265949,,totalTestEncountersViral,430146,72,,15,,,,10622,9/29/2020 18:00,2020-09-29T18:00:00Z,09/29 14:00,636,,,2020-09-29T18:00:00Z,,23335,,19540,559,77,430146,286562,,,,,,,,,,,10,82,992,286562,1916,286562,,1,0,deba660d94f9a462dcc5c6137267dc1ef9590c4e,0,0,0,0,0,
20200929,DE,20531,1066,264957,,totalTestEncountersViral,428230,64,,12,,,,10599,9/28/2020 18:00,2020-09-28T18:00:00Z,09/28 14:00,635,,,2020-09-28T18:00:00Z,,23257,,19465,558,77,428230,285488,,,,,,,,,,,10,142,1531,285488,3259,285488,,1,0,4183df2ffb5a65ec29f9187d6f43353b49190171,0,0,0,0,0,
20200928,DE,20389,1055,263426,,totalTestEncountersViral,424971,60,,13,,,,10577,9/27/2020 18:00,2020-09-27T18:00:00Z,09/27 14:00,634,,,2020-09-27T18:00:00Z,,23154,,19334,557,77,424971,283815,,,,,,,,,,,10,129,1662,283815,4249,283815,,1,0,66e530e17892b4de11ff97fbf3d2d75d45640c05,0,0,0,0,0,
20200927,DE,20260,1053,261764,,totalTestEncountersViral,420722,60,,16,,,,10557,9/26/2020 18:00,2020-09-26T18:00:00Z,09/26 14:00,633,,,2020-09-26T18:00:00Z,,23043,,19207,556,77,420722,282024,,,,,,,,,,,10,104,1521,282024,5109,282024,,0,0,35e8e8d95ffb7f8403f28139a6f5e54230d2bd03,0,0,0,0,0,
20200926,DE,20156,1053,260243,,totalTestEncountersViral,415613,57,,10,,,,10541,9/25/2020 18:00,2020-09-25T18:00:00Z,09/25 14:00,633,,,2020-09-25T18:00:00Z,,22909,,19103,556,77,415613,280399,,,,,,,,,,,10,71,954,280399,2243,280399,,2,0,7cbed0510a784d5e0e487af041adeddddbadf868,0,0,0,0,0,
20200925,DE,20085,1041,259289,,totalTestEncountersViral,413370,53,,11,,,,10517,9/24/2020 18:00,2020-09-24T18:00:00Z,09/24 14:00,631,,,2020-09-24T18:00:00Z,,22844,,19044,554,77,413370,279374,,,,,,,,,,,10,138,1320,279374,1404,279374,,1,0,1cfa7f5ca566da96d6d403db69dd7abd9d32f517,0,0,0,0,0,
20200924,DE,19947,1031,257969,,totalTestEncountersViral,411966,57,,12,,,,10487,9/23/2020 18:00,2020-09-23T18:00:00Z,09/23 14:00,630,,,2020-09-23T18:00:00Z,,22805,,18916,553,77,411966,277916,,,,,,,,,,,10,117,1755,277916,636,277916,,1,0,fd817388dec51143db20c8637d59b35bafebc24b,0,0,0,0,0,
20200923,DE,19830,1032,256214,,totalTestEncountersViral,411330,61,,12,,,,10443,9/22/2020 18:00,2020-09-22T18:00:00Z,09/22 14:00,629,,,2020-09-22T18:00:00Z,,22773,,18798,552,77,411330,276044,,,,,,,,,,,10,69,1138,276044,1428,276044,,1,0,bdc6f0b203e9de9f216b4efec4e52ff7dd293ca2,0,0,0,0,0,
20200922,DE,19761,1028,255076,,totalTestEncountersViral,409902,62,,14,,,,10411,9/21/2020 18:00,2020-09-21T18:00:00Z,09/21 14:00,628,,,2020-09-21T18:00:00Z,,22729,,18733,551,77,409902,274837,,,,,,,,,,,10,94,1530,274837,3412,274837,,1,0,7a100615d94b9678f2665e77cc27ce8fb45ab36d,0,0,0,0,0,
20200921,DE,19667,1019,253546,,totalTestEncountersViral,406490,53,,17,,,,10376,9/20/2020 18:00,2020-09-20T18:00:00Z,09/20 14:00,627,,,2020-09-20T18:00:00Z,,22627,,18648,550,77,406490,273213,,,,,,,,,,,10,101,1691,273213,3461,273213,,6,0,67916ee5d3a2b5203c9622a7084877a8a140ad40,0,0,0,0,0,
20200920,DE,19566,1019,251855,,totalTestEncountersViral,403029,60,,14,,,,10299,9/19/2020 18:00,2020-09-19T18:00:00Z,09/19 14:00,621,,,2020-09-19T18:00:00Z,,22550,,18547,548,73,403029,271421,,,,,,,,,,,10,117,1593,271421,2640,271421,,0,0,1f348496865908b49c034e089a693c7c6415de9a,0,0,0,0,0,
20200919,DE,19449,1020,250262,,totalTestEncountersViral,400389,53,,15,,,,10257,9/18/2020 18:00,2020-09-18T18:00:00Z,09/18 14:00,621,,,2020-09-18T18:00:00Z,,22480,,18429,548,73,400389,269711,,,,,,,,,,,10,83,990,269711,3083,269711,,1,0,581ab6ba0212e7f24a9553083dae6e6ad43d8c6b,0,0,0,0,0,
20200918,DE,19366,1003,249272,,totalTestEncountersViral,397306,58,,17,,,,10201,9/17/2020 18:00,2020-09-17T18:00:00Z,09/17 14:00,620,,,2020-09-17T18:00:00Z,,22379,,18363,547,73,397306,268638,,,,,,,,,,,10,48,1422,268638,2901,268638,,1,0,b04a0e57ab234f5184b3f59aa8c88b33f974e3de,0,0,0,0,0,
20200917,DE,19318,999,247850,,totalTestEncountersViral,394405,66,,18,,,,10193,9/16/2020 18:00,2020-09-16T18:00:00Z,09/16 14:00,619,,,2020-09-16T18:00:00Z,,22291,,18319,547,72,394405,267168,,,,,,,,,,,10,84,1179,267168,3448,267168,,0,0,3bfc989de51832ae05b9e29ea7709389fecabe87,0,0,0,0,0,
20200916,DE,19234,999,246671,,totalTestEncountersViral,390957,58,,11,,,,10189,9/15/2020 18:00,2020-09-15T18:00:00Z,09/15 14:00,619,,,2020-09-15T18:00:00Z,,22184,,18235,547,72,390957,265905,,,,,,,,,,,10,97,1649,265905,2282,265905,,1,0,fa3dfbf28de501484a47ccd68522e975ff8aca04,0,0,0,0,0,
20200915,DE,19137,999,245022,,totalTestEncountersViral,388675,61,,20,,,,10165,9/14/2020 18:00,2020-09-14T18:00:00Z,09/14 14:00,618,,,2020-09-14T18:00:00Z,,22120,,18138,546,72,388675,264159,,,,,,,,,,,10,200,1455,264159,2659,264159,,1,0,a53e71d36484d72ef6a5ef8a75e96142ad8bb64a,0,0,0,0,0,
20200914,DE,18937,992,243567,,totalTestEncountersViral,386016,64,,18,,,,10091,9/13/2020 18:00,2020-09-13T18:00:00Z,09/13 14:00,617,,,2020-09-13T18:00:00Z,,22031,,17945,545,72,386016,262504,,,,,,,,,,,10,88,1120,262504,4996,262504,,2,0,5e9ba1d92445c731b24e83b2602f19a1f940cf22,0,0,0,0,0,
20200913,DE,18849,992,242447,,totalTestEncountersViral,381020,68,,17,,,,10077,9/12/2020 18:00,2020-09-12T18:00:00Z,09/12 14:00,615,,,2020-09-12T18:00:00Z,,21927,,17857,543,72,381020,261296,,,,,,,,,,,10,123,1588,261296,3491,261296,,2,0,f7ba83fae71434dbbaacea43d301eeaaa0b1ee58,0,0,0,0,0,
20200912,DE,18726,992,240859,,totalTestEncountersViral,377529,66,,15,,,,10063,9/11/2020 18:00,2020-09-11T18:00:00Z,09/11 14:00,613,,,2020-09-11T18:00:00Z,,21817,,17734,541,72,377529,259585,,,,,,,,,,,10,260,2627,259585,2418,259585,,0,0,3e222ba64f6288009a18b30df551258af828f06e,0,0,0,0,0,
20200911,DE,18466,991,238232,,totalTestEncountersViral,375111,66,,14,,,,10027,9/10/2020 18:00,2020-09-10T18:00:00Z,09/10 14:00,613,,,2020-09-10T18:00:00Z,,21713,,17475,541,72,375111,256698,,,,,,,,,,,10,0,0,256698,2664,256698,,0,0,f634cea1a621d9bb36666c09fab3b73b2f783013,0,0,0,0,0,
20200910,DE,18466,991,238232,,totalTestEncountersViral,372447,66,,14,,,,10027,9/9/2020 18:00,2020-09-09T18:00:00Z,09/09 14:00,613,,,2020-09-09T18:00:00Z,,21608,,17475,541,72,372447,256698,,,,,,,,,,,10,158,2570,256698,1321,256698,,4,0,e9f61f0d758ce511953610bf585ec06f731c7df1,0,0,0,0,0,
20200909,DE,18308,991,235662,,totalTestEncountersViral,371126,53,,12,,,,9920,9/7/2020 18:00,2020-09-07T18:00:00Z,09/07 14:00,609,,,2020-09-07T18:00:00Z,,21561,,17317,537,72,371126,253970,,,,,,,,,,,10,0,0,253970,2572,253970,,0,0,1599af509f0fb24c1dd1b35e6b4083abbbef548d,0,0,0,0,0,
20200908,DE,18308,991,235662,,totalTestEncountersViral,368554,53,,12,,,,9920,9/7/2020 18:00,2020-09-07T18:00:00Z,09/07 14:00,609,,,2020-09-07T18:00:00Z,,21504,,17317,537,72,368554,253970,,,,,,,,,,,10,59,1309,253970,2583,253970,,0,0,30a7d3c420db7aa27990b45ae72f64fa23b588b8,0,0,0,0,0,
20200907,DE,18249,990,234353,,totalTestEncountersViral,365971,53,,14,,,,9847,9/6/2020 18:00,2020-09-06T18:00:00Z,09/06 14:00,609,,,2020-09-06T18:00:00Z,,21426,,17259,537,72,365971,252602,,,,,,,,,,,10,206,1613,252602,4972,252602,,0,0,ef7d106d024d48496c7d10f23b1a4b5fea119194,0,0,0,0,0,
20200906,DE,18043,990,232740,,totalTestEncountersViral,360999,62,,13,,,,9696,9/5/2020 18:00,2020-09-05T18:00:00Z,09/05 14:00,609,,,2020-09-05T18:00:00Z,,21291,,17053,537,72,360999,250783,,,,,,,,,,,10,151,2000,250783,2156,250783,,1,0,e0258d05da5030a2075ec1fdbc78975806b5f3f6,0,0,0,0,0,
20200905,DE,17892,990,230740,,totalTestEncountersViral,358843,58,,12,,,,9641,9/4/2020 18:00,2020-09-04T18:00:00Z,09/04 14:00,608,,,2020-09-04T18:00:00Z,,21218,,16902,536,72,358843,248632,,,,,,,,,,,10,140,1850,248632,3778,248632,,2,0,ed47291cc6b69402604c0d6f834989d200002484,0,0,0,0,0,
20200904,DE,17752,990,228890,,totalTestEncountersViral,355065,58,,12,,,,9582,9/3/2020 18:00,2020-09-03T18:00:00Z,09/03 14:00,606,,,2020-09-03T18:00:00Z,,21122,,16762,534,72,355065,246642,,,,,,,,,,,10,99,1995,246642,2791,246642,,0,0,0d3a96b094a7f1cf39bca14c78ae52dbc5b478f6,0,0,0,0,0,
20200903,DE,17653,990,226895,,totalTestEncountersViral,352274,60,,12,,,,9514,9/2/2020 18:00,2020-09-02T18:00:00Z,09/02 14:00,606,,,2020-09-02T18:00:00Z,,21016,,16663,534,72,352274,244548,,,,,,,,,,,10,104,3914,244548,1862,244548,,0,0,5b6d91e96362e4b542d831ef906823330d3ed9ec,0,0,0,0,0,
20200902,DE,17549,992,222981,,totalTestEncountersViral,350412,62,,9,,,,9467,9/1/2020 18:00,2020-09-01T18:00:00Z,09/01 14:00,606,,,2020-09-01T18:00:00Z,,20943,,16557,534,72,350412,240530,,,,,,,,,,,10,14,2093,240530,4459,240530,,1,0,42774eb190d6bb5c34a2b9c5e54b3bdab66e57bc,0,0,0,0,0,
20200901,DE,17535,998,220888,,totalTestEncountersViral,345953,64,,11,,,,9419,8/31/2020 18:00,2020-08-31T18:00:00Z,08/31 14:00,605,,,2020-08-31T18:00:00Z,,20847,,16537,533,72,345953,238423,,,,,,,,,,,10,106,1468,238423,2885,238423,,0,0,55d2c7e0efffad3a73d949b48e95e0f2c830b284,0,0,0,0,0,
20200831,DE,17429,998,219420,,totalTestEncountersViral,343068,58,,16,,,,9381,8/30/2020 18:00,2020-08-30T18:00:00Z,08/30 14:00,605,,,2020-08-30T18:00:00Z,,20772,,16431,533,72,343068,236849,,,,,,,,,,,10,86,2102,236849,2285,236849,,1,0,5380a7f14671ea73135fc92024f6a6a0bb4715ad,0,0,0,0,0,
20200830,DE,17343,997,217318,,totalTestEncountersViral,340783,55,,16,,,,9318,8/29/2020 18:00,2020-08-29T18:00:00Z,08/29 14:00,604,,,2020-08-29T18:00:00Z,,20691,,16346,533,71,340783,234661,,,,,,,,,,,10,-6,1783,234661,4223,234661,,0,0,0a5c410ba4923b3cc58c908f3d737824eb0fdbfb,0,0,0,0,0,
20200829,DE,17349,1013,215535,,totalTestEncountersViral,336560,61,,14,,,,9271,8/28/2020 18:00,2020-08-28T18:00:00Z,08/28 14:00,604,,,2020-08-28T18:00:00Z,,20620,,16336,533,71,336560,232884,,,,,,,,,,,10,266,1577,232884,4719,232884,,0,0,1019e89da6dc38563bff54001bfe7f8f62b22b85,0,0,0,0,0,
20200828,DE,17083,991,213958,,totalTestEncountersViral,331841,57,,12,,,,9156,8/27/2020 18:00,2020-08-27T18:00:00Z,08/27 14:00,604,,,2020-08-27T18:00:00Z,,20517,,16092,533,71,331841,231041,,,,,,,,,,,10,107,2875,231041,3135,231041,,0,0,e3ec43a85d6d4d3a25351a5f2efb00a598bcfd1a,0,0,0,0,0,
20200827,DE,16976,989,211083,,totalTestEncountersViral,328706,57,,15,,,,9101,8/26/2020 18:00,2020-08-26T18:00:00Z,08/26 14:00,604,,,2020-08-26T18:00:00Z,,20434,,15987,533,71,328706,228059,,,,,,,,,,,10,-10,974,228059,3285,228059,,0,0,d0dc66d434a450a9a7edd54f61d89fd42c1edef1,0,0,0,0,0,
20200826,DE,16986,995,210109,,totalTestEncountersViral,325421,50,,13,,,,9050,8/25/2020 18:00,2020-08-25T18:00:00Z,08/25 14:00,604,,,2020-08-25T18:00:00Z,,20327,,15991,533,71,325421,227095,,,,,,,,,,,10,24,1743,227095,2495,227095,,1,0,cd369b059076a94f883ea70ea0b550faf6a0cc69,0,0,0,0,0,
20200825,DE,16962,1002,208366,,totalTestEncountersViral,322926,40,,12,,,,9010,8/24/2020 18:00,2020-08-24T18:00:00Z,08/24 14:00,603,,,2020-08-24T18:00:00Z,,20258,,15960,531,72,322926,225328,,,,,,,,,,,10,20,1807,225328,1274,225328,,-1,0,89ee945a3702af893fcf60eefce700e596c71c78,0,0,0,0,0,
20200824,DE,16942,1012,206559,,totalTestEncountersViral,321652,38,,7,,,,8972,8/23/2020 18:00,2020-08-23T18:00:00Z,08/23 14:00,604,,,2020-08-23T18:00:00Z,,20227,,15930,532,72,321652,223501,,,,,,,,,,,10,47,1609,223501,4194,223501,,4,0,da5449d78346f3f177813f0a9c0e2e1a11ae1894,0,0,0,0,0,
20200823,DE,16895,1014,204950,,totalTestEncountersViral,317458,44,,8,,,,8936,8/22/2020 18:00,2020-08-22T18:00:00Z,08/22 14:00,600,,,2020-08-22T18:00:00Z,,20119,,15881,531,69,317458,221845,,,,,,,,,,,10,67,1902,221845,3293,221845,,0,0,bc7a58d55ce93a7c24e4381e735b02dd5503536e,0,0,0,0,0,
20200822,DE,16828,1008,203048,,totalTestEncountersViral,314165,44,,11,,,,8923,8/21/2020 18:00,2020-08-21T18:00:00Z,08/21 14:00,600,,,2020-08-21T18:00:00Z,,20048,,15820,531,69,314165,219876,,,,,,,,,,,10,58,1810,219876,3394,219876,,0,0,e3db6005db2bef655bb95bf725ed8a4e804a5c6b,0,0,0,0,0,
20200821,DE,16770,1004,201238,,totalTestEncountersViral,310771,37,,10,,,,8839,8/20/2020 18:00,2020-08-20T18:00:00Z,08/20 14:00,600,,,2020-08-20T18:00:00Z,,19966,,15766,531,69,310771,218008,,,,,,,,,,,10,52,1000,218008,1776,218008,,5,0,b93f3c31ad4be6df5c225d3d3893b30d1f4f23d0,0,0,0,0,0,
20200820,DE,16718,1004,200238,,totalTestEncountersViral,308995,40,,10,,,,8809,8/19/2020 18:00,2020-08-19T18:00:00Z,08/19 14:00,595,,,2020-08-19T18:00:00Z,,19902,,15714,526,69,308995,216956,,,,,,,,,,,10,75,2012,216956,2077,216956,,0,0,f35625219eeee87291609b976bd1ab90f0b87434,0,0,0,0,0,
20200819,DE,16643,1004,198226,,totalTestEncountersViral,306918,32,,7,,,,8780,8/18/2020 18:00,2020-08-18T18:00:00Z,08/18 14:00,595,,,2020-08-18T18:00:00Z,,19858,,15639,526,69,306918,214869,,,,,,,,,,,10,50,974,214869,2936,214869,,2,0,a13b89ebde2143de2a4474ddf95b2f0013557dcb,0,0,0,0,0,
20200818,DE,16593,1004,197252,,totalTestEncountersViral,303982,32,,7,,,,8749,8/17/2020 18:00,2020-08-17T18:00:00Z,08/17 14:00,593,,,2020-08-17T18:00:00Z,,19772,,15589,524,69,303982,213845,,,,,,,,,,,10,57,1150,213845,3260,213845,,0,0,9bbef38e780ca2f4db9ddfb68c67d2cb8bc18fee,0,0,0,0,0,
20200817,DE,16536,1004,196102,,totalTestEncountersViral,300722,29,,7,,,,8713,8/16/2020 18:00,2020-08-16T18:00:00Z,08/16 14:00,593,,,2020-08-16T18:00:00Z,,19701,,15532,524,69,300722,212638,,,,,,,,,,,10,85,2168,212638,2769,212638,,0,0,41db6fd4fb0ac543c20369a97073e45604b6290c,0,0,0,0,0,
20200816,DE,16451,1003,193934,,totalTestEncountersViral,297953,30,,8,,,,8671,8/15/2020 18:00,2020-08-15T18:00:00Z,08/15 14:00,593,,,2020-08-15T18:00:00Z,,19631,,15448,524,69,297953,210385,,,,,,,,,,,10,55,1569,210385,2952,210385,,0,0,2063befbb498b0de2d48157b50a41745aacfcea2,0,0,0,0,0,
20200815,DE,16396,1004,192365,,totalTestEncountersViral,295001,32,,10,,,,8649,8/14/2020 18:00,2020-08-14T18:00:00Z,08/14 14:00,593,,,2020-08-14T18:00:00Z,,19543,,15392,524,69,295001,208761,,,,,,,,,,,10,56,1230,208761,3974,208761,,0,0,384aa7dc4e7e546ca3d61206471b6fcf895950ba,0,0,0,0,0,
20200814,DE,16340,1000,191135,,totalTestEncountersViral,291027,38,,10,,,,8613,8/13/2020 18:00,2020-08-13T18:00:00Z,08/13 14:00,593,,,2020-08-13T18:00:00Z,,19442,,15340,524,69,291027,207475,,,,,,,,,,,10,373,1474,207475,2613,207475,,0,0,6e1eb791cfc3e3bdb3a28d9263182bd10388ed13,0,0,0,0,0,
20200813,DE,15967,999,189661,,totalTestEncountersViral,288414,37,,10,,,,8587,8/12/2020 18:00,2020-08-12T18:00:00Z,08/12 14:00,593,,,2020-08-12T18:00:00Z,,19357,,14968,524,69,288414,205628,,,,,,,,,,,10,268,3160,205628,2047,205628,,2,0,c39c2939f14236b67c8060b0f705253f26872c96,0,0,0,0,0,
20200812,DE,15699,999,186501,,totalTestEncountersViral,286367,35,,13,,,,8519,8/11/2020 18:00,2020-08-11T18:00:00Z,08/11 14:00,591,,,2020-08-11T18:00:00Z,,19277,,14700,521,70,286367,202200,,,,,,,,,,,10,0,0,202200,3127,202200,,0,0,2106850bff793ea23d2d60728da9bb5e0686f808,0,0,0,0,0,
20200811,DE,15699,999,186501,,totalTestEncountersViral,283240,35,,13,,,,8519,8/10/2020 18:00,2020-08-10T18:00:00Z,08/10 14:00,591,,,2020-08-10T18:00:00Z,,19196,,14700,521,70,283240,202200,,,,,,,,,,,10,65,1463,202200,2820,202200,,0,0,8dc76307f64f4edebe094e81dfad2a6fc6536a0f,0,0,0,0,0,
20200810,DE,15634,998,185038,,totalTestEncountersViral,280420,34,,12,,,,8500,8/9/2020 18:00,2020-08-09T18:00:00Z,08/09 14:00,591,,,2020-08-09T18:00:00Z,,19132,,14636,521,70,280420,200672,,,,,,,,,,,10,59,2494,200672,3793,200672,,0,0,ded83de61d442ef49b6c3247fd121a2a1be0dbbc,0,0,0,0,0,
20200809,DE,15575,999,182544,,totalTestEncountersViral,276627,36,,11,,,,8449,8/8/2020 18:00,2020-08-08T18:00:00Z,08/08 14:00,591,,,2020-08-08T18:00:00Z,,19049,,14576,521,70,276627,198119,,,,,,,,,,,10,73,2152,198119,2369,198119,,1,0,5a855e1a0c2823b24e294c197ba0b7f8da52e61a,0,0,0,0,0,
20200808,DE,15502,1000,180392,,totalTestEncountersViral,274258,36,,11,,,,8416,8/7/2020 18:00,2020-08-07T18:00:00Z,08/07 14:00,590,,,2020-08-07T18:00:00Z,,19009,,14502,520,70,274258,195894,,,,,,,,,,,10,57,1053,195894,3937,195894,,2,0,e3429012c4face9751b46edb5669494d61bd7e08,0,0,0,0,0,
20200807,DE,15445,998,179339,,totalTestEncountersViral,270321,37,,15,,,,8392,8/6/2020 18:00,2020-08-06T18:00:00Z,08/06 14:00,588,,,2020-08-06T18:00:00Z,,18915,,14447,518,70,270321,194784,,,,,,,,,,,10,80,2001,194784,2800,194784,,1,0,213a9db0537333e20b6e97ec580da0da2a5db17b,0,0,0,0,0,
20200806,DE,15365,997,177338,,totalTestEncountersViral,267521,45,,15,,,,8365,8/5/2020 18:00,2020-08-05T18:00:00Z,08/05 14:00,587,,,2020-08-05T18:00:00Z,,18853,,14368,517,70,267521,192703,,,,,,,,,,,10,69,1934,192703,1502,192703,,0,0,c02dee57acb1f113dcd6704d6bf90c9e0cb07bf2,0,0,0,0,0,
20200805,DE,15296,997,175404,,totalTestEncountersViral,266019,47,,4,,,,8339,8/4/2020 18:00,2020-08-04T18:00:00Z,08/04 14:00,587,,,2020-08-04T18:00:00Z,,18796,,14299,517,70,266019,190700,,,,,,,,,,,10,159,1233,190700,3448,190700,,0,0,9f5f3247892d00ca7bec97233c6b04f59ad2f521,0,0,0,0,0,
20200804,DE,15137,997,174171,,totalTestEncountersViral,262571,42,,11,,,,8303,8/3/2020 18:00,2020-08-03T18:00:00Z,08/03 14:00,587,,,2020-08-03T18:00:00Z,,18690,,14140,517,70,262571,189308,,,,,,,,,,,10,82,1567,189308,2615,189308,,2,0,4b564068256c6068f1d55a156b191f6448eeb44e,0,0,0,0,0,
20200803,DE,15055,997,172604,,totalTestEncountersViral,259956,40,,9,,,,8267,8/2/2020 18:00,2020-08-02T18:00:00Z,08/02 14:00,585,,,2020-08-02T18:00:00Z,,18611,,14058,515,70,259956,187659,,,,,,,,,,,10,106,2642,187659,3691,187659,,0,0,54c02bc7f92d1588bd095cfd66a4cfd3561c698d,0,0,0,0,0,
20200802,DE,14949,997,169962,,totalTestEncountersViral,256265,43,,8,,,,8235,8/1/2020 18:00,2020-08-01T18:00:00Z,08/01 14:00,585,,,2020-08-01T18:00:00Z,,18519,,13952,515,70,256265,184911,,,,,,,,,,,10,72,1943,184911,3163,184911,,0,0,8fedbbe63ad38f8cf6813f10e1733416f642b648,0,0,0,0,0,
20200801,DE,14877,997,168019,,totalTestEncountersViral,253102,45,,18,,,,8212,7/31/2020 18:00,2020-07-31T18:00:00Z,07/31 14:00,585,,,2020-07-31T18:00:00Z,,18385,,13880,515,70,253102,182896,,,,,,,,,,,10,89,1760,182896,5209,182896,,0,0,67814d626083114194852de79577629fedcc6c5b,0,0,0,0,0,
20200731,DE,14788,997,166259,,totalTestEncountersViral,247893,46,,11,,,,8179,7/30/2020 18:00,2020-07-30T18:00:00Z,07/30 14:00,585,,,2020-07-30T18:00:00Z,,18220,,13791,515,70,247893,181047,,,,,,,,,,,10,99,2085,181047,1834,181047,,4,0,3e692ce1e9095db9a54988ccec2f7660aab154dc,0,0,0,0,0,
20200730,DE,14689,997,164174,,totalTestEncountersViral,246059,69,,11,,,,8140,7/29/2020 18:00,2020-07-29T18:00:00Z,07/29 14:00,581,,,2020-07-29T18:00:00Z,,18159,,13692,511,70,246059,178863,,,,,,,,,,,10,87,1760,178863,1695,178863,,0,0,35d474be2beede4396220091f9d24499b8aa35bd,0,0,0,0,0,
20200729,DE,14602,996,162414,,totalTestEncountersViral,244364,68,,15,,,,8108,7/28/2020 18:00,2020-07-28T18:00:00Z,07/28 14:00,581,,,2020-07-28T18:00:00Z,,18067,,13606,511,70,244364,177016,,,,,,,,,,,10,126,2267,177016,3096,177016,,1,0,c8ad6bfd9104017eb3bc96cc97a5d12735e2a936,0,0,0,0,0,
20200728,DE,14476,996,160147,,totalTestEncountersViral,241268,62,,14,,,,8076,7/27/2020 18:00,2020-07-27T18:00:00Z,07/27 14:00,580,,,2020-07-27T18:00:00Z,,17964,,13480,510,70,241268,174623,,,,,,,,,,,10,70,1494,174623,3688,174623,,1,0,6281f2c42f09fdeb4e09b1ab5cf1d86d68df7f10,0,0,0,0,0,
20200727,DE,14406,996,158653,,totalTestEncountersViral,237580,63,,18,,,,8035,7/26/2020 18:00,2020-07-26T18:00:00Z,07/26 14:00,579,,,2020-07-26T18:00:00Z,,17882,,13410,509,70,237580,173059,,,,,,,,,,,10,116,2950,173059,2967,173059,,0,0,a83809277e72d6e4ca8f0fd7a1a8971b982bce3f,0,0,0,0,0,
20200726,DE,14290,996,155703,,totalTestEncountersViral,234613,57,,9,,,,7996,7/25/2020 18:00,2020-07-25T18:00:00Z,07/25 14:00,579,,,2020-07-25T18:00:00Z,,17788,,13294,509,70,234613,169993,,,,,,,,,,,10,115,2956,169993,2579,169993,,0,0,82423bae88d98e7c9a0b7ace238f03fa2477577a,0,0,0,0,0,
20200725,DE,14175,996,152747,,totalTestEncountersViral,232034,55,,11,,,,7961,7/24/2020 18:00,2020-07-24T18:00:00Z,07/24 14:00,579,,,2020-07-24T18:00:00Z,,17693,,13179,509,70,232034,166922,,,,,,,,,,,10,-27,2623,166922,3115,166922,,1,0,f7a1197d787d2255874b72741917ae463f3a6237,0,0,0,0,0,
20200724,DE,14202,997,150124,,totalTestEncountersViral,228919,55,,9,,,,7936,7/23/2020 18:00,2020-07-23T18:00:00Z,07/23 14:00,578,,,2020-07-23T18:00:00Z,,17570,,13205,508,70,228919,164326,,,,,,,,,,,10,278,1697,164326,2854,164326,,49,0,6e3c5803bacecb928e4543894f2b684f1569f2ef,0,0,0,0,0,
20200723,DE,13924,991,148427,,totalTestEncountersViral,226065,56,,7,,,,7893,7/22/2020 18:00,2020-07-22T18:00:00Z,07/22 14:00,529,,,2020-07-22T18:00:00Z,,17479,,12933,471,58,226065,162351,,,,,,,,,,,10,132,2786,162351,1969,162351,,2,0,3737c4f301cbe77558c63a06e8b2534baa48dd99,0,0,0,0,0,
20200722,DE,13792,988,145641,,totalTestEncountersViral,224096,61,,7,,,,7859,7/21/2020 18:00,2020-07-21T18:00:00Z,07/21 14:00,527,,,2020-07-21T18:00:00Z,,17391,,12804,469,58,224096,159433,,,,,,,,,,,10,46,1040,159433,3419,159433,,2,0,0bf1ebe0b2215ad44118b4d1724cbc6d161c6758,0,0,0,0,0,
20200721,DE,13746,983,144601,,totalTestEncountersViral,220677,58,,11,,,,7362,7/20/2020 18:00,2020-07-20T18:00:00Z,07/20 14:00,525,,,2020-07-20T18:00:00Z,,17267,,12763,467,58,220677,158347,,,,,,,,,,,10,227,5125,158347,4013,158347,,2,0,356bfb25d254edd1947ff6672673a916fb520039,0,0,0,0,0,
20200720,DE,13519,982,139476,,totalTestEncountersViral,216664,47,,9,,,,7362,7/19/2020 18:00,2020-07-19T18:00:00Z,07/19 14:00,523,,,2020-07-19T18:00:00Z,,17165,,12537,465,58,216664,152995,,,,,,,,,,,10,0,0,152995,4709,152995,,0,0,f27ef3eb5bf237e6aaab286c5e2e0c625c147940,0,0,0,0,0,
20200719,DE,13519,982,139476,,totalTestEncountersViral,211955,47,,9,,,,7362,7/18/2020 18:00,2020-07-18T18:00:00Z,07/18 14:00,523,,,2020-07-18T18:00:00Z,,17030,,12537,465,58,211955,152995,,,,,,,,,,,10,90,2148,152995,3925,152995,,0,0,580854528052319673893bfbbd023ab86ff2419f,0,0,0,0,0,
20200718,DE,13429,982,137328,,totalTestEncountersViral,208030,51,,8,,,,7362,7/17/2020 18:00,2020-07-17T18:00:00Z,07/17 14:00,523,,,2020-07-17T18:00:00Z,,16901,,12447,465,58,208030,150757,,,,,,,,,,,10,92,2055,150757,5260,150757,,2,0,84ffd1da90a29812adea504d85edc98be83654b8,0,0,0,0,0,
20200717,DE,13337,982,135273,,totalTestEncountersViral,202770,55,,7,,,,7315,7/16/2020 18:00,2020-07-16T18:00:00Z,07/16 14:00,521,,,2020-07-16T18:00:00Z,,16743,,12355,463,58,202770,148610,,,,,,,,,,,10,223,3517,148610,3513,148610,,0,0,abe39d384f98ca7646259c624a16d3a219c80bd3,0,0,0,0,0,
20200716,DE,13114,983,131756,,totalTestEncountersViral,199257,50,,8,,,,7269,7/15/2020 18:00,2020-07-15T18:00:00Z,07/15 14:00,521,,,2020-07-15T18:00:00Z,,16601,,12131,463,58,199257,144870,,,,,,,,,,,10,64,1418,144870,2157,144870,,0,0,c0a4fc840a1ff3454ffcf4a63e62568fbd92cf67,0,0,0,0,0,
20200715,DE,13050,981,130338,,totalTestEncountersViral,197100,51,,11,,,,7236,7/14/2020 18:00,2020-07-14T18:00:00Z,07/14 14:00,521,,,2020-07-14T18:00:00Z,,16473,,12069,463,58,197100,143388,,,,,,,,,,,10,81,1707,143388,3774,143388,,3,0,60d1044b588fbfde7788a6d7aabe2e643c2ee48e,0,0,0,0,0,
20200714,DE,12969,980,128631,,totalTestEncountersViral,193326,48,,10,,,,7184,7/13/2020 18:00,2020-07-13T18:00:00Z,07/13 14:00,518,,,2020-07-13T18:00:00Z,,16356,,11989,460,58,193326,139363,,,,,,,,,,,10,90,2147,141600,2239,141600,,1,0,7a282ee5aba10d4fff428064c6e6f5e34c4bd0e5,0,0,0,0,0,
20200713,DE,12879,981,126484,,totalTestEncountersViral,191087,49,,12,,,,7139,7/12/2020 18:00,2020-07-12T18:00:00Z,07/12 14:00,517,,,2020-07-12T18:00:00Z,,16278,,11898,459,58,191087,139363,,,,,,,,,,,10,75,1879,139363,2515,139363,,0,0,e086b07573e5ed60110855b452789bc5d2dcd008,0,0,0,0,0,
20200712,DE,12804,981,124605,,totalTestEncountersViral,188572,58,,10,,,,7120,7/11/2020 18:00,2020-07-11T18:00:00Z,07/11 14:00,517,,,2020-07-11T18:00:00Z,,16175,,11823,459,58,188572,137409,,,,,,,,,,,10,61,3233,137409,3873,137409,,0,0,e78bdf4fe64b2e200bc4843094bc7b35c941b688,0,0,0,0,0,
20200711,DE,12743,1044,121372,,totalTestEncountersViral,184699,65,,13,,,,7002,7/10/2020 18:00,2020-07-10T18:00:00Z,07/10 14:00,517,,,2020-07-10T18:00:00Z,,15987,,11699,460,57,184699,134115,,,,,,,,,,,10,91,1316,134115,4637,134115,,0,0,2baea3836d805fd0a3089d9b21dbba61c48df4d0,0,0,0,0,0,
20200710,DE,12652,1044,120056,,totalTestEncountersViral,180062,58,,11,,,,6949,7/9/2020 18:00,2020-07-09T18:00:00Z,07/09 14:00,517,,,2020-07-09T18:00:00Z,,15804,,11608,460,57,180062,132708,,,,,,,,,,,10,121,2382,132708,2746,132708,,0,0,b499ce964fdac5e95237818d0bf631e23eb9f6e4,0,0,0,0,0,
20200709,DE,12531,1044,117674,,totalTestEncountersViral,177316,63,,12,,,,6901,7/8/2020 18:00,2020-07-08T18:00:00Z,07/08 14:00,517,,,2020-07-08T18:00:00Z,,15698,,11487,460,57,177316,130205,,,,,,,,,,,10,69,1102,130205,2051,130205,,2,0,7178855da23da67cccf35a3bafb3351f8f6e3af4,0,0,0,0,0,
20200708,DE,12462,1044,116572,,totalTestEncountersViral,175265,57,,11,,,,6851,7/7/2020 18:00,2020-07-07T18:00:00Z,07/07 14:00,515,,,2020-07-07T18:00:00Z,,15598,,11418,458,57,175265,129034,,,,,,,,,,,10,48,301,129034,1276,129034,,1,0,5b53650e871bedd4b65a2912bf36f0202c9d2329,0,0,0,0,0,
20200707,DE,12414,1044,116271,,totalTestEncountersViral,173989,56,,15,,,,6815,7/6/2020 18:00,2020-07-06T18:00:00Z,07/06 14:00,514,,,2020-07-06T18:00:00Z,,15433,,11370,457,57,173989,128685,,,,,,,,,,,10,121,1385,128685,5631,128685,,2,0,78f2c60ba1bc5accfdc019f65eb8f9cc25f846b8,0,0,0,0,0,
20200706,DE,12293,1044,114886,,totalTestEncountersViral,168358,54,,15,,,,6778,7/5/2020 18:00,2020-07-05T18:00:00Z,07/05 14:00,512,,,2020-07-05T18:00:00Z,,15257,,11249,455,57,168358,127179,,,,,,,,,,,10,165,3073,127179,3742,127179,,0,0,cb925d1ba69f3f248a6345e68875727ce9950bba,0,0,0,0,0,
20200705,DE,12128,1044,111813,,totalTestEncountersViral,164616,53,,15,,,,6740,7/4/2020 18:00,2020-07-04T18:00:00Z,07/04 14:00,512,,,2020-07-04T18:00:00Z,,15176,,11084,455,57,164616,123941,,,,,,,,,,,10,132,3116,123941,4496,123941,,0,0,1eaf38141236707907f521e606497cf323d9fc66,0,0,0,0,0,
20200704,DE,11996,1044,108697,,totalTestEncountersViral,160120,54,,13,,,,6711,7/3/2020 18:00,2020-07-03T18:00:00Z,07/03 14:00,512,,,2020-07-03T18:00:00Z,,14981,,10952,455,57,160120,120693,,,,,,,,,,,10,73,2277,120693,8054,120693,,0,0,ff0d236bcf253953aade3dd0d1e60adb515cab70,0,0,0,0,0,
20200703,DE,11923,1044,106420,,totalTestEncountersViral,152066,57,,13,,,,6692,7/2/2020 18:00,2020-07-02T18:00:00Z,07/02 14:00,512,,,2020-07-02T18:00:00Z,,14669,,10879,455,57,152066,118343,,,,,,,,,,,10,192,3233,118343,2613,118343,,2,0,632235965b07a9e852e13a39c4e4521eb780cdcb,0,0,0,0,0,
20200702,DE,11731,1044,103187,,totalTestEncountersViral,149453,67,,16,,,,6678,7/1/2020 18:00,2020-07-01T18:00:00Z,07/01 14:00,510,,,2020-07-01T18:00:00Z,,14556,,10687,453,57,149453,114918,,,,,,,,,,,10,221,3313,114918,1618,114918,,1,0,d68ea36e7a8077304d76da604123e19eb72eafa1,0,0,0,0,0,
20200701,DE,11510,1044,99874,,totalTestEncountersViral,147835,68,,13,,,,6676,6/30/2020 18:00,2020-06-30T18:00:00Z,06/30 14:00,509,,,2020-06-30T18:00:00Z,,14450,,10466,451,58,147835,111384,,,,,,,,,,,10,36,467,111384,4174,111384,,0,0,e427f657e2f1b36ed756a1a793c0f614babf644f,0,0,0,0,0,
20200630,DE,11474,1044,99407,,totalTestEncountersViral,143661,64,,13,,,,6667,6/29/2020 18:00,2020-06-29T18:00:00Z,06/29 14:00,509,,,2020-06-29T18:00:00Z,,14278,,10430,451,58,143661,110881,,,,,,,,,,,10,98,852,110881,3435,110881,,2,0,cf3bb79929f0f9cfcdf29d1b56d3fffe10c6529f,0,0,0,0,0,
20200629,DE,11376,1070,98555,,totalTestEncountersViral,140226,72,,15,,,,6665,6/28/2020 18:00,2020-06-28T18:00:00Z,06/28 14:00,507,,,2020-06-28T18:00:00Z,,14070,,10306,449,58,140226,109931,,,,,,,,,,,10,150,3435,109931,4839,109931,,0,0,82db352f3715bdb9742a7e7086d08e104739651c,0,0,0,0,0,
20200628,DE,11226,1064,95120,,totalTestEncountersViral,135387,78,,14,,,,6665,6/27/2020 18:00,2020-06-27T18:00:00Z,06/27 14:00,507,,,2020-06-27T18:00:00Z,,13893,,10162,449,58,135387,106346,,,,,,,,,,,10,135,1949,106346,3119,106346,,0,0,bbe949b4f956bdde94473ea84ee13464acff4495,0,0,0,0,0,
20200627,DE,11091,1044,93171,,totalTestEncountersViral,132268,83,,15,,,,6665,6/27/2020 00:00,2020-06-27T00:00:00Z,06/26 20:00,507,,,2020-06-27T00:00:00Z,,13798,,10047,449,58,132268,104262,,,,,,,,,,,10,74,2088,104262,4980,104262,,0,0,4914d810fd6104f33cd1c1ed4c5b869fe3ea8918,0,0,0,0,0,
20200626,DE,11017,1045,91083,,totalTestEncountersViral,127288,78,,,,,,6661,6/25/2020 18:00,2020-06-25T18:00:00Z,06/25 14:00,507,,,2020-06-25T18:00:00Z,,13640,,9972,449,58,127288,102100,,,,,,,,,,,10,37,1071,102100,2234,102100,,0,0,24bb1348bcae074396c87491099ec820c5981fc6,0,0,0,0,0,
20200625,DE,10980,1055,90012,,totalTestEncountersViral,125054,93,,,,,,6646,6/24/2020 18:00,2020-06-24T18:00:00Z,06/24 14:00,507,,,2020-06-24T18:00:00Z,,13553,,9925,449,58,125054,100992,,,,,,,,,,,10,91,2700,100992,1184,100992,,2,0,dbd9c41d7f0abceb89aa44afc5abf4683919722d,0,0,0,0,0,
20200624,DE,10889,1055,87312,,totalTestEncountersViral,123870,85,,,,,,6598,6/23/2020 18:00,2020-06-23T18:00:00Z,06/23 14:00,505,,,2020-06-23T18:00:00Z,,13501,,9834,447,58,123870,98201,,,,,,,,,,,10,42,623,98201,2304,98201,,1,0,e9ea3e7af81134a685ba709cc953ab7fbe4f1526,0,0,0,0,0,
20200623,DE,10847,1055,86689,,totalTestEncountersViral,121566,91,,,,,,6554,6/22/2020 18:00,2020-06-22T18:00:00Z,06/22 14:00,504,,,2020-06-22T18:00:00Z,,13420,,9792,446,58,121566,97536,,,,,,,,,,,10,27,786,97536,3467,97536,,0,0,5e70822d34221aa0e89336a3d18eebb26a91b9fc,0,0,0,0,0,
20200622,DE,10820,1056,85903,,totalTestEncountersViral,118099,89,,,,,,6459,6/21/2020 18:00,2020-06-21T18:00:00Z,06/21 14:00,504,,,2020-06-21T18:00:00Z,,13311,,9764,446,58,118099,96723,,,,,,,,,,,10,45,1704,96723,2813,96723,,0,0,3f7bf1029d15406ad4cf7c8d93a4612300345a40,0,0,0,0,0,
20200621,DE,10775,1051,84199,,totalTestEncountersViral,115286,79,,,,,,6459,6/20/2020 18:00,2020-06-20T18:00:00Z,06/20 14:00,504,,,2020-06-20T18:00:00Z,,13240,,9724,446,58,115286,94974,,,,,,,,,,,10,94,2464,94974,2861,94974,,0,0,e1280ecb45aef44a9dccb5e1ecef24975716a2fd,0,0,0,0,0,
20200620,DE,10681,1049,81735,,totalTestEncountersViral,112425,75,,,,,,6395,6/19/2020 18:00,2020-06-19T18:00:00Z,06/19 14:00,504,,,2020-06-19T18:00:00Z,,13176,,9632,446,58,112425,92416,,,,,,,,,,,10,70,1912,92416,4860,92416,,0,0,e7e8625e9de1ffe82005d9fa12194f9d9371be4b,0,0,0,0,0,
20200619,DE,10611,1031,79823,,totalTestEncountersViral,107565,75,,,,,,6395,6/18/2020 06:00,2020-06-18T06:00:00Z,06/18 02:00,504,,,2020-06-18T06:00:00Z,,13067,,9580,446,58,107565,90434,,,,,,,,,,,10,112,1638,90434,1456,90434,,2,0,a220eba5112fb0faa274dadc3e68afa782b58a89,0,0,0,0,0,
20200618,DE,10499,975,78185,,totalTestEncountersViral,106109,79,,,,,,6350,6/17/2020 18:00,2020-06-17T18:00:00Z,06/17 14:00,502,,,2020-06-17T18:00:00Z,,13004,,9524,444,58,106109,88684,,,,,,,,,,,10,55,2042,88684,979,88684,,0,0,e3104c9cb5e9f56f51b88764c785c82e00d75234,0,0,0,0,0,
20200617,DE,10444,974,76143,,totalTestEncountersViral,105130,83,,,,,,6305,6/16/2020 18:00,2020-06-16T18:00:00Z,06/16 14:00,502,,,2020-06-16T18:00:00Z,,12964,,9470,444,58,105130,86593,,,,,,,,,,,10,41,472,86587,2648,86587,,3,0,a7016b2880c81fe168d4244e274c7761e8a718be,0,0,0,0,0,
20200616,DE,10403,974,75671,,totalTestEncountersViral,102482,87,,,,,,6256,6/15/2020 18:00,2020-06-15T18:00:00Z,06/15 14:00,499,,,2020-06-15T18:00:00Z,,12898,,9429,441,58,102482,86074,,,,,,,,,,,10,63,1325,86074,2741,86074,,1,0,681b2e919ad91ff0eb7e7cc8e1cc69f387be7094,0,0,0,0,0,
20200615,DE,10340,962,74346,,totalTestEncountersViral,99741,88,,,,,,6172,6/14/2020 18:00,2020-06-14T18:00:00Z,06/14 14:00,498,,,2020-06-14T18:00:00Z,,12845,,9378,440,58,99741,84686,,,,,,,,,,,10,76,2823,84686,2889,84686,,2,0,e276064fdffaa5187ec6bf6531901de54e34b855,0,0,0,0,0,
20200614,DE,10264,951,71523,,totalTestEncountersViral,96852,93,,,,,,6172,6/13/2020 18:00,2020-06-13T18:00:00Z,06/13 14:00,496,,,2020-06-13T18:00:00Z,,12785,,9313,438,58,96852,81787,,,,,,,,,,,10,35,1653,81787,3371,81787,,1,0,bfaaa16b5eed3716e6a6a80ed076a567c680f76b,0,0,0,0,0,
20200613,DE,10229,951,69870,,totalTestEncountersViral,93481,93,,,,,,6116,6/12/2020 18:00,2020-06-12T18:00:00Z,06/12 14:00,495,,,2020-06-12T18:00:00Z,,12677,,9278,437,58,93481,80099,,,,,,,,,,,10,56,2349,80099,2416,80099,,1,0,d860a7eee1a2ec8b9d928bbbd152b5c28c5bbd3c,0,0,0,0,0,
20200612,DE,10173,951,67521,,totalTestEncountersViral,91065,100,,,,,,6062,6/11/2020 18:00,2020-06-11T18:00:00Z,06/11 14:00,494,,,2020-06-11T18:00:00Z,,12592,,9222,436,58,91065,77694,,,,,,,,,,,10,67,3594,77694,1619,77694,,0,0,c0ae37e64ff2b969d8415e0c5e181040726f35ca,0,0,0,0,0,
20200611,DE,10106,948,63927,,totalTestEncountersViral,89446,109,,,,,,6001,6/10/2020 18:00,2020-06-10T18:00:00Z,06/10 14:00,494,,,2020-06-10T18:00:00Z,,12525,,9158,436,58,89446,74033,,,,,,,,,,,10,50,2238,74033,1664,74033,,1,0,f0bdb7edbb076d5b965fd2f60079bc0021543cdf,0,0,0,0,0,
20200610,DE,10056,,61689,,totalTestEncountersViral,87782,108,,,,,,5939,6/9/2020 18:00,2020-06-09T18:00:00Z,06/09 14:00,493,,,2020-06-09T18:00:00Z,,12467,,,435,58,87782,71745,,,,,,,,,,,10,36,956,71745,1984,71745,,1,0,dd3e3a7ae7ff297d3cb60a5ec4e54c7b8eb0878b,0,0,0,0,0,
20200609,DE,10020,,60733,,totalTestEncountersViral,85798,108,,,,,,5888,6/8/2020 18:00,2020-06-08T18:00:00Z,06/08 14:00,492,,,2020-06-08T18:00:00Z,,12395,,,434,58,85798,70753,,,,,,,,,,,10,48,758,70753,1002,70753,,2,0,ff89e7a70260e0be52fcd0f8ed017e03ee8b00af,0,0,0,0,0,
20200608,DE,9972,,59975,,totalTestEncountersViral,84796,113,,,,,,5791,6/7/2020 18:00,2020-06-07T18:00:00Z,06/07 14:00,490,,,2020-06-07T18:00:00Z,,12321,,,432,58,84796,69947,,,,,,,,,,,10,30,920,69947,1100,69947,,2,0,3cf4b6d4fa019cca668070bd0313edb8280a0e8f,0,0,0,0,0,
20200607,DE,9942,,59055,,totalTestEncountersViral,83696,103,,,,,,5792,6/6/2020 18:00,2020-06-06T18:00:00Z,06/06 14:00,488,,,2020-06-06T18:00:00Z,,12235,,,430,58,83696,68997,,,,,,,,,,,10,97,1265,68997,907,68997,,3,0,f57eeddf48a87448b3925f718aa79a5db814cbd6,0,0,0,0,0,
20200606,DE,9845,,57790,,totalTestEncountersViral,82789,117,,,,,,5696,6/5/2020 18:00,2020-06-05T18:00:00Z,06/05 14:00,485,,,2020-06-05T18:00:00Z,,12146,,,427,58,82789,67635,,,,,,,,,,,10,72,834,67635,1897,67635,,0,0,0ef67c3144ff7503f4991bc67624c427285fade2,0,0,0,0,0,
20200605,DE,9773,,56956,,totalTestEncountersViral,80892,128,,,,,,5631,6/4/2020 18:00,2020-06-04T18:00:00Z,06/04 14:00,485,,,2020-06-04T18:00:00Z,,12044,,,427,58,80892,66729,,,,,,,,,,,10,27,793,66729,1859,66729,,2,0,c7e721c92bfea67e84f69b30de0d78f190fb1ce0,0,0,0,0,0,
20200604,DE,9746,,56163,,totalTestEncountersViral,79033,142,,,,,,5562,6/3/2020 18:00,2020-06-03T18:00:00Z,06/03 14:00,483,,,2020-06-03T18:00:00Z,,11956,,,425,58,79033,65909,,,,,,,,,,,10,34,955,65909,1232,65909,,8,0,ac6958c9fb73a6bf68f82cbe1a49d40e10dd19b5,0,0,0,0,0,
20200603,DE,9712,,55208,,totalTestEncountersViral,77801,153,,,,,,5493,6/2/2020 18:00,2020-06-02T18:00:00Z,06/02 14:00,475,,,2020-06-02T18:00:00Z,,11858,,,418,57,77801,64920,,,,,,,,,,,10,27,831,64920,558,64920,,4,0,4901bab9bb09cae3f23b42aa8ecb44fb4e277a17,0,0,0,0,0,
20200602,DE,9685,,54377,,totalTestEncountersViral,77243,157,,,,,,5442,6/1/2020 18:00,2020-06-01T18:00:00Z,06/01 14:00,471,,,2020-06-01T18:00:00Z,,11799,,,414,57,77243,64062,,,,,,,,,,,10,80,1535,64062,766,64062,,0,0,bf5151dfd8d72e9d430ae90b02bff298f7cacafa,0,0,0,0,0,
20200601,DE,9605,,52842,,totalTestEncountersViral,76477,159,,,,,,5353,5/31/2020 18:00,2020-05-31T18:00:00Z,05/31 14:00,471,,,2020-05-31T18:00:00Z,,11726,,,414,57,76477,62447,,,,,,,,,,,10,107,1669,62447,1657,62447,,3,0,1a359980ec107bb411e41b89d02f8aa0a7c97be3,0,0,0,0,0,
20200531,DE,9498,,51173,,totalTestEncountersViral,74820,160,,,,,,5266,5/30/2020 18:00,2020-05-30T18:00:00Z,05/30 14:00,468,,,2020-05-30T18:00:00Z,,11617,,,411,57,74820,60671,,,,,,,,,,,10,76,1266,60671,2282,60671,,2,0,91f9012260572725ba2f583654f9fd15e984ad1f,0,0,0,0,0,
20200530,DE,9422,,49907,,totalTestEncountersViral,72538,174,,,,,,5205,5/29/2020 18:00,2020-05-29T18:00:00Z,05/29 14:00,466,,,2020-05-29T18:00:00Z,,11436,,,409,57,72538,59329,,,,,,,,,,,10,186,1610,59329,2709,59329,,3,0,d264f6cedd15325708a4716f8517b342b9545e71,0,0,0,0,0,
20200529,DE,9236,,48297,,totalTestEncountersViral,69829,183,,,,,,5103,5/28/2020 18:00,2020-05-28T18:00:00Z,05/28 14:00,463,,,2020-05-28T18:00:00Z,,11255,,,406,57,69829,57533,,,,,,,,,,,10,65,667,57533,1052,57533,,4,0,ebbd6055c1f98d7bbafc2b01597b0fbf886838ea,0,0,0,0,0,
20200528,DE,9171,,47630,,totalTestEncountersViral,68777,192,,,,,,5010,5/27/2020 18:00,2020-05-27T18:00:00Z,05/27 14:00,459,,,2020-05-27T18:00:00Z,,11121,,,402,57,68777,56801,,,,,,,,,,,10,75,1305,56801,794,56801,,6,0,288384dda58d26f4a96a1df04e045a710dc28db3,0,0,0,0,0,
20200527,DE,9096,,46325,,totalTestEncountersViral,67983,196,,,,,,4909,5/26/2020 18:00,2020-05-26T18:00:00Z,05/26 14:00,453,,,2020-05-26T18:00:00Z,,11041,,,397,56,67983,55421,,,,,,,,,,,10,30,477,55421,1744,55421,,9,0,366a6f29da291f9be3b535763b7324fbd417a660,0,0,0,0,0,
20200526,DE,9066,,45848,,totalTestEncountersViral,66239,201,,,,,,4802,5/25/2020 18:00,2020-05-25T18:00:00Z,05/25 14:00,444,,,2020-05-25T18:00:00Z,,10914,,,389,55,66239,54914,,,,,,,,,,,10,101,917,54914,1014,54914,,8,0,550ceeb3e2627915771aa0a8ac813fb65de58261,0,0,0,0,0,
20200525,DE,8965,,44931,,totalTestEncountersViral,65225,205,,,,,,4693,5/24/2020 18:00,2020-05-24T18:00:00Z,05/24 14:00,436,,,2020-05-24T18:00:00Z,,10786,,,382,54,65225,53896,,,,,,,,,,,10,156,1870,53896,1130,53896,,5,0,1cd6c2397dfbac4c4748393ce451b4eef3ff28cb,0,0,0,0,0,
20200524,DE,8809,,43061,,totalTestEncountersViral,64095,211,,,,,,4598,5/23/2020 18:00,2020-05-23T18:00:00Z,05/23 14:00,431,,,2020-05-23T18:00:00Z,,10680,,,377,54,64095,51870,,,,,,,,,,,10,119,1217,51870,2286,51870,,6,0,1e2f4a7d8203f8366c4f489caa21cfed657ba89b,0,0,0,0,0,
20200523,DE,8690,,41844,,totalTestEncountersViral,61809,210,,,,,,4454,5/22/2020 18:00,2020-05-22T18:00:00Z,05/22 14:00,425,,,2020-05-22T18:00:00Z,,10503,,,371,54,61809,50534,,,,,,,,,,,10,161,1387,50534,1478,50534,,5,0,5d7faf20d55c897787cf8b33d513949fa96531d7,0,0,0,0,0,
20200522,DE,8529,,40457,,totalTestEncountersViral,60331,221,,,,,,4296,5/21/2020 18:00,2020-05-21T18:00:00Z,05/21 14:00,420,,,2020-05-21T18:00:00Z,,10326,,,367,53,60331,48986,,,,,,,,,,,10,143,1301,48986,1106,48986,,3,0,e3ad35e6c02327671872b31a1482187327670872,0,0,0,0,0,
20200521,DE,8386,,39156,,totalTestEncountersViral,59225,220,,,,,,4130,5/20/2020 18:00,2020-05-20T18:00:00Z,05/20 14:00,417,,,2020-05-20T18:00:00Z,,10177,,,364,53,59225,47542,,,,,,,,,,,10,192,1938,47542,1171,47542,,3,0,f106e5b9198e793109b2c2117f9258d8ef2e1575,0,0,0,0,0,
20200520,DE,8194,,37218,,totalTestEncountersViral,58054,220,,,,,,3965,5/19/2020 18:00,2020-05-19T18:00:00Z,05/19 14:00,414,,,2020-05-19T18:00:00Z,,10053,,,362,52,58054,45412,,,,,,,,,,,10,157,1123,45412,880,45412,,6,0,e6b89018cdbccfd97028ed88630620084a537e52,0,0,0,0,0,
20200519,DE,8037,,36095,,totalTestEncountersViral,57174,236,,,,,,3760,5/18/2020 18:00,2020-05-18T18:00:00Z,05/18 14:00,408,,,2020-05-18T18:00:00Z,,9932,,,357,51,57174,44132,,,,,,,,,,,10,168,1506,44132,983,44132,,9,0,8f19dca1d78938edad860767d27966ef8e6ecfae,0,0,0,0,0,
20200518,DE,7869,,34589,,totalTestEncountersViral,56191,240,,,,,,3545,5/17/2020 18:00,2020-05-17T18:00:00Z,05/17 14:00,399,,,2020-05-17T18:00:00Z,,9840,,,351,48,56191,42458,,,,,,,,,,,10,199,1394,42458,2093,42458,,7,0,1bfe80e25586120a8ce0b1bb166dda9f751685c0,0,0,0,0,0,
20200517,DE,7670,,33195,,totalTestEncountersViral,54098,229,,,,,,3478,5/17/2020 11:57,2020-05-17T11:57:00Z,05/17 07:57,392,,,2020-05-17T11:57:00Z,,9619,,,345,47,54098,40865,,,,,,,,,,,10,123,984,40865,3034,40865,,9,0,d538f1136fc1c2f7be8db4014ce362ed559d25ca,0,0,0,0,0,
20200516,DE,7547,,32211,,totalTestEncountersViral,51064,250,,,,,,3367,5/15/2020 18:00,2020-05-15T18:00:00Z,05/15 14:00,383,,,2020-05-15T18:00:00Z,,9344,,,336,47,51064,39758,,,,,,,,,,,10,174,1306,39758,1392,39758,,10,0,8e69004fb1c3491d00ad37912ec90e8301b9649c,0,0,0,0,0,
20200515,DE,7373,,30905,,totalTestEncountersViral,49672,269,,,,,,3210,5/14/2020 18:00,2020-05-14T18:00:00Z,05/14 14:00,373,,,2020-05-14T18:00:00Z,,9210,,,327,46,49672,38278,,,,,,,,,,,10,150,1271,38278,1342,38278,,11,0,237098c68f358632132746ce490fdfdd93f2aad5,0,0,0,0,0,
20200514,DE,7223,,29634,,totalTestEncountersViral,48330,273,,,,,,3080,5/13/2020 18:00,2020-05-13T18:00:00Z,05/13 14:00,362,,,2020-05-13T18:00:00Z,,9044,,,318,44,48330,34753,,,,,,,,,,,10,271,1833,36857,1104,36857,,11,0,35bfaf08001b67cabccb5eaf4bc7da526586f993,0,0,0,0,0,
20200513,DE,6952,,27801,,totalTestEncountersViral,47226,282,,,,,,2942,5/12/2020 18:00,2020-05-12T18:00:00Z,05/12 14:00,351,,,2020-05-12T18:00:00Z,,8876,,,308,43,47226,33291,,,,,,,,,,,10,211,1251,34753,746,34753,,17,0,e9c3f54b153e1244aaf08a4b9194505b7a2d423f,0,0,0,0,0,
20200512,DE,6741,,26550,,totalTestEncountersViral,46480,276,,,,,,2802,5/11/2020 18:00,2020-05-11T18:00:00Z,05/11 14:00,334,,,2020-05-11T18:00:00Z,,8782,,,296,38,46480,,,,,,,,,,,,10,176,1187,33291,953,33291,,10,0,27e7f0249548e7eb88a23c533d2af856d8371baa,0,0,0,0,0,
20200511,DE,6565,,25363,,totalTestEncountersViral,45527,275,,,,,,2619,5/10/2020 18:00,2020-05-10T18:00:00Z,05/10 14:00,324,,,2020-05-10T18:00:00Z,,8671,,,288,36,45527,,,,,,,,,,,,10,118,771,31928,1630,31928,,12,0,e7f1678bcc7ecf70f0f7513d20f8028dcb722e85,0,0,0,0,0,
20200510,DE,6447,,24592,,totalTestEncountersViral,43897,285,,,,,,2537,5/10/2020 12:03,2020-05-10T12:03:00Z,05/10 08:03,312,,,2020-05-10T12:03:00Z,,8445,,,277,35,43897,,,,,,,,,,,,10,170,1573,31039,1947,31039,,11,0,7150e1a5829c765fa900812c37fba4b4d80e71a6,0,0,0,0,0,
20200509,DE,6277,,23019,,totalTestEncountersViral,41950,288,,,,,,2450,5/8/2020 18:00,2020-05-08T18:00:00Z,05/08 14:00,301,,,2020-05-08T18:00:00Z,,8292,,,268,33,41950,,,,,,,,,,,,10,166,866,29296,2059,29296,,4,0,746c4f9f14aed3442dbf42a11213bcb1359813c7,0,0,0,0,0,
20200508,DE,6111,,22153,,totalTestEncountersViral,39891,289,,,,,,2288,5/7/2020 18:00,2020-05-07T18:00:00Z,05/07 14:00,297,,,2020-05-07T18:00:00Z,,8095,,,264,33,39891,,,,,,,,,,,,10,172,766,28264,1710,28264,,12,0,a95f33a5828e61c1d6aaa73374bd0e05efc53032,0,0,0,0,0,
20200507,DE,5939,,21387,,totalTestEncountersViral,38181,285,,,,,,2110,5/6/2020 18:00,2020-05-06T18:00:00Z,05/06 14:00,285,,,2020-05-06T18:00:00Z,,7904,,,253,32,38181,,,,,,,,,,,,10,161,697,27326,1377,27326,,16,0,162d0a004282e754e55d73dc9962d8cfa7f67739,0,0,0,0,0,
20200506,DE,5778,,20690,,totalTestEncountersViral,36804,299,,,,,,2008,5/5/2020 18:00,2020-05-05T18:00:00Z,05/05 14:00,269,,,2020-05-05T18:00:00Z,,7635,,,237,32,36804,,,,,,,,,,,,10,407,1381,26468,1125,26468,,3,0,aeab114c92b8a93e9633f268a82f4d9340d10fb4,0,0,0,0,0,
20200505,DE,5371,,19309,,totalTestEncountersViral,35679,284,,,,,,1847,5/4/2020 18:00,2020-05-04T18:00:00Z,05/04 14:00,266,,,2020-05-04T18:00:00Z,,7400,,,235,31,35679,,,,,,,,,,,,10,83,487,24680,850,24680,,11,0,b40c1c1f875f29ebc09f5e179bf671ae25d29c30,0,0,0,0,0,
20200504,DE,5288,,18822,,totalTestEncountersViral,34829,281,,,,,,1716,5/3/2020 18:00,2020-05-03T18:00:00Z,05/03 14:00,255,,,2020-05-03T18:00:00Z,,7226,,,226,29,34829,,,,,,,,,,,,10,80,293,24110,1169,24110,,9,0,43dadbed7da16d2182ec9732bcd8de8857272680,0,0,0,0,0,
20200503,DE,5208,,18529,,totalTestEncountersViral,33660,284,,,,,,1640,5/2/2020 18:00,2020-05-02T18:00:00Z,05/02 14:00,246,,,2020-05-02T18:00:00Z,,6985,,,220,26,33660,,,,,,,,,,,,10,170,455,23737,1163,23737,,11,0,850851e5948cd1186c90e433f87a3cfe34a8e277,0,0,0,0,0,
20200502,DE,5038,,18074,,totalTestEncountersViral,32497,300,,,,,,1546,5/2/2020 09:10,2020-05-02T09:10:00Z,05/02 05:10,235,,,2020-05-02T09:10:00Z,,6742,,,209,26,32497,,,,,,,,,,,,10,120,407,23112,922,23112,,13,0,7644ce5990e769ed348c377864e574a23d17a4b1,0,0,0,0,0,
20200501,DE,4918,,17667,,totalTestEncountersViral,31575,281,,,,,,1403,5/1/2020 13:15,2020-05-01T13:15:00Z,05/01 09:15,222,,,2020-05-01T13:15:00Z,,6528,,,197,25,31575,,,,,,,,,,,,10,184,581,22585,743,22585,,12,0,ef742e797a37a8df47d6adeb89e6da43c91b7e5f,0,0,0,0,0,
20200430,DE,4734,,17086,,totalTestEncountersViral,30832,296,,,,,,1275,4/30/2020 12:10,2020-04-30T12:10:00Z,04/30 08:10,210,,,2020-04-30T12:10:00Z,,6355,,,185,25,30832,,,,,,,,,,,,10,79,203,21820,848,21820,,6,0,b0f92d811b3c3cb37a39d3c3d69ba46a0c203158,0,0,0,0,0,
20200429,DE,4655,,16883,,totalTestEncountersViral,29984,326,,,,,,1173,4/28/2020 18:00,2020-04-28T18:00:00Z,04/28 14:00,204,,,2020-04-28T18:00:00Z,,6152,,,179,25,29984,,,,,,,,,,,,10,80,278,21538,831,21538,,12,0,690a7b7e86d5c0faa47289b6a3a0128d0dc759c3,0,0,0,0,0,
20200428,DE,4575,,16605,,totalTestEncountersViral,29153,337,,,,,,1096,4/27/2020 18:00,2020-04-27T18:00:00Z,04/27 14:00,192,,,2020-04-27T18:00:00Z,,5997,,,170,22,29153,,,,,,,,,,,,10,413,1151,21180,730,21180,,11,0,261de0f87681cde627ab5a9ba40106e7cf2e56d8,0,0,0,0,0,
20200427,DE,4162,,15454,,totalTestEncountersViral,28423,325,,,,,,996,4/26/2020 18:00,2020-04-26T18:00:00Z,04/26 14:00,181,,,2020-04-26T18:00:00Z,,5780,,,159,22,28423,,,,,,,,,,,,10,128,239,19616,1048,19616,,13,0,6942926e139f01c8c312f53a7e1bb23c9e01bd93,0,0,0,0,0,
20200426,DE,4034,,15215,,totalTestEncountersViral,27375,317,,,,,,911,4/25/2020 18:00,2020-04-25T18:00:00Z,04/25 14:00,168,,,2020-04-25T18:00:00Z,,5464,,,147,21,27375,,,,,,,,,,,,10,458,1093,19249,1266,19249,,13,0,807ff9f3141570eb070f8aec4821efd556fdeb83,0,0,0,0,0,
20200425,DE,3576,,14122,,totalTestEncountersViral,26109,300,,,,,,809,4/24/2020 18:00,2020-04-24T18:00:00Z,04/24 14:00,155,,,2020-04-24T18:00:00Z,,5095,,,136,19,26109,,,,,,,,,,,,10,134,185,17698,1233,17698,,8,0,ee7b2e001604c06f03c55f154dcaa98a260e7978,0,0,0,0,0,
20200424,DE,3442,,13937,,totalTestEncountersViral,24876,277,,,,,,703,4/23/2020 18:00,2020-04-23T18:00:00Z,04/23 14:00,147,,,2020-04-23T18:00:00Z,,4768,,,128,19,24876,,,,,,,,,,,,10,134,333,17379,769,17379,,16,0,c30956000a6db855311263ac63912745ab8ccd01,0,0,0,0,0,
20200423,DE,3308,,13604,,totalTestEncountersViral,24107,290,,,,,,643,4/22/2020 18:00,2020-04-22T18:00:00Z,04/22 14:00,131,,,2020-04-22T18:00:00Z,,4548,,,114,17,24107,,,,,,,,,,,,10,108,251,16912,1096,16912,,14,0,700fc9ab32ee15ee568a380fda3a026f9c4f5135,0,0,0,0,0,
20200422,DE,3200,,13353,,totalTestEncountersViral,23011,269,,,,,,599,4/21/2020 18:00,2020-04-21T18:00:00Z,04/21 14:00,117,,,2020-04-21T18:00:00Z,,4173,,,103,14,23011,,,,,,,,,,,,10,269,418,16553,383,16553,,13,0,4de6706e85c32a4fdf1ece29197e0105d5d55ce2,0,0,0,0,0,
20200421,DE,2931,,12935,,totalTestEncountersViral,22628,263,,,,,,565,4/20/2020 18:00,2020-04-20T18:00:00Z,04/20 14:00,104,,,2020-04-20T18:00:00Z,,4051,,,92,12,22628,,,,,,,,,,,,10,186,427,15866,701,15866,,5,0,1b038e60a3f0704d7ce82363fbc1a57f0069277c,0,0,0,0,0,
20200420,DE,2745,,12508,,totalTestEncountersViral,21927,256,,,,,,495,4/20/2020 12:00,2020-04-20T12:00:00Z,04/20 08:00,99,,,2020-04-20T12:00:00Z,,3825,,,89,10,21927,,,,,,,,,,,,10,207,252,15253,942,15253,,9,0,c844d2fc0411b4d2cbbf16acc1e2f96f222fd6f7,0,0,0,0,0,
20200419,DE,2538,,12256,,totalTestEncountersViral,20985,249,,,,,,466,4/18/2020 17:00,2020-04-18T17:00:00Z,04/18 13:00,90,,,2020-04-18T17:00:00Z,,3465,,,80,10,20985,,,,,,,,,,,,10,215,562,14794,791,14794,,4,0,380e324b23c5c3693bf852b32b938c2989dc748d,0,0,0,0,0,
20200418,DE,2323,,11694,,totalTestEncountersViral,20194,224,,,,,,423,4/17/2020 17:00,2020-04-17T17:00:00Z,04/17 13:00,86,,,2020-04-17T17:00:00Z,,3258,,,77,9,20194,,,,,,,,,,,,10,0,0,14017,971,14017,,10,0,e3bf02e0b6b30d44a5dc307117fe907dcc20c03b,0,0,0,0,0,
20200417,DE,2323,,11694,,totalTestEncountersViral,19223,224,,,,,,423,4/17/2020 17:00,2020-04-17T17:00:00Z,04/17 13:00,76,,,2020-04-17T17:00:00Z,,2925,,,67,9,19223,,,,,,,,,,,,10,248,419,14017,714,14017,,6,0,43400685908bb2dc81b4e52bfd4167b8cd4af2de,0,0,0,0,0,
20200416,DE,2075,,11275,,totalTestEncountersViral,18509,209,,,,,,378,4/16/2020 16:00,2020-04-16T16:00:00Z,04/16 12:00,70,,,2020-04-16T16:00:00Z,,2754,,,61,9,18509,,,,,,,,,,,,10,61,187,13350,715,13350,,3,0,92368bb9d06ddc773470481c0e1c35c130344552,0,0,0,0,0,
20200415,DE,2014,,11088,,totalTestEncountersViral,17794,208,,,,,,354,4/15/2020 16:15,2020-04-15T16:15:00Z,04/15 12:15,67,,,2020-04-15T16:15:00Z,,2523,,,59,8,17794,,,,,,,,,,,,10,253,545,13102,491,13102,,7,0,d3a57de88d8750be60c654d1b0139aae3a2435b2,0,0,0,0,0,
20200414,DE,1761,,10543,,totalTestEncountersViral,17303,204,,,,,,277,4/14/2020 17:45,2020-04-14T17:45:00Z,04/14 13:45,60,,,2020-04-14T17:45:00Z,,2405,,,53,7,17303,,,,,,,,,,,,10,136,348,12304,553,12304,,7,0,92bcc78f976c17fbc6facd9ae3daa30054a235a9,0,0,0,0,0,
20200413,DE,1625,,10195,,totalTestEncountersViral,16750,201,,,,,,213,4/13/2020 17:00,2020-04-13T17:00:00Z,04/13 13:00,53,,,2020-04-13T17:00:00Z,,2230,,,47,6,16750,,,,,,,,,,,,10,146,571,11820,688,11820,,5,0,f148863010330d41e3166cf5cd2c5e9a1ba73cce,0,0,0,0,0,
20200412,DE,1479,,9624,,totalTestEncountersViral,16062,190,,,,,,191,4/11/2020 13:30,2020-04-11T13:30:00Z,04/11 09:30,48,,,2020-04-11T13:30:00Z,,2080,,,42,6,16062,,,,,,,,,,,,10,0,0,11103,1098,11103,,5,0,6901654bce2607b507467574e30d73f4dae3d131,0,0,0,0,0,
20200411,DE,1479,,9624,,totalTestEncountersViral,14964,190,,,,,,191,4/11/2020 13:30,2020-04-11T13:30:00Z,04/11 09:30,43,,,2020-04-11T13:30:00Z,,1852,,,37,6,14964,,,,,,,,,,,,10,153,-791,11103,661,11103,,7,0,f99f98e63e4a7e5fa6a4c9f011fd1f79aa584939,0,0,0,0,0,
20200410,DE,1326,,10415,,totalTestEncountersViral,14303,181,,,,,,177,4/10/2020 14:00,2020-04-10T14:00:00Z,04/10 10:00,36,,,2020-04-10T14:00:00Z,,1729,,,30,6,14303,,,,,,,,,,,,10,119,1732,11741,869,11741,,2,0,c36c8f2606256b0432092585db6e8e051f492d82,0,0,0,0,0,
20200409,DE,1207,,8683,,totalTestEncountersViral,13434,201,,,,,,173,4/9/2020 17:00,2020-04-09T17:00:00Z,04/09 13:00,34,,,2020-04-09T17:00:00Z,,1547,,,28,6,13434,,,,,,,,,,,,10,279,1055,9890,1218,9890,,2,0,53208e22ba9c98c8005c9277d9fb95053238ce52,0,0,0,0,0,
20200408,DE,928,,7628,,totalTestEncountersViral,12216,147,,,,,,144,4/7/2020 16:30,2020-04-07T16:30:00Z,04/07 12:30,32,,,2020-04-07T16:30:00Z,,1298,,,27,5,12216,,,,,,,,,,,,10,0,0,8556,661,8556,,4,0,edc891293ab27366d821bcc4d39da7d9e6c3a7a4,0,0,0,0,0,
20200407,DE,928,,7628,,totalTestEncountersViral,11555,147,,,,,,144,4/7/2020 16:30,2020-04-07T16:30:00Z,04/07 12:30,28,,,2020-04-07T16:30:00Z,,1203,,,23,5,11555,,,,,,,,,,,,10,255,1307,8556,861,8556,,4,0,46227e39e920dacb8cc573a96262d5e3dacd9475,0,0,0,0,0,
20200406,DE,673,,6321,,totalTestEncountersViral,10694,101,,,,,,71,4/5/2020 03:30,2020-04-05T03:30:00Z,04/04 23:30,24,,,2020-04-05T03:30:00Z,,1053,,,20,4,10694,,,,,,,,,,,,10,0,0,6994,1247,6994,,5,0,d566a3cf65cc54341b984a30df55199023fe3f1c,0,0,0,0,0,
20200405,DE,673,,6321,,totalTestEncountersViral,9447,101,,,,,,71,4/5/2020 12:30,2020-04-05T12:30:00Z,04/05 08:30,19,,,2020-04-05T12:30:00Z,,834,,,16,3,9447,,,,,,,,,,,,10,80,447,6994,1071,6994,,2,0,6254c4a9d51e9bc7d6b81710b95314d0f4cf5194,0,0,0,0,0,
20200404,DE,593,,5874,,totalTestEncountersViral,8376,95,,,,,,71,4/4/2020 13:45,2020-04-04T13:45:00Z,04/04 09:45,17,,,2020-04-04T13:45:00Z,,665,,,16,1,8376,,,,,,,,,,,,10,143,879,6467,1206,6467,,0,0,0bca31ec2fb2aeacfe149ccf253aa1e1d3d63052,0,0,0,0,0,
20200403,DE,450,,4995,,totalTestEncountersViral,7170,63,,,,,,71,4/3/2020 00:00,2020-04-03T00:00:00Z,04/02 20:00,17,,,2020-04-03T00:00:00Z,,504,,,16,1,7170,,,,,,,,,,,,10,57,429,5445,570,5445,,1,0,a1b88912828ccba3ccb3434792ef397123af1e17,0,0,0,0,0,
20200402,DE,393,,4566,,totalTestEncountersViral,6600,56,,,,,,49,4/2/2020 16:45,2020-04-02T16:45:00Z,04/02 12:45,16,,,2020-04-02T16:45:00Z,,437,,,15,1,6600,,,,,,,,,,,,10,25,551,4959,542,4959,,3,0,cdbf7db0fc92453945c63d513504889d10fecc24,0,0,0,0,0,
20200401,DE,368,,4015,,totalTestEncountersViral,6058,51,,,,,,49,4/1/2020 12:30,2020-04-01T12:30:00Z,04/01 08:30,13,,,2020-04-01T12:30:00Z,,353,,,13,0,6058,,,,,,,,,,,,10,49,319,4383,590,4383,,1,0,a9925000b6d4c3b19fa8a0edd71f898eb3c9a4b0,0,0,0,0,0,
20200331,DE,319,,3696,,totalTestEncountersViral,5468,57,,,,,,22,3/31/2020 16:00,2020-03-31T16:00:00Z,03/31 12:00,12,,,2020-03-31T16:00:00Z,,292,,,12,0,5468,,,,,,,,,,,,10,55,1480,4015,457,4015,,1,0,cb8a6f3ec8b26b57275cf4d48f4e8a61a1481bf9,0,0,0,0,0,
20200330,DE,264,,2216,,totalTestEncountersViral,5011,45,,,,,,9,3/30/2020 00:00,2020-03-30T00:00:00Z,03/29 20:00,11,,,2020-03-30T00:00:00Z,,244,,,11,0,5011,,,,,,,,,,,,10,32,2180,2480,542,2480,,1,0,cdc2a0f3f849283372b05e409c731d96f6ba0baa,0,0,0,0,0,
20200329,DE,232,,36,,totalTestEncountersViral,4469,33,,,,,,9,3/29/2020 00:00,2020-03-29T00:00:00Z,03/28 20:00,10,,,2020-03-29T00:00:00Z,,183,,,10,0,4469,,,,,,,,,,,,10,18,0,268,476,268,,1,0,24125995837b602e5f43cb1e295bc21cf47fab17,0,0,0,0,0,
20200328,DE,214,,36,,totalTestEncountersViral,3993,31,,,,,,9,3/28/2020 00:00,2020-03-28T00:00:00Z,03/27 20:00,9,,,2020-03-28T00:00:00Z,,145,,,9,0,3993,,,,,,,,,,,,10,51,0,250,431,250,,4,0,07481f923c348d3c56c0f87ff8ba28010d2f348c,0,0,0,0,0,
20200327,DE,163,,36,,totalTestEncountersViral,3562,15,,,,,,9,3/27/2020 00:00,2020-03-27T00:00:00Z,03/26 20:00,5,,,2020-03-27T00:00:00Z,,101,,,5,0,3562,,,,,,,,,,,,10,33,0,199,414,199,,2,0,cc909e91fa70f8cb86412144d9e61c9a79a9dce1,0,0,0,0,0,
20200326,DE,130,,36,,totalTestEncountersViral,3148,13,,,,,,4,3/26/2020 00:00,2020-03-26T00:00:00Z,03/25 20:00,3,,,2020-03-26T00:00:00Z,,94,,,3,0,3148,,,,,,,,,,,,10,15,0,166,419,166,,1,0,9937c1dbc718c0bfb4613399d367de100555ba89,0,0,0,0,0,
20200325,DE,115,,36,,totalTestEncountersViral,2729,11,,,,,,,3/25/2020 12:00,2020-03-25T12:00:00Z,03/25 08:00,2,,,2020-03-25T12:00:00Z,,82,,,2,0,2729,,,,,,,,,,,,10,24,0,151,363,151,,1,0,be1133a1e16c6f15b5c6f1c27125401ba0825110,0,0,0,0,0,
20200324,DE,91,,36,,totalTestEncountersViral,2366,,,,,,,,3/24/2020 10:45,2020-03-24T10:45:00Z,03/24 06:45,1,,,2020-03-24T10:45:00Z,,68,,,1,0,2366,,,,,,,,,,,,10,23,0,127,264,127,,1,0,b2c3ef7d5093e9a69599cd127b87dfad424b099b,0,0,0,0,0,
20200323,DE,68,,36,,totalTestEncountersViral,2102,,,,,,,,3/23/2020 11:15,2020-03-23T11:15:00Z,03/23 07:15,0,,,2020-03-23T11:15:00Z,,42,,,0,0,2102,,,,,,,,,,,,10,12,0,104,370,104,,0,0,5a7786d7530c9f6f9cca08e21998381d5a6c863d,0,0,0,0,0,
20200322,DE,56,,36,,totalTestEncountersViral,1732,,,,,,,,3/22/2020 16:15,2020-03-22T16:15:00Z,03/22 12:15,0,,,2020-03-22T16:15:00Z,,37,,,0,0,1732,,,,,,,,,,,,10,11,0,92,346,92,,0,0,72c604546c672e617b01ecc403c5bb5a5d894052,0,0,0,0,0,
20200321,DE,45,,36,,totalTestEncountersViral,1386,,,,,,,,3/21/2020 15:15,2020-03-21T15:15:00Z,03/21 11:15,0,,,2020-03-21T15:15:00Z,,26,,,0,0,1386,,,,,,,,,,,,10,7,0,81,185,81,,0,0,0748fefa03ccbfbb1d6e8f7b45d2d0f5ca63b5f5,0,0,0,0,0,
20200320,DE,38,,36,,totalTestEncountersViral,1201,,,,,,,,3/20/2020 10:00,2020-03-20T10:00:00Z,03/20 06:00,0,,,2020-03-20T10:00:00Z,,22,,,0,0,1201,,,,,,,,,,,,10,8,0,74,304,74,,0,0,40723cfaa4810238bc76eb32025992cec603b26c,0,0,0,0,0,
20200319,DE,30,,36,,totalTestEncountersViral,897,,,,,,,,3/19/2020 12:00,2020-03-19T12:00:00Z,03/19 08:00,0,,,2020-03-19T12:00:00Z,,17,,,0,0,897,,,,,,,,,,,,10,5,0,66,480,66,,0,0,03e61a15bf86876b7781516f42662cf882bb6cb1,0,0,0,0,0,
20200318,DE,25,,36,,totalTestEncountersViral,417,,,,,,,,3/18/2020 11:30,2020-03-18T11:30:00Z,03/18 07:30,0,,,2020-03-18T11:30:00Z,,2,,,0,0,417,,,,,,,,,,,,10,9,0,61,66,61,,0,0,764b7c3c9813eefee7a69a99e0c5a19709b28da9,0,0,0,0,0,
20200317,DE,16,,36,,totalTestEncountersViral,351,,,,,,,,3/16/2020 11:40,2020-03-16T11:40:00Z,03/16 07:40,0,,,2020-03-16T11:40:00Z,,2,,,0,0,351,,,,,,,,,,,,10,8,0,52,231,52,,0,0,1feb39e54c49abb407153d002865ad6c471cffba,0,0,0,0,0,
20200316,DE,8,,36,32,totalTestEncountersViral,120,,,,,,,,3/16/2020 15:37,2020-03-16T15:37:00Z,03/16 11:37,0,,,2020-03-16T15:37:00Z,,0,,,0,0,120,,,,,,,,,,,,10,2,0,76,60,44,,0,0,6231c16574fddf93036e99e7e5e0dc22e53ca4b1,0,0,0,0,0,
20200315,DE,6,,36,32,totalTestEncountersViral,60,,,,,,,,3/14/2020 13:00,2020-03-14T13:00:00Z,03/14 09:00,0,,,2020-03-14T13:00:00Z,,0,,,0,0,60,,,,,,,,,,,,10,0,0,74,32,42,,0,0,cb195eb63af61bb44a7c6afac25325694eab3c3c,0,0,0,0,0,
20200314,DE,6,,36,32,totalTestEncountersViral,28,,,,,,,,3/14/2020 13:00,2020-03-14T13:00:00Z,03/14 09:00,0,,,2020-03-14T13:00:00Z,,0,,,0,0,28,,,,,,,,,,,,10,2,6,74,9,42,,0,0,b44a48a8a1cbfb6431b4d5b9e4b44368f08262b1,0,0,0,0,0,
20200313,DE,4,,30,10,totalTestEncountersViral,19,,,,,,,,3/12/2020 16:00,2020-03-12T16:00:00Z,03/12 12:00,0,,,2020-03-12T16:00:00Z,,0,,,0,0,19,,,,,,,,,,,,10,0,7,44,7,34,,0,0,e1215cf8d332540dc854af6e242b011480e5179a,0,0,0,0,0,
20200312,DE,4,,23,14,totalTestEncountersViral,12,,,,,,,,3/12/2020 11:30,2020-03-12T11:30:00Z,03/12 07:30,0,,,2020-03-12T11:30:00Z,,0,,,0,0,12,,,,,,,,,,,,10,3,6,41,2,27,,0,0,7ab16a5b951dd0e63e47ff1789d7926d442262f6,0,0,0,0,0,
20200311,DE,1,,17,2,totalTestEncountersViral,10,,,,,,,,,,,0,,,,,0,,,0,0,10,,,,,,,,,,,,10,1,0,20,10,18,,0,0,8e25a1da40f63e4a18ec7f9ddb39892105c906c1,0,0,0,0,0,
20200310,DE,0,,17,3,totalTestEncountersViral,,,,,,,,,,,,0,,,,,,,,0,0,,,,,,,,,,,,,10,0,2,20,0,17,,0,0,5e6b86f19cdfebe9b9a5bee2bbca1c009784d974,0,0,0,0,0,
20200309,DE,0,,15,3,totalTestEncountersViral,,,,,,,,,,,,0,,,,,,,,0,0,,,,,,,,,,,,,10,0,5,18,0,15,,0,0,88983d0a85f0541fdbdf787ebc882515c3422a75,0,0,0,0,0,
20200308,DE,0,,10,0,totalTestEncountersViral,,,,,,,,,,,,0,,,,,,,,0,0,,,,,,,,,,,,,10,0,0,10,0,10,,0,0,0b4c55701d6d63fb72f5d7b372d8feb714e99b3b,0,0,0,0,0,
20200307,DE,0,,10,0,totalTestEncountersViral,,,,,,,,,,,,,,,,,,,,,,,,,,,,,,,,,,10,0,0,10,0,10,,0,0,656dd5d9b7fc2b7f3cd38ec24081435adf941a54,0,0,0,0,0,
20200306,DE,0,,10,0,totalTestEncountersViral,,,,,,,,,,,,,,,,,,,,,,,,,,,,,,,,,,10,0,0,10,0,10,,0,0,2c664d30d7ad4c9dc61a0c40ae0f7a19a51ac11b,0,0,0,0,0,
