date,state,positive,probableCases,negative,pending,totalTestResultsSource,totalTestResults,hospitalizedCurrently,hospitalizedCumulative,inIcuCurrently,inIcuCumulative,onVentilatorCurrently,onVentilatorCumulative,recovered,lastUpdateEt,dateModified,checkTimeEt,death,hospitalized,hospitalizedDischarged,dateChecked,totalTestsViral,positiveTestsViral,negativeTestsViral,positiveCasesViral,deathConfirmed,deathProbable,totalTestEncountersViral,totalTestsPeopleViral,totalTestsAntibody,positiveTestsAntibody,negativeTestsAntibody,totalTestsPeopleAntibody,positiveTestsPeopleAntibody,negativeTestsPeopleAntibody,totalTestsPeopleAntigen,positiveTestsPeopleAntigen,totalTestsAntigen,positiveTestsAntigen,fips,positiveIncrease,negativeIncrease,total,totalTestResultsIncrease,posNeg,dataQualityGrade,deathIncrease,hospitalizedIncrease,hash,commercialScore,negativeRegularScore,negativeScore,positiveScore,score,grade
20210304,MI,652589,59310,9789502,,totalTestsViral,10538623,890,,229,,102,,541258,3/4/2021 00:00,2021-03-04T00:00:00Z,03/03 19:00,16589,,,2021-03-04T00:00:00Z,10538623,749121,9789502,593279,15600,989,,,532658,,,,,,,,,,26,1827,44829,10442091,46486,10442091,,39,0,0fc865c1910cc4574fed9f21b82d4d9f95ab576b,0,0,0,0,0,
20210303,MI,650762,59009,9744673,,totalTestsViral,10492137,882,,234,,100,,541258,3/3/2021 00:00,2021-03-03T00:00:00Z,03/02 19:00,16550,,,2021-03-03T00:00:00Z,10492137,747464,9744673,591753,15563,987,,,530799,,,,,,,,,,26,1705,34975,10395435,36453,10395435,,6,0,4ed07b004637c50cd8216eebcb9db8e40c43e4eb,0,0,0,0,0,
20210302,MI,649057,58840,9709698,,totalTestsViral,10455684,959,,228,,99,,541258,3/2/2021 00:00,2021-03-02T00:00:00Z,03/01 19:00,16544,,,2021-03-02T00:00:00Z,10455684,745986,9709698,590217,15558,986,,,529930,,,,,,,,,,26,1642,18432,10358755,19406,10358755,,25,0,911408cfc8bc43d809ec41addce7414c81cd15d7,0,0,0,0,0,
20210301,MI,647415,58265,9691266,,totalTestsViral,10436278,893,,226,,103,,541258,3/1/2021 00:00,2021-03-01T00:00:00Z,02/28 19:00,16519,,,2021-03-01T00:00:00Z,10436278,745012,9691266,589150,15534,985,,,528838,,,,,,,,,,26,1865,46450,10338681,48387,10338681,,11,0,f04baaa0be6985293fae2681205f60716bd84f8e,0,0,0,0,0,
20210228,MI,645550,57969,9644816,,totalTestsViral,10387891,841,,195,,93,,541258,2/27/2021 00:00,2021-02-27T00:00:00Z,02/26 19:00,16508,,,2021-02-27T00:00:00Z,10387891,743075,9644816,587581,15522,986,,,527911,,,,,,,,,,26,0,0,10290366,0,10290366,,0,0,34077574ed3c3081eb93298ad737151ac97d87e1,0,0,0,0,0,
20210227,MI,645550,57969,9644816,,totalTestsViral,10387891,841,,195,,93,,541258,2/27/2021 00:00,2021-02-27T00:00:00Z,02/26 19:00,16508,,,2021-02-27T00:00:00Z,10387891,743075,9644816,587581,15522,986,,,527911,,,,,,,,,,26,1425,35704,10290366,36981,10290366,,70,0,aff9fa268c1c86398fdd00f7f365d4c2e13fce92,0,0,0,0,0,
20210226,MI,644125,57700,9609112,,totalTestsViral,10350910,841,,195,,93,,529080,2/26/2021 00:00,2021-02-26T00:00:00Z,02/25 19:00,16438,,,2021-02-26T00:00:00Z,10350910,741798,9609112,586425,15454,984,,,525927,,,,,,,,,,26,1257,40694,10253237,41966,10253237,,2,0,1e7cee6d0416d477e3164ff96b5a79f5f7aaf4be,0,0,0,0,0,
20210225,MI,642868,57516,9568418,,totalTestsViral,10308944,821,,186,,86,,529080,2/25/2021 00:00,2021-02-25T00:00:00Z,02/24 19:00,16436,,,2021-02-25T00:00:00Z,10308944,740526,9568418,585352,15453,983,,,524489,,,,,,,,,,26,1598,48680,10211286,50160,10211286,,47,0,c70cd67f58a4328a3ad87f8cfbc79b3e71621f55,0,0,0,0,0,
20210224,MI,641270,57306,9519738,,totalTestsViral,10258784,855,,200,,86,,529080,2/24/2021 00:00,2021-02-24T00:00:00Z,02/23 19:00,16389,,,2021-02-24T00:00:00Z,10258784,739046,9519738,583964,15405,984,,,522406,,,,,,,,,,26,1558,40482,10161008,41891,10161008,,9,0,6c757ef77d4a7847fe14dd9f0d3c2974663d7bd7,0,0,0,0,0,
20210223,MI,639712,56993,9479256,,totalTestsViral,10216893,891,,207,,93,,529080,2/23/2021 00:00,2021-02-23T00:00:00Z,02/22 19:00,16380,,,2021-02-23T00:00:00Z,10216893,737637,9479256,582719,15396,984,,,519731,,,,,,,,,,26,1784,24426,10118968,25490,10118968,,37,0,7f8bf0a089ef42e72a8f0680b12545c1e68ffc9c,0,0,0,0,0,
20210222,MI,637928,56525,9454830,,totalTestsViral,10191403,841,,225,,93,,529080,2/22/2021 00:00,2021-02-22T00:00:00Z,02/21 19:00,16343,,,2021-02-22T00:00:00Z,10191403,736573,9454830,581403,15362,981,,,518209,,,,,,,,,,26,1659,44398,10092758,46336,10092758,,1,0,e2745ece56bba20672d6a7b6fa36b9cb5e2d1636,0,0,0,0,0,
20210221,MI,636269,56350,9410432,,totalTestsViral,10145067,860,,217,,107,,529080,2/20/2021 00:00,2021-02-20T00:00:00Z,02/19 19:00,16342,,,2021-02-20T00:00:00Z,10145067,734635,9410432,579919,15359,983,,,517160,,,,,,,,,,26,0,0,10046701,0,10046701,,0,0,a31981fcaf9520ccdcd07f2a370c4f958a980c2c,0,0,0,0,0,
20210220,MI,636269,56350,9410432,,totalTestsViral,10145067,860,,217,,107,,529080,2/20/2021 00:00,2021-02-20T00:00:00Z,02/19 19:00,16342,,,2021-02-20T00:00:00Z,10145067,734635,9410432,579919,15359,983,,,517160,,,,,,,,,,26,823,37792,10046701,39029,10046701,,68,0,3f73325ac10d8eed5cd606032086464157991945,0,0,0,0,0,
20210219,MI,635446,56162,9372640,,totalTestsViral,10106038,860,,217,,107,,517991,2/19/2021 00:00,2021-02-19T00:00:00Z,02/18 19:00,16274,,,2021-02-19T00:00:00Z,10106038,733398,9372640,579284,15296,978,,,515054,,,,,,,,,,26,1473,36839,10008086,38083,10008086,,23,0,ad0653107ff0e245d7e8a863413eba16a7b96f27,0,0,0,0,0,
20210218,MI,633973,55882,9335801,,totalTestsViral,10067955,877,,220,,110,,517991,2/18/2021 00:00,2021-02-18T00:00:00Z,02/17 19:00,16251,,,2021-02-18T00:00:00Z,10067955,732154,9335801,578091,15273,978,,,514207,,,,,,,,,,26,1201,31601,9969774,32529,9969774,,91,0,da133dd572fcb5681ec718c6adaaec6ed3b53683,0,0,0,0,0,
20210217,MI,632772,55569,9304200,,totalTestsViral,10035426,929,,237,,116,,517991,2/17/2021 00:00,2021-02-17T00:00:00Z,02/16 19:00,16160,,,2021-02-17T00:00:00Z,10035426,731226,9304200,577203,15188,972,,,512204,,,,,,,,,,26,1240,27209,9936972,28292,9936972,,11,0,a31db2a838e9dab8ab25a69efb3ad8a5a0ce2bea,0,0,0,0,0,
20210216,MI,631532,55268,9276991,,totalTestsViral,10007134,939,,240,,123,,517991,2/16/2021 00:00,2021-02-16T00:00:00Z,02/15 19:00,16149,,,2021-02-16T00:00:00Z,10007134,730143,9276991,576264,15177,972,,,511585,,,,,,,,,,26,1124,16548,9908523,17169,9908523,,19,0,4f75723ce137dd5f3d56f88450a44dbb9a247745,0,0,0,0,0,
20210215,MI,630408,54919,9260443,,totalTestsViral,9989965,957,,258,,135,,517991,2/15/2021 00:00,2021-02-15T00:00:00Z,02/14 19:00,16130,,,2021-02-15T00:00:00Z,9989965,729522,9260443,575489,15158,972,,,510509,,,,,,,,,,26,1452,49854,9890851,51616,9890851,,11,0,16037275a5665a5e7d80978ff7e73ca8fadcf02c,0,0,0,0,0,
20210214,MI,628956,54732,9210589,,totalTestsViral,9938349,1024,,293,,123,,517991,2/13/2021 00:00,2021-02-13T00:00:00Z,02/12 19:00,16119,,,2021-02-13T00:00:00Z,9938349,727760,9210589,574224,15150,969,,,509378,,,,,,,,,,26,0,0,9839545,0,9839545,,0,0,8609d0907b9d77eddb8f325ded2a7cb9e48feb02,0,0,0,0,0,
20210213,MI,628956,54732,9210589,,totalTestsViral,9938349,1024,,293,,123,,517991,2/13/2021 00:00,2021-02-13T00:00:00Z,02/12 19:00,16119,,,2021-02-13T00:00:00Z,9938349,727760,9210589,574224,15150,969,,,509378,,,,,,,,,,26,944,32919,9839545,34182,9839545,,92,0,739ae39c1750d90bc703c1e4dc8f6ef996df1263,0,0,0,0,0,
20210212,MI,628012,54640,9177670,,totalTestsViral,9904167,1024,,293,,123,,498495,2/12/2021 00:00,2021-02-12T00:00:00Z,02/11 19:00,16027,,,2021-02-12T00:00:00Z,9904167,726497,9177670,573372,15062,965,,,507720,,,,,,,,,,26,1535,40189,9805682,41708,9805682,,8,0,e2022900703d529094f5ab27a5ac33a1bf47c40d,0,0,0,0,0,
20210211,MI,626477,54298,9137481,,totalTestsViral,9862459,1061,,266,,125,,498495,2/11/2021 00:00,2021-02-11T00:00:00Z,02/10 19:00,16019,,,2021-02-11T00:00:00Z,9862459,724978,9137481,572179,15052,967,,,505644,,,,,,,,,,26,1507,47251,9763958,48676,9763958,,80,0,4fb156c5fd4117272c7b02743b03506de01ed47e,0,0,0,0,0,
20210210,MI,624970,54075,9090230,,totalTestsViral,9813783,1175,,299,,149,,498495,2/10/2021 00:00,2021-02-10T00:00:00Z,02/09 19:00,15939,,,2021-02-10T00:00:00Z,9813783,723553,9090230,570895,14977,962,,,504736,,,,,,,,,,26,1239,33248,9715200,34376,9715200,,14,0,2d33ea11d8ee9a7be698725a05e5c1964fa0ff4a,0,0,0,0,0,
20210209,MI,623731,53751,9056982,,totalTestsViral,9779407,1175,,299,,149,,498495,2/9/2021 00:00,2021-02-09T00:00:00Z,02/08 19:00,15925,,,2021-02-09T00:00:00Z,9779407,722425,9056982,569980,14965,960,,,502950,,,,,,,,,,26,918,17526,9680713,18303,9680713,,62,0,11848b02e02caf1ed3a8c1a9e945a9edf4f9b5d4,0,0,0,0,0,
20210208,MI,622813,53396,9039456,,totalTestsViral,9761104,1211,,294,,163,,498495,2/8/2021 00:00,2021-02-08T00:00:00Z,02/07 19:00,15863,,,2021-02-08T00:00:00Z,9761104,721648,9039456,569417,14905,958,,,501886,,,,,,,,,,26,2128,50220,9662269,52588,9662269,,9,0,219a4e87b0884a3ee4e4788998f91003bf1fb109,0,0,0,0,0,
20210207,MI,620685,53037,8989236,,totalTestsViral,9708516,1296,,300,,155,,498495,2/6/2021 00:00,2021-02-06T00:00:00Z,02/05 19:00,15854,,,2021-02-06T00:00:00Z,9708516,719280,8989236,567648,14894,960,,,500609,,,,,,,,,,26,0,0,9609921,0,9609921,,0,0,82f72a1a361163d36c92e7ef0cedf6a124947eb0,0,0,0,0,0,
20210206,MI,620685,53037,8989236,,totalTestsViral,9708516,1296,,300,,155,,498495,2/6/2021 00:00,2021-02-06T00:00:00Z,02/05 19:00,15854,,,2021-02-06T00:00:00Z,9708516,719280,8989236,567648,14894,960,,,500609,,,,,,,,,,26,1186,35510,9609921,37025,9609921,,104,0,6e7f29e175a2aca99afb67a1152f1968965c8eb2,0,0,0,0,0,
20210205,MI,619499,52869,8953726,,totalTestsViral,9671491,1296,,300,,155,,481801,2/5/2021 00:00,2021-02-05T00:00:00Z,02/04 19:00,15750,,,2021-02-05T00:00:00Z,9671491,717765,8953726,566630,14798,952,,,499022,,,,,,,,,,26,1754,45801,9573225,47633,9573225,,25,0,1de3cb5d3aac5cd0d23eed3834177f9846d66082,0,0,0,0,0,
20210204,MI,617745,52494,8907925,,totalTestsViral,9623858,1376,,314,,165,,481801,2/4/2021 00:00,2021-02-04T00:00:00Z,02/03 19:00,15725,,,2021-02-04T00:00:00Z,9623858,715933,8907925,565251,14778,947,,,497112,,,,,,,,,,26,1885,48411,9525670,50126,9525670,,81,0,8d34041f37371a4969bf688d30b81655cfa73898,0,0,0,0,0,
20210203,MI,615860,51967,8859514,,totalTestsViral,9573732,1376,,314,,165,,481801,2/3/2021 00:00,2021-02-03T00:00:00Z,02/02 19:00,15644,,,2021-02-03T00:00:00Z,9573732,714218,8859514,563893,14704,940,,,495084,,,,,,,,,,26,1717,38700,9475374,40276,9475374,,35,0,32bdc2c950c76a930af5e1005e8cdfb82ce6610c,0,0,0,0,0,
20210202,MI,614143,51633,8820814,,totalTestsViral,9533456,1404,,337,,174,,481801,2/2/2021 00:00,2021-02-02T00:00:00Z,02/01 19:00,15609,,,2021-02-02T00:00:00Z,9533456,712642,8820814,562510,14672,937,,,493773,,,,,,,,,,26,1433,17350,9434957,18400,9434957,,73,0,fab926ceeef329e27d6bef308f76e9488acfc603,0,0,0,0,0,
20210201,MI,612710,51403,8803464,,totalTestsViral,9515056,1409,,336,,170,,481801,2/1/2021 00:00,2021-02-01T00:00:00Z,01/31 19:00,15536,,,2021-02-01T00:00:00Z,9515056,711592,8803464,561307,14609,927,,,492095,,,,,,,,,,26,2572,47245,9416174,49911,9416174,,11,0,af07e189cdc654177b421ecdaa053c0a868979c5,0,0,0,0,0,
20210131,MI,610138,50897,8756219,,totalTestsViral,9465145,1479,,364,,193,,481801,1/30/2021 00:00,2021-01-30T00:00:00Z,01/29 19:00,15525,,,2021-01-30T00:00:00Z,9465145,708926,8756219,559241,14601,924,,,490470,,,,,,,,,,26,0,0,9366357,0,9366357,,0,0,c0509f1d738024f6042716ffe749e94eefde7fd5,0,0,0,0,0,
20210130,MI,610138,50897,8756219,,totalTestsViral,9465145,1479,,364,,193,,481801,1/30/2021 00:00,2021-01-30T00:00:00Z,01/29 19:00,15525,,,2021-01-30T00:00:00Z,9465145,708926,8756219,559241,14601,924,,,490470,,,,,,,,,,26,1511,41119,9366357,43036,9366357,,115,0,740619d5fe863093a9f9fe0775c3c9458a24e18f,0,0,0,0,0,
20210129,MI,608627,50744,8715100,,totalTestsViral,9422109,1479,,364,,193,,463106,1/29/2021 00:00,2021-01-29T00:00:00Z,01/28 19:00,15410,,,2021-01-29T00:00:00Z,9422109,707009,8715100,557883,14497,913,,,487677,,,,,,,,,,26,2139,50324,9323727,52513,9323727,,8,0,0a4f575068ea76090d038f33ac517034605a1362,0,0,0,0,0,
20210128,MI,606488,50379,8664776,,totalTestsViral,9369596,1536,,363,,192,,463106,1/28/2021 00:00,2021-01-28T00:00:00Z,01/27 19:00,15402,,,2021-01-28T00:00:00Z,9369596,704820,8664776,556109,14491,911,,,486152,,,,,,,,,,26,2255,49066,9271264,51507,9271264,,88,0,607c9df5437b5ecb3775b9dd239bae351d52e287,0,0,0,0,0,
20210127,MI,604233,49996,8615710,,totalTestsViral,9318089,1594,,377,,202,,463106,1/27/2021 00:00,2021-01-27T00:00:00Z,01/26 19:00,15314,,,2021-01-27T00:00:00Z,9318089,702379,8615710,554237,14411,903,,,483813,,,,,,,,,,26,2065,46477,9219943,48890,9219943,,9,0,d65d395abda8f4574b5c2537db948dcf4f818cd2,0,0,0,0,0,
20210126,MI,602168,49612,8569233,,totalTestsViral,9269199,1638,,382,,210,,463106,1/26/2021 00:00,2021-01-26T00:00:00Z,01/25 19:00,15305,,,2021-01-26T00:00:00Z,9269199,699966,8569233,552556,14405,900,,,481240,,,,,,,,,,26,2075,24894,9171401,26808,9171401,,86,0,0ae0f88271a4b32208d16f71720d602cf9bde71e,0,0,0,0,0,
20210125,MI,600093,49013,8544339,,totalTestsViral,9242391,1668,,392,,199,,463106,1/25/2021 00:00,2021-01-25T00:00:00Z,01/24 19:00,15219,,,2021-01-25T00:00:00Z,9242391,698052,8544339,551080,14326,893,,,479890,,,,,,,,,,26,3347,54976,9144432,60168,9144432,,38,0,a96f208322eb4dda308f6a48733496fe0882822f,0,0,0,0,0,
20210124,MI,596746,48677,8489363,,totalTestsViral,9182223,1843,,396,,191,,463106,1/23/2021 00:00,2021-01-23T00:00:00Z,01/22 19:00,15181,,,2021-01-23T00:00:00Z,9182223,692860,8489363,548069,14291,890,,,476180,,,,,,,,,,26,0,0,9086109,0,9086109,,0,0,272cc1512f22783a52c957fa63975c974c9d3b98,0,0,0,0,0,
20210123,MI,596746,48677,8489363,,totalTestsViral,9182223,1843,,396,,191,,463106,1/23/2021 00:00,2021-01-23T00:00:00Z,01/22 19:00,15181,,,2021-01-23T00:00:00Z,9182223,692860,8489363,548069,14291,890,,,476180,,,,,,,,,,26,1826,50911,9086109,53925,9086109,,230,0,71020b04eeb5d289173a15c5925135017e27db4b,0,0,0,0,0,
20210122,MI,594920,48452,8438452,,totalTestsViral,9128298,1843,,396,,191,,442408,1/22/2021 00:00,2021-01-22T00:00:00Z,01/21 19:00,14951,,,2021-01-22T00:00:00Z,9128298,689846,8438452,546468,14070,881,,,474589,,,,,,,,,,26,2538,42306,9033372,44578,9033372,,18,0,eb1c601a8c00c9ab352410eb3c38b91b9e442fa9,0,0,0,0,0,
20210121,MI,592382,48071,8396146,,totalTestsViral,9083720,1907,,385,,199,,442408,1/21/2021 00:00,2021-01-21T00:00:00Z,01/20 19:00,14933,,,2021-01-21T00:00:00Z,9083720,687574,8396146,544311,14053,880,,,472922,,,,,,,,,,26,2513,52919,8988528,55655,8988528,,163,0,095dfa16808f65101b8aadb320d3ef7fb400a02e,0,0,0,0,0,
20210120,MI,589869,47723,8343227,,totalTestsViral,9028065,2077,,396,,214,,442408,1/20/2021 00:00,2021-01-20T00:00:00Z,01/19 19:00,14770,,,2021-01-20T00:00:00Z,9028065,684838,8343227,542146,13905,865,,,470055,,,,,,,,,,26,2421,37638,8933096,40284,8933096,,35,0,6dd82fde6a30aeac344328785e06e7b01a0688e4,0,0,0,0,0,
20210119,MI,587448,47333,8305589,,totalTestsViral,8987781,2055,,413,,228,,442408,1/19/2021 00:00,2021-01-19T00:00:00Z,01/18 19:00,14735,,,2021-01-19T00:00:00Z,8987781,682192,8305589,540115,13865,870,,,468615,,,,,,,,,,26,2320,17949,8893037,19436,8893037,,49,0,d2e07d8146448e3a383d91f840afd321fd6e978b,0,0,0,0,0,
20210118,MI,585128,46751,8287640,,totalTestsViral,8968345,2140,,475,,236,,442408,1/18/2021 00:00,2021-01-18T00:00:00Z,01/17 19:00,14686,,,2021-01-18T00:00:00Z,8968345,680705,8287640,538377,13824,862,,,466525,,,,,,,,,,26,3343,61811,8872768,65957,8872768,,17,0,5fc7e028199fef849926311c0aeb934493048df1,0,0,0,0,0,
20210117,MI,581785,46251,8225829,,totalTestsViral,8902388,2222,,493,,256,,442408,1/16/2021 00:00,2021-01-16T00:00:00Z,01/15 19:00,14669,,,2021-01-16T00:00:00Z,8902388,676559,8225829,535534,13804,865,,,463812,,,,,,,,,,26,0,0,8807614,0,8807614,,0,0,1b1be0f908568178c678d2a02055520f809df12c,0,0,0,0,0,
20210116,MI,581785,46251,8225829,,totalTestsViral,8902388,2222,,493,,256,,442408,1/16/2021 00:00,2021-01-16T00:00:00Z,01/15 19:00,14669,,,2021-01-16T00:00:00Z,8902388,676559,8225829,535534,13804,865,,,463812,,,,,,,,,,26,2211,48146,8807614,51259,8807614,,119,0,0feb3e013304a8da5dbfa3d6abf23fce3994e1cb,0,0,0,0,0,
20210115,MI,579574,45972,8177683,,totalTestsViral,8851129,2222,,493,,256,,415079,1/15/2021 00:00,2021-01-15T00:00:00Z,01/14 19:00,14550,,,2021-01-15T00:00:00Z,8851129,673446,8177683,533602,13701,849,,,461932,,,,,,,,,,26,3001,39417,8757257,42191,8757257,,39,0,0d3a06875bf1708888d9370c0c80aece0433ca46,0,0,0,0,0,
20210114,MI,576573,45569,8138266,,totalTestsViral,8808938,2238,,499,,258,,415079,1/14/2021 00:00,2021-01-14T00:00:00Z,01/13 19:00,14511,,,2021-01-14T00:00:00Z,8808938,670672,8138266,531004,13672,839,,,459952,,,,,,,,,,26,3295,45873,8714839,48921,8714839,,175,0,8b15cc107b00d2d11e870d58b4dd5f8eb764ce39,0,0,0,0,0,
20210113,MI,573278,44972,8092393,,totalTestsViral,8760017,2246,,501,,255,,415079,1/13/2021 00:00,2021-01-13T00:00:00Z,01/12 19:00,14336,,,2021-01-13T00:00:00Z,8760017,667624,8092393,528306,13533,803,,,457314,,,,,,,,,,26,3128,38500,8665671,41461,8665671,,40,0,65f32562094bce635e20b323009b87fa817a54f0,0,0,0,0,0,
20210112,MI,570150,44538,8053893,,totalTestsViral,8718556,2443,,525,,285,,415079,1/12/2021 00:00,2021-01-12T00:00:00Z,01/11 19:00,14296,,,2021-01-12T00:00:00Z,8718556,664663,8053893,525612,13501,795,,,455811,,,,,,,,,,26,2468,32762,8624043,35336,8624043,,104,0,30a31233d2479ff5f49c2c8fb22b08b3785a34fb,0,0,0,0,0,
20210111,MI,567682,44064,8021131,,totalTestsViral,8683220,2396,,485,,272,,415079,1/11/2021 00:00,2021-01-11T00:00:00Z,01/10 19:00,14192,,,2021-01-11T00:00:00Z,8683220,662089,8021131,523618,13401,791,,,453747,,,,,,,,,,26,5129,68657,8588813,74472,8588813,,47,0,7d65af017ed5f270f597543d3cee76e971e83326,0,0,0,0,0,
20210110,MI,562553,43471,7952474,,totalTestsViral,8608748,2480,,517,,294,,415079,1/9/2021 00:00,2021-01-09T00:00:00Z,01/08 19:00,14145,,,2021-01-09T00:00:00Z,8608748,656274,7952474,519082,13355,790,,,450681,,,,,,,,,,26,0,0,8515027,0,8515027,,0,0,a40ad27d7416446d52ea8d09cf94d5222463fbb7,0,0,0,0,0,
20210109,MI,562553,43471,7952474,,totalTestsViral,8608748,2480,,517,,294,,415079,1/9/2021 00:00,2021-01-09T00:00:00Z,01/08 19:00,14145,,,2021-01-09T00:00:00Z,8608748,656274,7952474,519082,13355,790,,,450681,,,,,,,,,,26,2898,48901,8515027,53347,8515027,,232,0,1068da404f58c0b5ba19599464057e02a6dee42f,0,0,0,0,0,
20210108,MI,559655,43279,7903573,,totalTestsViral,8555401,2480,,517,,294,,363611,1/8/2021 00:00,2021-01-08T00:00:00Z,01/07 19:00,13913,,,2021-01-08T00:00:00Z,8555401,651828,7903573,516376,13132,781,,,447754,,,,,,,,,,26,3908,49293,8463228,54079,8463228,,40,0,76c9891c1f9370f58222e5cbb7bbc9944ae2ad7e,0,0,0,0,0,
20210107,MI,555747,42996,7854280,,totalTestsViral,8501322,2578,,509,,300,,363611,1/7/2021 00:00,2021-01-07T00:00:00Z,01/06 19:00,13873,,,2021-01-07T00:00:00Z,8501322,647042,7854280,512751,13094,779,,,445336,,,,,,,,,,26,4249,40848,8410027,45058,8410027,,206,0,abfe843e2f889e370e3fbd0d693e8a18600443e1,0,0,0,0,0,
20210106,MI,551498,42762,7813432,,totalTestsViral,8456264,2657,,523,,304,,363611,1/6/2021 00:00,2021-01-06T00:00:00Z,01/05 19:00,13667,,,2021-01-06T00:00:00Z,8456264,642832,7813432,508736,12918,749,,,443670,,,,,,,,,,26,4856,40588,8364930,45351,8364930,,59,0,37ab9184ea84535bedbd8423243d9b639c03953e,0,0,0,0,0,
20210105,MI,546642,42232,7772844,,totalTestsViral,8410913,2758,,548,,308,,363611,1/5/2021 00:00,2021-01-05T00:00:00Z,01/04 19:00,13608,,,2021-01-05T00:00:00Z,8410913,638069,7772844,504410,12867,741,,,440635,,,,,,,,,,26,3031,21976,8319486,24546,8319486,,217,0,69f4fbac07bb44da7a3869d2042e4ba8e376cc30,0,0,0,0,0,
20210104,MI,543611,41492,7750868,,totalTestsViral,8386367,2698,,550,,313,,363611,1/4/2021 00:00,2021-01-04T00:00:00Z,01/03 19:00,13391,,,2021-01-04T00:00:00Z,8386367,635499,7750868,502119,12678,713,,,439529,,,,,,,,,,26,5490,166414,8294479,183614,8294479,,85,0,9997f1b499826769ae96fb23b02d71919e29b732,0,0,0,0,0,
20210103,MI,538121,40994,7584454,,totalTestsViral,8202753,2758,,629,,368,,363611,1/2/2021 00:00,2021-01-02T00:00:00Z,01/01 19:00,13306,,,2021-01-02T00:00:00Z,8202753,618299,7584454,497127,12598,708,,,427428,,,,,,,,,,26,0,0,8122575,0,8122575,,0,0,5ddadfab63bb8243c7c6fd99ccf60a51f954f2a1,0,0,0,0,0,
20210102,MI,538121,40994,7584454,,totalTestsViral,8202753,2758,,629,,368,,363611,1/2/2021 00:00,2021-01-02T00:00:00Z,01/01 19:00,13306,,,2021-01-02T00:00:00Z,8202753,618299,7584454,497127,12598,708,,,427428,,,,,,,,,,26,9500,0,8122575,0,8122575,,288,0,55219c10ba3d04b127832c3f1c4c2016caed1643,0,0,0,0,0,
20210101,MI,528621,40477,7584454,,totalTestsViral,8202753,2758,,629,,368,,318389,12/30/2020 00:00,2020-12-30T00:00:00Z,12/29 19:00,13018,,,2020-12-30T00:00:00Z,8202753,618299,7584454,488144,12333,685,,,427428,,,,,,,,,,26,0,0,8113075,0,8113075,,0,0,afa8136decf86ddc76323e4e0038c9a70f931a8a,0,0,0,0,0,
20201231,MI,528621,40477,7584454,,totalTestsViral,8202753,2758,,629,,368,,318389,12/30/2020 00:00,2020-12-30T00:00:00Z,12/29 19:00,13018,,,2020-12-30T00:00:00Z,8202753,618299,7584454,488144,12333,685,,,427428,,,,,,,,,,26,0,0,8113075,0,8113075,,0,0,034b66a90e250b0cdf56977d38bf6b54986c46ab,0,0,0,0,0,
20201230,MI,528621,40477,7584454,,totalTestsViral,8202753,2758,,629,,368,,318389,12/30/2020 00:00,2020-12-30T00:00:00Z,12/29 19:00,13018,,,2020-12-30T00:00:00Z,8202753,618299,7584454,488144,12333,685,,,427428,,,,,,,,,,26,4782,43822,8113075,48416,8113075,,52,0,67b30d6ded5c79d9673b16669d6380daccfd8c7e,0,0,0,0,0,
20201229,MI,523839,39917,7540632,,totalTestsViral,8154337,2906,,649,,390,,318389,12/29/2020 00:00,2020-12-29T00:00:00Z,12/28 19:00,12966,,,2020-12-29T00:00:00Z,8154337,613705,7540632,483922,12282,684,,,425918,,,,,,,,,,26,3963,19672,8064471,21648,8064471,,212,0,821519ff7d5fd3c6b2f7595ff6f40683a048bdc4,0,0,0,0,0,
20201228,MI,519876,39368,7520960,,totalTestsViral,8132689,2811,,662,,407,,318389,12/28/2020 00:00,2020-12-28T00:00:00Z,12/27 19:00,12754,,,2020-12-28T00:00:00Z,8132689,611729,7520960,480508,12089,665,,,423406,,,,,,,,,,26,3550,58017,8040836,62944,8040836,,64,0,d6a74317a006af5b9885e89153c01d54bf2ec98d,0,0,0,0,0,
20201227,MI,516326,39057,7462943,,totalTestsViral,8069745,3108,,738,,416,,318389,12/26/2020 00:00,2020-12-26T00:00:00Z,12/25 19:00,12690,,,2020-12-26T00:00:00Z,8069745,606802,7462943,477269,12029,661,,,422569,,,,,,,,,,26,0,0,7979269,0,7979269,,0,0,1218893b39f5b123c2f85c6b30527024984f19f3,0,0,0,0,0,
20201226,MI,516326,39057,7462943,,totalTestsViral,8069745,3108,,738,,416,,318389,12/26/2020 00:00,2020-12-26T00:00:00Z,12/25 19:00,12690,,,2020-12-26T00:00:00Z,8069745,606802,7462943,477269,12029,661,,,422569,,,,,,,,,,26,7877,121344,7979269,132087,7979269,,275,0,48bcdb307a3078f94162095a45e3bfc4bd9277b7,0,0,0,0,0,
20201225,MI,508449,38521,7341599,,totalTestsViral,7937658,3108,,738,,416,,284731,12/23/2020 00:00,2020-12-23T00:00:00Z,12/22 19:00,12415,,,2020-12-23T00:00:00Z,7937658,596059,7341599,469928,11775,640,,,415661,,,,,,,,,,26,0,0,7850048,0,7850048,,0,0,41636eab7e16bb4ce319798c506c7e6be60a8689,0,0,0,0,0,
20201224,MI,508449,38521,7341599,,totalTestsViral,7937658,3108,,738,,416,,284731,12/23/2020 00:00,2020-12-23T00:00:00Z,12/22 19:00,12415,,,2020-12-23T00:00:00Z,7937658,596059,7341599,469928,11775,640,,,415661,,,,,,,,,,26,0,0,7850048,0,7850048,,0,0,dea623fc63dde55ca64c543347dbcea0fa802caa,0,0,0,0,0,
20201223,MI,508449,38521,7341599,,totalTestsViral,7937658,3108,,738,,416,,284731,12/23/2020 00:00,2020-12-23T00:00:00Z,12/22 19:00,12415,,,2020-12-23T00:00:00Z,7937658,596059,7341599,469928,11775,640,,,415661,,,,,,,,,,26,3820,30230,7850048,32764,7850048,,73,0,2b3996352a6ed16930cdaaf538b328d53a5b0e7e,0,0,0,0,0,
20201222,MI,504629,38144,7311369,,totalTestsViral,7904894,3156,,731,,426,,284731,12/22/2020 00:00,2020-12-22T00:00:00Z,12/21 19:00,12342,,,2020-12-22T00:00:00Z,7904894,593525,7311369,466485,11705,637,,,413750,,,,,,,,,,26,3514,30308,7815998,33595,7815998,,189,0,22eba0fd5db6ee01bb8fa5846da43102758ba05c,0,0,0,0,0,
20201221,MI,501115,37712,7281061,,totalTestsViral,7871299,3179,,711,,436,,284731,12/21/2020 00:00,2020-12-21T00:00:00Z,12/20 19:00,12153,,,2020-12-21T00:00:00Z,7871299,590238,7281061,463403,11532,621,,,411872,,,,,,,,,,26,5059,77483,7782176,84618,7782176,,79,0,a79e3d0d0efa512aec9819e4374609b56a32c38e,0,0,0,0,0,
20201220,MI,496056,37204,7203578,,totalTestsViral,7786681,3284,,758,,466,,284731,12/19/2020 00:00,2020-12-19T00:00:00Z,12/18 19:00,12074,,,2020-12-19T00:00:00Z,7786681,583103,7203578,458852,11461,613,,,409456,,,,,,,,,,26,0,0,7699634,0,7699634,,0,0,fc252a4fde9a3f40e1032a5f25e2ff7b8d92964d,0,0,0,0,0,
20201219,MI,496056,37204,7203578,,totalTestsViral,7786681,3284,,758,,466,,284731,12/19/2020 00:00,2020-12-19T00:00:00Z,12/18 19:00,12074,,,2020-12-19T00:00:00Z,7786681,583103,7203578,458852,11461,613,,,409456,,,,,,,,,,26,4181,56985,7699634,62678,7699634,,206,0,d3d3dc91305bac2889b025cd8c3782268ba5dbf1,0,0,0,0,0,
20201218,MI,491875,36919,7146593,,totalTestsViral,7724003,3284,,758,,466,,236369,12/18/2020 00:00,2020-12-18T00:00:00Z,12/17 19:00,11868,,,2020-12-18T00:00:00Z,7724003,577410,7146593,454956,11274,594,,,405263,,,,,,,,,,26,4519,46288,7638468,50919,7638468,,67,0,99de1d09836bc4b5b9f7b02b78eca34abda3432a,0,0,0,0,0,
20201217,MI,487356,36580,7100305,,totalTestsViral,7673084,3395,,780,,461,,236369,12/17/2020 00:00,2020-12-17T00:00:00Z,12/16 19:00,11801,,,2020-12-17T00:00:00Z,7673084,572779,7100305,450776,11212,589,,,402979,,,,,,,,,,26,4541,48529,7587661,53747,7587661,,213,0,de671e4d49a05938b61df65b34f863fbf1f5225a,0,0,0,0,0,
20201216,MI,482815,36063,7051776,,totalTestsViral,7619337,3571,,818,,476,,236369,12/16/2020 00:00,2020-12-16T00:00:00Z,12/15 19:00,11588,,,2020-12-16T00:00:00Z,7619337,567561,7051776,446752,11018,570,,,400859,,,,,,,,,,26,4644,49795,7534591,55380,7534591,,93,0,08f463124fe1e7d733b6ef43e25ed32497a0c081,0,0,0,0,0,
20201215,MI,478171,35456,7001981,,totalTestsViral,7563957,3674,,821,,508,,236369,12/15/2020 00:00,2020-12-15T00:00:00Z,12/14 19:00,11495,,,2020-12-15T00:00:00Z,7563957,561976,7001981,442715,10935,560,,,397438,,,,,,,,,,26,5391,44313,7480152,49711,7480152,,206,0,8956fa3c3ded4865fb8b921af0c7427ac62deef4,0,0,0,0,0,
20201214,MI,472780,34795,6957668,,totalTestsViral,7514246,3802,,860,,514,,236369,12/14/2020 00:00,2020-12-14T00:00:00Z,12/13 19:00,11289,,,2020-12-14T00:00:00Z,7514246,556578,6957668,437985,10752,537,,,395683,,,,,,,,,,26,7621,80837,7430448,90046,7430448,,94,0,10c873bd74865750b0c0c57978e1deaafd95e3e3,0,0,0,0,0,
20201213,MI,465159,34379,6876831,,totalTestsViral,7424200,3893,,863,,518,,236369,12/12/2020 00:00,2020-12-12T00:00:00Z,12/11 19:00,11195,,,2020-12-12T00:00:00Z,7424200,547369,6876831,430780,10662,533,,,392309,,,,,,,,,,26,0,0,7341990,0,7341990,,0,0,940b12a1273e41de8a5b47d855e908d8caa43c3c,0,0,0,0,0,
20201212,MI,465159,34379,6876831,,totalTestsViral,7424200,3893,,863,,518,,236369,12/12/2020 00:00,2020-12-12T00:00:00Z,12/11 19:00,11195,,,2020-12-12T00:00:00Z,7424200,547369,6876831,430780,10662,533,,,392309,,,,,,,,,,26,4813,51829,7341990,57647,7341990,,230,0,bbc663822a9f495c7497c84cfa1ae3b32fa7d7fc,0,0,0,0,0,
20201211,MI,460346,34052,6825002,,totalTestsViral,7366553,3893,,863,,518,,197750,12/11/2020 00:00,2020-12-11T00:00:00Z,12/10 19:00,10965,,,2020-12-11T00:00:00Z,7366553,541551,6825002,426294,10456,509,,,390240,,,,,,,,,,26,5626,52723,7285348,59768,7285348,,65,0,086f7c0783eed86c7db2db76332bc93ceace1ff8,0,0,0,0,0,
20201210,MI,454720,33583,6772279,,totalTestsViral,7306785,3893,,863,,518,,197750,12/10/2020 00:00,2020-12-10T00:00:00Z,12/09 19:00,10900,,,2020-12-10T00:00:00Z,7306785,534506,6772279,421137,10395,505,,,388121,,,,,,,,,,26,6302,53788,7226999,60320,7226999,,194,0,d8ba8c1d7d44a2d15949e6fbe29d874795386662,0,0,0,0,0,
20201209,MI,448418,33218,6718491,,totalTestsViral,7246465,3925,,857,,522,,197750,12/9/2020 00:00,2020-12-09T00:00:00Z,12/08 19:00,10706,,,2020-12-09T00:00:00Z,7246465,527974,6718491,415200,10213,493,,,385279,,,,,,,,,,26,5342,42314,7166909,48099,7166909,,81,0,6f50360b3b9c1b16dc67d8c74216d12277d67fcf,0,0,0,0,0,
20201208,MI,443076,32781,6676177,,totalTestsViral,7198366,4091,,849,,512,,197750,12/8/2020 00:00,2020-12-08T00:00:00Z,12/07 19:00,10625,,,2020-12-08T00:00:00Z,7198366,522189,6676177,410295,10138,487,,,383571,,,,,,,,,,26,6676,53857,7119253,61388,7119253,,203,0,4bc1af2a6bbe04a5a31d62cb3fc045dbe4d38430,0,0,0,0,0,
20201207,MI,436400,32014,6622320,,totalTestsViral,7136978,4122,,840,,515,,197750,12/7/2020 00:00,2020-12-07T00:00:00Z,12/06 19:00,10422,,,2020-12-07T00:00:00Z,7136978,514658,6622320,404386,9947,475,,,380511,,,,,,,,,,26,9824,83838,7058720,95601,7058720,,101,0,b83f2a26dbafd501d6a3210a18b257d0629d762d,0,0,0,0,0,
20201206,MI,426576,31540,6538482,,totalTestsViral,7041377,4141,,855,,513,,197750,12/5/2020 00:00,2020-12-05T00:00:00Z,12/04 19:00,10321,,,2020-12-05T00:00:00Z,7041377,502895,6538482,395036,9854,467,,,378723,,,,,,,,,,26,0,0,6965058,0,6965058,,0,0,370031f7ebc03b487c5932371f98a3a0632d861f,0,0,0,0,0,
20201205,MI,426576,31540,6538482,,totalTestsViral,7041377,4141,,855,,513,,197750,12/5/2020 00:00,2020-12-05T00:00:00Z,12/04 19:00,10321,,,2020-12-05T00:00:00Z,7041377,502895,6538482,395036,9854,467,,,378723,,,,,,,,,,26,6308,58590,6965058,68207,6965058,,204,0,791b85eb4762c4d86f99d77528c4fe3730fc5a93,0,0,0,0,0,
20201204,MI,420268,31236,6479892,,totalTestsViral,6973170,4141,,855,,513,,165269,12/4/2020 00:00,2020-12-04T00:00:00Z,12/03 19:00,10117,,,2020-12-04T00:00:00Z,6973170,493278,6479892,389032,9661,456,,,375457,,,,,,,,,,26,9425,58936,6900160,68645,6900160,,82,0,e1c0e93e50058f260196033278ddafaa06596730,0,0,0,0,0,
20201203,MI,410843,30500,6420956,,totalTestsViral,6904525,4175,,840,,502,,165269,12/3/2020 00:00,2020-12-03T00:00:00Z,12/02 19:00,10035,,,2020-12-03T00:00:00Z,6904525,483569,6420956,380343,9580,455,,,373357,,,,,,,,,,26,7957,61820,6831799,73467,6831799,,193,0,23bc52b1154447ec402bcd83f7bffaf4fded2f04,0,0,0,0,0,
20201202,MI,402886,29689,6359136,,totalTestsViral,6831058,4266,,837,,509,,165269,12/2/2020 00:00,2020-12-02T00:00:00Z,12/01 19:00,9842,,,2020-12-02T00:00:00Z,6831058,471922,6359136,373197,9405,437,,,370666,,,,,,,,,,26,7433,38000,6762022,43905,6762022,,83,0,cf42558a2a8d4c02d7ca1a2bd1234f96c52de1c7,0,0,0,0,0,
20201201,MI,395453,29211,6321136,,totalTestsViral,6787153,4310,,874,,526,,165269,12/1/2020 00:00,2020-12-01T00:00:00Z,11/30 19:00,9759,,,2020-12-01T00:00:00Z,6787153,466017,6321136,366242,9324,435,,,369466,,,,,,,,,,26,6511,32742,6716589,38421,6716589,,195,0,800acc7d1817d358c1aa9a9de562d353f12ff926,0,0,0,0,0,
20201130,MI,388942,28493,6288394,,totalTestsViral,6748732,4326,,851,,531,,165269,11/30/2020 00:00,2020-11-30T00:00:00Z,11/29 19:00,9564,,,2020-11-30T00:00:00Z,6748732,460338,6288394,360449,9134,430,,,367228,,,,,,,,,,26,10790,92105,6677336,106844,6677336,,97,0,d4102bf9f1d83d82193ec5e1fb76e04e6903939c,0,0,0,0,0,
20201129,MI,378152,28131,6196289,,totalTestsViral,6641888,4097,,832,,472,,165269,11/28/2020 00:00,2020-11-28T00:00:00Z,11/27 19:00,9467,,,2020-11-28T00:00:00Z,6641888,445599,6196289,350021,9036,431,,,365318,,,,,,,,,,26,0,0,6574441,0,6574441,,0,0,c68806b1eb30dd564a0bc5f769a63cfe6a155a9d,0,0,0,0,0,
20201128,MI,378152,28131,6196289,,totalTestsViral,6641888,4097,,832,,472,,165269,11/28/2020 00:00,2020-11-28T00:00:00Z,11/27 19:00,9467,,,2020-11-28T00:00:00Z,6641888,445599,6196289,350021,9036,431,,,365318,,,,,,,,,,26,8351,52333,6574441,59320,6574441,,110,0,a2ff4cc859e3556eea0718bb450c9643b8d36e97,0,0,0,0,0,
20201127,MI,369801,27860,6143956,,totalTestsViral,6582568,4097,,832,,472,,152267,11/27/2020 00:00,2020-11-27T00:00:00Z,11/26 19:00,9357,,,2020-11-27T00:00:00Z,6582568,438612,6143956,341941,8933,424,,,362221,,,,,,,,,,26,17368,103826,6513757,119731,6513757,,187,0,5061f5c4612746995e1c51f7c35024668d5286f2,0,0,0,0,0,
20201126,MI,352433,27654,6040130,,totalTestsViral,6462837,4063,,843,,464,,152267,11/25/2020 00:00,2020-11-25T00:00:00Z,11/24 19:00,9170,,,2020-11-25T00:00:00Z,6462837,422707,6040130,324779,8761,409,,,359142,,,,,,,,,,26,0,0,6392563,0,6392563,,0,0,0399d7ed180d2dd9f1059cfa907127595361e002,0,0,0,0,0,
20201125,MI,352433,27654,6040130,,totalTestsViral,6462837,4063,,843,,464,,152267,11/25/2020 00:00,2020-11-25T00:00:00Z,11/24 19:00,9170,,,2020-11-25T00:00:00Z,6462837,422707,6040130,324779,8761,409,,,359142,,,,,,,,,,26,4687,53499,6392563,61805,6392563,,76,0,1b47aef13743d40898ee6dadecde54b0fee1c878,0,0,0,0,0,
20201124,MI,347746,27240,5986631,,totalTestsViral,6401032,4087,,865,,445,,152267,11/24/2020 00:00,2020-11-24T00:00:00Z,11/23 19:00,9094,,,2020-11-24T00:00:00Z,6401032,414401,5986631,320506,8688,406,,,358188,,,,,,,,,,26,6782,64059,6334377,73541,6334377,,154,0,c086fcc59dd70d5c94f5ce04675b57c5448c050e,0,0,0,0,0,
20201123,MI,340964,26748,5922572,,totalTestsViral,6327491,4047,,872,,455,,152267,11/23/2020 00:00,2020-11-23T00:00:00Z,11/22 19:00,8940,,,2020-11-23T00:00:00Z,6327491,404919,5922572,314216,8543,397,,,356370,,,,,,,,,,26,11943,87340,6263536,100523,6263536,,65,0,c553b2021ce723a3f3f7a80907e4b144d8f123ae,0,0,0,0,0,
20201122,MI,329021,26316,5835232,,totalTestsViral,6226968,3887,,835,,403,,152267,11/21/2020 00:00,2020-11-21T00:00:00Z,11/20 19:00,8875,,,2020-11-21T00:00:00Z,6226968,391736,5835232,302705,8478,397,,,354957,,,,,,,,,,26,0,0,6164253,0,6164253,,0,0,d130fe7136c47958ea153dc8bbe70bc5f7929af0,0,0,0,0,0,
20201121,MI,329021,26316,5835232,,totalTestsViral,6226968,3887,,835,,403,,152267,11/21/2020 00:00,2020-11-21T00:00:00Z,11/20 19:00,8875,,,2020-11-21T00:00:00Z,6226968,391736,5835232,302705,8478,397,,,354957,,,,,,,,,,26,7840,79727,6164253,89883,6164253,,101,0,624cd6c471de8f7eced3e3f81055aa33e9a20af5,0,0,0,0,0,
20201120,MI,321181,26004,5755505,,totalTestsViral,6137085,3887,,835,,403,,138862,11/20/2020 00:00,2020-11-20T00:00:00Z,11/19 19:00,8774,,,2020-11-20T00:00:00Z,6137085,381580,5755505,295177,8377,397,,,353571,,,,,,,,,,26,10140,73619,6076686,85362,6076686,,57,0,50061390c79aec092c531fa52f3aaa73e0fab7f2,0,0,0,0,0,
20201119,MI,311041,25643,5681886,,totalTestsViral,6051723,3824,,843,,400,,138862,11/19/2020 00:00,2020-11-19T00:00:00Z,11/18 19:00,8717,,,2020-11-19T00:00:00Z,6051723,369837,5681886,285398,8324,393,,,352058,,,,,,,,,,26,7983,62253,5992927,71228,5992927,,144,0,9aaf32bfc3830bbdfb28b8dd3ccd97619391c8d4,0,0,0,0,0,
20201118,MI,303058,25252,5619633,,totalTestsViral,5980495,3792,,809,,396,,138862,11/18/2020 00:00,2020-11-18T00:00:00Z,11/17 19:00,8573,,,2020-11-18T00:00:00Z,5980495,360862,5619633,277806,8190,383,,,350177,,,,,,,,,,26,6218,50686,5922691,58769,5922691,,62,0,d06867de4d9ff7022063ec4deb6328c42efa66e9,0,0,0,0,0,
20201117,MI,296840,24806,5568947,,totalTestsViral,5921726,3752,,776,,367,,138862,11/17/2020 00:00,2020-11-17T00:00:00Z,11/16 19:00,8511,,,2020-11-17T00:00:00Z,5921726,352779,5568947,272034,8128,383,,,349416,,,,,,,,,,26,7886,49431,5865787,57670,5865787,,80,0,b1944a0be1fe466b9d39dca95c77cf493974404c,0,0,0,0,0,
20201116,MI,288954,24378,5519516,,totalTestsViral,5864056,3580,,749,,343,,138862,11/16/2020 00:00,2020-11-16T00:00:00Z,11/15 19:00,8431,,,2020-11-16T00:00:00Z,5864056,344540,5519516,264576,8049,382,,,347813,,,,,,,,,,26,13162,102724,5808470,117843,5808470,,55,0,ac66d6638127b7c9a69c4a2339608e3376aa91ca,0,0,0,0,0,
20201115,MI,275792,23979,5416792,,totalTestsViral,5746213,3241,,660,,272,,138862,11/14/2020 00:00,2020-11-14T00:00:00Z,11/13 19:00,8376,,,2020-11-14T00:00:00Z,5746213,329421,5416792,251813,7994,382,,,346627,,,,,,,,,,26,0,0,5692584,0,5692584,,0,0,caef0b0a0d809855dfb0289732a5a026d261e42a,0,0,0,0,0,
20201114,MI,275792,23979,5416792,,totalTestsViral,5746213,3241,,660,,272,,138862,11/14/2020 00:00,2020-11-14T00:00:00Z,11/13 19:00,8376,,,2020-11-14T00:00:00Z,5746213,329421,5416792,251813,7994,382,,,346627,,,,,,,,,,26,7430,62002,5692584,72021,5692584,,68,0,d7560bd5112468e7434181dfe5b6a902455362e1,0,0,0,0,0,
20201113,MI,268362,23621,5354790,,totalTestsViral,5674192,3241,,660,,272,,128981,11/13/2020 00:00,2020-11-13T00:00:00Z,11/12 19:00,8308,,,2020-11-13T00:00:00Z,5674192,319402,5354790,244741,7929,379,,,344502,,,,,,,,,,26,9179,64181,5623152,74496,5623152,,123,0,f40873715ee8646858c1fc1a6f794c1aab6e611f,0,0,0,0,0,
20201112,MI,259183,22958,5290609,,totalTestsViral,5599696,3209,,628,,253,,128981,11/12/2020 00:00,2020-11-12T00:00:00Z,11/11 19:00,8185,,,2020-11-12T00:00:00Z,5599696,309087,5290609,236225,7811,374,,,343088,,,,,,,,,,26,7311,60005,5549792,68512,5549792,,49,0,5156ef829ff9f39c2e99781f9db5cf7e4355ab8d,0,0,0,0,0,
20201111,MI,251872,22587,5230604,,totalTestsViral,5531184,3093,,604,,263,,128981,11/11/2020 00:00,2020-11-11T00:00:00Z,11/10 19:00,8136,,,2020-11-11T00:00:00Z,5531184,300580,5230604,229285,7766,370,,,341946,,,,,,,,,,26,6620,48231,5482476,56015,5482476,,42,0,1eb71f91849ef53ccf6f8864a0d898ddcbd8e599,0,0,0,0,0,
20201110,MI,245252,21975,5182373,,totalTestsViral,5475169,2959,,595,,257,,128981,11/10/2020 00:00,2020-11-10T00:00:00Z,11/09 19:00,8094,,,2020-11-10T00:00:00Z,5475169,292796,5182373,223277,7724,370,,,339921,,,,,,,,,,26,6944,52371,5427625,61281,5427625,,86,0,329f30ff4d06aaff484a0ac79adeac91f53f2a14,0,0,0,0,0,
20201109,MI,238308,21504,5130002,,totalTestsViral,5413888,2815,,544,,239,,128981,11/9/2020 00:00,2020-11-09T00:00:00Z,11/08 19:00,8008,,,2020-11-09T00:00:00Z,5413888,283886,5130002,216804,7640,368,,,339100,,,,,,,,,,26,9305,145044,5368310,87225,5368310,,63,0,fe0c350cf6bda34c5c714ae6e96d915905cad593,0,0,0,0,0,
20201108,MI,229003,21209,4984958,,totalTestsViral,5326663,2425,,484,,202,,128981,11/7/2020 00:00,2020-11-07T00:00:00Z,11/06 19:00,7945,,,2020-11-07T00:00:00Z,5326663,266355,4984958,207794,7578,367,,,338299,,,,,,,,,,26,0,0,5213961,0,5213961,,0,0,46b3dbd25d539a98c2f62da594a2439b4848d073,0,0,0,0,0,
20201107,MI,229003,21209,4984958,,totalTestsViral,5326663,2425,,484,,202,,128981,11/7/2020 00:00,2020-11-07T00:00:00Z,11/06 19:00,7945,,,2020-11-07T00:00:00Z,5326663,266355,4984958,207794,7578,367,,,338299,,,,,,,,,,26,6494,0,5213961,75350,5213961,,65,0,073e5fdd5e9e656cb339809886a1169d739c2f54,0,0,0,0,0,
20201106,MI,222509,20940,4984958,,totalTestsViral,5251313,2425,,484,,202,,121093,11/6/2020 00:00,2020-11-06T00:00:00Z,11/05 19:00,7880,,,2020-11-06T00:00:00Z,5251313,266355,4984958,201569,7513,367,,,336396,,,,,,,,,,26,4246,48339,5207467,115366,5207467,,47,0,81b881ee0cb4ed04a5b92f580428ed0d694474bc,0,0,0,0,0,
20201105,MI,218263,20457,4936619,,totalTestsViral,5135947,2280,,475,,194,,121093,11/5/2020 00:00,2020-11-05T00:00:00Z,11/04 19:00,7833,,,2020-11-05T00:00:00Z,5135947,260736,4936619,197806,7470,363,,,333334,,,,,,,,,,26,6103,55103,5154882,0,5154882,,51,0,d298c202394229ac445b48f2cb4bb297c8257880,0,0,0,0,0,
20201104,MI,212160,20064,4881516,,totalTestsViral,5135947,2215,,470,,199,,121093,11/4/2020 00:00,2020-11-04T00:00:00Z,11/03 19:00,7782,,,2020-11-04T00:00:00Z,5135947,254431,4881516,192096,7419,363,,,333334,,,,,,,,,,26,4397,38789,5093676,43267,5093676,,21,0,35359995635d1856c8fc67dc4d95c7b853e70376,0,0,0,0,0,
20201103,MI,207763,19768,4842727,,totalTestsViral,5092680,2059,,444,,183,,121093,11/3/2020 00:00,2020-11-03T00:00:00Z,11/02 19:00,7761,,,2020-11-03T00:00:00Z,5092680,249953,4842727,187995,7400,361,,,332703,,,,,,,,,,26,3437,38754,5050490,43252,5050490,,45,0,7652eda9447d09b14bd1f4d2496aa66a5c901f07,0,0,0,0,0,
20201102,MI,204326,19437,4803973,,totalTestsViral,5049428,1966,,428,,180,,121093,11/2/2020 00:00,2020-11-02T00:00:00Z,11/01 19:00,7716,,,2020-11-02T00:00:00Z,5049428,245455,4803973,184889,7357,359,,,331012,,,,,,,,,,26,6920,89787,5008299,96962,5008299,,17,0,c9c1cac32fd0970040a0d8b2f6e1bb5a7851443c,0,0,0,0,0,
20201101,MI,197406,19226,4714186,,totalTestsViral,4952466,1728,,398,,167,,121093,10/31/2020 00:00,2020-10-31T00:00:00Z,10/30 20:00,7699,,,2020-10-31T00:00:00Z,4952466,238280,4714186,178180,7340,359,,,329831,,,,,,,,,,26,0,0,4911592,0,4911592,,0,0,a1d2a9ebb6109165422133fffb1b0874ebd5a32a,0,0,0,0,0,
20201031,MI,197406,19226,4714186,,totalTestsViral,4952466,1728,,398,,167,,121093,10/31/2020 00:00,2020-10-31T00:00:00Z,10/30 20:00,7699,,,2020-10-31T00:00:00Z,4952466,238280,4714186,178180,7340,359,,,329831,,,,,,,,,,26,4018,45491,4911592,50074,4911592,,34,0,521b760c1a5245bf44eeef89517b949237ee8b3a,0,0,0,0,0,
20201030,MI,193388,19000,4668695,,totalTestsViral,4902392,1728,,398,,167,,114939,10/30/2020 00:00,2020-10-30T00:00:00Z,10/29 20:00,7665,,,2020-10-30T00:00:00Z,4902392,233697,4668695,174388,7309,356,,,328693,,,,,,,,,,26,3345,58021,4862083,62103,4862083,,12,0,2db8c264708a054c6ce636b9c83c13ab5970b7a3,0,0,0,0,0,
20201029,MI,190043,18823,4610674,,totalTestsViral,4840289,1332,,320,,153,,114939,10/29/2020 00:00,2020-10-29T00:00:00Z,10/28 20:00,7653,,,2020-10-29T00:00:00Z,4840289,229615,4610674,171220,7298,355,,,327051,,,,,,,,,,26,4109,48606,4800717,107564,4800717,,47,0,b9126381865fd6d0b5c5eeb35f382e30f4b477b4,0,0,0,0,0,
20201028,MI,185934,18389,4562068,,totalTestsViral,4732725,1332,,320,,153,,114939,10/28/2020 00:00,2020-10-28T00:00:00Z,10/27 20:00,7606,,,2020-10-28T00:00:00Z,4732725,225150,4562068,167545,7257,349,,,323494,,,,,,,,,,26,3590,50942,4748002,0,4748002,,21,0,d7702121fe4e89a9c42697998ba72fc8324ca3d5,0,0,0,0,0,
20201027,MI,182344,18070,4511126,,totalTestsViral,4732725,1332,,320,,146,,114939,10/27/2020 00:00,2020-10-27T00:00:00Z,10/26 20:00,7585,,,2020-10-27T00:00:00Z,4732725,221599,4511126,164274,7239,346,,,323494,,,,,,,,,,26,2675,38407,4693470,41246,4693470,,33,0,a5c00b8d313766b836473af0ba3f237cb7760989,0,0,0,0,0,
20201026,MI,179669,17762,4472719,,totalTestsViral,4691479,1332,,320,,140,,114939,10/26/2020 00:00,2020-10-26T00:00:00Z,10/25 20:00,7552,,,2020-10-26T00:00:00Z,4691479,218760,4472719,161907,7211,341,,,322810,,,,,,,,,,26,4057,68340,4652388,72917,4652388,,30,0,0cbe9c22f6061807cb9e323a8905ab3209dbb7be,0,0,0,0,0,
20201025,MI,175612,17586,4404379,,totalTestsViral,4618562,1182,,273,,121,,114939,10/24/2020 00:00,2020-10-24T00:00:00Z,10/23 20:00,7522,,,2020-10-24T00:00:00Z,4618562,214183,4404379,158026,7182,340,,,321825,,,,,,,,,,26,0,0,4579991,0,4579991,,0,0,2b5c9c26f2c9381d6a9ad2bc996cd12c85abd4a7,0,0,0,0,0,
20201024,MI,175612,17586,4404379,,totalTestsViral,4618562,1182,,273,,121,,114939,10/24/2020 00:00,2020-10-24T00:00:00Z,10/23 20:00,7522,,,2020-10-24T00:00:00Z,4618562,214183,4404379,158026,7182,340,,,321825,,,,,,,,,,26,3490,50615,4579991,53493,4579991,,38,0,2cfe779823af20fc555808abea0dfaa63ed5b9c5,0,0,0,0,0,
20201023,MI,172122,17434,4353764,,totalTestsViral,4565069,1182,,273,,121,,109539,10/23/2020 00:00,2020-10-23T00:00:00Z,10/22 20:00,7484,,,2020-10-23T00:00:00Z,4565069,211305,4353764,154688,7147,337,,,318590,,,,,,,,,,26,2046,54977,4525886,58181,4525886,,20,0,dc777fb375c1a7192b29a2a28d831fa98cf9ccbc,0,0,0,0,0,
20201022,MI,170076,17214,4298787,,totalTestsViral,4506888,1182,,273,,112,,109539,10/22/2020 00:00,2020-10-22T00:00:00Z,10/21 20:00,7464,,,2020-10-22T00:00:00Z,4506888,208101,4298787,152862,7129,335,,,317645,,,,,,,,,,26,2204,45828,4468863,48224,4468863,,46,0,9d25fd8118b043e4edde6caf5371357a1b257211,0,0,0,0,0,
20201021,MI,167872,16883,4252959,,totalTestsViral,4458664,1050,,267,,112,,109539,10/21/2020 00:00,2020-10-21T00:00:00Z,10/20 20:00,7418,,,2020-10-21T00:00:00Z,4458664,205705,4252959,150989,7086,332,,,316762,,,,,,,,,,26,1878,33162,4420831,35177,4420831,,35,0,8bbe1a07e31c203d1d38feb0dc84a1d10f78e479,0,0,0,0,0,
20201020,MI,165994,16602,4219797,,totalTestsViral,4423487,1050,,267,,106,,109539,10/20/2020 00:00,2020-10-20T00:00:00Z,10/19 20:00,7383,,,2020-10-20T00:00:00Z,4423487,203690,4219797,149392,7053,330,,,316115,,,,,,,,,,26,1871,48296,4385791,50752,4385791,,20,0,18c811b70f9eebb88286cc21315b99c5f32d6018,0,0,0,0,0,
20201019,MI,164123,16317,4171501,,totalTestsViral,4372735,1050,,267,,95,,109539,10/19/2020 00:00,2020-10-19T00:00:00Z,10/18 20:00,7363,,,2020-10-19T00:00:00Z,4372735,201234,4171501,147806,7031,332,,,315661,,,,,,,,,,26,5004,59863,4335624,111021,4335624,,46,0,ca91e7469c6cfbc2ea0823ee0d8a51941b1a3d20,0,0,0,0,0,
20201018,MI,159119,16013,4111638,,totalTestsViral,4261714,1000,,254,,94,,109539,10/17/2020 00:00,2020-10-17T00:00:00Z,10/16 20:00,7317,,,2020-10-17T00:00:00Z,4261714,197889,4111638,143106,6987,330,,,310344,,,,,,,,,,26,0,0,4270757,0,4270757,,0,0,d4c7bb316d271f72316cc009dd4543e30cf0528d,0,0,0,0,0,
20201017,MI,159119,16013,4111638,,totalTestsViral,4261714,1000,,254,,94,,109539,10/17/2020 00:00,2020-10-17T00:00:00Z,10/16 20:00,7317,,,2020-10-17T00:00:00Z,4261714,197889,4111638,143106,6987,330,,,310344,,,,,,,,,,26,0,45347,4270757,0,4270757,,0,0,f31f368bd1114ecad1e3cc150f5046cbdb6e4726,0,0,0,0,0,
20201016,MI,159119,16013,4066291,,totalTestsViral,4261714,1000,,254,,94,,104271,10/16/2020 00:00,2020-10-16T00:00:00Z,10/15 20:00,7317,,,2020-10-16T00:00:00Z,4261714,195423,4066291,143106,6987,330,,,310344,,,,,,,,,,26,2206,51215,4225410,53356,4225410,,15,0,6c87d6ba46230243b7f84cab299423cfa1fe2cf1,0,0,0,0,0,
20201015,MI,156913,15822,4015076,,totalTestsViral,4208358,1000,,254,,95,,104271,10/15/2020 00:00,2020-10-15T00:00:00Z,10/14 20:00,7302,,,2020-10-15T00:00:00Z,4208358,193282,4015076,141091,6973,329,,,309383,,,,,,,,,,26,2458,40119,4171989,42122,4171989,,34,0,dcafa47c918fbcad9b9a291479d95694ff293c94,0,0,0,0,0,
20201014,MI,154455,15394,3974957,,totalTestsViral,4166236,899,,230,,95,,104271,10/14/2020 00:00,2020-10-14T00:00:00Z,10/13 20:00,7268,,,2020-10-14T00:00:00Z,4166236,191279,3974957,139061,6941,327,,,308581,,,,,,,,,,26,1593,28260,4129412,29588,4129412,,13,0,5959d0e1b18524614e35d38786d7e22b71fd2817,0,0,0,0,0,
20201013,MI,152862,15160,3946697,,totalTestsViral,4136648,899,,230,,95,,104271,10/13/2020 00:00,2020-10-13T00:00:00Z,10/12 20:00,7255,,,2020-10-13T00:00:00Z,4136648,189951,3946697,137702,6928,327,,,308055,,,,,,,,,,26,1466,36996,4099559,38839,4099559,,30,0,1a0fab4467a1e6c5710d7735513f1552eb55ca43,0,0,0,0,0,
20201012,MI,151396,14931,3909701,,totalTestsViral,4097809,899,,230,,105,,104271,10/12/2020 00:00,2020-10-12T00:00:00Z,10/11 20:00,7225,,,2020-10-12T00:00:00Z,4097809,188108,3909701,136465,6898,327,,,307599,,,,,,,,,,26,1932,48856,4061097,51027,4061097,,6,0,852b735e4e9be791391f4dad9abbb841c3506d1e,0,0,0,0,0,
20201011,MI,149464,14808,3860845,,totalTestsViral,4046782,862,,220,,85,,104271,10/10/2020 00:00,2020-10-10T00:00:00Z,10/09 20:00,7219,,,2020-10-10T00:00:00Z,4046782,185937,3860845,134656,6891,328,,,306564,,,,,,,,,,26,0,0,4010309,0,4010309,,0,0,111924f377b4b8467454f850e20e84080aba6591,0,0,0,0,0,
20201010,MI,149464,14808,3860845,,totalTestsViral,4046782,862,,220,,85,,104271,10/10/2020 00:00,2020-10-10T00:00:00Z,10/09 20:00,7219,,,2020-10-10T00:00:00Z,4046782,185937,3860845,134656,6891,328,,,306564,,,,,,,,,,26,1648,43645,4010309,45518,4010309,,19,0,5325eedc3bd78f31ae7955590fe6062320c9f6e3,0,0,0,0,0,
20201009,MI,147816,14682,3817200,,totalTestsViral,4001264,862,,220,,85,,99521,10/9/2020 00:00,2020-10-09T00:00:00Z,10/08 20:00,7200,,,2020-10-09T00:00:00Z,4001264,184064,3817200,133134,6876,324,,,303491,,,,,,,,,,26,1323,41853,3965016,43498,3965016,,7,0,147222e0ff7e10b8ccc9109148df8651e65ae6ef,0,0,0,0,0,
20201008,MI,146493,14454,3775347,,totalTestsViral,3957766,862,,220,,85,,99521,10/8/2020 00:00,2020-10-08T00:00:00Z,10/07 20:00,7193,,,2020-10-08T00:00:00Z,3957766,182419,3775347,132039,6869,324,,,302572,,,,,,,,,,26,1401,40804,3921840,42115,3921840,,24,0,8f14578c8b5023bc3e2edc588f6ba362fd421f9d,0,0,0,0,0,
20201007,MI,145092,14250,3734543,,totalTestsViral,3915651,687,,201,,88,,99521,10/7/2020 00:00,2020-10-07T00:00:00Z,10/06 20:00,7169,,,2020-10-07T00:00:00Z,3915651,181108,3734543,130842,6847,322,,,301600,,,,,,,,,,26,1214,33459,3879635,34681,3879635,,8,0,47a40e43f13603bf8e77a4d9a387e32643d3da8b,0,0,0,0,0,
20201006,MI,143878,14052,3701084,,totalTestsViral,3880970,678,,158,,75,,99521,10/6/2020 00:00,2020-10-06T00:00:00Z,10/05 20:00,7161,,,2020-10-06T00:00:00Z,3880970,179886,3701084,129826,6838,323,,,300923,,,,,,,,,,26,1152,24983,3844962,25864,3844962,,22,0,17568ee508cc501a9527bf63510b76faabcbe2c4,0,0,0,0,0,
20201005,MI,142726,13803,3676101,,totalTestsViral,3855106,678,,158,,67,,99521,10/5/2020 00:00,2020-10-05T00:00:00Z,10/04 20:00,7139,,,2020-10-05T00:00:00Z,3855106,179005,3676101,128923,6816,323,,,299146,,,,,,,,,,26,1455,53098,3818827,55071,3818827,,15,0,8e68e3b17f2f870dfcf31728efe7a881152a6df7,0,0,0,0,0,
20201004,MI,141271,13755,3623003,,totalTestsViral,3800035,678,,158,,62,,99521,10/3/2020 00:00,2020-10-03T00:00:00Z,10/02 20:00,7124,,,2020-10-03T00:00:00Z,3800035,177032,3623003,127516,6801,323,,,297983,,,,,,,,,,26,0,0,3764274,0,3764274,,0,0,457cf22e0724169dec85de51e0eff16e947ad250,0,0,0,0,0,
20201003,MI,141271,13755,3623003,,totalTestsViral,3800035,678,,158,,62,,99521,10/3/2020 00:00,2020-10-03T00:00:00Z,10/02 20:00,7124,,,2020-10-03T00:00:00Z,3800035,177032,3623003,127516,6801,323,,,297983,,,,,,,,,,26,1275,39251,3764274,40437,3764274,,14,0,7dcb0b029c4a614fd6b99f05d67f457ac7fbac4d,0,0,0,0,0,
20201002,MI,139996,13638,3583752,,totalTestsViral,3759598,678,,158,,62,,95051,10/2/2020 00:00,2020-10-02T00:00:00Z,10/01 20:00,7110,,,2020-10-02T00:00:00Z,3759598,175846,3583752,126358,6788,322,,,296844,,,,,,,,,,26,984,39183,3723748,40411,3723748,,8,0,1ff85f4a444fea99644e3d44b583bb19fc619990,0,0,0,0,0,
20201001,MI,139012,13434,3544569,,totalTestsViral,3719187,678,,158,,67,,95051,10/1/2020 00:00,2020-10-01T00:00:00Z,09/30 20:00,7102,,,2020-10-01T00:00:00Z,3719187,174618,3544569,125578,6781,321,,,295830,,,,,,,,,,26,998,34721,3683581,35925,3683581,,19,0,d84e6746852ffc249f2cee01f5a7277e9531017f,0,0,0,0,0,
20200930,MI,138014,13327,3509848,,totalTestsViral,3683262,557,,137,,59,,95051,9/30/2020 00:00,2020-09-30T00:00:00Z,09/29 20:00,7083,,,2020-09-30T00:00:00Z,3683262,173414,3509848,124687,6762,321,,,294558,,,,,,,,,,26,1194,28584,3647862,29538,3647862,,11,0,02fbe57884e20ea166aa5f82906be6643ce4884b,0,0,0,0,0,
20200929,MI,136820,13187,3481264,,totalTestsViral,3653724,557,,137,,60,,95051,9/29/2020 00:00,2020-09-29T00:00:00Z,09/28 20:00,7072,,,2020-09-29T00:00:00Z,3653724,172460,3481264,123633,6751,321,,,292652,,,,,,,,,,26,1118,22976,3618084,23821,3618084,,21,0,e3604c9d0d220f8002475c01cb3d01ebd42619ce,0,0,0,0,0,
20200928,MI,135702,12967,3458288,,totalTestsViral,3629903,557,,137,,51,,95051,9/28/2020 00:00,2020-09-28T00:00:00Z,09/27 20:00,7051,,,2020-09-28T00:00:00Z,3629903,171615,3458288,122735,6731,320,,,292255,,,,,,,,,,26,1329,49604,3593990,51319,3593990,,7,0,653027229e996d5c2f0df5199af930c65da0012d,0,0,0,0,0,
20200927,MI,134373,12946,3408684,,totalTestsViral,3578584,558,,139,,52,,95051,9/26/2020 00:00,2020-09-26T00:00:00Z,09/25 20:00,7044,,,2020-09-26T00:00:00Z,3578584,169900,3408684,121427,6723,321,,,291180,,,,,,,,,,26,0,0,3543057,0,3543057,,0,0,4d448814808c5aef892a1911bd000729b8873c87,0,0,0,0,0,
20200926,MI,134373,12946,3408684,,totalTestsViral,3578584,558,,139,,52,,95051,9/26/2020 00:00,2020-09-26T00:00:00Z,09/25 20:00,7044,,,2020-09-26T00:00:00Z,3578584,169900,3408684,121427,6723,321,,,291180,,,,,,,,,,26,996,39749,3543057,40941,3543057,,17,0,b89b14568558ecc25b6dc20e8c6371c50bd3e412,0,0,0,0,0,
20200925,MI,133377,12851,3368935,,totalTestsViral,3537643,558,,139,,52,,90216,9/25/2020 00:00,2020-09-25T00:00:00Z,09/24 20:00,7027,,,2020-09-25T00:00:00Z,3537643,168708,3368935,120526,6708,319,,,289151,,,,,,,,,,26,1040,38448,3502312,39572,3502312,,8,0,ee4a76242a4f751cc19ce9b0d1cefeea4822610b,0,0,0,0,0,
20200924,MI,132337,12740,3330487,,totalTestsViral,3498071,558,,139,,50,,90216,9/24/2020 00:00,2020-09-24T00:00:00Z,09/23 20:00,7019,,,2020-09-24T00:00:00Z,3498071,167584,3330487,119597,6700,319,,,288257,,,,,,,,,,26,1078,36639,3462824,37781,3462824,,6,0,241635fda9dfe6ee97e95c31a2500e328150be0a,0,0,0,0,0,
20200923,MI,131259,12644,3293848,,totalTestsViral,3460290,501,,146,,58,,90216,9/23/2020 00:00,2020-09-23T00:00:00Z,09/22 20:00,7013,,,2020-09-23T00:00:00Z,3460290,166442,3293848,118615,6692,321,,,287162,,,,,,,,,,26,902,33327,3425107,34332,3425107,,16,0,81dc755858f3c7e5c993fd5bda5226e2bd320c28,0,0,0,0,0,
20200922,MI,130357,12447,3260521,,totalTestsViral,3425958,501,,146,,56,,90216,9/22/2020 00:00,2020-09-22T00:00:00Z,09/21 20:00,6997,,,2020-09-22T00:00:00Z,3425958,165437,3260521,117910,6680,317,,,285455,,,,,,,,,,26,695,19516,3390878,20184,3390878,,16,0,c49b28fcdf830211a6928e87994c4601113efebe,0,0,0,0,0,
20200921,MI,129662,12256,3241005,,totalTestsViral,3405774,501,,146,,64,,90216,9/21/2020 00:00,2020-09-21T00:00:00Z,09/20 20:00,6981,,,2020-09-21T00:00:00Z,3405774,164769,3241005,117406,6665,316,,,285076,,,,,,,,,,26,1575,50623,3370667,52088,3370667,,12,0,b925e2ab9240ad6a6c79fa899473ef10cfc59d1a,0,0,0,0,0,
20200920,MI,128087,12217,3190382,,totalTestsViral,3353686,557,,150,,64,,90216,9/19/2020 00:00,2020-09-19T00:00:00Z,09/18 20:00,6969,,,2020-09-19T00:00:00Z,3353686,163304,3190382,115870,6653,316,,,283882,,,,,,,,,,26,0,0,3318469,0,3318469,,0,0,9145f7f429338a36fcdfb9c471e3b54fa7b3facf,0,0,0,0,0,
20200919,MI,128087,12217,3190382,,totalTestsViral,3353686,557,,150,,64,,90216,9/19/2020 00:00,2020-09-19T00:00:00Z,09/18 20:00,6969,,,2020-09-19T00:00:00Z,3353686,163304,3190382,115870,6653,316,,,283882,,,,,,,,,,26,587,32852,3318469,33899,3318469,,15,0,920ae8fa21e2d15e9bf0c1ac27e3180a460f20c5,0,0,0,0,0,
20200918,MI,127500,12113,3157530,,totalTestsViral,3319787,557,,150,,64,,85513,9/18/2020 00:00,2020-09-18T00:00:00Z,09/17 20:00,6954,,,2020-09-18T00:00:00Z,3319787,162257,3157530,115387,6638,316,,,282669,,,,,,,,,,26,778,32521,3285030,33566,3285030,,-1,0,9d82e45f1f88762569bd52a00bfaa75a5884a3e2,0,0,0,0,0,
20200917,MI,126722,12030,3125009,,totalTestsViral,3286221,590,,152,,67,,85513,9/17/2020 00:00,2020-09-17T00:00:00Z,09/16 20:00,6955,,,2020-09-17T00:00:00Z,3286221,161212,3125009,114692,6632,323,,,279980,,,,,,,,,,26,980,32290,3251731,33274,3251731,,12,0,5664ae5a129fdf4bc1167864a0d813acc8600c88,0,0,0,0,0,
20200916,MI,125742,11879,3092719,,totalTestsViral,3252947,590,,152,,65,,85513,9/16/2020 00:00,2020-09-16T00:00:00Z,09/15 20:00,6943,,,2020-09-16T00:00:00Z,3252947,160228,3092719,113863,6623,320,,,270746,,,,,,,,,,26,773,30067,3218461,31041,3218461,,11,0,891947eb38ba3898e79c10609b074ef74a2cf67e,0,0,0,0,0,
20200915,MI,124969,11786,3062652,,totalTestsViral,3221906,590,,152,,68,,85513,9/15/2020 00:00,2020-09-15T00:00:00Z,09/14 20:00,6932,,,2020-09-15T00:00:00Z,3221906,159254,3062652,113183,6612,320,,,270031,,,,,,,,,,26,682,24852,3187621,25779,3187621,,11,0,74a702cb78efd4d50fc2744bad5f7192c1db3b8a,0,0,0,0,0,
20200914,MI,124287,11675,3037800,,totalTestsViral,3196127,590,,152,,82,,85513,9/14/2020 00:00,2020-09-14T00:00:00Z,09/13 20:00,6921,,,2020-09-14T00:00:00Z,3196127,158327,3037800,112612,6601,320,,,269507,,,,,,,,,,26,1229,50248,3162087,51636,3162087,,10,0,8e437a4f34da6d146e6bdb532a8ed2eb2ccde1a8,0,0,0,0,0,
20200913,MI,123058,11534,2987552,,totalTestsViral,3144491,627,,172,,77,,85513,9/12/2020 00:00,2020-09-12T00:00:00Z,09/11 20:00,6911,,,2020-09-12T00:00:00Z,3144491,156939,2987552,111524,6591,320,,,268368,,,,,,,,,,26,0,0,3110610,0,3110610,,0,0,ef432646ba9c95319efbd8b704144a01af59bef9,0,0,0,0,0,
20200912,MI,123058,11534,2987552,,totalTestsViral,3144491,627,,172,,77,,85513,9/12/2020 00:00,2020-09-12T00:00:00Z,09/11 20:00,6911,,,2020-09-12T00:00:00Z,3144491,156939,2987552,111524,6591,320,,,268368,,,,,,,,,,26,807,37017,3110610,38323,3110610,,11,0,b741793fca64df2c15586fd0ea0861ebfb1c923d,0,0,0,0,0,
20200911,MI,122251,11419,2950535,,totalTestsViral,3106168,627,,172,,77,,80678,9/11/2020 00:00,2020-09-11T00:00:00Z,09/10 20:00,6900,,,2020-09-11T00:00:00Z,3106168,155633,2950535,110832,6578,322,,,267328,,,,,,,,,,26,1405,34933,3072786,36473,3072786,,6,0,35d2018aa82b6b1737725c618011c0a9c94dee74,0,0,0,0,0,
20200910,MI,120846,11327,2915602,,totalTestsViral,3069695,627,,172,,75,,80678,9/10/2020 00:00,2020-09-10T00:00:00Z,09/09 20:00,6894,,,2020-09-10T00:00:00Z,3069695,154093,2915602,109519,6569,325,,,266151,,,,,,,,,,26,983,32188,3036448,33202,3036448,,7,0,172a41c2c4f11bef9d9d3d71a3220473a3148cce,0,0,0,0,0,
20200909,MI,119863,11268,2883414,,totalTestsViral,3036493,616,,158,,70,,80678,9/9/2020 00:00,2020-09-09T00:00:00Z,09/08 20:00,6887,,,2020-09-09T00:00:00Z,3036493,153079,2883414,108595,6552,335,,,265430,,,,,,,,,,26,961,22232,3003277,23137,3003277,,76,0,e35cc13d53fd7ca2cc836eb33bd94465204265fc,0,0,0,0,0,
20200908,MI,118902,11090,2861182,,totalTestsViral,3013356,616,,158,,76,,80678,9/8/2020 00:00,2020-09-08T00:00:00Z,09/07 20:00,6811,,,2020-09-08T00:00:00Z,3013356,152174,2861182,107812,6539,272,,,264994,,,,,,,,,,26,499,16907,2980084,17470,2980084,,1,0,ddbcddfe431649a9668fdf75274ba0f35e1d13bf,0,0,0,0,0,
20200907,MI,118403,11032,2844275,,totalTestsViral,2995886,616,,158,,71,,80678,9/7/2020 00:00,2020-09-07T00:00:00Z,09/06 20:00,6810,,,2020-09-07T00:00:00Z,2995886,151611,2844275,107371,6538,272,,,264881,,,,,,,,,,26,1212,42464,2962678,44071,2962678,,4,0,d044926cfaae64153d993c02559375d817c4b6a4,0,0,0,0,0,
20200906,MI,117191,10976,2801811,,totalTestsViral,2951815,616,,158,,71,,80678,9/5/2020 00:00,2020-09-05T00:00:00Z,09/04 20:00,6806,,,2020-09-05T00:00:00Z,2951815,150004,2801811,106215,6534,272,,,263721,,,,,,,,,,26,0,0,2919002,0,2919002,,0,0,6195cba60eeb39225ec38fa64ce9296408488352,0,0,0,0,0,
20200905,MI,117191,10976,2801811,,totalTestsViral,2951815,616,,158,,71,,80678,9/5/2020 00:00,2020-09-05T00:00:00Z,09/04 20:00,6806,,,2020-09-05T00:00:00Z,2951815,150004,2801811,106215,6534,272,,,263721,,,,,,,,,,26,896,40125,2919002,40903,2919002,,8,0,cfa9a1c275184f81913e975185b1d9703bb7ac4e,0,0,0,0,0,
20200904,MI,116295,10918,2761686,,totalTestsViral,2910912,616,,158,,75,,76151,9/4/2020 00:00,2020-09-04T00:00:00Z,09/03 20:00,6798,,,2020-09-04T00:00:00Z,2910912,148506,2761686,105377,6526,272,,,262033,,,,,,,,,,26,1053,27477,2877981,29205,2877981,,7,0,a0dbb1cd66f4df2ed75317cf4d17cc09edf9c505,0,0,0,0,0,
20200903,MI,115242,10847,2734209,,totalTestsViral,2881707,616,,158,,75,,76151,9/3/2020 00:00,2020-09-03T00:00:00Z,09/02 20:00,6791,,,2020-09-03T00:00:00Z,2881707,147498,2734209,104395,6519,272,,,261011,,,,,,,,,,26,774,31861,2849451,32855,2849451,,10,0,bc86c4c4b85a680a3c12f35e3378e200f8289dd1,0,0,0,0,0,
20200902,MI,114468,10758,2702348,,totalTestsViral,2848852,629,,156,,78,,76151,9/2/2020 00:00,2020-09-02T00:00:00Z,09/01 20:00,6781,,,2020-09-02T00:00:00Z,2848852,146504,2702348,103710,6509,272,,,259606,,,,,,,,,,26,648,26761,2816816,27594,2816816,,14,0,9de1d4d5ecfba252d650853dd8059c4c5a772d60,0,0,0,0,0,
20200901,MI,113820,10634,2675587,,totalTestsViral,2821258,629,,156,,83,,76151,9/1/2020 00:00,2020-09-01T00:00:00Z,08/31 20:00,6767,,,2020-09-01T00:00:00Z,2821258,145671,2675587,103186,6495,272,,,258577,,,,,,,,,,26,795,24181,2789407,24996,2789407,,14,0,3be80d1dc291f0b72b1eaafc7cd49c51f7f073c9,0,0,0,0,0,
20200831,MI,113025,10557,2651406,,totalTestsViral,2796262,629,,156,,90,,76151,8/31/2020 00:00,2020-08-31T00:00:00Z,08/30 20:00,6753,,,2020-08-31T00:00:00Z,2796262,144856,2651406,102468,6480,273,,,257840,,,,,,,,,,26,499,19138,2764431,19765,2764431,,5,0,1605a4d398baa9c3780d4e0d33066b6d84dd32e7,0,0,0,0,0,
20200830,MI,112526,10509,2632268,,totalTestsViral,2776497,669,,184,,93,,76151,8/30/2020 00:00,2020-08-30T00:00:00Z,08/29 20:00,6748,,,2020-08-30T00:00:00Z,2776497,144229,2632268,102017,6473,275,,,257397,,,,,,,,,,26,1390,59530,2744794,27091,2744794,,36,0,c867d1d66cc0fdfadc0ea40de02cf8e61bc485d8,0,0,0,0,0,
20200829,MI,111136,10437,2572738,,totalTestsViral,2749406,669,,184,,93,,76151,8/29/2020 00:00,2020-08-29T00:00:00Z,08/28 20:00,6712,,,2020-08-29T00:00:00Z,2749406,142390,2572738,100699,6446,266,,,256585,,,,,,,,,,26,0,0,2683874,34278,2683874,,0,0,0e83c4d96ea82235ee93bac1cd8734d029530b23,0,0,0,0,0,
20200828,MI,111136,10437,2572738,,totalTestsViral,2715128,669,,184,,93,,72580,8/28/2020 00:00,2020-08-28T00:00:00Z,08/27 20:00,6712,,,2020-08-28T00:00:00Z,2715128,142390,2572738,100699,6446,266,,,253766,,,,,,,,,,26,793,32250,2683874,33342,2683874,,6,0,a20758d44624301f5c401a4931a4d669d9599cd1,0,0,0,0,0,
20200827,MI,110343,10385,2540488,,totalTestsViral,2681786,669,,184,,85,,72580,8/27/2020 00:00,2020-08-27T00:00:00Z,08/26 20:00,6706,,,2020-08-27T00:00:00Z,2681786,141298,2540488,99958,6440,266,,,252101,,,,,,,,,,26,863,29616,2650831,30717,2650831,,16,0,e6c80e281623c328c275094c9d9694028b2eca30,0,0,0,0,0,
20200826,MI,109480,10280,2510872,,totalTestsViral,2651069,637,,186,,93,,72580,8/26/2020 00:00,2020-08-26T00:00:00Z,08/25 20:00,6690,,,2020-08-26T00:00:00Z,2651069,140197,2510872,99200,6424,266,,,250244,,,,,,,,,,26,843,40334,2620352,41345,2620352,,6,0,2c73638ea3cb1a34a42b7ae2892f2eeb6a78ff66,0,0,0,0,0,
20200825,MI,108637,10198,2470538,,totalTestsViral,2609724,637,,186,,86,,72580,8/25/2020 00:00,2020-08-25T00:00:00Z,08/24 20:00,6684,,,2020-08-25T00:00:00Z,2609724,139186,2470538,98439,6417,267,,,249056,,,,,,,,,,26,951,23330,2579175,24298,2579175,,21,0,a64b46f34320e82d76e47da83a7d3da4fd985550,0,0,0,0,0,
20200824,MI,107686,10026,2447208,,totalTestsViral,2585426,637,,186,,86,,72580,8/24/2020 00:00,2020-08-24T00:00:00Z,08/23 20:00,6663,,,2020-08-24T00:00:00Z,2585426,138218,2447208,97660,6397,266,,,248310,,,,,,,,,,26,878,20544,2554894,21092,2554894,,4,0,5e4c3fc6c1492815fe2eb39337aaef68fb50dbcb,0,0,0,0,0,
20200823,MI,106808,10016,2426664,,totalTestsViral,2564334,646,,173,,95,,72580,8/23/2020 00:00,2020-08-23T00:00:00Z,08/22 20:00,6659,,,2020-08-23T00:00:00Z,2564334,137670,2426664,96792,6393,266,,,247944,,,,,,,,,,26,764,73669,2533472,76129,2533472,,4,0,c5799e791eab3df7c7cdfcbf3736efa4fa085b67,0,0,0,0,0,
20200822,MI,106044,10020,2352995,,totalTestsViral,2488205,646,,173,,95,,72580,8/22/2020 00:00,2020-08-22T00:00:00Z,08/21 20:00,6655,,,2020-08-22T00:00:00Z,2488205,135210,2352995,96024,6389,266,,,244940,,,,,,,,,,26,1426,31911,2459039,33018,2459039,,21,0,1bec4c9514b3dca066b0565114e7abfb057a50d0,0,0,0,0,0,
20200821,MI,104618,9921,2321084,,totalTestsViral,2455187,646,,173,,95,,67778,8/20/2020 00:00,2020-08-20T00:00:00Z,08/19 20:00,6634,,,2020-08-20T00:00:00Z,2455187,134103,2321084,94697,6368,266,,,243222,,,,,,,,,,26,0,0,2425702,0,2425702,,0,0,14c2134d975aa39b4143b513da8ab2699f68ba3e,0,0,0,0,0,
20200820,MI,104618,9921,2321084,,totalTestsViral,2455187,646,,173,,81,,67778,8/20/2020 00:00,2020-08-20T00:00:00Z,08/19 20:00,6634,,,2020-08-20T00:00:00Z,2455187,134103,2321084,94697,6368,266,,,243222,,,,,,,,,,26,527,29987,2425702,31183,2425702,,16,0,f41bcf5bf989a25c903987f27595e82edba797d6,0,0,0,0,0,
20200819,MI,104091,9813,2291097,,totalTestsViral,2424004,653,,169,,82,,67778,8/19/2020 00:00,2020-08-19T00:00:00Z,08/18 20:00,6618,,,2020-08-19T00:00:00Z,2424004,132907,2291097,94278,6349,269,,,240643,,,,,,,,,,26,688,31975,2395188,32955,2395188,,10,0,8e936c1078a42d1a20ffe08fcf752e4ff35250c5,0,0,0,0,0,
20200818,MI,103403,9741,2259122,,totalTestsViral,2391049,653,,169,,89,,67778,8/18/2020 00:00,2020-08-18T00:00:00Z,08/17 20:00,6608,,,2020-08-18T00:00:00Z,2391049,131927,2259122,93662,6340,268,,,239798,,,,,,,,,,26,654,21664,2362525,22267,2362525,,16,0,88ad6979c56f3659587e67f72383ba2a10c66bae,0,0,0,0,0,
20200817,MI,102749,9564,2237458,,totalTestsViral,2368782,653,,169,,89,,67778,8/17/2020 00:00,2020-08-17T00:00:00Z,08/16 20:00,6592,,,2020-08-17T00:00:00Z,2368782,131324,2237458,93185,6325,267,,,238946,,,,,,,,,,26,490,18667,2340207,19351,2340207,,0,0,e178153ed75b109ebab0801b97f3c21eb1237c45,0,0,0,0,0,
20200816,MI,102259,9539,2218791,,totalTestsViral,2349431,713,,184,,87,,67778,8/16/2020 00:00,2020-08-16T00:00:00Z,08/15 20:00,6592,,,2020-08-16T00:00:00Z,2349431,130640,2218791,92720,6324,268,,,238181,,,,,,,,,,26,477,28794,2321050,29874,2321050,,6,0,537cdb0906f890102c92d8ca7b2d421c541a037a,0,0,0,0,0,
20200815,MI,101782,9627,2189997,,totalTestsViral,2319557,713,,184,,87,,67778,8/15/2020 00:00,2020-08-15T00:00:00Z,08/14 20:00,6586,,,2020-08-15T00:00:00Z,2319557,129560,2189997,92155,6318,268,,,237323,,,,,,,,,,26,1058,29570,2291779,30824,2291779,,20,0,8b08063c3bd3260e526863bd1abd67d683480156,0,0,0,0,0,
20200814,MI,100724,9584,2160427,,totalTestsViral,2288733,713,,184,,87,,63636,8/14/2020 00:00,2020-08-14T00:00:00Z,08/13 20:00,6566,,,2020-08-14T00:00:00Z,2288733,128306,2160427,91140,6300,266,,,235572,,,,,,,,,,26,868,37897,2261151,39292,2261151,,11,0,170540db5416b75befff17c2543a52f21de5054c,0,0,0,0,0,
20200813,MI,99856,9464,2122530,,totalTestsViral,2249441,713,,184,,90,,63636,8/13/2020 00:00,2020-08-13T00:00:00Z,08/12 20:00,6555,,,2020-08-13T00:00:00Z,2249441,126911,2122530,90392,6289,266,,,233568,,,,,,,,,,26,1167,39378,2222386,40629,2222386,,16,0,cb74e0e62ed2c40ac88c6970dec87935674b2aac,0,0,0,0,0,
20200812,MI,98689,9418,2083152,,totalTestsViral,2208812,640,,185,,84,,63636,8/12/2020 00:00,2020-08-12T00:00:00Z,08/11 20:00,6539,,,2020-08-12T00:00:00Z,2208812,125660,2083152,89271,6273,266,,,231232,,,,,,,,,,26,476,34811,2181841,35914,2181841,,6,0,408559f12bc795e39c5758ad94dca5327986f9ef,0,0,0,0,0,
20200811,MI,98213,9457,2048341,,totalTestsViral,2172898,640,,185,,85,,63636,8/11/2020 00:00,2020-08-11T00:00:00Z,08/10 20:00,6533,,,2020-08-11T00:00:00Z,2172898,124557,2048341,88756,6264,269,,,230011,,,,,,,,,,26,907,23058,2146554,24112,2146554,,7,0,04087d5f6c61b507e406a3888a5874ce3f7cd46a,0,0,0,0,0,
20200810,MI,97306,9346,2025283,,totalTestsViral,2148786,640,,185,,132,,63636,8/10/2020 00:00,2020-08-10T00:00:00Z,08/09 20:00,6526,,,2020-08-10T00:00:00Z,2148786,123503,2025283,87960,6257,269,,,229030,,,,,,,,,,26,580,20677,2122589,21438,2122589,,7,0,b43cfb95f7395da35d63b6d5367398ddf7a86196,0,0,0,0,0,
20200809,MI,96726,9323,2004606,,totalTestsViral,2127348,694,,232,,132,,63636,8/9/2020 00:00,2020-08-09T00:00:00Z,08/08 20:00,6519,,,2020-08-09T00:00:00Z,2127348,122742,2004606,87403,6249,270,,,228519,,,,,,,,,,26,535,25676,2101332,26500,2101332,,-1,0,ab8b997da7a088de86c9b97916cacd26341da7cf,0,0,0,0,0,
20200808,MI,96191,9302,1978930,,totalTestsViral,2100848,694,,232,,132,,63636,8/8/2020 00:00,2020-08-08T00:00:00Z,08/07 20:00,6520,,,2020-08-08T00:00:00Z,2100848,121918,1978930,86889,6250,270,,,227521,,,,,,,,,,26,721,37805,2075121,38892,2075121,,-4,0,3bb2ada32439ab2d81c4dcfdae9cc120eaa448d1,0,0,0,0,0,
20200807,MI,95470,9279,1941125,,totalTestsViral,2061956,694,,232,,132,,60022,8/7/2020 00:00,2020-08-07T00:00:00Z,08/06 20:00,6524,,,2020-08-07T00:00:00Z,2061956,120831,1941125,86191,6247,277,,,225674,,,,,,,,,,26,814,29203,2036595,30302,2036595,,18,0,33079cadedb55d3287e0062714d5879fa541ab92,0,0,0,0,0,
20200806,MI,94656,9227,1911922,,totalTestsViral,2031654,694,,232,,132,,60022,8/6/2020 00:00,2020-08-06T00:00:00Z,08/05 20:00,6506,,,2020-08-06T00:00:00Z,2031654,119732,1911922,85429,6247,259,,,223982,,,,,,,,,,26,763,25343,2006578,26160,2006578,,28,0,20b0d58fd627efda932ff8365ad9c5473bb67373,0,0,0,0,0,
20200805,MI,93893,9186,1886579,,totalTestsViral,2005494,694,,232,,132,,60022,8/5/2020 00:00,2020-08-05T00:00:00Z,08/04 20:00,6478,,,2020-08-05T00:00:00Z,2005494,118915,1886579,84707,6221,257,,,222019,,,,,,,,,,26,718,25339,1980472,26237,1980472,,7,0,215d0b5208533393a5c8223c452c509193b128e8,0,0,0,0,0,
20200804,MI,93175,9125,1861240,,totalTestsViral,1979257,694,,232,,132,,60022,8/4/2020 00:00,2020-08-04T00:00:00Z,08/03 20:00,6471,,,2020-08-04T00:00:00Z,1979257,118017,1861240,84050,6219,252,,,220799,,,,,,,,,,26,801,26791,1954415,27702,1954415,,8,0,a9fbd05f9688580b63d05c617769dc8a76ce6e64,0,0,0,0,0,
20200803,MI,92374,8988,1834449,,totalTestsViral,1951555,694,,232,,132,,60022,8/3/2020 00:00,2020-08-03T00:00:00Z,08/02 20:00,6463,,,2020-08-03T00:00:00Z,1951555,117106,1834449,83386,6212,251,,,218538,,,,,,,,,,26,613,24369,1926823,25207,1926823,,6,0,5da2331a9e5be92753a6b4e38484510f53b5d18b,0,0,0,0,0,
20200802,MI,91761,8979,1810080,,totalTestsViral,1926348,727,,238,,144,,60022,8/2/2020 00:00,2020-08-02T00:00:00Z,08/01 20:00,6457,,,2020-08-02T00:00:00Z,1926348,116268,1810080,82782,6206,251,,,217937,,,,,,,,,,26,429,24582,1901841,25433,1901841,,0,0,b4878909da0b72583f50cdc9c9347ca319ae1c1b,0,0,0,0,0,
20200801,MI,91332,8976,1785498,,totalTestsViral,1900915,727,,238,,144,,60022,8/1/2020 00:00,2020-08-01T00:00:00Z,07/31 20:00,6457,,,2020-08-01T00:00:00Z,1900915,115417,1785498,82356,6206,251,,,216608,,,,,,,,,,26,758,31625,1876830,32759,1876830,,7,0,f8aa6f45693bbc6d2c552978977bfc16d6005820,0,0,0,0,0,
20200731,MI,90574,8953,1753873,,totalTestsViral,1868156,727,,238,,144,,57502,7/31/2020 00:00,2020-07-31T00:00:00Z,07/30 20:00,6450,,,2020-07-31T00:00:00Z,1868156,114283,1753873,81621,6199,251,,,214923,,,,,,,,,,26,793,30476,1844447,31572,1844447,,7,0,dfaeca6999d2d8f9494b534e41754609a37084d4,0,0,0,0,0,
20200730,MI,89781,8894,1723397,,totalTestsViral,1836584,727,,238,,153,,57502,7/30/2020 00:00,2020-07-30T00:00:00Z,07/29 20:00,6443,,,2020-07-30T00:00:00Z,1836584,113187,1723397,80887,6191,252,,,212732,,,,,,,,,,26,807,19138,1813178,16779,1813178,,21,0,d13c8f6266c1cb5c1463adf5e4ec03e69a648a1c,0,0,0,0,0,
20200729,MI,88974,8802,1704259,,totalTestsViral,1819805,670,,195,,135,,57502,7/29/2020 00:00,2020-07-29T00:00:00Z,07/28 20:00,6422,,,2020-07-29T00:00:00Z,1819805,115546,1704259,80172,6172,250,,,210763,,,,,,,,,,26,1016,64335,1793233,67930,1793233,,1,0,5a64310df21178ee5e1b302a4c1bb33eadebb0fc,0,0,0,0,0,
20200728,MI,87958,8782,1639924,,totalTestsViral,1751875,670,,195,,135,,57502,7/28/2020 00:00,2020-07-28T00:00:00Z,07/27 20:00,6421,,,2020-07-28T00:00:00Z,1751875,111951,1639924,79176,6170,251,,,209655,,,,,,,,,,26,785,26608,1727882,27983,1727882,,16,0,a167ee4dc6a4ea2b9b0d8824261c88f262beb345,0,0,0,0,0,
20200727,MI,87173,8666,1613316,,totalTestsViral,1723892,670,,195,,113,,57502,7/27/2020 00:00,2020-07-27T00:00:00Z,07/26 20:00,6405,,,2020-07-27T00:00:00Z,1723892,110576,1613316,78507,6154,251,,,208729,,,,,,,,,,26,512,29233,1700489,30180,1700489,,5,0,2ced7ecd827a49dadae3eabfc912876f7a72f42b,0,0,0,0,0,
20200726,MI,86661,8642,1584083,,totalTestsViral,1693712,680,,210,,113,,57502,7/26/2020 00:00,2020-07-26T00:00:00Z,07/25 20:00,6400,,,2020-07-26T00:00:00Z,1693712,109629,1584083,78019,6149,251,,,207540,,,,,,,,,,26,1589,54509,1670744,56695,1670744,,0,0,5a62dcccc0cbe9b8eac134fcd722c52cd7e1e703,0,0,0,0,0,
20200725,MI,85072,8531,1529574,,totalTestsViral,1637017,751,,215,,113,,55162,7/24/2020 00:00,2020-07-24T00:00:00Z,07/23 20:00,6400,,,2020-07-24T00:00:00Z,1637017,107443,1529574,76541,6151,249,,,204810,,,,,,,,,,26,0,0,1614646,0,1614646,,0,0,11b0c6d203b2981d16dd40bb25f915a7d9ec2ea0,0,0,0,0,0,
20200724,MI,85072,8531,1529574,,totalTestsViral,1637017,751,,215,,113,,55162,7/24/2020 00:00,2020-07-24T00:00:00Z,07/23 20:00,6400,,,2020-07-24T00:00:00Z,1637017,107443,1529574,76541,6151,249,,,204810,,,,,,,,,,26,641,27281,1614646,28357,1614646,,5,0,4480955b8fecb3dc7223d8c5bd66c4b61cfac3d8,0,0,0,0,0,
20200723,MI,84431,8484,1502293,,totalTestsViral,1608660,680,,210,,120,,55162,7/23/2020 00:00,2020-07-23T00:00:00Z,07/22 20:00,6395,,,2020-07-23T00:00:00Z,1608660,106367,1502293,75947,6148,247,,,202720,,,,,,,,,,26,701,26410,1586724,27375,1586724,,7,0,6f3572169595c217a9510b5f1c7c783a7d9c0c4a,0,0,0,0,0,
20200722,MI,83730,8482,1475883,,totalTestsViral,1581285,680,,210,,120,,55162,7/22/2020 00:00,2020-07-22T00:00:00Z,07/21 20:00,6388,,,2020-07-22T00:00:00Z,1581285,105402,1475883,75248,6141,247,,,200528,,,,,,,,,,26,671,29567,1559613,30588,1559613,,6,0,db8250f389d5bd69a00d36ce90693a09fea7d311,0,0,0,0,0,
20200721,MI,83059,8334,1446316,,totalTestsViral,1550697,680,,210,,130,,55162,7/21/2020 00:00,2020-07-21T00:00:00Z,07/20 20:00,6382,,,2020-07-21T00:00:00Z,1550697,104381,1446316,74725,6135,247,,,199230,,,,,,,,,,26,664,21922,1529375,22893,1529375,,9,0,a5331e6e884f157be0ac855b0320bcf3ff6c016e,0,0,0,0,0,
20200720,MI,82395,8243,1424394,,totalTestsViral,1527804,680,,210,,102,,55162,7/20/2020 00:00,2020-07-20T00:00:00Z,07/19 20:00,6373,,,2020-07-20T00:00:00Z,1527804,103410,1424394,74152,6126,247,,,198479,,,,,,,,,,26,527,21803,1506789,22600,1506789,,7,0,23ada96c32848fcdd874dc48861c50e16baf9ba9,0,0,0,0,0,
20200719,MI,81868,8205,1402591,,totalTestsViral,1505204,680,,201,,102,,55162,7/19/2020 00:00,2020-07-19T00:00:00Z,07/18 20:00,6366,,,2020-07-19T00:00:00Z,1505204,102613,1402591,73663,6119,247,,,197569,,,,,,,,,,26,530,27851,1484459,28819,1484459,,2,0,ff7daf1a0285d24459b7516489b9dc27deb2e9f9,0,0,0,0,0,
20200718,MI,81338,8158,1374740,,totalTestsViral,1476385,680,,201,,102,,55162,7/18/2020 00:00,2020-07-18T00:00:00Z,07/17 20:00,6364,,,2020-07-18T00:00:00Z,1476385,101645,1374740,73180,6117,247,,,195843,,,,,,,,,,26,745,29827,1456078,31024,1456078,,9,0,e23aaf9ab4fd02814de8fb27939836b84c5f55d2,0,0,0,0,0,
20200717,MI,80593,8091,1344913,,totalTestsViral,1445361,680,,201,,88,,53867,7/17/2020 00:00,2020-07-17T00:00:00Z,07/16 20:00,6355,,,2020-07-17T00:00:00Z,1445361,100448,1344913,72502,6108,247,,,192929,,,,,,,,,,26,754,29598,1425506,30559,1425506,,7,0,692eefefa2e9108610a74288b4d32f73a7c159b8,0,0,0,0,0,
20200716,MI,79839,7997,1315315,,totalTestsViral,1414802,680,,201,,107,,53867,7/16/2020 00:00,2020-07-16T00:00:00Z,07/15 20:00,6348,,,2020-07-16T00:00:00Z,1414802,99487,1315315,71842,6101,247,,,190043,,,,,,,,,,26,926,26309,1395154,27257,1395154,,18,0,772b6b0448ff10935a57831cb9e49d19118af529,0,0,0,0,0,
20200715,MI,78913,7716,1289006,,totalTestsViral,1387545,543,,184,,107,,53867,7/15/2020 00:00,2020-07-15T00:00:00Z,07/14 20:00,6330,,,2020-07-15T00:00:00Z,1387545,98539,1289006,71197,6085,245,,,187617,,,,,,,,,,26,1049,33084,1367919,34363,1367919,,4,0,7c6f1f6f699f0a8813dbd201f52af78497791ed5,0,0,0,0,0,
20200714,MI,77864,7558,1255922,,totalTestsViral,1353182,543,,184,,109,,53867,7/14/2020 00:00,2020-07-14T00:00:00Z,07/13 20:00,6326,,,2020-07-14T00:00:00Z,1353182,97260,1255922,70306,6081,245,,,186178,,,,,,,,,,26,666,19693,1333786,20515,1333786,,5,0,db7cda9a6f083f708221bc9eafe67f431fb35bec,0,0,0,0,0,
20200713,MI,77198,7476,1236229,,totalTestsViral,1332667,543,,184,,113,,53867,7/13/2020 00:00,2020-07-13T00:00:00Z,07/12 20:00,6321,,,2020-07-13T00:00:00Z,1332667,96438,1236229,69722,6075,246,,,185189,,,,,,,,,,26,422,16850,1313427,17362,1313427,,7,0,db221e7283900e986d8ce4b7c148362e3578daa2,0,0,0,0,0,
20200712,MI,76776,7438,1219379,,totalTestsViral,1315305,505,,174,,99,,53867,7/12/2020 00:00,2020-07-12T00:00:00Z,07/11 20:00,6314,,,2020-07-12T00:00:00Z,1315305,95926,1219379,69338,6068,246,,,183784,,,,,,,,,,26,406,21627,1296155,22354,1296155,,1,0,c6d3e6886482ebd9bac3090482be09241a1cf8c0,0,0,0,0,0,
20200711,MI,76370,7422,1197752,,totalTestsViral,1292951,505,,174,,99,,53867,7/11/2020 00:00,2020-07-11T00:00:00Z,07/10 20:00,6313,,,2020-07-11T00:00:00Z,1292951,95199,1197752,68948,6067,246,,,182310,,,,,,,,,,26,685,26632,1274122,27607,1274122,,28,0,de7f6f5805c04e3baba60104a2dc8ae791766bff,0,0,0,0,0,
20200710,MI,75685,7390,1171120,,totalTestsViral,1265344,505,,174,,92,,52841,7/10/2020 00:00,2020-07-10T00:00:00Z,07/09 20:00,6285,,,2020-07-10T00:00:00Z,1265344,94224,1171120,68295,6039,246,,,179789,,,,,,,,,,26,622,22630,1246805,23382,1246805,,14,0,31eb183935a4f04da2f1caa3dd4c3c815be7e354,0,0,0,0,0,
20200709,MI,75063,7380,1148490,,totalTestsViral,1241962,505,,174,,93,,52841,7/9/2020 00:00,2020-07-09T00:00:00Z,07/08 20:00,6271,,,2020-07-09T00:00:00Z,1241962,93472,1148490,67683,6024,247,,,177549,,,,,,,,,,26,512,23038,1223553,23909,1223553,,9,0,4b8c608b721bec3f6156d496ad2b772d5684cfa5,0,0,0,0,0,
20200708,MI,74551,7314,1125452,,totalTestsViral,1218053,505,,174,,93,,52841,7/8/2020 00:00,2020-07-08T00:00:00Z,07/07 20:00,6262,,,2020-07-08T00:00:00Z,1218053,92601,1125452,67237,6015,247,,,174840,,,,,,,,,,26,651,22841,1200003,23735,1200003,,11,0,eded44f0d67a0dc9c3b1b9f427429c69aacaaa69,0,0,0,0,0,
20200707,MI,73900,7273,1102611,,totalTestsViral,1194318,505,,174,,99,,52841,7/7/2020 00:00,2020-07-07T00:00:00Z,07/06 20:00,6251,,,2020-07-07T00:00:00Z,1194318,91707,1102611,66627,6005,246,,,173395,,,,,,,,,,26,631,16517,1176511,17071,1176511,,30,0,97d86b03332627f69738520de2ea0561de60ef87,0,0,0,0,0,
20200706,MI,73269,7096,1086094,,totalTestsViral,1177247,505,,174,,92,,52841,7/6/2020 00:00,2020-07-06T00:00:00Z,07/05 20:00,6221,,,2020-07-06T00:00:00Z,1177247,91153,1086094,66173,5975,246,,,172386,,,,,,,,,,26,328,12216,1159363,12581,1159363,,3,0,298246456684a9cb5644f92dccc3c69332c432ca,0,0,0,0,0,
20200705,MI,72941,7065,1073878,,totalTestsViral,1164666,548,,193,,92,,52841,7/5/2020 00:00,2020-07-05T00:00:00Z,07/04 20:00,6218,,,2020-07-05T00:00:00Z,1164666,90788,1073878,65876,5972,246,,,172203,,,,,,,,,,26,360,16305,1146819,16830,1146819,,0,0,c20ab48101cc2e1abf471848ccd790d7a7a77242,0,0,0,0,0,
20200704,MI,72581,7048,1057573,,totalTestsViral,1147836,548,,193,,92,,52841,7/4/2020 00:00,2020-07-04T00:00:00Z,07/03 20:00,6218,,,2020-07-04T00:00:00Z,1147836,90263,1057573,65533,5972,246,,,170893,,,,,,,,,,26,406,21483,1130154,22098,1130154,,3,0,6d6d1f441d17bf0fdeee77729d70de403909daef,0,0,0,0,0,
20200703,MI,72175,7040,1036090,,totalTestsViral,1125738,548,,193,,92,,51099,7/3/2020 00:00,2020-07-03T00:00:00Z,07/02 20:00,6215,,,2020-07-03T00:00:00Z,1125738,89648,1036090,65135,5969,246,,,168588,,,,,,,,,,26,497,22631,1108265,23326,1108265,,3,0,b7832e3501ee7cee5d6365358ffdb75d58538bec,0,0,0,0,0,
20200702,MI,71678,7003,1013459,,totalTestsViral,1102412,548,,193,,103,,51099,7/2/2020 00:00,2020-07-02T00:00:00Z,07/01 20:00,6212,,,2020-07-02T00:00:00Z,1102412,88953,1013459,64675,5966,246,,,165567,,,,,,,,,,26,589,22689,1085137,23423,1085137,,14,0,7e056e13799097386b6aab2d1ab1d9433e764918,0,0,0,0,0,
20200701,MI,71089,6957,990770,,totalTestsViral,1078989,471,,179,,103,,51099,7/1/2020 00:00,2020-07-01T00:00:00Z,06/30 20:00,6198,,,2020-07-01T00:00:00Z,1078989,88219,990770,64132,5951,247,,,162911,,,,,,,,,,26,361,16441,1061859,16873,1061859,,5,0,0c4b707f98ec0c9847c8686d7af72ae1526251a1,0,0,0,0,0,
20200630,MI,70728,6858,974329,,totalTestsViral,1062116,471,,179,,98,,51099,6/30/2020 00:00,2020-06-30T00:00:00Z,06/29 20:00,6193,,,2020-06-30T00:00:00Z,1062116,87787,974329,63870,5947,246,,,160431,,,,,,,,,,26,505,15177,1045057,15571,1045057,,32,0,b32d76aea77ba6ab26ba9b030cf27429f16f544b,0,0,0,0,0,
20200629,MI,70223,6726,959152,,totalTestsViral,1046545,557,,193,,106,,51099,6/29/2020 00:00,2020-06-29T00:00:00Z,06/28 20:00,6161,,,2020-06-29T00:00:00Z,1046545,87393,959152,63497,5915,246,,,158486,,,,,,,,,,26,277,12419,1029375,12725,1029375,,3,0,486fba7bc26269b6c001b0a6e2c799ef2d607730,0,0,0,0,0,
20200628,MI,69946,6685,946733,,totalTestsViral,1033820,557,,193,,106,,51099,6/28/2020 00:00,2020-06-28T00:00:00Z,06/27 20:00,6158,,,2020-06-28T00:00:00Z,1033820,87087,946733,63261,5912,246,,,156996,,,,,,,,,,26,267,15591,1016679,15965,1016679,,5,0,37ccfba63d7a136f4817eea785d6746b3a1cdea6,0,0,0,0,0,
20200627,MI,69679,6670,931142,,totalTestsViral,1017855,557,,193,,106,,51099,6/27/2020 00:00,2020-06-27T00:00:00Z,06/26 20:00,6153,,,2020-06-27T00:00:00Z,1017855,86713,931142,63009,5907,246,,,154909,,,,,,,,,,26,350,18765,1000821,19365,1000821,,19,0,2b55d95e1b32fc2546f4bda367ff9aafaba7f82e,0,0,0,0,0,
20200626,MI,69329,6634,912377,,totalTestsViral,998490,557,,193,,106,,49290,6/26/2020 00:00,2020-06-26T00:00:00Z,06/25 20:00,6134,,,2020-06-26T00:00:00Z,998490,86113,912377,62695,5888,246,,,151973,,,,,,,,,,26,340,18527,981706,19072,981706,,1,0,5555df6f23a1cd3dcd2c3835fcb2ed72c0794621,0,0,0,0,0,
20200625,MI,68989,6683,893850,,totalTestsViral,979418,557,,193,,115,,49290,6/25/2020 00:00,2020-06-25T00:00:00Z,06/24 20:00,6133,,,2020-06-25T00:00:00Z,979418,85568,893850,62306,5886,247,,,148912,,,,,,,,,,26,434,17600,962839,18050,962839,,19,0,594e92a2cc84135fcd8cd6384766d8147c0eb05c,0,0,0,0,0,
20200624,MI,68555,6602,876250,,totalTestsViral,961368,557,,209,,124,,49290,6/24/2020 00:00,2020-06-24T00:00:00Z,06/23 20:00,6114,,,2020-06-24T00:00:00Z,961368,85118,876250,61953,5868,246,,,146035,,,,,,,,,,26,358,15779,944805,16159,944805,,5,0,24b14d5a9f5da4a9197e2a7d67f64ebae1d0be6e,0,0,0,0,0,
20200623,MI,68197,6567,860471,,totalTestsViral,945209,557,,209,,99,,49290,6/23/2020 00:00,2020-06-23T00:00:00Z,06/22 20:00,6109,,,2020-06-23T00:00:00Z,945209,84738,860471,61630,5864,245,,,144088,,,,,,,,,,26,240,10411,928668,10664,928668,,12,0,5974e1e89996920b2a39af319b7bbc10c4fa71bd,0,0,0,0,0,
20200622,MI,67957,6548,850060,,totalTestsViral,934545,557,,209,,99,,49290,6/21/2020 00:00,2020-06-21T00:00:00Z,06/20 20:00,6097,,,2020-06-21T00:00:00Z,934545,84485,850060,61409,5853,244,,,143099,,,,,,,,,,26,246,10345,918017,10584,918017,,7,0,f83251edb2aea46dfd574c6dfa22c59a8622ae11,0,0,0,0,0,
20200621,MI,67711,6481,839715,,totalTestsViral,923961,557,,209,,99,,49290,6/21/2020 00:00,2020-06-21T00:00:00Z,06/20 20:00,6090,,,2020-06-21T00:00:00Z,923961,84246,839715,61230,5846,244,,,141941,,,,,,,,,,26,166,12626,907426,12933,907426,,3,0,26ebcf326fd8f5f4db2787d2af178cd9f1fad437,0,0,0,0,0,
20200620,MI,67545,6461,827089,,totalTestsViral,911028,557,,209,,99,,49290,6/20/2020 00:00,2020-06-20T00:00:00Z,06/19 20:00,6087,,,2020-06-20T00:00:00Z,911028,83939,827089,61084,5843,244,,,140185,,,,,,,,,,26,448,14258,894634,14646,894634,,20,0,0d0e577a7e75d96064db82e14d18c02e9de7c42c,0,0,0,0,0,
20200619,MI,67097,6268,812831,,totalTestsViral,896382,557,,209,,99,,44964,6/19/2020 00:00,2020-06-19T00:00:00Z,06/18 20:00,6067,,,2020-06-19T00:00:00Z,896382,83551,812831,60829,5823,244,,,137858,,,,,,,,,,26,299,29443,879928,30105,879928,,6,0,ac6c47d6c5fc12a292f7adb764002df8a59dae3f,0,0,0,0,0,
20200618,MI,66798,6180,783388,,totalTestsViral,866277,557,,209,,101,,44964,6/18/2020 00:00,2020-06-18T00:00:00Z,06/17 20:00,6061,,,2020-06-18T00:00:00Z,866277,82889,783388,60618,5818,243,,,132227,,,,,,,,,,26,301,0,850186,0,850186,,25,0,10159e3c7fd5022b412c25518f2df88f331ce2fc,0,0,0,0,0,
20200617,MI,66497,6104,783388,,totalTestsViral,866277,562,,210,,131,,44964,6/17/2020 00:00,2020-06-17T00:00:00Z,06/16 20:00,6036,,,2020-06-17T00:00:00Z,866277,82889,783388,60393,5792,244,,,132227,,,,,,,,,,26,228,14123,849885,14447,849885,,2,0,d578435fda028365988f71fa116b940783b7609c,0,0,0,0,0,
20200616,MI,66269,6080,769265,,totalTestsViral,851830,562,,210,,131,,44964,6/16/2020 00:00,2020-06-16T00:00:00Z,06/15 20:00,6034,,,2020-06-16T00:00:00Z,851830,82565,769265,60189,5790,244,,,130254,,,,,,,,,,26,184,11313,835534,11964,835534,,17,0,18bef60bed11be18bdfdbc7e0a50455235cb09e7,0,0,0,0,0,
20200615,MI,66085,6021,757952,,totalTestsViral,839866,562,,210,,139,,44964,6/15/2020 00:00,2020-06-15T00:00:00Z,06/14 20:00,6017,,,2020-06-15T00:00:00Z,839866,82274,757952,60064,5772,245,,,128657,,,,,,,,,,26,31,10508,824037,10343,824037,,1,0,dc224e344d3cd64f27bb4e24f873c780cb1d34a9,0,0,0,0,0,
20200614,MI,66054,6064,747444,,totalTestsViral,829523,636,,253,,139,,44964,6/14/2020 00:00,2020-06-14T00:00:00Z,06/13 20:00,6016,,,2020-06-14T00:00:00Z,829523,82079,747444,59990,5771,245,,,127842,,,,,,,,,,26,218,13797,813498,14149,813498,,3,0,4fce64fb1102edd122e2f94cd957afa2f46d06da,0,0,0,0,0,
20200613,MI,65836,6035,733647,,totalTestsViral,815374,636,,253,,139,,44964,6/13/2020 00:00,2020-06-13T00:00:00Z,06/12 20:00,6013,,,2020-06-13T00:00:00Z,815374,81727,733647,59801,5768,245,,,125950,,,,,,,,,,26,164,13032,799483,13338,799483,,23,0,d792895c832a163473a612fda439a9b2142e729b,0,0,0,0,0,
20200612,MI,65672,6051,720615,,totalTestsViral,802036,636,,253,,139,,42041,6/12/2020 00:00,2020-06-12T00:00:00Z,06/11 20:00,5990,,,2020-06-12T00:00:00Z,802036,81421,720615,59621,5745,245,,,122843,,,,,,,,,,26,223,15544,786287,15882,786287,,5,0,8cf8f0202986d137342f437102d6f55146578adf,0,0,0,0,0,
20200611,MI,65449,5953,705071,,totalTestsViral,786154,661,,249,,150,,42041,6/11/2020 00:00,2020-06-11T00:00:00Z,06/10 20:00,5985,,,2020-06-11T00:00:00Z,786154,81083,705071,59496,5738,247,,,120796,,,,,,,,,,26,267,14202,770520,14602,770520,,33,0,9eabee3defba3a7c9ed091be695e73ab4f422bdc,0,0,0,0,0,
20200610,MI,65182,5904,690869,,totalTestsViral,771552,661,,249,,150,,42041,6/10/2020 00:00,2020-06-10T00:00:00Z,06/09 20:00,5952,,,2020-06-10T00:00:00Z,771552,80683,690869,59278,5708,244,,,116586,,,,,,,,,,26,15,0,756051,0,756051,,1,0,d96bcbd1a2bccb7c8da3501bafdcda6788788c21,0,0,0,0,0,
20200609,MI,65167,5902,690869,,totalTestsViral,771552,661,,249,,150,,42041,6/9/2020 00:00,2020-06-09T00:00:00Z,06/08 20:00,5951,,,2020-06-09T00:00:00Z,771552,80683,690869,59265,5708,244,,,116586,,,,,,,,,,26,63,16809,756036,17144,756036,,9,0,2121e0114cb7705a4fcc4bb526c12c6b6cabafbf,0,0,0,0,0,
20200608,MI,65104,5893,674060,,totalTestsViral,754408,661,,249,,191,,42041,6/8/2020 00:00,2020-06-08T00:00:00Z,06/07 20:00,5942,,,2020-06-08T00:00:00Z,754408,80348,674060,59211,5707,244,,,114914,,,,,,,,,,26,135,12804,739164,13040,739164,,15,0,e80d6474c127b20130783190a1626f63c5739633,0,0,0,0,0,
20200607,MI,64969,5862,661256,,totalTestsViral,741368,864,,315,,191,,42041,6/7/2020 00:00,2020-06-07T00:00:00Z,06/06 20:00,5927,,,2020-06-07T00:00:00Z,741368,80112,661256,59107,5698,244,,,113451,,,,,,,,,,26,55,10314,726225,10531,726225,,11,0,80cf64296fe3c33b30a49edf5476cd121ec512a0,0,0,0,0,0,
20200606,MI,64914,5841,650942,,totalTestsViral,730837,864,,315,,191,,42041,6/6/2020 00:00,2020-06-06T00:00:00Z,06/05 20:00,5916,,,2020-06-06T00:00:00Z,730837,79895,650942,59073,5683,244,,,111125,,,,,,,,,,26,93,10492,715856,10749,715856,,7,0,e3345af4013fd42855e26f5b0bc630ad47e6c130,0,0,0,0,0,
20200605,MI,64821,5820,640450,,totalTestsViral,720088,617,,321,,205,,38099,6/5/2020 00:00,2020-06-05T00:00:00Z,06/04 20:00,5909,,,2020-06-05T00:00:00Z,720088,79638,640450,59001,5672,244,,,104273,,,,,,,,,,26,205,12543,705271,12958,705271,,8,0,0ae4c66bdf2be9e5e83fb1f2d42e2679112ab39e,0,0,0,0,0,
20200604,MI,64616,5738,627907,,totalTestsViral,707130,617,,321,,205,,38099,6/4/2020 11:00,2020-06-04T11:00:00Z,06/04 07:00,5901,,,2020-06-04T11:00:00Z,707130,79223,627907,58878,5665,244,,,101172,,,,,,,,,,26,234,14734,692523,15114,692523,,17,0,0b10b3c1c0288502ba9d65323bfb93bd91113527,0,0,0,0,0,
20200603,MI,64382,5622,613173,,totalTestsViral,692016,646,,328,,224,,38099,6/3/2020 11:00,2020-06-03T11:00:00Z,06/03 07:00,5884,,,2020-06-03T11:00:00Z,692016,78843,613173,58760,5657,243,,,98953,,,,,,,,,,26,279,16101,677555,16696,677555,,15,0,c16a8637dbaf270a05542bd9b7d4131e03f86a29,0,0,0,0,0,
20200602,MI,64103,5509,597072,,totalTestsViral,675320,674,,346,,240,,38099,6/2/2020 11:00,2020-06-02T11:00:00Z,06/02 07:00,5869,,,2020-06-02T11:00:00Z,675320,78248,597072,58594,5641,242,,,97108,,,,,,,,,,26,290,15648,661175,16167,661175,,26,0,7c362ee7eea1edd178fe7f14f7489201e4829364,0,0,0,0,0,
20200601,MI,63813,5396,581424,,totalTestsViral,659153,674,,346,,240,,38099,6/1/2020 11:00,2020-06-01T11:00:00Z,06/01 07:00,5843,,,2020-06-01T11:00:00Z,659153,77729,581424,58417,5627,242,,,67783,,,,,,,,,,26,245,14232,645237,14634,645237,,25,0,ab0bfe0f3f099923f82fa8d0db3ca380442c931a,0,0,0,0,0,
20200531,MI,63568,5314,567192,,totalTestsViral,644519,774,,371,,250,,38099,5/31/2020 11:00,2020-05-31T11:00:00Z,05/31 07:00,5818,,,2020-05-31T11:00:00Z,644519,77327,567192,58254,5601,240,,,67783,,,,,,,,,,26,247,12683,630760,13152,630760,,16,0,62f07cee67605a0a9d91424aceea73bd73d8c350,0,0,0,0,0,
20200530,MI,63321,5256,554509,,totalTestsViral,631367,774,,371,,250,,38099,5/30/2020 11:00,2020-05-30T11:00:00Z,05/30 07:00,5802,,,2020-05-30T11:00:00Z,631367,76858,554509,58065,5578,240,,,67783,,,,,,,,,,26,205,15641,617830,16229,617830,,24,0,9e9285e7a6e2d428f072b5e3962c329a2ec3ed4a,0,0,0,0,0,
20200529,MI,63116,5212,538868,,totalTestsViral,615138,774,,371,,250,,33168,5/29/2020 00:00,2020-05-29T00:00:00Z,05/28 20:00,5778,,,2020-05-29T00:00:00Z,615138,76270,538868,57904,5562,240,,,67783,,,,,,,,,,26,319,16205,601984,17310,601984,,27,0,8f211cdf2893b780e3efa2cb0efbf00e0531d149,0,0,0,0,0,
20200528,MI,62797,5102,522663,,totalTestsViral,597828,860,,405,,251,,33168,5/28/2020 11:00,2020-05-28T11:00:00Z,05/28 07:00,5751,,,2020-05-28T11:00:00Z,597828,75165,522663,57695,5538,240,,,67783,,,,,,,,,,26,336,17054,585460,18146,585460,,24,0,2dfd5d840c70881534a8bf9c550b5c5bf1a5202e,0,0,0,0,0,
20200527,MI,62461,4984,505609,,totalTestsViral,579682,882,,388,,272,,33168,5/27/2020 11:00,2020-05-27T11:00:00Z,05/27 07:00,5727,,,2020-05-27T11:00:00Z,579682,74073,505609,57477,5511,240,,,67783,,,,,,,,,,26,386,17703,568070,18587,568070,,24,0,0efed467b8d0e197b1ccef916645282bd5085c14,0,0,0,0,0,
20200526,MI,62075,4870,487906,,totalTestsViral,561095,953,,449,,319,,33168,5/26/2020 11:00,2020-05-26T11:00:00Z,05/26 07:00,5703,,,2020-05-26T11:00:00Z,561095,73189,487906,57205,5487,240,,,67783,,,,,,,,,,26,443,11581,549981,11988,549981,,25,0,ec8624e3e52b1d30516fca429d003c736e437c44,0,0,0,0,0,
20200525,MI,61632,4740,476325,,totalTestsViral,549107,953,,449,,319,,33168,5/25/2020 11:00,2020-05-25T11:00:00Z,05/25 07:00,5678,,,2020-05-25T11:00:00Z,549107,72782,476325,56892,5463,238,,,67783,,,,,,,,,,26,175,9238,537957,9557,537957,,38,0,0c4a20c4154e5f2c530b0a08b3ca34d4e6ba820c,0,0,0,0,0,
20200524,MI,61457,4716,467087,,totalTestsViral,539550,953,,449,,319,,33168,5/24/2020 11:00,2020-05-24T11:00:00Z,05/24 07:00,5640,,,2020-05-24T11:00:00Z,539550,72463,467087,56741,5440,238,,,61973,,,,,,,,,,26,164,11531,528544,11929,528544,,28,0,6797c0c5bcdba3998351a31f0367cca230354727,0,0,0,0,0,
20200523,MI,61293,4681,455556,,totalTestsViral,527621,953,,449,,319,,33168,5/22/2020 11:00,2020-05-22T11:00:00Z,05/22 07:00,5612,,,2020-05-22T11:00:00Z,527621,72065,455556,56612,5402,237,,,61973,,,,,,,,,,26,218,14274,516849,14869,516849,,26,0,38ff9409af8cef237018d71172e088d3cbb61947,0,0,0,0,0,
20200522,MI,61075,4630,441282,,totalTestsViral,512752,955,,470,,348,,28234,5/22/2020 11:00,2020-05-22T11:00:00Z,05/22 07:00,5586,,,2020-05-22T11:00:00Z,512752,71470,441282,56445,5375,237,,,,,,,,,,,,,26,465,19494,502357,20340,502357,,31,0,c062a6f0b1edee7ff24a204b7b6e3b1387fbfae1,0,0,0,0,0,
20200521,MI,60610,4478,421788,,totalTestsViral,492412,1054,,472,,361,,28234,5/21/2020 11:00,2020-05-21T11:00:00Z,05/21 07:00,5555,,,2020-05-21T11:00:00Z,492412,70624,421788,56132,5349,237,,,,,,,,,,,,,26,459,15940,482398,16698,482398,,41,0,bc0414b62e3acd533fd433fe10f821d3ee95de6f,0,0,0,0,0,
20200520,MI,60151,4313,405848,,totalTestsViral,475714,1066,,492,,332,,28234,5/20/2020 11:00,2020-05-20T11:00:00Z,05/20 07:00,5514,,,2020-05-20T11:00:00Z,475714,69866,405848,55838,5318,236,,,,,,,,,,,,,26,575,13640,465999,14349,465999,,44,0,dff3d0a06b87aa4961862ef4d327f0eee67b0944,0,0,0,0,0,
20200519,MI,59576,4115,392208,,totalTestsViral,461365,1079,,486,,351,,28234,5/19/2020 11:00,2020-05-19T11:00:00Z,05/19 07:00,5470,,,2020-05-19T11:00:00Z,461365,69157,392208,55461,5278,233,,,,,,,,,,,,,26,764,16093,451784,17060,451784,,43,0,04e5ff99a4a5bb37d0fe506662f23eddb8d89d38,0,0,0,0,0,
20200518,MI,58812,3940,376115,,totalTestsViral,444305,1075,,473,,418,,28234,5/18/2020 11:00,2020-05-18T11:00:00Z,05/18 07:00,5427,,,2020-05-18T11:00:00Z,444305,68190,376115,54872,5237,233,,,,,,,,,,,,,26,534,12567,434927,13503,434927,,31,0,9a7decc83ae75971c637c049f312ac26c214fa44,0,0,0,0,0,
20200517,MI,58278,3821,363548,,totalTestsViral,430802,1114,,488,,434,,28234,5/16/2020 11:00,2020-05-16T11:00:00Z,05/16 07:00,5396,,,2020-05-16T11:00:00Z,430802,67254,363548,54457,5194,233,,,,,,,,,,,,,26,255,10392,421826,11436,421826,,39,0,89ef8130020b72d9562b6e3d34cd77dd61b430d4,0,0,0,0,0,
20200516,MI,58023,3777,353156,,totalTestsViral,419366,1256,,532,,440,,28234,5/16/2020 11:00,2020-05-16T11:00:00Z,05/16 07:00,5357,,,2020-05-16T11:00:00Z,419366,66210,353156,54246,5163,233,,,,,,,,,,,,,26,336,11329,411179,12186,411179,,32,0,553a48f0cde378395991bc1a3e97b15c90259929,0,0,0,0,0,
20200515,MI,57687,3731,341827,,totalTestsViral,407180,1256,,532,,440,,22686,5/14/2020 11:00,2020-05-14T11:00:00Z,05/14 07:00,5325,,,2020-05-14T11:00:00Z,407180,65353,341827,53956,5124,233,,,,,,,,,,,,,26,651,15170,399514,16004,399514,,47,0,193e064d7aa4de4debbc892f8715252623f4d829,0,0,0,0,0,
20200514,MI,57036,3585,326657,,totalTestsViral,391176,1330,,653,,515,,22686,5/14/2020 11:00,2020-05-14T11:00:00Z,05/14 07:00,5278,,,2020-05-14T11:00:00Z,391176,64519,326657,53451,5092,232,,,,,,,,,,,,,26,578,16415,383693,17692,383693,,46,0,f9beabec22bcf4460f96dbe22f8ff948e1f96588,0,0,0,0,0,
20200513,MI,56458,3428,310242,,totalTestsViral,373484,1384,,693,,525,,22686,5/13/2020 11:00,2020-05-13T11:00:00Z,05/13 07:00,5232,,,2020-05-13T11:00:00Z,373484,63242,310242,53030,5046,231,,,,,,,,,,,,,26,817,18541,366700,19575,366700,,44,0,108378e2d164962ce15f188e1631dbd28906e0cb,0,0,0,0,0,
20200512,MI,55641,3242,291701,,totalTestsViral,353909,1384,,693,,525,,22686,5/12/2020 11:00,2020-05-12T11:00:00Z,05/12 07:00,5188,,,2020-05-12T11:00:00Z,353909,62208,291701,52399,5001,230,,,,,,,,,,,,,26,1637,13408,347342,14066,347342,,49,0,beb7f887ce0a80b3c9f3209401239de1793864ff,0,0,0,0,0,
20200511,MI,54004,3079,278293,,totalTestsViral,339843,1424,,685,,557,,22686,5/11/2020 11:00,2020-05-11T11:00:00Z,05/11 07:00,5139,,,2020-05-11T11:00:00Z,339843,61550,278293,50925,4958,228,,,,,,,,,,,,,26,971,10876,332297,11509,332297,,58,0,6e1999ab8e16676bbb008c62851a36d97c7742fd,0,0,0,0,0,
20200510,MI,53033,2904,267417,,totalTestsViral,328334,1437,,674,,536,,22686,5/10/2020 11:00,2020-05-10T11:00:00Z,05/10 07:00,5081,,,2020-05-10T11:00:00Z,328334,60917,267417,50129,4911,228,,,,,,,,,,,,,26,301,8152,320450,8654,320450,,45,0,fb8a9979bffdfaadfcf624398d3d8b19c7d77625,0,0,0,0,0,
20200509,MI,52732,2861,259265,,totalTestsViral,319680,1531,,683,,539,,22686,5/9/2020 11:00,2020-05-09T11:00:00Z,05/09 07:00,5036,,,2020-05-09T11:00:00Z,319680,60415,259265,49871,4853,227,,,,,,,,,,,,,26,383,11123,311997,11879,311997,,49,0,cf3f1ae6f08a14090e492cad4b3449ba476c2b64,0,0,0,0,0,
20200508,MI,52349,2784,248142,,totalTestsViral,307801,1637,,725,,570,,15659,5/8/2020 11:00,2020-05-08T11:00:00Z,05/08 07:00,4987,,,2020-05-08T11:00:00Z,307801,59659,248142,49565,4809,215,,,,,,,,,,,,,26,618,11958,300491,12785,300491,,62,0,128277224b523afa8fc6cc42e88afa48b7126e76,0,0,0,0,0,
20200507,MI,51731,2667,236184,,totalTestsViral,295016,1697,,753,,612,,15659,5/7/2020 11:00,2020-05-07T11:00:00Z,05/07 07:00,4925,,,2020-05-07T11:00:00Z,295016,58832,236184,49064,4772,211,,,,,,,,,,,,,26,600,11621,287915,12565,287915,,86,0,1fea767bf7519c7ca498afa595e695bc7a274ba9,0,0,0,0,0,
20200506,MI,51131,2559,224563,,totalTestsViral,282451,1818,,794,,617,,15659,5/6/2020 11:00,2020-05-06T11:00:00Z,05/06 07:00,4839,,,2020-05-06T11:00:00Z,282451,57888,224563,48572,4714,209,,,,,,,,,,,,,26,634,11472,275694,12496,275694,,58,0,25f23d1483de73e8bffe15d47b69a198699633ce,0,0,0,0,0,
20200505,MI,50497,2463,213091,,totalTestsViral,269955,1948,,839,,670,,15659,5/5/2020 11:00,2020-05-05T11:00:00Z,05/05 07:00,4781,,,2020-05-05T11:00:00Z,269955,56864,213091,48034,4630,208,,,,,,,,,,,,,26,688,10420,263588,11419,263588,,59,0,c8fb079e4682de1dacd4105945b91f090dc647f2,0,0,0,0,0,
20200504,MI,49809,2358,202671,,totalTestsViral,258536,1948,,839,,670,,15659,5/3/2020 11:00,2020-05-03T11:00:00Z,05/03 07:00,4722,,,2020-05-03T11:00:00Z,258536,55865,202671,47451,4573,206,,,,,,,,,,,,,26,780,7310,252480,7947,252480,,81,0,b2001115cec92850f230e2fc39a19f80f57c3901,0,0,0,0,0,
20200503,MI,49029,2246,195361,,totalTestsViral,250589,2100,,850,,713,,15659,5/3/2020 11:00,2020-05-03T11:00:00Z,05/03 07:00,4641,,,2020-05-03T11:00:00Z,250589,55228,195361,46783,4516,205,,,,,,,,,,,,,26,357,6648,244390,7223,244390,,62,0,9a2380b4e23eea169f6464bccee97e70a00839a5,0,0,0,0,0,
20200502,MI,48672,2217,188713,,totalTestsViral,243366,2100,,850,,713,,15659,5/2/2020 11:00,2020-05-02T11:00:00Z,05/02 07:00,4579,,,2020-05-02T11:00:00Z,243366,54653,188713,46455,4436,203,,,,,,,,,,,,,26,432,9906,237385,10838,237385,,59,0,152b76cd12ebaf48c449cbcb35ca26534801a46d,0,0,0,0,0,
20200501,MI,48240,2168,178807,,totalTestsViral,232528,2319,,966,,760,,8342,5/1/2020 11:00,2020-05-01T11:00:00Z,05/01 07:00,4520,,,2020-05-01T11:00:00Z,232528,53721,178807,46072,4376,203,,,,,,,,,,,,,26,735,9863,227047,10950,227047,,86,0,fe1893032daf935b63c2ca9b926205cade8c457a,0,0,0,0,0,
20200430,MI,47505,2099,168944,,totalTestsViral,221578,2319,,966,,760,,8342,4/30/2020 11:00,2020-04-30T11:00:00Z,04/30 07:00,4434,,,2020-04-30T11:00:00Z,221578,52634,168944,45406,4317,202,,,,,,,,,,,,,26,1017,10571,216449,11723,216449,,99,0,306f95f55f6b96f73cbf45502eae9f83ecd094b1,0,0,0,0,0,
20200429,MI,46488,1980,158373,,totalTestsViral,209855,2498,,997,,778,,8342,4/29/2020 11:00,2020-04-29T11:00:00Z,04/29 07:00,4335,,,2020-04-29T11:00:00Z,209855,51482,158373,44508,4232,199,,,,,,,,,,,,,26,950,9463,204861,10649,204861,,88,0,22e3912637a6028220868929eb739e9cdef3ec02,0,0,0,0,0,
20200428,MI,45538,1904,148910,,totalTestsViral,199206,2623,,1027,,801,,8342,4/28/2020 11:00,2020-04-28T11:00:00Z,04/28 07:00,4247,,,2020-04-28T11:00:00Z,199206,50296,148910,43634,4136,198,,,,,,,,,,,,,26,829,7938,194448,9050,194448,,99,0,dcf2ba5869379fbe4c9388d6c3c4fdf869378c9b,0,0,0,0,0,
20200427,MI,44709,1824,140972,,totalTestsViral,190156,2667,,1059,,832,,8342,4/27/2020 11:00,2020-04-27T11:00:00Z,04/27 07:00,4148,,,2020-04-27T11:00:00Z,190156,49184,140972,42885,4049,191,,,,,,,,,,,,,26,920,6541,185681,7399,185681,,112,0,c34764d1ff35c32c9bae1fdd552ade64d8a69548,0,0,0,0,0,
20200426,MI,43789,1762,134431,,totalTestsViral,182757,2757,,1099,,871,,8342,4/26/2020 11:00,2020-04-26T11:00:00Z,04/26 07:00,4036,,,2020-04-26T11:00:00Z,182757,48326,134431,42027,3957,190,,,,,,,,,,,,,26,526,5476,178220,6094,178220,,107,0,09beb066c1989bf27e1bf88202c413298e307c32,0,0,0,0,0,
20200425,MI,43263,1715,128955,,totalTestsViral,176663,2889,,1164,,934,,8342,4/25/2020 11:00,2020-04-25T11:00:00Z,04/25 07:00,3929,,,2020-04-25T11:00:00Z,176663,47708,128955,41548,3846,184,,,,,,,,,,,,,26,533,5901,172218,6721,172218,,111,0,555d7577da90dc1d9d8c516b35aef39529e9d068,0,0,0,0,0,
20200424,MI,42730,1664,123054,,totalTestsViral,169942,3022,,1176,,965,,3237,4/24/2020 11:00,2020-04-24T11:00:00Z,04/24 07:00,3818,,,2020-04-24T11:00:00Z,169942,46888,123054,41066,3745,182,,,,,,,,,,,,,26,1036,8049,165784,9089,165784,,107,0,3532a3c440f7abf00688867a9f668b5187942f4e,0,0,0,0,0,
20200423,MI,41694,1549,115005,,totalTestsViral,160853,3611,,1148,,1027,,3237,4/23/2020 16:00,2020-04-23T16:00:00Z,04/23 12:00,3711,,,2020-04-23T16:00:00Z,160853,45848,115005,40145,3636,180,,,,,,,,,,,,,26,989,8352,156699,9699,156699,,109,0,f7e8b337f0dc2d5ff08f78073f64c0828f87cb27,0,0,0,0,0,
20200422,MI,40705,1438,106653,,totalTestsViral,151154,3305,,1350,,1065,,3237,4/22/2020 11:00,2020-04-22T11:00:00Z,04/22 07:00,3602,,,2020-04-22T11:00:00Z,151154,44501,106653,39267,3531,174,,,,,,,,,,,,,26,1116,6986,147358,8341,147358,,131,0,43768851beac1afd2a7373f2d920b33bc66aa19d,0,0,0,0,0,
20200421,MI,39589,1381,99667,,totalTestsViral,142813,3357,,1346,,1107,,3237,4/21/2020 11:00,2020-04-21T11:00:00Z,04/21 07:00,3471,,,2020-04-21T11:00:00Z,142813,43146,99667,38208,3428,171,,,,,,,,,,,,,26,1095,6274,139256,7609,139256,,124,0,8a29be9470369c7d034db7ea42518c9137fc263b,0,0,0,0,0,
20200420,MI,38494,1324,93393,,totalTestsViral,135204,3374,,1346,,1102,,3237,4/20/2020 11:00,2020-04-20T11:00:00Z,04/20 07:00,3347,,,2020-04-20T11:00:00Z,135204,41811,93393,37170,3300,169,,,,,,,,,,,,,26,937,3635,131887,4527,131887,,111,0,e893c3d2b1cbecd06a1d2e751a5375ba7a4eec5e,0,0,0,0,0,
20200419,MI,37557,1264,89758,,totalTestsViral,130677,3403,,1344,,1115,,3237,4/19/2020 11:00,2020-04-19T11:00:00Z,04/19 07:00,3236,,,2020-04-19T11:00:00Z,130677,40919,89758,36293,3178,160,,,,,,,,,,,,,26,528,2644,127315,3286,127315,,129,0,9f285de24f382046a9dab470ca5d473187907546,0,0,0,0,0,
20200418,MI,37029,1240,87114,,totalTestsViral,127391,3634,,1423,,1203,,3237,4/18/2020 11:00,2020-04-18T11:00:00Z,04/18 07:00,3107,,,2020-04-18T11:00:00Z,127391,40277,87114,35789,3076,152,,,,,,,,,,,,,26,709,3846,124143,4884,124143,,123,0,488ec770e1ac280c918cccae13751e3d4917f04e,0,0,0,0,0,
20200417,MI,36320,1202,83268,,totalTestsViral,122507,3674,,1428,,1167,,629,4/17/2020 11:00,2020-04-17T11:00:00Z,04/17 07:00,2984,,,2020-04-17T11:00:00Z,122507,39239,83268,35118,2955,148,,,,,,,,,,,,,26,865,4994,119588,6067,119588,,143,0,c75728110f59f663147c495f765564077165c02e,0,0,0,0,0,
20200416,MI,35455,1157,78274,,totalTestsViral,116440,3809,,1447,,1211,,617,4/16/2020 11:00,2020-04-16T11:00:00Z,04/16 07:00,2841,,,2020-04-16T11:00:00Z,116440,38166,78274,34298,2836,140,,,,,,,,,,,,,26,922,4446,113729,5674,113729,,169,0,418de3e9e42dd6535b4b621a5b21d9458bf3725f,0,0,0,0,0,
20200415,MI,34533,1085,73828,,totalTestsViral,110766,3918,,1468,,1212,,452,4/15/2020 11:00,2020-04-15T11:00:00Z,04/15 07:00,2672,,,2020-04-15T11:00:00Z,110766,36938,73828,33448,2701,135,,,,,,,,,,,,,26,920,3153,108361,4583,108361,,140,0,8a8490505b00c53db8344d2dda4b8c8f65064e3e,0,0,0,0,0,
20200414,MI,33613,1041,70675,,totalTestsViral,106183,3910,,1497,,1235,,452,4/14/2020 11:00,2020-04-14T11:00:00Z,04/14 07:00,2532,,,2020-04-14T11:00:00Z,106183,35508,70675,32572,2537,131,,,,,,,,,,,,,26,911,3612,104288,5000,104288,,141,0,d67b09bf42b1c01ea3f4d1c820d05d5fcfa7d759,0,0,0,0,0,
20200413,MI,32702,987,67063,,totalTestsViral,101183,3986,,1570,,1365,,447,4/13/2020 11:00,2020-04-13T11:00:00Z,04/13 07:00,2391,,,2020-04-13T11:00:00Z,101183,34120,67063,31715,2401,122,,,,,,,,,,,,,26,1036,2508,99765,3590,99765,,142,0,7dc92d58dc77c2a74130e02d7f319a65055db8c1,0,0,0,0,0,
20200412,MI,31666,939,64555,,totalTestsViral,97593,3636,,1582,,1441,,433,4/12/2020 11:00,2020-04-12T11:00:00Z,04/12 07:00,2249,,,2020-04-12T11:00:00Z,97593,33038,64555,30727,2269,113,,,,,,,,,,,,,26,686,2314,96221,3286,96221,,168,0,006ff5ef4b644bfd3aeebccf60a9a547cc7c0be6,0,0,0,0,0,
20200411,MI,30980,895,62241,,totalTestsViral,94307,3636,,1582,,1441,,595,4/11/2020 11:00,2020-04-11T11:00:00Z,04/11 07:00,2081,,,2020-04-11T11:00:00Z,94307,32066,62241,30085,2136,103,,,,,,,,,,,,,26,808,2644,93221,3755,93221,,164,0,74b21e0a0f68a185edac90f0276e39b5ee9ff470,0,0,0,0,0,
20200410,MI,30172,845,59597,,totalTestsViral,90552,3823,,1663,,1394,,56,4/10/2020 11:00,2020-04-10T11:00:00Z,04/10 07:00,1917,,,2020-04-10T11:00:00Z,90552,30955,59597,29327,1978,95,,,,,,,,,,,,,26,1076,3167,89769,4580,89769,,161,0,6f46616ba799437ccbfd7cccc2409d11a1b15855,0,0,0,0,0,
20200409,MI,29096,793,56430,,totalTestsViral,85972,3826,,1628,,1434,,56,4/9/2020 11:00,2020-04-09T11:00:00Z,04/09 07:00,1756,,,2020-04-09T11:00:00Z,85972,29542,56430,28303,1822,88,,,,,,,,,,,,,26,1032,3254,85526,4786,85526,,156,0,9db33217548b09bb61fca45286a5dffb9e24ee4c,0,0,0,0,0,
20200408,MI,28064,730,53176,,totalTestsViral,81186,,,,,,,56,4/8/2020 11:00,2020-04-08T11:00:00Z,04/08 07:00,1600,,,2020-04-08T11:00:00Z,81186,28010,53176,27334,1668,78,,,,,,,,,,,,,26,1100,2832,81240,4053,81240,,151,0,c1bbf59fd9fc0b68f327ee197de0f031838f448b,0,0,0,0,0,
20200407,MI,26964,674,50344,,totalTestsViral,77133,,,,,,,56,4/7/2020 11:00,2020-04-07T11:00:00Z,04/07 07:00,1449,,,2020-04-07T11:00:00Z,77133,26789,50344,26290,1522,72,,,,,,,,,,,,,26,1179,3082,77308,4852,77308,,158,0,ef4502f05350a68790ac6cd9a7208b31f3f5b495,0,0,0,0,0,
20200406,MI,25785,599,47262,,totalTestsViral,72281,,,,,,,56,4/6/2020 11:00,2020-04-06T11:00:00Z,04/06 07:00,1291,,,2020-04-06T11:00:00Z,72281,25019,47262,25186,1377,66,,,,,,,,,,,,,26,1327,3108,73047,5226,73047,,141,0,c61de0ee4c6a7e6b3ad62b674fa07e14a266d80e,0,0,0,0,0,
20200405,MI,24458,550,44154,,totalTestsViral,67055,,,,,,,56,4/5/2020 11:00,2020-04-05T11:00:00Z,04/05 07:00,1150,,,2020-04-05T11:00:00Z,67055,22901,44154,23908,1225,58,,,,,,,,,,,,,26,877,2949,68612,4850,68612,,120,0,259fabecc574d8fcfa2a617310d71310bd8c6be7,0,0,0,0,0,
20200404,MI,23581,510,41205,,totalTestsViral,62205,,,,,,,56,4/4/2020 11:00,2020-04-04T11:00:00Z,04/04 07:00,1030,,,2020-04-04T11:00:00Z,62205,21000,41205,23071,1092,45,,,,,,,,,,,,,26,1002,4145,64786,7109,64786,,112,0,d00be52a8eb85dca3d3df18ec0c787034a25108a,0,0,0,0,0,
20200403,MI,22579,477,37060,,totalTestsViral,55096,,,,,,,56,4/3/2020 11:00,2020-04-03T11:00:00Z,04/03 07:00,918,,,2020-04-03T11:00:00Z,55096,18036,37060,22102,985,39,,,,,,,,,,,,,26,1203,3617,59639,6001,59639,,117,0,1c51994efe97463478ba10290431679052de2b60,0,0,0,0,0,
20200402,MI,21376,439,33443,,totalTestsViral,49095,,,,,,,,4/2/2020 11:00,2020-04-02T11:00:00Z,04/02 07:00,801,,,2020-04-02T11:00:00Z,49095,15652,33443,20937,879,36,,,,,,,,,,,,,26,1130,3492,54819,5907,54819,,125,0,5d2ee750b820a73064236d2eabaeb2c15809d3a9,0,0,0,0,0,
20200401,MI,20246,402,29951,,totalTestsViral,43188,,,,,,,,4/1/2020 16:00,2020-04-01T16:00:00Z,04/01 12:00,676,,,2020-04-01T16:00:00Z,43188,13237,29951,19844,765,35,,,,,,,,,,,,,26,1592,3617,50197,6133,50197,,125,0,267ce674cac547c608e5587e5602c840cfe30ff4,0,0,0,0,0,
20200331,MI,18654,336,26334,,totalTestsViral,37055,,,,,,,,3/31/2020 11:00,2020-03-31T11:00:00Z,03/31 07:00,551,,,2020-03-31T11:00:00Z,37055,10721,26334,18318,641,33,,,,,,,,,,,,,26,1291,3071,44988,4883,44988,,114,0,a7d75c6708e0fd2ddbc380e2f0f04ef031917c1f,0,0,0,0,0,
20200330,MI,17363,305,23263,,totalTestsViral,32172,,,,,,,,3/30/2020 16:00,2020-03-30T16:00:00Z,03/30 12:00,437,,,2020-03-30T16:00:00Z,32172,8909,23263,17058,518,29,,,,,,,,,,,,,26,1579,5846,40626,7860,40626,,86,0,a69127a89867cf85aa0b3daa670609f523e12b0a,0,0,0,0,0,
20200329,MI,15784,265,17417,,totalTestsViral,24312,,,,,,,,3/28/2020 14:00,2020-03-28T14:00:00Z,03/28 10:00,351,,,2020-03-28T14:00:00Z,24312,6895,17417,15519,408,25,,,,,,,,,,,,,26,919,1515,33201,2392,33201,,68,0,5332abf02b00783472547c7ced8cd09de5c9e075,0,0,0,0,0,
20200328,MI,14865,240,15902,,totalTestsViral,21920,,,,,,,,3/27/2020 16:00,2020-03-27T16:00:00Z,03/27 12:00,283,,,2020-03-27T16:00:00Z,21920,6018,15902,14625,326,19,,,,,,,,,,,,,26,1066,1762,30767,2787,30767,,71,0,913e3cf16920b8b61a14d97b72e0a79d163dde2d,0,0,0,0,0,
20200327,MI,13799,214,14140,,totalTestsViral,19133,,,,,,,,3/27/2020 11:00,2020-03-27T11:00:00Z,03/27 07:00,212,,,2020-03-27T11:00:00Z,19133,4993,14140,13585,264,15,,,,,,,,,,,,,26,1324,2410,27939,3536,27939,,53,0,8115a7607e86e5665529425b712651bd3869dd88,0,0,0,0,0,
20200326,MI,12475,187,11730,,totalTestsViral,15597,,,,,,,,3/26/2020 11:00,2020-03-26T11:00:00Z,03/26 07:00,159,,,2020-03-26T11:00:00Z,15597,3867,11730,12288,197,10,,,,,,,,,,,,,26,1140,2888,24205,3815,24205,,48,0,7c81880687ac9fdff5f1369ecd1a9422537ce667,0,0,0,0,0,
20200325,MI,11335,172,8842,,totalTestsViral,11782,,,,,,,,3/25/2020 15:00,2020-03-25T15:00:00Z,03/25 11:00,111,,,2020-03-25T15:00:00Z,11782,2940,8842,11163,149,8,,,,,,,,,,,,,26,1180,1853,20177,2426,20177,,25,0,32b7ea48ace58603e9085748379a460ef82d7bbe,0,0,0,0,0,
20200324,MI,10155,149,6989,,totalTestsViral,9356,,,,,,,,3/24/2020 11:00,2020-03-24T11:00:00Z,03/24 07:00,86,,,2020-03-24T11:00:00Z,9356,2367,6989,10006,103,7,,,,,,,,,,,,,26,1093,1142,17144,1680,17144,,29,0,6d9abad94e3883de3a87c89e0002b383290851ac,0,0,0,0,0,
20200323,MI,9062,125,5847,,totalTestsViral,7676,,,,,,,,3/23/2020 11:00,2020-03-23T11:00:00Z,03/23 07:00,57,,,2020-03-23T11:00:00Z,7676,1829,5847,8937,79,3,,,,,,,,,,,,,26,1240,1056,14909,1453,14909,,21,0,4d974b4fe5e2da8e61be36995b5adc177c8d95c3,0,0,0,0,0,
20200322,MI,7822,96,4791,,totalTestsViral,6223,,,,,,,,3/22/2020 15:00,2020-03-22T15:00:00Z,03/22 11:00,36,,,2020-03-22T15:00:00Z,6223,1432,4791,7726,54,3,,,,,,,,,,,,,26,799,705,12613,1020,12613,,13,0,3320ac9f0086d67b6826ec8b6fad6fc698a4c5e1,0,0,0,0,0,
20200321,MI,7023,85,4086,,totalTestsViral,5203,,,,,,,,3/21/2020 13:44,2020-03-21T13:44:00Z,03/21 09:44,23,,,2020-03-21T13:44:00Z,5203,1117,4086,6938,33,3,,,,,,,,,,,,,26,804,1045,11109,1358,11109,,10,0,75ff6e61e0a90aaf3fff321622f4d813b07ae93a,0,0,0,0,0,
20200320,MI,6219,69,3041,,totalTestsViral,3845,,,,,,,,3/20/2020 15:00,2020-03-20T15:00:00Z,03/20 11:00,13,,,2020-03-20T15:00:00Z,3845,804,3041,6150,20,2,,,,,,,,,,,,,26,943,990,9260,1255,9260,,3,0,45253f7f997458430fe5a33cb945930599bfa6e0,0,0,0,0,0,
20200319,MI,5276,55,2051,,totalTestsViral,2590,,,,,,,,3/19/2020 15:00,2020-03-19T15:00:00Z,03/19 11:00,10,,,2020-03-19T15:00:00Z,2590,539,2051,5221,11,1,,,,,,,,,,,,,26,745,573,7327,738,7327,,5,0,c6ef79899137274fbe624e7ccd9c588926c58772,0,0,0,0,0,
20200318,MI,4531,40,1478,,totalTestsViral,1852,,,,,,,,3/18/2020 14:00,2020-03-18T14:00:00Z,03/18 10:00,5,,,2020-03-18T14:00:00Z,1852,374,1478,4491,9,1,,,,,,,,,,,,,26,872,599,6009,752,6009,,3,0,997315509f0da1b21408ae9f308c9dcdbda178ce,0,0,0,0,0,
20200317,MI,3659,27,879,,totalTestsViral,1100,,,,,,,,3/17/2020 14:00,2020-03-17T14:00:00Z,03/17 10:00,2,,,2020-03-17T14:00:00Z,1100,221,879,3632,4,1,,,,,,,,,,,,,26,764,607,4538,835,4538,,0,0,8c53ad85c4f7d5c623b4d9e369bfcd38ff039ae1,0,0,0,0,0,
20200316,MI,2895,22,272,30,totalTestsViral,265,,,,,,,,3/16/2020 15:52,2020-03-16T15:52:00Z,03/16 11:52,2,,,2020-03-16T15:52:00Z,265,72,193,2873,1,1,,,,,,,,,,,,,26,707,67,3197,156,3167,,1,0,5c0341347d473d41d75ff12c2333d4834694066d,0,0,0,0,0,
20200315,MI,2188,13,205,26,totalTestsViral,109,,,,,,,,3/14/2020 00:00,2020-03-14T00:00:00Z,03/13 20:00,1,,,2020-03-14T00:00:00Z,109,56,53,2175,0,1,,,,,,,,,,,,,26,460,0,2419,33,2393,,0,0,5669b0098d437aba0c9d8f04779f56106913fcc5,0,0,0,0,0,
20200314,MI,1728,11,205,26,totalTestsViral,76,,,,,,,,3/13/2020 00:00,2020-03-13T00:00:00Z,03/12 20:00,1,,,2020-03-13T00:00:00Z,76,35,41,1717,0,1,,,,,,,,,,,,,26,367,72,1959,27,1933,,0,0,5a186fe2f103009ac7d5b9389e090beb20634573,0,0,0,0,0,
20200313,MI,1361,8,133,26,totalTestsViral,49,,,,,,,,3/13/2020 00:00,2020-03-13T00:00:00Z,03/12 20:00,1,,,2020-03-13T00:00:00Z,49,26,23,1353,0,1,,,,,,,,,,,,,26,364,42,1520,21,1494,,0,0,d35b2e14064c508ff55fe9efc44ae482fb4c2ea3,0,0,0,0,0,
20200312,MI,997,1,91,27,totalTestsViral,28,,,,,,,,3/11/2020 19:00,2020-03-11T19:00:00Z,03/11 15:00,1,,,2020-03-11T19:00:00Z,28,13,15,996,0,1,,,,,,,,,,,,,26,270,34,1115,24,1088,,1,0,71aed6d962bf1445522b943a90df30382a885c0d,0,0,0,0,0,
20200311,MI,727,0,57,18,totalTestsViral,4,,,,,,,,,,,0,,,,4,2,2,727,0,0,,,,,,,,,,,,,26,199,18,802,1,784,,0,0,c425ec262e3b6aaf9f9dea6c952f14fb7642cee4,0,0,0,0,0,
20200310,MI,528,0,39,24,totalTestsViral,3,,,,,,,,,,,0,,,,3,2,1,528,0,0,,,,,,,,,,,,,26,156,3,591,3,567,,0,0,f0775176b8d2d420edde439655a22b0035c30d26,0,0,0,0,0,
20200309,MI,372,0,36,11,totalTestsViral,,,,,,,,,,,,,,,,,,,372,0,0,,,,,,,,,,,,,26,121,10,419,0,408,,0,0,2ffd78b6f9b0aee7ecc489a88e1df678c22e1d01,0,0,0,0,0,
20200308,MI,251,0,26,10,totalTestsViral,,,,,,,,,,,,,,,,,,,251,0,0,,,,,,,,,,,,,26,63,8,287,0,277,,0,0,5af423eec1f3fe619e30a177e234d0f27f7cd021,0,0,0,0,0,
20200307,MI,188,0,18,9,totalTestsViral,,,,,,,,,,,,,,,,,,,188,0,0,,,,,,,,,,,,,26,48,10,215,0,206,,0,0,c3673ba7e4b38433c39a621eababd6659c369aa5,0,0,0,0,0,
20200306,MI,140,0,8,8,totalTestsViral,,,,,,,,,,,,,,,,,,,140,0,0,,,,,,,,,,,,,26,40,0,156,0,148,,0,0,4ee756d37435e984c863210c95b6e546d49fc5d2,0,0,0,0,0,
20200305,MI,100,0,8,0,totalTestsViral,,,,,,,,,,,,,,,,,,,100,0,0,,,,,,,,,,,,,26,26,8,108,0,108,,0,0,2982de8885d3f297c611c0c88414eed9678fb83a,0,0,0,0,0,
20200304,MI,74,0,,,totalTestsViral,,,,,,,,,,,,,,,,,,,74,0,0,,,,,,,,,,,,,26,24,0,74,0,74,,0,0,ddf3761427b79eafb8e6504a7a3a106b0d1b50cd,0,0,0,0,0,
20200303,MI,50,0,,,totalTestsViral,,,,,,,,,,,,,,,,,,,50,,0,,,,,,,,,,,,,26,23,0,50,0,50,,0,0,4b70f22438610676b032da25a087e2e1b545ae72,0,0,0,0,0,
20200302,MI,27,0,,,totalTestsViral,,,,,,,,,,,,,,,,,,,27,,0,,,,,,,,,,,,,26,13,0,27,0,27,,0,0,c487b53b73521b17f3cbf0551401b596cadc3a67,0,0,0,0,0,
20200301,MI,14,0,,,totalTestsViral,,,,,,,,,,,,,,,,,,,14,0,0,,,,,,,,,,,,,26,0,0,14,0,14,,0,0,b00501d578092c37719e9fd1143925f6e31b3c7d,0,0,0,0,0,
