date,state,positive,probableCases,negative,pending,totalTestResultsSource,totalTestResults,hospitalizedCurrently,hospitalizedCumulative,inIcuCurrently,inIcuCumulative,onVentilatorCurrently,onVentilatorCumulative,recovered,lastUpdateEt,dateModified,checkTimeEt,death,hospitalized,dateChecked,totalTestsViral,positiveTestsViral,negativeTestsViral,positiveCasesViral,deathConfirmed,deathProbable,totalTestEncountersViral,totalTestsPeopleViral,totalTestsAntibody,positiveTestsAntibody,negativeTestsAntibody,totalTestsPeopleAntibody,positiveTestsPeopleAntibody,negativeTestsPeopleAntibody,totalTestsPeopleAntigen,positiveTestsPeopleAntigen,totalTestsAntigen,positiveTestsAntigen,fips,positiveIncrease,negativeIncrease,total,totalTestResultsIncrease,posNeg,dataQualityGrade,deathIncrease,hospitalizedIncrease,hash,commercialScore,negativeRegularScore,negativeScore,positiveScore,score,grade
20210221,ND,99277,5045,302885,,totalTestEncountersViral,1393460,40,3857,8,562,,,97114,2/21/2021 01:59,2021-02-21T01:59:00Z,02/20 20:59,1465,3857,2021-02-21T01:59:00Z,1492888,,,94232,,,1393460,402162,13395,1442,11953,,,,,,131404,,38,49,198,402162,912,402162,,0,1,df23db31c89f5d587c987f9bf47f8c28b2ffd9ca,0,0,0,0,0,
20210220,ND,99228,5039,302687,,totalTestEncountersViral,1392548,39,3856,8,562,,,97002,2/20/2021 01:59,2021-02-20T01:59:00Z,02/19 20:59,1465,3856,2021-02-20T01:59:00Z,1491755,,,94189,,,1392548,401915,13395,1442,11953,,,,,,130442,,38,75,714,401915,5295,401915,,0,9,662bfae69ca82ec7d08b1cc0621b3776b5b8db45,0,0,0,0,0,
20210219,ND,99153,5003,301973,,totalTestEncountersViral,1387253,36,3847,11,561,,,96864,2/19/2021 01:59,2021-02-19T01:59:00Z,02/18 20:59,1465,3847,2021-02-19T01:59:00Z,1484209,,,94150,,,1387253,401501,13395,1442,11953,,,,,,125668,,38,119,0,401126,0,401126,,0,2,d8ece7ad1c440d48204de3c91ae775c925ba01ea,0,0,0,0,0,
20210218,ND,99034,4965,301973,,totalTestEncountersViral,1387253,31,3845,7,561,,,96763,2/18/2021 01:59,2021-02-18T01:59:00Z,02/17 20:59,1465,3845,2021-02-18T01:59:00Z,1484209,,,94069,,,1387253,401007,13395,1442,11953,,,,,,125668,,38,133,410,401007,3104,401007,,4,-5,4f51d4be000446fb1e5dcbbdab3eb81b03f9ca39,0,0,0,0,0,
20210217,ND,98901,4936,301563,,totalTestEncountersViral,1384149,43,3850,7,560,,,96673,2/17/2021 01:59,2021-02-17T01:59:00Z,02/16 20:59,1461,3850,2021-02-17T01:59:00Z,1480207,,,93965,,,1384149,400464,13395,1442,11953,,,,,,123131,,38,120,472,400464,2979,400464,,0,5,3af75ddbde42651eb41cbe5dff668e836912f45c,0,0,0,0,0,
20210216,ND,98781,4856,301091,,totalTestEncountersViral,1381170,46,3845,8,559,,,96564,2/16/2021 01:59,2021-02-16T01:59:00Z,02/15 20:59,1461,3845,2021-02-16T01:59:00Z,1476204,,,93925,,,1381170,399872,13395,1442,11953,,,,,,120082,,38,138,-451,399872,1828,399872,,0,8,69879d540300a00ba6b32e861e8540ab5af520c9,0,0,0,0,0,
20210215,ND,98643,4811,301542,,totalTestEncountersViral,1379342,42,3837,6,557,,,96445,2/15/2021 01:59,2021-02-15T01:59:00Z,02/14 20:59,1461,3837,2021-02-15T01:59:00Z,1473877,,,93832,,,1379342,399389,13395,1442,11953,,,,,,118254,,38,46,0,400185,1051,400185,,0,6,8ba8769f7cc4301d8a5ea337edb43a71fc74f8f1,0,0,0,0,0,
20210214,ND,98597,4808,301542,,totalTestEncountersViral,1378291,38,3831,6,557,,,96404,2/14/2021 01:59,2021-02-14T01:59:00Z,02/13 20:59,1461,3831,2021-02-14T01:59:00Z,1472520,,,93789,,,1378291,399330,13395,1442,11953,,,,,,117898,,38,46,0,400139,926,400139,,0,3,8d4a944b5d6a6e9c293860a6d9b0facf939c4588,0,0,0,0,0,
20210213,ND,98551,4787,301542,,totalTestEncountersViral,1377365,36,3828,6,557,,,96305,2/13/2021 01:59,2021-02-13T01:59:00Z,02/12 20:59,1461,3828,2021-02-13T01:59:00Z,1471278,,,93764,,,1377365,399186,13395,1442,11953,,,,,,117414,,38,85,0,400093,1152,400093,,0,1,735146ea63edf37aab03201d42abdb337d8a580f,0,0,0,0,0,
20210212,ND,98466,4743,301542,,totalTestEncountersViral,1376213,39,3827,5,556,,,96234,2/12/2021 01:59,2021-02-12T01:59:00Z,02/11 20:59,1461,3827,2021-02-12T01:59:00Z,1469638,,,93723,,,1376213,400008,13395,1442,11953,,,,,,116566,,38,113,464,400008,3625,400008,,1,0,faa2948402e3aabf3da1bdaab2156b053db6c524,0,0,0,0,0,
20210211,ND,98353,4721,301078,,totalTestEncountersViral,1372588,39,3827,5,556,,,96127,2/11/2021 01:59,2021-02-11T01:59:00Z,02/10 20:59,1460,3827,2021-02-11T01:59:00Z,1464863,,,93632,,,1372588,399431,13395,1442,11953,,,,,,114136,,38,139,518,399431,4697,399431,,1,7,686e58809dd8148580f16a67817d3faf71ae6ddd,0,0,0,0,0,
20210210,ND,98214,4698,300560,,totalTestEncountersViral,1367891,34,3820,6,556,,,96026,2/10/2021 01:59,2021-02-10T01:59:00Z,02/09 20:59,1459,3820,2021-02-10T01:59:00Z,1458589,,,93516,,,1367891,398774,13395,1442,11953,,,,,,111861,,38,39,700,398774,3155,398774,,2,6,dd46e34332e66893ef77705a45e3bca3de77c4ee,0,0,0,0,0,
20210209,ND,98175,4627,299860,,totalTestEncountersViral,1364736,37,3814,7,556,,,96014,2/9/2021 01:59,2021-02-09T01:59:00Z,02/08 20:59,1457,3814,2021-02-09T01:59:00Z,1454618,,,93548,,,1364736,398035,13395,1442,11953,,,,,,108840,,38,-9,662,398035,578,398035,,3,3,2cb84d0c6b150c2756fad7809b2cedbfa5441fb2,0,0,0,0,0,
20210208,ND,98184,4574,299198,,totalTestEncountersViral,1364158,40,3811,9,557,,,95991,2/8/2021 01:59,2021-02-08T01:59:00Z,02/07 20:59,1454,3811,2021-02-08T01:59:00Z,1454095,,,93610,,,1364158,397382,13395,1442,11953,,,,,,106097,,38,29,97,397382,1316,397382,,3,6,14bf13dabe174e51a095a7129ba93af77bde45df,0,0,0,0,0,
20210207,ND,98155,4572,299101,,totalTestEncountersViral,1362842,39,3805,9,557,,,95946,2/7/2021 01:59,2021-02-07T01:59:00Z,02/06 20:59,1451,3805,2021-02-07T01:59:00Z,1452509,,,93583,,,1362842,397256,13395,1442,11953,,,,,,105862,,38,49,57,397256,919,397256,,0,4,8e8adc891fc10d8c2ac14d6642f750dd70192b5a,0,0,0,0,0,
20210206,ND,98106,4559,299044,,totalTestEncountersViral,1361923,36,3801,8,556,,,95834,2/6/2021 01:59,2021-02-06T01:59:00Z,02/05 20:59,1451,3801,2021-02-06T01:59:00Z,1451379,,,93547,,,1361923,397150,13395,1442,11953,,,,,,105338,,38,11,441,397150,1736,397150,,0,4,c169710c8e9b641f7d8fb32e863112f9c2668f9f,0,0,0,0,0,
20210205,ND,98095,4512,298603,,totalTestEncountersViral,1360187,33,3797,7,555,,,95777,2/5/2021 01:59,2021-02-05T01:59:00Z,02/04 20:59,1451,3797,2021-02-05T01:59:00Z,1449040,,,93583,,,1360187,396698,13395,1442,11953,,,,,,103537,,38,61,528,396698,3105,396698,,4,0,ce9ee8f776de234db3f9672d27b4b6c6eb2484e1,0,0,0,0,0,
20210204,ND,98034,4488,298075,,totalTestEncountersViral,1357082,37,3797,8,554,,,95691,2/4/2021 01:59,2021-02-04T01:59:00Z,02/03 20:59,1447,3797,2021-02-04T01:59:00Z,1444949,,,93546,,,1357082,396109,13395,1442,11953,,,,,,100801,,38,98,716,396109,5097,396109,,0,3,8931d0dc3e6fec34ed82d083045fbc23b918d4ff,0,0,0,0,0,
20210203,ND,97936,4468,297359,,totalTestEncountersViral,1351985,42,3794,8,554,,,95601,2/3/2021 01:59,2021-02-03T01:59:00Z,02/02 20:59,1447,3794,2021-02-03T01:59:00Z,1438790,,,93468,,,1351985,395295,13395,1442,11953,,,,,,98674,,38,138,527,395295,3781,395295,,0,5,a1b66dfb183fd1311328e82d0453fdf46f6f592e,0,0,0,0,0,
20210202,ND,97798,4417,296832,,totalTestEncountersViral,1348204,45,3789,7,553,,,95491,2/2/2021 01:59,2021-02-02T01:59:00Z,02/01 20:59,1447,3789,2021-02-02T01:59:00Z,1433912,,,93381,,,1348204,394630,13395,1442,11953,,,,,,96270,,38,115,345,394630,1650,394630,,0,7,71219d653303ed22b413b5787c324db301d6314a,0,0,0,0,0,
20210201,ND,97683,4360,296487,,totalTestEncountersViral,1346554,47,3782,8,553,,,95308,2/1/2021 01:59,2021-02-01T01:59:00Z,01/31 20:59,1447,3782,2021-02-01T01:59:00Z,1431933,,,93323,,,1346554,394170,13395,1442,11953,,,,,,93194,,38,53,31,394170,555,394170,,5,2,739a016782bc6acb84529007af23350cca045019,0,0,0,0,0,
20210131,ND,97630,4337,296456,,totalTestEncountersViral,1345999,50,3780,8,553,,,95227,1/31/2021 01:59,2021-01-31T01:59:00Z,01/30 20:59,1442,3780,2021-01-31T01:59:00Z,1431246,,,93293,,,1345999,394086,13395,1442,11953,,,,,,92905,,38,68,226,394086,1600,394086,,0,2,1522469565119fba911218fa9b58d52057ad2032,0,0,0,0,0,
20210130,ND,97562,4317,296230,,totalTestEncountersViral,1344399,48,3778,8,553,,,95108,1/30/2021 01:59,2021-01-30T01:59:00Z,01/29 20:59,1442,3778,2021-01-30T01:59:00Z,1429366,,,93245,,,1344399,393792,13395,1442,11953,,,,,,92276,,38,104,363,393792,2798,393792,,0,3,cdf3d968afcb8db0f46cb51a661723ffa95ff5b8,0,0,0,0,0,
20210129,ND,97458,4276,295867,,totalTestEncountersViral,1341601,51,3775,9,552,,,94966,1/29/2021 01:59,2021-01-29T01:59:00Z,01/28 20:59,1442,3775,2021-01-29T01:59:00Z,1425927,,,93182,,,1341601,393325,13395,1442,11953,,,,,,90682,,38,153,557,393325,4326,393325,,0,9,783ffdd98c475525eaccb56deb1b6e2a83c25a18,0,0,0,0,0,
20210128,ND,97305,4231,295310,,totalTestEncountersViral,1337275,49,3766,9,551,,,94837,1/28/2021 01:59,2021-01-28T01:59:00Z,01/27 20:59,1442,3766,2021-01-28T01:59:00Z,1420543,,,93074,,,1337275,392615,13395,1442,11953,,,,,,88609,,38,145,469,392615,4246,392615,,1,9,6dea951b12654a98462d286bd8291441cdc27a3e,0,0,0,0,0,
20210127,ND,97160,4193,294841,,totalTestEncountersViral,1333029,49,3757,10,551,,,94728,1/27/2021 01:59,2021-01-27T01:59:00Z,01/26 20:59,1441,3757,2021-01-27T01:59:00Z,1415606,,,92967,,,1333029,392001,13395,1442,11953,,,,,,86970,,38,154,556,392001,4629,392001,,1,5,05039d864519b30baf5c4755e95904403fab18c4,0,0,0,0,0,
20210126,ND,97006,4141,294285,,totalTestEncountersViral,1328400,48,3752,8,549,,,94584,1/26/2021 01:59,2021-01-26T01:59:00Z,01/25 20:59,1440,3752,2021-01-26T01:59:00Z,1410054,,,92865,,,1328400,391291,13395,1442,11953,,,,,,85176,,38,132,396,391291,1173,391291,,4,7,65616724333f1d154c76f03e630ff50c368477ea,0,0,0,0,0,
20210125,ND,96874,4075,293889,,totalTestEncountersViral,1327227,50,3745,7,547,,,94381,1/25/2021 01:59,2021-01-25T01:59:00Z,01/24 20:59,1436,3745,2021-01-25T01:59:00Z,1408674,,,92799,,,1327227,390763,13395,1442,11953,,,,,,82941,,38,57,81,390763,1336,390763,,8,4,0b63a8881a75363bec0dadc36ae67a8291c7e4bb,0,0,0,0,0,
20210124,ND,96817,4067,293808,,totalTestEncountersViral,1325891,49,3741,7,547,,,94309,1/24/2021 01:59,2021-01-24T01:59:00Z,01/23 20:59,1428,3741,2021-01-24T01:59:00Z,1407047,,,92750,,,1325891,390625,13395,1442,11953,,,,,,82510,,38,97,340,390625,1893,390625,,0,2,f73d3134601989ffa6dac1e85d63fa0e1b6bbbe7,0,0,0,0,0,
20210123,ND,96720,4044,293468,,totalTestEncountersViral,1323998,50,3739,6,546,,,94148,1/23/2021 01:59,2021-01-23T01:59:00Z,01/22 20:59,1428,3739,2021-01-23T01:59:00Z,1404849,,,92676,,,1323998,390188,13395,1442,11953,,,,,,81663,,38,153,338,390188,4097,390188,,0,3,05ff378d6bfff69f6ffa8ca9d83025835c8765a2,0,0,0,0,0,
20210122,ND,96567,4012,293130,,totalTestEncountersViral,1319901,53,3736,8,546,,,93980,1/22/2021 01:59,2021-01-22T01:59:00Z,01/21 20:59,1428,3736,2021-01-22T01:59:00Z,1399809,,,92555,,,1319901,389697,13395,1442,11953,,,,,,79723,,38,197,206,389697,4124,389697,,6,4,d4d641175dfdeb61a09140a8787177460f31982d,0,0,0,0,0,
20210121,ND,96370,3974,292924,,totalTestEncountersViral,1315777,54,3732,7,546,,,93801,1/21/2021 01:59,2021-01-21T01:59:00Z,01/20 20:59,1422,3732,2021-01-21T01:59:00Z,1394910,,,92396,,,1315777,389294,13395,1442,11953,,,,,,77242,,38,148,280,389294,4640,389294,,13,9,cd16a47311fc9057de904797c7636e4cfef39098,0,0,0,0,0,
20210120,ND,96222,3947,292644,,totalTestEncountersViral,1311137,55,3723,7,545,,,93658,1/20/2021 01:59,2021-01-20T01:59:00Z,01/19 20:59,1409,3723,2021-01-20T01:59:00Z,1389496,,,92275,,,1311137,388866,13395,1442,11953,,,,,,75235,,38,151,210,388866,3175,388866,,1,4,be4d166f81050f6e3ab649241b17b7417c7dc762,0,0,0,0,0,
20210119,ND,96071,3879,292434,,totalTestEncountersViral,1307962,88,3719,9,539,,,93451,1/19/2021 01:59,2021-01-19T01:59:00Z,01/18 20:59,1408,3719,2021-01-19T01:59:00Z,1385519,,,92192,,,1307962,388505,13395,1442,11953,,,,,,72918,,38,137,269,388505,1242,388505,,13,9,6b18df17b391f8e9227704fbfab5128f16a6b365,0,0,0,0,0,
20210118,ND,95934,3830,292165,,totalTestEncountersViral,1306720,91,3710,9,539,,,93173,1/18/2021 01:59,2021-01-18T01:59:00Z,01/17 20:59,1395,3710,2021-01-18T01:59:00Z,1384128,,,92104,,,1306720,388099,13395,1442,11953,,,,,,70554,,38,70,189,388099,1432,388099,,0,6,0115c6ef5d44c513c1e05268ec6d75d7855a1fba,0,0,0,0,0,
20210117,ND,95864,3806,291976,,totalTestEncountersViral,1305288,85,3704,9,539,,,93020,1/17/2021 01:59,2021-01-17T01:59:00Z,01/16 20:59,1395,3704,2021-01-17T01:59:00Z,1382456,,,92058,,,1305288,387840,13395,1442,11953,,,,,,70054,,38,150,395,387840,3861,387840,,0,0,9a7b18d7278682b5a8a97d60b4748b14e592f55f,0,0,0,0,0,
20210116,ND,95714,3790,291581,,totalTestEncountersViral,1301427,95,3704,10,539,,,92820,1/16/2021 01:59,2021-01-16T01:59:00Z,01/15 20:59,1395,3704,2021-01-16T01:59:00Z,1378043,,,91924,,,1301427,387295,13395,1442,11953,,,,,,69703,,38,115,361,387295,2686,387295,,0,5,a31563a1af24a4ed73f2e4f5d37a59c76b45aede,0,0,0,0,0,
20210115,ND,95599,3762,291220,,totalTestEncountersViral,1298741,88,3699,10,539,,,92551,1/15/2021 01:59,2021-01-15T01:59:00Z,01/14 20:59,1395,3699,2021-01-15T01:59:00Z,1374945,,,91837,,,1298741,386819,13395,1442,11953,,,,,,67850,,38,221,467,386819,4640,386819,,23,10,62ce9cfbc4a6d3c9e93d266be64929052e6c2702,0,0,0,0,0,
20210114,ND,95378,3727,290753,,totalTestEncountersViral,1294101,78,3689,10,539,,,92249,1/14/2021 01:59,2021-01-14T01:59:00Z,01/13 20:59,1372,3689,2021-01-14T01:59:00Z,1369503,,,91651,,,1294101,386131,13395,1442,11953,,,,,,66154,,38,243,869,386131,6580,386131,,8,6,6787e73e32e9708796b5b0bf471e2f4ba16acffe,0,0,0,0,0,
20210113,ND,95135,3672,289884,,totalTestEncountersViral,1287521,72,3683,10,539,,,92029,1/13/2021 01:59,2021-01-13T01:59:00Z,01/12 20:59,1364,3683,2021-01-13T01:59:00Z,1361995,,,91463,,,1287521,385019,13395,1442,11953,,,,,,63434,,38,167,573,385019,4722,385019,,1,16,072923d55f9f45e0c27dd1115fec53189dc61b71,0,0,0,0,0,
20210112,ND,94968,3611,289311,,totalTestEncountersViral,1282799,70,3667,10,539,,,91850,1/12/2021 01:59,2021-01-12T01:59:00Z,01/11 20:59,1363,3667,2021-01-12T01:59:00Z,1356622,,,91357,,,1282799,384279,13395,1442,11953,,,,,,60944,,38,138,1553,384279,2173,384279,,3,11,8fd11907b3c0f345929b22a277b1c3d66f4bab25,0,0,0,0,0,
20210111,ND,94830,3522,287758,,totalTestEncountersViral,1280626,74,3656,10,536,,,91597,1/11/2021 01:59,2021-01-11T01:59:00Z,01/10 20:59,1360,3656,2021-01-11T01:59:00Z,1354197,,,91308,,,1280626,383419,13395,1442,11953,,,,,,57302,,38,114,0,382588,2073,382588,,0,5,2386110d4f51ae2c56c253c584eeb2c9b313dda5,0,0,0,0,0,
20210110,ND,94716,3520,287758,,totalTestEncountersViral,1278553,72,3651,10,536,,,91465,1/10/2021 01:59,2021-01-10T01:59:00Z,01/09 20:59,1360,3651,2021-01-10T01:59:00Z,1351880,,,91196,,,1278553,383279,13395,1442,11953,,,,,,56720,,38,158,0,382474,2646,382474,,0,7,07c8d833c42a6b9c1074d938e0d85ec1cba91e01,0,0,0,0,0,
20210109,ND,94558,3476,287758,,totalTestEncountersViral,1275907,76,3644,9,535,,,91222,1/9/2021 01:59,2021-01-09T01:59:00Z,01/08 20:59,1360,3644,2021-01-09T01:59:00Z,1348887,,,91082,,,1275907,382316,13395,1442,11953,,,,,,55765,,38,120,-218,382316,1996,382316,,0,2,761de30813b94ae55cf248afc02a5fc7ed554d6d,0,0,0,0,0,
20210108,ND,94438,3439,287976,,totalTestEncountersViral,1273911,85,3642,11,534,,,90964,1/8/2021 01:59,2021-01-08T01:59:00Z,01/07 20:59,1360,3642,2021-01-08T01:59:00Z,1346607,,,90999,,,1273911,382414,13395,1442,11953,,,,,,53662,,38,282,553,382414,5828,382414,,12,19,1e328f29b30468b463293595572a2a433191a0fb,0,0,0,0,0,
20210107,ND,94156,3415,287423,,totalTestEncountersViral,1268083,83,3623,12,533,,,90726,1/7/2021 01:59,2021-01-07T01:59:00Z,01/06 20:59,1348,3623,2021-01-07T01:59:00Z,1340080,,,90741,,,1268083,381579,13395,1442,11953,,,,,,52045,,38,324,389,381579,5410,381579,,7,13,260a10807dfb0b55db117b5cbcdc23102ae8464d,0,0,0,0,0,
20210106,ND,93832,3354,287034,,totalTestEncountersViral,1262673,85,3610,13,530,,,90511,1/6/2021 01:59,2021-01-06T01:59:00Z,01/05 20:59,1341,3610,2021-01-06T01:59:00Z,1333897,,,90478,,,1262673,380866,13395,1442,11953,,,,,,48034,,38,338,846,380866,4309,380866,,5,13,206b870599b2424830070aba2c64309672f0ce88,0,0,0,0,0,
20210105,ND,93494,3266,286188,,totalTestEncountersViral,1258364,93,3597,15,529,,,90281,1/5/2021 01:59,2021-01-05T01:59:00Z,01/04 20:59,1336,3597,2021-01-05T01:59:00Z,1329081,,,90228,,,1258364,379682,13395,1442,11953,,,,,,45871,,38,254,515,379682,1859,379682,,17,21,47a6294dae7ad08d31a3c6d661bf45888356bfb4,0,0,0,0,0,
20210104,ND,93240,3144,285673,,totalTestEncountersViral,1256505,98,3576,15,528,,,90013,1/4/2021 01:59,2021-01-04T01:59:00Z,01/03 20:59,1319,3576,2021-01-04T01:59:00Z,1327048,,,90096,,,1256505,378913,13395,1442,11953,,,,,,43735,,38,199,179,378913,2084,378913,,2,6,60b60d6cfa735e1ba7483a540b1c3f4317583303,0,0,0,0,0,
20210103,ND,93041,3086,285494,,totalTestEncountersViral,1254421,98,3570,16,527,,,89879,1/3/2021 01:59,2021-01-03T01:59:00Z,01/02 20:59,1317,3570,2021-01-03T01:59:00Z,1324735,,,89955,,,1254421,378534,13395,1442,11953,,,,,,42834,,38,150,68,378535,526,378535,,0,9,953b06dc82b1e8b932dcfe2a0e71e5f73166f623,0,0,0,0,0,
20210102,ND,92891,3062,285426,,totalTestEncountersViral,1253895,92,3561,16,527,,,89582,1/2/2021 01:59,2021-01-02T01:59:00Z,01/01 20:59,1317,3561,2021-01-02T01:59:00Z,1324176,,,89829,,,1253895,378317,13395,1442,11953,,,,,,41922,,38,396,398,378317,4098,378317,,28,9,fa61ef916fb2e0362c9f1054bae62a7646bb2c23,0,0,0,0,0,
20210101,ND,92495,2970,285028,,totalTestEncountersViral,1249797,94,3552,16,524,,,89314,1/1/2021 01:59,2021-01-01T01:59:00Z,12/31 20:59,1289,3552,2021-01-01T01:59:00Z,1319669,,,89525,,,1249797,376910,13395,1442,11953,,,,,,41599,,38,0,1775,377523,5489,377523,,0,0,da994fa44e22b4a121d18027c1c5db769666bf6b,0,0,0,0,0,
20201231,ND,92495,2970,283253,,totalTestEncountersViral,1244308,94,3552,16,524,,,89314,12/31/2020 01:59,2020-12-31T01:59:00Z,12/30 20:59,1289,3552,2020-12-31T01:59:00Z,1313560,,,89525,,,1244308,376910,13395,1442,11953,,,,,,38942,,38,293,-581,375748,11127,375748,,0,10,46e895a49d39cbd1545607bcdadb019ad0cf4407,0,0,0,0,0,
20201230,ND,92202,2903,283834,,totalTestEncountersViral,1233181,96,3542,15,521,,,89099,12/30/2020 01:59,2020-12-30T01:59:00Z,12/29 20:59,1289,3542,2020-12-30T01:59:00Z,1301140,,,89299,,,1233181,376035,13395,1442,11953,,,,,,36604,,38,371,-2210,376036,-23,376036,,6,9,a7bbad049cfeb3bea213a30ca535a87baf2367cd,0,0,0,0,0,
20201229,ND,91831,2788,286044,,totalTestEncountersViral,1233204,115,3533,18,522,,,88854,12/29/2020 01:59,2020-12-29T01:59:00Z,12/28 20:59,1283,3533,2020-12-29T01:59:00Z,1301140,,,89043,,,1233204,375085,13395,1442,11953,,,,,,33487,,38,272,605,377875,1480,377875,,12,33,e255e9caaebf07439dadc47626afed4803d86e7c,0,0,0,0,0,
20201228,ND,91559,2676,285439,,totalTestEncountersViral,1231724,108,3500,18,518,,,88411,12/28/2020 01:59,2020-12-28T01:59:00Z,12/27 20:59,1271,3500,2020-12-28T01:59:00Z,1299585,,,88883,,,1231724,374321,13395,1442,11953,,,,,,31170,,38,93,194,376998,1954,376998,,0,5,5a5a8de973310d5193d085c5a496c538eafa70b9,0,0,0,0,0,
20201227,ND,91466,2662,285245,,totalTestEncountersViral,1229770,106,3495,17,516,,,88177,12/27/2020 01:59,2020-12-27T01:59:00Z,12/26 20:59,1271,3495,2020-12-27T01:59:00Z,1297390,,,88804,,,1229770,374048,13395,1442,11953,,,,,,30714,,38,111,110,376711,1573,376711,,0,10,ec6c2ddeda88542c80635f9d52aa5f892b0a6390,0,0,0,0,0,
20201226,ND,91355,2636,285135,,totalTestEncountersViral,1228197,111,3485,21,516,,,87762,12/26/2020 01:59,2020-12-26T01:59:00Z,12/25 20:59,1271,3485,2020-12-26T01:59:00Z,1295611,,,88719,,,1228197,373854,13395,1442,11953,,,,,,29959,,38,407,788,376490,9496,376490,,4,13,c40ae46f79bce2a8b83fe57d112b2e8f058059f7,0,0,0,0,0,
20201225,ND,90948,2631,284347,,totalTestEncountersViral,1218701,122,3472,21,512,,,87367,12/24/2020 01:59,2020-12-24T01:59:00Z,12/23 20:59,1267,3472,2020-12-24T01:59:00Z,1285111,,,88317,,,1218701,372664,13395,1442,11953,,,,,,29892,,38,0,0,375295,0,375295,,0,0,7ac26c8c4f937b9f70633e095506d94f27f84a0e,0,0,0,0,0,
20201224,ND,90948,2631,284347,,totalTestEncountersViral,1218701,122,3472,21,512,,,87367,12/24/2020 01:59,2020-12-24T01:59:00Z,12/23 20:59,1267,3472,2020-12-24T01:59:00Z,1285111,,,88317,,,1218701,372664,13395,1442,11953,,,,,,29111,,38,225,806,375295,6981,375295,,18,36,2fe17b8c6d9914ea041bb14194e02fbe9072584a,0,0,0,0,0,
20201223,ND,90723,2595,283541,,totalTestEncountersViral,1211720,118,3436,20,509,,,87091,12/23/2020 01:59,2020-12-23T01:59:00Z,12/22 20:59,1249,3436,2020-12-23T01:59:00Z,1277443,,,88128,,,1211720,371669,13395,1442,11953,,,,,,27540,,38,270,566,374264,3249,374264,,5,15,9e70c0855895934dcc618a4a91b7d7a202a31e23,0,0,0,0,0,
20201222,ND,90453,2506,282975,,totalTestEncountersViral,1208471,135,3421,19,505,,,86776,12/22/2020 01:59,2020-12-22T01:59:00Z,12/21 20:59,1244,3421,2020-12-22T01:59:00Z,1273761,,,87947,,,1208471,370922,13395,1442,11953,,,,,,25828,,38,332,989,373428,4179,373428,,5,21,71cd6d27ed4ac784eaf7310989b97af0a1c0dd65,0,0,0,0,0,
20201221,ND,90121,2419,281986,,totalTestEncountersViral,1204292,158,3400,18,501,,,86233,12/21/2020 01:59,2020-12-21T01:59:00Z,12/20 20:59,1239,3400,2020-12-21T01:59:00Z,1269206,,,87702,,,1204292,369688,13395,1442,11953,,,,,,21392,,38,82,-31,372107,1428,372107,,2,6,acd54020c8a57c23d9c0d6a2e86a58143cf05fbb,0,0,0,0,0,
20201220,ND,90039,2416,282017,,totalTestEncountersViral,1202864,156,3394,18,501,,,86013,12/20/2020 01:59,2020-12-20T01:59:00Z,12/19 20:59,1237,3394,2020-12-20T01:59:00Z,1267595,,,87623,,,1202864,369640,13395,1442,11953,,,,,,21056,,38,251,384,372056,4059,372056,,6,7,0cac793c4c502df2a6f9ee4396b5059972e830d3,0,0,0,0,0,
20201219,ND,89788,2368,281633,,totalTestEncountersViral,1198805,154,3387,17,500,,,85672,12/19/2020 01:59,2020-12-19T01:59:00Z,12/18 20:59,1231,3387,2020-12-19T01:59:00Z,1263164,,,87420,,,1198805,369053,13395,1442,11953,,,,,,19318,,38,231,768,371421,5149,371421,,0,38,ca28cc1072b686021acde20a3543d909804baa70,0,0,0,0,0,
20201218,ND,89557,2330,280865,,totalTestEncountersViral,1193656,144,3349,16,496,,,85271,12/18/2020 01:59,2020-12-18T01:59:00Z,12/17 20:59,1231,3349,2020-12-18T01:59:00Z,1257587,,,87227,,,1193656,368092,13395,1442,11953,,,,,,18015,,38,494,977,370422,7502,370422,,21,276,4251f04a5ffa1da1b07b7a789dd1eec370c4967d,0,0,0,0,0,
20201217,ND,89063,2276,279888,,totalTestEncountersViral,1186154,148,3073,48,479,,,84875,12/17/2020 01:59,2020-12-17T01:59:00Z,12/16 20:59,1210,3073,2020-12-17T01:59:00Z,1249401,,,86787,,,1186154,366675,13395,1442,11953,,,,,,16857,,38,377,744,368951,6486,368951,,10,0,ed06f684607ed37e2bd8def517ed3046675bdbec,0,0,0,0,0,
20201216,ND,88686,2221,279144,,totalTestEncountersViral,1179668,160,3073,48,479,,,84535,12/16/2020 01:59,2020-12-16T01:59:00Z,12/15 20:59,1200,3073,2020-12-16T01:59:00Z,1242239,,,86465,,,1179668,365609,13395,1442,11953,,,,,,15448,,38,291,526,367830,4494,367830,,24,0,161a384b6f2061cfbbfa01025a32092e67ee17d5,0,0,0,0,0,
20201215,ND,88395,2163,278618,,totalTestEncountersViral,1175174,277,3073,48,479,,,83995,12/15/2020 01:59,2020-12-15T01:59:00Z,12/14 20:59,1176,3073,2020-12-15T01:59:00Z,1237350,,,86232,,,1175174,364848,13395,1442,11953,,,,,,14052,,38,328,439,367013,3325,367013,,13,0,cfe16a26d261b959812176b0e92d08afed99096d,0,0,0,0,0,
20201214,ND,88067,2079,278179,,totalTestEncountersViral,1171849,277,3073,48,479,,,83318,12/14/2020 01:59,2020-12-14T01:59:00Z,12/13 20:59,1163,3073,2020-12-14T01:59:00Z,1233700,,,85988,,,1171849,364167,13395,1442,11953,,,,,,12326,,38,196,341,366246,3189,366246,,5,89,2341f81840561947cef62f65a23b6b585148b749,0,0,0,0,0,
20201213,ND,87871,2068,277838,,totalTestEncountersViral,1168660,270,2984,41,460,,,82935,12/13/2020 01:59,2020-12-13T01:59:00Z,12/12 20:59,1158,2984,2020-12-13T01:59:00Z,1230219,,,85803,,,1168660,363641,12347,1105,11242,,,,,,12232,,38,281,366,365709,5611,365709,,0,0,c398219273242a50ea58c3b22ee46cb83db6ed8c,0,0,0,0,0,
20201212,ND,87590,2058,277472,,totalTestEncountersViral,1163049,282,2984,41,460,,,82360,12/12/2020 01:59,2020-12-12T01:59:00Z,12/11 20:59,1158,2984,2020-12-12T01:59:00Z,1224046,,,85532,,,1163049,363004,12347,1105,11242,,,,,,12078,,38,376,715,365062,6038,365062,,22,0,1ea00dc00ec0223b662c36ecec757f4d7a6e0e86,0,0,0,0,0,
20201211,ND,87214,2007,276757,,totalTestEncountersViral,1157011,277,2984,41,460,,,81678,12/11/2020 01:59,2020-12-11T01:59:00Z,12/10 20:59,1136,2984,2020-12-11T01:59:00Z,1217591,,,85207,,,1157011,361963,12347,1105,11242,,,,,,10778,,38,507,727,363971,8005,363971,,27,0,99643592ca2a1497965ea0aa3e14b1bd58fd3f76,0,0,0,0,0,
20201210,ND,86707,1972,276030,,totalTestEncountersViral,1149006,302,2984,41,460,,,81008,12/10/2020 01:59,2020-12-10T01:59:00Z,12/09 20:59,1109,2984,2020-12-10T01:59:00Z,1208966,,,84735,,,1149006,360765,12347,1105,11242,,,,,,10020,,38,558,821,362737,8311,362737,,23,0,ba3452a71c860d9df092b85c9cbb3699a5e8e5d4,0,0,0,0,0,
20201209,ND,86149,1922,275209,,totalTestEncountersViral,1140695,284,2984,41,460,,,80515,12/9/2020 01:59,2020-12-09T01:59:00Z,12/08 20:59,1086,2984,2020-12-09T01:59:00Z,1199933,,,84227,,,1140695,359437,12347,1105,11242,,,,,,8833,,38,473,272,361358,4210,361358,,16,88,d35fdf8681582d263db98886c97d9b85e57f36aa,0,0,0,0,0,
20201208,ND,85676,1864,274937,,totalTestEncountersViral,1136485,337,2896,45,452,,,77562,12/8/2020 01:59,2020-12-08T01:59:00Z,12/07 20:59,1070,2896,2020-12-08T01:59:00Z,1196950,,,83812,,,1136485,358279,12347,1105,11242,,,,,,8318,,38,582,0,360613,0,360613,,42,0,7e408e9986ae70f1681150f368382c0f32bc9662,0,0,0,0,0,
20201207,ND,85094,1797,274937,,totalTestEncountersViral,1136485,304,2896,45,452,,,77562,12/7/2020 01:59,2020-12-07T01:59:00Z,12/06 20:59,1028,2896,2020-12-07T01:59:00Z,1196950,,,83297,,,1136485,358279,12347,1105,11242,,,,,,7956,,38,387,445,360031,4460,360031,,9,16,bf453e7912992fce81362c0983bad09337b86d8c,0,0,0,0,0,
20201206,ND,84707,1774,274492,,totalTestEncountersViral,1132025,305,2880,48,450,,,76999,12/6/2020 01:59,2020-12-06T01:59:00Z,12/05 20:59,1019,2880,2020-12-06T01:59:00Z,1192122,,,82933,,,1132025,357471,12347,1105,11242,,,,,,7868,,38,488,478,359199,6904,359199,,6,12,ba176542ea6a6a04cd9cc7293d084ceccf2a0696,0,0,0,0,0,
20201205,ND,84219,1756,274014,,totalTestEncountersViral,1125121,298,2868,47,448,,,76476,12/5/2020 01:59,2020-12-05T01:59:00Z,12/04 20:59,1013,2868,2020-12-05T01:59:00Z,1184610,,,82463,,,1125121,356518,12347,1105,11242,,,,,,7553,,38,615,767,358233,8318,358233,,18,26,2c683bca797fb7a8130b451b52aca440b20d0c05,0,0,0,0,0,
20201204,ND,83604,1698,273247,,totalTestEncountersViral,1116803,324,2842,48,444,,,75653,12/4/2020 01:59,2020-12-04T01:59:00Z,12/03 20:59,995,2842,2020-12-04T01:59:00Z,1175440,,,81906,,,1116803,355196,12347,1105,11242,,,,,,6799,,38,891,669,356851,10295,356851,,12,29,a2dc500d5d1fc7feccbabb1587ec03cb04fe5729,0,0,0,0,0,
20201203,ND,82713,1658,272578,,totalTestEncountersViral,1106508,306,2813,45,440,,,74667,12/3/2020 01:59,2020-12-03T01:59:00Z,12/02 20:59,983,2813,2020-12-03T01:59:00Z,1164267,,,81055,,,1106508,353683,12347,1105,11242,,,,,,6507,,38,1017,1061,355291,10169,355291,,11,22,cffbe405572d271cdab9ef691665d5eebe6a3cc3,0,0,0,0,0,
20201202,ND,81696,1615,271517,,totalTestEncountersViral,1096339,316,2791,38,435,,,73933,12/2/2020 01:59,2020-12-02T01:59:00Z,12/01 20:59,972,2791,2020-12-02T01:59:00Z,1153230,,,80081,,,1096339,351652,12055,1007,11048,,,,,,5811,,38,551,334,353213,5195,353213,,12,40,2429c15f20d93eca226183a4b06f0e8f9383d446,0,0,0,0,0,
20201201,ND,81145,1548,271183,,totalTestEncountersViral,1091144,320,2751,35,430,,,73015,12/1/2020 01:59,2020-12-01T01:59:00Z,11/30 20:59,960,2751,2020-12-01T01:59:00Z,1147587,,,79597,,,1091144,350834,12055,1007,11048,,,,,,5463,,38,466,218,352328,3055,352328,,27,43,8192f2d6d7a34311eabefe638f24642b578140d9,0,0,0,0,0,
20201130,ND,80679,1488,270965,,totalTestEncountersViral,1088089,333,2708,38,425,,,71848,11/30/2020 01:59,2020-11-30T01:59:00Z,11/29 20:59,933,2708,2020-11-30T01:59:00Z,1144256,,,79191,,,1088089,350217,12055,1007,11048,,,,,,5155,,38,595,684,351644,7089,351644,,12,41,7d5d23f1bbde49c676b156829cfd10103247b6b9,0,0,0,0,0,
20201129,ND,80084,1488,270281,,totalTestEncountersViral,1081000,337,2667,39,417,,,70901,11/29/2020 01:59,2020-11-29T01:59:00Z,11/28 20:59,921,2667,2020-11-29T01:59:00Z,1136484,,,78596,,,1081000,348939,12055,1007,11048,,,,,,5148,,38,725,835,350365,8920,350365,,0,18,1111f90f5a330a2ca32c806c69570bcfc61cee0f,0,0,0,0,0,
20201128,ND,79359,1484,269446,,totalTestEncountersViral,1072080,345,2649,43,416,,,69669,11/28/2020 01:59,2020-11-28T01:59:00Z,11/27 20:59,921,2649,2020-11-28T01:59:00Z,1126762,,,77875,,,1072080,347377,12055,1007,11048,,,,,,5116,,38,795,607,348805,6923,348805,,13,29,7e0c11b80401bf4afa49abf8d57023ad2666b557,0,0,0,0,0,
20201127,ND,78564,1439,268839,,totalTestEncountersViral,1065157,347,2620,39,408,,,68105,11/27/2020 01:59,2020-11-27T01:59:00Z,11/26 20:59,908,2620,2020-11-27T01:59:00Z,1119225,,,77125,,,1065157,346071,11949,970,10979,,,,,,4897,,38,751,527,347403,7143,347403,,5,12,d0bf328319c6bde9a0524f7f23bdc7d898241073,0,0,0,0,0,
20201126,ND,77813,1436,268312,,totalTestEncountersViral,1058014,321,2608,33,407,,,67200,11/26/2020 01:59,2020-11-26T01:59:00Z,11/25 20:59,903,2608,2020-11-26T01:59:00Z,1111437,,,76377,,,1058014,344754,11523,852,10671,,,,,,4870,,38,1007,953,346125,8286,346125,,10,21,b0ac0318642ab7c65894fe5e528cf906af987cc2,0,0,0,0,0,
20201125,ND,76806,1380,267359,,totalTestEncountersViral,1049728,321,2587,33,406,,,65976,11/25/2020 01:59,2020-11-25T01:59:00Z,11/24 20:59,893,2587,2020-11-25T01:59:00Z,1102420,,,75426,,,1049728,342835,11523,852,10671,,,,,,4337,,38,1184,727,344165,8930,344165,,4,59,9fd97593a45fe0ed8d8edebaf60fa43dce19f9fa,0,0,0,0,0,
20201124,ND,75622,1297,266632,,totalTestEncountersViral,1040798,377,2528,36,394,,,64611,11/24/2020 01:59,2020-11-24T01:59:00Z,11/23 20:59,889,2528,2020-11-24T01:59:00Z,1092803,,,74325,,,1040798,341033,11523,852,10671,,,,,,3766,,38,1066,546,342254,7404,342254,,37,47,acfad6f5e01da5fa99efed466aef85a8f16ee6ff,0,0,0,0,0,
20201123,ND,74556,1245,266086,,totalTestEncountersViral,1033394,377,2481,42,392,,,62697,11/23/2020 01:59,2020-11-23T01:59:00Z,11/22 20:59,852,2481,2020-11-23T01:59:00Z,1084813,,,73311,,,1033394,339483,11523,852,10671,,,,,,3188,,38,712,882,340642,6472,340642,,6,22,162e7ffce19ef087f1e2dc7bb501ef93bef7ddea,0,0,0,0,0,
20201122,ND,73844,1239,265204,,totalTestEncountersViral,1026922,379,2459,39,389,,,61599,11/22/2020 01:59,2020-11-22T01:59:00Z,11/21 20:59,846,2459,2020-11-22T01:59:00Z,1077719,,,72605,,,1026922,337885,11378,818,10560,,,,,,3164,,38,1180,1056,339048,9893,339048,,6,35,3a798502231bed1ff96e7e2ac3edcf324c4e608c,0,0,0,0,0,
20201121,ND,72664,1210,264148,,totalTestEncountersViral,1017029,376,2424,42,387,,,60640,11/21/2020 01:59,2020-11-21T01:59:00Z,11/20 20:59,840,2424,2020-11-21T01:59:00Z,1067090,,,71454,,,1017029,335688,11378,818,10560,,,,,,3099,,38,1572,836,336812,11760,336812,,0,34,a60180ddee239d0ce7b575ceec3276f01ad784a1,0,0,0,0,0,
20201120,ND,71092,1161,263312,,totalTestEncountersViral,1005269,395,2390,45,385,,,59283,11/20/2020 01:59,2020-11-20T01:59:00Z,11/19 20:59,840,2390,2020-11-20T01:59:00Z,1054136,,,69931,,,1005269,333327,11378,818,10560,,,,,,2879,,38,1434,747,334404,9399,334404,,39,52,7c3f093d5753dcfa3ad32e1a24d03160879a2744,0,0,0,0,0,
20201119,ND,69658,1128,262565,,totalTestEncountersViral,995870,387,2338,46,381,,,57686,11/19/2020 01:59,2020-11-19T01:59:00Z,11/18 20:59,801,2338,2020-11-19T01:59:00Z,1043959,,,68530,,,995870,331169,11378,818,10560,,,,,,2716,,38,1450,885,332223,9530,332223,,10,31,c273e4f7292e3e208ca295714cc83b369583d02b,0,0,0,0,0,
20201118,ND,68208,1058,261680,,totalTestEncountersViral,986340,384,2307,44,378,,,56468,11/18/2020 01:59,2020-11-18T01:59:00Z,11/17 20:59,791,2307,2020-11-18T01:59:00Z,1033592,,,67150,,,986340,328910,11331,802,10529,,,,,,2563,,38,1341,307,329888,9534,329888,,16,46,0ed85bdfebf78d400f05ad5a60859c9e1aa7e762,0,0,0,0,0,
20201117,ND,66867,987,261373,,totalTestEncountersViral,976806,399,2261,48,374,,,55176,11/17/2020 01:59,2020-11-17T01:59:00Z,11/16 20:59,775,2261,2020-11-17T01:59:00Z,1022763,,,65880,,,976806,327340,11258,781,10477,,,,,,2310,,38,1129,767,328240,6122,328240,,26,66,51e9619fae963833cf46a668c59f2b0c55f2acd1,0,0,0,0,0,
20201116,ND,65738,945,260606,,totalTestEncountersViral,970684,400,2195,39,369,,,53242,11/16/2020 01:59,2020-11-16T01:59:00Z,11/15 20:59,749,2195,2020-11-16T01:59:00Z,1016356,,,64793,,,970684,325491,11258,781,10477,,,,,,2188,,38,1084,742,326344,7759,326344,,7,17,04973a096e3a327bd6748741781408892af264f4,0,0,0,0,0,
20201115,ND,64654,943,259864,,totalTestEncountersViral,962925,400,2178,38,368,,,51936,11/15/2020 01:59,2020-11-15T01:59:00Z,11/14 20:59,742,2178,2020-11-15T01:59:00Z,1008066,,,63711,,,962925,323660,11258,781,10477,,,,,,2182,,38,960,508,324518,7450,324518,,10,25,240c56e56aef361c6d5de724f0be8271f28c3d19,0,0,0,0,0,
20201114,ND,63694,914,259356,,totalTestEncountersViral,955475,425,2153,47,367,,,50835,11/14/2020 01:59,2020-11-14T01:59:00Z,11/13 20:59,732,2153,2020-11-14T01:59:00Z,999974,,,62780,,,955475,322228,11250,777,10473,,,,,,2110,,38,2329,1220,323050,13350,323050,,19,33,c0bea23b0bab0a128203a49a1d240e464cd45a09,0,0,0,0,0,
20201113,ND,61365,854,258136,,totalTestEncountersViral,942125,421,2120,50,364,,,49409,11/13/2020 01:59,2020-11-13T01:59:00Z,11/12 20:59,713,2120,2020-11-13T01:59:00Z,985273,,,60511,,,942125,318742,11136,749,10387,,,,,,1944,,38,1490,915,319501,11144,319501,,10,38,7b2035ed2c4e4aea3ed1ed5d013c5d1750a9501f,0,0,0,0,0,
20201112,ND,59875,796,257221,,totalTestEncountersViral,930981,399,2082,53,361,,,48055,11/12/2020 01:59,2020-11-12T01:59:00Z,11/11 20:59,703,2082,2020-11-12T01:59:00Z,973331,,,59079,,,930981,316393,11136,749,10387,,,,,,1782,,38,1835,987,317096,13030,317096,,12,115,bd0a075c1fbe3b612ffcbea4c0b94ee7273d4de2,0,0,0,0,0,
20201111,ND,58040,755,256234,,totalTestEncountersViral,917951,411,1967,51,351,,,45031,11/11/2020 01:59,2020-11-11T01:59:00Z,11/10 20:59,691,1967,2020-11-11T01:59:00Z,958841,,,57285,,,917951,313606,11136,749,10387,,,,,,1659,,38,1096,694,314274,10579,314274,,42,61,31a517a48fc2d49fcfa54a63481d703f09d15ff9,0,0,0,0,0,
20201110,ND,56944,697,255540,,totalTestEncountersViral,907372,383,1906,48,345,,,43949,11/9/2020 01:59,2020-11-09T01:59:00Z,11/08 20:59,649,1906,2020-11-09T01:59:00Z,952701,,,56247,,,907372,310998,11084,734,10350,,,,,,1515,,38,947,0,312484,0,312484,,0,0,d7d6d044284e9db0a6e477bce5ab6fcd8faeab34,0,0,0,0,0,
20201109,ND,55997,638,255540,,totalTestEncountersViral,907372,383,1906,48,345,,,43949,11/9/2020 01:59,2020-11-09T01:59:00Z,11/08 20:59,649,1906,2020-11-09T01:59:00Z,947371,,,55359,,,907372,310998,11084,734,10350,,,,,,1396,,38,1153,347,311537,6924,311537,,5,25,13e3605e4f3cb723e8dfbdc71e9def247caa932d,0,0,0,0,0,
20201108,ND,54844,632,255193,,totalTestEncountersViral,900448,408,1881,51,343,,,43103,11/8/2020 01:59,2020-11-08T01:59:00Z,11/07 20:59,644,1881,2020-11-08T01:59:00Z,939889,,,54212,,,900448,309498,11037,719,10318,,,,,,1364,,38,1117,426,310037,6064,310037,,11,23,3fe9893d695ea1ff0fab34fa852f20b3b873acb1,0,0,0,0,0,
20201107,ND,53727,622,254767,,totalTestEncountersViral,894384,374,1858,46,341,,,42251,11/7/2020 01:59,2020-11-07T01:59:00Z,11/06 20:59,633,1858,2020-11-07T01:59:00Z,933398,,,53105,,,894384,307971,11037,719,10318,,,,,,1351,,38,1646,704,308494,9652,308494,,15,41,32ebc608682c36b524465077e406122b5843c237,0,0,0,0,0,
20201106,ND,52081,583,254063,,totalTestEncountersViral,884732,375,1817,48,337,,,41175,11/6/2020 01:59,2020-11-06T01:59:00Z,11/05 20:59,618,1817,2020-11-06T01:59:00Z,923087,,,51498,,,884732,305665,11037,719,10318,,,,,,1240,,38,1805,930,306144,11387,306144,,17,41,0015107776f4e600c008f3b3f9d6abe0ff5395cb,0,0,0,0,0,
20201105,ND,50276,534,253133,,totalTestEncountersViral,873345,366,1776,51,333,,,40017,11/5/2020 01:59,2020-11-05T01:59:00Z,11/04 20:59,601,1776,2020-11-05T01:59:00Z,910816,,,49742,,,873345,302970,10998,710,10288,,,,,,1135,,38,1572,345,303409,9017,303409,,29,38,bb9c0e871eb475979dfde23fdefe4e516f10a69d,0,0,0,0,0,
20201104,ND,48704,481,252788,,totalTestEncountersViral,864328,352,1738,54,324,,,39163,11/4/2020 01:59,2020-11-04T01:59:00Z,11/03 20:59,572,1738,2020-11-04T01:59:00Z,901043,,,48223,,,864328,301081,10967,702,10265,,,,,,991,,38,1172,485,301492,7956,301492,,12,36,9ae68c55f92a2f2b76a9c6b5afa77aaf1b063eaf,0,0,0,0,0,
20201103,ND,47532,424,252303,,totalTestEncountersViral,856372,335,1702,46,322,,,38236,11/3/2020 01:59,2020-11-03T01:59:00Z,11/02 20:59,560,1702,2020-11-03T01:59:00Z,892557,,,47108,,,856372,299490,10933,691,10242,,,,,,880,,38,1221,871,299835,7607,299835,,15,46,5906a60a9f6a01330427b95b5313b88d8f3ec095,0,0,0,0,0,
20201102,ND,46311,396,251432,,totalTestEncountersViral,848765,274,1656,36,317,,,37035,11/2/2020 01:59,2020-11-02T01:59:00Z,11/01 20:59,545,1656,2020-11-02T01:59:00Z,884557,,,45915,,,848765,297447,10909,686,10223,,,,,,771,,38,967,682,297743,7716,297743,,9,22,856101aaf4a5a8614f22073ec0bab389ab148e82,0,0,0,0,0,
20201101,ND,45344,395,250750,,totalTestEncountersViral,841049,278,1634,38,314,,,36142,11/1/2020 01:59,2020-11-01T01:59:00Z,10/31 21:59,536,1634,2020-11-01T01:59:00Z,876350,,,44949,,,841049,295793,10908,686,10222,,,,,,756,,38,1150,602,296094,8940,296094,,7,16,4969931bcf4ed6e2ed506f2031f2b324780291e8,0,0,0,0,0,
20201031,ND,44194,361,250148,,totalTestEncountersViral,832109,309,1618,46,314,,,35533,10/31/2020 01:59,2020-10-31T01:59:00Z,10/30 21:59,529,1618,2020-10-31T01:59:00Z,866805,,,43833,,,832109,294064,10846,673,10173,,,,,,735,,38,1461,693,294342,8782,294342,,12,32,7f4477118751f9c0d9f3a44353f0a7749d9ce5cb,0,0,0,0,0,
20201030,ND,42733,330,249455,,totalTestEncountersViral,823327,294,1586,44,312,,,34696,10/30/2020 01:59,2020-10-30T01:59:00Z,10/29 21:59,517,1586,2020-10-30T01:59:00Z,857502,,,42403,,,823327,291938,10846,673,10173,,,,,,668,,38,1378,1065,292188,11315,292188,,13,39,7777a1f8eb0e708794ccf850ebf224d103a91d00,0,0,0,0,0,
20201029,ND,41355,304,248390,,totalTestEncountersViral,812012,287,1547,41,308,,,33860,10/29/2020 01:59,2020-10-29T01:59:00Z,10/28 21:59,504,1547,2020-10-29T01:59:00Z,845567,,,41051,,,812012,289520,10804,664,10140,,,,,,619,,38,1228,773,289745,7845,289745,,11,28,978ee77d9e220360bca97afb5a4658deb221a644,0,0,0,0,0,
20201028,ND,40127,288,247617,,totalTestEncountersViral,804167,284,1519,41,304,,,33172,10/28/2020 01:59,2020-10-28T01:59:00Z,10/27 21:59,493,1519,2020-10-28T01:59:00Z,837117,,,39839,,,804167,287524,10690,632,10058,,,,,,572,,38,818,551,287744,7653,287744,,12,41,28306b6eba2457877523c5b287d18ec7ecd7bcca,0,0,0,0,0,
20201027,ND,39309,252,247066,,totalTestEncountersViral,796514,283,1478,37,297,,,32339,10/27/2020 01:59,2020-10-27T01:59:00Z,10/26 21:59,481,1478,2020-10-27T01:59:00Z,829052,,,39057,,,796514,286196,10690,632,10058,,,,,,495,,38,903,829,286375,5978,286375,,14,41,270de874a9a35869b4b61021cf87e9353301ad04,0,0,0,0,0,
20201026,ND,38406,241,246237,,totalTestEncountersViral,790536,256,1437,38,293,,,31334,10/26/2020 01:59,2020-10-26T01:59:00Z,10/25 21:59,467,1437,2020-10-26T01:59:00Z,822605,,,38165,,,790536,284478,10690,632,10058,,,,,,465,,38,532,546,284643,6379,284643,,6,20,a5aa927b4101debdc920d7103c361fe7290c158e,0,0,0,0,0,
20201025,ND,37874,236,245691,,totalTestEncountersViral,784157,272,1417,37,291,,,30757,10/25/2020 01:59,2020-10-25T01:59:00Z,10/24 21:59,461,1417,2020-10-25T01:59:00Z,815909,,,37638,,,784157,283394,10674,627,10047,,,,,,458,,38,849,897,283565,8371,283565,,8,12,a64dbc2eb5a1b5811118d550f5954d3e40dc2904,0,0,0,0,0,
20201024,ND,37025,230,244794,,totalTestEncountersViral,775786,278,1405,41,287,,,30116,10/24/2020 01:59,2020-10-24T01:59:00Z,10/23 21:59,453,1405,2020-10-24T01:59:00Z,807053,,,36795,,,775786,281668,10660,621,10039,,,,,,444,,38,967,1031,281819,7377,281819,,8,17,4fb64ed0b9abbc06b823385d83afc249242927c1,0,0,0,0,0,
20201023,ND,36058,186,243763,,totalTestEncountersViral,768409,282,1388,44,286,,,29136,10/23/2020 01:59,2020-10-23T01:59:00Z,10/22 21:59,445,1388,2020-10-23T01:59:00Z,799305,,,35872,,,768409,279702,10552,590,9962,,,,,,373,,38,896,1123,279821,8091,279821,,18,37,b7d19fc0f354f288721d93761e333f46f9ea6efc,0,0,0,0,0,
20201022,ND,35162,173,242640,,totalTestEncountersViral,760318,276,1351,38,282,,,28271,10/22/2020 01:59,2020-10-22T01:59:00Z,10/21 21:59,427,1351,2020-10-22T01:59:00Z,790738,,,34989,,,760318,277692,10552,590,9962,,,,,,361,,38,1048,1209,277802,7823,277802,,0,27,c0580f0c16a314a06023f8696927caea71422aab,0,0,0,0,0,
20201021,ND,34114,157,241431,,totalTestEncountersViral,752495,219,1324,33,281,,,27769,10/21/2020 01:59,2020-10-21T01:59:00Z,10/20 21:59,427,1324,2020-10-21T01:59:00Z,782486,,,33957,,,752495,275596,10552,590,9962,,,,,,329,,38,521,525,275545,6131,275545,,10,23,340066e24029dabd8f7776a6082629a1f62b0e8b,0,0,0,0,0,
20201020,ND,33593,145,240906,,totalTestEncountersViral,746364,209,1301,39,279,,,27222,10/20/2020 01:59,2020-10-20T01:59:00Z,10/19 21:59,417,1301,2020-10-20T01:59:00Z,776039,,,33448,,,746364,274572,10527,584,9943,,,,,,288,,38,1049,806,274499,5204,274499,,4,34,46bb5605e5c1dcc502a015334dac08083e336a65,0,0,0,0,0,
20201019,ND,32544,128,240100,,totalTestEncountersViral,741160,205,1267,38,277,,,26392,10/19/2020 01:59,2020-10-19T01:59:00Z,10/18 21:59,413,1267,2020-10-19T01:59:00Z,770510,,,32416,,,741160,272737,10490,572,9918,,,,,,266,,38,658,1523,272644,8072,272644,,4,14,6bd26afc20ab52f5fa40cbff7d1c9727af983151,0,0,0,0,0,
20201018,ND,31886,126,238577,,totalTestEncountersViral,733088,210,1253,35,277,,,25922,10/18/2020 01:59,2020-10-18T01:59:00Z,10/17 21:59,409,1253,2020-10-18T01:59:00Z,762083,,,31760,,,733088,270555,10486,572,9914,,,,,,264,,38,713,1166,270463,6901,270463,,5,11,c6d5d33438b70026a86b2756b2e786a9d089760f,0,0,0,0,0,
20201017,ND,31173,123,237411,,totalTestEncountersViral,726187,217,1242,39,274,,,25492,10/17/2020 01:59,2020-10-17T01:59:00Z,10/16 21:59,404,1242,2020-10-17T01:59:00Z,754769,,,31050,,,726187,268672,10478,569,9909,,,,,,258,,38,771,1065,268584,7170,268584,,11,21,cfd59f16f3eab047fab219ba5fded5cd11f923af,0,0,0,0,0,
20201016,ND,30402,100,236346,,totalTestEncountersViral,719017,217,1221,39,271,,,24882,10/16/2020 01:59,2020-10-16T01:59:00Z,10/15 21:59,393,1221,2020-10-16T01:59:00Z,747239,,,30302,,,719017,266863,10450,563,9887,,,,,,228,,38,880,1238,266748,8751,266748,,18,29,9784a9cb51341e97875e23524e83a5f6d0ab6873,0,0,0,0,0,
20201015,ND,29522,84,235108,,totalTestEncountersViral,710266,207,1192,38,268,,,24336,10/15/2020 01:59,2020-10-15T01:59:00Z,10/14 21:59,375,1192,2020-10-15T01:59:00Z,738020,,,29438,,,710266,264761,10298,527,9771,,,,,,203,,38,696,822,264630,6732,264630,,5,33,075a9fdd48cbca7bcb8bf0683bb7d2e9895d3dac,0,0,0,0,0,
20201014,ND,28826,76,234286,,totalTestEncountersViral,703534,206,1159,39,262,,,23823,10/14/2020 01:59,2020-10-14T01:59:00Z,10/13 21:59,370,1159,2020-10-14T01:59:00Z,730902,,,28750,,,703534,263233,10253,513,9740,,,,,,187,,38,663,786,263112,7466,263112,,8,33,a50aa2a61185fd4e0f943a4602677ee32e187f76,0,0,0,0,0,
20201013,ND,28163,40,233500,,totalTestEncountersViral,696068,206,1126,41,255,,,23288,10/13/2020 01:59,2020-10-13T01:59:00Z,10/12 21:59,362,1126,2020-10-13T01:59:00Z,723102,,,28123,,,696068,261745,10140,485,9655,,,,,,137,,38,490,898,261663,5019,261663,,12,27,06113dab3baed696ee59c31726fde1406f27a3d4,0,0,0,0,0,
20201012,ND,27673,29,232602,,totalTestEncountersViral,691049,233,1099,33,250,,,22846,10/12/2020 01:59,2020-10-12T01:59:00Z,10/11 21:59,350,1099,2020-10-12T01:59:00Z,717732,,,27644,,,691049,260339,10140,485,9655,,,,,,125,,38,473,831,260275,5338,260275,,7,23,cbc24715bc0f467fb603fd785ff291b126d0dd7a,0,0,0,0,0,
20201011,ND,27200,23,231771,,totalTestEncountersViral,685711,231,1076,46,249,,,22500,10/11/2020 01:59,2020-10-11T01:59:00Z,10/10 21:59,343,1076,2020-10-11T01:59:00Z,712136,,,27177,,,685711,259036,10140,485,9655,,,,,,124,,38,637,1213,258971,7514,258971,,3,14,d0cd98eec06d9c6baea420e3fb4bc3690b9ea649,0,0,0,0,0,
20201010,ND,26563,23,230558,,totalTestEncountersViral,678197,219,1062,42,248,,,22123,10/10/2020 01:59,2020-10-10T01:59:00Z,10/09 21:59,340,1062,2020-10-10T01:59:00Z,704274,,,26540,,,678197,257186,10140,485,9655,,,,,,116,,38,598,1402,257121,8158,257121,,15,25,ffb8d8661d52830e96cf2df82591a627920e6a79,0,0,0,0,0,
20201009,ND,25965,12,229156,,totalTestEncountersViral,670039,202,1037,39,245,,,21755,10/9/2020 01:59,2020-10-09T01:59:00Z,10/08 21:59,325,1037,2020-10-09T01:59:00Z,695621,,,25953,,,670039,255196,10140,485,9655,,,,,,68,,38,644,1133,255121,8833,255121,,11,21,fb088ec667b61a1f6ef1fc09ce66053fd46213fd,0,0,0,0,0,
20201008,ND,25321,11,228023,,totalTestEncountersViral,661206,214,1016,40,238,,,21242,10/8/2020 01:59,2020-10-08T01:59:00Z,10/07 21:59,314,1016,2020-10-08T01:59:00Z,686464,,,25310,,,661206,253407,10140,485,9655,,,,,,65,,38,523,1207,253344,6558,253344,,6,21,b7a0b482416564e21e2a6719701dfb439e5a70cf,0,0,0,0,0,
20201007,ND,24798,11,226816,,totalTestEncountersViral,654648,116,995,27,235,,,20847,10/7/2020 01:59,2020-10-07T01:59:00Z,10/06 21:59,308,995,2020-10-07T01:59:00Z,679564,,,24787,,,654648,251673,10124,485,9639,,,,,,49,,38,490,1093,251614,6242,251614,,24,27,4480e2edb364e3833ba5aa792b7dc11c95d1729c,0,0,0,0,0,
20201006,ND,24308,11,225723,,totalTestEncountersViral,648406,116,968,27,233,,,20392,10/6/2020 01:59,2020-10-06T01:59:00Z,10/05 21:59,284,968,2020-10-06T01:59:00Z,673003,,,24297,,,648406,250087,9958,471,9487,,,,,,49,,38,502,933,250031,5737,250031,,4,29,9485ae6968255c2f84affc2b0b5c06e11ea9f8c6,0,0,0,0,0,
20201005,ND,23806,11,224790,,totalTestEncountersViral,642669,112,939,24,226,,,19892,10/5/2020 01:59,2020-10-05T01:59:00Z,10/04 21:59,280,939,2020-10-05T01:59:00Z,666931,,,23795,,,642669,248652,9958,471,9487,,,,,,49,,38,311,748,248596,4349,248596,,3,14,b890a56db04567db5bb1fe12621fadabe23f7b1a,0,0,0,0,0,
20201004,ND,23495,11,224042,,totalTestEncountersViral,638320,100,925,21,222,,,19497,10/4/2020 01:59,2020-10-04T01:59:00Z,10/03 21:59,277,925,2020-10-04T01:59:00Z,662284,,,23484,,,638320,247592,9957,470,9487,,,,,,49,,38,411,1170,247537,6021,247537,,3,13,2b0b5dd45ae823a2c1fbf6d97f26188ca6fc528c,0,0,0,0,0,
20201003,ND,23084,11,222872,,totalTestEncountersViral,632299,100,912,22,220,,,19079,10/3/2020 01:59,2020-10-03T01:59:00Z,10/02 21:59,274,912,2020-10-03T01:59:00Z,655974,,,23073,,,632299,246006,9731,444,9287,,,,,,49,,38,443,1254,245956,5849,245956,,7,10,2a465a962497b3c92489a74f228be884f197c2c6,0,0,0,0,0,
20201002,ND,22641,7,221618,,totalTestEncountersViral,626450,111,902,21,217,,,18691,10/2/2020 01:59,2020-10-02T01:59:00Z,10/01 21:59,267,902,2020-10-02T01:59:00Z,649885,,,22634,,,626450,244312,9731,444,9287,,,,,,43,,38,471,936,244259,7119,244259,,8,18,cde469060123189c5a1ce9d504635b244cccfbd2,0,0,0,0,0,
20201001,ND,22170,6,220682,,totalTestEncountersViral,619331,106,884,22,214,,,18272,10/1/2020 01:59,2020-10-01T01:59:00Z,09/30 21:59,259,884,2020-10-01T01:59:00Z,642453,,,22164,,,619331,242900,9578,427,9151,,,,,,42,,38,367,1036,242852,5844,242852,,10,25,f5a0d546cc4c22d86a76d2ac11b8fa986aff9b81,0,0,0,0,0,
20200930,ND,21803,6,219646,,totalTestEncountersViral,613487,89,859,18,210,,,17938,9/30/2020 01:59,2020-09-30T01:59:00Z,09/29 21:59,249,859,2020-09-30T01:59:00Z,636374,,,21797,,,613487,241484,9578,427,9151,,,,,,23,,38,444,1199,241449,5102,241449,,7,11,20222536a5c573220af44e9e4cd13d273c612a3e,0,0,0,0,0,
20200929,ND,21359,6,218447,,totalTestEncountersViral,608385,105,848,16,204,,,17511,9/29/2020 01:59,2020-09-29T01:59:00Z,09/28 21:59,242,848,2020-09-29T01:59:00Z,631041,,,21353,,,608385,239849,9375,424,8951,,,,,,22,,38,419,693,239806,4463,239806,,5,20,84e3aad30cfd5aed2c88d2e67b1702226ed7a666,0,0,0,0,0,
20200928,ND,20940,2,217754,,totalTestEncountersViral,603922,105,828,18,201,,,17080,9/28/2020 01:59,2020-09-28T01:59:00Z,09/27 21:59,237,828,2020-09-28T01:59:00Z,626289,,,20938,,,603922,238737,9357,422,8935,,,,,,18,,38,259,860,238694,3855,238694,,3,13,5deb7f7b68a17fd823c15d5fc6d813cff1031a86,0,0,0,0,0,
20200927,ND,20681,2,216894,,totalTestEncountersViral,600067,96,815,18,201,,,16727,9/27/2020 01:59,2020-09-27T01:59:00Z,09/26 21:59,234,815,2020-09-27T01:59:00Z,622308,,,20679,,,600067,237618,9344,421,8923,,,,,,18,,38,341,1045,237575,5439,237575,,4,6,2df807a483f5f878a7eb0030fb2642d380dfe9a7,0,0,0,0,0,
20200926,ND,20340,2,215849,,totalTestEncountersViral,594628,104,809,22,201,,,16481,9/26/2020 01:59,2020-09-26T01:59:00Z,09/25 21:59,230,809,2020-09-26T01:59:00Z,616642,,,20338,,,594628,236229,9344,421,8923,,,,,,17,,38,497,1100,236189,7064,236189,,8,20,cb7a7915a43508e4d25dc3aa85a05a585846a12c,0,0,0,0,0,
20200925,ND,19843,2,214749,,totalTestEncountersViral,587564,89,789,25,200,,,16104,9/25/2020 01:59,2020-09-25T01:59:00Z,09/24 21:59,222,789,2020-09-25T01:59:00Z,609021,,,19841,,,587564,234634,9312,417,8895,,,,,,17,,38,431,1087,234592,5460,234592,,6,12,268a43877a3a9334ee599eca852aea57b08267c1,0,0,0,0,0,
20200924,ND,19412,2,213662,,totalTestEncountersViral,582104,89,777,26,194,,,15757,9/24/2020 01:59,2020-09-24T01:59:00Z,09/23 21:59,216,777,2020-09-24T01:59:00Z,603207,,,19410,,,582104,233113,9259,412,8847,,,,,,17,,38,467,791,233074,6625,233074,,10,14,c7ccd0e91130664d4988355f165029b325d9e1fd,0,0,0,0,0,
20200923,ND,18945,2,212871,,totalTestEncountersViral,575479,89,763,25,192,,,15476,9/23/2020 01:59,2020-09-23T01:59:00Z,09/22 21:59,206,763,2020-09-23T01:59:00Z,596181,,,18943,,,575479,231852,9259,412,8847,,,,,,17,,38,472,1309,231816,6939,231816,,7,11,347113537c456bfbdb4b9718becb2a46c34e8623,0,0,0,0,0,
20200922,ND,18473,2,211562,,totalTestEncountersViral,568540,92,752,26,192,,,15220,9/22/2020 01:59,2020-09-22T01:59:00Z,09/21 21:59,199,752,2020-09-22T01:59:00Z,588751,,,18471,,,568540,230070,9240,407,8833,,,,,,11,,38,264,295,230035,2697,230035,,3,22,7bdfa9ce80e782cc81d25b231d6ba4ef754be622,0,0,0,0,0,
20200921,ND,18209,2,211267,,totalTestEncountersViral,565843,87,730,23,186,,,14841,9/21/2020 01:59,2020-09-21T01:59:00Z,09/20 21:59,196,730,2020-09-21T01:59:00Z,585970,,,18207,,,565843,229511,9203,403,8800,,,,,,11,,38,284,970,229476,3244,229476,,1,7,7987a59a4d189a99010375d160b2b72639ee3e09,0,0,0,0,0,
20200920,ND,17925,2,210297,,totalTestEncountersViral,562599,81,723,22,185,,,14558,9/20/2020 01:59,2020-09-20T01:59:00Z,09/19 21:59,195,723,2020-09-20T01:59:00Z,582629,,,17923,,,562599,228255,9164,400,8764,,,,,,11,,38,352,1402,228222,5737,228222,,0,7,94aeed3746a6f301e0e6b0dc3afe81508409f388,0,0,0,0,0,
20200919,ND,17573,0,208895,,totalTestEncountersViral,556862,78,716,22,184,,,14319,9/19/2020 01:59,2020-09-19T01:59:00Z,09/18 21:59,195,716,2020-09-19T01:59:00Z,576672,,,17573,,,556862,226502,9164,400,8764,,,,,,9,,38,378,932,226468,6538,226468,,8,11,8e65d3163e78515dc5ad09c4662129d76a01b9dc,0,0,0,0,0,
20200918,ND,17195,0,207963,,totalTestEncountersViral,550324,77,705,24,183,,,14060,9/18/2020 01:59,2020-09-18T01:59:00Z,09/17 21:59,187,705,2020-09-18T01:59:00Z,569913,,,17195,,,550324,225193,9164,400,8764,,,,,,8,,38,505,1516,225158,9699,225158,,2,14,f7bb3b563565fa6f05ccfb8c6c66d32f8d3b2007,0,0,0,0,0,
20200917,ND,16690,0,206447,,totalTestEncountersViral,540625,69,691,24,181,,,13828,9/17/2020 01:59,2020-09-17T01:59:00Z,09/16 21:59,185,691,2020-09-17T01:59:00Z,559923,,,16690,,,540625,223170,9028,377,8651,,,,,,8,,38,392,723,223137,6402,223137,,10,17,000a1a270c411ee29e7bfd651ee36058a2015840,0,0,0,0,0,
20200916,ND,16298,0,205724,,totalTestEncountersViral,534223,62,674,20,176,,,13628,9/16/2020 01:59,2020-09-16T01:59:00Z,09/15 21:59,175,674,2020-09-16T01:59:00Z,553163,,,16298,,,534223,222057,9028,377,8651,,,,,,8,,38,265,1143,222022,5021,222022,,0,17,773d2cc2691388dd0e92b091fa5b907371628e28,0,0,0,0,0,
20200915,ND,16033,0,204581,,totalTestEncountersViral,529202,62,657,18,171,,,13328,9/15/2020 01:59,2020-09-15T01:59:00Z,09/14 21:59,175,657,2020-09-15T01:59:00Z,547945,,,16033,,,529202,220645,9028,377,8651,,,,,,3,,38,232,182,220614,1667,220614,,2,11,aa549fb35b400e3fe77bd48f6dc30d928a954737,0,0,0,0,0,
20200914,ND,15801,0,204399,,totalTestEncountersViral,527535,65,646,19,171,,,12903,9/14/2020 01:59,2020-09-14T01:59:00Z,09/13 21:59,173,646,2020-09-14T01:59:00Z,546127,,,15801,,,527535,220230,9028,377,8651,,,,,,3,,38,252,1370,220200,3965,220200,,2,3,2588c94422f83529407421f30cdadcec66d7a44e,0,0,0,0,0,
20200913,ND,15549,0,203029,,totalTestEncountersViral,523570,62,643,18,170,,,12655,9/13/2020 01:59,2020-09-13T01:59:00Z,09/12 21:59,171,643,2020-09-13T01:59:00Z,541850,,,15549,,,523570,218606,9026,376,8650,,,,,,3,,38,429,1599,218578,8150,218578,,1,9,0bf84260d5aefad508d5b85f1068cf9ade6f9ed2,0,0,0,0,0,
20200912,ND,15120,0,201430,,totalTestEncountersViral,515420,56,634,18,169,,,12450,9/12/2020 01:59,2020-09-12T01:59:00Z,09/11 21:59,170,634,2020-09-12T01:59:00Z,533340,,,15120,,,515420,216581,9020,373,8647,,,,,,2,,38,466,1038,216550,9022,216550,,7,4,1e678e2463d81b44a3224f300000054f75e36ab8,0,0,0,0,0,
20200911,ND,14654,0,200392,,totalTestEncountersViral,506398,64,630,22,169,,,12177,9/11/2020 01:59,2020-09-11T01:59:00Z,09/10 21:59,163,630,2020-09-11T01:59:00Z,523783,,,14654,,,506398,215076,8978,367,8611,,,,,,2,,38,241,543,215046,5474,215046,,0,6,460c1d8f9360a7c32ca65accb8a58f0ed476d984,0,0,0,0,0,
20200910,ND,14413,0,199849,,totalTestEncountersViral,500924,62,624,21,165,,,11930,9/10/2020 01:59,2020-09-10T01:59:00Z,09/09 21:59,163,624,2020-09-10T01:59:00Z,518090,,,14413,,,500924,214292,8978,367,8611,,,,,,2,,38,335,1000,214262,6155,214262,,3,13,01221408af0656959e0b3950ff5f086c53691330,0,0,0,0,0,
20200909,ND,14078,0,198849,,totalTestEncountersViral,494769,53,611,18,163,,,11733,9/9/2020 01:59,2020-09-09T01:59:00Z,09/08 21:59,160,611,2020-09-09T01:59:00Z,511730,,,14078,,,494769,212959,8918,359,8559,,,,,,1,,38,236,592,212927,3027,212927,,0,7,56a1130af94356f0d42ce08b91db6e6b8fdbcbd2,0,0,0,0,0,
20200908,ND,13842,0,198257,,totalTestEncountersViral,491742,63,604,19,162,,,11452,9/8/2020 01:59,2020-09-08T01:59:00Z,09/07 21:59,160,604,2020-09-08T01:59:00Z,508555,,,13842,,,491742,212129,8918,359,8559,,,,,,1,,38,74,160,212099,1374,212099,,0,2,3e9e3a0fc65666c8c39edf8a52fb4b5d1d3697b6,0,0,0,0,0,
20200907,ND,13768,0,198097,,totalTestEncountersViral,490368,68,602,19,162,,,11080,9/7/2020 01:59,2020-09-07T01:59:00Z,09/06 21:59,160,602,2020-09-07T01:59:00Z,507124,,,13768,,,490368,211675,8913,359,8554,,,,,,1,,38,169,729,211865,2082,211865,,0,4,b63924239d8476726c3e97aadbbd8a013c8e6cac,0,0,0,0,0,
20200906,ND,13599,0,197368,,totalTestEncountersViral,488286,64,598,18,161,,,10821,9/6/2020 01:59,2020-09-06T01:59:00Z,09/05 21:59,160,598,2020-09-06T01:59:00Z,504785,,,13599,,,488286,210757,8913,359,8554,,,,,,1,,38,298,1203,210967,4462,210967,,1,2,86213a322bd1636e4d31584edde85dcb23982209,0,0,0,0,0,
20200905,ND,13301,0,196165,,totalTestEncountersViral,483824,67,596,18,159,,,10640,9/5/2020 01:59,2020-09-05T01:59:00Z,09/04 21:59,159,596,2020-09-05T01:59:00Z,500132,,,13301,,,483824,209213,8904,359,8545,,,,,,1,,38,355,1382,209466,7031,209466,,5,6,a3249e4fe4b084ae0ea1314f320f3c762e8e14fd,0,0,0,0,0,
20200904,ND,12946,0,194783,,totalTestEncountersViral,476793,67,590,17,158,,,10310,9/4/2020 01:59,2020-09-04T01:59:00Z,09/03 21:59,154,590,2020-09-04T01:59:00Z,492798,,,12946,,,476793,207257,8872,355,8517,,,,,,1,,38,340,1513,207729,6370,207729,,0,7,ed2c56331f16d4ae5c0f98f7e54d1bdf8a61647d,0,0,0,0,0,
20200903,ND,12606,0,193270,,totalTestEncountersViral,470423,51,583,16,156,,,10051,9/3/2020 01:59,2020-09-03T01:59:00Z,09/02 21:59,154,583,2020-09-03T01:59:00Z,486081,,,12606,,,470423,205204,8678,348,8330,,,,,,1,,38,359,1440,205876,6312,205876,,2,8,31d70784c1a7bef195fc121401c0f8fc5474d904,0,0,0,0,0,
20200902,ND,12247,0,191830,,totalTestEncountersViral,464111,66,575,16,153,,,9834,9/2/2020 01:59,2020-09-02T01:59:00Z,09/01 21:59,152,575,2020-09-02T01:59:00Z,479537,,,12247,,,464111,203229,8655,342,8313,,,,,,1,,38,265,1412,204077,5525,204077,,3,11,0d2f88dae1486cdda383de8ea2be9d13562b29cc,0,0,0,0,0,
20200901,ND,11982,0,190418,,totalTestEncountersViral,458586,62,564,15,152,,,9610,9/1/2020 01:59,2020-09-01T01:59:00Z,08/31 21:59,149,564,2020-09-01T01:59:00Z,473749,,,11982,,,458586,201357,8616,338,8278,,,,,,1,,38,192,473,202400,2396,202400,,2,10,3cad6dc517ae72e28f8387a1a972a05c6f1f0a31,0,0,0,0,0,
20200831,ND,11790,0,189945,,totalTestEncountersViral,456190,68,554,17,149,,,9295,8/31/2020 01:59,2020-08-31T01:59:00Z,08/30 21:59,147,554,2020-08-31T01:59:00Z,471253,,,11790,,,456190,200456,8580,335,8245,,,,,,,,38,114,1682,201735,1781,201735,,2,0,98f771839a10c9763cc3241d081b628748befa74,0,0,0,0,0,
20200830,ND,11676,0,188263,,totalTestEncountersViral,454409,68,554,17,147,,,9079,8/30/2020 01:59,2020-08-30T01:59:00Z,08/29 21:59,145,554,2020-08-30T01:59:00Z,469333,,,11676,,,454409,199722,8565,334,8231,,,,,,,,38,221,0,199939,3551,199939,,0,3,f80de156284bf53f82e4cafa7fea21f8bd2dbc68,0,0,0,0,0,
20200829,ND,11455,0,188263,,totalTestEncountersViral,450858,65,551,17,147,,,9018,8/29/2020 01:59,2020-08-29T01:59:00Z,08/28 21:59,145,551,2020-08-29T01:59:00Z,465673,,,11455,,,450858,198321,8565,334,8231,,,,,,,,38,372,1377,199718,7678,199718,,2,1,4fd59ad88fbf7bb95bc1e8b7e94049dad6aa6f5b,0,0,0,0,0,
20200828,ND,11083,0,186886,,totalTestEncountersViral,443180,70,550,17,144,,,8808,8/28/2020 01:59,2020-08-28T01:59:00Z,08/27 21:59,143,550,2020-08-28T01:59:00Z,457772,,,11083,,,443180,196389,8329,318,8011,,,,,,,,38,307,1127,197969,7514,197969,,0,16,c5837dd4751a7d9dc8368653c6cbd340eb03fe75,0,0,0,0,0,
20200827,ND,10776,0,185759,,totalTestEncountersViral,435666,61,534,17,142,,,8666,8/27/2020 01:59,2020-08-27T01:59:00Z,08/26 21:59,143,534,2020-08-27T01:59:00Z,449894,,,10776,,,435666,194659,8329,318,8011,,,,,,,,38,332,1108,196535,6614,196535,,1,9,08abdd9ae2a63936d38b6d52a1bc62156f77ed96,0,0,0,0,0,
20200826,ND,10444,0,184651,,totalTestEncountersViral,429052,53,525,17,142,,,8545,8/26/2020 01:59,2020-08-26T01:59:00Z,08/25 21:59,142,525,2020-08-26T01:59:00Z,442929,,,10444,,,429052,193100,8329,318,8011,,,,,,,,38,233,1281,195095,4260,195095,,0,6,3e28dbc809204ee7f9bfa193716e066b4cc00fdd,0,0,0,0,0,
20200825,ND,10211,0,183370,,totalTestEncountersViral,424792,50,519,16,140,,,8410,8/25/2020 01:59,2020-08-25T01:59:00Z,08/24 21:59,142,519,2020-08-25T01:59:00Z,438486,,,10211,,,424792,191458,8290,314,7976,,,,,,,,38,233,1352,193581,3087,193581,,2,14,44730aaaefe032a56deaef64b403a5ae9286ad17,0,0,0,0,0,
20200824,ND,9978,0,182018,,totalTestEncountersViral,421705,51,505,16,141,,,8206,8/24/2020 01:59,2020-08-24T01:59:00Z,08/23 21:59,140,505,2020-08-24T01:59:00Z,435308,,,9978,,,421705,189815,8218,308,7910,,,,,,,,38,126,1009,191996,2396,191996,,0,4,c6627e597b2c1ed26270db8ad2ad7b0189428a36,0,0,0,0,0,
20200823,ND,9852,0,181009,,totalTestEncountersViral,419309,52,501,17,141,,,8064,8/23/2020 01:59,2020-08-23T01:59:00Z,08/22 21:59,140,501,2020-08-23T01:59:00Z,432722,,,9852,,,419309,188617,8203,308,7895,,,,,,,,38,138,1707,190861,4402,190861,,4,2,65c46d3f25068096c2c4111fe87da689e0b5c0b3,0,0,0,0,0,
20200822,ND,9714,0,179302,,totalTestEncountersViral,414907,53,499,16,140,,,7968,8/22/2020 01:59,2020-08-22T01:59:00Z,08/21 21:59,136,499,2020-08-22T01:59:00Z,428228,,,9714,,,414907,186815,8175,305,7870,,,,,,,,38,256,1764,189016,6623,189016,,0,8,89201926d66f77f656a521bcfeff79d04659d730,0,0,0,0,0,
20200821,ND,9458,0,177538,,totalTestEncountersViral,408284,54,491,15,139,,,7841,8/21/2020 00:00,2020-08-21T00:00:00Z,08/20 20:00,136,491,2020-08-21T00:00:00Z,421358,,,9458,,,408284,184638,8175,305,7870,,,,,,,,38,231,1993,186996,6527,186996,,2,13,d83f490aa64220abfb3a2ebeb0ae29060ca7dd3b,0,0,0,0,0,
20200820,ND,9227,0,175545,,totalTestEncountersViral,401757,45,478,15,136,,,7718,8/20/2020 13:00,2020-08-20T13:00:00Z,08/20 09:00,134,478,2020-08-20T13:00:00Z,414503,,,9227,,,401757,182644,8136,300,7836,,,,,,,,38,274,1987,184772,7454,184772,,0,0,d917f9e91e1f40ecbcc5c58e8bdb999c34138ae8,0,0,0,0,0,
20200819,ND,8953,0,173558,,totalTestEncountersViral,394303,49,478,15,136,,,7629,8/19/2020 00:00,2020-08-19T00:00:00Z,08/18 20:00,134,478,2020-08-19T00:00:00Z,406774,,,8953,,,394303,180380,8105,300,7805,,,,,,,,38,188,1412,182511,4685,182511,,2,9,bb4fbd7bd37ddff85862b8339736d30ef1b49147,0,0,0,0,0,
20200818,ND,8765,0,172146,,totalTestEncountersViral,389618,47,469,,,,,7485,8/18/2020 00:00,2020-08-18T00:00:00Z,08/17 20:00,132,469,2020-08-18T00:00:00Z,401909,,,8765,,,389618,178831,8065,298,7767,,,,,,,,38,133,374,180911,1784,180911,,2,8,9e513b5867c7abb6f5d4a15447ac14f26e2742c8,0,0,0,0,0,
20200817,ND,8632,0,171772,,totalTestEncountersViral,387834,55,461,,,,,7343,8/17/2020 00:00,2020-08-17T00:00:00Z,08/16 20:00,130,461,2020-08-17T00:00:00Z,400035,,,8632,,,387834,178013,8027,293,7734,,,,,,,,38,59,559,180404,2603,180404,,1,2,9ae0f26c055792a68e35ffb86a5a856ae66cc473,0,0,0,0,0,
20200816,ND,8573,0,171213,,totalTestEncountersViral,385231,54,459,,,,,7249,8/16/2020 00:00,2020-08-16T00:00:00Z,08/15 20:00,129,459,2020-08-16T00:00:00Z,397335,,,8573,,,385231,177226,8016,293,7723,,,,,,,,38,143,1512,179786,5415,179786,,4,2,ee985e985cc8b99b6fd9fc11dd891e9ca1c6fdd5,0,0,0,0,0,
20200815,ND,8430,0,169701,,totalTestEncountersViral,379816,55,457,,,,,7161,8/15/2020 00:00,2020-08-15T00:00:00Z,08/14 20:00,125,457,2020-08-15T00:00:00Z,391750,,,8430,,,379816,175603,8007,293,7714,,,,,,,,38,123,1420,178131,6266,178131,,0,2,2f11a8510be7b140e3e462e1c69c2aa3312d9469,0,0,0,0,0,
20200814,ND,8307,0,168281,,totalTestEncountersViral,373550,65,455,,,,,7066,8/14/2020 00:00,2020-08-14T00:00:00Z,08/13 20:00,125,455,2020-08-14T00:00:00Z,385271,,,8307,,,373550,174087,7975,292,7683,,,,,,,,38,152,1412,176588,5241,176588,,1,10,d94c5c91b3575ed8cd1da81e4f0dcef486d18aef,0,0,0,0,0,
20200813,ND,8155,0,166869,,totalTestEncountersViral,368309,59,445,,,,,6953,8/13/2020 00:00,2020-08-13T00:00:00Z,08/12 20:00,124,445,2020-08-13T00:00:00Z,379868,,,8155,,,368309,172570,7896,282,7614,,,,,,,,38,200,1820,175024,6758,175024,,0,5,c70b808bbf54051db3cf45ca4ca5c660ba7c0766,0,0,0,0,0,
20200812,ND,7955,0,165049,,totalTestEncountersViral,361551,58,440,,,,,6815,8/12/2020 00:00,2020-08-12T00:00:00Z,08/11 20:00,124,440,2020-08-12T00:00:00Z,372794,,,7955,,,361551,170607,7793,277,7516,,,,,,,,38,87,1076,173004,4118,173004,,2,10,7e8401de9547188a7336b7e176ebea1f0616348c,0,0,0,0,0,
20200811,ND,7868,0,163973,,totalTestEncountersViral,357433,55,430,,,,,6668,8/11/2020 00:00,2020-08-11T00:00:00Z,08/10 20:00,122,430,2020-08-11T00:00:00Z,368526,,,7868,,,357433,169331,7745,275,7470,,,,,,,,38,169,1847,171841,5454,171841,,5,13,49ff0a7511fbe76b6fe2570e568fa879214a309f,0,0,0,0,0,
20200810,ND,7699,0,162126,,totalTestEncountersViral,351979,48,417,,,,,6434,8/10/2020 00:00,2020-08-10T00:00:00Z,08/09 20:00,117,417,2020-08-10T00:00:00Z,362760,,,7699,,,351979,167355,7675,272,7403,,,,,,,,38,117,1050,169825,4463,169825,,1,2,eda3f6a7fb60467807b5bc3c585161bbdf408e30,0,0,0,0,0,
20200809,ND,7582,0,161076,,totalTestEncountersViral,347516,47,415,,,,,6355,8/9/2020 00:00,2020-08-09T00:00:00Z,08/08 20:00,116,415,2020-08-09T00:00:00Z,358178,,,7582,,,347516,166194,7663,272,7391,,,,,,,,38,91,1217,168658,5438,168658,,0,1,03431b6286f7055a1242c54c707e273a3ab95792,0,0,0,0,0,
20200808,ND,7491,0,159859,,totalTestEncountersViral,342078,49,414,,,,,6268,8/8/2020 00:00,2020-08-08T00:00:00Z,08/07 20:00,116,414,2020-08-08T00:00:00Z,352530,,,7491,,,342078,164963,7654,272,7382,,,,,,,,38,179,1485,167350,5577,167350,,2,6,25058047735b720aac5597a1aef4069caa29c22e,0,0,0,0,0,
20200807,ND,7312,0,158374,,totalTestEncountersViral,336501,48,408,,,,,6164,8/7/2020 00:00,2020-08-07T00:00:00Z,08/06 20:00,114,408,2020-08-07T00:00:00Z,346657,,,7312,,,336501,163073,7609,272,7337,,,,,,,,38,149,1832,165686,5497,165686,,1,8,2c327e9ec37b91078f27574f762a0e824daa1fc4,0,0,0,0,0,
20200806,ND,7163,0,156542,,totalTestEncountersViral,331004,46,400,,,,,5949,8/6/2020 00:00,2020-08-06T00:00:00Z,08/05 20:00,113,400,2020-08-06T00:00:00Z,340933,,,7163,,,331004,161019,7561,271,7290,,,,,,,,38,122,1585,163705,5178,163705,,1,6,1e596eaa8befbf788b46afdd8465568b852a1c94,0,0,0,0,0,
20200805,ND,7041,0,154957,,totalTestEncountersViral,325826,42,394,,,,,5837,8/5/2020 00:00,2020-08-05T00:00:00Z,08/04 20:00,112,394,2020-08-05T00:00:00Z,335591,,,7041,,,325826,159565,7494,268,7226,,,,,,,,38,122,1420,161998,5431,161998,,1,5,7a07338a001879033ac73678d93d217b4ce7e0f8,0,0,0,0,0,
20200804,ND,6919,0,153537,,totalTestEncountersViral,320395,51,389,,,,,5715,8/4/2020 00:00,2020-08-04T00:00:00Z,08/03 20:00,111,389,2020-08-04T00:00:00Z,329868,,,6919,,,320395,158008,7457,266,7191,,,,,,,,38,149,1571,160456,4685,160456,,2,10,91bc618385ac8d31f80ce351769090d1c5fd1815,0,0,0,0,0,
20200803,ND,6770,0,151966,,totalTestEncountersViral,315710,46,379,,,,,5590,8/3/2020 00:00,2020-08-03T00:00:00Z,08/02 20:00,109,379,2020-08-03T00:00:00Z,324964,,,6770,,,315710,156230,7399,263,7136,,,,,,,,38,127,2383,158736,4558,158736,,0,8,e4a57c5beabc469e8ec50a3cf62dcaf536a539a5,0,0,0,0,0,
20200802,ND,6643,0,149583,,totalTestEncountersViral,311152,45,371,,,,,5396,8/1/2020 00:00,2020-08-01T00:00:00Z,07/31 20:00,109,371,2020-08-01T00:00:00Z,320237,,,6643,,,311152,154505,7374,262,7112,,,,,,,,38,57,0,156226,3828,156226,,2,0,4bd3a991dd0c4ef23349cce35134742158b47551,0,0,0,0,0,
20200801,ND,6586,0,149583,,totalTestEncountersViral,307324,45,371,,,,,5396,8/1/2020 00:00,2020-08-01T00:00:00Z,07/31 20:00,107,371,2020-08-01T00:00:00Z,316275,,,6586,,,307324,153710,7374,262,7112,,,,,,,,38,132,2088,156169,5815,156169,,0,7,51c0ab1d7bb82b1eaec8bfc62f559c559727a222,0,0,0,0,0,
20200731,ND,6454,0,147495,,totalTestEncountersViral,301509,47,364,,,,,5289,7/31/2020 00:00,2020-07-31T00:00:00Z,07/30 20:00,107,364,2020-07-31T00:00:00Z,310230,,,6454,,,301509,151245,7354,261,7093,,,,,,,,38,167,1935,153949,5031,153949,,0,8,159461c2b44fe64145056fbfd750a101c1ff571c,0,0,0,0,0,
20200730,ND,6287,0,145560,,totalTestEncountersViral,296478,43,356,,,,,5181,7/30/2020 00:00,2020-07-30T00:00:00Z,07/29 20:00,107,356,2020-07-30T00:00:00Z,304993,,,6287,,,296478,149264,6762,248,6514,,,,,,,,38,72,704,151847,3864,151847,,1,5,c315b9299590eb784c6a7681dc6d5fd36f5058c9,0,0,0,0,0,
20200729,ND,6215,0,144856,,totalTestEncountersViral,292614,39,351,,,,,5087,7/29/2020 00:00,2020-07-29T00:00:00Z,07/28 20:00,106,351,2020-07-29T00:00:00Z,301031,,,6215,,,292614,148446,6762,248,6514,,,,,,,,38,89,951,151071,3299,151071,,2,8,dd880147f73e35dee1e1eb4aef86795ec6e68c20,0,0,0,0,0,
20200728,ND,6126,0,143905,,totalTestEncountersViral,289315,35,343,,,,,4957,7/28/2020 00:00,2020-07-28T00:00:00Z,07/27 20:00,104,343,2020-07-28T00:00:00Z,297571,,,6126,,,289315,147260,6724,246,6478,,,,,,,,38,151,1525,150031,4001,150031,,1,6,544617f727d0d44fa6e026e7717c11aa5cd1f6ae,0,0,0,0,0,
20200727,ND,5975,0,142380,,totalTestEncountersViral,285314,43,337,,,,,4829,7/27/2020 00:00,2020-07-27T00:00:00Z,07/26 20:00,103,337,2020-07-27T00:00:00Z,293263,,,5975,,,285314,145403,6654,243,6411,,,,,,,,38,111,1777,148355,4241,148355,,0,4,7024095ecccacfe2842afc688187cf395df53fc1,0,0,0,0,0,
20200726,ND,5864,0,140603,,totalTestEncountersViral,281073,42,333,,,,,4752,7/26/2020 00:00,2020-07-26T00:00:00Z,07/25 20:00,103,333,2020-07-26T00:00:00Z,288858,,,5864,,,281073,143560,6645,243,6402,,,,,,,,38,140,2079,146467,4524,146467,,0,5,01f94df896218eed45d3234a54a1b9e7133583dd,0,0,0,0,0,
20200725,ND,5724,0,138524,,totalTestEncountersViral,276549,39,328,,,,,4671,7/25/2020 00:00,2020-07-25T00:00:00Z,07/24 20:00,103,328,2020-07-25T00:00:00Z,284133,,,5724,,,276549,141370,6637,243,6394,,,,,,,,38,121,1430,144248,4011,144248,,0,3,cfc3f07cda41590450fc889f6bf0cd9302b510b4,0,0,0,0,0,
20200724,ND,5603,0,137094,,totalTestEncountersViral,272538,37,325,,,,,4545,7/24/2020 00:00,2020-07-24T00:00:00Z,07/23 20:00,103,325,2020-07-24T00:00:00Z,279953,,,5603,,,272538,139886,6604,240,6364,,,,,,,,38,122,1771,142697,4305,142697,,2,3,058d40f80dd3721e0cbf7837f382602b9de89e80,0,0,0,0,0,
20200723,ND,5481,0,135323,,totalTestEncountersViral,268233,57,322,,,,,4475,7/23/2020 00:00,2020-07-23T00:00:00Z,07/22 20:00,101,322,2020-07-23T00:00:00Z,275286,,,5481,,,268233,138066,6563,238,6325,,,,,,,,38,125,1424,140804,4212,140804,,1,5,729051d875c3df3ae643c396d3875369eccef5ab,0,0,0,0,0,
20200722,ND,5356,0,133899,,totalTestEncountersViral,264021,52,317,,,,,4407,7/22/2020 00:00,2020-07-22T00:00:00Z,07/21 20:00,100,317,2020-07-22T00:00:00Z,270975,,,5356,,,264021,136540,6511,234,6277,,,,,,,,38,159,1813,139255,4035,139255,,2,8,0c69dd09d3bc2809d6409357976b3b9001c854aa,0,0,0,0,0,
20200721,ND,5197,0,132086,,totalTestEncountersViral,259986,46,309,,,,,4319,7/21/2020 00:00,2020-07-21T00:00:00Z,07/20 20:00,98,309,2020-07-21T00:00:00Z,266719,,,5197,,,259986,134658,6474,233,6241,,,,,,,,38,82,1234,137283,3573,137283,,1,4,c5fb2a0af239bd759d501c956b734ec6f675787b,0,0,0,0,0,
20200720,ND,5115,0,130852,,totalTestEncountersViral,256413,47,305,,,,,4219,7/20/2020 00:00,2020-07-20T00:00:00Z,07/19 20:00,97,305,2020-07-20T00:00:00Z,262974,,,5115,,,256413,133420,6359,230,6129,,,,,,,,38,106,2017,135967,5509,135967,,1,3,77d145b0f3ee52bdce71c502bcbcc5fbe1963058,0,0,0,0,0,
20200719,ND,5009,0,128835,,totalTestEncountersViral,250904,45,302,,,,,4131,7/19/2020 00:00,2020-07-19T00:00:00Z,07/18 20:00,96,302,2020-07-19T00:00:00Z,257256,,,5009,,,250904,131374,6353,229,6124,,,,,,,,38,113,2227,133844,5412,133844,,2,7,d3954f5cc0b176bd3b7572e2b3694241d438e622,0,0,0,0,0,
20200718,ND,4896,0,126608,,totalTestEncountersViral,245492,38,295,,,,,4029,7/18/2020 00:00,2020-07-18T00:00:00Z,07/17 20:00,94,295,2020-07-18T00:00:00Z,251712,,,4896,,,245492,129022,6343,229,6114,,,,,,,,38,115,1925,131504,4622,131504,,0,5,f9bf46123e61578906f7452289de07686ff0e09c,0,0,0,0,0,
20200717,ND,4781,0,124683,,totalTestEncountersViral,240870,36,290,,,,,3903,7/17/2020 00:00,2020-07-17T00:00:00Z,07/16 20:00,94,290,2020-07-17T00:00:00Z,246923,,,4781,,,240870,127021,6171,225,5946,,,,,,,,38,122,1295,129464,4021,129464,,1,5,acf6433c6a37a6cab32cfbc0c2874b8f7dafcdff,0,0,0,0,0,
20200716,ND,4659,0,123388,,totalTestEncountersViral,236849,38,285,,,,,3796,7/16/2020 00:00,2020-07-16T00:00:00Z,07/15 20:00,93,285,2020-07-16T00:00:00Z,242783,,,4659,,,236849,125515,6109,217,5892,,,,,,,,38,103,1389,128047,3971,128047,,1,1,cec0660ffc30c92f7891bcc06bf108cd4795b6a9,0,0,0,0,0,
20200715,ND,4556,0,121999,,totalTestEncountersViral,232878,42,284,,,,,3760,7/15/2020 00:00,2020-07-15T00:00:00Z,07/14 20:00,92,284,2020-07-15T00:00:00Z,238594,,,4556,,,232878,124007,5997,211,5786,,,,,,,,38,71,1459,126555,2953,126555,,0,4,f2408e2be2ab6072fbe0f16ea081e43cf66c41cd,0,0,0,0,0,
20200714,ND,4485,0,120540,,totalTestEncountersViral,229925,42,280,,,,,3685,7/14/2020 00:00,2020-07-14T00:00:00Z,07/13 20:00,92,280,2020-07-14T00:00:00Z,235489,,,4485,,,229925,122535,5866,208,5658,,,,,,,,38,54,1104,125025,2382,125025,,1,3,39ed9153275949568ae136e571b470056e6ef934,0,0,0,0,0,
20200713,ND,4431,0,119436,,totalTestEncountersViral,227543,43,277,,,,,3653,7/13/2020 00:00,2020-07-13T00:00:00Z,07/12 20:00,91,277,2020-07-13T00:00:00Z,233058,,,4431,,,227543,121360,5812,205,5607,,,,,,,,38,102,1291,123867,4285,123867,,0,6,4361b953dcbb8ab1f5b4bba4ef75d1c0681c64d8,0,0,0,0,0,
20200712,ND,4329,0,118145,,totalTestEncountersViral,223258,38,271,,,,,3570,7/12/2020 00:00,2020-07-12T00:00:00Z,07/11 20:00,91,271,2020-07-12T00:00:00Z,228523,,,4329,,,223258,120014,5812,205,5607,,,,,,,,38,91,1537,122474,4311,122474,,0,8,660ac1a1d903596196defd922f064e76d3ff64a6,0,0,0,0,0,
20200711,ND,4238,0,116608,,totalTestEncountersViral,218947,31,263,,,,,3533,7/10/2020 00:00,2020-07-10T00:00:00Z,07/09 20:00,91,263,2020-07-10T00:00:00Z,224033,,,4238,,,218947,118316,5716,203,5513,,,,,,,,38,88,1166,120846,4058,120846,,2,3,2b36dee2130cd66a6f3cb20f5d1e4958689ef11c,0,0,0,0,0,
20200710,ND,4150,0,115442,,totalTestEncountersViral,214889,33,260,,,,,3496,7/10/2020 00:00,2020-07-10T00:00:00Z,07/09 20:00,89,260,2020-07-10T00:00:00Z,219708,,,4150,,,214889,117060,5586,201,5385,,,,,,,,38,84,1663,119592,5338,119592,,0,3,84a8ac39572f86ceed72777343a5ad3f3508f06d,0,0,0,0,0,
20200709,ND,4066,0,113779,,totalTestEncountersViral,209551,30,257,,,,,3464,7/9/2020 00:00,2020-07-09T00:00:00Z,07/08 20:00,89,257,2020-07-09T00:00:00Z,214142,,,4066,,,209551,115358,5212,197,5015,,,,,,,,38,99,1911,117845,5806,117845,,0,5,745f0c8bd846bfb48f43f77aabf2a74ee788663d,0,0,0,0,0,
20200708,ND,3967,0,111868,,totalTestEncountersViral,203745,26,252,,,,,3447,7/8/2020 00:00,2020-07-08T00:00:00Z,07/07 20:00,89,252,2020-07-08T00:00:00Z,208165,,,3967,,,203745,113405,5182,197,4985,,,,,,,,38,73,1409,115835,3509,115835,,-4,4,9868d9a7aaf038454a942ed84ad154aefbbdb38f,0,0,0,0,0,
20200707,ND,3894,0,110459,,totalTestEncountersViral,200236,24,248,,,,,3413,7/7/2020 00:00,2020-07-07T00:00:00Z,07/06 20:00,93,248,2020-07-07T00:00:00Z,204496,,,3894,,,200236,111896,5128,197,4931,,,,,,,,38,51,726,114353,1926,114353,,4,3,61d2b85fa543f9cbfab5f207f49262fea84d085d,0,0,0,0,0,
20200706,ND,3843,0,109733,,totalTestEncountersViral,198310,22,245,,,,,3350,7/6/2020 00:00,2020-07-06T00:00:00Z,07/05 20:00,89,245,2020-07-06T00:00:00Z,202515,,,3843,,,198310,111077,5080,194,4886,,,,,,,,38,33,421,113576,1219,113576,,0,3,d25e784d60eb95479355156fbdf0c763513565c8,0,0,0,0,0,
20200705,ND,3810,0,109312,,totalTestEncountersViral,197091,22,242,,,,,3324,7/5/2020 00:00,2020-07-05T00:00:00Z,07/04 20:00,89,242,2020-07-05T00:00:00Z,201276,,,3810,,,197091,110507,5073,194,4879,,,,,,,,38,36,1163,113122,3742,113122,,0,1,2e451b26db6183451fa789833e709c26cb6909a3,0,0,0,0,0,
20200704,ND,3774,0,108149,,totalTestEncountersViral,193349,22,241,,,,,3288,7/4/2020 00:00,2020-07-04T00:00:00Z,07/03 20:00,89,241,2020-07-04T00:00:00Z,197469,,,3774,,,193349,109426,5067,194,4873,,,,,,,,38,57,1297,111923,4343,111923,,0,4,ca53d5f1920bf96ab2416e722aae84b8165587b9,0,0,0,0,0,
20200703,ND,3717,0,106852,,totalTestEncountersViral,189006,20,237,,,,,3266,7/3/2020 00:00,2020-07-03T00:00:00Z,07/02 20:00,89,237,2020-07-03T00:00:00Z,193035,,,3717,,,189006,108168,5051,192,4859,,,,,,,,38,63,2314,110569,4576,110569,,0,3,0e9a71e683fa5de164c5adb1fc2dffcdd44beef5,0,0,0,0,0,
20200702,ND,3654,0,104538,,totalTestEncountersViral,184430,19,234,,,,,3235,7/2/2020 13:00,2020-07-02T13:00:00Z,07/02 09:00,89,234,2020-07-02T13:00:00Z,188405,,,3654,,,184430,105834,5021,188,4833,,,,,,,,38,43,927,108192,3503,108192,,0,0,246c2f5e90460692f85c5052bddc20d34d6d2a95,0,0,0,0,0,
20200701,ND,3611,0,103611,,totalTestEncountersViral,180927,20,234,,,,,3210,7/1/2020 13:00,2020-07-01T13:00:00Z,07/01 09:00,89,234,2020-07-01T13:00:00Z,184779,,,3611,,,180927,104898,4976,186,4790,,,,,,,,38,39,1065,107222,2459,107222,,1,3,d8378fa0d0c40a2ed02fb69adac1fa527ada85a4,0,0,0,0,0,
20200630,ND,3572,0,102546,,totalTestEncountersViral,178468,25,231,,,,,3195,6/30/2020 13:00,2020-06-30T13:00:00Z,06/30 09:00,88,231,2020-06-30T13:00:00Z,182274,,,3572,,,178468,103790,4930,183,4747,,,,,,,,38,38,394,106118,1693,106118,,0,4,391d4dd15d2f6330a63b161777c8231b24e8bb0b,0,0,0,0,0,
20200629,ND,3534,0,102152,,totalTestEncountersViral,176775,25,227,,,,,3163,6/29/2020 13:00,2020-06-29T13:00:00Z,06/29 09:00,88,227,2020-06-29T13:00:00Z,180564,,,3534,,,176775,103122,4882,180,4702,,,,,,,,38,46,1722,105686,3292,105686,,0,1,c6ce6e64fb0e562c73bbb21ef10e5c8de4e4ea77,0,0,0,0,0,
20200628,ND,3488,0,100430,,totalTestEncountersViral,173483,24,226,,,,,3139,6/28/2020 00:00,2020-06-28T00:00:00Z,06/27 20:00,88,226,2020-06-28T00:00:00Z,177200,,,3488,,,173483,101419,4878,179,4699,,,,,,,,38,35,1369,103918,3109,103918,,1,1,5e8ca03cd9bd88aa8afa224aa445d8347b3a4598,0,0,0,0,0,
20200627,ND,3453,0,99061,,totalTestEncountersViral,170374,23,225,,,,,3119,6/27/2020 00:00,2020-06-27T00:00:00Z,06/26 20:00,87,225,2020-06-27T00:00:00Z,173975,,,3453,,,170374,100080,4869,184,4685,,,,,,,,38,37,1596,102514,4085,102514,,0,3,182495991caf3aff4f719fef102b289e5f6d83dc,0,0,0,0,0,
20200626,ND,3416,0,97465,,totalTestEncountersViral,166289,23,222,,,,,3090,6/26/2020 00:00,2020-06-26T00:00:00Z,06/25 20:00,87,222,2020-06-26T00:00:00Z,169814,,,3416,,,166289,98527,4819,182,4637,,,,,,,,38,28,1414,100881,4343,100881,,0,0,b74e869ea9f134c6fec3f0ca9bb3c6b60929f510,0,0,0,0,0,
20200625,ND,3388,0,96051,,totalTestEncountersViral,161946,25,222,,,,,3064,6/25/2020 00:00,2020-06-25T00:00:00Z,06/24 20:00,87,222,2020-06-25T00:00:00Z,165399,,,3388,,,161946,97103,4677,147,4530,,,,,,,,38,32,724,99439,2894,99439,,1,3,5cdf59a227c7f1b35da0c345fb2fe7551ccd50d1,0,0,0,0,0,
20200624,ND,3356,0,95327,,totalTestEncountersViral,159052,27,219,,,,,3044,6/24/2020 00:00,2020-06-24T00:00:00Z,06/23 20:00,86,219,2020-06-24T00:00:00Z,162434,,,3356,,,159052,96368,4598,145,4453,,,,,,,,38,41,1094,98683,3863,98683,,2,1,9f3ce1f25f3f40008e0fc95c56a96af734c16181,0,0,0,0,0,
20200623,ND,3315,0,94233,,totalTestEncountersViral,155189,28,218,,,,,3008,6/23/2020 00:00,2020-06-23T00:00:00Z,06/22 20:00,84,218,2020-06-23T00:00:00Z,158490,,,3315,,,155189,95291,4488,139,4349,,,,,,,,38,7,93,97548,320,97548,,1,0,9fbd11ef73f9d312ed3164184788711140dca3e0,0,0,0,0,0,
20200622,ND,3308,0,94140,,totalTestEncountersViral,154869,31,218,,,,,2952,6/22/2020 00:00,2020-06-22T00:00:00Z,06/21 20:00,83,218,2020-06-22T00:00:00Z,158163,,,3308,,,154869,95100,4488,139,4349,,,,,,,,38,25,1255,97448,2184,97448,,0,2,adcfe8a3a375171f093412971cbac67bb0bd5a0e,0,0,0,0,0,
20200621,ND,3283,0,92885,,totalTestEncountersViral,152685,31,216,,,,,2910,6/21/2020 00:00,2020-06-21T00:00:00Z,06/20 20:00,83,216,2020-06-21T00:00:00Z,155937,,,3283,,,152685,93858,4483,139,4344,,,,,,,,38,37,1905,96168,3861,96168,,1,3,923b6812aa9ea1ccbc59ca9c728f1d747747446b,0,0,0,0,0,
20200620,ND,3246,0,90980,,totalTestEncountersViral,148824,28,213,,,,,2882,6/20/2020 13:00,2020-06-20T13:00:00Z,06/20 09:00,82,213,2020-06-20T13:00:00Z,152005,,,3246,,,148824,91929,4475,139,4336,,,,,,,,38,25,1600,94226,3896,94226,,0,3,d3045fc804ee1b9eccffb7245c2012dc913fb203,0,0,0,0,0,
20200619,ND,3221,0,89380,,totalTestEncountersViral,144928,26,210,,,,,2840,6/19/2020 13:00,2020-06-19T13:00:00Z,06/19 09:00,82,210,2020-06-19T13:00:00Z,148062,,,3221,,,144928,90267,4401,135,4266,,,,,,,,38,32,1919,92601,3778,92601,,1,2,54abe5c56c3aa7ad256cb33d6c4b535bb6d0cd6a,0,0,0,0,0,
20200618,ND,3189,0,87461,,totalTestEncountersViral,141150,26,208,,,,,2809,6/18/2020 13:00,2020-06-18T13:00:00Z,06/18 09:00,81,208,2020-06-18T13:00:00Z,144249,,,3189,,,141150,88358,4199,130,4069,,,,,,,,38,29,953,90650,4087,90650,,3,7,825a24391b1940f7d09fd02e4cd1a9ed198014b2,0,0,0,0,0,
20200617,ND,3160,0,86508,,totalTestEncountersViral,137063,25,201,,,,,2756,6/17/2020 00:00,2020-06-17T00:00:00Z,06/16 20:00,78,201,2020-06-17T00:00:00Z,140061,,,3160,,,137063,87429,4125,128,3997,,,,,,,,38,39,981,89668,4343,89668,,1,1,efe8b860b67a7e5f4f7ce05b667d3313eee336a2,0,0,0,0,0,
20200616,ND,3121,0,85527,,totalTestEncountersViral,132720,26,200,,,,,2720,6/16/2020 00:00,2020-06-16T00:00:00Z,06/15 20:00,77,200,2020-06-16T00:00:00Z,135655,,,3121,,,132720,86475,4093,126,3967,,,,,,,,38,23,852,88648,1770,88648,,0,3,b443cffecfeb1013572dbd3a1a49900174c73df4,0,0,0,0,0,
20200615,ND,3098,0,84675,,totalTestEncountersViral,130950,31,197,,,,,2683,6/15/2020 00:00,2020-06-15T00:00:00Z,06/14 20:00,77,197,2020-06-15T00:00:00Z,133860,,,3098,,,130950,85546,4000,126,3874,,,,,,,,38,22,875,87773,1995,87773,,0,0,e2868218f078988388115c7c3ee8b6d9faaba061,0,0,0,0,0,
20200614,ND,3076,0,83800,,totalTestEncountersViral,128955,35,197,,,,,2658,6/14/2020 12:00,2020-06-14T12:00:00Z,06/14 08:00,77,197,2020-06-14T12:00:00Z,131835,,,3076,,,128955,84535,3998,126,3872,,,,,,,,38,22,985,86876,2058,86876,,0,0,d2e43edb33d9875da001cbb2b740db1bb9345d42,0,0,0,0,0,
20200613,ND,3054,0,82815,,totalTestEncountersViral,126897,35,197,,,,,2630,6/13/2020 12:00,2020-06-13T12:00:00Z,06/13 08:00,77,197,2020-06-13T12:00:00Z,129748,,,3054,,,126897,83675,3986,126,3860,,,,,,,,38,42,1667,85869,3247,85869,,0,0,f03f49b2a4ca0ec465c6c8c4eb3bdfc4ad3c2dea,0,0,0,0,0,
20200612,ND,3012,0,81148,,totalTestEncountersViral,123650,35,197,,,,,2573,6/12/2020 00:00,2020-06-12T00:00:00Z,06/11 20:00,77,197,2020-06-12T00:00:00Z,126443,,,3012,,,123650,81930,3816,124,3692,,,,,,,,38,36,1340,84160,3332,84160,,0,4,fd2fe2e6c75b36f96b0eee9a89043a5d1a7fd512,0,0,0,0,0,
20200611,ND,2976,0,79808,,totalTestEncountersViral,120318,32,193,,,,,2515,6/10/2020 00:00,2020-06-10T00:00:00Z,06/09 20:00,77,193,2020-06-10T00:00:00Z,123034,,,2976,,,120318,80618,3704,121,3583,,,,,,,,38,38,1089,82784,3303,82784,,1,0,b322727fb5cef3f2beb944c713db512e7951535f,0,0,0,0,0,
20200610,ND,2938,0,78719,,totalTestEncountersViral,117015,33,193,,,,,2482,6/9/2020 00:00,2020-06-09T00:00:00Z,06/08 20:00,76,193,2020-06-09T00:00:00Z,119661,,,2938,,,117015,79513,3596,118,3478,,,,,,,,38,40,954,81657,2765,81657,,1,4,b3a788afe3d0a9f8c2dd0d04abca5830457b57a8,0,0,0,0,0,
20200609,ND,2898,0,77765,,totalTestEncountersViral,114250,32,189,,,,,2450,6/9/2020 00:00,2020-06-09T00:00:00Z,06/08 20:00,75,189,2020-06-09T00:00:00Z,116827,,,2898,,,114250,78586,3496,115,3381,,,,,,,,38,22,465,80663,1602,80663,,0,5,a7095f05faf1c2086cd22a6f9c6cafcb6414eb20,0,0,0,0,0,
20200608,ND,2876,0,77300,,totalTestEncountersViral,112648,29,184,,,,,2336,6/8/2020 00:00,2020-06-08T00:00:00Z,06/07 20:00,75,184,2020-06-08T00:00:00Z,115206,,,2876,,,112648,78013,3428,112,3316,,,,,,,,38,19,228,80176,1387,80176,,0,1,b3d23e94ad34229656b7ea2322b1b80390fbf4c4,0,0,0,0,0,
20200607,ND,2857,0,77072,,totalTestEncountersViral,111261,28,183,,,,,2307,6/7/2020 00:00,2020-06-07T00:00:00Z,06/06 20:00,75,183,2020-06-07T00:00:00Z,113792,,,2857,,,111261,77732,3413,111,3302,,,,,,,,38,44,1008,79929,2247,79929,,0,1,f82ceef6b3147ceb257aef34b5a12ce79695a230,0,0,0,0,0,
20200606,ND,2813,0,76064,,totalTestEncountersViral,109014,29,182,,,,,2268,6/6/2020 00:00,2020-06-06T00:00:00Z,06/05 20:00,75,182,2020-06-06T00:00:00Z,111477,,,2813,,,109014,76684,3287,111,3176,,,,,,,,38,71,1953,78877,3920,78877,,1,2,10b11bb39e7b766ddb60120f20c583d5c43899ee,0,0,0,0,0,
20200605,ND,2742,0,74111,,totalTestEncountersViral,105094,30,180,,,,,2242,6/5/2020 00:00,2020-06-05T00:00:00Z,06/04 20:00,74,180,2020-06-05T00:00:00Z,107451,,,2742,,,105094,74793,3148,107,3041,,,,,,,,38,40,1073,76853,2550,76853,,5,5,205f4952b6cebe454d07595c19231928ea376bae,0,0,0,0,0,
20200604,ND,2702,0,73038,,totalTestEncountersViral,102544,32,175,,,,,2209,6/4/2020 00:00,2020-06-04T00:00:00Z,06/03 20:00,69,175,2020-06-04T00:00:00Z,104828,,,2702,,,102544,73579,3041,104,2937,,,,,,,,38,26,1215,75740,3471,75740,,0,3,aef01eaba18397405cadc7e89fbece61ee3f578e,0,0,0,0,0,
20200603,ND,2676,0,71823,,totalTestEncountersViral,99073,34,172,,,,,2169,6/3/2020 00:00,2020-06-03T00:00:00Z,06/02 20:00,69,172,2020-06-03T00:00:00Z,101258,,,2676,,,99073,72294,2921,97,2824,,,,,,,,38,33,825,74499,2568,74499,,1,2,383474817c12fbcf072ae9fce22f0193fd627789,0,0,0,0,0,
20200602,ND,2643,0,70998,,totalTestEncountersViral,96505,34,170,,,,,2127,6/2/2020 00:00,2020-06-02T00:00:00Z,06/01 20:00,68,170,2020-06-02T00:00:00Z,98637,,,2643,,,96505,71365,2842,95,2747,,,,,,,,38,22,322,73641,1538,73641,,4,1,5bc991e7fde50ac7864029d32d7415181e2f6075,0,0,0,0,0,
20200601,ND,2621,0,70676,,totalTestEncountersViral,94967,35,169,,,,,2078,6/1/2020 13:00,2020-06-01T13:00:00Z,06/01 09:00,64,169,2020-06-01T13:00:00Z,97028,,,2621,,,94967,70849,2772,91,2681,,,,,,,,38,47,1213,73297,2308,73297,,0,2,a340aacf39a9992576667511c1d69f526904452c,0,0,0,0,0,
20200531,ND,2574,0,69463,,totalTestEncountersViral,92659,36,167,,,,,1959,5/31/2020 00:00,2020-05-31T00:00:00Z,05/30 20:00,64,167,2020-05-31T00:00:00Z,94652,,,2574,,,92659,69719,2688,89,2599,,,,,,,,38,23,1036,72037,2032,72037,,1,2,3cde858fb8cef7448e76de08a08ea28e6eea9744,0,0,0,0,0,
20200530,ND,2551,0,68427,,totalTestEncountersViral,90627,34,165,,,,,1943,5/30/2020 15:11,2020-05-30T15:11:00Z,05/30 11:11,63,165,2020-05-30T15:11:00Z,92568,,,2551,,,90627,68749,,,,,,,,,,,38,34,1494,70978,2956,70978,,1,1,982352678478416d5b9398168cd9380fd9052647,0,0,0,0,0,
20200529,ND,2517,0,66933,,totalTestEncountersViral,87671,36,164,,,,,1882,5/29/2020 00:00,2020-05-29T00:00:00Z,05/28 20:00,62,164,2020-05-29T00:00:00Z,89526,,,2517,,,87671,67336,,,,,,,,,,,38,40,1160,69450,2787,69450,,2,3,ee9671cb553f2bb32bcbf5985fdad71f52906b04,0,0,0,0,0,
20200528,ND,2477,0,65773,,totalTestEncountersViral,84884,35,161,,,,,1793,5/28/2020 00:00,2020-05-28T00:00:00Z,05/27 20:00,60,161,2020-05-28T00:00:00Z,86640,,,2477,,,84884,66170,,,,,,,,,,,38,41,872,68250,1890,68250,,1,0,98284bd109b13ec815bb9afa9e932a1bff687f7d,0,0,0,0,0,
20200527,ND,2436,0,64901,,totalTestEncountersViral,82994,40,161,,,,,1762,5/27/2020 00:00,2020-05-27T00:00:00Z,05/26 20:00,59,161,2020-05-27T00:00:00Z,84667,,,2436,,,82994,65357,,,,,,,,,,,38,17,469,67337,1000,67337,,5,5,50bb47313fc58c3651ce84a5b9d32fed42c418c8,0,0,0,0,0,
20200526,ND,2419,0,64432,,totalTestEncountersViral,81994,40,156,,,,,1701,5/26/2020 13:06,2020-05-26T13:06:00Z,05/26 09:06,54,156,2020-05-26T13:06:00Z,83621,,,2419,,,81994,64875,,,,,,,,,,,38,43,539,66851,920,66851,,0,2,0437896b04b0706103b44410dad71c6df4f298ff,0,0,0,0,0,
20200525,ND,2376,0,63893,,totalTestEncountersViral,81074,41,154,,,,,1551,5/24/2020 13:00,2020-05-24T13:00:00Z,05/24 09:00,54,154,2020-05-24T13:00:00Z,82633,,,2376,,,81074,64318,,,,,,,,,,,38,40,823,66269,1925,66269,,1,2,9c4163a0978c14bae1b01776344bdceac66f9e60,0,0,0,0,0,
20200524,ND,2336,0,63070,,totalTestEncountersViral,79149,40,152,,,,,1496,5/24/2020 13:00,2020-05-24T13:00:00Z,05/24 09:00,53,152,2020-05-24T13:00:00Z,80652,,,2336,,,79149,63342,,,,,,,,,,,38,54,1287,65406,2281,65406,,1,2,3687b0275a129d3b6741f50d54ca0d694cf21d01,0,0,0,0,0,
20200523,ND,2282,0,61783,,totalTestEncountersViral,76868,39,150,,,,,1451,5/23/2020 13:00,2020-05-23T13:00:00Z,05/23 09:00,52,150,2020-05-23T13:00:00Z,78325,,,2282,,,76868,62087,,,,,,,,,,,38,49,1270,64065,2257,64065,,0,3,46ad93d68f348eb35e6c74365e59f5c4a14a9375,0,0,0,0,0,
20200522,ND,2233,0,60513,,totalTestEncountersViral,74611,39,147,,,,,1405,5/22/2020 13:00,2020-05-22T13:00:00Z,05/22 09:00,52,147,2020-05-22T13:00:00Z,76017,,,2233,,,74611,60764,,,,,,,,,,,38,70,1463,62746,2491,62746,,1,3,5cd3fa316d9dab07d0dc20f4658d248677d0912b,0,0,0,0,0,
20200521,ND,2163,0,59050,,totalTestEncountersViral,72120,39,144,,,,,1340,5/21/2020 01:59,2020-05-21T01:59:00Z,05/20 21:59,51,144,2020-05-21T01:59:00Z,73447,,,2163,,,72120,59149,,,,,,,,,,,38,95,1945,61213,2624,61213,,2,2,3462c42eb7d938deefc61acf7cde73a6bb2d9a94,0,0,0,0,0,
20200520,ND,2068,0,57105,,totalTestEncountersViral,69496,38,142,,,,,1302,5/20/2020 01:59,2020-05-20T01:59:00Z,05/19 21:59,49,142,2020-05-20T01:59:00Z,70780,,,2068,,,69496,57131,,,,,,,,,,,38,81,1368,59173,1982,59173,,4,7,6cc06d30c8d5a3fa689a770c6a277f4e435a6a4a,0,0,0,0,0,
20200519,ND,1987,0,55737,,totalTestEncountersViral,67514,32,135,,,,,1269,5/19/2020 13:00,2020-05-19T13:00:00Z,05/19 09:00,45,135,2020-05-19T13:00:00Z,68747,,,1987,,,67514,55629,,,,,,,,,,,38,60,1107,57724,1839,57724,,1,2,04eaa5f2ab3c307ff89ddbce8059c2b73badee97,0,0,0,0,0,
20200518,ND,1927,0,54630,,totalTestEncountersViral,65675,32,133,,,,,1219,5/18/2020 13:00,2020-05-18T13:00:00Z,05/18 09:00,44,133,2020-05-18T13:00:00Z,66861,,,1927,,,65675,54491,,,,,,,,,,,38,31,1309,56557,2022,56557,,1,3,b7e0edb4c1a10542bdfb29d3a82baa11a6f1dfe9,0,0,0,0,0,
20200517,ND,1896,0,53321,,totalTestEncountersViral,63653,30,130,,,,,1178,5/17/2020 13:00,2020-05-17T13:00:00Z,05/17 09:00,43,130,2020-05-17T13:00:00Z,64814,,,1896,,,63653,53188,,,,,,,,,,,38,51,1682,55217,2473,55217,,1,0,cb5d724420456ee32993ec16bd1086a6d7997b97,0,0,0,0,0,
20200516,ND,1845,0,51639,,totalTestEncountersViral,61180,33,130,,,,,1111,5/16/2020 13:00,2020-05-16T13:00:00Z,05/16 09:00,42,130,2020-05-16T13:00:00Z,62286,,,1845,,,61180,51498,,,,,,,,,,,38,87,1685,53484,2684,53484,,0,0,b3a716bbca8b8eec1774998234782352bdc8cb08,0,0,0,0,0,
20200515,ND,1758,0,49954,,totalTestEncountersViral,58496,35,130,,,,,1071,5/15/2020 13:00,2020-05-15T13:00:00Z,05/15 09:00,42,130,2020-05-15T13:00:00Z,59557,,,1758,,,58496,49817,,,,,,,,,,,38,51,1355,51712,2086,51712,,2,1,0a4debdc9cec206a04a58e2caa338b00409bdff6,0,0,0,0,0,
20200514,ND,1707,0,48599,,totalTestEncountersViral,56410,38,129,,,,,1007,5/14/2020 13:00,2020-05-14T13:00:00Z,05/14 09:00,40,129,2020-05-14T13:00:00Z,57421,,,1707,,,56410,48533,,,,,,,,,,,38,67,1301,50306,2317,50306,,0,2,542c3bc7d3f7d41a326f53c5e69df722219fc3df,0,0,0,0,0,
20200513,ND,1640,0,47298,,totalTestEncountersViral,54093,37,127,,,,,969,5/13/2020 13:00,2020-05-13T13:00:00Z,05/13 09:00,40,127,2020-05-13T13:00:00Z,55037,,,1640,,,54093,47144,,,,,,,,,,,38,74,1037,48938,1703,48938,,2,5,cfa68ea9116c244a1f5b3836d2529ecbee5c4917,0,0,0,0,0,
20200512,ND,1566,0,46261,,totalTestEncountersViral,52390,38,122,,,,,877,5/12/2020 12:10,2020-05-12T12:10:00Z,05/12 08:10,38,122,2020-05-12T12:10:00Z,53277,,,1566,,,52390,46118,,,,,,,,,,,38,52,765,47827,1283,47827,,2,7,e81439de33217a182e1c99ddf2b0d1e507e83f39,0,0,0,0,0,
20200511,ND,1514,0,45496,,totalTestEncountersViral,51107,34,115,,,,,846,5/11/2020 12:10,2020-05-11T12:10:00Z,05/11 08:10,36,115,2020-05-11T12:10:00Z,51954,,,1514,,,51107,45238,,,,,,,,,,,38,26,2118,47010,2446,47010,,1,5,e67236577acfe202b1e21cb339f9cbb7fb91fbbb,0,0,0,0,0,
20200510,ND,1488,0,43378,,totalTestEncountersViral,48661,29,110,,,,,792,5/10/2020 12:10,2020-05-10T12:10:00Z,05/10 08:10,35,110,2020-05-10T12:10:00Z,49459,,,1488,,,48661,43267,,,,,,,,,,,38,26,909,44866,1346,44866,,0,0,c6c4282d75c1f085f5d4f294b7b9b5bfe138701e,0,0,0,0,0,
20200509,ND,1462,0,42469,,totalTestEncountersViral,47315,34,110,,,,,762,5/9/2020 13:00,2020-05-09T13:00:00Z,05/09 09:00,35,110,2020-05-09T13:00:00Z,48084,,,1462,,,47315,42328,,,,,,,,,,,38,40,1393,43931,1891,43931,,2,6,70440d94a77094c4def19574d297ccf7b9a6f3df,0,0,0,0,0,
20200508,ND,1422,0,41076,,totalTestEncountersViral,45424,33,104,,,,,714,5/8/2020 13:00,2020-05-08T13:00:00Z,05/08 09:00,33,104,2020-05-08T13:00:00Z,46137,,,1422,,,45424,41013,,,,,,,,,,,38,53,1580,42498,1918,42498,,2,2,055fa4b1ca27128643dc9e5197086f903a6e7678,0,0,0,0,0,
20200507,ND,1369,0,39496,,totalTestEncountersViral,43506,35,102,,,,,601,5/7/2020 13:00,2020-05-07T13:00:00Z,05/07 09:00,31,102,2020-05-07T13:00:00Z,44167,,,1369,,,43506,39374,,,,,,,,,,,38,49,2187,40865,2518,40865,,0,5,31d8b66e99e160bd169c7dd7b580a88b645af4f5,0,0,0,0,0,
20200506,ND,1320,0,37309,,totalTestEncountersViral,40988,32,97,,,,,582,5/6/2020 13:00,2020-05-06T13:00:00Z,05/06 09:00,31,97,2020-05-06T13:00:00Z,41601,,,1320,,,40988,37173,,,,,,,,,,,38,56,2154,38629,2554,38629,,6,2,f6fb316eefcf18f3301183b01da9371b98fa6dcb,0,0,0,0,0,
20200505,ND,1264,0,35155,,totalTestEncountersViral,38434,31,95,,,,,559,5/5/2020 13:00,2020-05-05T13:00:00Z,05/05 09:00,25,95,2020-05-05T13:00:00Z,39019,,,1264,,,38434,35051,,,,,,,,,,,38,39,1626,36419,1878,36419,,0,1,660e79f303310d3e1aa5e0598eb0ee26f8fb03c5,0,0,0,0,0,
20200504,ND,1225,0,33529,,totalTestEncountersViral,36556,31,94,,,,,540,5/4/2020 13:00,2020-05-04T13:00:00Z,05/04 09:00,25,94,2020-05-04T13:00:00Z,37122,,,1225,,,36556,33441,,,,,,,,,,,38,34,1367,34754,1461,34754,,0,4,358ed82d7eaab75e8de74ee45386ff98b7722a2a,0,0,0,0,0,
20200503,ND,1191,0,32162,,totalTestEncountersViral,35095,31,90,,,,,517,5/3/2020 13:00,2020-05-03T13:00:00Z,05/03 09:00,25,90,2020-05-03T13:00:00Z,35636,,,1191,,,35095,32083,,,,,,,,,,,38,38,1768,33353,1889,33353,,1,0,ab979227a4ae2720e277d9a624598fc5638bb5d5,0,0,0,0,0,
20200502,ND,1153,0,30394,,totalTestEncountersViral,33206,32,90,,,,,510,5/2/2020 13:00,2020-05-02T13:00:00Z,05/02 09:00,24,90,2020-05-02T13:00:00Z,33722,,,1153,,,33206,30332,,,,,,,,,,,38,46,1976,31547,2114,31547,,1,4,68d800a34a61448e1cbfb80e00b1cd9ed682eea9,0,0,0,0,0,
20200501,ND,1107,0,28418,,totalTestEncountersViral,31092,27,86,,,,,482,5/1/2020 13:00,2020-05-01T13:00:00Z,05/01 09:00,23,86,2020-05-01T13:00:00Z,31566,,,1107,,,31092,28341,,,,,,,,,,,38,40,2025,29525,2089,29525,,4,1,5cf0fa807ea6f4c312932f5a2d68ba8033138c9b,0,0,0,0,0,
20200430,ND,1067,0,26393,,totalTestEncountersViral,29003,30,85,,,,,458,4/30/2020 13:00,2020-04-30T13:00:00Z,04/30 09:00,19,85,2020-04-30T13:00:00Z,29439,,,1067,,,29003,26353,,,,,,,,,,,38,34,1890,27460,2030,27460,,0,3,3abc596c3a992ecb65f1c542a72f445868c5d656,0,0,0,0,0,
20200429,ND,1033,0,24503,,totalTestEncountersViral,26973,28,82,,,,,437,4/29/2020 13:00,2020-04-29T13:00:00Z,04/29 09:00,19,82,2020-04-29T13:00:00Z,27388,,,1033,,,26973,24522,,,,,,,,,,,38,42,1771,25536,2044,25536,,0,3,6b68dd00277e47a5dc2ba6a3c6a6b1698dfee6c8,0,0,0,0,0,
20200428,ND,991,0,22732,,totalTestEncountersViral,24929,25,79,,,,,409,4/28/2020 13:00,2020-04-28T13:00:00Z,04/28 09:00,19,79,2020-04-28T13:00:00Z,25316,,,991,,,24929,22768,,,,,,,,,,,38,49,1240,23723,1454,23723,,0,2,145bb29289019d21b419c1319aec468e81be5f3a,0,0,0,0,0,
20200427,ND,942,0,21492,,totalTestEncountersViral,23475,23,77,,,,,350,4/27/2020 13:00,2020-04-27T13:00:00Z,04/27 09:00,19,77,2020-04-27T13:00:00Z,23831,,,942,,,23475,21497,,,,,,,,,,,38,75,1642,22434,1994,22434,,2,6,5a8e39c1928e96b3bcb9f56ff58458a4fc73505b,0,0,0,0,0,
20200426,ND,867,0,19850,,totalTestEncountersViral,21481,18,71,,,,,326,4/26/2020 13:00,2020-04-26T13:00:00Z,04/26 09:00,17,71,2020-04-26T13:00:00Z,21797,,,867,,,21481,19628,,,,,,,,,,,38,64,1303,20717,1188,20717,,1,1,1207e53c956c41a66a267595d468b31bff2aecc7,0,0,0,0,0,
20200425,ND,803,0,18547,,totalTestEncountersViral,20293,17,70,,,,,310,4/25/2020 13:00,2020-04-25T13:00:00Z,04/25 09:00,16,70,2020-04-25T13:00:00Z,20602,,,803,,,20293,18483,,,,,,,,,,,38,56,1846,19350,2042,19350,,1,3,f44d88208fb3779320057a33ad78c96310e13609,0,0,0,0,0,
20200424,ND,747,0,16701,,totalTestEncountersViral,18251,17,67,,,,,285,4/24/2020 13:00,2020-04-24T13:00:00Z,04/24 09:00,15,67,2020-04-24T13:00:00Z,18545,,,747,,,18251,16679,,,,,,,,,,,38,38,1080,17448,1335,17448,,0,2,39eaf5a084a209e7527f2c1ab6a07958ef672959,0,0,0,0,0,
20200423,ND,709,0,15621,,totalTestEncountersViral,16916,18,65,,,,,269,4/23/2020 13:02,2020-04-23T13:02:00Z,04/23 09:02,15,65,2020-04-23T13:02:00Z,17177,,,709,,,16916,15558,,,,,,,,,,,38,32,711,16330,820,16330,,1,3,39ad837a7743c9aee84bafa429a3fbec92b3bbee,0,0,0,0,0,
20200422,ND,677,0,14910,,totalTestEncountersViral,16096,23,62,,,,,229,4/22/2020 13:10,2020-04-22T13:10:00Z,04/22 09:10,14,62,2020-04-22T13:10:00Z,16348,,,677,,,16096,14811,,,,,,,,,,,38,33,567,15587,677,15587,,1,8,d530ada67c59ff725427bb209f5cb0d3e1de4045,0,0,0,0,0,
20200421,ND,644,0,14343,,totalTestEncountersViral,15419,17,54,,,,,214,4/20/2020 13:17,2020-04-20T13:17:00Z,04/20 09:17,13,54,2020-04-20T13:17:00Z,15642,,,644,,,15419,14230,,,,,,,,,,,38,18,223,14987,269,14987,,0,1,155968f8645af60dce68e408fa62b056188300ef,0,0,0,0,0,
20200420,ND,626,0,14120,,totalTestEncountersViral,15150,17,53,,,,,189,4/20/2020 13:00,2020-04-20T13:00:00Z,04/20 09:00,13,53,2020-04-20T13:00:00Z,15370,,,626,,,15150,14028,,,,,,,,,,,38,42,1075,14746,893,14746,,3,2,24eff510174b71195c6728314baaa259771d9088,0,0,0,0,0,
20200419,ND,584,0,13045,,totalTestEncountersViral,14257,15,51,,,,,189,4/19/2020 13:00,2020-04-19T13:00:00Z,04/19 09:00,10,51,2020-04-19T13:00:00Z,14458,,,584,,,14257,13277,,,,,,,,,,,38,56,610,13629,932,13629,,1,4,251d50cfe1a685f23636c21870b22fa6399bc8b9,0,0,0,0,0,
20200418,ND,528,0,12435,,totalTestEncountersViral,13325,13,47,,,,,183,4/18/2020 13:08,2020-04-18T13:08:00Z,04/18 09:08,9,47,2020-04-18T13:08:00Z,13503,,,528,,,13325,12459,,,,,,,,,,,38,90,532,12963,696,12963,,0,0,6313f5d51111d9dbb79f39bdc588b7ddc83f44fe,0,0,0,0,0,
20200417,ND,438,0,11903,,totalTestEncountersViral,12629,16,47,,,,,172,4/17/2020 13:00,2020-04-17T13:00:00Z,04/17 09:00,9,47,2020-04-17T13:00:00Z,12790,,,438,,,12629,11825,,,,,,,,,,,38,46,592,12341,819,12341,,0,2,3b6679387072b7a3ede708a9da4d2f6ab2d3facc,0,0,0,0,0,
20200416,ND,392,0,11311,,totalTestEncountersViral,11810,14,45,,,,,163,4/16/2020 13:00,2020-04-16T13:00:00Z,04/16 09:00,9,45,2020-04-16T13:00:00Z,11932,,,392,,,11810,11114,,,,,,,,,,,38,28,359,11703,400,11703,,0,1,5549e4a9089439efa1eda240ce6f53edaab89f6a,0,0,0,0,0,
20200415,ND,364,0,10952,,totalTestEncountersViral,11410,13,44,,,,,142,4/15/2020 13:00,2020-04-15T13:00:00Z,04/15 09:00,9,44,2020-04-15T13:00:00Z,11519,,,364,,,11410,10772,,,,,,,,,,,38,23,377,11316,340,11316,,0,2,bf53c8a4da64c969c515b1e15769c02665000436,0,0,0,0,0,
20200414,ND,341,0,10575,,totalTestEncountersViral,11070,13,42,,,,,138,4/14/2020 13:00,2020-04-14T13:00:00Z,04/14 09:00,9,42,2020-04-14T13:00:00Z,11169,,,341,,,11070,10492,,,,,,,,,,,38,10,125,10916,206,10916,,1,2,de5f6595bfcd74f48bcb33a011944b4282bebd1b,0,0,0,0,0,
20200413,ND,331,0,10450,,totalTestEncountersViral,10864,13,40,,,,,127,4/13/2020 13:00,2020-04-13T13:00:00Z,04/13 09:00,8,40,2020-04-13T13:00:00Z,10960,,,331,,,10864,10307,,,,,,,,,,,38,23,408,10781,457,10781,,0,1,79caea0fc1a684b10def51fbc40e042ea1ff6885,0,0,0,0,0,
20200412,ND,308,0,10042,,totalTestEncountersViral,10407,12,39,,,,,121,4/12/2020 12:58,2020-04-12T12:58:00Z,04/12 08:58,8,39,2020-04-12T12:58:00Z,10495,,,308,,,10407,9884,,,,,,,,,,,38,15,255,10350,396,10350,,1,3,35fd9a80bf0159549ea6ff88850bd6b3b3eeed57,0,0,0,0,0,
20200411,ND,293,0,9787,,totalTestEncountersViral,10011,10,36,,,,,119,4/11/2020 13:00,2020-04-11T13:00:00Z,04/11 09:00,7,36,2020-04-11T13:00:00Z,10094,,,293,,,10011,9517,,,,,,,,,,,38,15,457,10080,610,10080,,1,0,cf34fd1dbdb8d07df3f3870a289d0985ad748b29,0,0,0,0,0,
20200410,ND,278,0,9330,,totalTestEncountersViral,9401,13,36,,,,,105,4/10/2020 13:00,2020-04-10T13:00:00Z,04/10 09:00,6,36,2020-04-10T13:00:00Z,9478,,,278,,,9401,8956,,,,,,,,,,,38,9,609,9608,427,9608,,1,2,1430c7cba61e0f2ccb12a0e7b40c564ff5d9cb31,0,0,0,0,0,
20200409,ND,269,0,8721,,totalTestEncountersViral,8974,14,34,,,,,101,4/9/2020 13:00,2020-04-09T13:00:00Z,04/09 09:00,5,34,2020-04-09T13:00:00Z,9046,,,269,,,8974,8557,,,,,,,,,,,38,18,420,8990,543,8990,,1,0,7201454a8dcd94407028e3e38a6b3313ee9ca27a,0,0,0,0,0,
20200408,ND,251,0,8301,,totalTestEncountersViral,8431,16,34,,,,,98,4/8/2020 13:54,2020-04-08T13:54:00Z,04/08 09:54,4,34,2020-04-08T13:54:00Z,8496,,,251,,,8431,8059,,,,,,,,,,,38,14,835,8552,877,8552,,0,1,d653600f7aedae077cb231b811bdb025ca28d4d7,0,0,0,0,0,
20200407,ND,237,0,7466,,totalTestEncountersViral,7554,18,33,,,,,82,4/7/2020 13:00,2020-04-07T13:00:00Z,04/07 09:00,4,33,2020-04-07T13:00:00Z,7612,,,237,,,7554,7231,,,,,,,,,,,38,12,478,7703,437,7703,,1,1,aafba1a10484ad3baf879bffece342bb0854b930,0,0,0,0,0,
20200406,ND,225,0,6988,,totalTestEncountersViral,7117,19,32,,,,,74,4/6/2020 13:05,2020-04-06T13:05:00Z,04/06 09:05,3,32,2020-04-06T13:05:00Z,7169,,,225,,,7117,6815,,,,,,,,,,,38,18,408,7213,357,7213,,0,1,fbf4ea2ff0a1a6a28688046e6c5789cee2b1dd41,0,0,0,0,0,
20200405,ND,207,0,6580,,totalTestEncountersViral,6760,20,31,,,,,63,4/5/2020 12:51,2020-04-05T12:51:00Z,04/05 08:51,3,31,2020-04-05T12:51:00Z,6807,,,207,,,6760,6476,,,,,,,,,,,38,21,559,6787,440,6787,,0,1,bec7880822436aefebdecabd41b62d5c6c2c3ad4,0,0,0,0,0,
20200404,ND,186,0,6021,,totalTestEncountersViral,6320,,30,,,,,63,4/4/2020 13:00,2020-04-04T13:00:00Z,04/04 09:00,3,30,2020-04-04T13:00:00Z,6361,,,186,,,6320,6064,,,,,,,,,,,38,13,396,6207,496,6207,,0,1,a0f03f4bccb0f39873d0591b4fe90faf5948b198,0,0,0,0,0,
20200403,ND,173,0,5625,,totalTestEncountersViral,5824,,29,,,,,55,4/3/2020 13:50,2020-04-03T13:50:00Z,04/03 09:50,3,29,2020-04-03T13:50:00Z,5857,,,173,,,5824,5598,,,,,,,,,,,38,14,804,5798,535,5798,,0,1,103be3d4aa8ea56b93eb0e2951bf380f588ad921,0,0,0,0,0,
20200402,ND,159,0,4821,,totalTestEncountersViral,5289,,28,,,,,43,4/2/2020 12:56,2020-04-02T12:56:00Z,04/02 08:56,3,28,2020-04-02T12:56:00Z,5321,,,159,,,5289,5090,,,,,,,,,,,38,20,470,4980,649,4980,,0,5,51f9419f5057bc08d4179f9e24081ab8af2057ee,0,0,0,0,0,
20200401,ND,139,0,4351,,totalTestEncountersViral,4640,,23,,,,,34,4/1/2020 12:00,2020-04-01T12:00:00Z,04/01 08:00,3,23,2020-04-01T12:00:00Z,4666,,,139,,,4640,4478,,,,,,,,,,,38,22,220,4490,565,4490,,0,2,2636b53ad93dfc647fcb73d95eaef8b227ad3de4,0,0,0,0,0,
20200331,ND,117,0,4131,,totalTestEncountersViral,4075,,21,,,,,30,3/31/2020 18:00,2020-03-31T18:00:00Z,03/31 14:00,3,21,2020-03-31T18:00:00Z,4098,,,117,,,4075,3942,,,,,,,,,,,38,10,403,4248,207,4248,,1,2,9e4d1d42904f833dc303fbb4f872fed3b2de3799,0,0,0,0,0,
20200330,ND,107,0,3728,,totalTestEncountersViral,3868,,19,,,,,19,3/30/2020 12:00,2020-03-30T12:00:00Z,03/30 08:00,2,19,2020-03-30T12:00:00Z,3892,,,107,,,3868,3743,,,,,,,,,,,38,10,373,3835,294,3835,,1,2,f209a6a1e090ce199b73955c45aa74b7d8094b52,0,0,0,0,0,
20200329,ND,97,0,3355,,totalTestEncountersViral,3574,,17,,,,,18,3/29/2020 12:00,2020-03-29T12:00:00Z,03/29 08:00,1,17,2020-03-29T12:00:00Z,3597,,,97,,,3574,3459,,,,,,,,,,,38,17,546,3452,522,3452,,0,1,3b5529168f24f7a583d9ab43c3a1cfdc7e1edafc,0,0,0,0,0,
20200328,ND,80,0,2809,,totalTestEncountersViral,3052,,16,,,,,16,3/28/2020 12:00,2020-03-28T12:00:00Z,03/28 08:00,1,16,2020-03-28T12:00:00Z,3072,,,80,,,3052,2957,,,,,,,,,,,38,19,382,2889,503,2889,,1,3,3f86b47e91d6e98d1ec396cb620e60d99d385893,0,0,0,0,0,
20200327,ND,61,0,2427,,totalTestEncountersViral,2549,,13,,,,,15,3/27/2020 11:31,2020-03-27T11:31:00Z,03/27 07:31,0,13,2020-03-27T11:31:00Z,2568,,,61,,,2549,2482,,,,,,,,,,,38,9,388,2488,462,2488,,0,3,0f37ba93f59f13c5ef9d1527c11f15ce35a83403,0,0,0,0,0,
20200326,ND,52,0,2039,,totalTestEncountersViral,2087,,10,,,,,,3/26/2020 11:37,2020-03-26T11:37:00Z,03/26 07:37,0,10,2020-03-26T11:37:00Z,2105,,,52,,,2087,2036,,,,,,,,,,,38,13,305,2091,344,2091,,0,2,fe948b3550ea1ddd7e5f6cbedbfc2985fc5a6bae,0,0,0,0,0,
20200325,ND,39,0,1734,,totalTestEncountersViral,1743,,8,,,,,,3/25/2020 11:47,2020-03-25T11:47:00Z,03/25 07:47,0,8,2020-03-25T11:47:00Z,1760,,,39,,,1743,1701,,,,,,,,,,,38,6,280,1773,287,1773,,0,3,24cefd0d0e7796256148dc76b969407f60f5a06b,0,0,0,0,0,
20200324,ND,33,0,1454,,totalTestEncountersViral,1456,,5,,,,,,3/24/2020 11:17,2020-03-24T11:17:00Z,03/24 07:17,0,5,2020-03-24T11:17:00Z,1474,,,33,,,1456,1422,,,,,,,,,,,38,3,101,1487,112,1487,,0,1,a96457a2c9d9517d73f5be1bb78c36756d43f529,0,0,0,0,0,
20200323,ND,30,0,1353,,totalTestEncountersViral,1344,,4,,,,,,3/23/2020 12:11,2020-03-23T12:11:00Z,03/23 08:11,0,4,2020-03-23T12:11:00Z,1361,,,30,,,1344,1317,,,,,,,,,,,38,2,93,1383,98,1383,,0,1,f7fcdfb2a05f1a0379753af3a316ac439ca9b402,0,0,0,0,0,
20200322,ND,28,0,1260,,totalTestEncountersViral,1246,,3,,,,,,3/22/2020 11:39,2020-03-22T11:39:00Z,03/22 07:39,0,3,2020-03-22T11:39:00Z,1263,,,28,,,1246,1221,,,,,,,,,,,38,0,119,1288,150,1288,,0,0,8142a1db5f3f6312d429fc6dae23977b7c00bcf6,0,0,0,0,0,
20200321,ND,28,0,1141,,totalTestEncountersViral,1096,,3,,,,,,3/21/2020 11:56,2020-03-21T11:56:00Z,03/21 07:56,0,3,2020-03-21T11:56:00Z,1113,,,28,,,1096,1075,,,,,,,,,,,38,8,341,1169,332,1169,,0,3,4b003e833037cb83e9a8c3384321f5ddd54c45b6,0,0,0,0,0,
20200320,ND,20,0,800,,totalTestEncountersViral,764,,,,,,,,3/20/2020 00:00,2020-03-20T00:00:00Z,03/19 20:00,0,,2020-03-20T00:00:00Z,778,,,20,,,764,748,,,,,,,,,,,38,5,307,820,293,820,,0,0,344bbfd4ca65cb6595968ebcc88fe375532b5fd6,0,0,0,0,0,
20200319,ND,15,0,493,,totalTestEncountersViral,471,,,,,,,,3/19/2020 00:00,2020-03-19T00:00:00Z,03/18 20:00,0,,2020-03-19T00:00:00Z,487,,,15,,,471,460,,,,,,,,,,,38,9,225,508,225,508,,0,0,0f92653eaa9c5581f5b37849f1f11d166b3db01f,0,0,0,0,0,
20200318,ND,6,0,268,,totalTestEncountersViral,246,,,,,,,,3/18/2020 00:00,2020-03-18T00:00:00Z,03/17 20:00,0,,2020-03-18T00:00:00Z,259,,,6,,,246,239,,,,,,,,,,,38,5,48,274,116,274,,0,0,9a00ec4b048f38a630f74ead2879d7c6e1ddc87f,0,0,0,0,0,
20200317,ND,1,0,220,0,totalTestEncountersViral,130,,,,,,,,3/17/2020 00:00,2020-03-17T00:00:00Z,03/16 20:00,0,,2020-03-17T00:00:00Z,143,,,1,,,130,127,,,,,,,,,,,38,0,97,221,34,221,,0,0,0dec8e779e389bdd492b782f3f149eff3e140d12,0,0,0,0,0,
20200316,ND,1,0,123,0,totalTestEncountersViral,96,,,,,,,,3/16/2020 15:45,2020-03-16T15:45:00Z,03/16 11:45,0,,2020-03-16T15:45:00Z,109,,,1,,,96,93,,,,,,,,,,,38,0,28,124,22,124,,0,0,a611ddccf6ae067006cd67e581f94ea4eb072412,0,0,0,0,0,
20200315,ND,1,0,95,4,totalTestEncountersViral,74,,,,,,,,3/15/2020 12:00,2020-03-15T12:00:00Z,03/15 08:00,0,,2020-03-15T12:00:00Z,87,,,1,,,74,73,,,,,,,,,,,38,0,41,100,24,96,,0,0,99764de735f3f5ffa9a106bb8824bdbc713e1b42,0,0,0,0,0,
20200314,ND,1,0,54,14,totalTestEncountersViral,50,,,,,,,,3/13/2020 13:00,2020-03-13T13:00:00Z,03/13 09:00,0,,2020-03-13T13:00:00Z,63,,,1,,,50,49,,,,,,,,,,,38,0,15,69,21,55,,0,0,c91aee0f6f412b27a017a6a345fe153e01f5417d,0,0,0,0,0,
20200313,ND,1,0,39,12,totalTestEncountersViral,29,,,,,,,,3/13/2020 13:00,2020-03-13T13:00:00Z,03/13 09:00,0,,2020-03-13T13:00:00Z,40,,,1,,,29,28,,,,,,,,,,,38,0,27,52,12,40,,0,0,96ab03109c74aac398514283d6eea0d99b8a7efa,0,0,0,0,0,
20200312,ND,1,0,12,14,totalTestEncountersViral,17,,,,,,,,3/11/2020 00:00,2020-03-11T00:00:00Z,03/10 20:00,,,2020-03-11T00:00:00Z,26,,,1,,,17,16,,,,,,,,,,,38,1,5,27,8,13,,0,0,cd9d6d9336ad4149f51c4acaad5b82d0eefba913,0,0,0,0,0,
20200311,ND,0,0,7,6,totalTestEncountersViral,9,,,,,,,,,,,,,,14,,,0,,,9,8,,,,,,,,,,,38,0,1,13,2,7,,0,0,6dad80087afd367012494941572a6fac1c8cbdc7,0,0,0,0,0,
20200310,ND,0,0,6,2,totalTestEncountersViral,7,,,,,,,,,,,,,,12,,,0,,,7,7,,,,,,,,,,,38,0,6,8,7,6,,0,0,c5570d01d907b20dd6508d9dde526fccd1f9b4c8,0,0,0,0,0,
20200309,ND,,,0,,totalTestEncountersViral,,,,,,,,,,,,,,,,,,,,,,,,,,,,,,,,,38,0,0,0,0,0,,0,0,ed7bb3ac9e5d077931e00ebaffd5bb0549e02c48,0,0,0,0,0,
20200308,ND,,,0,,totalTestEncountersViral,,,,,,,,,,,,,,,,,,,,,,,,,,,,,,,,,38,0,0,0,0,0,,0,0,4dacfc03135ea179789d010f84c7267dee01116f,0,0,0,0,0,
20200307,ND,,,0,,totalTestEncountersViral,,,,,,,,,,,,,,,,,,,,,,,,,,,,,,,,,38,0,0,0,0,0,,0,0,7c9e8e9e075c9e5805d10e4db0c1f2baad888c29,0,0,0,0,0,
