date,state,positive,probableCases,negative,pending,totalTestResultsSource,totalTestResults,hospitalizedCurrently,hospitalizedCumulative,inIcuCurrently,inIcuCumulative,onVentilatorCurrently,onVentilatorCumulative,recovered,lastUpdateEt,dateModified,checkTimeEt,death,hospitalized,hospitalizedDischarged,dateChecked,totalTestsViral,positiveTestsViral,negativeTestsViral,positiveCasesViral,deathConfirmed,deathProbable,totalTestEncountersViral,totalTestsPeopleViral,totalTestsAntibody,positiveTestsAntibody,negativeTestsAntibody,totalTestsPeopleAntibody,positiveTestsPeopleAntibody,negativeTestsPeopleAntibody,totalTestsPeopleAntigen,positiveTestsPeopleAntigen,totalTestsAntigen,positiveTestsAntigen,fips,positiveIncrease,negativeIncrease,total,totalTestResultsIncrease,posNeg,dataQualityGrade,deathIncrease,hospitalizedIncrease,hash,commercialScore,negativeRegularScore,negativeScore,positiveScore,score,grade
20210301,TN,775693,126029,6140306,,totalTestsViral,6789970,1009,18620,257,,127,,750755,3/1/2021 15:00,2021-03-01T15:00:00Z,03/01 10:00,11421,18620,,2021-03-01T15:00:00Z,6789970,749192,6040778,649664,9181,2240,,,,,,,,,,,1372301,137917,47,689,8611,6915999,9109,6915999,,10,15,eefec8365d587ecdb4046d011fe13ac14e50f35b,0,0,0,0,0,
20210228,TN,775004,125838,6131695,,totalTestsViral,6780861,1004,18605,255,,134,,749863,2/28/2021 15:00,2021-02-28T15:00:00Z,02/28 10:00,11411,18605,,2021-02-28T15:00:00Z,6780861,748632,6032229,649166,9170,2241,,,,,,,,,,,1369842,137689,47,1117,10729,6906699,11423,6906699,,18,19,7ac4d4ed35fd5ecae8c6bc2b3ac986cbc1afecc0,0,0,0,0,0,
20210227,TN,773887,125415,6120966,,totalTestsViral,6769438,1038,18586,251,,124,,748739,2/27/2021 15:00,2021-02-27T15:00:00Z,02/27 10:00,11393,18586,,2021-02-27T15:00:00Z,6769438,747859,6021579,648472,9152,2241,,,,,,,,,,,1366306,137259,47,1374,14836,6894853,15679,6894853,,16,33,50433ee241e5104568f56e0b3407c79cd5b15901,0,0,0,0,0,
20210226,TN,772513,124884,6106130,,totalTestsViral,6753759,1432,18553,271,,134,,746954,2/26/2021 15:00,2021-02-26T15:00:00Z,02/26 10:00,11377,18553,,2021-02-26T15:00:00Z,6753759,746929,6006830,647629,9138,2239,,,,,,,,,,,1354818,136650,47,1573,17520,6878643,18655,6878643,,56,47,6b2e7e10f4900b05f293e627f201c349fb1a8f29,0,0,0,0,0,
20210225,TN,770940,124446,6088610,,totalTestsViral,6735104,1139,18506,286,,137,,745200,2/25/2021 15:00,2021-02-25T15:00:00Z,02/25 10:00,11321,18506,,2021-02-25T15:00:00Z,6735104,745675,5989429,646494,9098,2223,,,,,,,,,,,1340603,136109,47,1994,24212,6859550,25704,6859550,,55,76,c1bb7fe2cb4acdac3e60310b80d4e4ad3fa0ed80,0,0,0,0,0,
20210224,TN,768946,123944,6064398,,totalTestsViral,6709400,1142,18430,280,,148,,743254,2/24/2021 15:00,2021-02-24T15:00:00Z,02/24 10:00,11266,18430,,2021-02-24T15:00:00Z,6709400,744017,5965383,645002,9060,2206,,,,,,,,,,,1329787,135530,47,1631,14681,6833344,15755,6833344,,68,67,b0861dd5d9e6e109d77d5edacf0bea4a00888898,0,0,0,0,0,
20210223,TN,767315,123387,6049717,,totalTestsViral,6693645,1129,18363,285,,158,,741057,2/23/2021 15:00,2021-02-23T15:00:00Z,02/23 10:00,11198,18363,,2021-02-23T15:00:00Z,6693645,742855,5950790,643928,9007,2191,,,,,,,,,,,1318241,134930,47,1226,11599,6817032,12245,6817032,,45,52,d9e50c3367002d581c61378b0d6f3b870078d93f,0,0,0,0,0,
20210222,TN,766089,122807,6038118,,totalTestsViral,6681400,1128,18311,295,,167,,738731,2/22/2021 15:00,2021-02-22T15:00:00Z,02/22 10:00,11153,18311,,2021-02-22T15:00:00Z,6681400,741941,5939459,643282,8974,2179,,,,,,,,,,,1302364,134246,47,952,6300,6804207,6909,6804207,,20,27,187293ccd3e96a48004ff33f2ce375af9c56044c,0,0,0,0,0,
20210221,TN,765137,122464,6031818,,totalTestsViral,6674491,1128,18284,300,,171,,737635,2/21/2021 15:00,2021-02-21T15:00:00Z,02/21 10:00,11133,18284,,2021-02-21T15:00:00Z,6674491,741254,5933237,642673,8956,2177,,,,,,,,,,,1299544,133897,47,1129,8387,6796955,9062,6796955,,18,17,53a47a1c855cfb3a6c3ccf53664b19d3607e732b,0,0,0,0,0,
20210220,TN,764008,122010,6023431,,totalTestsViral,6665429,1123,18267,292,,165,,736300,2/20/2021 15:00,2021-02-20T15:00:00Z,02/20 10:00,11115,18267,,2021-02-20T15:00:00Z,6665429,740519,5924910,641998,8942,2173,,,,,,,,,,,1295558,133433,47,1335,10060,6787439,10943,6787439,,51,32,8c612544c44bb5a4a2843158fed056b7ae9da1ee,0,0,0,0,0,
20210219,TN,762673,121558,6013371,,totalTestsViral,6654486,1095,18235,268,,150,,734152,2/19/2021 15:00,2021-02-19T15:00:00Z,02/19 10:00,11064,18235,,2021-02-19T15:00:00Z,6654486,739517,5914969,641115,8898,2166,,,,,,,,,,,1285118,132915,47,1372,8633,6776044,9534,6776044,,7,60,ae8d0acdd417110594b6d343e4aa0cb361427b7a,0,0,0,0,0,
20210218,TN,761301,121087,6004738,,totalTestsViral,6644952,1250,18175,309,,163,,731791,2/18/2021 15:00,2021-02-18T15:00:00Z,02/18 10:00,11057,18175,,2021-02-18T15:00:00Z,6644952,738527,5906425,640214,8892,2165,,,,,,,,,,,1274722,132418,47,998,9908,6766039,10515,6766039,,72,55,4301092ea5ae877c4514ea88aa6578630a6f2744,0,0,0,0,0,
20210217,TN,760303,120696,5994830,,totalTestsViral,6634437,1245,18120,320,,173,,729629,2/17/2021 15:00,2021-02-17T15:00:00Z,02/17 10:00,10985,18120,,2021-02-17T15:00:00Z,6634437,737650,5896787,639607,8834,2151,,,,,,,,,,,1265367,131976,47,780,7423,6755133,7904,6755133,,31,57,d350e34fc840373e22bca59679216f69b6f2cfad,0,0,0,0,0,
20210216,TN,759523,120397,5987407,,totalTestsViral,6626533,1219,18063,329,,173,,726910,2/16/2021 15:00,2021-02-16T15:00:00Z,02/16 10:00,10954,18063,,2021-02-16T15:00:00Z,6626533,737046,5889487,639126,8810,2144,,,,,,,,,,,1255785,131553,47,962,7676,6746930,8252,6746930,,17,36,af9369b290a0fff75bd48655d6269e65fc90c519,0,0,0,0,0,
20210215,TN,758561,120011,5979731,,totalTestsViral,6618281,1221,18027,332,,180,,724031,2/15/2021 15:00,2021-02-15T15:00:00Z,02/15 10:00,10937,18027,,2021-02-15T15:00:00Z,6618281,736314,5881967,638550,8797,2140,,,,,,,,,,,1243972,131141,47,1143,10535,6738292,11332,6738292,,4,10,64436f78c45827b296f4aa2558bdff74eac5d421,0,0,0,0,0,
20210214,TN,757418,119665,5969196,,totalTestsViral,6606949,1246,18017,313,,182,,722598,2/14/2021 15:00,2021-02-14T15:00:00Z,02/14 10:00,10933,18017,,2021-02-14T15:00:00Z,6606949,735425,5871524,637753,8793,2140,,,,,,,,,,,1240889,130775,47,1347,13712,6726614,14674,6726614,,31,20,663b42278c6c6e78f160e9a3517c7a5c8363e932,0,0,0,0,0,
20210213,TN,756071,119280,5955484,,totalTestsViral,6592275,1285,17997,331,,181,,720977,2/13/2021 15:00,2021-02-13T15:00:00Z,02/13 10:00,10902,17997,,2021-02-13T15:00:00Z,6592275,734339,5857936,636791,8769,2133,,,,,,,,,,,1236965,130365,47,1792,18778,6711555,20034,6711555,,9,28,e9669fadfcb96bc9cc7b52b3fa47da9d087fc8e5,0,0,0,0,0,
20210212,TN,754279,118744,5936706,,totalTestsViral,6572241,1332,17969,338,,184,,718749,2/12/2021 15:00,2021-02-12T15:00:00Z,02/12 10:00,10893,17969,,2021-02-12T15:00:00Z,6572241,732918,5839323,635535,8761,2132,,,,,,,,,,,1226193,129787,47,2246,23179,6690985,24807,6690985,,81,49,53e1ce6ea429c77d54083c5282ddb24a0cdc0063,0,0,0,0,0,
20210211,TN,752033,118126,5913527,,totalTestsViral,6547434,1385,17920,362,,199,,716136,2/11/2021 15:00,2021-02-11T15:00:00Z,02/11 10:00,10812,17920,,2021-02-11T15:00:00Z,6547434,731036,5816398,633907,8706,2106,,,,,,,,,,,1212208,129106,47,1624,23004,6665560,24051,6665560,,81,45,08f558518f0638ba144bb406af8509cd45f56eb0,0,0,0,0,0,
20210210,TN,750409,117549,5890523,,totalTestsViral,6523383,1419,17875,393,,214,,714067,2/10/2021 15:00,2021-02-10T15:00:00Z,02/10 10:00,10731,17875,,2021-02-10T15:00:00Z,6523383,729254,5794129,632860,8652,2079,,,,,,,,,,,1200650,128389,47,2947,25468,6640932,27589,6640932,,100,89,7771ace736f8fe6ab87e0ae8d257aa999f22eb01,0,0,0,0,0,
20210209,TN,747462,116723,5865055,,totalTestsViral,6495794,1404,17786,409,,220,,710742,2/9/2021 15:00,2021-02-09T15:00:00Z,02/09 10:00,10631,17786,,2021-02-09T15:00:00Z,6495794,726838,5768956,630739,8586,2045,,,,,,,,,,,1184877,127541,47,1636,8083,6612517,8984,6612517,,65,91,c5f6d917c057bf1c4c884405d2c2114b139b5bd3,0,0,0,0,0,
20210208,TN,745826,115988,5856972,,totalTestsViral,6486810,1431,17695,398,,208,,707098,2/8/2021 15:00,2021-02-08T15:00:00Z,02/08 10:00,10566,17695,,2021-02-08T15:00:00Z,6486810,725810,5761000,629838,8536,2030,,,,,,,,,,,1168830,126743,47,1226,10746,6602798,11616,6602798,,97,39,6733e28146eb84e343eda92d10733e61f1e5a033,0,0,0,0,0,
20210207,TN,744600,115632,5846226,,totalTestsViral,6475194,1439,17656,405,,211,,705492,2/7/2021 15:00,2021-02-07T15:00:00Z,02/07 10:00,10469,17656,,2021-02-07T15:00:00Z,6475194,724811,5750383,628968,8465,2004,,,,,,,,,,,960489,126335,47,2387,26057,6590826,27884,6590826,,6,14,963c666500595be65f38a85328b525a13cdbde00,0,0,0,0,0,
20210206,TN,742213,115072,5820169,,totalTestsViral,6447310,1514,17642,418,,228,,703426,2/6/2021 15:00,2021-02-06T15:00:00Z,02/06 10:00,10463,17642,,2021-02-06T15:00:00Z,6447310,722672,5724638,627141,8457,2006,,,,,,,,,,,956295,125726,47,3182,27347,6562382,29654,6562382,,58,78,4f6e77fd83710d89e7bf452a10403eacf7c25091,0,0,0,0,0,
20210205,TN,739031,114197,5792822,,totalTestsViral,6417656,1558,17564,438,,235,,700620,2/5/2021 15:00,2021-02-05T15:00:00Z,02/05 10:00,10405,17564,,2021-02-05T15:00:00Z,6417656,719957,5697699,624834,8414,1991,,,,,,,,,,,944196,124762,47,2661,26027,6531853,27910,6531853,,203,95,d5dc5a0164c85968ba324dd4372d9c8fc09fe24a,0,0,0,0,0,
20210204,TN,736370,113419,5766795,,totalTestsViral,6389746,1562,17469,433,,236,,697110,2/4/2021 15:00,2021-02-04T15:00:00Z,02/04 10:00,10202,17469,,2021-02-04T15:00:00Z,6389746,717799,5671947,622951,8279,1923,,,,,,,,,,,933177,123907,47,3154,27681,6503165,29948,6503165,,169,107,12c882351491e3765882647898b8fa7916c13b61,0,0,0,0,0,
20210203,TN,733216,112532,5739114,,totalTestsViral,6359798,1638,17362,474,,266,,693707,2/3/2021 15:00,2021-02-03T15:00:00Z,02/03 10:00,10033,17362,,2021-02-03T15:00:00Z,6359798,715334,5644464,620684,8168,1865,,,,,,,,,,,923149,122962,47,1856,11656,6472330,12728,6472330,,133,86,f7e860e8ef091b5dcad9a9d3cc7539a9e01ef6e7,0,0,0,0,0,
20210202,TN,731360,111748,5727458,,totalTestsViral,6347070,1687,17276,471,,277,,688963,2/2/2021 15:00,2021-02-02T15:00:00Z,02/02 10:00,9900,17276,,2021-02-02T15:00:00Z,6347070,713994,5633076,619612,8068,1832,,,,,,,,,,,915501,122057,47,2173,8787,6458818,10080,6458818,,147,104,0a6f7c19e9e0bb8d25bf751545e7cf9666c7d6ee,0,0,0,0,0,
20210201,TN,729187,110868,5718671,,totalTestsViral,6336990,1682,17172,447,,253,,685162,2/1/2021 15:00,2021-02-01T15:00:00Z,02/01 10:00,9753,17172,,2021-02-01T15:00:00Z,6336990,712703,5624287,618319,7975,1778,,,,,,,,,,,905061,121133,47,1326,8692,6447858,9606,6447858,,103,52,d2a7233958af0d93111e42fbf81750c5646290b3,0,0,0,0,0,
20210131,TN,727861,110456,5709979,,totalTestsViral,6327384,1699,17120,435,,254,,683295,1/31/2021 15:00,2021-01-31T15:00:00Z,01/31 10:00,9650,17120,,2021-01-31T15:00:00Z,6327384,711676,5615708,617405,7902,1748,,,,,,,,,,,902832,120656,47,3119,29999,6437840,32363,6437840,,76,28,0bbd829c4c19301761cfcf3e99edb3bfd9d4552e,0,0,0,0,0,
20210130,TN,724742,109701,5679980,,totalTestsViral,6295021,1806,17092,467,,274,,680847,1/30/2021 15:00,2021-01-30T15:00:00Z,01/30 10:00,9574,17092,,2021-01-30T15:00:00Z,6295021,708919,5586102,615041,7846,1728,,,,,,,,,,,895970,119881,47,2251,43306,6404722,17253,6404722,,113,154,60ef71229c2e35f652de2d354a33c97608478279,0,0,0,0,0,
20210129,TN,722491,109330,5636674,,totalTestsViral,6277768,1960,16938,522,,306,,676878,1/29/2021 00:00,2021-01-29T00:00:00Z,01/28 19:00,9461,16938,,2021-01-29T00:00:00Z,6277768,706810,5570958,613161,7768,1693,,,,,,,,,,,870493,117024,47,4908,0,6359165,30553,6359165,,44,0,350bbce6870d1b2d704fff528542cb276b2d92ef,0,0,0,0,0,
20210128,TN,717583,107042,5636674,,totalTestsViral,6247215,2009,16938,533,,315,,672110,1/28/2021 15:00,2021-01-28T15:00:00Z,01/28 10:00,9417,16938,,2021-01-28T15:00:00Z,6247215,703765,5543450,610541,7737,1680,,,,,,,,,,,870493,117024,47,1777,12611,6354257,13969,6354257,,101,115,9e74b685103e886cbe0d2765675a1a3bb4b970d3,0,0,0,0,0,
20210127,TN,715806,106623,5624063,,totalTestsViral,6233246,2167,16823,580,,347,,668021,1/27/2021 15:00,2021-01-27T15:00:00Z,01/27 10:00,9316,16823,,2021-01-27T15:00:00Z,6233246,701976,5531270,609183,7667,1649,,,,,,,,,,,868070,116453,47,3400,23503,6339869,26094,6339869,,154,116,d828fe6bab1c70be69256952d6e70df81e228828,0,0,0,0,0,
20210126,TN,712406,105814,5600560,,totalTestsViral,6207152,2166,16707,604,,359,,662533,1/26/2021 15:00,2021-01-26T15:00:00Z,01/26 10:00,9162,16707,,2021-01-26T15:00:00Z,6207152,699105,5508047,606592,7571,1591,,,,,,,,,,,859827,115631,47,1979,7274,6312966,8529,6312966,,192,147,7fc843d9831ce5dd8cdf531814507e013d4e8031,0,0,0,0,0,
20210125,TN,710427,105092,5593286,,totalTestsViral,6198623,2196,16560,608,,355,,657031,1/25/2021 15:00,2021-01-25T15:00:00Z,01/25 10:00,8970,16560,,2021-01-25T15:00:00Z,6198623,698188,5500435,605335,7431,1539,,,,,,,,,,,849191,114917,47,1710,12552,6303713,14033,6303713,,111,56,ed7c4f3afead1eff20d9f69bcbd960c8de1d53dd,0,0,0,0,0,
20210124,TN,708717,104861,5580734,,totalTestsViral,6184590,2269,16504,627,,376,,654335,1/24/2021 15:00,2021-01-24T15:00:00Z,01/24 10:00,8859,16504,,2021-01-24T15:00:00Z,6184590,696507,5488083,603856,7351,1508,,,,,,,,,,,847549,114543,47,2841,23669,6289451,25838,6289451,,40,23,4eec3fd4b4be946469d0d11c2d92a3f5599784de,0,0,0,0,0,
20210123,TN,705876,104181,5557065,,totalTestsViral,6158752,2396,16481,648,,386,,651283,1/23/2021 15:00,2021-01-23T15:00:00Z,01/23 10:00,8819,16481,,2021-01-23T15:00:00Z,6158752,693980,5464772,601695,7322,1497,,,,,,,,,,,843511,113751,47,4029,27434,6262941,30447,6262941,,42,59,69be66d4776e263e34f5a8732af1e58f38755527,0,0,0,0,0,
20210122,TN,701847,103173,5529631,,totalTestsViral,6128305,2514,16422,670,,398,,646144,1/22/2021 15:00,2021-01-22T15:00:00Z,01/22 10:00,8777,16422,,2021-01-22T15:00:00Z,6128305,690503,5437802,598674,7292,1485,,,,,,,,,,,834436,112679,47,4064,24248,6231478,27146,6231478,,93,78,a0c48ffc9022f24709c944b72eca78a89f778cd4,0,0,0,0,0,
20210121,TN,697783,102007,5505383,,totalTestsViral,6101159,2673,16344,688,,412,,639444,1/21/2021 15:00,2021-01-21T15:00:00Z,01/21 10:00,8684,16344,,2021-01-21T15:00:00Z,6101159,687177,5413982,595776,7221,1463,,,,,,,,,,,823566,111498,47,3492,20213,6203166,22675,6203166,,128,111,d71e3ba61fed8e4054629ad39ba8c8dcf1c231fb,0,0,0,0,0,
20210120,TN,694291,100977,5485170,,totalTestsViral,6078484,2813,16233,738,,418,,633428,1/20/2021 15:00,2021-01-20T15:00:00Z,01/20 10:00,8556,16233,,2021-01-20T15:00:00Z,6078484,684191,5394293,593314,7134,1422,,,,,,,,,,,810417,109839,47,4483,19236,6179461,21951,6179461,,86,99,77148b7d30c0b62c836b56b542d09e04c2d15501,0,0,0,0,0,
20210119,TN,689808,99209,5465934,,totalTestsViral,6056533,2775,16134,693,,404,,624306,1/19/2021 15:00,2021-01-19T15:00:00Z,01/19 10:00,8470,16134,,2021-01-19T15:00:00Z,6056533,681136,5375397,590599,7082,1388,,,,,,,,,,,797881,108042,47,2057,10937,6155742,11986,6155742,,40,73,191ce59cb72aa18f0de526c7af0c3278b80aecc8,0,0,0,0,0,
20210118,TN,687751,98201,5454997,,totalTestsViral,6044547,2810,16061,723,,402,,614720,1/18/2021 15:00,2021-01-18T15:00:00Z,01/18 10:00,8430,16061,,2021-01-18T15:00:00Z,6044547,679646,5364901,589550,7050,1380,,,,,,,,,,,785040,106748,47,2430,12260,6142748,14116,6142748,,39,43,b7311bf0047bd10fd8cb59f672472044a21f9ff9,0,0,0,0,0,
20210117,TN,685321,97627,5442737,,totalTestsViral,6030431,2856,16018,740,,411,,610796,1/17/2021 15:00,2021-01-17T15:00:00Z,01/17 10:00,8391,16018,,2021-01-17T15:00:00Z,6030431,677517,5352914,587694,7020,1371,,,,,,,,,,,782409,106105,47,4474,26433,6128058,29740,6128058,,36,65,a03b02bba148737995467e533ce1bd71ef22c111,0,0,0,0,0,
20210116,TN,680847,96460,5416304,,totalTestsViral,6000691,2972,15953,722,,388,,605596,1/16/2021 15:00,2021-01-16T15:00:00Z,01/16 10:00,8355,15953,,2021-01-16T15:00:00Z,6000691,673621,5327070,584387,6987,1368,,,,,,,,,,,777061,104924,47,4808,24674,6097151,28318,6097151,,44,80,e72d54ad47ea3f5bfb902169974f4fa8777c53bd,0,0,0,0,0,
20210115,TN,676039,95296,5391630,,totalTestsViral,5972373,3034,15873,755,,402,,602938,1/15/2021 15:00,2021-01-15T15:00:00Z,01/15 10:00,8311,15873,,2021-01-15T15:00:00Z,5972373,669429,5302944,580743,6970,1341,,,,,,,,,,,767817,103634,47,5557,28581,6067669,32918,6067669,,79,120,cd556ae197ea41050ab07493f1157347301c0126,0,0,0,0,0,
20210114,TN,670482,94076,5363049,,totalTestsViral,5939455,3150,15753,781,,436,,596883,1/14/2021 15:00,2021-01-14T15:00:00Z,01/14 10:00,8232,15753,,2021-01-14T15:00:00Z,5939455,664501,5274954,576406,6909,1323,,,,,,,,,,,756813,102283,47,4983,20429,6033531,24216,6033531,,84,98,b35a2ae3902e8b121264edbea68fb426334d86fc,0,0,0,0,0,
20210113,TN,665499,92880,5342620,,totalTestsViral,5915239,3193,15655,783,,445,,588974,1/13/2021 15:00,2021-01-13T15:00:00Z,01/13 10:00,8148,15655,,2021-01-13T15:00:00Z,5915239,660364,5254875,572619,6856,1292,,,,,,,,,,,746789,100966,47,4625,17478,6008119,20426,6008119,,137,145,55d9b588a84d13d55cb605605866205a27a00796,0,0,0,0,0,
20210112,TN,660874,91203,5325142,,totalTestsViral,5894813,3230,15510,756,,432,,579345,1/12/2021 15:00,2021-01-12T15:00:00Z,01/12 10:00,8011,15510,,2021-01-12T15:00:00Z,5894813,658200,5236613,569671,6757,1254,,,,,,,,,,,733789,99157,47,3478,12884,5986016,14953,5986016,,146,151,0b07389c5bbc36a1887eda5f70bd6561f0b85c35,0,0,0,0,0,
20210111,TN,657396,89794,5312258,,totalTestsViral,5879860,3249,15359,766,,447,,568910,1/11/2021 15:00,2021-01-11T15:00:00Z,01/11 10:00,7865,15359,,2021-01-11T15:00:00Z,5879860,655633,5224227,567602,6659,1206,,,,,,,,,,,720816,97320,47,3527,18068,5969654,20996,5969654,,80,52,00227bdd819efa715d338ece23534d47dc5e9951,0,0,0,0,0,
20210110,TN,653869,89195,5294190,,totalTestsViral,5858864,3263,15307,778,,459,,565197,1/10/2021 15:00,2021-01-10T15:00:00Z,01/10 10:00,7785,15307,,2021-01-10T15:00:00Z,5858864,652079,5206785,564674,6607,1178,,,,,,,,,,,718561,96638,47,7419,31719,5948059,37062,5948059,,81,53,439ee105271e4c73061763d7f4c6c94769d93686,0,0,0,0,0,
20210109,TN,646450,87119,5262471,,totalTestsViral,5821802,3416,15254,828,,487,,560642,1/9/2021 15:00,2021-01-09T15:00:00Z,01/09 10:00,7704,15254,,2021-01-09T15:00:00Z,5821802,646034,5175768,559331,6545,1159,,,,,,,,,,,709263,94436,47,5844,27551,5908921,32100,5908921,,86,76,a261ff9bb0c79c5c9b2fa7d1e56ebff59ba9dbcf,0,0,0,0,0,
20210108,TN,640606,85824,5234920,,totalTestsViral,5789702,3482,15178,811,,474,,559625,1/8/2021 18:00,2021-01-08T18:00:00Z,01/08 13:00,7618,15178,,2021-01-08T18:00:00Z,5789702,640205,5149497,554782,6491,1127,,,,,,,,,,,701348,93026,47,6369,28338,5875526,33593,5875526,,126,110,f2e4529bc28ef12ac0943fabcb5366a2ab09e202,0,0,0,0,0,
20210107,TN,634237,84710,5206582,,totalTestsViral,5756109,3533,15068,819,,474,,555634,1/7/2021 18:00,2021-01-07T18:00:00Z,01/07 13:00,7492,15068,,2021-01-07T18:00:00Z,5756109,634348,5121761,549527,6405,1087,,,,,,,,,,,691687,91543,47,9000,32730,5840819,39767,5840819,,111,133,098fec8a0431d329c28a76f78668733c03d22ce4,0,0,0,0,0,
20210106,TN,625237,82747,5173852,,totalTestsViral,5716342,3554,14935,831,,478,,548838,1/6/2021 18:00,2021-01-06T18:00:00Z,01/06 13:00,7381,14935,,2021-01-06T18:00:00Z,5716342,626448,5089894,542490,6326,1055,,,,,,,,,,,680506,89286,47,7588,24513,5799089,29875,5799089,,114,100,1e8b88e8d835237d5dd2465871d7023fccbb1413,0,0,0,0,0,
20210105,TN,617649,80521,5149339,,totalTestsViral,5686467,3465,14835,816,,469,,539207,1/5/2021 18:00,2021-01-05T18:00:00Z,01/05 13:00,7267,14835,,2021-01-05T18:00:00Z,5686467,620389,5066078,537128,6241,1026,,,,,,,,,,,666463,86762,47,5399,10574,5766988,13228,5766988,,99,75,267aae2bc7fce0bbd4dcdf118426e8049e4b96c4,0,0,0,0,0,
20210104,TN,612250,77776,5138765,,totalTestsViral,5673239,3407,14760,825,,471,,530494,1/4/2021 18:00,2021-01-04T18:00:00Z,01/04 13:00,7168,14760,,2021-01-04T18:00:00Z,5673239,617631,5055608,534474,6182,986,,,,,,,,,,,650344,83849,47,3953,11659,5751015,14598,5751015,,143,112,8d8780952b619636866442467ab73f6d34ad6c04,0,0,0,0,0,
20210103,TN,608297,76762,5127106,,totalTestsViral,5658641,3371,14648,792,,467,,526966,1/3/2021 18:00,2021-01-03T18:00:00Z,01/03 13:00,7025,14648,,2021-01-03T18:00:00Z,5658641,614482,5044159,531535,6070,955,,,,,,,,,,,646912,82663,47,4165,12338,5735403,15364,5735403,,55,41,0da5caba6840aac2bcdc363784236c2f3fedeca0,0,0,0,0,0,
20210102,TN,604132,75623,5114768,,totalTestsViral,5643277,3303,14607,791,,453,,523089,1/2/2021 18:00,2021-01-02T18:00:00Z,01/02 13:00,6970,14607,,2021-01-02T18:00:00Z,5643277,611192,5032085,528509,6029,941,,,,,,,,,,,644293,81422,47,17330,57512,5718900,35328,5718900,,63,76,afa726e65b0a0d3d8f410acb99b2369b4aa3240e,0,0,0,0,0,
20210101,TN,586802,72343,5057256,,totalTestsViral,5607949,3378,14531,813,,471,,508914,1/1/2021 00:00,2021-01-01T00:00:00Z,12/31 19:00,6907,14531,,2021-01-01T00:00:00Z,5607949,603549,5004400,514459,5990,917,,,,,,,,,,,624501,77898,47,0,0,5644058,36234,5644058,,0,0,23a6bb71c8de2ec68d7fdce3da265133116eeb3c,0,0,0,0,0,
20201231,TN,586802,72343,5057256,,totalTestsViral,5571715,3429,14531,826,,475,,508914,12/31/2020 18:00,2020-12-31T18:00:00Z,12/31 13:00,6907,14531,,2020-12-31T18:00:00Z,5571715,595700,4976015,514459,5990,917,,,,,,,,,,,624501,77898,47,5993,19797,5644058,24402,5644058,,97,114,dfd1fecb5db9e577baf7f528d0c6dd31e205c29d,0,0,0,0,0,
20201230,TN,580809,70955,5037459,,totalTestsViral,5547313,3425,14417,819,,466,,501691,12/30/2020 18:00,2020-12-30T18:00:00Z,12/30 13:00,6810,14417,,2020-12-30T18:00:00Z,5547313,590175,4957138,509854,5923,887,,,,,,,,,,,615891,76280,47,8220,21115,5618268,26426,5618268,,100,141,94288f56d9a4aa7ace59c385d76494b10fab5aac,0,0,0,0,0,
20201229,TN,572589,68046,5016344,,totalTestsViral,5520887,3274,14276,798,,455,,493743,12/29/2020 18:00,2020-12-29T18:00:00Z,12/29 13:00,6710,14276,,2020-12-29T18:00:00Z,5520887,583917,4936970,504543,5853,857,,,,,,,,,,,601730,72935,47,4797,8956,5588933,11429,5588933,,122,120,c3c9bfff87cfb318e1629a68db237708147ab3ac,0,0,0,0,0,
20201228,TN,567792,65722,5007388,,totalTestsViral,5509458,3151,14156,797,,485,,483525,12/28/2020 18:00,2020-12-28T18:00:00Z,12/28 13:00,6588,14156,,2020-12-28T18:00:00Z,5509458,581337,4928121,502070,5766,822,,,,,,,,,,,586106,70389,47,3712,10550,5575180,13344,5575180,,76,65,32111441a5324e5190f4562bfcdca61be5663e5c,0,0,0,0,0,
20201227,TN,564080,64804,4996838,,totalTestsViral,5496114,3023,14091,799,,462,,480227,12/27/2020 18:00,2020-12-27T18:00:00Z,12/27 13:00,6512,14091,,2020-12-27T18:00:00Z,5496114,578273,4917841,499276,5708,804,,,,,,,,,,,582881,69248,47,3188,9615,5560918,11517,5560918,,69,20,92d2e75a0463e2762655aec643f35ebee1c43084,0,0,0,0,0,
20201226,TN,560892,63518,4987223,,totalTestsViral,5484597,3002,14071,773,,460,,476700,12/26/2020 18:00,2020-12-26T18:00:00Z,12/26 13:00,6443,14071,,2020-12-26T18:00:00Z,5484597,576184,4908413,497374,5657,786,,,,,,,,,,,580083,67867,47,14395,59869,5548115,27158,5548115,,12,27,93f526bbd6d87ca083cb4b63014ae56e06d30d53,0,0,0,0,0,
20201225,TN,546497,60769,4927354,,totalTestsViral,5457439,3092,14044,757,,451,,462694,12/24/2020 18:00,2020-12-24T18:00:00Z,12/24 13:00,6431,14044,,2020-12-24T18:00:00Z,5457439,571030,4886409,485728,5646,785,,,,,,,,,,,562546,64996,47,0,0,5473851,44357,5473851,,0,0,5701939ebfb8abab2524a2d83a01a325b0e7d395,0,0,0,0,0,
20201224,TN,546497,60769,4927354,,totalTestsViral,5413082,3173,14044,813,,471,,462694,12/24/2020 18:00,2020-12-24T18:00:00Z,12/24 13:00,6431,14044,,2020-12-24T18:00:00Z,5413082,563187,4849895,485728,5646,785,,,,,,,,,,,562546,64996,47,5257,22235,5473851,26257,5473851,,51,74,52e7b52cab9f033c68de2a1a029b534ae9dc2f87,0,0,0,0,0,
20201223,TN,541240,59534,4905119,,totalTestsViral,5386825,3162,13970,783,,438,,455586,12/23/2020 18:00,2020-12-23T18:00:00Z,12/23 13:00,6380,13970,,2020-12-23T18:00:00Z,5386825,558671,4828154,481706,5612,768,,,,,,,,,,,554355,63579,47,7221,25277,5446359,29883,5446359,,111,94,bf4503a3fa495206285ea1951ddedc3886fbab30,0,0,0,0,0,
20201222,TN,534019,56919,4879842,,totalTestsViral,5356942,3112,13876,783,,426,,447996,12/22/2020 18:00,2020-12-22T18:00:00Z,12/22 13:00,6269,13876,,2020-12-22T18:00:00Z,5356942,553434,4803508,477100,5529,740,,,,,,,,,,,539544,60774,47,4441,13269,5413861,16026,5413861,,133,80,41a077c0f5c01a60150ddd65c1943f80b837f741,0,0,0,0,0,
20201221,TN,529578,55235,4866573,,totalTestsViral,5340916,2995,13796,789,,415,,438036,12/21/2020 18:00,2020-12-21T18:00:00Z,12/21 13:00,6136,13796,,2020-12-21T18:00:00Z,5340916,550288,4790628,474343,5427,709,,,,,,,,,,,524331,58611,47,9891,50279,5396151,58714,5396151,,65,51,2daaa134c465a88c9e191d40dc611377d554ade0,0,0,0,0,0,
20201220,TN,519687,53779,4816294,,totalTestsViral,5282202,2978,13745,765,,398,,434977,12/20/2020 18:00,2020-12-20T18:00:00Z,12/20 13:00,6071,13745,,2020-12-20T18:00:00Z,5282202,540862,4741340,465908,5378,693,,,,,,,,,,,519123,56949,47,16036,56429,5335981,50346,5335981,,111,119,26f31b1b34f9ce569c58382ff5a71ce7b14a5b90,0,0,0,0,0,
20201219,TN,503651,51070,4759865,,totalTestsViral,5231856,3099,13626,767,,400,,425264,12/18/2020 18:00,2020-12-18T18:00:00Z,12/18 13:00,5960,13626,,2020-12-18T18:00:00Z,5231856,532264,4699592,452581,5287,673,,,,,,,,,,,498503,54167,47,0,0,5263516,19410,5263516,,0,0,70aa973a1fd860dc75ac859239b11e25d5b9041c,0,0,0,0,0,
20201218,TN,503651,51070,4759865,,totalTestsViral,5212446,3099,13626,767,,400,,425264,12/18/2020 18:00,2020-12-18T18:00:00Z,12/18 13:00,5960,13626,,2020-12-18T18:00:00Z,5212446,526351,4686095,452581,5287,673,,,,,,,,,,,498503,54167,47,10421,56237,5263516,64713,5263516,,115,89,cbf3bf0319503a12493e839a24c173fc79cbbb7e,0,0,0,0,0,
20201217,TN,493230,49125,4703628,,totalTestsViral,5147733,3165,13537,780,,399,,418724,12/17/2020 15:00,2020-12-17T15:00:00Z,12/17 10:00,5845,13537,,2020-12-17T15:00:00Z,5147733,516529,4631204,444105,5195,650,,,,,,,,,,,483905,51639,47,8945,26626,5196858,32933,5196858,,177,100,64376eea2fea5322365d6050c3fd9454321f0883,0,0,0,0,0,
20201216,TN,484285,46487,4677002,,totalTestsViral,5114800,3100,13437,757,,378,,411843,12/16/2020 15:00,2020-12-16T15:00:00Z,12/16 10:00,5668,13437,,2020-12-16T15:00:00Z,5114800,509450,4605350,437798,5059,609,,,,,,,,,,,467572,48804,47,11410,48880,5161287,57810,5161287,,53,105,635f930a9ba9ffd81d88870ad6a516f6e104bb51,0,0,0,0,0,
20201215,TN,472875,44007,4628122,,totalTestsViral,5056990,3062,13332,737,,366,,404597,12/15/2020 15:00,2020-12-15T15:00:00Z,12/15 10:00,5615,13332,,2020-12-15T15:00:00Z,5056990,499186,4557804,428868,5022,593,,,,,,,,,,,454223,46607,47,8611,37246,5100997,44586,5100997,,74,126,f57fa727d536bb3851d003f4c49e0420ea959b83,0,0,0,0,0,
20201214,TN,464264,43096,4590876,,totalTestsViral,5012404,2986,13206,717,,368,,394147,12/14/2020 15:00,2020-12-14T15:00:00Z,12/14 10:00,5541,13206,,2020-12-14T15:00:00Z,5012404,491086,4521318,421528,4964,577,,,,,,,,,,,443112,45265,47,9959,50579,5055140,59539,5055140,,79,62,d312c4f137a90477c051591c9dc79b7aa6481430,0,0,0,0,0,
20201213,TN,454305,41737,4540297,,totalTestsViral,4952865,2906,13144,689,,359,,390891,12/13/2020 15:00,2020-12-13T15:00:00Z,12/13 10:00,5462,13144,,2020-12-13T15:00:00Z,4952865,481288,4471577,412568,4902,560,,,,,,,,,,,429479,43853,47,11352,73253,4994602,83031,4994602,,62,43,4ae04fbadc23446d7fb9cca5fb8b40bcb209d4a2,0,0,0,0,0,
20201212,TN,442953,40163,4467044,,totalTestsViral,4869834,2919,13101,705,,356,,387395,12/12/2020 15:00,2020-12-12T15:00:00Z,12/12 10:00,5400,13101,,2020-12-12T15:00:00Z,4869834,470535,4399299,402790,4849,551,,,,,,,,,,,411435,42140,47,6691,6553,4909997,11900,4909997,,73,62,4cbc233e2c12b957fc699f57fad3b34852bc314c,0,0,0,0,0,
20201211,TN,436262,38819,4460491,,totalTestsViral,4857934,2890,13039,710,,342,,383478,12/11/2020 15:00,2020-12-11T15:00:00Z,12/11 10:00,5327,13039,,2020-12-11T15:00:00Z,4857934,464481,4393453,397443,4787,540,,,,,,,,,,,399247,40755,47,7289,47550,4896753,53860,4896753,,87,87,2d79bd797c0877c0217c5a75c1dcf330aa93f6b5,0,0,0,0,0,
20201210,TN,428973,37840,4412941,,totalTestsViral,4804074,2851,12952,684,,349,,382444,12/10/2020 15:00,2020-12-10T15:00:00Z,12/10 10:00,5240,12952,,2020-12-10T15:00:00Z,4804074,457528,4346546,391133,4722,518,,,,,,,,,,,392041,39718,47,6011,25665,4841914,30850,4841914,,69,90,c8dd4845021bfba50e204509b73292d95b4c09bf,0,0,0,0,0,
20201209,TN,422962,37014,4387276,,totalTestsViral,4773224,2890,12862,681,,556,,376851,12/9/2020 15:00,2020-12-09T15:00:00Z,12/09 10:00,5171,12862,,2020-12-09T15:00:00Z,4773224,451798,4321426,385948,4678,493,,,,,,,,,,,383802,38755,47,8213,36814,4810238,44106,4810238,,62,85,24da61d31dd7cf4f9210dda1c7ebf58b4dd63a15,0,0,0,0,0,
20201208,TN,414749,36093,4350462,,totalTestsViral,4729118,2839,12777,678,,332,,371163,12/8/2020 15:00,2020-12-08T15:00:00Z,12/08 10:00,5109,12777,,2020-12-08T15:00:00Z,4729118,443794,4285324,378656,4636,473,,,,,,,,,,,373162,37687,47,6019,25540,4765211,30659,4765211,,100,139,e217210bef57bf363554549b7953ac9cd1a35b94,0,0,0,0,0,
20201207,TN,408730,35193,4324922,,totalTestsViral,4698459,2755,12638,666,,333,,362818,12/7/2020 15:00,2020-12-07T15:00:00Z,12/07 10:00,5009,12638,,2020-12-07T15:00:00Z,4698459,438132,4260327,373537,4544,465,,,,,,,,,,,367022,36663,47,8136,34994,4733652,42198,4733652,,66,45,978715ca29802a7c7ec35f5ca99483ddcdf7c9de,0,0,0,0,0,
20201206,TN,400594,34261,4289928,,totalTestsViral,4656261,2760,12593,690,,346,,360152,12/6/2020 15:00,2020-12-06T15:00:00Z,12/06 10:00,4943,12593,,2020-12-06T15:00:00Z,4656261,430251,4226010,366333,4491,452,,,,,,,,,,,354519,35707,47,3072,12394,4690522,14750,4690522,,38,35,45437bc06326719247a3af4730189b97084b499d,0,0,0,0,0,
20201205,TN,397522,33545,4277534,,totalTestsViral,4641511,2715,12558,666,,333,,357347,12/5/2020 15:00,2020-12-05T15:00:00Z,12/05 10:00,4905,12558,,2020-12-05T15:00:00Z,4641511,427819,4213692,363977,4462,443,,,,,,,,,,,345152,34997,47,4914,18798,4675056,22574,4675056,,29,70,a7f9955bcf0555547a194674b213358356a0633a,0,0,0,0,0,
20201204,TN,392608,32407,4258736,,totalTestsViral,4618937,2751,12488,652,,325,,351553,12/4/2020 15:00,2020-12-04T15:00:00Z,12/04 10:00,4876,12488,,2020-12-04T15:00:00Z,4618937,423591,4195346,360201,4439,437,,,,,,,,,,,334645,33795,47,4356,21327,4651344,24980,4651344,,95,78,1c8cada6023b142230f9e7d4c7338a7e057e51e8,0,0,0,0,0,
20201203,TN,388252,31704,4237409,,totalTestsViral,4593957,2701,12410,653,,310,,347412,12/3/2020 15:00,2020-12-03T15:00:00Z,12/03 10:00,4781,12410,,2020-12-03T15:00:00Z,4593957,419448,4174509,356548,4359,422,,,,,,,,,,,332014,33028,47,3967,16305,4625661,19682,4625661,,93,100,8c9d3e979976cfe87f55b699ed227ac7ca1ba794,0,0,0,0,0,
20201202,TN,384285,31114,4221104,,totalTestsViral,4574275,2744,12310,664,,323,,342115,12/2/2020 15:00,2020-12-02T15:00:00Z,12/02 10:00,4688,12310,,2020-12-02T15:00:00Z,4574275,415513,4158762,353171,4282,406,,,,,,,,,,,325778,32306,47,4099,19057,4605389,22685,4605389,,50,101,42e3a84908a2e80a2fc8a7b16718da48215147b4,0,0,0,0,0,
20201201,TN,380186,30643,4202047,,totalTestsViral,4551590,2632,12209,646,,317,,336131,12/1/2020 15:00,2020-12-01T15:00:00Z,12/01 10:00,4638,12209,,2020-12-01T15:00:00Z,4551590,411418,4140172,349543,4240,398,,,,,,,,,,,322042,31666,47,5693,31104,4582233,35935,4582233,,36,113,2f12d271d0be50cbbee07c66245d62d03e1e6906,0,0,0,0,0,
20201130,TN,374493,29781,4170943,,totalTestsViral,4515655,2534,12096,640,,309,,328710,11/30/2020 15:00,2020-11-30T15:00:00Z,11/30 10:00,4602,12096,,2020-11-30T15:00:00Z,4515655,405965,4109690,344712,4206,396,,,,,,,,,,,310128,30559,47,7975,48010,4545436,55547,4545436,,48,56,5fca5cc61aad69669117a39831f18644d5562da6,0,0,0,0,0,
20201129,TN,366518,29343,4122933,,totalTestsViral,4460108,2408,12040,625,,289,,325993,11/29/2020 15:00,2020-11-29T15:00:00Z,11/29 10:00,4554,12040,,2020-11-29T15:00:00Z,4460108,397703,4062405,337175,4173,381,,,,,,,,,,,301754,30084,47,3052,16078,4489451,18742,4489451,,13,35,fb104f09f032c735c63ed870dee2342c493a4d1d,0,0,0,0,0,
20201128,TN,363466,28955,4106855,,totalTestsViral,4441366,2450,12005,633,,286,,323376,11/28/2020 15:00,2020-11-28T15:00:00Z,11/28 10:00,4541,12005,,2020-11-28T15:00:00Z,4441366,394705,4046661,334511,4163,378,,,,,,,,,,,291265,29491,47,6750,36937,4470321,42782,4470321,,15,31,aaf4f152112717063e5dd8b90826f1f770e0abcc,0,0,0,0,0,
20201127,TN,356716,28050,4069918,,totalTestsViral,4398584,2400,11974,600,,271,,318523,11/27/2020 15:00,2020-11-27T15:00:00Z,11/27 10:00,4526,11974,,2020-11-27T15:00:00Z,4398584,388127,4010457,328666,4150,376,,,,,,,,,,,278320,28523,47,4340,30577,4426634,34644,4426634,,7,24,b170b88dd30755e017f1f6d79797269e2dd98140,0,0,0,0,0,
20201126,TN,352376,27777,4039341,,totalTestsViral,4363940,2427,11950,592,,281,,312885,11/26/2020 15:00,2020-11-26T15:00:00Z,11/26 10:00,4519,11950,,2020-11-26T15:00:00Z,4363940,383563,3980377,324599,4144,375,,,,,,,,,,,275427,28215,47,4404,32418,4391717,36134,4391717,,53,136,7f034103ddbd309a20d068506805b3a2673abff1,0,0,0,0,0,
20201125,TN,347972,27089,4006923,,totalTestsViral,4327806,2413,11814,587,,286,,308566,11/25/2020 15:00,2020-11-25T15:00:00Z,11/25 10:00,4466,11814,,2020-11-25T15:00:00Z,4327806,379404,3948402,320883,4099,367,,,,,,,,,,,270011,27559,47,2118,12315,4354895,13836,4354895,,92,97,986dd51fadff392cc8b82545f86c4df500789c0f,0,0,0,0,0,
20201124,TN,345854,26492,3994608,,totalTestsViral,4313970,2368,11717,609,,273,,303234,11/24/2020 15:00,2020-11-24T15:00:00Z,11/24 10:00,4374,11717,,2020-11-24T15:00:00Z,4313970,377693,3936277,319362,4018,356,,,,,,,,,,,266114,26860,47,1304,4514,4340462,5448,4340462,,73,89,619e0f659219210f903aa0a23658efaf66dcec8a,0,0,0,0,0,
20201123,TN,344550,26122,3990094,,totalTestsViral,4308522,2317,11628,593,,263,,296592,11/23/2020 15:00,2020-11-23T15:00:00Z,11/23 10:00,4301,11628,,2020-11-23T15:00:00Z,4308522,376713,3931809,318428,3957,344,,,,,,,,,,,263282,26380,47,4074,24883,4334644,28457,4334644,,35,58,a367f6c1119c65ffebad0c616d0b9d7c01c7d4ec,0,0,0,0,0,
20201122,TN,340476,25622,3965211,,totalTestsViral,4280065,2266,11570,570,,264,,294231,11/22/2020 15:00,2020-11-22T15:00:00Z,11/22 10:00,4266,11570,,2020-11-22T15:00:00Z,4280065,372712,3907353,314854,3929,337,,,,,,,,,,,252993,25775,47,4589,32038,4305687,36153,4305687,,55,31,edb17ce56378a9e25cac1cf14a6146a0ba81bce6,0,0,0,0,0,
20201121,TN,335887,25148,3933173,,totalTestsViral,4243912,2289,11539,564,,263,,291819,11/21/2020 15:00,2020-11-21T15:00:00Z,11/21 10:00,4211,11539,,2020-11-21T15:00:00Z,4243912,368180,3875732,310739,3880,331,,,,,,,,,,,247871,25282,47,4355,24157,4269060,28004,4269060,,9,37,5510866c8fc09025136e83d195cc7729b17388d5,0,0,0,0,0,
20201120,TN,331532,24640,3909016,,totalTestsViral,4215908,2260,11502,589,,269,,287908,11/20/2020 15:00,2020-11-20T15:00:00Z,11/20 10:00,4202,11502,,2020-11-20T15:00:00Z,4215908,363892,3852016,306892,3872,330,,,,,,,,,,,242935,24677,47,3444,18472,4240548,21287,4240548,,74,80,b1178a506df6383f5b22ac41be58277bf62fb209,0,0,0,0,0,
20201119,TN,328088,24011,3890544,,totalTestsViral,4194621,2236,11422,577,,257,,283785,11/19/2020 15:00,2020-11-19T15:00:00Z,11/19 10:00,4128,11422,,2020-11-19T15:00:00Z,4194621,360749,3833872,304077,3810,318,,,,,,,,,,,235024,23992,47,2887,14761,4218632,16937,4218632,,80,80,60500221c5eb3c7e941672ce2e2b6e4c58c44a16,0,0,0,0,0,
20201118,TN,325201,23300,3875783,,totalTestsViral,4177684,2209,11342,564,,247,,279931,11/18/2020 15:00,2020-11-18T15:00:00Z,11/18 10:00,4048,11342,,2020-11-18T15:00:00Z,4177684,358326,3819358,301901,3749,299,,,,,,,,,,,226619,23184,47,4472,20361,4200984,23974,4200984,,53,87,140b6da13f6753ffc1ac7bb987f451d1db514a36,0,0,0,0,0,
20201117,TN,320729,22441,3855422,,totalTestsViral,4153710,2138,11255,558,,247,,276497,11/17/2020 15:00,2020-11-17T15:00:00Z,11/17 10:00,3995,11255,,2020-11-17T15:00:00Z,4153710,354221,3799489,298288,3705,290,,,,,,,,,,,218748,22282,47,1841,12464,4176151,14098,4176151,,72,54,b25bf1f67de4b5f7060d6eea9ffd9e41ec4c05c8,0,0,0,0,0,
20201116,TN,318888,22234,3842958,,totalTestsViral,4139612,1999,11201,541,,237,,271864,11/16/2020 15:00,2020-11-16T15:00:00Z,11/16 10:00,3923,11201,,2020-11-16T15:00:00Z,4139612,352357,3787255,296654,3645,278,,,,,,,,,,,217176,21924,47,7951,53566,4161846,60862,4161846,,30,60,d25ee49d323a4e62a37d4a5c798bc491e9f3a3e2,0,0,0,0,0,
20201115,TN,310937,21579,3789392,,totalTestsViral,4078750,1972,11141,529,,224,,270091,11/15/2020 15:00,2020-11-15T15:00:00Z,11/15 10:00,3893,11141,,2020-11-15T15:00:00Z,4078750,344333,3734417,289358,3620,273,,,,,,,,,,,206697,21236,47,5817,40211,4100329,45396,4100329,,16,25,68594bcb8eac1d82f6b0877895bcb4094fdf3169,0,0,0,0,0,
20201114,TN,305120,20947,3749181,,totalTestsViral,4033354,2083,11116,533,,225,,268368,11/14/2020 15:00,2020-11-14T15:00:00Z,11/14 10:00,3877,11116,,2020-11-14T15:00:00Z,4033354,338717,3694637,284173,3604,273,,,,,,,,,,,195742,20580,47,4662,30190,4054301,34246,4054301,,25,61,a8d9092176ade56e524178f98898e7cd742b0d21,0,0,0,0,0,
20201113,TN,300458,20341,3718991,,totalTestsViral,3999108,2019,11055,527,,218,,265459,11/13/2020 15:00,2020-11-13T15:00:00Z,11/13 10:00,3852,11055,,2020-11-13T15:00:00Z,3999108,334254,3664854,280117,3583,269,,,,,,,,,,,189458,19937,47,3733,19738,4019449,22774,4019449,,64,105,8eb61110617901881df1efdf52744f9b412e87e7,0,0,0,0,0,
20201112,TN,296725,19644,3699253,,totalTestsViral,3976334,1973,10950,528,,224,,262527,11/12/2020 15:00,2020-11-12T15:00:00Z,11/12 10:00,3788,10950,,2020-11-12T15:00:00Z,3976334,330909,3645425,277081,3531,257,,,,,,,,,,,181346,19188,47,3344,18611,3995978,21184,3995978,,27,55,494c1a3807cfdaef1ae7b14d185908460690d047,0,0,0,0,0,
20201111,TN,293381,18873,3680642,,totalTestsViral,3955150,1904,10895,505,,229,,259438,11/11/2020 15:00,2020-11-11T15:00:00Z,11/11 10:00,3761,10895,,2020-11-11T15:00:00Z,3955150,328058,3627092,274508,3514,247,,,,,,,,,,,171628,18425,47,3632,26587,3974023,29690,3974023,,89,82,642257a27ad8c099a1fee506a371c40f87a860cd,0,0,0,0,0,
20201110,TN,289749,18344,3654055,,totalTestsViral,3925460,1815,10813,502,,223,,256143,11/10/2020 15:00,2020-11-10T15:00:00Z,11/10 10:00,3672,10813,,2020-11-10T15:00:00Z,3925460,324592,3600868,271405,3440,232,,,,,,,,,,,169043,17847,47,1979,13594,3943804,15252,3943804,,62,81,dec5dfdb3a97daa8378df15b5f47ac219c9d7824,0,0,0,0,0,
20201109,TN,287770,18023,3640461,,totalTestsViral,3910208,1705,10732,492,,221,,252515,11/9/2020 15:00,2020-11-09T15:00:00Z,11/09 10:00,3610,10732,,2020-11-09T15:00:00Z,3910208,322700,3587508,269747,3388,222,,,,,,,,,,,167719,17479,47,5919,49173,3928231,54580,3928231,,15,54,8d5278da482b76eb23d318206d85b1426aa62b54,0,0,0,0,0,
20201108,TN,281851,17511,3591288,,totalTestsViral,3855628,1656,10678,473,,204,,250818,11/8/2020 15:00,2020-11-08T15:00:00Z,11/08 10:00,3595,10678,,2020-11-08T15:00:00Z,3855628,316725,3538903,264340,3375,220,,,,,,,,,,,157394,16922,47,3636,32886,3873139,36024,3873139,,5,33,3151058557604a0d4c31b2f636c66e4e422748d3,0,0,0,0,0,
20201107,TN,278215,17013,3558402,,totalTestsViral,3819604,1687,10645,489,,211,,249162,11/7/2020 15:00,2020-11-07T15:00:00Z,11/07 10:00,3590,10645,,2020-11-07T15:00:00Z,3819604,313255,3506349,261202,3370,220,,,,,,,,,,,146975,16374,47,5071,40139,3836617,44496,3836617,,49,27,aa5c5ec6338e5e41d17994a7b09db4fe0a3a2e33,0,0,0,0,0,
20201106,TN,273144,16299,3518263,,totalTestsViral,3775108,1631,10618,505,,191,,246392,11/6/2020 15:00,2020-11-06T15:00:00Z,11/06 10:00,3541,10618,,2020-11-06T15:00:00Z,3775108,308318,3466790,256845,3324,217,,,,,,,,,,,135885,15680,47,1373,9902,3791407,11027,3791407,,32,72,7ff1489bbc7f868ad51b11047e2ffbc7c79508c1,0,0,0,0,0,
20201105,TN,271771,16051,3508361,,totalTestsViral,3764081,1701,10546,482,,209,,243492,11/5/2020 15:00,2020-11-05T15:00:00Z,11/05 10:00,3509,10546,,2020-11-05T15:00:00Z,3764081,307059,3457022,255720,3297,212,,,,,,,,,,,132225,15455,47,1969,17779,3780132,19441,3780132,,31,62,a5547701adad986f3386c673e4042851faac215c,0,0,0,0,0,
20201104,TN,269802,15744,3490582,,totalTestsViral,3744640,1716,10484,497,,211,,240587,11/4/2020 15:00,2020-11-04T15:00:00Z,11/04 10:00,3478,10484,,2020-11-04T15:00:00Z,3744640,305086,3439554,254058,3270,208,,,,,,,,,,,126401,15126,47,3445,22375,3760384,25442,3760384,,24,77,4cdd76446fc481b4d92ce34044dd96408e0ac2f3,0,0,0,0,0,
20201103,TN,266357,15366,3468207,,totalTestsViral,3719198,1609,10407,477,,199,,237736,11/3/2020 15:00,2020-11-03T15:00:00Z,11/03 10:00,3454,10407,,2020-11-03T15:00:00Z,3719198,301678,3417520,250991,3249,205,,,,,,,,,,,125198,14799,47,1770,12137,3734564,13772,3734564,,75,67,4f13ced77032d623880214462336965c7a4b7d37,0,0,0,0,0,
20201102,TN,264587,15231,3456070,,totalTestsViral,3705426,1467,10340,426,,191,,234460,11/2/2020 15:00,2020-11-02T15:00:00Z,11/02 10:00,3379,10340,,2020-11-02T15:00:00Z,3705426,299816,3405610,249356,3186,193,,,,,,,,,,,124853,14635,47,3161,34323,3720657,37116,3720657,,26,33,02d70081a657ba7e74c10ac0c8298ac3e7177cdc,0,0,0,0,0,
20201101,TN,261426,14863,3421747,,totalTestsViral,3668310,1437,10307,428,,181,,233175,11/1/2020 15:00,2020-11-01T15:00:00Z,11/01 10:00,3353,10307,,2020-11-01T15:00:00Z,3668310,296682,3371628,246563,3165,188,,,,,,,,,,,118549,14267,47,754,10646,3683173,11305,3683173,,0,1,cdf2a42e13a996b69e99140a2c2cb8c24735eb27,0,0,0,0,0,
20201031,TN,260672,14768,3411101,,totalTestsViral,3657005,1589,10306,441,,177,,231887,10/31/2020 15:00,2020-10-31T15:00:00Z,10/31 11:00,3353,10306,,2020-10-31T15:00:00Z,3657005,295923,3361082,245904,3165,188,,,,,,,,,,,116423,14144,47,1184,8500,3671773,9518,3671773,,12,42,46f557d874084e3ee1f2a16f6924fc746c8f7ba3,0,0,0,0,0,
20201030,TN,259488,14602,3402601,,totalTestsViral,3647487,1388,10264,428,,171,,229669,10/30/2020 15:00,2020-10-30T15:00:00Z,10/30 11:00,3341,10264,,2020-10-30T15:00:00Z,3647487,294795,3352692,244886,3156,185,,,,,,,,,,,114176,13945,47,2608,21838,3662089,24149,3662089,,78,56,5ed9093d4b022bfa4fa54e4a7a4c6dbbb5e37142,0,0,0,0,0,
20201029,TN,256880,14305,3380763,,totalTestsViral,3623338,1529,10208,432,,173,,227271,10/29/2020 15:00,2020-10-29T15:00:00Z,10/29 11:00,3263,10208,,2020-10-29T15:00:00Z,3623338,292241,3331097,242575,3087,176,,,,,,,,,,,109678,13624,47,2660,26370,3637643,28747,3637643,,22,68,b9fc900b29183466e7f46033632bc2545c8acec7,0,0,0,0,0,
20201028,TN,254220,14022,3354393,,totalTestsViral,3594591,1384,10140,384,,171,,224822,10/28/2020 15:00,2020-10-28T15:00:00Z,10/28 11:00,3241,10140,,2020-10-28T15:00:00Z,3594591,289511,3305080,240198,3067,174,,,,,,,,,,,105788,13309,47,2446,19926,3608613,22000,3608613,,34,78,a0cfc01ae081acef0ca5542d83e48bd7b30c92bb,0,0,0,0,0,
20201027,TN,251774,13650,3334467,,totalTestsViral,3572591,1374,10062,393,,162,,222348,10/27/2020 15:00,2020-10-27T15:00:00Z,10/27 11:00,3207,10062,,2020-10-27T15:00:00Z,3572591,287161,3285430,238124,3037,170,,,,,,,,,,,100419,12933,47,1908,14898,3586241,16504,3586241,,44,77,7fd775e4cf388ca8328a6a8fea2422d77a1e5b25,0,0,0,0,0,
20201026,TN,249866,13348,3319569,,totalTestsViral,3556087,1228,9985,366,,161,,219230,10/26/2020 15:00,2020-10-26T15:00:00Z,10/26 11:00,3163,9985,,2020-10-26T15:00:00Z,3556087,285275,3270812,236518,2999,164,,,,,,,,,,,94352,12548,47,2279,20420,3569435,22618,3569435,,32,44,f707e9b6808714003f7e3f36969a4b4a429792c1,0,0,0,0,0,
20201025,TN,247587,13267,3299149,,totalTestsViral,3533469,1094,9941,343,,138,,218067,10/25/2020 15:00,2020-10-25T15:00:00Z,10/25 11:00,3131,9941,,2020-10-25T15:00:00Z,3533469,282777,3250692,234320,2971,160,,,,,,,,,,,93656,12439,47,3500,38096,3546736,41245,3546736,,31,15,241ab311f16c7297da0944c7c0edd4e49aa05ece,0,0,0,0,0,
20201024,TN,244087,12916,3261053,,totalTestsViral,3492224,1382,9926,403,,162,,216744,10/24/2020 15:00,2020-10-24T15:00:00Z,10/24 11:00,3100,9926,,2020-10-24T15:00:00Z,3492224,279216,3213008,231171,2944,156,,,,,,,,,,,89377,12092,47,2574,24071,3505140,26312,3505140,,24,44,a6b5a8967e0c689c42da17212da1c22e3f78243a,0,0,0,0,0,
20201023,TN,241513,12583,3236982,,totalTestsViral,3465912,1426,9882,414,,164,,214634,10/22/2020 15:00,2020-10-22T15:00:00Z,10/22 11:00,3076,9882,,2020-10-22T15:00:00Z,3465912,276671,3189241,228930,2923,153,,,,,,,,,,,85642,11734,47,3606,38555,3478495,41827,3478495,,65,80,0c39b3b671bfe320c01e4aff223f5f64199496b4,0,0,0,0,0,
20201022,TN,237907,12249,3198427,,totalTestsViral,3424085,1424,9802,388,,167,,212555,10/22/2020 15:00,2020-10-22T15:00:00Z,10/22 11:00,3011,9802,,2020-10-22T15:00:00Z,3424085,272987,3151098,225658,2872,139,,,,,,,,,,,81638,11442,47,2046,18033,3436334,19824,3436334,,41,68,1e549f3864ca20e98c8e9e2bf739ece51e86eb92,0,0,0,0,0,
20201021,TN,235861,11994,3180394,,totalTestsViral,3404261,1424,9734,388,,167,,210243,10/21/2020 15:00,2020-10-21T15:00:00Z,10/21 11:00,2970,9734,,2020-10-21T15:00:00Z,3404261,270982,3133279,223867,2834,136,,,,,,,,,,,78781,11167,47,2292,17227,3416255,19210,3416255,,18,53,5592701209298b68ba985ff9c28f1fca542d0b01,0,0,0,0,0,
20201020,TN,233569,11685,3163167,,totalTestsViral,3385051,1424,9681,399,,179,,208182,10/20/2020 15:00,2020-10-20T15:00:00Z,10/20 11:00,2952,9681,,2020-10-20T15:00:00Z,3385051,268719,3116332,221884,2817,135,,,,,,,,,,,,,47,1508,11836,3396736,13154,3396736,,30,63,090abecf4d0228d3bd57ebf1e46966d86ecd33b6,0,0,0,0,0,
20201019,TN,232061,11495,3151331,,totalTestsViral,3371897,1338,9618,390,,177,,205832,10/19/2020 15:00,2020-10-19T15:00:00Z,10/19 11:00,2922,9618,,2020-10-19T15:00:00Z,3371897,267234,3104663,220566,2789,133,,,,,,,,,,,,,47,3317,39256,3383392,42410,3383392,,13,41,4ff7490129ab6c52e3a795562da8ae016e2a2809,0,0,0,0,0,
20201018,TN,228744,11332,3112075,,totalTestsViral,3329487,1105,9577,324,,143,,204726,10/18/2020 15:00,2020-10-18T15:00:00Z,10/18 11:00,2909,9577,,2020-10-18T15:00:00Z,3329487,263711,3065776,217412,2776,133,,,,,,,,,,,,,47,2605,33081,3340819,35431,3340819,,6,22,1ef1533938ed76443953102fa19e2631d34a10c6,0,0,0,0,0,
20201017,TN,226139,11077,3078994,,totalTestsViral,3294056,1299,9555,364,,171,,203586,10/17/2020 15:00,2020-10-17T15:00:00Z,10/17 11:00,2903,9555,,2020-10-17T15:00:00Z,3294056,261045,3033011,215062,2770,133,,,,,,,,,,,,,47,2646,27974,3305133,30354,3305133,,32,66,ca48681ca234354033f56539f3853ea0065c71b9,0,0,0,0,0,
20201016,TN,223493,10811,3051020,,totalTestsViral,3263702,1281,9489,361,,154,,201831,10/16/2020 15:00,2020-10-16T15:00:00Z,10/16 11:00,2871,9489,,2020-10-16T15:00:00Z,3263702,258427,3005275,212682,2738,133,,,,,,,,,,,,,47,666,5184,3274513,5750,3274513,,7,73,0944b43592069ba354abe2fe57a254a3574a0b54,0,0,0,0,0,
20201015,TN,222827,10711,3045836,,totalTestsViral,3257952,1331,9416,378,,173,,200164,10/14/2020 15:00,2020-10-14T15:00:00Z,10/14 11:00,2864,9416,,2020-10-14T15:00:00Z,3257952,257828,3000124,212116,2731,133,,,,,,,,,,,,,47,2289,22553,3268663,24653,3268663,,36,45,9d44f6a58cf6edfad82c9274dc96a0d4341aa6ca,0,0,0,0,0,
20201014,TN,220538,10522,3023283,,totalTestsViral,3233299,1301,9371,354,,161,,198465,10/14/2020 15:00,2020-10-14T15:00:00Z,10/14 11:00,2828,9371,,2020-10-14T15:00:00Z,3233299,255473,2977826,210016,2698,130,,,,,,,,,,,,,47,1709,16488,3243821,17898,3243821,,31,62,42c3e03c9818cfa33598774693ea697226059f58,0,0,0,0,0,
20201013,TN,218829,10223,3006795,,totalTestsViral,3215401,1245,9309,339,,156,,196940,10/13/2020 15:00,2020-10-13T15:00:00Z,10/13 11:00,2797,9309,,2020-10-13T15:00:00Z,3215401,253911,2961490,208606,2667,130,,,,,,,,,,,,,47,1147,12757,3225624,13694,3225624,,23,61,d0b4b233336b4314e3df8b27fc2eb8052b290ec5,0,0,0,0,0,
20201012,TN,217682,10013,2994038,,totalTestsViral,3201707,945,9248,269,,131,,194836,10/12/2020 15:00,2020-10-12T15:00:00Z,10/12 11:00,2774,9248,,2020-10-12T15:00:00Z,3201707,252847,2948860,207669,2649,125,,,,,,,,,,,,,47,2965,36394,3211720,39215,3211720,,7,33,0ee32897aef7ff4d98ea90b72a595b3ed27d68ca,0,0,0,0,0,
20201011,TN,214717,9869,2957644,,totalTestsViral,3162492,1124,9215,307,,148,,193849,10/11/2020 15:00,2020-10-11T15:00:00Z,10/11 11:00,2767,9215,,2020-10-11T15:00:00Z,3162492,249733,2912759,204848,2642,125,,,,,,,,,,,,,47,2068,29061,3172361,30953,3172361,,9,35,20b1a38b258d5775520d55a621777cb0d251d614,0,0,0,0,0,
20201010,TN,212649,9693,2928583,,totalTestsViral,3131539,1156,9180,320,,153,,192958,10/10/2020 15:00,2020-10-10T15:00:00Z,10/10 11:00,2758,9180,,2020-10-10T15:00:00Z,3131539,247654,2883885,202956,2634,124,,,,,,,,,,,,,47,1646,22814,3141232,24240,3141232,,26,47,da69df67649990ccef530947ad8afae0da6b48e2,0,0,0,0,0,
20201009,TN,211003,9473,2905769,,totalTestsViral,3107299,1186,9133,315,,153,,191651,10/9/2020 15:00,2020-10-09T15:00:00Z,10/09 11:00,2732,9133,,2020-10-09T15:00:00Z,3107299,246027,2861272,201530,2614,118,,,,,,,,,,,,,47,1556,25363,3116772,26790,3116772,,27,39,4c5409d20a461b4b3b0bfd1440a4fecc57253190,0,0,0,0,0,
20201008,TN,209447,9344,2880406,,totalTestsViral,3080509,1149,9094,307,,158,,189990,10/8/2020 15:00,2020-10-08T15:00:00Z,10/08 11:00,2705,9094,,2020-10-08T15:00:00Z,3080509,244409,2836100,200103,2591,114,,,,,,,,,,,,,47,1992,25318,3089853,27016,3089853,,63,59,5611685436d1987db8496429239112bee2dac7ad,0,0,0,0,0,
20201007,TN,207455,9050,2855088,,totalTestsViral,3053493,1155,9035,319,,151,,188576,10/7/2020 15:00,2020-10-07T15:00:00Z,10/07 11:00,2642,9035,,2020-10-07T15:00:00Z,3053493,242550,2810943,198405,2530,112,,,,,,,,,,,,,47,2080,20181,3062543,21963,3062543,,21,59,e1c84ff1744985d1960e86665cbf12be84755902,0,0,0,0,0,
20201006,TN,205375,8752,2834907,,totalTestsViral,3031530,1115,8976,302,,143,,187026,10/6/2020 15:00,2020-10-06T15:00:00Z,10/06 11:00,2621,8976,,2020-10-06T15:00:00Z,3031530,240556,2790974,196623,2511,110,,,,,,,,,,,,,47,1676,23942,3040282,25345,3040282,,24,53,4e704b39e7cc2e09a2b080affb094860c3eb88ab,0,0,0,0,0,
20201005,TN,203699,8479,2810965,,totalTestsViral,3006185,975,8923,269,,122,,185221,10/5/2020 15:00,2020-10-05T15:00:00Z,10/05 11:00,2597,8923,,2020-10-05T15:00:00Z,3006185,238702,2767483,195220,2489,108,,,,,,,,,,,,,47,2489,41787,3014664,44101,3014664,,20,40,e47facf93d52d1c1e29fc0e01cb223d2a3766f8c,0,0,0,0,0,
20201004,TN,201210,8304,2769178,,totalTestsViral,2962084,900,8883,258,,120,,184404,10/4/2020 15:00,2020-10-04T15:00:00Z,10/04 11:00,2577,8883,,2020-10-04T15:00:00Z,2962084,235942,2726142,192906,2469,108,,,,,,,,,,,,,47,1615,31811,2970388,33275,2970388,,17,24,4ac65e9d4201a4534980f6f4e6f8bd376409e9c9,0,0,0,0,0,
20201003,TN,199595,8153,2737367,,totalTestsViral,2928809,989,8859,293,,119,,183533,10/3/2020 15:00,2020-10-03T15:00:00Z,10/03 11:00,2560,8859,,2020-10-03T15:00:00Z,2928809,234057,2694752,191442,2453,107,,,,,,,,,,,,,47,1192,16756,2936962,17810,2936962,,45,32,745b6037fa9fce519eb12699bc7dd7dedea89638,0,0,0,0,0,
20201002,TN,198403,8015,2720611,,totalTestsViral,2910999,983,8827,290,,121,,182116,10/2/2020 15:00,2020-10-02T15:00:00Z,10/02 11:00,2515,8827,,2020-10-02T15:00:00Z,2910999,232701,2678298,190388,2410,105,,,,,,,,,,,,,47,971,15311,2919014,16124,2919014,,14,45,b5fe335e1a33ae2cebbb2f5bb5e18f1477088e4c,0,0,0,0,0,
20201001,TN,197432,7857,2705300,,totalTestsViral,2894875,999,8782,309,,138,,180781,10/1/2020 15:00,2020-10-01T15:00:00Z,10/01 11:00,2501,8782,,2020-10-01T15:00:00Z,2894875,231728,2663147,189575,2399,102,,,,,,,,,,,,,47,1293,17083,2902732,18153,2902732,,47,49,3df85d38d9c9a5f1589909b0ad2599ff322b4d94,0,0,0,0,0,
20200930,TN,196139,7634,2688217,,totalTestsViral,2876722,969,8733,280,,124,,179322,9/30/2020 15:00,2020-09-30T15:00:00Z,09/30 11:00,2454,8733,,2020-09-30T15:00:00Z,2876722,230401,2646321,188505,2356,98,,,,,,,,,,,,,47,1528,22347,2884356,23655,2884356,,34,61,77596ef63e37f69b4e19e899731ea5a0a9e63f88,0,0,0,0,0,
20200929,TN,194611,7414,2665870,,totalTestsViral,2853067,909,8672,270,,106,,177945,9/29/2020 15:00,2020-09-29T15:00:00Z,09/29 11:00,2420,8672,,2020-09-29T15:00:00Z,2853067,228736,2624331,187197,2325,95,,,,,,,,,,,,,47,879,12260,2860481,12958,2860481,,31,53,9db8b0627ee16e09db7229d5571f1dd19d920fb8,0,0,0,0,0,
20200928,TN,193732,7233,2653610,,totalTestsViral,2840109,832,8619,259,,118,,176030,9/28/2020 15:00,2020-09-28T15:00:00Z,09/28 11:00,2389,8619,,2020-09-28T15:00:00Z,2840109,227773,2612336,186499,2296,93,,,,,,,,,,,,,47,737,14069,2847342,14735,2847342,,12,42,3351ef5103379230dfc799e01d4e2696bad27e82,0,0,0,0,0,
20200927,TN,192995,7162,2639541,,totalTestsViral,2825374,830,8577,249,,127,,175143,9/27/2020 15:00,2020-09-27T15:00:00Z,09/27 11:00,2377,8577,,2020-09-27T15:00:00Z,2825374,226974,2598400,185833,2284,93,,,,,,,,,,,,,47,2104,40553,2832536,42530,2832536,,3,49,f1644c63fed3602b89d3ef5a394e761c1b70babc,0,0,0,0,0,
20200926,TN,190891,7035,2598988,,totalTestsViral,2782844,855,8528,267,,119,,174044,9/26/2020 15:00,2020-09-26T15:00:00Z,09/26 11:00,2374,8528,,2020-09-26T15:00:00Z,2782844,224629,2558215,183856,2281,93,,,,,,,,,,,,,47,1437,25597,2789879,26911,2789879,,22,51,44ea3442d0ecb8c1f57c06f7f722eaf003617c20,0,0,0,0,0,
20200925,TN,189454,6912,2573391,,totalTestsViral,2755933,838,8477,250,,119,,172618,9/25/2020 15:00,2020-09-25T15:00:00Z,09/25 11:00,2352,8477,,2020-09-25T15:00:00Z,2755933,222922,2533011,182542,2262,90,,,,,,,,,,,,,47,1910,31547,2762845,33296,2762845,,42,64,0557b8177f8953f65da8dfd25b6070a1691184bd,0,0,0,0,0,
20200924,TN,187544,6751,2541844,,totalTestsViral,2722637,813,8413,260,,114,,171153,9/24/2020 15:00,2020-09-24T15:00:00Z,09/24 11:00,2310,8413,,2020-09-24T15:00:00Z,2722637,220826,2501811,180793,2221,89,,,,,,,,,,,,,47,835,15210,2729388,15920,2729388,,35,75,13f72e138110f510b60f8f9612f8ef464ba9733c,0,0,0,0,0,
20200923,TN,186709,6626,2526634,,totalTestsViral,2706717,919,8338,286,,114,,169649,9/23/2020 15:00,2020-09-23T15:00:00Z,09/23 11:00,2275,8338,,2020-09-23T15:00:00Z,2706717,219892,2486825,180083,2192,83,,,,,,,,,,,,,47,1561,20378,2713343,21702,2713343,,14,75,bd9ad86a82780d85136d732229ac2964f3042241,0,0,0,0,0,
20200922,TN,185148,6389,2506256,,totalTestsViral,2685015,914,8263,297,,120,,167778,9/22/2020 15:00,2020-09-22T15:00:00Z,09/22 11:00,2261,8263,,2020-09-22T15:00:00Z,2685015,218102,2466913,178759,2178,83,,,,,,,,,,,,,47,739,11259,2691404,11828,2691404,,28,64,f960bfcbfd60c847c97272fe4a5d9bb9854d5598,0,0,0,0,0,
20200921,TN,184409,6219,2494997,,totalTestsViral,2673187,789,8199,272,,130,,166674,9/21/2020 15:00,2020-09-21T15:00:00Z,09/21 11:00,2233,8199,,2020-09-21T15:00:00Z,2673187,217209,2455978,178190,2152,81,,,,,,,,,,,,,47,895,11385,2679406,12181,2679406,,15,40,97dd1c5df76011a6f3e8b1f0c6af8fbcae60b3fc,0,0,0,0,0,
20200920,TN,183514,6120,2483612,,totalTestsViral,2661006,772,8159,249,,106,,165844,9/20/2020 15:00,2020-09-20T15:00:00Z,09/20 11:00,2218,8159,,2020-09-20T15:00:00Z,2661006,216225,2444781,177394,2137,81,,,,,,,,,,,,,47,2075,37964,2667126,39915,2667126,,2,43,22fec71a59e4e19877919d100bac8c6831d5fd86,0,0,0,0,0,
20200919,TN,181439,5996,2445648,,totalTestsViral,2621091,837,8116,271,,123,,164982,9/19/2020 15:00,2020-09-19T15:00:00Z,09/19 11:00,2216,8116,,2020-09-19T15:00:00Z,2621091,213848,2407243,175443,2135,81,,,,,,,,,,,,,47,942,22803,2627087,23609,2627087,,20,53,ee3dedbd7a4ba896764fc4619f84b79e5eeca563,0,0,0,0,0,
20200918,TN,180497,5860,2422845,,totalTestsViral,2597482,871,8063,275,,124,,163181,9/18/2020 15:00,2020-09-18T15:00:00Z,09/18 11:00,2196,8063,,2020-09-18T15:00:00Z,2597482,212799,2384683,174637,2116,80,,,,,,,,,,,,,47,2357,36106,2603342,38290,2603342,,32,84,f7737e751315cbce44482dcfc83ee18e28bcf6db,0,0,0,0,0,
20200917,TN,178140,5687,2386739,,totalTestsViral,2559192,999,7979,294,,141,,161707,9/17/2020 15:00,2020-09-17T15:00:00Z,09/17 11:00,2164,7979,,2020-09-17T15:00:00Z,2559192,210203,2348989,172453,2084,80,,,,,,,,,,,,,47,1053,20590,2564879,21469,2564879,,13,57,b627ec5e049275c0a23d38c84859f83ea1cd7c2a,0,0,0,0,0,
20200916,TN,177087,5513,2366149,,totalTestsViral,2537723,969,7922,283,,124,,160202,9/16/2020 15:00,2020-09-16T15:00:00Z,09/16 11:00,2151,7922,,2020-09-16T15:00:00Z,2537723,208950,2328773,171574,2074,77,,,,,,,,,,,,,47,1856,25951,2543236,27632,2543236,,24,74,985afc519c9fb7a241737a7ff59522f6d357b5ce,0,0,0,0,0,
20200915,TN,175231,5338,2340198,,totalTestsViral,2510091,888,7848,291,,119,,158660,9/15/2020 15:00,2020-09-15T15:00:00Z,09/15 11:00,2127,7848,,2020-09-15T15:00:00Z,2510091,206681,2303410,169893,2050,77,,,,,,,,,,,,,47,957,21621,2515429,22384,2515429,,30,82,bbc1ef0dee9ce78922182d63d4dc9eaff16ae666,0,0,0,0,0,
20200914,TN,174274,5144,2318577,,totalTestsViral,2487707,833,7766,262,,131,,156808,9/14/2020 15:00,2020-09-14T15:00:00Z,09/14 11:00,2097,7766,,2020-09-14T15:00:00Z,2487707,205631,2282076,169130,2026,71,,,,,,,,,,,,,47,2450,34252,2492851,36583,2492851,,19,56,e8628f9418d8e41bf5986f40a15de5afeede97f3,0,0,0,0,0,
20200913,TN,171824,5025,2284325,,totalTestsViral,2451124,820,7710,261,,122,,155865,9/13/2020 15:00,2020-09-13T15:00:00Z,09/13 11:00,2078,7710,,2020-09-13T15:00:00Z,2451124,203016,2248108,166799,2008,70,,,,,,,,,,,,,47,933,12482,2456149,13359,2456149,,14,31,36a08e0c22ba97a54f053d903b4fdddfc96c2abd,0,0,0,0,0,
20200912,TN,170891,4969,2271843,,totalTestsViral,2437765,941,7679,299,,137,,154947,9/12/2020 15:00,2020-09-12T15:00:00Z,09/12 11:00,2064,7679,,2020-09-12T15:00:00Z,2437765,201856,2235909,165922,1995,69,,,,,,,,,,,,,47,1032,21323,2442734,22236,2442734,,39,55,5b4f6071a66aedb475dc77880723d060d8c8c856,0,0,0,0,0,
20200911,TN,169859,4850,2250520,,totalTestsViral,2415529,965,7624,305,,141,,152674,9/11/2020 15:00,2020-09-11T15:00:00Z,09/11 11:00,2025,7624,,2020-09-11T15:00:00Z,2415529,200561,2214968,165009,1957,68,,,,,,,,,,,,,47,1622,25717,2420379,27211,2420379,,37,75,fba2cf6411d9bd929d5de27eed2db9fe8bc274bf,0,0,0,0,0,
20200910,TN,168237,4722,2224803,,totalTestsViral,2388318,1038,7549,309,,154,,151202,9/10/2020 15:00,2020-09-10T15:00:00Z,09/10 11:00,1988,7549,,2020-09-10T15:00:00Z,2388318,198763,2189555,163515,1923,65,,,,,,,,,,,,,47,1650,23888,2393040,25375,2393040,,57,105,ca0ad0239d8a7648c2fffb1665d419badf070af3,0,0,0,0,0,
20200909,TN,166587,4559,2200915,,totalTestsViral,2362943,1056,7444,328,,145,,149698,9/9/2020 15:00,2020-09-09T15:00:00Z,09/09 11:00,1931,7444,,2020-09-09T15:00:00Z,2362943,196948,2165995,162028,1875,56,,,,,,,,,,,,,47,833,15678,2367502,16362,2367502,,35,89,bbc507cb8a55cdd7dfbc9812a46150eadd9760cf,0,0,0,0,0,
20200908,TN,165754,4410,2185237,,totalTestsViral,2346581,983,7355,301,,138,,148165,9/8/2020 15:00,2020-09-08T15:00:00Z,09/08 11:00,1896,7355,,2020-09-08T15:00:00Z,2346581,195912,2150669,161344,1843,53,,,,,,,,,,,,,47,645,5565,2350991,6201,2350991,,27,43,1d27cd7c9883137949e83f49ff084b8ea030aff0,0,0,0,0,0,
20200907,TN,165109,4401,2179672,,totalTestsViral,2340380,953,7312,296,,130,,146213,9/7/2020 15:00,2020-09-07T15:00:00Z,09/07 11:00,1869,7312,,2020-09-07T15:00:00Z,2340380,195026,2145354,160708,1818,51,,,,,,,,,,,,,47,983,12599,2344781,13512,2344781,,4,16,cb18e2416a1aefbd36bea8bc200acbf4c8331313,0,0,0,0,0,
20200906,TN,164126,4331,2167073,,totalTestsViral,2326868,969,7296,299,,144,,145359,9/6/2020 15:00,2020-09-06T15:00:00Z,09/06 11:00,1865,7296,,2020-09-06T15:00:00Z,2326868,193983,2132885,159795,1814,51,,,,,,,,,,,,,47,1764,19111,2331199,20836,2331199,,3,20,76347d37f0485b90dff6290389b821f14b97e83d,0,0,0,0,0,
20200905,TN,162362,4292,2147962,,totalTestsViral,2306032,1000,7276,300,,146,,144383,9/5/2020 15:00,2020-09-05T15:00:00Z,09/05 11:00,1862,7276,,2020-09-05T15:00:00Z,2306032,192013,2114019,158070,1810,52,,,,,,,,,,,,,47,1765,25325,2310324,26997,2310324,,25,70,09973473695aa9c147bae566ae0eee1d70e7a416,0,0,0,0,0,
20200904,TN,160597,4199,2122637,,totalTestsViral,2279035,1036,7206,306,,146,,143156,9/4/2020 15:00,2020-09-04T15:00:00Z,09/04 11:00,1837,7206,,2020-09-04T15:00:00Z,2279035,190049,2088986,156398,1785,52,,,,,,,,,,,,,47,1051,17180,2283234,18104,2283234,,22,81,7f95dc28539a1d0c972b19cbfdd0a7d2b5b632bb,0,0,0,0,0,
20200903,TN,159546,4072,2105457,,totalTestsViral,2260931,1056,7125,332,,158,,141568,9/3/2020 16:00,2020-09-03T16:00:00Z,09/03 12:00,1815,7125,,2020-09-03T16:00:00Z,2260931,188815,2072116,155474,1762,53,,,,,,,,,,,,,47,1715,25057,2265003,26633,2265003,,18,64,bb01feac4602bd1526f5e0bd2b881a67d6f84471,0,0,0,0,0,
20200902,TN,157831,3933,2080400,,totalTestsViral,2234298,1082,7061,351,,165,,120675,9/2/2020 15:00,2020-09-02T15:00:00Z,09/02 11:00,1797,7061,,2020-09-02T15:00:00Z,2234298,186780,2047518,153898,1743,54,,,,,,,,,,,,,47,1502,18978,2238231,20349,2238231,,16,83,2cd69d8991045441cb64d3ada790e1fd1d8730df,0,0,0,0,0,
20200901,TN,156329,3802,2061422,,totalTestsViral,2213949,1037,6978,348,,164,,118885,9/1/2020 15:00,2020-09-01T15:00:00Z,09/01 11:00,1781,6978,,2020-09-01T15:00:00Z,2213949,184950,2028999,152527,1729,52,,,,,,,,,,,,,47,1396,15356,2217751,16633,2217751,,27,100,fcbc9e93fc2e167fd2f20b9cc528bf99b4ef2481,0,0,0,0,0,
20200831,TN,154933,3683,2046066,,totalTestsViral,2197316,910,6878,313,,155,,116864,8/31/2020 15:00,2020-08-31T15:00:00Z,08/31 11:00,1754,6878,,2020-08-31T15:00:00Z,2197316,183311,2014005,151250,1704,50,,,,,,,,,,,,,47,1818,10171,2200999,11952,2200999,,7,38,3252f224331c0bafdfab1828a14cdd39f04cb8b8,0,0,0,0,0,
20200830,TN,153115,3646,2035895,,totalTestsViral,2185364,889,6840,306,,155,,114769,8/30/2020 15:00,2020-08-30T15:00:00Z,08/30 11:00,1747,6840,,2020-08-30T15:00:00Z,2185364,181435,2003929,149469,1698,49,,,,,,,,,,,,,47,835,11170,2189010,11958,2189010,,22,89,cd6f2a687500784d324828567fed5c28a57875a9,0,0,0,0,0,
20200829,TN,152280,3599,2024725,,totalTestsViral,2173406,1002,6751,338,,166,,114099,8/29/2020 15:00,2020-08-29T15:00:00Z,08/29 11:00,1725,6751,,2020-08-29T15:00:00Z,2173406,180543,1992863,148681,1677,48,,,,,,,,,,,,,47,1465,20036,2177005,21391,2177005,,24,0,4b811b358cd9bf0b75ebaa039813c2a84692dc66,0,0,0,0,0,
20200828,TN,150815,3489,2004689,,totalTestsViral,2152015,1012,6751,324,,169,,113313,8/28/2020 15:00,2020-08-28T15:00:00Z,08/28 11:00,1701,6751,,2020-08-28T15:00:00Z,2152015,178731,1973284,147326,1654,47,,,,,,,,,,,,,47,1636,25639,2155504,27222,2155504,,28,74,c8e2e4e65d09ad02c778a5058bc21e6ec1c7ee9a,0,0,0,0,0,
20200827,TN,149179,3436,1979050,,totalTestsViral,2124793,1047,6677,324,,166,,111416,8/27/2020 15:00,2020-08-27T15:00:00Z,08/27 11:00,1673,6677,,2020-08-27T15:00:00Z,2124793,176800,1947993,145743,1627,46,,,,,,,,,,,,,47,1826,24282,2128229,25965,2128229,,25,74,30191bcf1a54d9e37f2c202b6c2e3f27d5f73b71,0,0,0,0,0,
20200826,TN,147353,3293,1954768,,totalTestsViral,2098828,1070,6603,340,,169,,109765,8/26/2020 15:00,2020-08-26T15:00:00Z,08/26 11:00,1648,6603,,2020-08-26T15:00:00Z,2098828,174686,1924142,144060,1604,44,,,,,,,,,,,,,47,1936,25573,2102121,27382,2102121,,20,88,fa2bdc9c5a210b7fb08a451e499082f1be888b1d,0,0,0,0,0,
20200825,TN,145417,3166,1929195,,totalTestsViral,2071446,1099,6515,359,,226,,108035,8/25/2020 15:00,2020-08-25T15:00:00Z,08/25 11:00,1628,6515,,2020-08-25T15:00:00Z,2071446,172491,1898955,142251,1587,41,,,,,,,,,,,,,47,813,14445,2074612,15105,2074612,,40,94,144f1ee4a3a1a3dc3dbd6fa4f0437a07861e31c1,0,0,0,0,0,
20200824,TN,144604,3013,1914750,,totalTestsViral,2056341,1018,6421,342,,173,,106041,8/24/2020 15:00,2020-08-24T15:00:00Z,08/24 11:00,1588,6421,,2020-08-24T15:00:00Z,2056341,171540,1884801,141591,1547,41,,,,,,,,,,,,,47,667,13494,2059354,14085,2059354,,21,43,d003d97addcd668fcab2e3755e39c6bfb2e42b36,0,0,0,0,0,
20200823,TN,143937,2937,1901256,,totalTestsViral,2042256,1009,6378,330,,164,,104054,8/23/2020 15:00,2020-08-23T15:00:00Z,08/23 11:00,1567,6378,,2020-08-23T15:00:00Z,2042256,170788,1871468,141000,1527,40,,,,,,,,,,,,,47,1854,35579,2045193,37395,2045193,,4,50,7453d7d197de7c7ffbeadc89d957fed866eabce0,0,0,0,0,0,
20200822,TN,142083,2899,1865677,,totalTestsViral,2004861,1100,6328,358,,170,,103426,8/22/2020 15:00,2020-08-22T15:00:00Z,08/22 11:00,1563,6328,,2020-08-22T15:00:00Z,2004861,168656,1836205,139184,1523,40,,,,,,,,,,,,,47,1239,25283,2007760,26452,2007760,,14,73,0ded4f30ad2d19e17217bc1e94ce94ea01543163,0,0,0,0,0,
20200821,TN,140844,2829,1840394,,totalTestsViral,1978409,1149,6255,359,,171,,102686,8/21/2020 15:00,2020-08-21T15:00:00Z,08/21 11:00,1549,6255,,2020-08-21T15:00:00Z,1978409,167109,1811300,138015,1508,41,,,,,,,,,,,,,47,1669,27466,1981238,29005,1981238,,61,99,9206ee0c1ded5f56ae590c3dc58da41faf5fc4bd,0,0,0,0,0,
20200820,TN,139175,2699,1812928,,totalTestsViral,1949404,1194,6156,385,,177,,100967,8/20/2020 15:00,2020-08-20T15:00:00Z,08/20 11:00,1488,6156,,2020-08-20T15:00:00Z,1949404,164987,1784417,136476,1447,41,,,,,,,,,,,,,47,1375,21774,1952103,23047,1952103,,36,87,a9d21207af2939180db25fb94c8327bd267affc0,0,0,0,0,0,
20200819,TN,137800,2597,1791154,,totalTestsViral,1926357,1230,6069,375,,171,,99085,8/19/2020 15:00,2020-08-19T15:00:00Z,08/19 11:00,1452,6069,,2020-08-19T15:00:00Z,1926357,163288,1763069,135203,1412,40,,,,,,,,,,,,,47,2022,32560,1928954,34482,1928954,,26,88,809e7b6ac1a9a3526f45d5e1215bc24956454b42,0,0,0,0,0,
20200818,TN,135778,2497,1758594,,totalTestsViral,1891875,1231,5981,384,,183,,96896,8/18/2020 15:00,2020-08-18T15:00:00Z,08/18 11:00,1426,5981,,2020-08-18T15:00:00Z,1891875,160792,1731083,133281,1386,40,,,,,,,,,,,,,47,1034,22230,1894372,23114,1894372,,39,100,6710a62885c69eb17bd5eb4939fb108aaec7e505,0,0,0,0,0,
20200817,TN,134744,2347,1736364,,totalTestsViral,1868761,1139,5881,374,,173,,94812,8/17/2020 15:00,2020-08-17T15:00:00Z,08/17 11:00,1387,5881,,2020-08-17T15:00:00Z,1868761,159582,1709179,132397,1345,42,,,,,,,,,,,,,47,1036,12732,1871108,13746,1871108,,21,34,8fc416d15ea58c301e70c91374f5216c0e70b8af,0,0,0,0,0,
20200816,TN,133708,2325,1723632,,totalTestsViral,1855015,1148,5847,328,,158,,92655,8/16/2020 15:00,2020-08-16T15:00:00Z,08/16 11:00,1366,5847,,2020-08-16T15:00:00Z,1855015,158302,1696713,131383,1324,42,,,,,,,,,,,,,47,1961,25621,1857340,27495,1857340,,21,34,f26b39717bf08988d10c3f83b9432f3b376569c3,0,0,0,0,0,
20200815,TN,131747,2238,1698011,,totalTestsViral,1827520,1307,5813,392,,187,,92100,8/15/2020 15:00,2020-08-15T15:00:00Z,08/15 11:00,1345,5813,,2020-08-15T15:00:00Z,1827520,155633,1671887,129509,1304,41,,,,,,,,,,,,,47,1289,16426,1829758,17620,1829758,,19,88,33bc89b187aaf12cd8d43372585149f19f87434b,0,0,0,0,0,
20200814,TN,130458,2143,1681585,,totalTestsViral,1809900,1264,5725,398,,176,,91323,8/14/2020 15:00,2020-08-14T15:00:00Z,08/14 11:00,1326,5725,,2020-08-14T15:00:00Z,1809900,154266,1655634,128315,1285,41,,,,,,,,,,,,,47,1947,22375,1812043,24254,1812043,,13,77,451640bb5c7cd6db5b97ad05b34b074af7b42d10,0,0,0,0,0,
20200813,TN,128511,2075,1659210,,totalTestsViral,1785646,1312,5648,426,,191,,89151,8/13/2020 15:00,2020-08-13T15:00:00Z,08/13 11:00,1313,5648,,2020-08-13T15:00:00Z,1785646,151925,1633721,126436,1273,40,,,,,,,,,,,,,47,2118,25911,1787721,27956,1787721,,24,94,dcdf1da10fda15528ed377ab36121591671a905e,0,0,0,0,0,
20200812,TN,126393,2002,1633299,,totalTestsViral,1757690,1295,5554,428,,185,,87290,8/12/2020 15:00,2020-08-12T15:00:00Z,08/12 11:00,1289,5554,,2020-08-12T15:00:00Z,1757690,149367,1608323,124391,1249,40,,,,,,,,,,,,,47,1478,17430,1759692,18815,1759692,,18,90,75459cb23f8877cff15ac727c5d026795e3793ef,0,0,0,0,0,
20200811,TN,124915,1909,1615869,,totalTestsViral,1738875,1378,5464,,,,,85313,8/11/2020 15:00,2020-08-11T15:00:00Z,08/11 11:00,1271,5464,,2020-08-11T15:00:00Z,1738875,147566,1591309,123006,1232,39,,,,,,,,,,,,,47,1001,11876,1740784,12785,1740784,,38,125,2b68f4ca1e9d0ee28dbb84f7d6f7d389a9587962,0,0,0,0,0,
20200810,TN,123914,1817,1603993,,totalTestsViral,1726090,1167,5339,,,,,83170,8/10/2020 15:00,2020-08-10T15:00:00Z,08/10 11:00,1233,5339,,2020-08-10T15:00:00Z,1726090,146416,1579674,122097,1194,39,,,,,,,,,,,,,47,1202,13585,1727907,14771,1727907,,10,35,3583f47c7621dbee26c3778f13e6ccda8321dde2,0,0,0,0,0,
20200809,TN,122712,1801,1590408,,totalTestsViral,1711319,1290,5304,,,,,80997,8/9/2020 15:00,2020-08-09T15:00:00Z,08/09 11:00,1223,5304,,2020-08-09T15:00:00Z,1711319,144931,1566388,120911,1184,39,,,,,,,,,,,,,47,2127,25507,1713120,27597,1713120,,8,42,4ac0050c72750c16399992942e4305f13abe7986,0,0,0,0,0,
20200808,TN,120585,1764,1564901,,totalTestsViral,1683722,1393,5262,,,,,80340,8/8/2020 15:00,2020-08-08T15:00:00Z,08/08 11:00,1215,5262,,2020-08-08T15:00:00Z,1683722,142450,1541272,118821,1176,39,,,,,,,,,,,,,47,1803,21651,1685486,23385,1685486,,9,72,de1d304a733881f6e5b3298b615ad910ca2274fb,0,0,0,0,0,
20200807,TN,118782,1695,1543250,,totalTestsViral,1660337,1406,5190,,,,,79357,8/7/2020 15:00,2020-08-07T15:00:00Z,08/07 11:00,1206,5190,,2020-08-07T15:00:00Z,1660337,140166,1520171,117087,1167,39,,,,,,,,,,,,,47,2432,24409,1662032,26695,1662032,,20,81,f982dd6f8ac4dd4dd733509c020d4ee6c781593f,0,0,0,0,0,
20200806,TN,116350,1549,1518841,,totalTestsViral,1633642,1497,5109,,,,,77558,8/6/2020 15:00,2020-08-06T15:00:00Z,08/06 11:00,1186,5109,,2020-08-06T15:00:00Z,1633642,137277,1496365,114801,1147,39,,,,,,,,,,,,,47,2252,20894,1635191,23038,1635191,,42,108,6a4aef318ec02778f898cea2dae5f7c56a6dee3f,0,0,0,0,0,
20200805,TN,114098,1441,1497947,,totalTestsViral,1610604,1448,5001,,,,,75550,8/4/2020 15:00,2020-08-04T15:00:00Z,08/04 11:00,1144,5001,,2020-08-04T15:00:00Z,1610604,134738,1475866,112657,1104,40,,,,,,,,,,,,,47,1657,17738,1612045,19294,1612045,,27,101,8ce5cb4eb21d912622d513ee0ec8116fcd4865c7,0,0,0,0,0,
20200804,TN,112441,1340,1480209,,totalTestsViral,1591310,1433,4900,,,,,73259,8/4/2020 15:00,2020-08-04T15:00:00Z,08/04 11:00,1117,4900,,2020-08-04T15:00:00Z,1591310,132703,1458607,111101,1079,38,,,,,,,,,,,,,47,1805,16312,1592650,18088,1592650,,25,92,c71c63b4134e436a8ba84471fb706fc7a0cfb8b8,0,0,0,0,0,
20200803,TN,110636,1311,1463897,,totalTestsViral,1573222,1323,4808,,,,,70878,8/3/2020 15:00,2020-08-03T15:00:00Z,08/03 11:00,1092,4808,,2020-08-03T15:00:00Z,1573222,130662,1442560,109325,1055,37,,,,,,,,,,,,,47,1009,11226,1574533,12201,1574533,,19,52,458fa8156a290187ac8c5f856efa740c376fc0b7,0,0,0,0,0,
20200802,TN,109627,1277,1452671,,totalTestsViral,1561021,1271,4756,,,,,68471,8/2/2020 15:00,2020-08-02T15:00:00Z,08/02 11:00,1073,4756,,2020-08-02T15:00:00Z,1561021,129493,1431528,108350,1036,37,,,,,,,,,,,,,47,1443,18002,1562298,19406,1562298,,6,32,08d3be1e055539470c0bd6f11dddbdb2025483c4,0,0,0,0,0,
20200801,TN,108184,1238,1434669,,totalTestsViral,1541615,1446,4724,,,,,67651,8/1/2020 15:00,2020-08-01T15:00:00Z,08/01 11:00,1067,4724,,2020-08-01T15:00:00Z,1541615,127773,1413842,106946,1030,37,,,,,,,,,,,,,47,2225,27223,1542853,29391,1542853,,7,63,1fce44920ae5522cff57c49a3d99cb323cc85a40,0,0,0,0,0,
20200731,TN,105959,1181,1407446,,totalTestsViral,1512224,1494,4661,,,,,66357,7/31/2020 15:00,2020-07-31T15:00:00Z,07/31 11:00,1060,4661,,2020-07-31T15:00:00Z,1512224,124910,1387314,104778,1023,37,,,,,,,,,,,,,47,3088,29505,1513405,32555,1513405,,27,89,1ffdf87f10ab1e9bd7dee9e8801166d2f734232c,0,0,0,0,0,
20200730,TN,102871,1143,1377941,,totalTestsViral,1479669,1493,4572,,,,,64234,7/30/2020 15:00,2020-07-30T15:00:00Z,07/30 11:00,1033,4572,,2020-07-30T15:00:00Z,1479669,121118,1358551,101728,996,37,,,,,,,,,,,,,47,2049,22524,1480812,24549,1480812,,13,90,e8e431d25616524e2f36bf897d79ba1bcec4e2dc,0,0,0,0,0,
20200729,TN,100822,1119,1355417,,totalTestsViral,1455120,1417,4482,,,,,62129,7/29/2020 15:00,2020-07-29T15:00:00Z,07/29 11:00,1020,4482,,2020-07-29T15:00:00Z,1455120,118715,1336405,99703,983,37,,,,,,,,,,,,,47,1778,17950,1456239,19687,1456239,,42,202,e182c5fbc802c04dc0975bfb52be6efe69eb58be,0,0,0,0,0,
20200728,TN,99044,1078,1337467,,totalTestsViral,1435433,1420,4280,,,,,57239,7/27/2020 15:00,2020-07-27T15:00:00Z,07/27 11:00,978,4280,,2020-07-27T15:00:00Z,1435433,116549,1318884,97966,943,35,,,,,,,,,,,,,47,2555,22504,1436511,25037,1436511,,0,0,9db77507e42361208f5e0701e092a98a12760914,0,0,0,0,0,
20200727,TN,96489,1056,1314963,,totalTestsViral,1410396,1328,4280,,,,,57239,7/27/2020 15:00,2020-07-27T15:00:00Z,07/27 11:00,978,4280,,2020-07-27T15:00:00Z,1410396,113557,1296839,95433,943,35,,,,,,,,,,,,,47,2553,26047,1411452,28537,1411452,,11,36,92516b8d249ab3562fda569810ff5579e5f3533c,0,0,0,0,0,
20200726,TN,93936,993,1288916,,totalTestsViral,1381859,1313,4244,,,,,54730,7/26/2020 15:00,2020-07-26T15:00:00Z,07/26 11:00,967,4244,,2020-07-26T15:00:00Z,1381859,110435,1271424,92943,933,34,,,,,,,,,,,,,47,3140,47338,1382852,50431,1382852,,3,48,8d540dedcdebf3144a91157b4f30ca4d087ee454,0,0,0,0,0,
20200725,TN,90796,946,1241578,,totalTestsViral,1331428,1414,4196,,,,,53808,7/25/2020 15:00,2020-07-25T15:00:00Z,07/25 11:00,964,4196,,2020-07-25T15:00:00Z,1331428,104656,1226772,89850,930,34,,,,,,,,,,,,,47,1718,8043,1332374,9721,1332374,,26,76,31c22540d87796720e5e680d9987f29e10025014,0,0,0,0,0,
20200724,TN,89078,906,1233535,,totalTestsViral,1321707,1460,4120,,,,,52983,7/24/2020 15:00,2020-07-24T15:00:00Z,07/24 11:00,938,4120,,2020-07-24T15:00:00Z,1321707,104274,1217433,88172,904,34,,,,,,,,,,,,,47,2091,24537,1322613,26592,1322613,,13,104,5c963f0013ede9d1eafd0309973de9523b62101f,0,0,0,0,0,
20200723,TN,86987,870,1208998,,totalTestsViral,1295115,1465,4016,,,,,51661,7/23/2020 15:00,2020-07-23T15:00:00Z,07/23 11:00,925,4016,,2020-07-23T15:00:00Z,1295115,101782,1193333,86117,891,34,,,,,,,,,,,,,47,2570,29587,1295985,32122,1295985,,37,109,5b1bc4df31328aac7cfad9f4f1d2102663d9b9c4,0,0,0,0,0,
20200722,TN,84417,835,1179411,,totalTestsViral,1262993,1451,3907,,,,,49748,7/22/2020 15:00,2020-07-22T15:00:00Z,07/22 11:00,888,3907,,2020-07-22T15:00:00Z,1262993,98743,1164250,83582,855,33,,,,,,,,,,,,,47,2473,23122,1263828,25582,1263828,,17,109,147f82aa5c3c09ec043a5ee5b25494b718818591,0,0,0,0,0,
20200721,TN,81944,822,1156289,,totalTestsViral,1237411,1461,3798,,,,,47852,7/21/2020 15:00,2020-07-21T15:00:00Z,07/21 11:00,871,3798,,2020-07-21T15:00:00Z,1237411,95765,1141646,81122,840,31,,,,,,,,,,,,,47,2190,20876,1238233,23028,1238233,,24,86,b771597a5736b2dc1689f45c3a913ae1c9708cde,0,0,0,0,0,
20200720,TN,79754,784,1135413,,totalTestsViral,1214383,1368,3712,,,,,45974,7/20/2020 15:00,2020-07-20T15:00:00Z,07/20 11:00,847,3712,,2020-07-20T15:00:00Z,1214383,93257,1121126,78970,816,31,,,,,,,,,,,,,47,1639,16231,1215167,17840,1215167,,4,31,c36890f4b02aa36027eb52869079f5af05603540,0,0,0,0,0,
20200719,TN,78115,754,1119182,,totalTestsViral,1196543,1327,3681,,,,,44319,7/19/2020 15:00,2020-07-19T15:00:00Z,07/19 11:00,843,3681,,2020-07-19T15:00:00Z,1196543,91295,1105248,77361,812,31,,,,,,,,,,,,,47,1779,21866,1197297,23630,1197297,,5,32,1d189ca8fc564687bee688cbfd46e01ba432a55a,0,0,0,0,0,
20200718,TN,76336,739,1097316,,totalTestsViral,1172913,1378,3649,,,,,43706,7/18/2020 15:00,2020-07-18T15:00:00Z,07/18 11:00,838,3649,,2020-07-18T15:00:00Z,1172913,89132,1083781,75597,807,31,,,,,,,,,,,,,47,2517,20463,1173652,22922,1173652,,23,87,ebc203859047ed97c062bec6bbe271dd6ef04c80,0,0,0,0,0,
20200717,TN,73819,681,1076853,,totalTestsViral,1149991,1436,3562,,,,,42734,7/17/2020 15:00,2020-07-17T15:00:00Z,07/17 11:00,815,3562,,2020-07-17T15:00:00Z,1149991,86064,1063927,73138,785,30,,,,,,,,,,,,,47,2279,24696,1150672,26953,1150672,,19,65,6167408f4158be4fe963640df72a68063df88743,0,0,0,0,0,
20200716,TN,71540,659,1052157,,totalTestsViral,1123038,1416,3497,,,,,41250,7/16/2020 15:00,2020-07-16T15:00:00Z,07/16 11:00,796,3497,,2020-07-16T15:00:00Z,1123038,83227,1039811,70881,767,29,,,,,,,,,,,,,47,2479,23545,1123697,25985,1123697,,13,63,a280f4df8a87cb0ffa3f0e65075e670dd6c61376,0,0,0,0,0,
20200715,TN,69061,620,1028612,,totalTestsViral,1097053,1282,3434,,,,,39857,7/15/2020 15:00,2020-07-15T15:00:00Z,07/15 11:00,783,3434,,2020-07-15T15:00:00Z,1097053,80368,1016685,68441,755,28,,,,,,,,,,,,,47,2273,23512,1097673,25733,1097673,,16,56,e40806d4d876a78cb4ef31c2715c288dcac70e8e,0,0,0,0,0,
20200714,TN,66788,568,1005100,,totalTestsViral,1071320,1222,3378,,,,,38272,7/14/2020 15:00,2020-07-14T15:00:00Z,07/14 11:00,767,3378,,2020-07-14T15:00:00Z,1071320,77673,993647,66220,740,27,,,,,,,,,,,,,47,1514,16413,1071888,17896,1071888,,18,94,27ee89edacaedc903592621f90869488d8805be3,0,0,0,0,0,
20200713,TN,65274,537,988687,,totalTestsViral,1053424,1120,3284,,,,,36996,7/13/2020 15:00,2020-07-13T15:00:00Z,07/13 11:00,749,3284,,2020-07-13T15:00:00Z,1053424,75920,977504,64737,722,27,,,,,,,,,,,,,47,3314,32632,1053961,35926,1053961,,8,34,838d01953ca35009deef0deadd01dcc90c549d71,0,0,0,0,0,
20200712,TN,61960,517,956055,,totalTestsViral,1017498,1184,3250,,,,,35855,7/12/2020 15:00,2020-07-12T15:00:00Z,07/12 11:00,741,3250,,2020-07-12T15:00:00Z,1017498,71982,945516,61443,714,27,,,,,,,,,,,,,47,954,9947,1018015,10882,1018015,,3,57,eb7dee5450e0c62002ed322cd1f4d36b86a048de,0,0,0,0,0,
20200711,TN,61006,498,946108,,totalTestsViral,1006616,1184,3193,,,,,35435,7/11/2020 15:00,2020-07-11T15:00:00Z,07/11 11:00,738,3193,,2020-07-11T15:00:00Z,1006616,70927,935689,60508,711,27,,,,,,,,,,,,,47,1460,11079,1007114,12502,1007114,,15,47,f0c8c4956e72449bb844a6a06e89e513a7217572,0,0,0,0,0,
20200710,TN,59546,461,935029,,totalTestsViral,994114,1184,3146,,,,,34740,7/10/2020 15:00,2020-07-10T15:00:00Z,07/10 11:00,723,3146,,2020-07-10T15:00:00Z,994114,69283,924831,59085,697,26,,,,,,,,,,,,,47,1955,19906,994575,21838,994575,,13,58,1465e814722ade03dd0c8bd6b73d095cb77c6921,0,0,0,0,0,
20200709,TN,57591,438,915123,,totalTestsViral,972276,1135,3088,,,,,33609,7/9/2020 15:00,2020-07-09T15:00:00Z,07/09 11:00,710,3088,,2020-07-09T15:00:00Z,972276,67068,905208,57153,684,26,,,,,,,,,,,,,47,1605,20150,972714,21736,972714,,25,65,11e8449ac04a28a3a681782b7d8c894e69aff60f,0,0,0,0,0,
20200708,TN,55986,419,894973,,totalTestsViral,950540,1160,3023,,,,,32736,7/8/2020 15:00,2020-07-08T15:00:00Z,07/08 11:00,685,3023,,2020-07-08T15:00:00Z,950540,65002,885538,55567,660,25,,,,,,,,,,,,,47,2472,27288,950959,29739,950959,,20,73,b2be41767b6eb15c54aa28d04a68d826d88dfce8,0,0,0,0,0,
20200707,TN,53514,398,867685,,totalTestsViral,920801,1112,2950,,,,,31827,7/7/2020 15:00,2020-07-07T15:00:00Z,07/07 11:00,665,2950,,2020-07-07T15:00:00Z,920801,62185,858616,53116,640,25,,,,,,,,,,,,,47,1359,15222,921199,16564,921199,,12,53,4fb8c64f66e4024787295a4a2ea0c643f57ad092,0,0,0,0,0,
20200706,TN,52155,381,852463,,totalTestsViral,904237,940,2897,,,,,31020,7/6/2020 15:00,2020-07-06T15:00:00Z,07/06 11:00,653,2897,,2020-07-06T15:00:00Z,904237,60554,843683,51774,628,25,,,,,,,,,,,,,47,724,7728,904618,8441,904618,,7,26,37724abf7effa22c054f8fe1ebaa26fedc254241,0,0,0,0,0,
20200705,TN,51431,370,844735,,totalTestsViral,895796,949,2871,,,,,30254,7/5/2020 15:00,2020-07-05T15:00:00Z,07/05 11:00,646,2871,,2020-07-05T15:00:00Z,895796,59768,836028,51061,621,25,,,,,,,,,,,,,47,1291,16271,896166,17566,896166,,9,11,9f2293b2692580d2ee3c24cd6dbf2693aa0aaa77,0,0,0,0,0,
20200704,TN,50140,372,828464,,totalTestsViral,878230,949,2860,,,,,30043,7/4/2020 15:00,2020-07-04T15:00:00Z,07/04 11:00,637,2860,,2020-07-04T15:00:00Z,878230,58202,820028,49768,612,25,,,,,,,,,,,,,47,1428,14687,878604,16109,878604,,4,35,7cb67d161ebbb0de2f6be36d8ac239a2024711bf,0,0,0,0,0,
20200703,TN,48712,368,813777,,totalTestsViral,862121,949,2825,,,,,29591,7/3/2020 15:00,2020-07-03T15:00:00Z,07/03 11:00,633,2825,,2020-07-03T15:00:00Z,862121,56644,805477,48344,608,25,,,,,,,,,,,,,47,1822,22213,862489,24037,862489,,13,50,862e3f34c7445e6b6946bfefa4e6d4efab98672f,0,0,0,0,0,
20200702,TN,46890,370,791564,,totalTestsViral,838084,949,2775,,,,,28938,7/2/2020 15:00,2020-07-02T15:00:00Z,07/02 11:00,620,2775,,2020-07-02T15:00:00Z,838084,54471,783613,46520,594,26,,,,,,,,,,,,,47,1575,18993,838454,20562,838454,,11,60,5c3fdbc72bd765ea6d2cad3028427a800da4c986,0,0,0,0,0,
20200701,TN,45315,364,772571,,totalTestsViral,817522,955,2715,,,,,28283,7/1/2020 15:00,2020-07-01T15:00:00Z,07/01 11:00,609,2715,,2020-07-01T15:00:00Z,817522,52617,764905,44951,583,26,,,,,,,,,,,,,47,1806,22953,817886,24743,817886,,5,50,83737ed7b0e723b2792ca02d6dfb1a12a28597ff,0,0,0,0,0,
20200630,TN,43509,348,749618,,totalTestsViral,792779,886,2665,,,,,27599,6/30/2020 15:00,2020-06-30T15:00:00Z,06/30 11:00,604,2665,,2020-06-30T15:00:00Z,792779,50413,742366,43161,578,26,,,,,,,,,,,,,47,1212,14709,793127,15921,793127,,12,66,56c9289260a9659718692e894e3631c1258d31bb,0,0,0,0,0,
20200629,TN,42297,348,734909,,totalTestsViral,776858,839,2599,,,,,26962,6/29/2020 15:00,2020-06-29T15:00:00Z,06/29 11:00,592,2599,,2020-06-29T15:00:00Z,776858,48873,727985,41949,568,24,,,,,,,,,,,,,47,2125,26528,777206,28629,777206,,8,35,8e0403c3dd2af678cfb94617938b3911cfcf0236,0,0,0,0,0,
20200628,TN,40172,324,708381,,totalTestsViral,748229,800,2564,,,,,26159,6/27/2020 15:00,2020-06-27T15:00:00Z,06/27 11:00,584,2564,,2020-06-27T15:00:00Z,748229,46468,701761,39848,560,24,,,,,,,,,,,,,47,0,0,748553,0,748553,,0,0,eaa11240185f51b9de59997bc82f61ba56f74763,0,0,0,0,0,
20200627,TN,40172,324,708381,,totalTestsViral,748229,705,2564,,,,,26159,6/27/2020 15:00,2020-06-27T15:00:00Z,06/27 11:00,584,2564,,2020-06-27T15:00:00Z,748229,46468,701761,39848,560,24,,,,,,,,,,,,,47,728,5793,748553,6492,748553,,7,66,8e2f8e8b42fb1a116c0ad6d0570e4a2ecc708ab3,0,0,0,0,0,
20200626,TN,39444,295,702588,,totalTestsViral,741737,741,2498,,,,,25753,6/26/2020 15:00,2020-06-26T15:00:00Z,06/26 11:00,577,2498,,2020-06-26T15:00:00Z,741737,45734,696003,39149,552,25,,,,,,,,,,,,,47,1410,13073,742032,14469,742032,,10,67,5b4f6272e409bb6b0f67a675ccc01d05a38baee4,0,0,0,0,0,
20200625,TN,38034,281,689515,,totalTestsViral,727268,741,2431,,,,,25280,6/25/2020 15:00,2020-06-25T15:00:00Z,06/25 11:00,567,2431,,2020-06-25T15:00:00Z,727268,44202,683066,37753,540,27,,,,,,,,,,,,,47,799,8446,727549,9230,727549,,11,45,ea7daeb31fca418ce72adc996f5e7d53057817de,0,0,0,0,0,
20200624,TN,37235,266,681069,,totalTestsViral,718038,696,2386,,,,,24693,6/24/2020 15:00,2020-06-24T15:00:00Z,06/24 11:00,556,2386,,2020-06-24T15:00:00Z,718038,43217,674821,36969,535,21,,,,,,,,,,,,,47,932,11953,718304,12874,718304,,14,50,3441707beb81edb0783baae2239d27755cab431d,0,0,0,0,0,
20200623,TN,36303,255,669116,,totalTestsViral,705164,721,2336,,,,,24068,6/23/2020 15:00,2020-06-23T15:00:00Z,06/23 11:00,542,2336,,2020-06-23T15:00:00Z,705164,42154,663010,36048,521,21,,,,,,,,,,,,,47,750,4564,705419,5310,705419,,11,35,94c19c885568d53036ce0c51d14b198f2826f422,0,0,0,0,0,
20200622,TN,35553,251,664552,,totalTestsViral,699854,664,2301,,,,,23567,6/22/2020 00:00,2020-06-22T00:00:00Z,06/21 20:00,531,2301,,2020-06-22T00:00:00Z,699854,41499,658355,35302,510,21,,,,,,,,,,,,,47,451,14025,700105,14473,700105,,5,10,f7c1b8e5542e02169e5243b8984132d85f93398b,0,0,0,0,0,
20200621,TN,35102,248,650527,,totalTestsViral,685381,605,2291,,,,,23067,6/21/2020 00:00,2020-06-21T00:00:00Z,06/20 20:00,526,2291,,2020-06-21T00:00:00Z,685381,40967,644414,34854,505,21,,,,,,,,,,,,,47,656,9633,685629,10280,685629,,2,25,f8fa1318a8c98b27f69ebfb62ddcecad639e3bc6,0,0,0,0,0,
20200620,TN,34446,239,640894,,totalTestsViral,675101,588,2266,,,,,22838,6/20/2020 15:00,2020-06-20T15:00:00Z,06/20 11:00,524,2266,,2020-06-20T15:00:00Z,675101,40201,634900,34207,503,21,,,,,,,,,,,,,47,429,13222,675340,7765,675340,,9,28,2515eba4ee78d3bffec6c5b5c2fda089af58824a,0,0,0,0,0,
20200619,TN,34017,241,627672,,totalTestsViral,667336,635,2238,,,,,22531,6/19/2020 15:00,2020-06-19T15:00:00Z,06/19 11:00,515,2238,,2020-06-19T15:00:00Z,667336,39664,627672,33776,494,21,,,,,,,,,,,,,47,1188,8107,661689,15176,661689,,6,29,989f3e306082069e83df0f4497712082252807dc,0,0,0,0,0,
20200618,TN,32829,234,619565,,totalTestsViral,652160,617,2209,,,,,21949,6/18/2020 15:00,2020-06-18T15:00:00Z,06/18 11:00,509,2209,,2020-06-18T15:00:00Z,652160,38194,613966,32595,488,21,,,,,,,,,,,,,47,686,7135,652394,7816,652394,,12,29,1c104877a68dc882b0d567848b257f4ad567ca34,0,0,0,0,0,
20200617,TN,32143,229,612430,,totalTestsViral,644344,632,2180,,,,,21282,6/17/2020 15:00,2020-06-17T15:00:00Z,06/17 11:00,497,2180,,2020-06-17T15:00:00Z,644344,37420,606924,31914,476,21,,,,,,,,,,,,,47,313,5270,644573,5572,644573,,4,34,1ae2fc55fe049b03057324679e328ed29ce441b0,0,0,0,0,0,
20200616,TN,31830,218,607160,,totalTestsViral,638772,621,2146,,,,,20710,6/16/2020 15:00,2020-06-16T15:00:00Z,06/16 11:00,493,2146,,2020-06-16T15:00:00Z,638772,36995,601777,31612,472,21,,,,,,,,,,,,,47,670,8342,638990,9003,638990,,10,40,75da51a187188048d7ce6d27ecd06268ecddf3ae,0,0,0,0,0,
20200615,TN,31160,209,598818,,totalTestsViral,629769,642,2106,,,,,20062,6/15/2020 15:00,2020-06-15T15:00:00Z,06/15 11:00,483,2106,,2020-06-15T15:00:00Z,629769,36284,593485,30951,462,21,,,,,,,,,,,,,47,728,14030,629978,14726,629978,,8,19,ed3ba956db6f117fec17f405f807ca1c38fda9a2,0,0,0,0,0,
20200614,TN,30432,177,584788,,totalTestsViral,615043,588,2087,,,,,19896,6/14/2020 15:00,2020-06-14T15:00:00Z,06/14 11:00,475,2087,,2020-06-14T15:00:00Z,615043,35423,579620,30255,454,21,,,,,,,,,,,,,47,891,12967,615220,13882,615220,,3,14,e808493c4ea7fba5d8ff5a8148be6e7abd572be7,0,0,0,0,0,
20200613,TN,29541,201,571821,,totalTestsViral,601161,583,2073,,,,,19731,6/13/2020 15:00,2020-06-13T15:00:00Z,06/13 11:00,472,2073,,2020-06-13T15:00:00Z,601161,34409,566752,29340,451,21,,,,,,,,,,,,,47,415,10774,601362,6201,601362,,4,24,74b543a098ed5ad83a7c35b6c0ed87b159f1640c,0,0,0,0,0,
20200612,TN,29126,184,561047,,totalTestsViral,594960,608,2049,,,,,19425,6/12/2020 15:00,2020-06-12T15:00:00Z,06/12 11:00,468,2049,,2020-06-12T15:00:00Z,594960,33913,561047,28942,447,21,,,,,,,,,,,,,47,588,54291,590173,59864,590173,,27,38,b7eada6f5263fe50c01cb154a798712496b40597,0,0,0,0,0,
20200611,TN,28538,198,506756,,totalTestsViral,535096,606,2011,,,,,18992,6/11/2020 15:00,2020-06-11T15:00:00Z,06/11 11:00,441,2011,,2020-06-11T15:00:00Z,535096,28340,506756,28340,441,,,528635,,,,,,,,,,,47,477,5990,535294,6461,535294,,5,21,070c882cee86fc478d3c4ae8b3fc511900f4cc71,0,0,0,0,0,
20200610,TN,28061,192,500766,,totalTestsViral,528635,624,1990,,,,,18516,6/10/2020 15:00,2020-06-10T15:00:00Z,06/10 11:00,436,1990,,2020-06-10T15:00:00Z,528635,27869,500766,27869,436,,,528635,,,,,,,,,,,47,486,7144,528827,7438,528827,,1,16,13dcb75612e4b4dc5ad0e7866ff82d44318d6199,0,0,0,0,0,
20200609,TN,27575,184,493622,,totalTestsViral,521197,587,1974,,,,,18013,6/9/2020 15:00,2020-06-09T15:00:00Z,06/09 11:00,435,1974,,2020-06-09T15:00:00Z,521197,27575,493622,27575,435,,,521197,,,,,,,,,,,47,631,7803,521197,8434,521197,,14,26,5f8828cf5c3fb4e72633fe2109230e8b302621a3,0,0,0,0,0,
20200608,TN,26944,185,485819,,totalTestsViral,512763,617,1948,,,,,17563,6/8/2020 15:00,2020-06-08T15:00:00Z,06/08 11:00,421,1948,,2020-06-08T15:00:00Z,512763,26944,485819,26944,421,,,512763,,,,,,,,,,,47,563,13432,512763,13995,512763,,3,16,1f1b888ee21da58bb9677b2aa86f420d567b829e,0,0,0,0,0,
20200607,TN,26381,180,472387,,totalTestsViral,498768,561,1932,,,,,17222,6/7/2020 15:00,2020-06-07T15:00:00Z,06/07 11:00,418,1932,,2020-06-07T15:00:00Z,498768,26381,472387,26381,418,,,491421,,,,,,,,,,,47,310,7037,498768,7347,498768,,1,9,40e15357a9d5613aa279275c14118aa4c93a26ce,0,0,0,0,0,
20200606,TN,26071,177,465350,,totalTestsViral,491421,535,1923,,,,,17124,6/6/2020 15:00,2020-06-06T15:00:00Z,06/06 11:00,417,1923,,2020-06-06T15:00:00Z,491421,26071,465350,26071,417,,,491421,,,,,,,,,,,47,551,8698,491421,9249,491421,,9,30,a1675b3734033872af81766842fd8c4fd4f5bb38,0,0,0,0,0,
20200605,TN,25520,170,456652,,totalTestsViral,482172,505,1893,,,,,16925,6/5/2020 15:00,2020-06-05T15:00:00Z,06/05 11:00,408,1893,,2020-06-05T15:00:00Z,482172,25520,456652,25520,408,,,482172,,,,,,,,,,,47,400,5634,482172,6034,482172,,7,38,2e94ba4e537d6982dac5bfe2936d202eb26e51f0,0,0,0,0,0,
20200604,TN,25120,169,451018,,totalTestsViral,476138,547,1855,,,,,16643,6/4/2020 15:00,2020-06-04T15:00:00Z,06/04 11:00,401,1855,,2020-06-04T15:00:00Z,476138,25120,451018,25120,401,,,476138,,,,,,,,,,,47,298,5061,476138,5359,476138,,13,26,da38dff28a06b28fe9c12716e9775b2409ee1d4f,0,0,0,0,0,
20200603,TN,24822,168,445957,,totalTestsViral,470779,548,1829,,,,,16319,6/3/2020 15:00,2020-06-03T15:00:00Z,06/03 11:00,388,1829,,2020-06-03T15:00:00Z,470779,24822,445957,24822,388,,,470779,,,,,,,,,,,47,447,8196,470779,8643,470779,,7,37,b0f7db47314b2cb55b17dd1e24b497d277e8c5be,0,0,0,0,0,
20200602,TN,24375,168,437761,,totalTestsViral,462136,565,1792,,,,,15916,6/2/2020 15:00,2020-06-02T15:00:00Z,06/02 11:00,381,1792,,2020-06-02T15:00:00Z,462136,24375,437761,24375,381,,,462136,,,,,,,,,,,47,821,12822,462136,13643,462136,,14,25,ae8d21449a3d5c2d496a2df47533b0d3fffed0c3,0,0,0,0,0,
20200601,TN,23554,155,424939,,totalTestsViral,448493,504,1767,,,,,15564,6/1/2020 15:00,2020-06-01T15:00:00Z,06/01 11:00,367,1767,,2020-06-01T15:00:00Z,448493,23554,424939,23554,367,,,448493,,,,,,,,,,,47,548,11968,448493,12516,448493,,3,17,8ccdb081be21cd858fc56aeb859bda2d296b923f,0,0,0,0,0,
20200531,TN,23006,153,412971,,totalTestsViral,435977,463,1750,,,,,15300,5/30/2020 15:00,2020-05-30T15:00:00Z,05/30 11:00,364,1750,,2020-05-30T15:00:00Z,435977,23006,412971,23006,364,,,435977,,,,,,,,,,,47,440,8491,435977,8931,435977,,0,18,14b28b44a4322262aa5ae74d1648db7a696ed39f,0,0,0,0,0,
20200530,TN,22566,154,404480,,totalTestsViral,427046,516,1732,,,,,15193,5/30/2020 15:00,2020-05-30T15:00:00Z,05/30 11:00,364,1732,,2020-05-30T15:00:00Z,427046,22566,404480,22566,364,,,427046,,,,,,,,,,,47,481,4598,427046,5079,427046,,4,22,4701adaf54a2915e7c6343c368f9400ab6d19289,0,0,0,0,0,
20200529,TN,22085,151,399882,,totalTestsViral,421967,507,1710,,,,,14965,5/29/2020 15:00,2020-05-29T15:00:00Z,05/29 11:00,360,1710,,2020-05-29T15:00:00Z,421967,22085,399882,22085,360,,,421967,,,,,,,,,,,47,406,5572,421967,5978,421967,,4,21,fda5f905ace2254295f0ee2ee484938759355eb4,0,0,0,0,0,
20200528,TN,21679,143,394310,,totalTestsViral,415989,545,1689,,,,,14632,5/28/2020 15:00,2020-05-28T15:00:00Z,05/28 11:00,356,1689,,2020-05-28T15:00:00Z,415989,21679,394310,21679,356,,,415989,,,,,,,,,,,47,373,5986,415989,6359,415989,,3,42,b7c5036ee1c503fd65f8955e36d9fabd1e96d77a,0,0,0,0,0,
20200527,TN,21306,135,388324,,totalTestsViral,409630,501,1647,,,,,13916,5/27/2020 15:00,2020-05-27T15:00:00Z,05/27 11:00,353,1647,,2020-05-27T15:00:00Z,409630,21306,388324,21306,353,,,409630,,,,,,,,,,,47,341,5785,409630,6126,409630,,10,38,0c297d5fd2fbd4b52800c371c4a1f31f09c5b1fc,0,0,0,0,0,
20200526,TN,20965,124,382539,,totalTestsViral,403504,582,1609,,,,,13344,5/26/2020 15:00,2020-05-26T15:00:00Z,05/26 11:00,343,1609,,2020-05-26T15:00:00Z,403504,20965,382539,20965,343,,,403504,,,,,,,,,,,47,358,6927,403504,7285,403504,,5,15,3b2d17b75d22195b5e5ce57f68d19e1214899a50,0,0,0,0,0,
20200525,TN,20607,124,375612,,totalTestsViral,396219,517,1594,,,,,13073,5/25/2020 15:00,2020-05-25T15:00:00Z,05/25 11:00,338,1594,,2020-05-25T15:00:00Z,396219,20607,375612,20607,338,,,396219,,,,,,,,,,,47,462,12181,396219,12643,396219,,2,11,a682ee04209e3f1faa209d88ef1398693b6bb994,0,0,0,0,0,
20200524,TN,20145,124,363431,,totalTestsViral,383576,526,1583,,,,,12837,5/24/2020 15:00,2020-05-24T15:00:00Z,05/24 11:00,336,1583,,2020-05-24T15:00:00Z,383576,20145,363431,20145,336,,,383576,,,,,,,,,,,47,356,9462,383576,9818,383576,,7,10,8f5b7c678e6c93ec186f275d86fcfc5720280290,0,0,0,0,0,
20200523,TN,19789,120,353969,,totalTestsViral,373758,478,1573,,,,,12745,5/23/2020 15:00,2020-05-23T15:00:00Z,05/23 11:00,329,1573,,2020-05-23T15:00:00Z,373758,19789,353969,19789,329,,,373758,,,,,,,,,,,47,395,5193,373758,5588,373758,,14,13,095b255c3a519e155e38e4b5e5385f83d231d8d3,0,0,0,0,0,
20200522,TN,19394,116,348776,,totalTestsViral,368170,570,1560,,,,,12566,5/22/2020 15:00,2020-05-22T15:00:00Z,05/22 11:00,315,1560,,2020-05-22T15:00:00Z,368170,19394,348776,19394,315,,,368170,,,,,,,,,,,47,433,7154,368170,7587,368170,,2,21,146de569b823dbe6e34e07ad0dd855c99bbc0015,0,0,0,0,0,
20200521,TN,18961,112,341622,,totalTestsViral,360583,601,1539,,,,,12191,5/21/2020 15:00,2020-05-21T15:00:00Z,05/21 11:00,313,1539,,2020-05-21T15:00:00Z,360583,18961,341622,18961,313,,,360583,,,,,,,,,,,47,429,6141,360583,6570,360583,,4,24,5d23e2af6217cfd1742c573c1454ee6ec9242f0d,0,0,0,0,0,
20200520,TN,18532,114,335481,,totalTestsViral,354013,652,1515,,,,,11783,5/20/2020 15:00,2020-05-20T15:00:00Z,05/20 11:00,309,1515,,2020-05-20T15:00:00Z,354013,18532,335481,18532,309,,,354013,,,,,,,,,,,47,154,7736,354013,7890,354013,,4,17,79510f7d3440b5309c4f2f7c03e4af571a519970,0,0,0,0,0,
20200519,TN,18378,113,327745,,totalTestsViral,346123,615,1498,,,,,10969,5/19/2020 15:00,2020-05-19T15:00:00Z,05/19 11:00,305,1498,,2020-05-19T15:00:00Z,346123,18378,327745,18378,305,,,346123,,,,,,,,,,,47,367,8328,346123,8695,346123,,4,9,240500349b6874895844c2d92fcf5b28520c8016,0,0,0,0,0,
20200518,TN,18011,110,319417,,totalTestsViral,337428,638,1489,,,,,9886,5/18/2020 15:00,2020-05-18T15:00:00Z,05/18 11:00,301,1489,,2020-05-18T15:00:00Z,337428,18011,319417,18011,301,,,337428,,,,,,,,,,,47,623,11525,337428,12148,337428,,3,7,1386ee9c73421cbf7c536da4fd0f0b4226335102,0,0,0,0,0,
20200517,TN,17388,107,307892,,totalTestsViral,325280,513,1482,,,,,9652,5/17/2020 15:00,2020-05-17T15:00:00Z,05/17 11:00,298,1482,,2020-05-17T15:00:00Z,325280,17388,307892,17388,298,,,,,,,,,,,,,,47,100,4979,325280,5079,325280,,3,8,c1956237cfcb916a52d1b23d9517b45370516106,0,0,0,0,0,
20200516,TN,17288,86,302913,,totalTestsViral,320201,515,1474,,,,,9529,5/16/2020 15:00,2020-05-16T15:00:00Z,05/16 11:00,295,1474,,2020-05-16T15:00:00Z,320201,17288,302913,17288,295,,,320201,,,,,,,,,,,47,318,10127,320201,10445,320201,,5,20,508aaa9691e5daf31603c6be6497f563347aaefe,0,0,0,0,0,
20200515,TN,16970,82,292786,,totalTestsViral,309756,535,1454,,,,,9280,5/15/2020 15:00,2020-05-15T15:00:00Z,05/15 11:00,290,1454,,2020-05-15T15:00:00Z,309756,16970,292786,16970,290,,,309756,,,,,,,,,,,47,271,7168,309756,7439,309756,,3,19,08b39feda96dffc761833097471c248035089170,0,0,0,0,0,
20200514,TN,16699,85,285618,,totalTestsViral,302317,599,1435,,,,,8881,5/14/2020 15:00,2020-05-14T15:00:00Z,05/14 11:00,287,1435,,2020-05-14T15:00:00Z,302317,16699,285618,16699,287,,,292917,,,,,,,,,,,47,329,9071,302317,9400,302317,,14,47,398fff1419d6c3733b1c1d74377f515d0b82b90e,0,0,0,0,0,
20200513,TN,16370,81,276547,,totalTestsViral,292917,635,1388,,,,,8624,5/13/2020 15:00,2020-05-13T15:00:00Z,05/13 11:00,273,1388,,2020-05-13T15:00:00Z,292917,16370,276547,16370,273,,,283924,,,,,,,,,,,47,259,8834,292917,8993,292917,,8,25,75497274efa1a77b4b3023cacd9a82ce515c8b19,0,0,0,0,0,
20200512,TN,16111,80,267713,,totalTestsViral,283924,591,1363,,,,,8336,5/12/2020 16:00,2020-05-12T16:00:00Z,05/12 12:00,265,1363,,2020-05-12T16:00:00Z,283924,16110,267813,16111,265,,,,,,,,,,,,,,47,567,9980,283824,10647,283824,,14,19,981029ee68cc95c7c07c8771155b2302639db956,0,0,0,0,0,
20200511,TN,15544,78,257733,,totalTestsViral,273277,581,1344,,,,,8038,5/11/2020 15:00,2020-05-11T15:00:00Z,05/11 11:00,251,1344,,2020-05-11T15:00:00Z,273277,15544,257733,15544,251,,,,,,,,,,,,,,47,559,10849,273277,11408,273277,,8,19,9394a49e5a78ccba73dc2d3fe8d76c3f3418502d,0,0,0,0,0,
20200510,TN,14985,75,246884,,totalTestsViral,261869,484,1325,,,,,7528,5/10/2020 00:00,2020-05-10T00:00:00Z,05/09 20:00,243,1325,,2020-05-10T00:00:00Z,261869,14985,246884,14985,243,,,,,,,,,,,,,,47,217,8904,261869,9121,261869,,1,6,d813a9c9c9c8fb18c19d6462aed2e6b71d3a86e1,0,0,0,0,0,
20200509,TN,14768,75,237980,,totalTestsViral,252748,509,1319,,,,,7369,5/9/2020 00:00,2020-05-09T00:00:00Z,05/08 20:00,242,1319,,2020-05-09T00:00:00Z,252748,14768,237980,14768,242,,,,,,,,,,,,,,47,327,8843,252748,9170,252748,,1,20,c2efe73d5dba2b5bb061b888e1b0509daef7d36e,0,0,0,0,0,
20200508,TN,14441,71,229137,,totalTestsViral,243578,550,1299,,,,,7011,5/8/2020 00:00,2020-05-08T00:00:00Z,05/07 20:00,241,1299,,2020-05-08T00:00:00Z,243578,14441,229137,14441,,,,,,,,,,,,,,,47,345,6905,243578,7250,243578,,4,33,6ff7b6e21bd865d48050966abfe90c5721c203a9,0,0,0,0,0,
20200507,TN,14096,70,222232,,totalTestsViral,236328,558,1266,,,,,6783,5/7/2020 15:00,2020-05-07T15:00:00Z,05/07 11:00,237,1266,,2020-05-07T15:00:00Z,236328,14096,222232,14096,,,,,,,,,,,,,,,47,158,9069,236328,9227,236328,,-2,45,37658d85c8f949a78c9969b649297a538674ae6e,0,0,0,0,0,
20200506,TN,13938,68,213163,,totalTestsViral,227101,557,1221,,,,,6564,5/6/2020 15:00,2020-05-06T15:00:00Z,05/06 11:00,239,1221,,2020-05-06T15:00:00Z,227101,13938,213163,13938,,,,,,,,,,,,,,,47,248,7991,227101,8305,227101,,13,65,810ea1b39d82fbeaf9288712577f8fc387e906a2,0,0,0,0,0,
20200505,TN,13690,66,205172,,totalTestsViral,218796,520,1156,,,,,6356,5/5/2020 15:00,2020-05-05T15:00:00Z,05/05 11:00,226,1156,,2020-05-05T15:00:00Z,218796,13624,205172,13624,,,,,,,,,,,,,,,47,119,7300,218862,7353,218862,,7,13,7e4816fdfe3049031a4347623497860836d97328,0,0,0,0,0,
20200504,TN,13571,69,197872,,totalTestsViral,211443,499,1143,,,,,6081,5/4/2020 15:00,2020-05-04T15:00:00Z,05/04 11:00,219,1143,,2020-05-04T15:00:00Z,211443,13502,197941,13502,,,,,,,,,,,,,,,47,394,6442,211443,6836,211443,,9,8,60c8f071af281ac6694f4fd595286170fae744a1,0,0,0,0,0,
20200503,TN,13177,,191430,,totalTestsViral,204607,510,1135,,,,,5814,5/3/2020 15:00,2020-05-03T15:00:00Z,05/03 11:00,210,1135,,2020-05-03T15:00:00Z,204607,13177,191430,13177,,,,,,,,,,,,,,,47,516,7815,204607,8331,204607,,1,10,712226472110c1a82049a79c6f3a8b4a24cee6fe,0,0,0,0,0,
20200502,TN,12661,,183615,,totalTestsViral,196276,474,1125,,,,,5718,5/2/2020 15:00,2020-05-02T15:00:00Z,05/02 11:00,209,1125,,2020-05-02T15:00:00Z,196276,12661,183615,12661,,,,,,,,,,,,,,,47,770,9374,196276,10144,196276,,5,12,5d45103ec7ff720aefafa01b87e16f55bc7c0419,0,0,0,0,0,
20200501,TN,11891,,174241,,totalTestsViral,186132,529,1113,,,,,5546,5/1/2020 15:00,2020-05-01T15:00:00Z,05/01 11:00,204,1113,,2020-05-01T15:00:00Z,186132,11891,174241,11891,,,,,,,,,,,,,,,47,1156,7350,186132,8506,186132,,5,68,34c859493589259a0148d5348c245cd54521da43,0,0,0,0,0,
20200430,TN,10735,,166891,,totalTestsViral,177626,605,1045,,,,,5338,4/28/2020 15:00,2020-04-28T15:00:00Z,04/28 11:00,199,1045,,2020-04-28T15:00:00Z,177626,10735,166891,10366,,,,,,,,,,,,,,,47,369,8708,177626,9077,177626,,4,32,e507f8e279442274dcdffa915f7e12f6215c87e5,0,0,0,0,0,
20200429,TN,10366,,158183,,totalTestsViral,168549,614,1013,,,,,5140,4/28/2020 15:00,2020-04-28T15:00:00Z,04/28 11:00,195,1013,,2020-04-28T15:00:00Z,168549,10366,158183,10366,,,,,,,,,,,,,,,47,314,6307,168549,6621,168549,,7,119,32310a888f5db4ca7c17398ed86f1701954aefa5,0,0,0,0,0,
20200428,TN,10052,,151876,,totalTestsViral,161928,611,894,,,,,4921,4/28/2020 15:00,2020-04-28T15:00:00Z,04/28 11:00,188,894,,2020-04-28T15:00:00Z,161928,10052,151876,,,,,,,,,,,,,,,,47,134,7392,161928,7526,161928,,4,57,c789f250c23c92217ddd6d82687c97d13b95b7f5,0,0,0,0,0,
20200427,TN,9918,,144484,,totalTestsViral,154402,618,837,,,,,4720,4/27/2020 15:00,2020-04-27T15:00:00Z,04/27 11:00,184,837,,2020-04-27T15:00:00Z,154402,9918,144484,,,,,,,,,,,,,,,,47,251,6677,154402,6928,154402,,3,9,a07abe4a485a419796cf8dc171be9147c733fb51,0,0,0,0,0,
20200426,TN,9667,,137807,,totalTestsViral,147474,568,828,,,,,4527,4/26/2020 15:00,2020-04-26T15:00:00Z,04/26 11:00,181,828,,2020-04-26T15:00:00Z,147474,9667,137807,,,,,,,,,,,,,,,,47,478,5590,147474,6068,147474,,3,7,ed381bb9ee70a9f22f45bb76ccddfab19a4e7c47,0,0,0,0,0,
20200425,TN,9189,,132217,,totalTestsViral,141406,510,821,,,,,4467,4/25/2020 15:00,2020-04-25T15:00:00Z,04/25 11:00,178,821,,2020-04-25T15:00:00Z,141406,9189,132217,,,,,,,,,,,,,,,,47,463,9615,141406,10078,141406,,10,13,f218a4ae0f3a42cb4c7dc87a9b0b82e6c4eb7b22,0,0,0,0,0,
20200424,TN,8726,,122602,,totalTestsViral,131328,593,808,,,,,4370,4/23/2020 15:00,2020-04-23T15:00:00Z,04/23 11:00,168,808,,2020-04-23T15:00:00Z,131328,8726,122602,,,,,,,,,,,,,,,,47,460,7768,131328,8228,131328,,-2,15,6ec584922b44aa34954737fbc15f8732525fadb5,0,0,0,0,0,
20200423,TN,8266,,114834,,totalTestsViral,123100,488,793,,,,,4193,4/23/2020 15:00,2020-04-23T15:00:00Z,04/23 11:00,170,793,,2020-04-23T15:00:00Z,123100,8266,114834,,,,,,,,,,,,,,,,47,424,7696,123100,8120,123100,,4,18,dd5e5aa36e55df26e21a7ee217379b1268d2c551,0,0,0,0,0,
20200422,TN,7842,,107138,,totalTestsViral,114980,441,775,,,,,4012,4/22/2020 15:00,2020-04-22T15:00:00Z,04/22 11:00,166,775,,2020-04-22T15:00:00Z,114980,7842,107138,,,,,,,,,,,,,,,,47,448,6350,114980,6798,114980,,9,15,28bf237c687a22df5e462cfc9426875664b9477d,0,0,0,0,0,
20200421,TN,7394,,100788,,totalTestsViral,108182,523,760,,,,,3828,4/21/2020 15:00,2020-04-21T15:00:00Z,04/21 11:00,157,760,,2020-04-21T15:00:00Z,108182,7394,100788,,,,,,,,,,,,,,,,47,156,7337,108182,7493,108182,,5,30,c67e692df1793cc012a7035829f4df52f30c6ce4,0,0,0,0,0,
20200420,TN,7238,,93451,,totalTestsViral,100689,505,730,,,,,3575,4/20/2020 15:00,2020-04-20T15:00:00Z,04/20 11:00,152,730,,2020-04-20T15:00:00Z,100689,7238,93451,,,,,,,,,,,,,,,,47,168,3423,100689,3591,100689,,4,6,586a0feba053bdd3b21b62a9ff28c833c6bb6d98,0,0,0,0,0,
20200419,TN,7070,,90028,,totalTestsViral,97098,393,724,,,,,3344,4/19/2020 15:00,2020-04-19T15:00:00Z,04/19 11:00,148,724,,2020-04-19T15:00:00Z,97098,7070,90028,,,,,,,,,,,,,,,,47,308,6204,97098,6512,97098,,3,5,59940181cab2a71f524ed08c1cbcfa7f02530d5d,0,0,0,0,0,
20200418,TN,6762,,83824,,totalTestsViral,90586,593,719,,,,,3234,4/18/2020 15:00,2020-04-18T15:00:00Z,04/18 11:00,145,719,,2020-04-18T15:00:00Z,90586,6762,83824,,,,,,,,,,,,,,,,47,173,3140,90586,3313,90586,,3,8,5ee6d6c596e748855671d759cbc9e1df31efc041,0,0,0,0,0,
20200417,TN,6589,,80684,,totalTestsViral,87273,465,711,,,,,3017,4/17/2020 15:00,2020-04-17T15:00:00Z,04/17 11:00,142,711,,2020-04-17T15:00:00Z,87273,6589,80684,,,,,,,,,,,,,,,,47,327,1897,87273,2224,87273,,1,20,3d7ac994b2d7f0b79a6fe095427718da4babad82,0,0,0,0,0,
20200416,TN,6262,,78787,,totalTestsViral,85049,444,691,,,,,2786,4/16/2020 15:00,2020-04-16T15:00:00Z,04/16 11:00,141,691,,2020-04-16T15:00:00Z,85049,6262,78787,,,,,,,,,,,,,,,,47,183,3970,85049,4153,85049,,6,28,57c187d1157a254cf67a8caa86416f1defb621c1,0,0,0,0,0,
20200415,TN,6079,,74817,,totalTestsViral,80896,412,663,,,,,2196,4/15/2020 15:00,2020-04-15T15:00:00Z,04/15 11:00,135,663,,2020-04-15T15:00:00Z,80896,6079,74817,,,,,,,,,,,,,,,,47,256,1809,80896,2065,80896,,11,30,17df7268a7a0685bde2a4024cbf052c377937a59,0,0,0,0,0,
20200414,TN,5823,,73008,,totalTestsViral,78831,443,633,,,,,1969,4/14/2020 15:00,2020-04-14T15:00:00Z,04/14 11:00,124,633,,2020-04-14T15:00:00Z,78831,5823,73008,,,,,,,,,,,,,,,,47,213,2423,78831,2636,78831,,15,54,bd6a719be03274aee69d89ac9178edcca80c6642,0,0,0,0,0,
20200413,TN,5610,,70585,,totalTestsViral,76195,458,579,,,,,1671,4/13/2020 15:00,2020-04-13T15:00:00Z,04/13 11:00,109,579,,2020-04-13T15:00:00Z,76195,5610,70585,,,,,,,,,,,,,,,,47,302,5216,76195,5448,76195,,8,12,aa7c59386c98213a3cb1fb54b16b5dc3ac7ec701,0,0,0,0,0,
20200412,TN,5308,,65369,,totalTestsViral,70747,324,567,,,,,1504,4/11/2020 15:00,2020-04-11T15:00:00Z,04/11 11:00,101,567,,2020-04-11T15:00:00Z,70747,5308,65369,,,,,,,,,,,,,,,,47,194,3655,70677,3919,70677,,0,11,db9f2817848440b7e686df3d36da783514b8456b,0,0,0,0,0,
20200411,TN,5114,,61714,,totalTestsViral,66828,411,556,,,,,1386,4/11/2020 15:00,2020-04-11T15:00:00Z,04/11 11:00,101,556,,2020-04-11T15:00:00Z,66828,5114,61714,,,,,,,,,,,,,,,,47,252,3777,66828,4029,66828,,3,20,2f349247635eaf963a8fe48c925cfb78fd7bb72e,0,0,0,0,0,
20200410,TN,4862,,57937,,totalTestsViral,62799,561,536,,,,,1145,4/10/2020 15:00,2020-04-10T15:00:00Z,04/10 11:00,98,536,,2020-04-10T15:00:00Z,62799,4862,57937,,,,,,,,,,,,,,,,47,228,2722,62799,2950,62799,,4,31,7bb6df45e92d8f9624f92928d58076d8c67b859a,0,0,0,0,0,
20200409,TN,4634,,55215,,totalTestsViral,59849,639,505,,,,,921,4/9/2020 15:00,2020-04-09T15:00:00Z,04/09 11:00,94,505,,2020-04-09T15:00:00Z,59849,4634,55215,,,,,,,,,,,,,,,,47,272,2959,59849,3231,59849,,15,56,98c8828d5f9e80db3c2c3cacb780db2694909d00,0,0,0,0,0,
20200408,TN,4362,,52256,,totalTestsViral,56618,708,449,,,,,592,4/8/2020 15:00,2020-04-08T15:00:00Z,04/08 11:00,79,449,,2020-04-08T15:00:00Z,56618,4362,52256,,,,,,,,,,,,,,,,47,224,3520,56618,3744,56618,,7,41,df09039ce39e699c2de70d92ef5ee64b75e1ba8d,0,0,0,0,0,
20200407,TN,4138,,48736,,totalTestsViral,52874,802,408,,,,,466,4/7/2020 15:00,2020-04-07T15:00:00Z,04/07 11:00,72,408,,2020-04-07T15:00:00Z,52874,4138,48736,,,,,,,,,,,,,,,,47,336,5188,52874,5524,52874,,7,56,fd733317b7643825dc2eafeea91d0c2afdcc6348,0,0,0,0,0,
20200406,TN,3802,,43548,,totalTestsViral,47350,834,352,,,,,356,4/6/2020 15:00,2020-04-06T15:00:00Z,04/06 11:00,65,352,,2020-04-06T15:00:00Z,47350,3802,43548,,,,,,,,,,,,,,,,47,169,1881,47350,2050,47350,,21,24,e18e11781026f1188f05f133eee912954029898d,0,0,0,0,0,
20200405,TN,3633,,41667,,totalTestsViral,45300,637,328,,,,,295,4/4/2020 15:00,2020-04-04T15:00:00Z,04/04 11:00,44,328,,2020-04-04T15:00:00Z,45300,3633,41667,,,,,,,,,,,,,,,,47,312,3597,45300,3909,45300,,1,17,ac88795b841c223cd30ef20f861a17df0b275ddb,0,0,0,0,0,
20200404,TN,3321,,38070,,totalTestsViral,41391,601,311,,,,,416,4/4/2020 15:00,2020-04-04T15:00:00Z,04/04 11:00,43,311,,2020-04-04T15:00:00Z,41391,3321,38070,,,,,,,,,,,,,,,,47,254,3298,41391,3552,41391,,6,18,11bb764015a6846296698b53e5a8a08d4cefa215,0,0,0,0,0,
20200403,TN,3067,,34772,,totalTestsViral,37839,625,293,,,,,248,4/3/2020 15:00,2020-04-03T15:00:00Z,04/03 11:00,37,293,,2020-04-03T15:00:00Z,37839,3067,34772,,,,,,,,,,,,,,,,47,222,3006,37839,3228,37839,,5,30,68f9bee11da5fdebadea277bc9ee17d6a0f700e4,0,0,0,0,0,
20200402,TN,2845,,31766,,totalTestsViral,34611,656,263,,,,,220,4/2/2020 15:00,2020-04-02T15:00:00Z,04/02 11:00,32,263,,2020-04-02T15:00:00Z,34611,2845,31766,,,,,,,,,,,,,,,,47,162,1997,34611,2159,34611,,8,63,a5efb53d5903cd49abff380caf25dd60cdb7cf3e,0,0,0,0,0,
20200401,TN,2683,,29769,,totalTestsViral,32452,486,200,,,,,137,4/1/2020 15:00,2020-04-01T15:00:00Z,04/01 11:00,24,200,,2020-04-01T15:00:00Z,32452,2683,29769,,,,,,,,,,,,,,,,47,444,4648,32452,5092,32452,,1,25,b21509f418ab950555e4029c6c57f696e82f6503,0,0,0,0,0,
20200331,TN,2239,,25121,,totalTestsViral,27360,9,175,,,,,121,3/31/2020 15:00,2020-03-31T15:00:00Z,03/31 11:00,23,175,,2020-03-31T15:00:00Z,27360,2239,25121,,,,,,,,,,,,,,,,47,405,3651,27360,4056,27360,,10,27,087026a318beb435ccd5e77f96a30f2ce964af4b,0,0,0,0,0,
20200330,TN,1834,,21470,,totalTestsViral,23304,,148,,,,,,3/30/2020 15:00,2020-03-30T15:00:00Z,03/30 11:00,13,148,,2020-03-30T15:00:00Z,23304,1834,21470,,,,,,,,,,,,,,,,47,297,2433,23304,2730,23304,,6,15,39bf698b79c57d581ffcc572f1c0047fab751401,0,0,0,0,0,
20200329,TN,1537,,19037,,totalTestsViral,20574,,133,,,,,,3/29/2020 15:00,2020-03-29T15:00:00Z,03/29 11:00,7,133,,2020-03-29T15:00:00Z,20574,1537,19037,,,,,,,,,,,,,,,,47,164,2072,20574,2236,20574,,1,15,a2858b6edeca5b131b7fb8a1449401c51f746406,0,0,0,0,0,
20200328,TN,1373,,16965,,totalTestsViral,18338,,118,,,,,,3/27/2020 15:00,2020-03-27T15:00:00Z,03/27 11:00,6,118,,2020-03-27T15:00:00Z,18338,1373,16965,,,,,,,,,,,,,,,,47,170,2077,18338,2247,18338,,0,15,12043835c4882fdf9d125a9d79c9b33cc585271f,0,0,0,0,0,
20200327,TN,1203,,14888,,totalTestsViral,16091,,103,,,,,,3/27/2020 15:00,2020-03-27T15:00:00Z,03/27 11:00,6,103,,2020-03-27T15:00:00Z,16091,1203,14888,,,,,,,,,,,,,,,,47,246,936,16091,1182,16091,,3,27,d869e8c3b4321f874084a958c8853e68cdc62ee1,0,0,0,0,0,
20200326,TN,957,,13952,,totalTestsViral,14909,,76,,,,,,3/26/2020 15:00,2020-03-26T15:00:00Z,03/26 11:00,3,76,,2020-03-26T15:00:00Z,14909,957,13952,,,,,,,,,,,,,,,,47,173,2940,14909,3113,14909,,0,23,55e441acb37cd4b1f554b0d3f3910272331522ed,0,0,0,0,0,
20200325,TN,784,,11012,,totalTestsViral,11796,,53,,,,,,3/25/2020 15:00,2020-03-25T15:00:00Z,03/25 11:00,3,53,,2020-03-25T15:00:00Z,11796,784,11012,,,,,,,,,,,,,,,,47,117,495,11796,652,11796,,1,53,2874def7362148421cb2490c7573fa3700a3819e,0,0,0,0,0,
20200324,TN,667,,10517,,totalTestsViral,11144,,,,,,,,3/24/2020 15:00,2020-03-24T15:00:00Z,03/24 11:00,2,,,2020-03-24T15:00:00Z,11144,667,10477,,,,,,,,,,,,,,,,47,52,7245,11184,11144,11184,,0,0,7f0aad3aa5d3f9a195544c6b8f18b8465bbb0b55,0,0,0,0,0,
20200323,TN,615,,3272,,totalTestsViral,,,,,,,,,3/23/2020 15:00,2020-03-23T15:00:00Z,03/23 11:00,2,,,2020-03-23T15:00:00Z,,,,,,,,,,,,,,,,,,,47,110,0,3887,0,3887,,2,0,9d65726588bc930bcf945675b8806616576d192c,0,0,0,0,0,
20200322,TN,505,,3272,,totalTestsViral,,,,,,,,,3/22/2020 15:00,2020-03-22T15:00:00Z,03/22 11:00,,,,2020-03-22T15:00:00Z,,,,,,,,,,,,,,,,,,,47,134,0,3777,0,3777,,0,0,0cbf3e5a1b25dcb0878ba1e3adfbe6187a716103,0,0,0,0,0,
20200321,TN,371,,3272,,totalTestsViral,,,,,,,,,3/20/2020 22:48,2020-03-20T22:48:00Z,03/20 18:48,,,,2020-03-20T22:48:00Z,,,,,,,,,,,,,,,,,,,47,143,2709,3643,0,3643,,0,0,32b0ff6ffd3e42a1be279812a74df7ee81e115c3,0,0,0,0,0,
20200320,TN,228,,563,,totalTestsViral,,,,,,,,,3/20/2020 15:00,2020-03-20T15:00:00Z,03/20 11:00,,,,2020-03-20T15:00:00Z,,,,,,,,,,,,,,,,,,,47,74,214,791,0,791,,0,0,de5b7756b8308419732adce7c7aa01fe0904611a,0,0,0,0,0,
20200319,TN,154,,349,,totalTestsViral,,,,,,,,,3/19/2020 15:00,2020-03-19T15:00:00Z,03/19 11:00,,,,2020-03-19T15:00:00Z,,,,,,,,,,,,,,,,,,,47,56,0,503,0,503,,0,0,0d1d868a0c4721a4717240814923e3233dbf02cc,0,0,0,0,0,
20200318,TN,98,,349,,totalTestsViral,,,,,,,,,3/17/2020 15:00,2020-03-17T15:00:00Z,03/17 11:00,,,,2020-03-17T15:00:00Z,,,,,,,,,,,,,,,,,,,47,25,19,447,0,447,,0,0,5f9b12f1f5a8cb302b0ebb96c04769ca8f166fe2,0,0,0,0,0,
20200317,TN,73,,330,,totalTestsViral,,,,,,,,,3/17/2020 15:00,2020-03-17T15:00:00Z,03/17 11:00,,,,2020-03-17T15:00:00Z,,,,,,,,,,,,,,,,,,,47,21,60,403,0,403,,0,0,0f5a15ffd2db2b8fe2a60604a8171d324960f868,0,0,0,0,0,
20200316,TN,52,,270,,totalTestsViral,,,,,,,,,3/16/2020 15:23,2020-03-16T15:23:00Z,03/16 11:23,,,,2020-03-16T15:23:00Z,,,,,,,,,,,,,,,,,,,47,13,113,322,0,322,,0,0,482db72b94b270d7853ca12936411eff1772b323,0,0,0,0,0,
20200315,TN,39,,157,,totalTestsViral,,,,,,,,,3/15/2020 15:00,2020-03-15T15:00:00Z,03/15 11:00,,,,2020-03-15T15:00:00Z,,,,,,,,,,,,,,,,,,,47,7,27,196,0,196,,0,0,27bd36d639201d92dbd645466c8bc960666610b5,0,0,0,0,0,
20200314,TN,32,,130,,totalTestsViral,,,,,,,,,3/14/2020 15:00,2020-03-14T15:00:00Z,03/14 11:00,,,,2020-03-14T15:00:00Z,,,,,,,,,,,,,,,,,,,47,6,14,162,0,162,,0,0,4512bceb253b6c79a05359fcc6f4566947022ecf,0,0,0,0,0,
20200313,TN,26,,116,,totalTestsViral,,,,,,,,,3/13/2020 00:00,2020-03-13T00:00:00Z,03/12 20:00,,,,2020-03-13T00:00:00Z,,,,,,,,,,,,,,,,,,,47,8,37,142,0,142,,0,0,e10c5eb4128e46cc277dac0a2af3090b33cdd7d0,0,0,0,0,0,
20200312,TN,18,,79,,totalTestsViral,,,,,,,,,3/12/2020 15:00,2020-03-12T15:00:00Z,03/12 11:00,,,,2020-03-12T15:00:00Z,,,,,,,,,,,,,,,,,,,47,11,29,97,0,97,,0,0,640bb311b66e0f0e1ff33745d85e0ad8b1113916,0,0,0,0,0,
20200311,TN,7,,50,,totalTestsViral,,,,,,,,,,,,,,,,,,,,,,,,,,,,,,,,,,47,0,50,57,0,57,,0,0,32040e33eda11d3e665abf0c2394a8236b546e3c,0,0,0,0,0,
20200310,TN,7,,,,totalTestsViral,,,,,,,,,,,,,,,,,,,,,,,,,,,,,,,,,,47,4,0,7,0,7,,0,0,5f9272294b1ed15bd517a9241be9080e708b7351,0,0,0,0,0,
20200309,TN,3,,,,totalTestsViral,,,,,,,,,,,,,,,,,,,,,,,,,,,,,,,,,,47,0,0,3,0,3,,0,0,5006d2a84c692a7a4ea0cef92589c779cb2f3bff,0,0,0,0,0,
20200308,TN,3,,,,totalTestsViral,,,,,,,,,,,,,,,,,,,,,,,,,,,,,,,,,,47,2,0,3,0,3,,0,0,682bf06fe90ab31975cc11ef86a75585ef6d16f1,0,0,0,0,0,
20200307,TN,1,,,,totalTestsViral,,,,,,,,,,,,,,,,,,,,,,,,,,,,,,,,,,47,0,0,1,0,1,,0,0,8d7cb76a12322dd775cac0b813e8789c10e37f6e,0,0,0,0,0,
20200306,TN,1,,,,totalTestsViral,,,,,,,,,,,,,,,,,,,,,,,,,,,,,,,,,,47,0,0,1,0,1,,0,0,e6938cee8227bc5d5a67c910e39b7aef5d77e0fc,0,0,0,0,0,
20200305,TN,1,,,,totalTestsViral,,,,,,,,,,,,,,,,,,,,,,,,,,,,,,,,,,47,0,0,1,0,1,,0,0,698562374ec8b2716564b071accdab4d5d6e5f56,0,0,0,0,0,
