date,state,positive,probableCases,negative,pending,totalTestResultsSource,totalTestResults,hospitalizedCurrently,hospitalizedCumulative,inIcuCurrently,inIcuCumulative,onVentilatorCurrently,onVentilatorCumulative,recovered,lastUpdateEt,dateModified,checkTimeEt,death,hospitalized,hospitalizedDischarged,dateChecked,totalTestsViral,positiveTestsViral,negativeTestsViral,positiveCasesViral,deathConfirmed,deathProbable,totalTestEncountersViral,totalTestsPeopleViral,totalTestsAntibody,positiveTestsAntibody,negativeTestsAntibody,totalTestsPeopleAntibody,positiveTestsPeopleAntibody,negativeTestsPeopleAntibody,totalTestsPeopleAntigen,positiveTestsPeopleAntigen,totalTestsAntigen,positiveTestsAntigen,fips,positiveIncrease,negativeIncrease,total,totalTestResultsIncrease,posNeg,dataQualityGrade,deathIncrease,hospitalizedIncrease,hash,commercialScore,negativeRegularScore,negativeScore,positiveScore,score,grade
20210303,ME,45091,9680,1618332,,totalTestsViral,1622215,67,1545,24,,8,,12820,3/2/2021 23:59,2021-03-02T23:59:00Z,03/02 18:59,705,1545,,2021-03-02T23:59:00Z,1622215,40984,,35411,682,23,,,15053,855,14186,,,,,,205648,10420,23,147,13143,1663423,13065,1663423,,2,9,d943b18a05e69280dc41be6aa5b71d7e93dca894,0,0,0,0,0,
20210302,ME,44944,9633,1605189,,totalTestsViral,1609150,69,1536,25,,8,,12811,3/1/2021 23:59,2021-03-01T23:59:00Z,03/01 18:59,703,1536,,2021-03-01T23:59:00Z,1609150,40852,,35311,680,23,,,15026,844,14170,,,,,,204110,10379,23,182,9162,1650133,8707,1650133,,0,7,c1b3d1cef1fefe473a786aa343f4970b717842ba,0,0,0,0,0,
20210301,ME,44762,9532,1596027,,totalTestsViral,1600443,62,1529,20,,8,,12805,2/28/2021 23:59,2021-02-28T23:59:00Z,02/28 18:59,703,1529,,2021-02-28T23:59:00Z,1600443,40784,,35230,680,23,,,15014,845,14157,,,,,,200605,10272,23,128,20560,1640789,3345,1640789,,0,2,69a908efad1a40e08474fabb39716a867402f208,0,0,0,0,0,
20210228,ME,44634,9476,1575467,,totalTestsViral,1597098,72,1527,24,,8,,12800,2/27/2021 23:59,2021-02-27T23:59:00Z,02/27 18:59,703,1527,,2021-02-27T23:59:00Z,1597098,40699,,35158,681,22,,,14947,815,14120,,,,,,199400,10209,23,142,0,1620101,8594,1620101,,1,2,4ecaef5e371e2266db61bbc414742d61795735f6,0,0,0,0,0,
20210227,ME,44492,9434,1575467,,totalTestsViral,1588504,74,1525,24,,8,,12798,2/26/2021 23:59,2021-02-26T23:59:00Z,02/26 18:59,702,1525,,2021-02-26T23:59:00Z,1588504,40576,,35058,680,22,,,14947,815,14120,,,,,,197763,10146,23,197,0,1619959,8529,1619959,,1,6,b8b24e6a544681cb7cd70df5c260fca0080eb3ae,0,0,0,0,0,
20210226,ME,44295,9343,1575467,,totalTestsViral,1579975,68,1519,23,,9,,12794,2/25/2021 23:59,2021-02-25T23:59:00Z,02/25 18:59,701,1519,,2021-02-25T23:59:00Z,1579975,40447,,34952,679,22,,,14947,815,14120,,,,,,195529,10051,23,178,12580,1619762,12547,1619762,,0,-2,32545a3111891efd5df6c5b286a6d1905d091ce5,0,0,0,0,0,
20210225,ME,44117,9297,1562887,,totalTestsViral,1567428,67,1521,22,,8,,12786,2/24/2021 23:59,2021-02-24T23:59:00Z,02/24 18:59,701,1521,,2021-02-24T23:59:00Z,1567428,40281,,34820,679,22,,,14918,806,14100,,,,,,193912,10001,23,217,11380,1607004,11336,1607004,,24,6,24aaef30eba00af73eac9054d7d2f94063533b24,0,0,0,0,0,
20210224,ME,43900,9177,1551507,,totalTestsViral,1556092,74,1515,25,,7,,12779,2/23/2021 23:59,2021-02-23T23:59:00Z,02/23 18:59,677,1515,,2021-02-23T23:59:00Z,1556092,40133,,34723,658,19,,,14905,805,14088,,,,,,189401,9867,23,164,12684,1595407,12602,1595407,,17,4,d4142de5eef2617b8d74b8086fa8ddb399745ff2,0,0,0,0,0,
20210223,ME,43736,9102,1538823,,totalTestsViral,1543490,67,1511,25,,7,,12772,2/22/2021 23:59,2021-02-22T23:59:00Z,02/22 18:59,660,1511,,2021-02-22T23:59:00Z,1543490,40025,,34634,645,15,,,14884,796,14076,,,,,,187167,9796,23,142,5321,1582559,5227,1582559,,2,3,408381b5edc395f55ce381fc9dbce1e53a036fc6,0,0,0,0,0,
20210222,ME,43594,9035,1533502,,totalTestsViral,1538263,72,1508,22,,6,,12766,2/21/2021 23:59,2021-02-21T23:59:00Z,02/21 18:59,658,1508,,2021-02-21T23:59:00Z,1538263,39945,,34559,643,15,,,14868,794,14062,,,,,,185172,9733,23,97,34101,1577096,3825,1577096,,0,2,959255b6a6ad7adbd44a3ec78896ada3557d79b9,0,0,0,0,0,
20210221,ME,43497,8995,1499401,,totalTestsViral,1534438,75,1506,24,,6,,12761,2/20/2021 23:59,2021-02-20T23:59:00Z,02/20 18:59,658,1506,,2021-02-20T23:59:00Z,1534438,39876,,34502,643,15,,,14806,783,14011,,,,,,183722,9685,23,130,0,1542898,7684,1542898,,0,1,27abd0921cf874cc843fc3b37d2ae0689190f216,0,0,0,0,0,
20210220,ME,43367,8936,1499401,,totalTestsViral,1526754,75,1505,24,,6,,12759,2/19/2021 23:59,2021-02-19T23:59:00Z,02/19 18:59,658,1505,,2021-02-19T23:59:00Z,1526754,39793,,34431,643,15,,,14806,783,14011,,,,,,182239,9634,23,143,0,1542768,10126,1542768,,2,2,0fc7388fafa09ef2488110f42e5be448853c5d85,0,0,0,0,0,
20210219,ME,43224,8891,1499401,,totalTestsViral,1516628,87,1503,29,,7,,12755,2/18/2021 23:59,2021-02-18T23:59:00Z,02/18 18:59,656,1503,,2021-02-18T23:59:00Z,1516628,39671,,34333,641,15,,,14806,783,14011,,,,,,180442,9578,23,134,0,1542625,10983,1542625,,1,8,97e2e203350b165281c516a4a4b4969b272e20fe,0,0,0,0,0,
20210218,ME,43090,8851,1499401,,totalTestsViral,1505645,89,1495,27,,9,,12728,2/17/2021 23:59,2021-02-17T23:59:00Z,02/17 18:59,655,1495,,2021-02-17T23:59:00Z,1505645,39556,,34239,641,14,,,14806,783,14011,,,,,,178668,9519,23,218,7325,1542491,7331,1542491,,1,5,8a7c7d023d3f0e5d5979943fc8c86495ce924799,0,0,0,0,0,
20210217,ME,42872,8752,1492076,,totalTestsViral,1498314,91,1490,25,,9,,12693,2/16/2021 23:59,2021-02-16T23:59:00Z,02/16 18:59,654,1490,,2021-02-16T23:59:00Z,1498314,39473,,34120,640,14,,,14797,781,14004,,,,,,176916,9455,23,104,37557,1534948,10934,1534948,,3,3,91321bfc496d46eb2cbde8feb6fa84f28da004ce,0,0,0,0,0,
20210216,ME,42768,8714,1454519,,totalTestsViral,1487380,92,1487,24,,11,,12663,2/15/2021 23:59,2021-02-15T23:59:00Z,02/15 18:59,651,1487,,2021-02-15T23:59:00Z,1487380,39382,,34054,638,13,,,14712,762,13938,,,,,,174557,9374,23,91,0,1497287,4553,1497287,,2,3,1a00d9ba074e21c2187e68d72b8927d17e79caea,0,0,0,0,0,
20210215,ME,42677,8674,1454519,,totalTestsViral,1482827,94,1484,25,,10,,12656,2/14/2021 23:59,2021-02-14T23:59:00Z,02/14 18:59,649,1484,,2021-02-14T23:59:00Z,1482827,39311,,34003,636,13,,,14712,762,13938,,,,,,173565,9343,23,148,0,1497196,4330,1497196,,0,0,681cd8d104643b86309d08fcfce145ac68cde5d8,0,0,0,0,0,
20210214,ME,42529,8594,1454519,,totalTestsViral,1478497,101,1484,28,,10,,12645,2/13/2021 23:59,2021-02-13T23:59:00Z,02/13 18:59,649,1484,,2021-02-13T23:59:00Z,1478497,39224,,33935,636,13,,,14712,762,13938,,,,,,171004,9243,23,110,0,1497048,9627,1497048,,2,8,9fd9ce8100dd73eedcecb8d2220b3f2e16262d3a,0,0,0,0,0,
20210213,ME,42419,8596,1454519,,totalTestsViral,1468870,100,1476,27,,9,,12641,2/12/2021 23:59,2021-02-12T23:59:00Z,02/12 18:59,647,1476,,2021-02-12T23:59:00Z,1468870,39087,,33823,634,13,,,14712,762,13938,,,,,,170971,9243,23,160,0,1496938,7598,1496938,,4,7,2b98d316b4ede1866ef0140d2546c70c79964d87,0,0,0,0,0,
20210212,ME,42259,8546,1454519,,totalTestsViral,1461272,102,1469,24,,9,,12619,2/11/2021 23:59,2021-02-11T23:59:00Z,02/11 18:59,643,1469,,2021-02-11T23:59:00Z,1461272,38956,,33713,630,13,,,14712,762,13938,,,,,,169187,9181,23,201,10000,1496778,10089,1496778,,2,5,d2e9419dd44ee4d0b2a203eb83acf32056e350a0,0,0,0,0,0,
20210211,ME,42058,8482,1444519,,totalTestsViral,1451183,100,1464,22,,11,,12588,2/10/2021 23:59,2021-02-10T23:59:00Z,02/10 18:59,641,1464,,2021-02-10T23:59:00Z,1451183,38809,,33576,628,13,,,14680,754,13914,,,,,,167239,9116,23,175,10604,1486577,10640,1486577,,0,6,803358a1c9ebb105e04263ef9a7bc485f7758443,0,0,0,0,0,
20210210,ME,41883,8414,1433915,,totalTestsViral,1440543,112,1458,23,,13,,12582,2/9/2021 23:59,2021-02-09T23:59:00Z,02/09 18:59,641,1458,,2021-02-09T23:59:00Z,1440543,38666,,33469,628,13,,,14648,749,13887,,,,,,165452,9044,23,253,8978,1475798,9086,1475798,,2,8,f6200b4a23b6f1be744dfc9ba3dcd54f3eb43f7d,0,0,0,0,0,
20210209,ME,41630,8329,1424937,,totalTestsViral,1431457,117,1450,24,,13,,12568,2/8/2021 23:59,2021-02-08T23:59:00Z,02/08 18:59,639,1450,,2021-02-08T23:59:00Z,1431457,38513,,33301,626,13,,,14622,745,13865,,,,,,163885,8982,23,211,2825,1466567,2999,1466567,,3,5,e8a74823fb179eace67a498bafafea0a69398681,0,0,0,0,0,
20210208,ME,41419,8243,1422112,,totalTestsViral,1428458,123,1445,32,,13,,12535,2/7/2021 23:59,2021-02-07T23:59:00Z,02/07 18:59,636,1445,,2021-02-07T23:59:00Z,1428458,38421,,33176,623,13,,,14601,739,13850,,,,,,162226,8895,23,201,24951,1463531,5867,1463531,,1,3,d4083e82bcd0df321bb282191777e06489f3e18c,0,0,0,0,0,
20210207,ME,41218,8196,1397161,,totalTestsViral,1422591,123,1442,35,,17,,12526,2/6/2021 23:59,2021-02-06T23:59:00Z,02/06 18:59,635,1442,,2021-02-06T23:59:00Z,1422591,38292,,33022,622,13,,,14539,729,13798,,,,,,160879,8822,23,154,0,1438379,9284,1438379,,1,6,4a44bea4153e0bfcbee9c9493157e9d717ac0210,0,0,0,0,0,
20210206,ME,41064,8163,1397161,,totalTestsViral,1413307,132,1436,40,,21,,12521,2/5/2021 23:59,2021-02-05T23:59:00Z,02/05 18:59,634,1436,,2021-02-05T23:59:00Z,1413307,38073,,32901,621,13,,,14539,729,13798,,,,,,159326,8754,23,265,0,1438225,9997,1438225,,2,5,4a3923e0931368b9aea6b85d556a25a1a1444cd2,0,0,0,0,0,
20210205,ME,40799,8070,1397161,,totalTestsViral,1403310,131,1431,45,,22,,12498,2/4/2021 23:59,2021-02-04T23:59:00Z,02/04 18:59,632,1431,,2021-02-04T23:59:00Z,1403310,37849,,32729,619,13,,,14539,729,13798,,,,,,157104,8654,23,265,8022,1437960,8147,1437960,,2,11,e8289dc4efbd89a4ff9f2733ec856af7e96c64e4,0,0,0,0,0,
20210204,ME,40534,7997,1389139,,totalTestsViral,1395163,145,1420,46,,22,,12481,2/3/2021 23:59,2021-02-03T23:59:00Z,02/03 18:59,630,1420,,2021-02-03T23:59:00Z,1395163,37643,,32537,617,13,,,14508,725,13771,,,,,,155136,8568,23,301,6740,1429673,6920,1429673,,3,10,2386fb68a31b509a63683b0599b1348b6c781618,0,0,0,0,0,
20210203,ME,40233,7918,1382399,,totalTestsViral,1388243,158,1410,49,,23,,12467,2/2/2021 23:59,2021-02-02T23:59:00Z,02/02 18:59,627,1410,,2021-02-02T23:59:00Z,1388243,37431,,32315,614,13,,,14471,719,13740,,,,,,153722,8496,23,273,10112,1422632,10231,1422632,,9,7,e6481fa5eb51c19aa31d4e66a765d787c35c7f4d,0,0,0,0,0,
20210202,ME,39960,7842,1372287,,totalTestsViral,1378012,157,1403,48,,24,,12440,2/1/2021 23:59,2021-02-01T23:59:00Z,02/01 18:59,618,1403,,2021-02-01T23:59:00Z,1378012,37198,,32118,605,13,,,14451,714,13725,,,,,,152125,8411,23,417,3794,1412247,3922,1412247,,23,9,96a16cf05676d9e18ab5308e18a80d58c550ce85,0,0,0,0,0,
20210201,ME,39543,7690,1368493,,totalTestsViral,1374090,164,1394,51,,28,,12422,1/31/2021 23:59,2021-01-31T23:59:00Z,01/31 18:59,595,1394,,2021-01-31T23:59:00Z,1374090,37042,,31853,585,10,,,14432,713,13707,,,,,,150334,8305,23,219,31220,1408036,7270,1408036,,5,4,0299e2808e3cdf42aabfb29d7eae8559d6587079,0,0,0,0,0,
20210131,ME,39324,7635,1337273,,totalTestsViral,1366820,160,1390,52,,29,,12409,1/30/2021 23:59,2021-01-30T23:59:00Z,01/30 18:59,590,1390,,2021-01-30T23:59:00Z,1366820,36795,,31689,580,10,,,14353,698,13643,,,,,,148776,8221,23,156,0,1376597,12110,1376597,,0,4,940f92c5f7d6d092a17ff83a6f337dbf8ee20137,0,0,0,0,0,
20210130,ME,39168,7601,1337273,,totalTestsViral,1354710,161,1386,51,,27,,12398,1/29/2021 23:59,2021-01-29T23:59:00Z,01/29 18:59,590,1386,,2021-01-29T23:59:00Z,1354710,36484,,31567,580,10,,,14353,698,13643,,,,,,146663,8126,23,355,0,1376441,12154,1376441,,20,5,2ebfbe0ac812c78fab8eb2fb59fcad4b3803e91e,0,0,0,0,0,
20210129,ME,38813,7529,1337273,,totalTestsViral,1342556,176,1381,54,,31,,12379,1/28/2021 23:59,2021-01-28T23:59:00Z,01/28 18:59,570,1381,,2021-01-28T23:59:00Z,1342556,36134,,31284,560,10,,,14353,698,13643,,,,,,144355,8023,23,359,12604,1376086,12757,1376086,,3,6,79d0335685bcfa82e78d187b39e912dbe0911df7,0,0,0,0,0,
20210128,ME,38454,7390,1324669,,totalTestsViral,1329799,171,1375,51,,31,,12337,1/27/2021 23:59,2021-01-27T23:59:00Z,01/27 18:59,567,1375,,2021-01-27T23:59:00Z,1329799,35754,,31064,557,10,,,14306,685,13609,,,,,,142098,7919,23,284,11378,1363123,11550,1363123,,5,9,b1abd22cdf3452d4d5ca17bf97902d9818958a5b,0,0,0,0,0,
20210127,ME,38170,7353,1313291,,totalTestsViral,1318249,183,1366,51,,30,,12316,1/26/2021 23:59,2021-01-26T23:59:00Z,01/26 18:59,562,1366,,2021-01-26T23:59:00Z,1318249,35514,,30817,553,9,,,14283,680,13591,,,,,,139810,7801,23,462,7341,1351461,7572,1351461,,4,9,59b0b9d4227de0a65d5706f373fcd90498d8805d,0,0,0,0,0,
20210126,ME,37708,7212,1305950,,totalTestsViral,1310677,194,1357,59,,25,,12275,1/25/2021 23:59,2021-01-25T23:59:00Z,01/25 18:59,558,1357,,2021-01-25T23:59:00Z,1310677,35183,,30496,549,9,,,14255,675,13568,,,,,,137775,7684,23,662,4576,1343658,4894,1343658,,11,15,cb5aa1380a6f9ef3b2a5bdb6afb22c89d42713da,0,0,0,0,0,
20210125,ME,37046,6938,1301374,,totalTestsViral,1305783,193,1342,59,,20,,12245,1/24/2021 23:59,2021-01-24T23:59:00Z,01/24 18:59,547,1342,,2021-01-24T23:59:00Z,1305783,34968,,30108,538,9,,,14238,672,13554,,,,,,135771,7520,23,448,28958,1338420,7482,1338420,,3,20,b1039a6c01a6db4caeb6d73daf13085e9966b287,0,0,0,0,0,
20210124,ME,36598,6818,1272416,,totalTestsViral,1298301,189,1322,55,,20,,12225,1/23/2021 23:59,2021-01-23T23:59:00Z,01/23 18:59,544,1322,,2021-01-23T23:59:00Z,1298301,34669,,29780,535,9,,,14170,658,13500,,,,,,133966,7408,23,0,0,1309014,15504,1309014,,0,0,7fa2654cc46391b5ba0083a5ceae41585fe35103,0,0,0,0,0,
20210123,ME,36598,6818,1272416,,totalTestsViral,1282797,185,1322,57,,19,,12225,1/22/2021 23:59,2021-01-22T23:59:00Z,01/22 18:59,544,1322,,2021-01-22T23:59:00Z,1282797,34152,,29780,535,9,,,14170,658,13500,,,,,,129992,7150,23,324,0,1309014,6372,1309014,,4,13,1089fc8ff2940f7d9ed7a75cabf4dfe9d7d965b5,0,0,0,0,0,
20210122,ME,36274,6802,1272416,,totalTestsViral,1276425,190,1309,61,,19,,12187,1/21/2021 23:59,2021-01-21T23:59:00Z,01/21 18:59,540,1309,,2021-01-21T23:59:00Z,1276425,33814,,29472,531,9,,,14170,658,13500,,,,,,129510,7122,23,636,9664,1308690,9984,1308690,,4,15,472b50cd56f249b4d35402bd0d87db0d51eee04d,0,0,0,0,0,
20210121,ME,35638,6639,1262752,,totalTestsViral,1266441,182,1294,54,,21,,12128,1/20/2021 23:59,2021-01-20T23:59:00Z,01/20 18:59,536,1294,,2021-01-20T23:59:00Z,1266441,33460,,28999,527,9,,,14134,650,13472,,,,,,127566,7001,23,675,17433,1298390,16576,1298390,,6,7,df6b062ffcc7583e3ad9207910145da743cbbd9c,0,0,0,0,0,
20210120,ME,34963,6440,1245319,,totalTestsViral,1249865,198,1287,71,,37,,12102,1/19/2021 23:59,2021-01-19T23:59:00Z,01/19 18:59,530,1287,,2021-01-19T23:59:00Z,1249865,32968,,28523,521,9,,,14110,647,13451,,,,,,125381,6858,23,701,8708,1280282,9076,1280282,,11,18,ad69a36aa49b592dcae15f94f9e7c4ef1e1eea37,0,0,0,0,0,
20210119,ME,34262,6228,1236611,,totalTestsViral,1240789,191,1269,68,,27,,12071,1/18/2021 23:59,2021-01-18T23:59:00Z,01/18 18:59,519,1269,,2021-01-18T23:59:00Z,1240789,32599,,28034,511,8,,,14083,642,13429,,,,,,122932,6694,23,386,30845,1270873,5773,1270873,,5,15,593e0848bebe26d876302a687042efc8e3f9b6d2,0,0,0,0,0,
20210118,ME,33876,6108,1205766,,totalTestsViral,1235016,194,1254,63,,31,,12039,1/17/2021 23:59,2021-01-17T23:59:00Z,01/17 18:59,514,1254,,2021-01-17T23:59:00Z,1235016,32326,,27768,506,8,,,13998,625,13361,,,,,,120495,6535,23,317,0,1239642,6374,1239642,,3,10,6fdb6fa0e6fa201b129dd8057f3b3b1e28fa0825,0,0,0,0,0,
20210117,ME,33559,6048,1205766,,totalTestsViral,1228642,205,1244,66,,26,,11989,1/16/2021 23:59,2021-01-16T23:59:00Z,01/16 18:59,511,1244,,2021-01-16T23:59:00Z,1228642,32031,,27511,503,8,,,13998,625,13361,,,,,,118648,6411,23,340,0,1239325,10009,1239325,,4,2,f9af729a8e339d2411be6eb6b9ac57bf3a9a37e0,0,0,0,0,0,
20210116,ME,33219,5970,1205766,,totalTestsViral,1218633,194,1242,59,,22,,11952,1/15/2021 23:59,2021-01-15T23:59:00Z,01/15 18:59,507,1242,,2021-01-15T23:59:00Z,1218633,31606,,27249,499,8,,,13998,625,13361,,,,,,116593,6275,23,438,0,1238985,9566,1238985,,30,14,7339ef608ac0debdc8a45b2a64b47454d5f659d2,0,0,0,0,0,
20210115,ME,32781,5858,1205766,,totalTestsViral,1209067,193,1228,61,,24,,11876,1/14/2021 23:59,2021-01-14T23:59:00Z,01/14 18:59,477,1228,,2021-01-14T23:59:00Z,1209067,31146,,26923,470,7,,,13998,625,13361,,,,,,114394,6132,23,823,13756,1238547,14194,1238547,,16,11,83e0d592325af5a1510dc759a0bee186d68d5436,0,0,0,0,0,
20210114,ME,31958,5624,1192010,,totalTestsViral,1194873,193,1217,63,,23,,11840,1/13/2021 23:59,2021-01-13T23:59:00Z,01/13 18:59,461,1217,,2021-01-13T23:59:00Z,1194873,30465,,26334,456,5,,,13960,619,13329,,,,,,111883,5950,23,808,8462,1223968,8987,1223968,,8,16,bccf7ac63094dadc6ff04bf3f083de7b30d1736e,0,0,0,0,0,
20210113,ME,31150,5442,1183548,,totalTestsViral,1185886,207,1201,64,,23,,11809,1/12/2021 23:59,2021-01-12T23:59:00Z,01/12 18:59,453,1201,,2021-01-12T23:59:00Z,1185886,30090,,25708,447,6,,,13927,614,13301,,,,,,109410,5782,23,824,10180,1214698,10637,1214698,,4,12,1d81b1bc625d3571d87152c320c57e268e9c4e30,0,0,0,0,0,
20210112,ME,30326,5163,1173368,,totalTestsViral,1175249,203,1189,68,,27,,11768,1/11/2021 23:59,2021-01-11T23:59:00Z,01/11 18:59,449,1189,,2021-01-11T23:59:00Z,1175249,29633,,25163,443,6,,,13900,606,13282,,,,,,106979,5615,23,715,6710,1203694,7105,1203694,,11,18,7371f3af37ca68fe858d0824c9a1f23588b31dbc,0,0,0,0,0,
20210111,ME,29611,4932,1166658,,totalTestsViral,1168144,190,1171,57,,21,,11752,1/10/2021 23:59,2021-01-10T23:59:00Z,01/10 18:59,438,1171,,2021-01-10T23:59:00Z,1168144,29229,,24679,432,6,,,13875,596,13267,,,,,,104840,5460,23,313,22344,1196269,5458,1196269,,6,13,0b2dc85ff5e841a05df578a96fce2326be1298c1,0,0,0,0,0,
20210110,ME,29298,4868,1144314,,totalTestsViral,1162686,191,1158,51,,24,,11735,1/9/2021 23:59,2021-01-09T23:59:00Z,01/09 18:59,432,1158,,2021-01-09T23:59:00Z,1162686,28936,,24430,426,6,,,13784,574,13198,,,,,,102726,5279,23,279,0,1173612,9151,1173612,,0,0,d2e6b4f0cf8e2b020a5259f5f97c559124997472,0,0,0,0,0,
20210109,ME,29019,4801,1144314,,totalTestsViral,1153535,205,1158,56,,26,,11728,1/8/2021 23:59,2021-01-08T23:59:00Z,01/08 18:59,432,1158,,2021-01-08T23:59:00Z,1153535,28482,,24218,426,6,,,13784,574,13198,,,,,,100427,5110,23,612,0,1173333,8368,1173333,,6,8,bbb1bbeaec8f63343fa9aeffaa1e879d93767365,0,0,0,0,0,
20210108,ME,28407,4604,1144314,,totalTestsViral,1145167,205,1150,56,,26,,11690,1/7/2021 23:59,2021-01-07T23:59:00Z,01/07 18:59,426,1150,,2021-01-07T23:59:00Z,1145167,27926,,23803,420,6,,,13784,574,13198,,,,,,97820,4892,23,782,9735,1172721,10245,1172721,,41,15,5faab3dde148946089febf40263f5849121627bf,0,0,0,0,0,
20210107,ME,27625,4432,1134579,,totalTestsViral,1134922,202,1135,55,,25,,11658,1/6/2021 23:59,2021-01-06T23:59:00Z,01/06 18:59,385,1135,,2021-01-06T23:59:00Z,1134922,27329,,23193,379,6,,,13749,568,13169,,,,,,93165,4510,23,535,10613,1162204,10927,1162204,,13,11,84044e99f35189ab3b9b713b61ec2623fdc3e61a,0,0,0,0,0,
20210106,ME,27090,4296,1123966,,totalTestsViral,1123995,191,1124,50,,21,,11607,1/5/2021 23:59,2021-01-05T23:59:00Z,01/05 18:59,372,1124,,2021-01-05T23:59:00Z,1123995,26816,,22794,366,6,,,13709,562,13135,,,,,,92326,4446,23,525,7427,1151056,7588,1151056,,3,7,596447b10f7b8b5c043289c5b928f6bafd3c218c,0,0,0,0,0,
20210105,ME,26565,4117,1116539,,totalTestsViral,1116407,191,1117,50,,21,,11582,1/4/2021 23:59,2021-01-04T23:59:00Z,01/04 18:59,369,1117,,2021-01-04T23:59:00Z,1116407,26305,,22448,363,6,,,13689,560,13117,,,,,,89702,4206,23,597,8526,1143104,6070,1143104,,9,10,591e1088dd1f50479e3634d452174c35fc1b1dd6,0,0,0,0,0,
20210104,ME,25968,3970,1108013,,totalTestsViral,1110337,180,1107,47,,20,,11548,1/3/2021 23:59,2021-01-03T23:59:00Z,01/03 18:59,360,1107,,2021-01-03T23:59:00Z,1110337,25950,,21998,354,6,,,13680,557,13111,,,,,,87654,4057,23,376,20801,1133981,6066,1133981,,1,8,73641793d43cc06881a522ee874aa271d462ebc6,0,0,0,0,0,
20210103,ME,25592,3899,1087212,,totalTestsViral,1104271,180,1099,47,,20,,11465,1/2/2021 23:59,2021-01-02T23:59:00Z,01/02 18:59,359,1099,,2021-01-02T23:59:00Z,1104271,25669,,21693,353,6,,,13588,545,13031,,,,,,83389,3802,23,347,0,1112804,3134,1112804,,1,8,ac86c4f4eb3aef84629099c4c5094a83a58d9523,0,0,0,0,0,
20210102,ME,25245,3833,1087212,,totalTestsViral,1101137,188,1091,48,,19,,11438,1/1/2021 23:59,2021-01-01T23:59:00Z,01/01 18:59,358,1091,,2021-01-01T23:59:00Z,1101137,25414,,21412,352,6,,,13588,545,13031,,,,,,83283,3785,23,1044,0,1112457,5751,1112457,,11,26,2d3e82da02b999c8d0a0092bd8659193617a3f5a,0,0,0,0,0,
20210101,ME,24201,3564,1087212,,totalTestsViral,1095386,182,1065,46,,18,,11374,12/31/2020 23:59,2020-12-31T23:59:00Z,12/31 18:59,347,1065,,2020-12-31T23:59:00Z,1095386,24975,,20637,341,6,,,13588,545,13031,,,,,,83034,3745,23,0,0,1111413,9404,1111413,,0,0,00055d0cf101ef2b201f0384d626e59d62ff802a,0,0,0,0,0,
20201231,ME,24201,3564,1087212,,totalTestsViral,1085982,177,1065,48,,19,,11374,12/30/2020 23:59,2020-12-30T23:59:00Z,12/30 18:59,347,1065,,2020-12-30T23:59:00Z,1085982,24418,,20637,341,6,,,13588,545,13031,,,,,,80252,3592,23,702,8213,1111413,8644,1111413,,13,26,e8d62a5b149e6d2312fee9c3f38b91cce11ba91f,0,0,0,0,0,
20201230,ME,23499,3435,1078999,,totalTestsViral,1077338,177,1039,48,,19,,11326,12/29/2020 23:59,2020-12-29T23:59:00Z,12/29 18:59,334,1039,,2020-12-29T23:59:00Z,1077338,23939,,20064,329,5,,,13549,537,13000,,,,,,75562,3326,23,590,5435,1102498,5725,1102498,,1,-2,6ce48155d3627695ac4bd468e55c63c1b559d3b5,0,0,0,0,0,
20201229,ME,22909,3327,1073564,,totalTestsViral,1071613,181,1041,48,,14,,11248,12/28/2020 23:59,2020-12-28T23:59:00Z,12/28 18:59,333,1041,,2020-12-28T23:59:00Z,1071613,23535,,19582,328,5,,,13533,535,12986,,,,,,75355,3295,23,590,4073,1096473,4303,1096473,,7,9,43fa37edbde06d530614bfa36be2ec50d73427b3,0,0,0,0,0,
20201228,ME,22319,3191,1069491,,totalTestsViral,1067310,181,1032,48,,14,,11184,12/27/2020 23:59,2020-12-27T23:59:00Z,12/27 18:59,326,1032,,2020-12-27T23:59:00Z,1067310,23277,,19128,321,5,,,13523,534,12977,,,,,,73422,3157,23,439,22509,1091810,5331,1091810,,3,8,94df9b95d87573b6a8a5bfd5fe6fb6aae7bde64d,0,0,0,0,0,
20201227,ME,21880,3111,1046982,,totalTestsViral,1061979,183,1024,56,,16,,11150,12/26/2020 23:59,2020-12-26T23:59:00Z,12/26 18:59,323,1024,,2020-12-26T23:59:00Z,1061979,22980,,18769,318,5,,,13444,522,12910,,,,,,71450,3038,23,333,0,1068862,2868,1068862,,4,4,494394ad73a6da5781090fa6aa0f45f886803648,0,0,0,0,0,
20201226,ME,21547,3030,1046982,,totalTestsViral,1059111,183,1020,56,,16,,11108,12/25/2020 23:59,2020-12-25T23:59:00Z,12/25 18:59,319,1020,,2020-12-25T23:59:00Z,1059111,22799,,18517,314,5,,,13444,522,12910,,,,,,71364,3016,23,0,0,1068529,5456,1068529,,0,0,94e17bf4032beb3abc3f238fadfe4afd6a9dd422,0,0,0,0,0,
20201225,ME,21547,3030,1046982,,totalTestsViral,1053655,187,1020,46,,19,,11107,12/24/2020 23:59,2020-12-24T23:59:00Z,12/24 18:59,319,1020,,2020-12-24T23:59:00Z,1053655,22424,,18517,314,5,,,13444,522,12910,,,,,,69035,2945,23,321,0,1068529,9209,1068529,,2,5,d77f859f66d3b2368122c0b9b6bf1d7661b4ab15,0,0,0,0,0,
20201224,ME,21226,2968,1046982,,totalTestsViral,1044446,187,1015,46,,19,,11078,12/23/2020 23:59,2020-12-23T23:59:00Z,12/23 18:59,317,1015,,2020-12-23T23:59:00Z,1044446,21956,,18258,312,5,,,13444,522,12910,,,,,,66464,2888,23,735,8875,1068208,9245,1068208,,6,15,43d4e9e8d75e0e11520979dfa784e457dae7950e,0,0,0,0,0,
20201223,ME,20491,2796,1038107,,totalTestsViral,1035201,187,1000,46,,19,,11039,12/22/2020 23:59,2020-12-22T23:59:00Z,12/22 18:59,311,1000,,2020-12-22T23:59:00Z,1035201,21639,,17695,306,5,,,13411,519,12880,,,,,,63747,2783,23,748,7291,1058598,7692,1058598,,8,15,45a95b8edba1b224ffebd3935111168ab94617f6,0,0,0,0,0,
20201222,ME,19743,2648,1030816,,totalTestsViral,1027509,185,985,43,,19,,10884,12/21/2020 23:59,2020-12-21T23:59:00Z,12/21 18:59,303,985,,2020-12-21T23:59:00Z,1027509,21202,,17095,298,5,,,13367,516,12839,,,,,,61182,2671,23,458,6468,1050559,6652,1050559,,10,5,7c0958868ad0c33b28ee76f93063779d262040f6,0,0,0,0,0,
20201221,ME,19285,2564,1024348,,totalTestsViral,1020857,170,980,44,,18,,10837,12/20/2020 23:59,2020-12-20T23:59:00Z,12/20 18:59,293,980,,2020-12-20T23:59:00Z,1020857,20957,,16721,288,5,,,13338,506,12820,,,,,,57095,2512,23,339,17045,1043633,3341,1043633,,1,1,34bf647adc0c786c687da769e739a37bada30bff,0,0,0,0,0,
20201220,ME,18946,2489,1007303,,totalTestsViral,1017516,162,979,49,,18,,10794,12/19/2020 23:59,2020-12-19T23:59:00Z,12/19 18:59,292,979,,2020-12-19T23:59:00Z,1017516,20774,,16457,287,5,,,13274,503,12759,,,,,,56979,2503,23,207,0,1026249,7288,1026249,,0,8,334c87e61c9e859c2a31cd46b5ffecc625cd3e0d,0,0,0,0,0,
20201219,ME,18739,2473,1007303,,totalTestsViral,1010228,191,971,46,,17,,10766,12/18/2020 23:59,2020-12-18T23:59:00Z,12/18 18:59,292,971,,2020-12-18T23:59:00Z,1010228,20458,,16266,287,5,,,13274,503,12759,,,,,,53390,2330,23,402,0,1026042,6869,1026042,,11,6,0d29dd4bcccc85bca24b72e30b350336ecf2306b,0,0,0,0,0,
20201218,ME,18337,2395,1007303,,totalTestsViral,1003359,191,965,46,,17,,10744,12/17/2020 23:59,2020-12-17T23:59:00Z,12/17 18:59,281,965,,2020-12-17T23:59:00Z,1003359,20177,,15942,277,4,,,13274,503,12759,,,,,,53135,2305,23,436,8863,1025640,9120,1025640,,5,7,4dacb8fa9ba66a0b7dd30a544b072d09e6722770,0,0,0,0,0,
20201217,ME,17901,2325,998440,,totalTestsViral,994239,191,958,46,,17,,10688,12/16/2020 23:59,2020-12-16T23:59:00Z,12/16 18:59,276,958,,2020-12-16T23:59:00Z,994239,19869,,15576,272,4,,,13234,495,12727,,,,,,49198,2144,23,590,7573,1016341,7786,1016341,,9,24,05df8f40cff68d184bf9e40e4c2cef19f0dfc593,0,0,0,0,0,
20201216,ME,17311,2169,990867,,totalTestsViral,986453,187,934,46,,18,,10650,12/15/2020 23:59,2020-12-15T23:59:00Z,12/15 18:59,267,934,,2020-12-15T23:59:00Z,986453,19550,,15142,263,4,,,13204,487,12705,,,,,,48745,2134,23,551,8336,1008178,8432,1008178,,2,25,aa4f2375a295c94876a5640235ed96da0bbd088b,0,0,0,0,0,
20201215,ME,16760,2070,982531,,totalTestsViral,978021,195,909,55,,19,,10614,12/14/2020 23:59,2020-12-14T23:59:00Z,12/14 18:59,265,909,,2020-12-14T23:59:00Z,978021,19157,,14690,261,4,,,13135,456,12667,,,,,,47050,2034,23,411,5507,999291,5623,999291,,6,16,95bf9fa713af4ce9c19937b9e7d3e77619645717,0,0,0,0,0,
20201214,ME,16349,2010,977024,,totalTestsViral,972398,198,893,56,,17,,10548,12/13/2020 23:59,2020-12-13T23:59:00Z,12/13 18:59,259,893,,2020-12-13T23:59:00Z,972398,18855,,14339,255,4,,,13116,452,12652,,,,,,45325,1939,23,426,20234,993373,5251,993373,,2,15,d2d97aca920ebbd803874d3362e2306cdf12543e,0,0,0,0,0,
20201213,ME,15923,1977,956790,,totalTestsViral,967147,175,878,46,,15,,10491,12/12/2020 23:59,2020-12-12T23:59:00Z,12/12 18:59,257,878,,2020-12-12T23:59:00Z,967147,18581,,13946,253,4,,,13034,442,12580,,,,,,43646,1833,23,303,0,972713,7163,972713,,0,7,26bded7d097fa5d0d50e4b554de794cf0960450e,0,0,0,0,0,
20201212,ME,15620,1933,956790,,totalTestsViral,959984,182,871,50,,16,,10477,12/11/2020 23:59,2020-12-11T23:59:00Z,12/11 18:59,257,871,,2020-12-11T23:59:00Z,959984,18205,,13687,253,4,,,13034,442,12580,,,,,,40438,1679,23,414,0,972410,8584,972410,,7,16,fdf5d0220671232ae14b57b5eefa5942aa9158dc,0,0,0,0,0,
20201211,ME,15206,1874,956790,,totalTestsViral,951400,182,855,50,,16,,10444,12/10/2020 23:59,2020-12-10T23:59:00Z,12/10 18:59,250,855,,2020-12-10T23:59:00Z,951400,17901,,13332,247,3,,,13034,442,12580,,,,,,40282,1668,23,345,10091,971996,10210,971996,,4,21,d0a056453828ac61f87a9fd4edde039b657848b4,0,0,0,0,0,
20201210,ME,14861,1828,946699,,totalTestsViral,941190,172,834,45,,16,,10394,12/9/2020 23:59,2020-12-09T23:59:00Z,12/09 18:59,246,834,,2020-12-09T23:59:00Z,941190,17471,,13033,244,2,,,12989,437,12540,,,,,,38279,1572,23,407,9940,961560,10138,961560,,0,15,d7303e27cb2d3b45b9fb75abee6e1d9eb8edfc66,0,0,0,0,0,
20201209,ME,14454,1776,936759,,totalTestsViral,931052,173,819,42,,15,,10338,12/8/2020 23:59,2020-12-08T23:59:00Z,12/08 18:59,246,819,,2020-12-08T23:59:00Z,931052,17009,,12678,244,2,,,12966,433,12521,,,,,,36378,1483,23,405,8241,951213,8462,951213,,7,16,fc8aecd24e98fe1b21dfbd484a3ed66a029aa1de,0,0,0,0,0,
20201208,ME,14049,1716,928518,,totalTestsViral,922590,170,803,52,,17,,10247,12/7/2020 23:59,2020-12-07T23:59:00Z,12/07 18:59,239,803,,2020-12-07T23:59:00Z,922590,16620,,12333,237,2,,,12951,431,12508,,,,,,34720,1372,23,274,5669,942567,5777,942567,,12,22,d23dd492932b0ed13aa41e3069853bbc5ef1e703,0,0,0,0,0,
20201207,ME,13775,1678,922849,,totalTestsViral,916813,170,781,52,,17,,10146,12/6/2020 23:59,2020-12-06T23:59:00Z,12/06 18:59,227,781,,2020-12-06T23:59:00Z,916813,16371,,12097,225,2,,,12926,420,12494,,,,,,33057,1284,23,427,22017,936624,4970,936624,,0,13,95825657869533bbc7b7ae663fde0d1f1a55213e,0,0,0,0,0,
20201206,ME,13348,1547,900832,,totalTestsViral,911843,164,768,45,,17,,10080,12/5/2020 23:59,2020-12-05T23:59:00Z,12/05 18:59,227,768,,2020-12-05T23:59:00Z,911843,16154,,11801,225,2,,,12859,409,12438,,,,,,31363,1190,23,221,0,914180,8710,914180,,0,8,d44deda9f2a57827b4b24e0fdbcb7b11359e1d2e,0,0,0,0,0,
20201205,ME,13127,1487,900832,,totalTestsViral,903133,164,760,45,,17,,9993,12/4/2020 23:59,2020-12-04T23:59:00Z,12/04 18:59,227,760,,2020-12-04T23:59:00Z,903133,15669,,11640,225,2,,,12859,409,12438,,,,,,29524,1090,23,283,0,913959,8615,913959,,3,9,a3cdcede6f8235506ed9d018b8417d2bde9cef92,0,0,0,0,0,
20201204,ME,12844,1454,900832,,totalTestsViral,894518,164,751,45,,17,,9877,12/3/2020 23:59,2020-12-03T23:59:00Z,12/03 18:59,224,751,,2020-12-03T23:59:00Z,894518,15247,,11390,222,2,,,12859,409,12438,,,,,,27549,989,23,290,11550,913676,11599,913676,,4,11,3dff65711cdd5fc889b42f7ac591787a33314d48,0,0,0,0,0,
20201203,ME,12554,1403,889282,,totalTestsViral,882919,138,740,46,,15,,9733,12/2/2020 23:59,2020-12-02T23:59:00Z,12/02 18:59,220,740,,2020-12-02T23:59:00Z,882919,14734,,11151,218,2,,,12815,406,12397,,,,,,25228,866,23,346,9149,901836,9235,901836,,2,15,91c72dd1854d9c4f832701254a0f11962c748428,0,0,0,0,0,
20201202,ME,12208,1338,880133,,totalTestsViral,873684,138,725,46,,15,,9564,12/1/2020 23:59,2020-12-01T23:59:00Z,12/01 18:59,218,725,,2020-12-01T23:59:00Z,873684,14275,,10870,216,2,,,12797,404,12381,,,,,,22470,758,23,232,10400,892341,10559,892341,,4,16,6dfa0eeafb036edf629b6b7e0f92632de774c615,0,0,0,0,0,
20201201,ME,11976,1301,869733,,totalTestsViral,863125,139,709,48,,22,,9364,11/30/2020 23:59,2020-11-30T23:59:00Z,11/30 18:59,214,709,,2020-11-30T23:59:00Z,863125,13741,,10675,213,1,,,12770,399,12359,,,,,,19316,664,23,219,5691,881709,4206,881709,,20,10,8669e86599a5cd3d5cb984c831390038999437fe,0,0,0,0,0,
20201130,ME,11757,1270,864042,,totalTestsViral,858919,139,699,48,,22,,9098,11/29/2020 23:59,2020-11-29T23:59:00Z,11/29 18:59,194,699,,2020-11-29T23:59:00Z,858919,13588,,10487,193,1,,,12768,399,12357,,,,,,18659,655,23,249,33979,875799,4679,875799,,3,7,15760095f889efb5ffd8044b41cb51abb4f1f9ab,0,0,0,0,0,
20201129,ME,11508,1193,830063,,totalTestsViral,854240,125,692,49,,18,,8952,11/28/2020 23:59,2020-11-28T23:59:00Z,11/28 18:59,191,692,,2020-11-28T23:59:00Z,854240,13388,,10315,190,1,,,12679,391,12276,,,,,,16906,554,23,220,0,841571,6033,841571,,0,3,8042e578fcf9f55bf053175999dafdbc76302ae5,0,0,0,0,0,
20201128,ME,11288,1163,830063,,totalTestsViral,848207,125,689,49,,18,,8822,11/27/2020 23:59,2020-11-27T23:59:00Z,11/27 18:59,191,689,,2020-11-27T23:59:00Z,848207,13032,,10125,190,1,,,12679,391,12276,,,,,,15008,459,23,23,0,841351,3190,841351,,1,2,ae99cee0a18f6cd8529700a341ab47adf74069ed,0,0,0,0,0,
20201127,ME,11265,1160,830063,,totalTestsViral,845017,119,687,51,,15,,8800,11/26/2020 23:59,2020-11-26T23:59:00Z,11/26 18:59,190,687,,2020-11-26T23:59:00Z,845017,12840,,10105,189,1,,,12679,391,12276,,,,,,14844,442,23,0,0,841328,7823,841328,,0,0,4914ffd21eaff00fcc99923f13db351478b8d0cc,0,0,0,0,0,
20201126,ME,11265,1160,830063,,totalTestsViral,837194,105,687,46,,11,,8791,11/25/2020 23:59,2020-11-25T23:59:00Z,11/25 18:59,190,687,,2020-11-25T23:59:00Z,837194,12486,,10105,189,1,,,12679,391,12276,,,,,,12790,394,23,238,0,841328,13405,841328,,0,9,f6d6e64bc0bc0695e51906c35fdff1982bf01c86,0,0,0,0,0,
20201125,ME,11027,1111,830063,,totalTestsViral,823789,105,678,46,,11,,8592,11/24/2020 23:59,2020-11-24T23:59:00Z,11/24 18:59,190,678,,2020-11-24T23:59:00Z,823789,12106,,9916,189,1,,,12679,391,12276,,,,,,8622,280,23,228,7308,841090,7310,841090,,1,16,71f32886c00004a459f855c486d408952fce02f7,0,0,0,0,0,
20201124,ME,10799,1101,822755,,totalTestsViral,816479,105,662,43,,9,,8232,11/23/2020 23:59,2020-11-23T23:59:00Z,11/23 18:59,189,662,,2020-11-23T23:59:00Z,816479,11805,,9698,188,1,,,12646,389,12245,,,,,,4273,193,23,255,7950,833554,7940,833554,,12,15,0e72a8d6b33811fef05f30244c0ffa45a66a30bf,0,0,0,0,0,
20201123,ME,10544,1073,814805,,totalTestsViral,808539,103,647,45,,11,,7986,11/22/2020 23:59,2020-11-22T23:59:00Z,11/22 18:59,177,647,,2020-11-22T23:59:00Z,808539,11618,,9471,176,1,,,12634,389,12233,,,,,,1677,126,23,185,29372,825349,7719,825349,,1,5,b71cbede44fa5e249aff300aa1e1d6fc54be77af,0,0,0,0,0,
20201122,ME,10359,1065,785433,,totalTestsViral,800820,94,642,42,,11,,7791,11/21/2020 23:59,2020-11-21T23:59:00Z,11/21 18:59,176,642,,2020-11-21T23:59:00Z,800820,11457,,9294,175,1,,,12558,384,12162,,,,,,1652,118,23,236,0,795792,9733,795792,,2,6,696399db088847e50a751963ceb46225cdbfa132,0,0,0,0,0,
20201121,ME,10123,1048,785433,,totalTestsViral,791087,86,636,41,,11,,7713,11/20/2020 23:59,2020-11-20T23:59:00Z,11/20 18:59,174,636,,2020-11-20T23:59:00Z,791087,11212,,9075,173,1,,,12558,384,12162,,,,,,1439,111,23,165,0,795556,11909,795556,,1,8,60db554335f4d85c5273e9ec397b0db60183d704,0,0,0,0,0,
20201120,ME,9958,1025,785433,,totalTestsViral,779178,90,628,49,,12,,7590,11/19/2020 23:59,2020-11-19T23:59:00Z,11/19 18:59,173,628,,2020-11-19T23:59:00Z,779178,10924,,8933,172,1,,,12558,384,12162,,,,,,1301,98,23,224,6818,795391,7065,795391,,2,15,a8fbcced3fca38f40be2778d78fe38cdb6ec9935,0,0,0,0,0,
20201119,ME,9734,1002,778615,,totalTestsViral,772113,88,613,35,,12,,7403,11/18/2020 23:59,2020-11-18T23:59:00Z,11/18 18:59,171,613,,2020-11-18T23:59:00Z,772113,10625,,8732,170,1,,,12534,384,12138,,,,,,1088,92,23,215,12765,788349,12745,788349,,1,13,01ba395d8dca0e5a2c956c9212d7da72cee1b2b8,0,0,0,0,0,
20201118,ME,9519,960,765850,,totalTestsViral,759368,85,600,30,,10,,7229,11/17/2020 23:59,2020-11-17T23:59:00Z,11/17 18:59,170,600,,2020-11-17T23:59:00Z,759368,10339,,8559,169,1,,,12501,381,12108,,,,,,920,88,23,156,10295,775369,10307,775369,,4,11,02aa94a26db0bc19b8ebbd61e8b1cc6ad8e05e40,0,0,0,0,0,
20201117,ME,9363,952,755555,,totalTestsViral,749061,73,589,29,,8,,7025,11/16/2020 23:59,2020-11-16T23:59:00Z,11/16 18:59,166,589,,2020-11-16T23:59:00Z,749061,10051,,8411,165,1,,,12477,380,12085,,,,,,590,82,23,246,8500,764918,8422,764918,,1,12,b2cd9a6108bbab861a329fab32d361db479d0ccc,0,0,0,0,0,
20201116,ME,9117,937,747055,,totalTestsViral,740639,69,577,28,,7,,6830,11/15/2020 23:59,2020-11-15T23:59:00Z,11/15 18:59,165,577,,2020-11-15T23:59:00Z,740639,9795,,8180,164,1,,,12452,377,12063,,,,,,443,82,23,173,21284,756172,2505,756172,,0,3,02f5673f5410a255f82604c20d8c4ee60d2628c0,0,0,0,0,0,
20201115,ME,8944,938,725771,,totalTestsViral,738134,67,574,23,,7,,6681,11/14/2020 23:59,2020-11-14T23:59:00Z,11/14 18:59,165,574,,2020-11-14T23:59:00Z,738134,9734,,8006,164,1,,,12429,373,12044,,,,,,440,82,23,153,0,734715,8546,734715,,2,2,e0fe79af899f503a44957ffdb67a2688ae1cd59b,0,0,0,0,0,
20201114,ME,8791,909,725771,,totalTestsViral,729588,67,572,23,,7,,6597,11/13/2020 23:59,2020-11-13T23:59:00Z,11/13 18:59,163,572,,2020-11-13T23:59:00Z,729588,9491,,7882,162,1,,,12429,373,12044,,,,,,423,72,23,152,0,734562,10445,734562,,1,6,4696eb3d4bb792a9907c50a017ab278b83d1fd87,0,0,0,0,0,
20201113,ME,8639,891,725771,,totalTestsViral,719143,66,566,18,,6,,6428,11/12/2020 23:59,2020-11-12T23:59:00Z,11/12 18:59,162,566,,2020-11-12T23:59:00Z,719143,9198,,7748,161,1,,,12429,373,12044,,,,,,366,57,23,244,8606,734410,8690,734410,,3,13,9fc5313313d877bb7c807cb8039412ac27bbabcb,0,0,0,0,0,
20201112,ME,8395,878,717165,,totalTestsViral,710453,62,553,16,,6,,6292,11/11/2020 23:59,2020-11-11T23:59:00Z,11/11 18:59,159,553,,2020-11-11T23:59:00Z,710453,9002,,7517,158,1,,,12414,372,12030,,,,,,294,57,23,193,20794,725560,10887,725560,,1,8,e1c5d7815f21ce62f1cb87546acaac846de034f2,0,0,0,0,0,
20201111,ME,8202,902,696371,,totalTestsViral,699566,49,545,14,,5,,6226,11/10/2020 23:59,2020-11-10T23:59:00Z,11/10 18:59,158,545,,2020-11-10T23:59:00Z,699566,8764,,7300,157,1,,,12292,372,11908,,,,,,291,57,23,142,0,704573,9238,704573,,2,7,861f26ab651eb3a288f476262dfb232873fd9789,0,0,0,0,0,
20201110,ME,8060,887,696371,,totalTestsViral,690328,49,538,14,,5,,6100,11/9/2020 23:59,2020-11-09T23:59:00Z,11/09 18:59,156,538,,2020-11-09T23:59:00Z,690328,8476,,7173,155,1,,,12292,372,11908,,,,,,246,55,23,172,5856,704431,5832,704431,,3,6,14257f7c5db4913cd99f883def88e2fbd7996071,0,0,0,0,0,
20201109,ME,7888,858,690515,,totalTestsViral,684496,49,532,14,,5,,6036,11/8/2020 23:59,2020-11-08T23:59:00Z,11/08 18:59,153,532,,2020-11-08T23:59:00Z,684496,8302,,7030,152,1,,,12272,370,11890,,,,,,139,54,23,195,21894,698403,4132,698403,,1,7,6328861c649234b11b45b9749b853789d13f7fed,0,0,0,0,0,
20201108,ME,7693,850,668621,,totalTestsViral,680364,48,525,13,,7,,5935,11/7/2020 23:59,2020-11-07T23:59:00Z,11/07 18:59,152,525,,2020-11-07T23:59:00Z,680364,8192,,6843,151,1,,,12247,367,11868,,,,,,118,33,23,90,0,676314,8010,676314,,0,2,dc206602aa2af49f5485b81e26bf74e94f40ff3b,0,0,0,0,0,
20201107,ME,7603,841,668621,,totalTestsViral,672354,42,523,14,,4,,5906,11/6/2020 23:59,2020-11-06T23:59:00Z,11/06 18:59,152,523,,2020-11-06T23:59:00Z,672354,7983,,6762,151,1,,,12247,367,11868,,,,,,116,33,23,159,0,676224,10002,676224,,2,10,a87bd4a4a7b9a3e5f0aee538458608af5b6a846a,0,0,0,0,0,
20201106,ME,7444,879,668621,,totalTestsViral,662352,37,513,14,,3,,5830,11/5/2020 23:59,2020-11-05T23:59:00Z,11/05 18:59,150,513,,2020-11-05T23:59:00Z,662352,7771,,6565,149,1,,,12247,367,11868,,,,,,45,27,23,184,8031,676065,8122,676065,,0,3,64e3f35d84b11a32badd542ddd142693ed1ca6c8,0,0,0,0,0,
20201105,ME,7260,843,660590,,totalTestsViral,654230,38,510,17,,2,,5751,11/4/2020 23:59,2020-11-04T23:59:00Z,11/04 18:59,150,510,,2020-11-04T23:59:00Z,654230,7621,,6417,149,1,,,12237,364,11861,,,,,,40,23,23,183,10417,667850,10507,667850,,0,3,b0d48b7226a4295350cf203fff3d77d097f22401,0,0,0,0,0,
20201104,ME,7077,836,650173,,totalTestsViral,643723,36,507,12,,2,,5686,11/3/2020 23:59,2020-11-03T23:59:00Z,11/03 18:59,150,507,,2020-11-03T23:59:00Z,643723,7394,,6241,149,1,,,12214,363,11839,,,,,,12,0,23,151,9138,657250,9303,657250,,2,5,b41625cd6665be11ed1ba9b97c28b21c7f2d4ec3,0,0,0,0,0,
20201103,ME,6926,788,641035,,totalTestsViral,634420,31,502,10,,1,,5632,11/2/2020 23:59,2020-11-02T23:59:00Z,11/02 18:59,148,502,,2020-11-02T23:59:00Z,634420,7240,,6138,147,1,,,12196,363,11821,,,,,,11,0,23,127,3399,647961,3352,647961,,0,7,cd22b974f5bcbc1c3352d97154efcdab1807f479,0,0,0,0,0,
20201102,ME,6799,760,637636,,totalTestsViral,631068,29,495,8,,1,,5588,11/1/2020 23:59,2020-11-01T23:59:00Z,11/01 18:59,148,495,,2020-11-01T23:59:00Z,631068,7168,,6039,147,1,,,12183,363,11808,,,,,,11,0,23,84,20793,644435,11008,644435,,1,7,7b56b218963d9a74846a518283434fe2d0ad2f35,0,0,0,0,0,
20201101,ME,6715,771,616843,,totalTestsViral,620060,17,488,5,,1,,5554,10/31/2020 23:59,2020-10-31T23:59:00Z,10/31 19:59,147,488,,2020-10-31T23:59:00Z,620060,6991,,5944,146,1,,,12153,361,11780,,,,,,11,0,23,47,0,623558,356,623558,,0,2,d40760922bd7864fdabef72718abaf93d4e1dcca,0,0,0,0,0,
20201031,ME,6668,761,616843,,totalTestsViral,619704,17,486,5,,1,,5517,10/30/2020 23:59,2020-10-30T23:59:00Z,10/30 19:59,147,486,,2020-10-30T23:59:00Z,619704,6987,,5907,146,1,,,12153,361,11780,,,,,,5,0,23,98,0,623511,9480,623511,,1,0,cc4d7a353596c11c61a3e20d2806db1d3e27006c,0,0,0,0,0,
20201030,ME,6570,741,616843,,totalTestsViral,610224,17,486,5,,1,,5495,10/29/2020 23:59,2020-10-29T23:59:00Z,10/29 19:59,146,486,,2020-10-29T23:59:00Z,610224,6886,,5829,145,1,,,12153,361,11780,,,,,,4,0,23,103,11398,623413,11400,623413,,0,3,95d52096456b6fcff78877c67e435c8d356e796f,0,0,0,0,0,
20201029,ME,6467,718,605445,,totalTestsViral,598824,15,483,5,,2,,5462,10/28/2020 23:59,2020-10-28T23:59:00Z,10/28 19:59,146,483,,2020-10-28T23:59:00Z,598824,6795,,5749,145,1,,,10520,350,10158,,,,,,2,0,23,80,8529,611912,8550,611912,,0,-1,1e5d08950d609c26b730a5c6ce1e43e4f0756a5e,0,0,0,0,0,
20201028,ME,6387,717,596916,,totalTestsViral,590274,16,484,7,,0,,5441,10/27/2020 23:59,2020-10-27T23:59:00Z,10/27 19:59,146,484,,2020-10-27T23:59:00Z,590274,6717,,5670,145,1,,,10507,349,10146,,,,,,2,0,23,76,7441,603303,7429,603303,,0,5,90b92ef253bd28dbefd503d7e4504e7a4669e3c0,0,0,0,0,0,
20201027,ME,6311,718,589475,,totalTestsViral,582845,12,479,5,,0,,5399,10/26/2020 23:59,2020-10-26T23:59:00Z,10/26 19:59,146,479,,2020-10-26T23:59:00Z,582845,6637,,5593,145,1,,,10497,349,10136,,,,,,2,0,23,57,7076,595786,6725,595786,,0,2,7404f5c096eeca485d5f74ab6c50c79da509e0bb,0,0,0,0,0,
20201026,ME,6254,703,582399,,totalTestsViral,576120,13,477,5,,0,,5363,10/25/2020 23:59,2020-10-25T23:59:00Z,10/25 19:59,146,477,,2020-10-25T23:59:00Z,576120,6598,,5551,145,1,,,10493,349,10132,,,,,,1,0,23,53,14211,588653,2531,588653,,0,2,8c7d73cd8d15f2d8cbfff2480aec2afbe5ad7fde,0,0,0,0,0,
20201025,ME,6201,680,568188,,totalTestsViral,573589,8,475,0,,0,,5334,10/24/2020 23:59,2020-10-24T23:59:00Z,10/24 19:59,146,475,,2020-10-24T23:59:00Z,573589,6573,,5521,145,1,,,10425,348,10065,,,,,,1,0,23,64,0,574389,5498,574389,,0,2,dbaeafc729ac7123cc622d685748bc050e374703,0,0,0,0,0,
20201024,ME,6137,662,568188,,totalTestsViral,568091,8,473,0,,0,,5317,10/23/2020 23:59,2020-10-23T23:59:00Z,10/23 19:59,146,473,,2020-10-23T23:59:00Z,568091,6519,,5475,145,1,,,10425,348,10065,,,,,,1,0,23,42,0,574325,6367,574325,,0,0,135038a83d44d700ec9b28662ed8585daa82c45e,0,0,0,0,0,
20201023,ME,6095,653,568188,,totalTestsViral,561724,8,473,0,,0,,5307,10/22/2020 23:59,2020-10-22T23:59:00Z,10/22 19:59,146,473,,2020-10-22T23:59:00Z,561724,6488,,5442,145,1,,,10425,348,10065,,,,,,1,0,23,31,6870,574283,6855,574283,,0,0,0a26bb44d6182c9725af8f3c0d8b101ea2dc374a,0,0,0,0,0,
20201022,ME,6064,653,561318,,totalTestsViral,554869,7,473,0,,0,,5269,10/21/2020 23:59,2020-10-21T23:59:00Z,10/21 19:59,146,473,,2020-10-21T23:59:00Z,554869,6454,,5411,145,1,,,10410,347,10051,,,,,,1,0,23,37,6535,567382,6451,567382,,0,3,71da34264197beb50d49a057b6a90ff163222cc7,0,0,0,0,0,
20201021,ME,6027,646,554783,,totalTestsViral,548418,7,470,0,,0,,5244,10/20/2020 23:59,2020-10-20T23:59:00Z,10/20 19:59,146,470,,2020-10-20T23:59:00Z,548418,6414,,5381,145,1,,,10394,346,10036,,,,,,1,0,23,38,6678,560810,6441,560810,,0,1,67420cb3dc0a65c06e14612bc72f24045824ec28,0,0,0,0,0,
20201020,ME,5989,648,548105,,totalTestsViral,541977,9,469,1,,0,,5206,10/19/2020 23:59,2020-10-19T23:59:00Z,10/19 19:59,146,469,,2020-10-19T23:59:00Z,541977,6377,,5341,145,1,,,10382,345,10025,,,,,,1,0,23,27,4590,554094,4549,554094,,0,0,9e1d8884b85867a771eb4dffc388a21ed5bb5612,0,0,0,0,0,
20201019,ME,5962,639,543515,,totalTestsViral,537428,8,469,0,,0,,5175,10/18/2020 23:59,2020-10-18T23:59:00Z,10/18 19:59,146,469,,2020-10-18T23:59:00Z,537428,6347,,5323,145,1,,,10379,345,10022,,,,,,1,0,23,23,15739,549477,3244,549477,,0,1,a5f76d3884fbe7e29161aa50025611210d5cf8ff,0,0,0,0,0,
20201018,ME,5939,630,527776,,totalTestsViral,534184,11,468,5,,1,,5145,10/17/2020 23:59,2020-10-17T23:59:00Z,10/17 19:59,146,468,,2020-10-17T23:59:00Z,534184,6331,,5309,145,1,,,10353,344,9979,,,,,,1,0,23,26,0,533715,6650,533715,,0,1,00b2f3e601357cb3a167a591efcba7502240ec03,0,0,0,0,0,
20201017,ME,5913,630,527776,,totalTestsViral,527534,11,467,5,,1,,5112,10/16/2020 23:59,2020-10-16T23:59:00Z,10/16 19:59,146,467,,2020-10-16T23:59:00Z,527534,6307,,5283,145,1,,,10353,344,9979,,,,,,1,0,23,48,0,533689,5779,533689,,1,1,ac9f0fb9947191be8a5fd0a75a50d49e50f7a466,0,0,0,0,0,
20201016,ME,5865,622,527776,,totalTestsViral,521755,11,466,5,,1,,5099,10/15/2020 23:59,2020-10-15T23:59:00Z,10/15 19:59,145,466,,2020-10-15T23:59:00Z,521755,6280,,5243,144,1,,,10353,344,9979,,,,,,1,0,23,29,7545,533641,7509,533641,,1,2,6ce922d5c9b55f55bb051e36fce8664509d8190f,0,0,0,0,0,
20201015,ME,5836,630,520231,,totalTestsViral,514246,11,464,5,,1,,5070,10/14/2020 23:59,2020-10-14T23:59:00Z,10/14 19:59,144,464,,2020-10-14T23:59:00Z,514246,6242,,5206,143,1,,,10335,344,9979,,,,,,,,23,20,5645,526067,5405,526067,,1,1,5729acac5bd6160308f719a6210ba908a2fca2bf,0,0,0,0,0,
20201014,ME,5816,625,514586,,totalTestsViral,508841,8,463,3,,0,,5052,10/13/2020 23:59,2020-10-13T23:59:00Z,10/13 19:59,143,463,,2020-10-13T23:59:00Z,508841,6219,,5191,142,1,,,10510,349,10149,,,,,,,,23,36,6088,520402,6001,520402,,0,0,deffed429d2f0eda5e848ca135b9f820fef94fd9,0,0,0,0,0,
20201013,ME,5780,620,508498,,totalTestsViral,502840,8,463,3,,0,,5006,10/12/2020 23:59,2020-10-12T23:59:00Z,10/12 19:59,143,463,,2020-10-12T23:59:00Z,502840,6190,,5160,142,1,,,10498,347,10139,,,,,,,,23,28,23112,514278,3139,514278,,0,0,f04fbeeb310eff3809d5f5e804f0a14de6aa8442,0,0,0,0,0,
20201012,ME,5752,608,485386,,totalTestsViral,499701,7,463,5,,0,,4998,10/11/2020 23:59,2020-10-11T23:59:00Z,10/11 19:59,143,463,,2020-10-11T23:59:00Z,499701,6165,,5144,142,1,,,10559,530,10015,,,,,,,,23,29,0,491138,5543,491138,,0,0,38d895d77173ba8306f91e4b0498ab0acac76ed3,0,0,0,0,0,
20201011,ME,5723,595,485386,,totalTestsViral,494158,7,463,5,,0,,4970,10/10/2020 23:59,2020-10-10T23:59:00Z,10/10 19:59,143,463,,2020-10-10T23:59:00Z,494158,6153,,5128,142,1,,,10559,530,10015,,,,,,,,23,27,0,491109,7774,491109,,0,1,557ffc2b9b97b2afcebf6e24f6b695ea815aac79,0,0,0,0,0,
20201010,ME,5696,591,485386,,totalTestsViral,486384,7,462,5,,0,,4951,10/9/2020 23:59,2020-10-09T23:59:00Z,10/09 19:59,143,462,,2020-10-09T23:59:00Z,486384,6123,,5105,142,1,,,10559,530,10015,,,,,,,,23,30,0,491082,5886,491082,,0,2,dd144993017c0dfa223d46d3f22e028809a62639,0,0,0,0,0,
20201009,ME,5666,591,485386,,totalTestsViral,480498,7,460,5,,0,,4933,10/8/2020 23:59,2020-10-08T23:59:00Z,10/08 19:59,143,460,,2020-10-08T23:59:00Z,480498,6101,,5075,142,1,,,10559,530,10015,,,,,,,,23,27,8410,491052,8103,491052,,1,1,218827644b259a2f6af153009790457ed2ac49e1,0,0,0,0,0,
20201008,ME,5639,591,476976,,totalTestsViral,472395,7,459,1,,0,,4900,10/7/2020 23:59,2020-10-07T23:59:00Z,10/07 19:59,142,459,,2020-10-07T23:59:00Z,472395,6069,,5048,141,1,,,10529,528,9987,,,,,,,,23,35,6831,482615,6735,482615,,0,0,f6eb14f9b296ba7c62d85020bca6846a04366955,0,0,0,0,0,
20201007,ME,5604,593,470145,,totalTestsViral,465660,9,459,2,,0,,4880,10/6/2020 23:59,2020-10-06T23:59:00Z,10/06 19:59,142,459,,2020-10-06T23:59:00Z,465660,6038,,5011,141,1,,,10506,528,9964,,,,,,,,23,39,6490,475749,6419,475749,,0,2,60af6576e83485f4067a559ef73884b3634b1da9,0,0,0,0,0,
20201006,ME,5565,582,463655,,totalTestsViral,459241,7,457,1,,0,,4839,10/5/2020 23:59,2020-10-05T23:59:00Z,10/05 19:59,142,457,,2020-10-05T23:59:00Z,459241,5997,,4983,141,1,,,10494,528,9952,,,,,,,,23,20,2518,469220,2478,469220,,0,3,7ab57f7d8262338a4e87f6904c3a811f470cf09a,0,0,0,0,0,
20201005,ME,5545,582,461137,,totalTestsViral,456763,10,454,1,,1,,4807,10/4/2020 23:59,2020-10-04T23:59:00Z,10/04 19:59,142,454,,2020-10-04T23:59:00Z,456763,5984,,4963,141,1,,,10487,528,9945,,,,,,,,23,26,17315,466682,4236,466682,,0,0,fc88bb19a33f75a72ceab3b86e0eb7b7b10535e7,0,0,0,0,0,
20201004,ME,5519,575,443822,,totalTestsViral,452527,11,454,2,,1,,4782,10/3/2020 23:59,2020-10-03T23:59:00Z,10/03 19:59,142,454,,2020-10-03T23:59:00Z,452527,5960,,4944,141,1,,,10445,525,9906,,,,,,,,23,33,0,449341,7934,449341,,0,0,ec1bfd5c06c2a961568321ea4f59101861ec192b,0,0,0,0,0,
20201003,ME,5486,566,443822,,totalTestsViral,444593,11,454,2,,1,,4763,10/2/2020 23:59,2020-10-02T23:59:00Z,10/02 19:59,142,454,,2020-10-02T23:59:00Z,444593,5932,,4920,141,1,,,10445,525,9906,,,,,,,,23,18,0,449308,5025,449308,,0,2,812397c5d6e1722b80d48d6846c1f8398af9a38d,0,0,0,0,0,
20201002,ME,5468,568,443822,,totalTestsViral,439568,11,452,2,,1,,4741,10/1/2020 23:59,2020-10-01T23:59:00Z,10/01 19:59,142,452,,2020-10-01T23:59:00Z,439568,5906,,4900,141,1,,,10445,525,9906,,,,,,,,23,37,6862,449290,6783,449290,,0,1,e0554bff23c8f1cfaedddcb809762c525e7e0b5a,0,0,0,0,0,
20201001,ME,5431,566,436960,,totalTestsViral,432785,12,451,2,,1,,4704,9/30/2020 23:59,2020-09-30T23:59:00Z,09/30 19:59,142,451,,2020-09-30T23:59:00Z,432785,5864,,4865,141,1,,,10427,523,9890,,,,,,,,23,40,7251,442391,7194,442391,,1,2,83e1096721ac204595ff4073d0e0b8c4605fdd7b,0,0,0,0,0,
20200930,ME,5391,567,429709,,totalTestsViral,425591,13,449,7,,1,,4678,9/29/2020 23:59,2020-09-29T23:59:00Z,09/29 19:59,141,449,,2020-09-29T23:59:00Z,425591,5824,,4824,140,1,,,10398,522,9862,,,,,,,,23,54,6992,435100,6962,435100,,0,2,25612e6b2fdcaa03978f098ed2a5cbdc5a317dc7,0,0,0,0,0,
20200929,ME,5337,560,422717,,totalTestsViral,418629,8,447,5,,1,,4629,9/28/2020 23:59,2020-09-28T23:59:00Z,09/28 19:59,141,447,,2020-09-28T23:59:00Z,418629,5771,,4777,140,1,,,10384,522,9848,,,,,,,,23,37,4621,428054,4559,428054,,1,1,51c2c0c6bbd78a1a849cfde1a4eb9bd0c4ad21a6,0,0,0,0,0,
20200928,ME,5300,545,418096,,totalTestsViral,414070,8,446,2,,0,,4599,9/27/2020 23:59,2020-09-27T23:59:00Z,09/27 19:59,140,446,,2020-09-27T23:59:00Z,414070,5749,,4755,139,1,,,10317,521,9782,,,,,,,,23,12,2188,423396,2143,423396,,0,1,0858446a7dfd07600514afa80cb00c53267f555d,0,0,0,0,0,
20200927,ME,5288,547,415908,,totalTestsViral,411927,11,445,2,,0,,4567,9/26/2020 23:59,2020-09-26T23:59:00Z,09/26 19:59,140,445,,2020-09-26T23:59:00Z,411927,5736,,4741,139,1,,,10312,521,9777,,,,,,,,23,28,14749,421196,8326,421196,,0,2,c118ccbbdb511b866204cd87ae31575c7182c0f1,0,0,0,0,0,
20200926,ME,5260,547,401159,,totalTestsViral,403601,8,443,1,,0,,4538,9/25/2020 23:59,2020-09-25T23:59:00Z,09/25 19:59,140,443,,2020-09-25T23:59:00Z,403601,5702,,4713,139,1,,,10270,516,9740,,,,,,,,23,25,0,406419,6314,406419,,0,1,080fe683666ed214c00745d008fa3752eaf240b6,0,0,0,0,0,
20200925,ME,5235,544,401159,,totalTestsViral,397287,10,442,2,,0,,4507,9/24/2020 23:59,2020-09-24T23:59:00Z,09/24 19:59,140,442,,2020-09-24T23:59:00Z,397287,5673,,4691,139,1,,,10270,516,9740,,,,,,,,23,20,6408,406394,6323,406394,,0,0,96a1e59680e6d3a097ce238d6cfaebfc9ffec01e,0,0,0,0,0,
20200924,ME,5215,538,394751,,totalTestsViral,390964,14,442,1,,0,,4478,9/23/2020 23:59,2020-09-23T23:59:00Z,09/23 19:59,140,442,,2020-09-23T23:59:00Z,390964,5654,,4677,139,1,,,10241,515,9712,,,,,,,,23,44,13887,399966,7990,399966,,0,1,86a3aa92140ae21a7d11078b3d6d9cfa6575c901,0,0,0,0,0,
20200923,ME,5171,528,380864,,totalTestsViral,382974,14,441,2,,0,,4445,9/22/2020 23:59,2020-09-22T23:59:00Z,09/22 19:59,140,441,,2020-09-22T23:59:00Z,382974,5624,,4643,139,1,,,10218,515,9689,,,,,,,,23,25,10578,386035,5712,386035,,0,-1,701b744e1993291547526f310f916d1f3c2805e7,0,0,0,0,0,
20200922,ME,5146,529,370286,,totalTestsViral,377262,17,442,4,,0,,4407,9/21/2020 23:59,2020-09-21T23:59:00Z,09/21 19:59,140,442,,2020-09-21T23:59:00Z,377262,5600,,4617,139,1,,,10205,515,9676,,,,,,,,23,40,0,375432,3281,375432,,0,2,b71d93aaeb30d302a00bae18b4360e6e7bf631c5,0,0,0,0,0,
20200921,ME,5106,520,370286,,totalTestsViral,373981,17,440,6,,1,,4384,9/20/2020 23:59,2020-09-20T23:59:00Z,09/20 19:59,140,440,,2020-09-20T23:59:00Z,373981,5564,,4586,139,1,,,10192,513,9665,,,,,,,,23,27,1227,375392,2759,375392,,1,1,b02d42bfd2086db1d38857c2b51358ab49eaaae5,0,0,0,0,0,
20200920,ME,5079,517,369059,,totalTestsViral,371222,16,439,4,,1,,4364,9/19/2020 23:59,2020-09-19T23:59:00Z,09/19 19:59,139,439,,2020-09-19T23:59:00Z,371222,5541,,4562,138,1,,,10190,512,9664,,,,,,,,23,44,2907,374138,7859,374138,,0,0,3837d8ef219a2761acc31a983c47a3ad175e26c3,0,0,0,0,0,
20200919,ME,5035,513,366152,,totalTestsViral,363363,14,439,5,,1,,4346,9/18/2020 23:59,2020-09-18T23:59:00Z,09/18 19:59,139,439,,2020-09-18T23:59:00Z,363363,5495,,4522,138,1,,,10164,509,9641,,,,,,,,23,30,6733,371187,7334,371187,,1,2,7d931631f2b5c4ade3a460358b9a1205d170cad6,0,0,0,0,0,
20200918,ME,5005,513,359419,,totalTestsViral,356029,11,437,5,,1,,4335,9/17/2020 23:59,2020-09-17T23:59:00Z,09/17 19:59,138,437,,2020-09-17T23:59:00Z,356029,5465,,4492,137,1,,,10147,509,9624,,,,,,,,23,43,13003,364424,12873,364424,,0,1,3db990e9e2c3fb1ef74ff73d05cb96e73fb49ed9,0,0,0,0,0,
20200917,ME,4962,504,346416,,totalTestsViral,343156,12,436,5,,0,,4317,9/16/2020 23:59,2020-09-16T23:59:00Z,09/16 19:59,138,436,,2020-09-16T23:59:00Z,343156,5417,,4458,137,1,,,10133,509,9610,,,,,,,,23,21,9170,351378,9174,351378,,0,3,82518a18fbb9ddb8213dabb71977f558ee7c3fa8,0,0,0,0,0,
20200916,ME,4941,507,337246,,totalTestsViral,333982,10,433,5,,0,,4307,9/15/2020 23:59,2020-09-15T23:59:00Z,09/15 19:59,138,433,,2020-09-15T23:59:00Z,333982,5392,,4434,137,1,,,10060,504,9542,,,,,,,,23,23,5675,342187,5524,342187,,1,1,1da5be1ad5338e405d102c7a6bbb77661b8b8abb,0,0,0,0,0,
20200915,ME,4918,503,331571,,totalTestsViral,328458,10,432,5,,0,,4280,9/14/2020 23:59,2020-09-14T23:59:00Z,09/14 19:59,137,432,,2020-09-14T23:59:00Z,328458,5366,,4415,136,1,,,10020,503,9503,,,,,,,,23,15,2697,336489,2534,336489,,1,1,8f6d9f05d0098f1d6889c8dae8d25dc4c963b777,0,0,0,0,0,
20200914,ME,4903,502,328874,,totalTestsViral,325924,9,431,5,,3,,4237,9/13/2020 23:59,2020-09-13T23:59:00Z,09/13 19:59,136,431,,2020-09-13T23:59:00Z,325924,5350,,4401,135,1,,,9995,503,9478,,,,,,,,23,40,3569,333777,3542,333777,,0,0,3f52fbf00868e0d007754dcf498fc0616784ac43,0,0,0,0,0,
20200913,ME,4863,487,325305,,totalTestsViral,322382,11,431,6,,3,,4226,9/12/2020 23:59,2020-09-12T23:59:00Z,09/12 19:59,136,431,,2020-09-12T23:59:00Z,322382,5322,,4376,135,1,,,9990,503,9473,,,,,,,,23,29,5136,330168,5049,330168,,1,0,02e40c9ee195af5f1e510d141fdce8f6931bf36b,0,0,0,0,0,
20200912,ME,4834,485,320169,,totalTestsViral,317333,10,431,6,,4,,4211,9/11/2020 23:59,2020-09-11T23:59:00Z,09/11 19:59,135,431,,2020-09-11T23:59:00Z,317333,5295,,4349,134,1,,,9957,503,9440,,,,,,,,23,42,4953,325003,4884,325003,,1,-1,5936499897eb8afaaba24bc7d88f59141005d872,0,0,0,0,0,
20200911,ME,4792,475,315216,,totalTestsViral,312449,10,432,6,,5,,4191,9/10/2020 23:59,2020-09-10T23:59:00Z,09/10 19:59,134,432,,2020-09-10T23:59:00Z,312449,5263,,4317,133,1,,,9943,503,9426,,,,,,,,23,32,6067,320008,5979,320008,,0,1,0d1781079ad8f55dbd74a99c52aae07ebefb1cdc,0,0,0,0,0,
20200910,ME,4760,473,309149,,totalTestsViral,306470,11,431,7,,3,,4153,9/9/2020 23:59,2020-09-09T23:59:00Z,09/09 19:59,134,431,,2020-09-09T23:59:00Z,306470,5222,,4287,133,1,,,9931,500,9417,,,,,,,,23,26,4158,313909,4118,313909,,0,2,d75cb84e5f55757ba9c4d016a1125458ba08193a,0,0,0,0,0,
20200909,ME,4734,476,304991,,totalTestsViral,302352,9,429,7,,3,,4135,9/8/2020 23:59,2020-09-08T23:59:00Z,09/08 19:59,134,429,,2020-09-08T23:59:00Z,302352,5190,,4258,133,1,,,9907,499,9395,,,,,,,,23,21,6998,309725,6775,309725,,0,0,db3fc67db0d60da2db9ff36a26407f7001760356,0,0,0,0,0,
20200908,ME,4713,469,297993,,totalTestsViral,295577,7,429,6,,2,,4086,9/7/2020 23:59,2020-09-07T23:59:00Z,09/07 19:59,134,429,,2020-09-07T23:59:00Z,295577,5167,,4244,133,1,,,9906,499,9394,,,,,,,,23,12,2662,302706,2626,302706,,0,2,0514b175766b819493fb211bddb216ae83d49986,0,0,0,0,0,
20200907,ME,4701,471,295331,,totalTestsViral,292951,8,427,3,,2,,4076,9/6/2020 23:59,2020-09-06T23:59:00Z,09/06 19:59,134,427,,2020-09-06T23:59:00Z,292951,5147,,4230,133,1,,,9904,499,9392,,,,,,,,23,19,3159,300032,3231,300032,,0,3,2acd403919d23de7808436c80bd5c4aaec63edd7,0,0,0,0,0,
20200906,ME,4682,472,292172,,totalTestsViral,289720,6,424,2,,2,,4049,9/5/2020 23:59,2020-09-05T23:59:00Z,09/05 19:59,134,424,,2020-09-05T23:59:00Z,289720,5123,,4210,133,1,,,9760,491,9256,,,,,,,,23,15,4864,296854,4760,296854,,0,0,b2bb2bcaccf10db5a238ae65bf89b2642885125f,0,0,0,0,0,
20200905,ME,4667,470,287308,,totalTestsViral,284960,5,424,2,,2,,4037,9/4/2020 23:59,2020-09-04T23:59:00Z,09/04 19:59,134,424,,2020-09-04T23:59:00Z,284960,5109,,4197,133,1,,,9738,488,9237,,,,,,,,23,35,5337,291975,5227,291975,,0,1,e0a930a31c0cd8cb6f0198d2be5f1548aae21ecc,0,0,0,0,0,
20200904,ME,4632,468,281971,,totalTestsViral,279733,9,423,5,,2,,4006,9/3/2020 23:59,2020-09-03T23:59:00Z,09/03 19:59,134,423,,2020-09-03T23:59:00Z,279733,5076,,4164,133,1,,,9722,484,9225,,,,,,,,23,15,5535,286603,5397,286603,,1,-1,9b29810ff7325dffc322f199f8509ea935f83270,0,0,0,0,0,
20200903,ME,4617,472,276436,,totalTestsViral,274336,9,424,4,,1,,3988,9/2/2020 23:59,2020-09-02T23:59:00Z,09/02 19:59,133,424,,2020-09-02T23:59:00Z,274336,5050,,4145,132,1,,,9700,482,9205,,,,,,,,23,50,7971,281053,7906,281053,,0,1,e38e1e0648b727fadfc39edeb3bc41cb0b844943,0,0,0,0,0,
20200902,ME,4567,467,268465,,totalTestsViral,266430,11,423,6,,1,,3978,9/1/2020 23:59,2020-09-01T23:59:00Z,09/01 19:59,133,423,,2020-09-01T23:59:00Z,266430,5009,,4100,132,1,,,9646,480,9153,,,,,,,,23,19,4278,273032,4190,273032,,1,2,8a1c0c7ca90e546e2529c0b4e27607a5ddc5ab25,0,0,0,0,0,
20200901,ME,4548,467,264187,,totalTestsViral,262240,9,421,5,,1,,3945,8/31/2020 23:59,2020-08-31T23:59:00Z,08/31 19:59,132,421,,2020-08-31T23:59:00Z,262240,4986,,4081,131,1,,,9581,479,9089,,,,,,,,23,22,5778,268735,5571,268735,,0,1,edef074cdf2ead5e063befcac6f160d305cace83,0,0,0,0,0,
20200831,ME,4526,466,258409,,totalTestsViral,256669,6,420,4,,1,,3923,8/30/2020 23:59,2020-08-30T23:59:00Z,08/30 19:59,132,420,,2020-08-30T23:59:00Z,256669,4965,,4060,131,1,,,9548,479,9056,,,,,,,,23,14,3260,262935,3199,262935,,0,0,2078ef011fd995bccc739688b7556d23cc362daa,0,0,0,0,0,
20200830,ME,4512,465,255149,,totalTestsViral,253470,7,420,4,,1,,3910,8/29/2020 23:59,2020-08-29T23:59:00Z,08/29 19:59,132,420,,2020-08-29T23:59:00Z,253470,4953,,4047,131,1,,,9537,479,9045,,,,,,,,23,23,4280,259661,4211,259661,,0,2,1aedf4271f8b5ab307d9e34ce6ef1770b388f31c,0,0,0,0,0,
20200829,ME,4489,457,250869,,totalTestsViral,249259,8,418,2,,1,,3899,8/28/2020 23:59,2020-08-28T23:59:00Z,08/28 19:59,132,418,,2020-08-28T23:59:00Z,249259,4934,,4032,131,1,,,9507,478,9016,,,,,,,,23,53,4132,255358,4067,255358,,0,1,5d65ffedb885f39cb0a90b86ffe576a3a49e2070,0,0,0,0,0,
20200828,ME,4436,455,246737,,totalTestsViral,245192,10,417,6,,1,,3887,8/27/2020 23:59,2020-08-27T23:59:00Z,08/27 19:59,132,417,,2020-08-27T23:59:00Z,245192,4894,,3981,131,1,,,9491,477,9001,,,,,,,,23,22,5224,251173,5123,251173,,0,2,04470bf704f6493fc30af2f45ce20119ef6f9c84,0,0,0,0,0,
20200827,ME,4414,453,241513,,totalTestsViral,240069,9,415,4,,1,,3847,8/26/2020 23:59,2020-08-26T23:59:00Z,08/26 19:59,132,415,,2020-08-26T23:59:00Z,240069,4859,,3961,131,1,,,9469,474,8982,,,,,,,,23,25,3906,245927,3780,245927,,0,3,3e928467e8d15b9879c01bd19f64a9bb27d4aa82,0,0,0,0,0,
20200826,ME,4389,447,237607,,totalTestsViral,236289,8,412,5,,1,,3818,8/25/2020 23:59,2020-08-25T23:59:00Z,08/25 19:59,132,412,,2020-08-25T23:59:00Z,236289,4839,,3942,131,1,,,9431,474,8944,,,,,,,,23,21,4601,241996,4533,241996,,1,2,1faf28795b390667a7f1df384eaea3f7b3226278,0,0,0,0,0,
20200825,ME,4368,449,233006,,totalTestsViral,231756,8,410,5,,1,,3784,8/24/2020 23:59,2020-08-24T23:59:00Z,08/24 19:59,131,410,,2020-08-24T23:59:00Z,231756,4812,,3919,130,1,,,9411,472,8926,,,,,,,,23,12,2506,237374,2432,237374,,0,1,09f4424a7e30d1ae3ce7f96dd09729f78439de28,0,0,0,0,0,
20200824,ME,4356,446,230500,,totalTestsViral,229324,6,409,5,,1,,3762,8/23/2020 23:59,2020-08-23T23:59:00Z,08/23 19:59,131,409,,2020-08-23T23:59:00Z,229324,4802,,3910,130,1,,,9409,470,8926,,,,,,,,23,21,3134,234856,3085,234856,,0,1,7b731869dc592c56a2f0fc732aa5742bd80af531,0,0,0,0,0,
20200823,ME,4335,445,227366,,totalTestsViral,226239,4,408,2,,1,,3734,8/22/2020 23:59,2020-08-22T23:59:00Z,08/22 19:59,131,408,,2020-08-22T23:59:00Z,226239,4782,,3890,130,1,,,9400,470,8917,,,,,,,,23,18,3932,231701,3880,231701,,1,1,2e8f9db3c6a62400529b4281165b7dda0e3dba0a,0,0,0,0,0,
20200822,ME,4317,445,223434,,totalTestsViral,222359,4,407,1,,1,,3718,8/21/2020 23:59,2020-08-21T23:59:00Z,08/21 19:59,130,407,,2020-08-21T23:59:00Z,222359,4757,,3872,129,1,,,9365,467,8885,,,,,,,,23,32,3854,227751,3790,227751,,1,0,92fd69b80bf25fc797f6617c0453f6254ff0c48a,0,0,0,0,0,
20200821,ME,4285,438,219580,,totalTestsViral,218569,7,407,1,,1,,3698,8/20/2020 23:59,2020-08-20T23:59:00Z,08/20 19:59,129,407,,2020-08-20T23:59:00Z,218569,4730,,3847,128,1,,,9342,467,8862,,,,,,,,23,32,3648,223865,3558,223865,,1,2,f29188936024b7b492955da7153f1162478d66bd,0,0,0,0,0,
20200820,ME,4253,441,215932,,totalTestsViral,215011,7,405,1,,1,,3679,8/19/2020 23:59,2020-08-19T23:59:00Z,08/19 19:59,128,405,,2020-08-19T23:59:00Z,215011,4693,,3812,127,1,,,9311,460,8838,,,,,,,,23,19,2924,220185,2661,220185,,1,2,3c059be8187dc7c9910ef02d207327d438dc8355,0,0,0,0,0,
20200819,ME,4234,435,213008,,totalTestsViral,212350,9,403,2,,1,,3662,8/18/2020 23:59,2020-08-18T23:59:00Z,08/18 19:59,127,403,,2020-08-18T23:59:00Z,212350,4682,,3799,126,1,,,9285,459,8813,,,,,,,,23,21,2895,217242,2816,217242,,0,2,321accda392a119f7cfbde108af517d778317990,0,0,0,0,0,
20200818,ME,4213,432,210113,,totalTestsViral,209534,10,401,5,,1,,3649,8/17/2020 23:59,2020-08-17T23:59:00Z,08/17 19:59,127,401,,2020-08-17T23:59:00Z,209534,4658,,3781,126,1,,,9268,456,8799,,,,,,,,23,16,1756,214326,1692,214326,,0,2,477c7b5892e9f59243372dc9f365f2dba4e4e6a5,0,0,0,0,0,
20200817,ME,4197,430,208357,,totalTestsViral,207842,10,399,3,,1,,3638,8/16/2020 23:59,2020-08-16T23:59:00Z,08/16 19:59,127,399,,2020-08-16T23:59:00Z,207842,4648,,3767,126,1,,,9260,456,8791,,,,,,,,23,29,2302,212554,2218,212554,,0,-1,0c8e50dcf070c3c6edcf58db1b090ce62ba6cb3a,0,0,0,0,0,
20200816,ME,4168,421,206055,,totalTestsViral,205624,9,400,2,,1,,3624,8/15/2020 23:59,2020-08-15T23:59:00Z,08/15 19:59,127,400,,2020-08-15T23:59:00Z,205624,4628,,3747,126,1,,,9254,454,8787,,,,,,,,23,24,2845,210223,2768,210223,,0,1,46f4eac1dae6f9f5edbb2828ae4f4e68581b4938,0,0,0,0,0,
20200815,ME,4144,418,203210,,totalTestsViral,202856,5,399,2,,1,,3616,8/14/2020 23:59,2020-08-14T23:59:00Z,08/14 19:59,127,399,,2020-08-14T23:59:00Z,202856,4602,,3726,126,1,,,9208,454,8741,,,,,,,,23,29,2282,207354,2211,207354,,1,0,fccbf018f957a460312ef2a0e9e95eb0a896e740,0,0,0,0,0,
20200814,ME,4115,418,200928,,totalTestsViral,200645,6,399,2,,1,,3604,8/13/2020 23:59,2020-08-13T23:59:00Z,08/13 19:59,126,399,,2020-08-13T23:59:00Z,200645,4579,,3697,125,1,,,9186,450,8723,,,,,,,,23,26,2733,205043,2669,205043,,0,4,4be2ed3390ae4d871d53a19742c975fd337fcf7b,0,0,0,0,0,
20200813,ME,4089,410,198195,,totalTestsViral,197976,11,395,5,,3,,3592,8/12/2020 23:59,2020-08-12T23:59:00Z,08/12 19:59,126,395,,2020-08-12T23:59:00Z,197976,4564,,3679,125,1,,,9165,446,8706,,,,,,,,23,19,3147,202284,3062,202284,,0,1,e05c8b94b7e772f3ae1a1787cd97b2c7086f0378,0,0,0,0,0,
20200812,ME,4070,408,195048,,totalTestsViral,194914,9,394,4,,1,,3579,8/11/2020 23:59,2020-08-11T23:59:00Z,08/11 19:59,126,394,,2020-08-11T23:59:00Z,194914,4547,,3662,125,1,,,9133,441,8679,,,,,,,,23,20,6645,199118,5324,199118,,0,0,e8903df79111b627dc6fc6cafb5cdce5451f7013,0,0,0,0,0,
20200811,ME,4050,406,188403,,totalTestsViral,189590,9,394,4,,1,,3560,8/10/2020 23:59,2020-08-10T23:59:00Z,08/10 19:59,126,394,,2020-08-10T23:59:00Z,189590,4526,,3644,125,1,,,9117,441,8663,,,,,,,,23,1,1546,192453,1519,192453,,1,1,138a12f8d1aed32fe4977049b9bfd0197c9484b4,0,0,0,0,0,
20200810,ME,4049,408,186857,,totalTestsViral,188071,8,393,3,,1,,3537,8/9/2020 23:59,2020-08-09T23:59:00Z,08/09 19:59,125,393,,2020-08-09T23:59:00Z,188071,4516,,3641,124,1,,,9110,440,8657,,,,,,,,23,7,1913,190906,1850,190906,,0,0,af4c0f8f7f87958ee9296a5bf033a93960786443,0,0,0,0,0,
20200809,ME,4042,417,184944,,totalTestsViral,186221,9,393,3,,1,,3512,8/8/2020 23:59,2020-08-08T23:59:00Z,08/08 19:59,125,393,,2020-08-08T23:59:00Z,186221,4504,,3625,124,1,,,9097,440,8644,,,,,,,,23,16,2569,188986,2483,188986,,0,0,e6141c9d511bcd633c0b654c1842fe98f38cedc5,0,0,0,0,0,
20200808,ME,4026,417,182375,,totalTestsViral,183738,9,393,4,,0,,3504,8/7/2020 23:59,2020-08-07T23:59:00Z,08/07 19:59,125,393,,2020-08-07T23:59:00Z,183738,4488,,3609,124,1,,,9031,435,8584,,,,,,,,23,12,2667,186401,2573,186401,,1,0,1da2b2675fbb4b246418e6dc40f961efb84f1ad1,0,0,0,0,0,
20200807,ME,4014,415,179708,,totalTestsViral,181165,10,393,5,,1,,3479,8/6/2020 23:59,2020-08-06T23:59:00Z,08/06 19:59,124,393,,2020-08-06T23:59:00Z,181165,4475,,3599,123,1,,,9016,433,8571,,,,,,,,23,17,2789,183722,2706,183722,,0,3,7c8f95250c124c59042eab487903d62729f4a1ec,0,0,0,0,0,
20200806,ME,3997,415,176919,,totalTestsViral,178459,11,390,3,,1,,3475,8/5/2020 23:59,2020-08-05T23:59:00Z,08/05 19:59,124,390,,2020-08-05T23:59:00Z,178459,4461,,3582,123,1,,,8982,430,8540,,,,,,,,23,5,2666,180916,2564,180916,,0,0,5c7486c02fc4cd8bad307249d406bb4da65ef927,0,0,0,0,0,
20200805,ME,3992,424,174253,,totalTestsViral,175895,10,390,4,,1,,3456,8/4/2020 23:59,2020-08-04T23:59:00Z,08/04 19:59,124,390,,2020-08-04T23:59:00Z,175895,4441,,3568,123,1,,,8952,426,8514,,,,,,,,23,17,2467,178245,2424,178245,,1,2,da43f1f12c8de09fedd180d38e6ad92a446f51ab,0,0,0,0,0,
20200804,ME,3975,427,171786,,totalTestsViral,173471,12,388,1,,1,,3424,8/3/2020 23:59,2020-08-03T23:59:00Z,08/03 19:59,123,388,,2020-08-03T23:59:00Z,173471,4417,,3548,122,1,,,8930,424,8494,,,,,,,,23,5,1611,175761,1577,175761,,-1,-1,b75e0fb6a6599c9da01f080f719a7c4028e754a9,0,0,0,0,0,
20200803,ME,3970,429,170175,,totalTestsViral,171894,12,389,3,,1,,3396,8/2/2020 23:59,2020-08-02T23:59:00Z,08/02 19:59,124,389,,2020-08-02T23:59:00Z,171894,4407,,3541,122,2,,,8909,419,8478,,,,,,,,23,12,2059,174145,2012,174145,,1,1,1c9bb222340500a8665e767b54f41ca969c756d0,0,0,0,0,0,
20200802,ME,3958,423,168116,,totalTestsViral,169882,12,388,4,,1,,3387,8/1/2020 23:59,2020-08-01T23:59:00Z,08/01 19:59,123,388,,2020-08-01T23:59:00Z,169882,4398,,3535,122,1,,,8898,418,8468,,,,,,,,23,21,2307,172074,2271,172074,,0,0,8ebe0eed6ebd7525458a8652ba75942cbbbb1ed3,0,0,0,0,0,
20200801,ME,3937,421,165809,,totalTestsViral,167611,10,388,5,,1,,3377,7/31/2020 23:59,2020-07-31T23:59:00Z,07/31 19:59,123,388,,2020-07-31T23:59:00Z,167611,4372,,3516,122,1,,,8854,417,8425,,,,,,,,23,25,2554,169746,2471,169746,,0,0,05079a99050a0b19f786a450c4672ab31fd989e0,0,0,0,0,0,
20200731,ME,3912,413,163255,,totalTestsViral,165140,12,388,7,,2,,3361,7/30/2020 23:59,2020-07-30T23:59:00Z,07/30 19:59,123,388,,2020-07-30T23:59:00Z,165140,4355,,3499,122,1,,,8821,413,8396,,,,,,,,23,24,2336,167167,2298,167167,,1,2,0df199fb1972b39f27f7e7b5bba4deb82b1e461d,0,0,0,0,0,
20200730,ME,3888,411,160919,,totalTestsViral,162842,11,386,8,,3,,3345,7/29/2020 23:59,2020-07-29T23:59:00Z,07/29 19:59,122,386,,2020-07-29T23:59:00Z,162842,4324,,3477,121,1,,,8795,412,8371,,,,,,,,23,22,2708,164807,2663,164807,,1,1,ac34f08efe554c8110cd1944b376e969ce78a9b7,0,0,0,0,0,
20200729,ME,3866,409,158211,,totalTestsViral,160179,11,385,8,,5,,3336,7/28/2020 23:59,2020-07-28T23:59:00Z,07/28 19:59,121,385,,2020-07-28T23:59:00Z,160179,4308,,3457,120,1,,,8751,407,8332,,,,,,,,23,28,2949,162077,2891,162077,,0,1,4add93abec8520128bf88fdc8dc4a3ae3c430444,0,0,0,0,0,
20200728,ME,3838,405,155262,,totalTestsViral,157288,12,384,7,,2,,3319,7/27/2020 23:59,2020-07-27T23:59:00Z,07/27 19:59,121,384,,2020-07-27T23:59:00Z,157288,4289,,3433,120,1,,,8734,405,8317,,,,,,,,23,6,1653,159100,1622,159100,,2,1,ea4faf61e79b2ffcafa168b45037e6767c23f19c,0,0,0,0,0,
20200727,ME,3832,410,153609,,totalTestsViral,155666,13,383,8,,3,,3292,7/26/2020 23:59,2020-07-26T23:59:00Z,07/26 19:59,119,383,,2020-07-26T23:59:00Z,155666,4278,,3422,118,1,,,8721,405,8304,,,,,,,,23,18,2105,157441,2063,157441,,0,2,2f6b2ddfc0c17b71d8f2ec4c8c4fd9ab1733ff05,0,0,0,0,0,
20200726,ME,3814,406,151504,,totalTestsViral,153603,14,381,10,,3,,3284,7/25/2020 23:59,2020-07-25T23:59:00Z,07/25 19:59,119,381,,2020-07-25T23:59:00Z,153603,4260,,3408,118,1,,,8695,404,8279,,,,,,,,23,24,1921,155318,1899,155318,,0,2,7dc51e0d2d829101b5727b06fefa8129bb64454c,0,0,0,0,0,
20200725,ME,3790,403,149583,,totalTestsViral,151704,11,379,8,,2,,3281,7/24/2020 23:59,2020-07-24T23:59:00Z,07/24 19:59,119,379,,2020-07-24T23:59:00Z,151704,4233,,3387,118,1,,,8660,401,8249,,,,,,,,23,33,2720,153373,2665,153373,,1,1,ad230c60726a2ee8610ea66ca0741fd3553da9f8,0,0,0,0,0,
20200724,ME,3757,400,146863,,totalTestsViral,149039,12,378,9,,3,,3259,7/23/2020 23:59,2020-07-23T23:59:00Z,07/23 19:59,118,378,,2020-07-23T23:59:00Z,149039,4201,,3357,117,1,,,8618,395,8213,,,,,,,,23,20,2925,150620,2885,150620,,0,0,3262ac1da7ad34f9f3a21e1b31beb10a398e4529,0,0,0,0,0,
20200723,ME,3737,403,143938,,totalTestsViral,146154,12,378,8,,3,,3239,7/22/2020 23:59,2020-07-22T23:59:00Z,07/22 19:59,118,378,,2020-07-22T23:59:00Z,146154,4178,,3334,117,1,,,8589,390,8189,,,,,,,,23,14,2643,147675,2569,147675,,0,1,000ace8437545959ebd08cffdba0a918f9587b55,0,0,0,0,0,
20200722,ME,3723,402,141295,,totalTestsViral,143585,10,377,8,,4,,3216,7/21/2020 23:59,2020-07-21T23:59:00Z,07/21 19:59,118,377,,2020-07-21T23:59:00Z,143585,4156,,3321,117,1,,,8509,386,8113,,,,,,,,23,0,2775,145018,2736,145018,,0,0,9d6169c3d5a322e481ded8dca6bf25a8b1317f9c,0,0,0,0,0,
20200721,ME,3723,423,138520,,totalTestsViral,140849,12,377,8,,4,,3191,7/20/2020 23:59,2020-07-20T23:59:00Z,07/20 19:59,118,377,,2020-07-20T23:59:00Z,140849,4127,,3300,117,1,,,8479,386,8084,,,,,,,,23,12,3009,142243,2966,142243,,1,2,8ae960111fdce12212c28d1919cf883f780a7540,0,0,0,0,0,
20200720,ME,3711,424,135511,,totalTestsViral,137883,12,375,10,,4,,3159,7/19/2020 23:59,2020-07-19T23:59:00Z,07/19 19:59,117,375,,2020-07-19T23:59:00Z,137883,4112,,3287,116,1,,,8463,385,8068,,,,,,,,23,24,1761,139222,1743,139222,,0,0,56eec02d73b1a562ef5147c2ca5e724d557352b1,0,0,0,0,0,
20200719,ME,3687,421,133750,,totalTestsViral,136140,10,375,9,,7,,3148,7/18/2020 23:59,2020-07-18T23:59:00Z,07/18 19:59,117,375,,2020-07-18T23:59:00Z,136140,4089,,3266,116,1,,,8445,385,8050,,,,,,,,23,41,2467,137437,2421,137437,,0,0,af2c3b08fc03d4e7cfb149c84f4f847154718ccf,0,0,0,0,0,
20200718,ME,3646,394,131283,,totalTestsViral,133719,9,375,8,,5,,3136,7/17/2020 23:59,2020-07-17T23:59:00Z,07/17 19:59,117,375,,2020-07-17T23:59:00Z,133719,4063,,3252,116,1,,,8378,380,7989,,,,,,,,23,10,1474,134929,1433,134929,,2,0,db66b3cbafb0b35f4e00999ef2c8b6b371d3141b,0,0,0,0,0,
20200717,ME,3636,397,129809,,totalTestsViral,132286,12,375,11,,5,,3114,7/16/2020 23:59,2020-07-16T23:59:00Z,07/16 19:59,115,375,,2020-07-16T23:59:00Z,132286,4049,,3239,114,1,,,8346,377,7960,,,,,,,,23,38,2945,133445,2850,133445,,1,1,5ba395389d26278aa473d63c148d043386c523d2,0,0,0,0,0,
20200716,ME,3598,391,126864,,totalTestsViral,129436,13,374,11,,4,,3094,7/15/2020 23:59,2020-07-15T23:59:00Z,07/15 19:59,114,374,,2020-07-15T23:59:00Z,129436,4014,,3207,113,1,,,8263,375,7879,,,,,,,,23,20,2511,130462,2449,130462,,0,1,f140ab7909604bd923d270545c22c48faccbf249,0,0,0,0,0,
20200715,ME,3578,392,124353,,totalTestsViral,126987,12,373,9,,4,,3079,7/14/2020 23:59,2020-07-14T23:59:00Z,07/14 19:59,114,373,,2020-07-14T23:59:00Z,126987,3988,,3186,113,1,,,8188,373,7806,,,,,,,,23,12,2444,127931,2418,127931,,0,0,4bc1d4833002f4f7d404ef977a7ed1b82c380057,0,0,0,0,0,
20200714,ME,3566,398,121909,,totalTestsViral,124569,17,373,7,,3,,3062,7/13/2020 23:59,2020-07-13T23:59:00Z,07/13 19:59,114,373,,2020-07-13T23:59:00Z,124569,3969,,3168,113,1,,,8154,373,7772,,,,,,,,23,8,1505,125475,1488,125475,,0,1,87d44d452c08c146157386104bb3f1d661edc3ac,0,0,0,0,0,
20200713,ME,3558,399,120404,,totalTestsViral,123081,18,372,8,,3,,3008,7/12/2020 23:59,2020-07-12T23:59:00Z,07/12 19:59,114,372,,2020-07-12T23:59:00Z,123081,3946,,3159,113,1,,,8135,370,7756,,,,,,,,23,19,1629,123962,1609,123962,,0,1,ac65fbd856ad75161558cd32c80e0fa444008865,0,0,0,0,0,
20200712,ME,3539,396,118775,,totalTestsViral,121472,19,371,9,,3,,2994,7/11/2020 23:59,2020-07-11T23:59:00Z,07/11 19:59,114,371,,2020-07-11T23:59:00Z,121472,3932,,3143,113,1,,,8116,375,7733,,,,,,,,23,19,2405,122314,2376,122314,,2,3,6e1e207458743b6d75925b240fd6fb018e3bb3e5,0,0,0,0,0,
20200711,ME,3520,389,116370,,totalTestsViral,119096,16,368,7,,4,,2972,7/10/2020 23:59,2020-07-10T23:59:00Z,07/10 19:59,112,368,,2020-07-10T23:59:00Z,119096,3912,,3131,111,1,,,8035,369,7658,,,,,,,,23,21,1463,119890,1532,119890,,1,2,9a21011a337e4f193eb7503cb01fc69fb4f3c822,0,0,0,0,0,
20200710,ME,3499,389,114907,,totalTestsViral,117564,15,366,7,,4,,2931,7/9/2020 23:59,2020-07-09T23:59:00Z,07/09 19:59,111,366,,2020-07-09T23:59:00Z,117564,3885,,3110,110,1,,,7900,365,7526,,,,,,,,23,13,2635,118406,2561,118406,,0,1,c5c140d77fcf3088c3c4cf7c4c8738cb7ccd7c73,0,0,0,0,0,
20200709,ME,3486,394,112272,,totalTestsViral,115003,16,365,7,,4,,2901,7/8/2020 23:59,2020-07-08T23:59:00Z,07/08 19:59,111,365,,2020-07-08T23:59:00Z,115003,3869,,3092,110,1,,,7847,364,7474,,,,,,,,23,26,2794,115758,2721,115758,,1,2,c4c2f9301e6d8f647ff318ee81b7e8985a959b55,0,0,0,0,0,
20200708,ME,3460,395,109478,,totalTestsViral,112282,22,363,8,,5,,2856,7/7/2020 23:59,2020-07-07T23:59:00Z,07/07 19:59,110,363,,2020-07-07T23:59:00Z,112282,3841,,3065,109,1,,,7768,361,7398,,,,,,,,23,20,2012,112938,1991,112938,,0,3,42f773588eec046b3bae0f4395cafa9d9907248b,0,0,0,0,0,
20200707,ME,3440,390,107466,,totalTestsViral,110291,22,360,9,,4,,2816,7/6/2020 23:59,2020-07-06T23:59:00Z,07/06 19:59,110,360,,2020-07-06T23:59:00Z,110291,3827,,3050,109,1,,,7743,359,7375,,,,,,,,23,17,1339,110906,1343,110906,,1,1,6b466691d30da1a4aaabed33cabb8156854aca37,0,0,0,0,0,
20200706,ME,3423,389,106127,,totalTestsViral,108948,21,359,9,,4,,2787,7/5/2020 23:59,2020-07-05T23:59:00Z,07/05 19:59,109,359,,2020-07-05T23:59:00Z,108948,3814,,3034,108,1,,,7730,358,7363,,,,,,,,23,8,1610,109550,1571,109550,,0,0,ff1671c35343044ce65d818fc9651295b4c9a146,0,0,0,0,0,
20200705,ME,3415,387,104517,,totalTestsViral,107377,25,359,9,,3,,2772,7/4/2020 23:59,2020-07-04T23:59:00Z,07/04 19:59,109,359,,2020-07-04T23:59:00Z,107377,3806,,3028,108,1,,,7713,354,7350,,,,,,,,23,18,1969,107932,1949,107932,,2,1,90ba5694f939cdaab0cad832eb0ea7623e5e39a3,0,0,0,0,0,
20200704,ME,3397,385,102548,,totalTestsViral,105428,27,358,9,,3,,2751,7/3/2020 23:59,2020-07-03T23:59:00Z,07/03 19:59,107,358,,2020-07-03T23:59:00Z,105428,3787,,3012,106,1,,,7700,353,7338,,,,,,,,23,24,2472,105945,2417,105945,,2,0,622c36ef67e9833fb3f98c8c609e4aa9a29d9a44,0,0,0,0,0,
20200703,ME,3373,388,100076,,totalTestsViral,103011,27,358,9,,3,,2731,7/2/2020 23:59,2020-07-02T23:59:00Z,07/02 19:59,105,358,,2020-07-02T23:59:00Z,103011,3717,,2985,104,1,,,7607,349,7249,,,,,,,,23,45,2587,103449,2563,103449,,0,4,19d8ba1266b5fdaccc7305d99efc27c37ea9203a,0,0,0,0,0,
20200702,ME,3328,377,97489,,totalTestsViral,100448,30,354,9,,3,,2698,7/1/2020 23:59,2020-07-01T23:59:00Z,07/01 19:59,105,354,,2020-07-01T23:59:00Z,100448,3671,,2951,104,1,,,7548,345,7194,,,,,,,,23,34,3542,100817,2218,100817,,0,3,613fcff08c13b81bebb5af2c0ae08eb603d6a8db,0,0,0,0,0,
20200701,ME,3294,372,93947,,totalTestsViral,98230,29,351,8,,3,,2671,6/30/2020 23:59,2020-06-30T23:59:00Z,06/30 19:59,105,351,,2020-06-30T23:59:00Z,98230,3633,,2922,104,1,,,7496,338,7149,,,,,,,,23,41,2248,97241,2236,97241,,0,3,af15276364530e60ad9de55920990c82f596db84,0,0,0,0,0,
20200630,ME,3253,360,91699,,totalTestsViral,95994,29,348,9,,4,,2646,6/29/2020 23:59,2020-06-29T23:59:00Z,06/29 19:59,105,348,,2020-06-29T23:59:00Z,95994,3600,,2893,104,1,,,7447,332,7106,,,,,,,,23,34,1395,94952,1426,94952,,0,1,1de18ddf019544b174b757098506510aa5d99cc5,0,0,0,0,0,
20200629,ME,3219,356,90304,,totalTestsViral,94568,31,347,8,,4,,2623,6/28/2020 23:59,2020-06-28T23:59:00Z,06/28 19:59,105,347,,2020-06-28T23:59:00Z,94568,3565,,2863,104,1,,,7359,327,7023,,,,,,,,23,28,0,93523,1238,93523,,1,1,ada986c556ec64c68b2855bcd6f0cdb20637eb78,0,0,0,0,0,
20200628,ME,3191,353,90304,,totalTestsViral,93330,31,346,10,,4,,2577,6/27/2020 23:59,2020-06-27T23:59:00Z,06/27 19:59,104,346,,2020-06-27T23:59:00Z,93330,3541,,2838,103,1,,,7359,327,7023,,,,,,,,23,37,1526,93495,1523,93495,,0,1,a0acc7ac9988861c9aabe1d873938d009b14e217,0,0,0,0,0,
20200627,ME,3154,345,88778,,totalTestsViral,91807,24,345,7,,5,,2566,6/26/2020 23:59,2020-06-26T23:59:00Z,06/26 19:59,104,345,,2020-06-26T23:59:00Z,91807,3512,,2809,103,1,,,7271,320,6943,,,,,,,,23,52,2026,91932,2052,91932,,1,2,7d82f8abb4bb2ad02461f5a34f8574b656f64b4d,0,0,0,0,0,
20200626,ME,3102,344,86752,,totalTestsViral,89755,28,343,9,,6,,2542,6/25/2020 23:59,2020-06-25T23:59:00Z,06/25 19:59,103,343,,2020-06-25T23:59:00Z,89755,3454,,2758,102,1,,,7123,316,6799,,,,,,,,23,32,2224,89854,2211,89854,,0,0,58a4266efc1c9291bcb98dacd02a8ab180ff7dc0,0,0,0,0,0,
20200625,ME,3070,339,84528,,totalTestsViral,87544,25,343,10,,7,,2512,6/24/2020 23:59,2020-06-24T23:59:00Z,06/24 19:59,103,343,,2020-06-24T23:59:00Z,87544,3415,,2731,102,1,,,7099,311,6780,,,,,,,,23,53,2355,87598,2398,87598,,0,4,e970b40ef262c059a773a65512707db730250442,0,0,0,0,0,
20200624,ME,3017,337,82173,,totalTestsViral,85146,26,339,12,,6,,2490,6/23/2020 23:59,2020-06-23T23:59:00Z,06/23 19:59,103,339,,2020-06-23T23:59:00Z,85146,3367,,2680,102,1,,,6968,308,6652,,,,,,,,23,23,3460,85190,1867,85190,,1,0,30e9a3b3d1a632bcd193e91667d798f35cca8c91,0,0,0,0,0,
20200623,ME,2994,339,78713,,totalTestsViral,83279,24,339,12,,6,,2443,6/23/2020 12:30,2020-06-23T12:30:00Z,06/23 08:30,102,339,,2020-06-23T12:30:00Z,83279,3333,,2655,101,1,,,6785,307,6470,,,,,,,,23,23,680,81707,992,81707,,0,3,6e7d4e0314e5614c352e75fd1d8814111c9f2693,0,0,0,0,0,
20200622,ME,2971,331,78033,,totalTestsViral,82287,27,336,13,,6,,2409,6/21/2020 23:59,2020-06-21T23:59:00Z,06/21 19:59,102,336,,2020-06-21T23:59:00Z,82287,3319,,2640,102,,,,6649,305,6336,,,,,,,,23,14,0,81004,1251,81004,,0,0,f8e69b88feba9e8eb37f30f28deec1eee9230be4,0,0,0,0,0,
20200621,ME,2957,328,78033,,totalTestsViral,81036,26,336,11,,5,,2391,6/20/2020 23:59,2020-06-20T23:59:00Z,06/20 19:59,102,336,,2020-06-20T23:59:00Z,81036,3305,,2629,102,,,,6649,305,6336,,,,,,,,23,19,1395,80990,1400,80990,,0,3,4af375062dbd0b8e5b41c96e369c671bf49b6e3f,0,0,0,0,0,
20200620,ME,2938,328,76638,,totalTestsViral,79636,29,333,13,,5,,2380,6/19/2020 23:59,2020-06-19T23:59:00Z,06/19 19:59,102,333,,2020-06-19T23:59:00Z,79636,3279,,2610,102,,,,6514,303,6203,,,,,,,,23,25,2390,79576,1305,79576,,0,5,770753562885ab3e59e6f816849a4d202abe72ea,0,0,0,0,0,
20200619,ME,2913,327,74248,,totalTestsViral,78331,26,328,11,,5,,2323,6/18/2020 23:59,2020-06-18T23:59:00Z,06/18 19:59,102,328,,2020-06-18T23:59:00Z,78331,3250,,2586,102,,,,6395,300,6087,,,,,,,,23,35,3066,77161,1538,77161,,0,5,640e770d0958559daaf16cc3a3151e4f0a3b0777,0,0,0,0,0,
20200618,ME,2878,323,71182,,totalTestsViral,76793,27,323,10,,4,,2300,6/17/2020 23:59,2020-06-17T23:59:00Z,06/17 19:59,102,323,,2020-06-17T23:59:00Z,76793,3218,,2555,102,,,,6145,294,5843,,,,,,,,23,42,0,74060,1573,74060,,0,0,798c9941e755f3db33e15a33afdff8d3f7400e90,0,0,0,0,0,
20200617,ME,2836,327,71182,,totalTestsViral,75220,27,323,10,,5,,2275,6/16/2020 23:59,2020-06-16T23:59:00Z,06/16 19:59,102,323,,2020-06-16T23:59:00Z,75220,3170,,2509,102,,,,6145,294,5843,,,,,,,,23,17,1666,74018,1669,74018,,1,2,9665879c1bdc4f9eaaa5d1141befd12f18a8e3d0,0,0,0,0,0,
20200616,ME,2819,320,69516,,totalTestsViral,73551,30,321,10,,6,,2233,6/15/2020 23:59,2020-06-15T23:59:00Z,06/15 19:59,101,321,,2020-06-15T23:59:00Z,73551,3147,,2499,101,,,,6013,290,5715,,,,,,,,23,9,1355,72335,1347,72335,,0,4,25cac0b731dabbcac592a0abaa13a953f0b9ca48,0,0,0,0,0,
20200615,ME,2810,315,68161,,totalTestsViral,72204,31,317,11,,4,,2189,6/15/2020 12:15,2020-06-15T12:15:00Z,06/15 08:15,101,317,,2020-06-15T12:15:00Z,72204,3133,,2495,101,,,,5917,287,5622,,,,,,,,23,17,1096,70971,1092,70971,,1,3,74347973bc1bc1bb41ba60d318bcc30cacd0d0a9,0,0,0,0,0,
20200614,ME,2793,307,67065,,totalTestsViral,71112,29,314,10,,5,,2173,6/14/2020 12:15,2020-06-14T12:15:00Z,06/14 08:15,100,314,,2020-06-14T12:15:00Z,71112,3123,,2486,100,,,,5727,281,5438,,,,,,,,23,36,1472,69858,1494,69858,,0,1,568cee5f0dffe2148c7184fbd94231e340f43328,0,0,0,0,0,
20200613,ME,2757,305,65593,,totalTestsViral,69618,29,313,10,,4,,2152,6/13/2020 12:15,2020-06-13T12:15:00Z,06/13 08:15,100,313,,2020-06-13T12:15:00Z,69618,3080,,2452,100,,,,5611,280,5323,,,,,,,,23,36,1427,68350,1462,68350,,0,5,be3781473f6e4f9cd97edfe4c48ec74e153919b5,0,0,0,0,0,
20200612,ME,2721,301,64166,,totalTestsViral,68156,32,308,11,,5,,2105,6/12/2020 12:15,2020-06-12T12:15:00Z,06/12 08:15,100,308,,2020-06-12T12:15:00Z,68156,3026,,2420,100,,,,5464,274,5182,,,,,,,,23,54,1376,66887,1419,66887,,0,0,33844fc5ba8fb9c9d7e84551e122880bfe846a44,0,0,0,0,0,
20200611,ME,2667,287,62790,,totalTestsViral,66737,29,308,12,,5,,2062,6/11/2020 12:15,2020-06-11T12:15:00Z,06/11 08:15,100,308,,2020-06-11T12:15:00Z,66737,2965,,2380,100,,,,5340,261,5071,,,,,,,,23,30,1487,65457,1503,65457,,0,5,669e5365804e055b20d718e788d4742b5183f98e,0,0,0,0,0,
20200610,ME,2637,287,61303,,totalTestsViral,65234,27,303,10,,5,,2023,6/9/2020 23:59,2020-06-09T23:59:00Z,06/09 19:59,100,303,,2020-06-09T23:59:00Z,65234,2924,,2350,100,,,,5245,257,4980,,,,,,,,23,31,1489,63940,1527,63940,,0,1,1d4820c9a3b59d31142b3375312039670c5f5cc6,0,0,0,0,0,
20200609,ME,2606,284,59814,,totalTestsViral,63707,29,302,10,,7,,1992,6/8/2020 23:59,2020-06-08T23:59:00Z,06/08 19:59,100,302,,2020-06-08T23:59:00Z,63707,2878,,2322,100,,,,5066,255,4803,,,,,,,,23,18,757,62420,781,62420,,1,1,33bbf3468f2f3811134fcb8895abdab1d77d9187,0,0,0,0,0,
20200608,ME,2588,283,59057,,totalTestsViral,62926,37,301,12,,7,,1891,6/7/2020 11:59,2020-06-07T11:59:00Z,06/07 07:59,99,301,,2020-06-07T11:59:00Z,62926,2856,,2305,99,,,,4995,254,4733,,,,,,,,23,18,2658,61645,1171,61645,,0,3,3d61081e616ebb06d6455cddaf75f1d4775ad8a6,0,0,0,0,0,
20200607,ME,2570,275,56399,,totalTestsViral,61755,34,298,15,,7,,1864,6/6/2020 11:59,2020-06-06T11:59:00Z,06/06 07:59,99,298,,2020-06-06T11:59:00Z,61755,2837,,2295,99,,,,4810,247,4555,,,,,,,,23,46,0,58969,1523,58969,,1,2,669a20d11ff76fbdcc299ae931b01eff826e5f1e,0,0,0,0,0,
20200606,ME,2524,271,56399,,totalTestsViral,60232,35,296,14,,7,,1845,6/5/2020 23:59,2020-06-05T23:59:00Z,06/05 19:59,98,296,,2020-06-05T23:59:00Z,60232,2779,,2253,98,,,,4810,247,4555,,,,,,,,23,42,1349,58923,1407,58923,,0,3,6b74b71e2fb4026ab54e27373d250c86add135aa,0,0,0,0,0,
20200605,ME,2482,272,55050,,totalTestsViral,58825,35,293,13,,7,,1797,6/4/2020 23:59,2020-06-04T23:59:00Z,06/04 19:59,98,293,,2020-06-04T23:59:00Z,58825,2719,,2210,98,,,,4726,240,4478,,,,,,,,23,36,1295,57532,1401,57532,,3,2,765541efe9db75efe5ed61ec9e590b9928e4d970,0,0,0,0,0,
20200604,ME,2446,265,53755,,totalTestsViral,57424,35,291,14,,7,,1739,6/3/2020 23:59,2020-06-03T23:59:00Z,06/03 19:59,95,291,,2020-06-03T23:59:00Z,57424,2674,,2181,95,,,,4633,232,4393,,,,,,,,23,28,3164,56201,1542,56201,,0,6,4d74bf35f1ff3b93301f755028e01ea6ee287fcb,0,0,0,0,0,
20200603,ME,2418,266,50591,,totalTestsViral,55882,44,285,14,,10,,1699,6/2/2020 23:59,2020-06-02T23:59:00Z,06/02 19:59,95,285,,2020-06-02T23:59:00Z,55882,2640,,2152,95,,,,4446,226,4212,,,,,,,,23,41,0,53009,1683,53009,,1,-2,860c2f5c9780cc240e797f461a2e794262316626,0,0,0,0,0,
20200602,ME,2377,259,50591,,totalTestsViral,54199,48,287,16,,10,,1646,6/1/2020 23:59,2020-06-01T23:59:00Z,06/01 19:59,94,287,,2020-06-01T23:59:00Z,54199,2587,,2118,94,,,,4328,219,4101,,,,,,,,23,28,3307,52968,749,52968,,5,3,ead6afad0a2fbab3db5dea5320dbb862d4157390,0,0,0,0,0,
20200601,ME,2349,256,47284,,totalTestsViral,53450,52,284,17,,10,,1586,5/31/2020 23:59,2020-05-31T23:59:00Z,05/31 19:59,89,284,,2020-05-31T23:59:00Z,53450,2551,,2093,89,,,,3983,218,3757,,,,,,,,23,24,0,49633,1225,49633,,0,1,f6fe9632c2ea2f7ab2994ff068cc5e3834c2c7cf,0,0,0,0,0,
20200531,ME,2325,258,47284,,totalTestsViral,52225,49,283,18,,10,,1552,5/30/2020 23:59,2020-05-30T23:59:00Z,05/30 19:59,89,283,,2020-05-30T23:59:00Z,52225,2519,,2067,89,,,,3983,218,3757,,,,,,,,23,43,0,49609,1416,49609,,0,11,d3c135e55da3b7d348fa3af12f30a69ebe85b525,0,0,0,0,0,
20200530,ME,2282,257,47284,,totalTestsViral,50809,46,272,18,,11,,1505,5/29/2020 23:59,2020-05-29T23:59:00Z,05/29 19:59,89,272,,2020-05-29T23:59:00Z,50809,2462,,2025,89,,,,3983,218,3757,,,,,,,,23,56,3804,49566,1256,49566,,4,2,39f19ee61976e79ce75a4142bf10b11e24419b6e,0,0,0,0,0,
20200529,ME,2226,255,43480,,totalTestsViral,49553,53,270,18,,12,,1458,5/28/2020 23:59,2020-05-28T23:59:00Z,05/28 19:59,85,270,,2020-05-28T23:59:00Z,49553,2416,,1971,85,,,,3669,198,3463,,,,,,,,23,37,0,45706,1420,45706,,1,6,752fdc52bd4314735c37b26326cb51a5f266f6af,0,0,0,0,0,
20200528,ME,2189,238,43480,,totalTestsViral,48133,58,264,22,,14,,1402,5/27/2020 23:59,2020-05-27T23:59:00Z,05/27 19:59,84,264,,2020-05-27T23:59:00Z,48133,2356,,1951,84,,,,3669,198,3463,,,,,,,,23,52,0,45669,1213,45669,,3,4,b31b7965c766ddf224c2572042c3f2e75948d0a1,0,0,0,0,0,
20200527,ME,2137,223,43480,,totalTestsViral,46920,59,260,25,,14,,1357,5/26/2020 23:59,2020-05-26T23:59:00Z,05/26 19:59,81,260,,2020-05-26T23:59:00Z,46920,2324,,1914,81,,,,3669,198,3463,,,,,,,,23,28,8030,45617,904,45617,,2,2,967339bb25481e5dbb6a582462ff9f1824f519b1,0,0,0,0,0,
20200526,ME,2109,215,35450,,totalTestsViral,46016,60,258,26,,13,,1318,5/25/2020 23:59,2020-05-25T23:59:00Z,05/25 19:59,79,258,,2020-05-25T23:59:00Z,46016,2294,,1894,79,,,28357,2884,177,2704,,,,,,,,23,35,0,37559,872,37559,,1,1,d97cb2f26d079d0a308f91652384c600a558b305,0,0,0,0,0,
20200525,ME,2074,216,35450,,totalTestsViral,45144,59,257,27,,13,,1290,5/25/2020 11:30,2020-05-25T11:30:00Z,05/25 07:30,78,257,,2020-05-25T11:30:00Z,45144,2250,,1858,78,,,28357,2884,177,2704,,,,,,,,23,19,0,37524,681,37524,,0,5,3b16fd6e097ff0c7b787c72077012add17a04e04,0,0,0,0,0,
20200524,ME,2055,210,35450,,totalTestsViral,44463,59,252,27,,13,,1263,5/24/2020 13:00,2020-05-24T13:00:00Z,05/24 09:00,78,252,,2020-05-24T13:00:00Z,44463,2228,,1845,78,,,28357,2884,177,2704,,,,,,,,23,42,0,37505,1428,37505,,1,9,22ec80dda06bec7c1ac3675adb1111abb29c7aa3,0,0,0,0,0,
20200523,ME,2013,209,35450,,totalTestsViral,43035,50,243,26,,11,,1232,5/23/2020 11:00,2020-05-23T11:00:00Z,05/23 07:00,77,243,,2020-05-23T11:00:00Z,43035,2181,,1804,77,,,28357,2884,177,2704,,,,,,,,23,65,0,37463,2070,37463,,2,3,c3a3d1d980fbe434c96f6c32f6b3d915311c58c3,0,0,0,0,0,
20200522,ME,1948,199,35450,,totalTestsViral,40965,45,240,21,,12,,1192,5/22/2020 12:30,2020-05-22T12:30:00Z,05/22 08:30,75,240,,2020-05-22T12:30:00Z,40965,2118,,1749,75,,,28357,2884,177,2704,,,,,,,,23,71,0,37398,1239,37398,,2,5,fe86c13fc6fd9516a6eb5accae5c86a500d78028,0,0,0,0,0,
20200521,ME,1877,199,35450,,totalTestsViral,39726,41,235,21,,12,,1145,5/21/2020 12:00,2020-05-21T12:00:00Z,05/21 08:00,73,235,,2020-05-21T12:00:00Z,39726,2034,,1678,73,,,28357,2884,177,2704,,,,,,,,23,58,0,37327,1087,37327,,0,4,7c37601235fcaf61262ed73b3fa963593cce4e65,0,0,0,0,0,
20200520,ME,1819,187,35450,,totalTestsViral,38639,43,231,24,,12,,1100,5/20/2020 12:30,2020-05-20T12:30:00Z,05/20 08:30,73,231,,2020-05-20T12:30:00Z,38639,1986,,1632,73,,,28357,2884,177,2704,,,,,,,,23,78,13358,37269,1262,37269,,0,6,442a7ebab2a8fea57e86c27d72dae46645703019,0,0,0,0,0,
20200519,ME,1741,180,22092,,totalTestsViral,37377,44,225,19,,11,,1088,5/19/2020 11:30,2020-05-19T11:30:00Z,05/19 07:30,73,225,,2020-05-19T11:30:00Z,37377,1922,,1561,73,,,28357,,,587,,,,,,,,23,28,0,23833,836,23833,,2,2,53d779bbdf36fa80e4a3c1968c9030745e8889c8,0,0,0,0,0,
20200518,ME,1713,180,22092,,totalTestsViral,36541,42,223,16,,10,,1053,5/18/2020 12:15,2020-05-18T12:15:00Z,05/18 08:15,71,223,,2020-05-18T12:15:00Z,36541,1870,,1533,71,,,28357,,,587,,,,,,,,23,26,0,23805,639,23805,,1,7,3be4e9cabd65514fc55eda91f82daa1fb8afd80c,0,0,0,0,0,
20200517,ME,1687,176,22092,,totalTestsViral,35902,37,216,16,,11,,1028,5/17/2020 11:30,2020-05-17T11:30:00Z,05/17 07:30,70,216,,2020-05-17T11:30:00Z,35902,1845,,1511,70,,,28357,,,587,,,,,,,,23,39,0,23779,786,23779,,0,2,02aea82c19cdd39cf30d806fd57ed27468bedde9,0,0,0,0,0,
20200516,ME,1648,171,22092,,totalTestsViral,35116,37,214,19,,10,,1012,5/16/2020 12:00,2020-05-16T12:00:00Z,05/16 08:00,70,214,,2020-05-16T12:00:00Z,35116,1802,,1477,70,,,28357,,,587,,,,,,,,23,45,0,23740,854,23740,,1,3,b0512c6c8b9bcd8ea87c5360020594745169129a,0,0,0,0,0,
20200515,ME,1603,166,22092,,totalTestsViral,34262,35,211,16,,8,,993,5/15/2020 12:00,2020-05-15T12:00:00Z,05/15 08:00,69,211,,2020-05-15T12:00:00Z,34262,1755,,1437,69,,,28357,,,587,,,,,,,,23,38,0,23695,938,23695,,0,4,236f71165fe7540faa50b246fc94737561a79795,0,0,0,0,0,
20200514,ME,1565,160,22092,,totalTestsViral,33324,37,207,18,,7,,958,5/14/2020 12:30,2020-05-14T12:30:00Z,05/14 08:30,69,207,,2020-05-14T12:30:00Z,33324,1725,,1405,69,,,28357,,,587,,,,,,,,23,50,0,23657,1007,23657,,3,3,cbc761297af882a559819a1da324ce4b1db8b08f,0,0,0,0,0,
20200513,ME,1515,143,22092,,totalTestsViral,32317,41,204,20,,7,,943,5/13/2020 12:30,2020-05-13T12:30:00Z,05/13 08:30,66,204,,2020-05-13T12:30:00Z,32317,1678,,1372,66,,,23430,,,587,,,,,,,,23,38,0,23607,781,23607,,1,2,bc76eb34d793e2ab81532e1200a633619524f347,0,0,0,0,0,
20200512,ME,1477,139,22092,,totalTestsViral,31536,34,202,17,,8,,913,5/12/2020 12:30,2020-05-12T12:30:00Z,05/12 08:30,65,202,,2020-05-12T12:30:00Z,31536,1641,,1338,65,,,,,,587,,,,,,,,23,15,0,23569,388,23569,,0,2,108bb774a28d1ae1522744231f551c275a43d7e6,0,0,0,0,0,
20200511,ME,1462,134,22092,,totalTestsViral,31148,37,200,17,,9,,872,5/11/2020 12:00,2020-05-11T12:00:00Z,05/11 08:00,65,200,,2020-05-11T12:00:00Z,31148,1622,,1328,65,,,,,,587,,,,,,,,23,26,0,23554,337,23554,,1,1,e84526e70747bb7a874aef59c4b22df2ce10f7e1,0,0,0,0,0,
20200510,ME,1436,124,22092,,totalTestsViral,30811,36,199,17,,10,,861,5/10/2020 11:30,2020-05-10T11:30:00Z,05/10 07:30,64,199,,2020-05-10T11:30:00Z,30811,1607,,1312,64,,,,,,587,,,,,,,,23,28,0,23528,589,23528,,0,1,cf0be3f496e6f64211316fbe73f11a9018ea6db7,0,0,0,0,0,
20200509,ME,1408,121,22092,,totalTestsViral,30222,43,198,22,,10,,857,5/9/2020 12:00,2020-05-09T12:00:00Z,05/09 08:00,64,198,,2020-05-09T12:00:00Z,30222,1590,,1287,64,,,,,,587,,,,,,,,23,34,0,23500,602,23500,,1,4,0eee32d0bb95e546d0934e4a8091a23781b50c10,0,0,0,0,0,
20200508,ME,1374,110,22092,,totalTestsViral,29620,44,194,23,,10,,836,5/8/2020 12:00,2020-05-08T12:00:00Z,05/08 08:00,63,194,,2020-05-08T12:00:00Z,29620,1559,,1264,63,,,,,,587,,,,,,,,23,44,0,23466,725,23466,,1,2,de8fd234c74555dc4bb99ea25bba1014db0a51db,0,0,0,0,0,
20200507,ME,1330,99,22092,,totalTestsViral,28895,39,192,16,,11,,787,5/7/2020 11:45,2020-05-07T11:45:00Z,05/07 07:45,62,192,,2020-05-07T11:45:00Z,28895,1524,,1231,62,,,,,,587,,,,,,,,23,76,0,23422,754,23422,,0,1,cbfe062ad62b62e4a64aa9a04fade16bc7fc47c5,0,0,0,0,0,
20200506,ME,1254,80,22092,,totalTestsViral,28141,37,191,18,,12,,766,5/6/2020 12:30,2020-05-06T12:30:00Z,05/06 08:30,62,191,,2020-05-06T12:30:00Z,28141,1481,,1174,62,,,,,,587,,,,,,,,23,28,2546,23346,651,23346,,1,4,27937cc32b629ace24e04d11bf86063d9ee443b3,0,0,0,0,0,
20200505,ME,1226,76,19546,,totalTestsViral,27490,36,187,18,,12,,741,5/4/2020 11:59,2020-05-04T11:59:00Z,05/04 07:59,61,187,,2020-05-04T11:59:00Z,27490,1454,,1150,61,,,,,,,,,,,,,,23,21,0,20772,306,20772,,4,1,69333ffc7d8f73fa901ba3b381c46a59b785c195,0,0,0,0,0,
20200504,ME,1205,69,19546,,totalTestsViral,27184,37,186,18,,11,,720,5/3/2020 11:59,2020-05-03T11:59:00Z,05/03 07:59,57,186,,2020-05-03T11:59:00Z,27184,1440,,1136,57,,,,,,,,,,,,,,23,20,0,20751,327,20751,,0,3,09aa7d6a9ced2700f9f26c8dd9f48313705d7df8,0,0,0,0,0,
20200503,ME,1185,,19546,,totalTestsViral,26857,33,183,18,,12,,706,5/3/2020 11:45,2020-05-03T11:45:00Z,05/03 07:45,57,183,,2020-05-03T11:45:00Z,26857,1429,,1185,57,,,,,,,,,,,,,,23,33,0,20731,462,20731,,1,2,eaabc06c2ac07658161ef0d44d7235a6362e7aee,0,0,0,0,0,
20200502,ME,1152,,19546,,totalTestsViral,26395,36,181,19,,10,,689,5/2/2020 11:45,2020-05-02T11:45:00Z,05/02 07:45,56,181,,2020-05-02T11:45:00Z,26395,1402,,1152,,,,,,,,,,,,,,,23,29,0,20698,391,20698,,1,4,b210e2bc5c0662b65f02a85713246b5a96517022,0,0,0,0,0,
20200501,ME,1123,,19546,,totalTestsViral,26004,37,177,17,,9,,657,5/1/2020 11:45,2020-05-01T11:45:00Z,05/01 07:45,55,177,,2020-05-01T11:45:00Z,26004,1384,,1123,,,,,,,,,,,,,,,23,28,0,20669,542,20669,,2,7,d543cc6d463c747244b2f8951dedfb3a813fbfff,0,0,0,0,0,
20200430,ME,1095,,19546,,totalTestsViral,25462,35,170,18,,8,,631,4/30/2020 11:45,2020-04-30T11:45:00Z,04/30 07:45,53,170,,2020-04-30T11:45:00Z,25462,1352,,1095,,,,,,,,,,,,,,,23,39,0,20641,611,20641,,1,4,9f1eb07d5890ab5a2700bdff3e8a0f91aea99c4d,0,0,0,0,0,
20200429,ME,1056,,19546,,totalTestsViral,24851,32,166,17,,7,,615,4/29/2020 12:00,2020-04-29T12:00:00Z,04/29 08:00,52,166,,2020-04-29T12:00:00Z,24851,1323,,1056,,,,,,,,,,,,,,,23,16,2762,20602,602,20602,,1,3,22277bf55dd6934a54a2b80f4491f4f10e0cb03b,0,0,0,0,0,
20200428,ME,1040,,16784,,totalTestsViral,24249,33,163,17,,7,,585,4/28/2020 11:45,2020-04-28T11:45:00Z,04/28 07:45,51,163,,2020-04-28T11:45:00Z,24249,1283,,1040,,,,,,,,,,,,,,,23,17,0,17824,459,17824,,0,2,bafe22cb23a622a3e19b053cbad5ca494c80a2c0,0,0,0,0,0,
20200427,ME,1023,,16784,,totalTestsViral,23790,39,161,16,,7,,549,4/27/2020 11:15,2020-04-27T11:15:00Z,04/27 07:15,51,161,,2020-04-27T11:15:00Z,23790,1264,,1023,,,,,,,,,,,,,,,23,8,0,17807,421,17807,,1,2,feb2929b338e80c6743b57b1f70b9f8118f00094,0,0,0,0,0,
20200426,ME,1015,,16784,,totalTestsViral,23369,39,159,19,,7,,532,4/26/2020 10:30,2020-04-26T10:30:00Z,04/26 06:30,50,159,,2020-04-26T10:30:00Z,23369,1256,,1015,,,,,,,,,,,,,,,23,25,0,17799,409,17799,,0,3,478225fbafa6625305096d182812d04c5ace2624,0,0,0,0,0,
20200425,ME,990,,16784,,totalTestsViral,22960,39,156,17,,7,,519,4/25/2020 12:00,2020-04-25T12:00:00Z,04/25 08:00,50,156,,2020-04-25T12:00:00Z,22960,1242,,990,,,,,,,,,,,,,,,23,25,0,17774,498,17774,,3,4,bd07ae500e19fe3263da281b4f76c19f5a49abde,0,0,0,0,0,
20200424,ME,965,,16784,,totalTestsViral,22462,39,152,17,,7,,499,4/24/2020 12:00,2020-04-24T12:00:00Z,04/24 08:00,47,152,,2020-04-24T12:00:00Z,22462,1215,,965,,,,,,,,,,,,,,,23,28,0,17749,632,17749,,3,2,749754e41f499bab631763e5c585b96a3247f65c,0,0,0,0,0,
20200423,ME,937,,16784,,totalTestsViral,21830,42,150,18,,11,,485,4/23/2020 11:45,2020-04-23T11:45:00Z,04/23 07:45,44,150,,2020-04-23T11:45:00Z,21830,1173,,937,,,,,,,,,,,,,,,23,30,0,17721,634,17721,,5,6,35b52aa55503987ae2e9fb1efd47ae1379e2853a,0,0,0,0,0,
20200422,ME,907,,16784,,totalTestsViral,21196,42,144,18,,10,,455,4/22/2020 11:45,2020-04-22T11:45:00Z,04/22 07:45,39,144,,2020-04-22T11:45:00Z,21196,1144,,907,,,,,,,,,,,,,,,23,19,2708,17691,509,17691,,3,5,400657e4964f93d3d44eec1674a72331865243fa,0,0,0,0,0,
20200421,ME,888,,14076,,totalTestsViral,20687,40,139,16,,8,,443,4/21/2020 11:45,2020-04-21T11:45:00Z,04/21 07:45,36,139,,2020-04-21T11:45:00Z,20687,1112,,888,,,,,,,,,,,,,,,23,13,0,14964,372,14964,,1,1,83ae1601bdd446a2c382fddd977c53d3d0d9fa03,0,0,0,0,0,
20200420,ME,875,,14076,,totalTestsViral,20315,39,138,16,,9,,414,4/20/2020 11:15,2020-04-20T11:15:00Z,04/20 07:15,35,138,,2020-04-20T11:15:00Z,20315,1100,,875,,,,,,,,,,,,,,,23,8,0,14951,497,14951,,1,2,623f19190b4c51c058821a05e6b4c2d81586b46c,0,0,0,0,0,
20200419,ME,867,,14076,,totalTestsViral,19818,46,136,18,,9,,393,4/19/2020 11:15,2020-04-19T11:15:00Z,04/19 07:15,34,136,,2020-04-19T11:15:00Z,19818,1090,,867,,,,,,,,,,,,,,,23,20,0,14943,517,14943,,2,0,c66bdae58f11293ee751bbbc6ff3c12c4c6bd10e,0,0,0,0,0,
20200418,ME,847,,14076,,totalTestsViral,19301,49,136,20,,12,,382,4/18/2020 15:00,2020-04-18T15:00:00Z,04/18 11:00,32,136,,2020-04-18T15:00:00Z,19301,1066,,847,,,,,,,,,,,,,,,23,20,0,14923,591,14923,,3,3,abb283c0a1b88d059713eecac8ce2e0b6f72b389,0,0,0,0,0,
20200417,ME,827,,14076,,totalTestsViral,18710,55,133,28,,8,,352,4/17/2020 11:45,2020-04-17T11:45:00Z,04/17 07:45,29,133,,2020-04-17T11:45:00Z,18710,1028,,827,,,,,,,,,,,,,,,23,31,0,14903,731,14903,,2,3,717993181e5413fe0f6535f6718ffca89cd5c5b8,0,0,0,0,0,
20200416,ME,796,,14076,,totalTestsViral,17979,47,130,20,,7,,333,4/16/2020 11:45,2020-04-16T11:45:00Z,04/16 07:45,27,130,,2020-04-16T11:45:00Z,17979,996,,796,,,,,,,,,,,,,,,23,26,0,14872,661,14872,,3,4,f88dc5b0e77dee78d2cd0afea26ca939fbaef66b,0,0,0,0,0,
20200415,ME,770,,14076,,totalTestsViral,17318,48,126,22,,9,,305,4/15/2020 12:00,2020-04-15T12:00:00Z,04/15 08:00,24,126,,2020-04-15T12:00:00Z,17318,954,,770,,,,,,,,,,,,,,,23,36,2468,14846,547,14846,,4,2,e6291abea4e11f53a6c453e251039f297589e779,0,0,0,0,0,
20200414,ME,734,,11608,,totalTestsViral,16771,58,124,21,,9,,292,4/14/2020 11:45,2020-04-14T11:45:00Z,04/14 07:45,20,124,,2020-04-14T11:45:00Z,16771,922,,734,,,,,,,,,,,,,,,23,36,0,12342,514,12342,,1,0,dd78008e4cd7638b80a065f9b6340cfaaedaf534,0,0,0,0,0,
20200413,ME,698,,11608,,totalTestsViral,16257,22,124,,,,,273,4/13/2020 11:45,2020-04-13T11:45:00Z,04/13 07:45,19,124,,2020-04-13T11:45:00Z,16257,886,,698,,,,,,,,,,,,,,,23,65,5520,12306,320,12306,,0,4,0a45c69bd517c41ae121c2fe4d1a5927cc3cb9cf,0,0,0,0,0,
20200412,ME,633,,6088,,totalTestsViral,15937,,120,,,,,266,4/12/2020 10:30,2020-04-12T10:30:00Z,04/12 06:30,19,120,,2020-04-12T10:30:00Z,15937,827,,633,,,,,,,,,,,,,,,23,17,0,6721,435,6721,,0,6,523ad59cd3658366c58df156da15f30c30619bc9,0,0,0,0,0,
20200411,ME,616,,6088,,totalTestsViral,15502,,114,,,,,256,4/11/2020 11:00,2020-04-11T11:00:00Z,04/11 07:00,19,114,,2020-04-11T11:00:00Z,15502,764,,616,,,,,,,,,,,,,,,23,30,0,6704,583,6704,,2,3,e9c44de66b2b8931dd6510f7c9c3b9d79ebf6b85,0,0,0,0,0,
20200410,ME,586,,6088,,totalTestsViral,14919,,111,,,,,246,4/10/2020 12:00,2020-04-10T12:00:00Z,04/10 08:00,17,111,,2020-04-10T12:00:00Z,14919,734,,586,,,,,,,,,,,,,,,23,26,0,6674,489,6674,,1,6,ebf7cd0f6d31029611991f334c1fd869b02928d8,0,0,0,0,0,
20200409,ME,560,,6088,,totalTestsViral,14430,,105,,,,,202,4/9/2020 11:00,2020-04-09T11:00:00Z,04/09 07:00,16,105,,2020-04-09T11:00:00Z,14430,700,,560,,,,,,,,,,,,,,,23,23,0,6648,480,6648,,2,4,c153414a1c68be47088b8dcb8f3d74c73ba368cd,0,0,0,0,0,
20200408,ME,537,,6088,,totalTestsViral,13950,,101,,,,,187,4/8/2020 11:00,2020-04-08T11:00:00Z,04/08 07:00,14,101,,2020-04-08T11:00:00Z,13950,676,,537,,,,,,,,,,,,,,,23,18,0,6625,706,6625,,2,2,184735ca85181d313b7fc5fa24a72fba3d3656d2,0,0,0,0,0,
20200407,ME,519,,6088,,totalTestsViral,13244,,99,,,,,176,4/7/2020 11:45,2020-04-07T11:45:00Z,04/07 07:45,12,99,,2020-04-07T11:45:00Z,13244,652,,519,,,,,,,,,,,,,,,23,20,0,6607,951,6607,,2,7,22750e6d47c211e17acca346a56e257d11b3a650,0,0,0,0,0,
20200406,ME,499,,6088,,totalTestsViral,12293,,92,,,,,158,4/6/2020 11:00,2020-04-06T11:00:00Z,04/06 07:00,10,92,,2020-04-06T11:00:00Z,12293,611,,499,,,,,,,,,,,,,,,23,29,0,6587,494,6587,,0,6,594e96fe50e4dd683571cd14da8646e0234f05a8,0,0,0,0,0,
20200405,ME,470,,6088,,totalTestsViral,11799,,86,,,,,156,4/5/2020 11:00,2020-04-05T11:00:00Z,04/05 07:00,10,86,,2020-04-05T11:00:00Z,11799,571,,470,,,,,,,,,,,,,,,23,14,0,6558,372,6558,,0,3,bd24977e1df0528f0ce5b9f743a936f08198ebba,0,0,0,0,0,
20200404,ME,456,,6088,,totalTestsViral,11427,,83,,,,,140,4/4/2020 11:00,2020-04-04T11:00:00Z,04/04 07:00,10,83,,2020-04-04T11:00:00Z,11427,553,,456,,,,,,,,,,,,,,,23,24,0,6544,601,6544,,1,8,44593acf72c24175642f40637107741762f9d153,0,0,0,0,0,
20200403,ME,432,,6088,,totalTestsViral,10826,,75,,,,,113,4/3/2020 12:00,2020-04-03T12:00:00Z,04/03 08:00,9,75,,2020-04-03T12:00:00Z,10826,519,,432,,,,,,,,,,,,,,,23,56,0,6520,720,6520,,2,7,ede80c9358847a8bbe85fb8e8dbad94fd498434b,0,0,0,0,0,
20200402,ME,376,,6088,,totalTestsViral,10106,,68,,,,,94,4/2/2020 10:00,2020-04-02T10:00:00Z,04/02 06:00,7,68,,2020-04-02T10:00:00Z,10106,458,,376,,,,,,,,,,,,,,,23,32,0,6464,903,6464,,0,5,3fea5c865752db3e7e88be3a988548d0ecab8076,0,0,0,0,0,
20200401,ME,344,,6088,,totalTestsViral,9203,,63,,,,,80,4/1/2020 11:00,2020-04-01T11:00:00Z,04/01 07:00,7,63,,2020-04-01T11:00:00Z,9203,413,,344,,,,,,,,,,,,,,,23,41,0,6432,560,6432,,2,6,1e9f43f12332d46523dbc3088b2d0639a18e1799,0,0,0,0,0,
20200331,ME,303,,6088,,totalTestsViral,8643,,57,,,,,68,3/31/2020 10:30,2020-03-31T10:30:00Z,03/31 06:30,5,57,,2020-03-31T10:30:00Z,8643,376,,303,,,,,,,,,,,,,,,23,28,2694,6391,631,6391,,2,8,7977655233eac598e22b9d9472a0e22a13534154,0,0,0,0,0,
20200330,ME,275,,3394,,totalTestsViral,8012,,49,,,,,41,3/30/2020 12:00,2020-03-30T12:00:00Z,03/30 08:00,3,49,,2020-03-30T12:00:00Z,8012,342,,275,,,,,,,,,,,,,,,23,22,0,3669,695,3669,,0,49,07dcd94eacbdc9c73e0d1d29dfd75494a9ebd424,0,0,0,0,0,
20200329,ME,253,,3394,,totalTestsViral,7317,,,,,,,41,3/29/2020 14:20,2020-03-29T14:20:00Z,03/29 10:20,3,,,2020-03-29T14:20:00Z,7317,319,,253,,,,,,,,,,,,,,,23,42,0,3647,1236,3647,,2,0,0d00ece637c1dfeb1afa44a2f87c87ce5fb2157f,0,0,0,0,0,
20200328,ME,211,,3394,,totalTestsViral,6081,,,,,,,36,3/28/2020 10:30,2020-03-28T10:30:00Z,03/28 06:30,1,,,2020-03-28T10:30:00Z,6081,275,,211,,,,,,,,,,,,,,,23,43,0,3605,938,3605,,0,0,07754465bee062d6fc98a2aeba15bdd00e7687db,0,0,0,0,0,
20200327,ME,168,,3394,,totalTestsViral,5143,,,,,,,24,3/27/2020 11:30,2020-03-27T11:30:00Z,03/27 07:30,1,,,2020-03-27T11:30:00Z,5143,228,,168,,,,,,,,,,,,,,,23,13,0,3562,696,3562,,1,0,09a992119e62363ddadc883123d66c71550b30e6,0,0,0,0,0,
20200326,ME,155,,3394,,totalTestsViral,4447,,,,,,,16,3/26/2020 11:00,2020-03-26T11:00:00Z,03/26 07:00,,,,2020-03-26T11:00:00Z,4447,195,,155,,,,,,,,,,,,,,,23,6,217,3549,484,3549,,0,0,c6a9659edbd61e4559cd53afecffbe1af8980288,0,0,0,0,0,
20200325,ME,149,,3177,,totalTestsViral,3963,,,,,,,7,3/25/2020 11:30,2020-03-25T11:30:00Z,03/25 07:30,,,,2020-03-25T11:30:00Z,3963,163,,149,,,,,,,,,,,,,,,23,24,163,3326,357,3326,,0,0,62a62e4742e2a0766e81a7002f597b99965b4572,0,0,0,0,0,
20200324,ME,125,,3014,,totalTestsViral,3606,,,,,,,,3/24/2020 12:00,2020-03-24T12:00:00Z,03/24 08:00,,,,2020-03-24T12:00:00Z,3606,147,,125,,,,,,,,,,,,,,,23,18,223,3139,347,3139,,0,0,291e4279d3ffc41db52344ab44bee03b1cec1ad0,0,0,0,0,0,
20200323,ME,107,,2791,,totalTestsViral,3259,,,,,,,,3/23/2020 11:30,2020-03-23T11:30:00Z,03/23 07:30,,,,2020-03-23T11:30:00Z,3259,130,,107,,,,,,,,,,,,,,,23,18,527,2898,297,2898,,0,0,fe136e20d2e7c923ccc479f2558d99c13c705824,0,0,0,0,0,
20200322,ME,89,,2264,,totalTestsViral,2962,,,,,,,,3/22/2020 12:15,2020-03-22T12:15:00Z,03/22 08:15,,,,2020-03-22T12:15:00Z,2962,115,,89,,,,,,,,,,,,,,,23,16,0,2353,397,2353,,0,0,bd882a8d613fd3712ebfe51496db6f3cdc90c556,0,0,0,0,0,
20200321,ME,73,,2264,,totalTestsViral,2565,,,,,,,,3/21/2020 13:30,2020-03-21T13:30:00Z,03/21 09:30,,,,2020-03-21T13:30:00Z,2565,87,,73,,,,,,,,,,,,,,,23,16,0,2337,355,2337,,0,0,6f914a38617d5ed80570ca0e1a1e14928f93162a,0,0,0,0,0,
20200320,ME,57,,2264,,totalTestsViral,2210,,,,,,,,3/20/2020 11:00,2020-03-20T11:00:00Z,03/20 07:00,,,,2020-03-20T11:00:00Z,2210,76,,57,,,,,,,,,,,,,,,23,4,260,2321,202,2321,,0,0,b4ec22f573f9b020b3f5f6ccffd8434225cd2bd4,0,0,0,0,0,
20200319,ME,53,,2004,,totalTestsViral,2008,,,,,,,,3/19/2020 12:15,2020-03-19T12:15:00Z,03/19 08:15,,,,2020-03-19T12:15:00Z,2008,70,,53,,,,,,,,,,,,,,,23,10,334,2057,349,2057,,0,0,42845719980c8f3f7ed50e87d12713482e33fb9d,0,0,0,0,0,
20200318,ME,43,,1670,,totalTestsViral,1659,,,,,,,,3/18/2020 12:00,2020-03-18T12:00:00Z,03/18 08:00,,,,2020-03-18T12:00:00Z,1659,57,,43,,,,,,,,,,,,,,,23,11,367,1713,494,1713,,0,0,c48816f4ee81d1183db15efd9441ff0a1087169d,0,0,0,0,0,
20200317,ME,32,,1303,,totalTestsViral,1165,,,,,,,,3/17/2020 12:00,2020-03-17T12:00:00Z,03/17 08:00,,,,2020-03-17T12:00:00Z,1165,37,,32,,,,,,,,,,,,,,,23,15,539,1335,415,1335,,0,0,fe26d9e67024827a9069838c94ffa6af8640499c,0,0,0,0,0,
20200316,ME,17,,764,,totalTestsViral,750,,,,,,,,3/16/2020 15:51,2020-03-16T15:51:00Z,03/16 11:51,,,,2020-03-16T15:51:00Z,750,25,,17,,,,,,,,,,,,,,,23,14,673,781,235,781,,0,0,be8e87307e09d86d8dffae09e15f0c8f39c08c29,0,0,0,0,0,
20200315,ME,3,,91,17,totalTestsViral,515,,,,,,,,3/13/2020 14:00,2020-03-13T14:00:00Z,03/13 10:00,,,,2020-03-13T14:00:00Z,515,16,,3,,,,,,,,,,,,,,,23,0,0,111,296,94,,0,0,387cb291f51718bf3ef1ba0c053e979aa10277aa,0,0,0,0,0,
20200314,ME,3,,91,17,totalTestsViral,219,,,,,,,,3/13/2020 14:00,2020-03-13T14:00:00Z,03/13 10:00,,,,2020-03-13T14:00:00Z,219,5,,3,,,,,,,,,,,,,,,23,0,0,111,83,94,,0,0,bb2fdcb035230a9bc53f83b5ac5c3a00c440290f,0,0,0,0,0,
20200313,ME,3,,91,17,totalTestsViral,136,,,,,,,,3/13/2020 14:00,2020-03-13T14:00:00Z,03/13 10:00,,,,2020-03-13T14:00:00Z,136,3,,3,,,,,,,,,,,,,,,23,2,26,111,70,94,,0,0,2aba4e951edd9cbafe26f492de7ea7280a940967,0,0,0,0,0,
20200312,ME,1,,65,20,totalTestsViral,66,,,,,,,,3/12/2020 13:00,2020-03-12T13:00:00Z,03/12 09:00,,,,2020-03-12T13:00:00Z,66,0,,1,,,,,,,,,,,,,,,23,1,23,86,23,66,,0,0,13295e4bcf227836cb0f8d4f57e90fe262604a0a,0,0,0,0,0,
20200311,ME,0,,42,5,totalTestsViral,43,,,,,,,,,,,,,,,43,0,,0,,,,,,,,,,,,,,,23,0,22,47,43,42,,0,0,aad70f41977da086d91ad412502dff6d845ec12b,0,0,0,0,0,
20200310,ME,0,,20,5,totalTestsViral,,,,,,,,,,,,,,,,,,,0,,,,,,,,,,,,,,,23,0,19,25,0,20,,0,0,ac24c80f7b69c7def41940e8ad3a06efaa82f63c,0,0,0,0,0,
20200309,ME,0,,1,,totalTestsViral,,,,,,,,,,,,,,,,,,,0,,,,,,,,,,,,,,,23,0,0,1,0,1,,0,0,d085b30b8d232f4693b96d2ee950e66287b92888,0,0,0,0,0,
20200308,ME,0,,1,,totalTestsViral,,,,,,,,,,,,,,,,,,,0,,,,,,,,,,,,,,,23,0,0,1,0,1,,0,0,8e9e4f7d29c80a38a7833302c0c62a327deb511d,0,0,0,0,0,
20200307,ME,0,,1,,totalTestsViral,,,,,,,,,,,,,,,,,,,0,,,,,,,,,,,,,,,23,0,0,1,0,1,,0,0,1930222b736b4aacb284a9b6d7ba572a9aa9bc7f,0,0,0,0,0,
